dist_code,year,state_code,state_name,dist_name,area,production,yield_kg_ha,yield_lag1,yield_lag2,yield_lag3,yield_rolling3,yield_yoy_change,area_lag1,state_avg_yield,rainfall_jun,rainfall_jul,rainfall_aug,rainfall_sep,rainfall_kharif,rainfall_annual
4,2014,14,Chhattisgarh,Bilaspur,0.02,0.01,500.0,1000.0,1000.0,1000.0,1000.0,-0.5,0.01,750.0,3.1,12.45,8.9,7.29,31.74,41.02
4,2015,14,Chhattisgarh,Bilaspur,0.02,0.01,500.0,500.0,1000.0,1000.0,833.3333333333334,0.0,0.02,666.6666666666666,6.63,9.55,9.99,7.71,33.88,37.73
4,2016,14,Chhattisgarh,Bilaspur,0.02,0.01,400.0,500.0,500.0,1000.0,666.6666666666666,-0.19999999999999996,0.02,585.3333333333334,4.08,11.2,11.09,9.59,35.959999999999994,41.52
4,2017,14,Chhattisgarh,Bilaspur,0.02,0.01,438.0,400.0,500.0,500.0,466.6666666666667,0.09499999999999997,0.02,402.0,6.84,13.49,9.38,6.91,36.620000000000005,39.41
4,2018,14,Chhattisgarh,Bilaspur,0.01,0.01,417.0,438.0,400.0,500.0,446.0,-0.047945205479452024,0.02,684.0,4.54,12.15,11.34,3.2,31.23,35.81
5,1993,14,Chhattisgarh,Raigarh,0.06,0.03,500.0,600.0,500.0,571.0,557.0,-0.16666666666666663,0.05,750.0,7.25,13.87,9.83,10.92,41.87,46.91
5,2000,14,Chhattisgarh,Raigarh,0.02,0.01,500.0,500.0,600.0,500.0,533.3333333333334,0.0,0.06,625.0,6.73,7.21,4.17,4.27,22.38,25.15
5,2001,14,Chhattisgarh,Raigarh,0.03,0.01,333.0,500.0,500.0,600.0,533.3333333333334,-0.33399999999999996,0.02,333.0,7.88,17.45,11.59,3.44,40.36,46.38
5,2002,14,Chhattisgarh,Raigarh,0.03,0.01,333.0,333.0,500.0,500.0,444.3333333333333,0.0,0.03,666.5,5.5,4.66,9.04,5.28,24.48,28.69
5,2004,14,Chhattisgarh,Raigarh,0.03,0.01,333.0,333.0,333.0,500.0,388.6666666666667,0.0,0.03,333.0,8.41,11.33,14.68,5.28,39.7,45.82
5,2005,14,Chhattisgarh,Raigarh,0.03,0.01,333.0,333.0,333.0,333.0,333.0,0.0,0.03,333.0,6.78,15.34,10.24,7.72,40.08,47.67
5,2006,14,Chhattisgarh,Raigarh,0.05,0.02,400.0,333.0,333.0,333.0,333.0,0.20120120120120122,0.03,450.0,3.32,11.99,11.26,5.55,32.12,38.53
5,2007,14,Chhattisgarh,Raigarh,0.02,0.01,500.0,400.0,333.0,333.0,355.3333333333333,0.25,0.05,666.6666666666666,8.88,9.63,8.99,11.52,39.02,43.48
5,2008,14,Chhattisgarh,Raigarh,0.02,0.01,500.0,500.0,400.0,333.0,411.0,0.0,0.02,420.6666666666667,10.77,12.6,12.16,10.8,46.33,50.66
5,2009,14,Chhattisgarh,Raigarh,0.02,0.01,500.0,500.0,500.0,400.0,466.6666666666667,0.0,0.02,500.0,2.17,16.42,9.09,2.89,30.570000000000004,36.85
5,2011,14,Chhattisgarh,Raigarh,0.03,0.01,333.0,500.0,500.0,500.0,500.0,-0.33399999999999996,0.02,833.25,6.64,9.21,12.16,15.7,43.71,48.85
5,2012,14,Chhattisgarh,Raigarh,0.33,0.13,394.0,333.0,500.0,500.0,444.3333333333333,0.18318318318318316,0.03,723.5,6.37,14.29,17.78,6.9,45.34,51.43
5,2013,14,Chhattisgarh,Raigarh,0.01,0.01,1000.0,394.0,333.0,500.0,409.0,1.5380710659898478,0.33,810.5,8.38,12.57,12.29,6.11,39.35,52.35
5,2014,14,Chhattisgarh,Raigarh,0.01,0.01,1000.0,1000.0,394.0,333.0,575.6666666666666,0.0,0.01,750.0,3.83,13.32,10.83,7.77,35.75,44.17
5,2015,14,Chhattisgarh,Raigarh,0.01,0.01,1000.0,1000.0,1000.0,394.0,798.0,0.0,0.01,666.6666666666666,6.22,12.45,12.01,7.6,38.28,42.26
7,1993,6,Madhya Pradesh,Jabalpur,0.02,0.01,500.0,800.0,667.0,1000.0,822.3333333333334,-0.375,0.05,736.7586206896551,7.4,7.92,14.11,12.84,42.27,44.75
7,2005,6,Madhya Pradesh,Jabalpur,0.01,0.01,1000.0,500.0,800.0,667.0,655.6666666666666,1.0,0.02,1001.9333333333333,4.93,25.25,10.83,11.04,52.05,56.63
7,2006,6,Madhya Pradesh,Jabalpur,0.01,0.01,1000.0,1000.0,500.0,800.0,766.6666666666666,0.0,0.01,1027.1290322580646,3.32,11.35,10.96,3.4,29.03,33.18
7,2018,6,Madhya Pradesh,Jabalpur,0.03,0.04,1321.0,1000.0,1000.0,500.0,833.3333333333334,0.32099999999999995,0.01,1588.7435897435898,3.52,12.81,12.21,3.93,32.470000000000006,34.33
7,2019,6,Madhya Pradesh,Jabalpur,0.01,0.02,1727.0,1321.0,1000.0,1000.0,1107.0,0.307342922028766,0.03,1341.735294117647,3.09,11.8,17.64,16.14,48.67,51.67
9,1993,6,Madhya Pradesh,Chhindwara,0.17,0.12,706.0,667.0,571.0,625.0,621.0,0.058470764617691184,0.15,736.7586206896551,6.25,13.06,8.34,11.84,39.49,44.07
9,1994,6,Madhya Pradesh,Chhindwara,0.3,0.2,667.0,706.0,667.0,571.0,648.0,-0.055240793201133176,0.17,769.1666666666666,8.54,15.63,15.09,7.92,47.18000000000001,51.94
9,1995,6,Madhya Pradesh,Chhindwara,0.2,0.2,1000.0,667.0,706.0,667.0,680.0,0.4992503748125936,0.3,930.3,3.03,12.94,7.34,8.09,31.4,37.09
9,1996,6,Madhya Pradesh,Chhindwara,0.1,0.1,1000.0,1000.0,667.0,706.0,791.0,0.0,0.2,839.2857142857143,1.43,11.67,11.57,5.87,30.540000000000003,35.34
9,1997,6,Madhya Pradesh,Chhindwara,0.2,0.2,1000.0,1000.0,1000.0,667.0,889.0,0.0,0.1,925.2631578947369,4.34,10.28,10.3,4.9,29.82,40.82
9,1998,6,Madhya Pradesh,Chhindwara,0.2,0.1,500.0,1000.0,1000.0,1000.0,1000.0,-0.5,0.2,1043.3,4.67,9.04,9.33,7.34,30.38,36.83
9,1999,6,Madhya Pradesh,Chhindwara,0.1,0.1,1000.0,500.0,1000.0,1000.0,833.3333333333334,1.0,0.2,835.1176470588235,4.37,10.89,9.48,8.86,33.6,39.05
9,2000,6,Madhya Pradesh,Chhindwara,0.3,0.2,667.0,1000.0,500.0,1000.0,833.3333333333334,-0.33299999999999996,0.1,973.6666666666666,4.6,12.63,7.28,2.52,27.03,29.58
9,2001,6,Madhya Pradesh,Chhindwara,0.4,0.2,500.0,667.0,1000.0,500.0,722.3333333333334,-0.2503748125937032,0.3,910.6470588235294,9.76,9.09,7.95,2.79,29.59,36.4
9,2002,6,Madhya Pradesh,Chhindwara,0.1,0.1,1000.0,500.0,667.0,1000.0,722.3333333333334,1.0,0.4,581.9473684210526,7.66,2.88,15.14,3.67,29.35,32.79
9,2003,6,Madhya Pradesh,Chhindwara,0.1,0.1,1000.0,1000.0,500.0,667.0,722.3333333333334,0.0,0.1,1085.6315789473683,8.91,12.82,10.95,8.87,41.55,45.21
9,2004,6,Madhya Pradesh,Chhindwara,0.11,0.09,818.0,1000.0,1000.0,500.0,833.3333333333334,-0.18200000000000005,0.1,940.3870967741935,3.86,9.8,10.06,2.4,26.12,29.16
9,2005,6,Madhya Pradesh,Chhindwara,0.08,0.05,625.0,818.0,1000.0,1000.0,939.3333333333334,-0.23594132029339854,0.11,1001.9333333333333,4.69,17.49,5.72,10.64,38.54,43.5
9,2006,6,Madhya Pradesh,Chhindwara,0.11,0.09,818.0,625.0,818.0,1000.0,814.3333333333334,0.30879999999999996,0.08,1027.1290322580646,4.01,13.61,19.22,8.69,45.53,51.6
9,2010,6,Madhya Pradesh,Chhindwara,0.11,0.11,964.0,818.0,625.0,818.0,753.6666666666666,0.1784841075794621,0.11,1238.107142857143,4.68,12.18,14.42,7.56,38.84,43.66
9,2011,6,Madhya Pradesh,Chhindwara,0.11,0.13,1218.0,964.0,818.0,625.0,802.3333333333334,0.2634854771784232,0.11,1214.76,6.95,10.64,12.65,7.71,37.95,39.93
9,2014,6,Madhya Pradesh,Chhindwara,2.0,3.0,1500.0,1218.0,964.0,818.0,1000.0,0.23152709359605916,0.11,1621.1304347826087,2.06,14.64,5.94,5.86,28.5,33.02
9,2018,6,Madhya Pradesh,Chhindwara,0.14,0.17,1169.0,1500.0,1218.0,964.0,1227.3333333333333,-0.22066666666666668,2.0,1588.7435897435898,6.2,10.06,5.97,3.98,26.21,27.81
9,2019,6,Madhya Pradesh,Chhindwara,0.01,0.01,1143.0,1169.0,1500.0,1218.0,1295.6666666666667,-0.022241231822070162,0.14,1341.735294117647,2.6,9.98,16.11,14.58,43.27,47.93
10,1993,6,Madhya Pradesh,Narsinghpur,0.07,0.06,857.0,1111.0,818.0,1000.0,976.3333333333334,-0.22862286228622863,0.09,736.7586206896551,6.45,9.42,12.65,12.96,41.48,43.95
10,1995,6,Madhya Pradesh,Narsinghpur,0.2,0.2,1000.0,857.0,1111.0,818.0,928.6666666666666,0.16686114352392067,0.07,930.3,2.3,13.05,10.02,5.18,30.55,36.55
10,2000,6,Madhya Pradesh,Narsinghpur,0.1,0.1,1000.0,1000.0,857.0,1111.0,989.3333333333334,0.0,0.2,973.6666666666666,4.86,13.1,6.13,3.24,27.33,28.85
10,2004,6,Madhya Pradesh,Narsinghpur,0.02,0.03,1500.0,1000.0,1000.0,857.0,952.3333333333334,0.5,0.1,940.3870967741935,5.52,10.5,13.24,2.39,31.65,34.93
10,2005,6,Madhya Pradesh,Narsinghpur,0.01,0.02,2000.0,1500.0,1000.0,1000.0,1166.6666666666667,0.33333333333333326,0.02,1001.9333333333333,4.21,24.63,8.75,10.72,48.31,51.92
10,2007,6,Madhya Pradesh,Narsinghpur,0.1,0.1,1000.0,2000.0,1500.0,1000.0,1500.0,-0.5,0.01,859.5,3.99,12.47,9.83,6.51,32.8,35.85
10,2011,6,Madhya Pradesh,Narsinghpur,0.02,0.04,1947.0,1000.0,2000.0,1500.0,1500.0,0.9470000000000001,0.1,1214.76,9.97,16.23,11.96,9.79,47.95,50.0
10,2013,6,Madhya Pradesh,Narsinghpur,0.01,0.01,1000.0,1947.0,1000.0,2000.0,1649.0,-0.4863893168977915,0.02,1295.88,15.32,15.99,21.41,3.31,56.03,62.6
10,2014,6,Madhya Pradesh,Narsinghpur,3.0,4.0,1333.0,1000.0,1947.0,1000.0,1315.6666666666667,0.33299999999999996,0.01,1621.1304347826087,3.76,12.44,5.8,7.18,29.18,34.93
10,2017,6,Madhya Pradesh,Narsinghpur,1.0,2.54,2540.0,1333.0,1000.0,1947.0,1426.6666666666667,0.9054763690922731,3.0,1603.7391304347825,4.68,11.13,5.26,6.48,27.55,29.22
10,2018,6,Madhya Pradesh,Narsinghpur,0.01,0.01,1429.0,2540.0,1333.0,1000.0,1624.3333333333333,-0.43740157480314956,1.0,1588.7435897435898,3.97,13.7,9.86,4.19,31.72,33.14
13,1993,6,Madhya Pradesh,Sagar,0.01,0.01,1000.0,1000.0,500.0,667.0,722.3333333333334,0.0,0.01,736.7586206896551,3.52,8.8,8.13,13.47,33.92,35.49
13,2004,6,Madhya Pradesh,Sagar,0.03,0.02,667.0,1000.0,1000.0,500.0,833.3333333333334,-0.33299999999999996,0.01,940.3870967741935,2.68,9.22,13.96,1.55,27.41,30.21
13,2005,6,Madhya Pradesh,Sagar,0.04,0.04,1000.0,667.0,1000.0,1000.0,889.0,0.4992503748125936,0.03,1001.9333333333333,3.53,21.41,4.22,7.16,36.32,37.9
13,2006,6,Madhya Pradesh,Sagar,0.02,0.02,1000.0,1000.0,667.0,1000.0,889.0,0.0,0.04,1027.1290322580646,2.59,12.55,19.49,5.05,39.67999999999999,44.34
13,2009,6,Madhya Pradesh,Sagar,0.1,0.1,1000.0,1000.0,1000.0,667.0,889.0,0.0,0.02,1051.3157894736842,3.72,10.43,5.62,5.42,25.19,31.98
13,2010,6,Madhya Pradesh,Sagar,0.02,0.02,1050.0,1000.0,1000.0,1000.0,1000.0,0.050000000000000044,0.1,1238.107142857143,3.51,10.61,8.49,5.52,28.13,32.78
13,2011,6,Madhya Pradesh,Sagar,0.06,0.07,1048.0,1050.0,1000.0,1000.0,1016.6666666666666,-0.0019047619047618536,0.02,1214.76,15.83,16.91,11.83,7.59,52.16,52.93
13,2012,6,Madhya Pradesh,Sagar,0.02,0.07,3500.0,1048.0,1050.0,1000.0,1032.6666666666667,2.3396946564885495,0.06,1543.9166666666667,2.17,13.57,13.8,3.34,32.879999999999995,33.65
13,2013,6,Madhya Pradesh,Sagar,0.01,0.01,1000.0,3500.0,1048.0,1050.0,1866.0,-0.7142857142857143,0.02,1295.88,12.85,17.75,17.03,1.51,49.14,55.11
13,2018,6,Madhya Pradesh,Sagar,0.02,0.03,1737.0,1000.0,3500.0,1048.0,1849.3333333333333,0.7370000000000001,0.01,1588.7435897435898,3.5,18.62,8.24,5.88,36.24,36.92
13,2019,6,Madhya Pradesh,Sagar,0.02,0.02,1267.0,1737.0,1000.0,3500.0,2079.0,-0.27058146229130686,0.02,1341.735294117647,4.57,11.36,19.26,15.04,50.23,53.05
14,2003,6,Madhya Pradesh,Damoh,0.2,0.2,1000.0,1000.0,1000.0,1000.0,1000.0,0.0,0.1,1085.6315789473683,5.58,9.1,12.64,15.45,42.77,46.06
14,2004,6,Madhya Pradesh,Damoh,0.06,0.07,1167.0,1000.0,1000.0,1000.0,1000.0,0.16700000000000004,0.2,940.3870967741935,5.37,9.38,13.07,2.55,30.37,33.44
14,2005,6,Madhya Pradesh,Damoh,0.06,0.08,1333.0,1167.0,1000.0,1000.0,1055.6666666666667,0.14224507283633248,0.06,1001.9333333333333,4.07,23.83,7.38,8.55,43.83,46.28
14,2006,6,Madhya Pradesh,Damoh,0.07,0.08,1143.0,1333.0,1167.0,1000.0,1166.6666666666667,-0.14253563390847712,0.06,1027.1290322580646,2.88,12.09,13.25,3.57,31.79,35.77
14,2007,6,Madhya Pradesh,Damoh,0.1,0.1,1000.0,1143.0,1333.0,1167.0,1214.3333333333333,-0.12510936132983375,0.07,859.5,3.35,10.97,9.22,5.32,28.86,32.31
14,2010,6,Madhya Pradesh,Damoh,0.01,0.01,2000.0,1000.0,1143.0,1333.0,1158.6666666666667,1.0,0.1,1238.107142857143,2.87,11.08,10.15,9.96,34.06,37.57
14,2011,6,Madhya Pradesh,Damoh,1.4,2.69,1923.0,2000.0,1000.0,1143.0,1381.0,-0.03849999999999998,0.01,1214.76,12.92,15.97,10.54,8.22,47.65,49.23
14,2012,6,Madhya Pradesh,Damoh,0.01,0.02,2000.0,1923.0,2000.0,1000.0,1641.0,0.04004160166406656,1.4,1543.9166666666667,3.01,15.0,14.24,4.02,36.27,37.34
14,2014,6,Madhya Pradesh,Damoh,2.0,5.0,2500.0,2000.0,1923.0,2000.0,1974.3333333333333,0.25,0.01,1621.1304347826087,2.93,10.46,6.76,6.35,26.5,33.12
16,1993,6,Madhya Pradesh,Chhatarpur,0.04,0.02,500.0,667.0,250.0,500.0,472.3333333333333,-0.2503748125937032,0.06,736.7586206896551,2.93,4.65,4.72,13.34,25.64,27.14
16,2004,6,Madhya Pradesh,Chhatarpur,0.04,0.02,500.0,500.0,667.0,250.0,472.3333333333333,0.0,0.04,940.3870967741935,3.98,6.73,10.02,2.86,23.59,26.27
16,2005,6,Madhya Pradesh,Chhatarpur,0.04,0.02,500.0,500.0,500.0,667.0,555.6666666666666,0.0,0.04,1001.9333333333333,3.42,16.73,4.41,5.36,29.92,32.07
16,2006,6,Madhya Pradesh,Chhatarpur,0.24,0.12,500.0,500.0,500.0,500.0,500.0,0.0,0.04,1027.1290322580646,3.28,9.65,6.56,2.42,21.91,24.85
16,2007,6,Madhya Pradesh,Chhatarpur,0.3,0.1,333.0,500.0,500.0,500.0,500.0,-0.33399999999999996,0.24,859.5,2.98,6.99,6.6,3.56,20.13,23.49
16,2008,6,Madhya Pradesh,Chhatarpur,0.2,0.1,500.0,333.0,500.0,500.0,444.3333333333333,0.5015015015015014,0.3,1110.0555555555557,9.19,8.79,7.91,4.55,30.44,31.87
16,2009,6,Madhya Pradesh,Chhatarpur,0.2,0.1,500.0,500.0,333.0,500.0,444.3333333333333,0.0,0.2,1051.3157894736842,1.78,4.92,3.97,5.88,16.55,23.23
16,2010,6,Madhya Pradesh,Chhatarpur,0.03,0.01,538.0,500.0,500.0,333.0,444.3333333333333,0.07600000000000007,0.2,1238.107142857143,2.42,7.78,7.81,6.85,24.86,27.99
16,2011,6,Madhya Pradesh,Chhatarpur,0.02,0.01,421.0,538.0,500.0,500.0,512.6666666666666,-0.21747211895910779,0.03,1214.76,10.72,11.89,7.93,5.2,35.74,36.72
16,2013,6,Madhya Pradesh,Chhatarpur,0.07,0.05,714.0,421.0,538.0,500.0,486.3333333333333,0.6959619952494063,0.02,1295.88,8.19,11.2,14.01,1.8,35.2,41.83
16,2014,6,Madhya Pradesh,Chhatarpur,2.0,3.0,1500.0,714.0,421.0,538.0,557.6666666666666,1.1008403361344539,0.07,1621.1304347826087,1.4,7.37,6.28,5.01,20.06,26.52
16,2017,6,Madhya Pradesh,Chhatarpur,0.01,0.03,3000.0,1500.0,714.0,421.0,878.3333333333334,1.0,2.0,1603.7391304347825,3.45,7.81,4.3,3.83,19.39,20.37
16,2018,6,Madhya Pradesh,Chhatarpur,0.01,0.01,571.0,3000.0,1500.0,714.0,1738.0,-0.8096666666666666,0.01,1588.7435897435898,1.98,13.78,9.22,7.16,32.14,33.26
16,2019,6,Madhya Pradesh,Chhatarpur,0.01,0.01,571.0,571.0,3000.0,1500.0,1690.3333333333333,0.0,0.01,1341.735294117647,1.72,9.52,11.81,10.54,33.59,36.86
17,1993,6,Madhya Pradesh,Panna,0.04,0.03,750.0,1000.0,667.0,1000.0,889.0,-0.25,0.02,736.7586206896551,4.02,5.08,6.72,17.01,32.83,34.64
17,1995,6,Madhya Pradesh,Panna,0.1,0.1,1000.0,750.0,1000.0,667.0,805.6666666666666,0.33333333333333326,0.04,930.3,2.21,8.84,9.58,4.39,25.020000000000003,28.71
17,1997,6,Madhya Pradesh,Panna,0.1,0.1,1000.0,1000.0,750.0,1000.0,916.6666666666666,0.0,0.1,925.2631578947369,2.33,11.88,11.65,6.4,32.26,40.96
17,1998,6,Madhya Pradesh,Panna,0.1,0.1,1000.0,1000.0,1000.0,750.0,916.6666666666666,0.0,0.1,1043.3,1.85,7.54,10.12,6.26,25.77,28.34
17,2002,6,Madhya Pradesh,Panna,0.1,0.1,1000.0,1000.0,1000.0,1000.0,1000.0,0.0,0.1,581.9473684210526,3.01,3.75,14.84,8.07,29.67,33.61
17,2004,6,Madhya Pradesh,Panna,0.04,0.03,750.0,1000.0,1000.0,1000.0,1000.0,-0.25,0.1,940.3870967741935,7.66,7.49,10.83,3.92,29.9,32.77
17,2005,6,Madhya Pradesh,Panna,0.04,0.04,1000.0,750.0,1000.0,1000.0,916.6666666666666,0.33333333333333326,0.04,1001.9333333333333,4.17,24.1,7.89,7.34,43.5,46.24
17,2006,6,Madhya Pradesh,Panna,0.04,0.03,750.0,1000.0,750.0,1000.0,916.6666666666666,-0.25,0.04,1027.1290322580646,2.56,12.71,6.53,2.03,23.83,27.12
17,2009,6,Madhya Pradesh,Panna,0.1,0.1,1000.0,750.0,1000.0,750.0,833.3333333333334,0.33333333333333326,0.04,1051.3157894736842,1.87,6.35,3.74,6.94,18.9,27.49
17,2010,6,Madhya Pradesh,Panna,0.07,0.1,1471.0,1000.0,750.0,1000.0,916.6666666666666,0.4710000000000001,0.1,1238.107142857143,1.62,9.39,8.47,8.45,27.930000000000003,30.44
17,2011,6,Madhya Pradesh,Panna,0.08,0.09,1146.0,1471.0,1000.0,750.0,1073.6666666666667,-0.22093813732155,0.07,1214.76,10.83,11.54,7.95,5.84,36.16,37.75
17,2013,6,Madhya Pradesh,Panna,0.01,0.02,2000.0,1146.0,1471.0,1000.0,1205.6666666666667,0.7452006980802792,0.08,1295.88,10.17,11.97,16.88,3.12,42.13999999999999,50.1
17,2014,6,Madhya Pradesh,Panna,2.0,3.0,1500.0,2000.0,1146.0,1471.0,1539.0,-0.25,0.01,1621.1304347826087,2.29,7.82,4.89,5.78,20.78,28.39
17,2019,6,Madhya Pradesh,Panna,0.01,0.01,1300.0,1500.0,2000.0,1146.0,1548.6666666666667,-0.1333333333333333,2.0,1341.735294117647,2.11,11.1,15.48,11.51,40.2,43.74
18,1993,6,Madhya Pradesh,Rewa,1.14,0.58,509.0,598.0,373.0,532.0,501.0,-0.1488294314381271,0.97,736.7586206896551,3.08,2.32,3.62,11.44,20.46,22.4
18,1994,6,Madhya Pradesh,Rewa,0.9,0.4,444.0,509.0,598.0,373.0,493.3333333333333,-0.12770137524557956,1.14,769.1666666666666,3.86,10.39,10.31,3.22,27.78,30.11
18,1995,6,Madhya Pradesh,Rewa,0.9,0.5,556.0,444.0,509.0,598.0,517.0,0.25225225225225234,0.9,930.3,1.84,4.91,8.5,4.54,19.79,23.12
18,1996,6,Madhya Pradesh,Rewa,0.6,0.3,500.0,556.0,444.0,509.0,503.0,-0.1007194244604317,0.9,839.2857142857143,6.45,6.23,9.27,4.1,26.05,30.79
18,1997,6,Madhya Pradesh,Rewa,0.7,0.3,429.0,500.0,556.0,444.0,500.0,-0.14200000000000002,0.6,925.2631578947369,2.92,9.24,6.84,7.35,26.35,32.3
18,1998,6,Madhya Pradesh,Rewa,0.7,0.5,714.0,429.0,500.0,556.0,495.0,0.6643356643356644,0.7,1043.3,1.54,6.81,12.23,5.38,25.96,27.72
18,1999,6,Madhya Pradesh,Rewa,0.6,0.3,500.0,714.0,429.0,500.0,547.6666666666666,-0.2997198879551821,0.7,835.1176470588235,3.4,11.56,6.06,4.42,25.44,27.85
18,2000,6,Madhya Pradesh,Rewa,0.6,0.4,667.0,500.0,714.0,429.0,547.6666666666666,0.3340000000000001,0.6,973.6666666666666,2.78,4.45,5.21,4.45,16.89,17.73
18,2001,6,Madhya Pradesh,Rewa,0.5,0.2,400.0,667.0,500.0,714.0,627.0,-0.4002998500749625,0.6,910.6470588235294,5.18,13.47,6.35,2.32,27.32,32.0
18,2002,6,Madhya Pradesh,Rewa,0.6,0.2,333.0,400.0,667.0,500.0,522.3333333333334,-0.16749999999999998,0.5,581.9473684210526,2.09,3.59,10.64,6.98,23.3,28.25
18,2003,6,Madhya Pradesh,Rewa,0.7,0.4,571.0,333.0,400.0,667.0,466.6666666666667,0.7147147147147148,0.6,1085.6315789473683,2.13,4.97,7.63,14.36,29.09,32.08
18,2004,6,Madhya Pradesh,Rewa,0.66,0.35,530.0,571.0,333.0,400.0,434.6666666666667,-0.07180385288966729,0.7,940.3870967741935,6.68,4.54,6.36,3.72,21.3,23.51
18,2005,6,Madhya Pradesh,Rewa,1.11,0.55,495.0,530.0,571.0,333.0,478.0,-0.06603773584905659,0.66,1001.9333333333333,3.44,13.5,7.76,4.12,28.820000000000004,32.01
18,2006,6,Madhya Pradesh,Rewa,0.96,0.33,344.0,495.0,530.0,571.0,532.0,-0.305050505050505,1.11,1027.1290322580646,1.38,9.85,3.33,1.47,16.03,19.11
18,2007,6,Madhya Pradesh,Rewa,1.3,0.6,462.0,344.0,495.0,530.0,456.3333333333333,0.34302325581395343,0.96,859.5,1.91,5.43,7.53,4.6,19.47,23.91
18,2008,6,Madhya Pradesh,Rewa,1.0,0.6,600.0,462.0,344.0,495.0,433.6666666666667,0.2987012987012987,1.3,1110.0555555555557,9.1,11.15,8.95,2.58,31.78,33.62
18,2009,6,Madhya Pradesh,Rewa,0.8,0.3,375.0,600.0,462.0,344.0,468.6666666666667,-0.375,1.0,1051.3157894736842,1.06,5.53,2.05,5.27,13.91,19.33
18,2010,6,Madhya Pradesh,Rewa,0.57,0.32,562.0,375.0,600.0,462.0,479.0,0.4986666666666666,0.8,1238.107142857143,0.46,6.73,5.21,3.91,16.310000000000002,18.69
18,2011,6,Madhya Pradesh,Rewa,0.47,0.25,522.0,562.0,375.0,600.0,512.3333333333334,-0.07117437722419928,0.57,1214.76,9.1,7.82,8.45,7.73,33.1,34.34
18,2012,6,Madhya Pradesh,Rewa,0.12,0.05,417.0,522.0,562.0,375.0,486.3333333333333,-0.20114942528735635,0.47,1543.9166666666667,0.64,12.46,9.5,9.9,32.5,34.44
18,2013,6,Madhya Pradesh,Rewa,0.29,0.12,414.0,417.0,522.0,562.0,500.3333333333333,-0.007194244604316502,0.12,1295.88,9.87,8.43,9.88,2.33,30.51,40.6
18,2014,6,Madhya Pradesh,Rewa,2.0,3.0,1500.0,414.0,417.0,522.0,451.0,2.6231884057971016,0.29,1621.1304347826087,1.31,7.33,5.46,4.06,18.16,26.23
18,2015,6,Madhya Pradesh,Rewa,2.0,2.0,1000.0,1500.0,414.0,417.0,777.0,-0.33333333333333337,2.0,1552.9166666666667,3.6,6.51,7.2,1.98,19.29,26.63
18,2017,6,Madhya Pradesh,Rewa,8.0,13.24,1655.0,1000.0,1500.0,414.0,971.3333333333334,0.655,2.0,1603.7391304347825,2.79,13.59,4.11,2.52,23.01,23.75
18,2018,6,Madhya Pradesh,Rewa,0.11,0.06,583.0,1655.0,1000.0,1500.0,1385.0,-0.6477341389728097,8.0,1588.7435897435898,2.54,10.08,9.67,4.12,26.41,28.12
18,2019,6,Madhya Pradesh,Rewa,0.05,0.02,469.0,583.0,1655.0,1000.0,1079.3333333333333,-0.19554030874785588,0.11,1341.735294117647,0.93,8.75,10.74,11.73,32.150000000000006,36.14
19,2017,6,Madhya Pradesh,Sidhi,8.9,12.68,1425.0,444.0,559.0,500.0,501.0,2.2094594594594597,9.0,1603.7391304347825,3.94,15.01,5.81,2.96,27.72,29.11
19,2019,6,Madhya Pradesh,Sidhi,0.03,0.01,346.0,1425.0,444.0,559.0,809.3333333333334,-0.7571929824561403,8.9,1341.735294117647,1.96,8.34,10.54,10.72,31.56,35.75
20,1993,6,Madhya Pradesh,Satna,0.11,0.06,545.0,640.0,429.0,667.0,578.6666666666666,-0.1484375,0.25,736.7586206896551,3.56,4.13,5.47,17.37,30.53,32.44
20,1994,6,Madhya Pradesh,Satna,0.1,0.1,1000.0,545.0,640.0,429.0,538.0,0.834862385321101,0.11,769.1666666666666,4.69,12.34,14.43,3.85,35.31,37.69
20,1995,6,Madhya Pradesh,Satna,0.1,0.1,1000.0,1000.0,545.0,640.0,728.3333333333334,0.0,0.1,930.3,2.13,7.65,9.07,3.96,22.81,26.37
20,1998,6,Madhya Pradesh,Satna,0.1,0.1,1000.0,1000.0,1000.0,545.0,848.3333333333334,0.0,0.1,1043.3,1.36,7.4,11.32,6.34,26.42,28.91
20,2000,6,Madhya Pradesh,Satna,0.1,0.1,1000.0,1000.0,1000.0,1000.0,1000.0,0.0,0.1,973.6666666666666,3.66,6.73,5.44,3.47,19.3,20.33
20,2001,6,Madhya Pradesh,Satna,0.1,0.1,1000.0,1000.0,1000.0,1000.0,1000.0,0.0,0.1,910.6470588235294,7.24,19.61,7.2,1.28,35.330000000000005,40.67
20,2002,6,Madhya Pradesh,Satna,0.1,0.1,1000.0,1000.0,1000.0,1000.0,1000.0,0.0,0.1,581.9473684210526,3.08,4.22,13.96,8.66,29.92,34.46
20,2004,6,Madhya Pradesh,Satna,0.08,0.04,500.0,1000.0,1000.0,1000.0,1000.0,-0.5,0.1,940.3870967741935,8.53,6.62,9.87,4.38,29.399999999999995,32.16
20,2005,6,Madhya Pradesh,Satna,0.06,0.04,667.0,500.0,1000.0,1000.0,833.3333333333334,0.3340000000000001,0.08,1001.9333333333333,4.26,23.25,8.26,6.55,42.31999999999999,45.43
20,2006,6,Madhya Pradesh,Satna,0.06,0.03,500.0,667.0,500.0,1000.0,722.3333333333334,-0.2503748125937032,0.06,1027.1290322580646,2.07,13.11,5.08,1.72,21.98,25.33
20,2010,6,Madhya Pradesh,Satna,0.04,0.02,686.0,500.0,667.0,500.0,555.6666666666666,0.3720000000000001,0.06,1238.107142857143,1.08,8.8,7.33,6.97,24.18,26.51
20,2011,6,Madhya Pradesh,Satna,0.05,0.03,617.0,686.0,500.0,667.0,617.6666666666666,-0.1005830903790087,0.04,1214.76,10.55,9.84,7.8,5.79,33.980000000000004,35.61
20,2013,6,Madhya Pradesh,Satna,0.04,0.03,750.0,617.0,686.0,500.0,601.0,0.21555915721231766,0.05,1295.88,9.92,11.17,15.12,3.29,39.5,48.94
20,2014,6,Madhya Pradesh,Satna,2.0,3.0,1500.0,750.0,617.0,686.0,684.3333333333334,1.0,0.04,1621.1304347826087,2.02,7.37,4.9,5.39,19.68,28.27
20,2017,6,Madhya Pradesh,Satna,0.4,0.54,1350.0,1500.0,750.0,617.0,955.6666666666666,-0.09999999999999998,2.0,1603.7391304347825,3.45,13.92,4.16,3.07,24.6,25.44
20,2018,6,Madhya Pradesh,Satna,0.02,0.01,765.0,1350.0,1500.0,750.0,1200.0,-0.43333333333333335,0.4,1588.7435897435898,2.59,11.59,10.54,5.42,30.14,32.0
20,2019,6,Madhya Pradesh,Satna,0.05,0.03,565.0,765.0,1350.0,1500.0,1205.0,-0.261437908496732,0.02,1341.735294117647,1.6,10.61,14.42,10.35,36.98,40.92
22,1993,6,Madhya Pradesh,Gwalior,1.47,1.81,1231.0,1729.0,1253.0,1206.0,1396.0,-0.2880277617119722,1.66,736.7586206896551,1.84,3.7,3.32,10.58,19.44,20.67
22,1994,6,Madhya Pradesh,Gwalior,1.3,1.9,1462.0,1231.0,1729.0,1253.0,1404.3333333333333,0.18765231519090175,1.47,769.1666666666666,4.2,9.18,7.48,1.16,22.02,23.19
22,1995,6,Madhya Pradesh,Gwalior,1.4,2.6,1857.0,1462.0,1231.0,1729.0,1474.0,0.2701778385772913,1.3,930.3,2.54,7.59,11.79,8.1,30.02,31.49
22,1996,6,Madhya Pradesh,Gwalior,1.7,2.5,1471.0,1857.0,1462.0,1231.0,1516.6666666666667,-0.20786214324178787,1.4,839.2857142857143,2.9,12.46,8.31,5.5,29.17,33.82
22,1997,6,Madhya Pradesh,Gwalior,1.8,3.0,1667.0,1471.0,1857.0,1462.0,1596.6666666666667,0.13324269204622707,1.7,925.2631578947369,1.79,3.45,8.1,4.12,17.46,25.19
22,1998,6,Madhya Pradesh,Gwalior,1.6,3.2,2000.0,1667.0,1471.0,1857.0,1665.0,0.1997600479904018,1.8,1043.3,2.43,8.84,6.24,4.78,22.29,24.06
22,1999,6,Madhya Pradesh,Gwalior,1.4,2.8,2000.0,2000.0,1667.0,1471.0,1712.6666666666667,0.0,1.6,835.1176470588235,0.88,8.18,6.18,5.75,20.99,22.47
22,2000,6,Madhya Pradesh,Gwalior,2.3,5.0,2174.0,2000.0,2000.0,1667.0,1889.0,0.08699999999999997,1.4,973.6666666666666,0.49,5.27,3.29,0.78,9.83,10.53
22,2001,6,Madhya Pradesh,Gwalior,3.9,8.6,2205.0,2174.0,2000.0,2000.0,2058.0,0.014259429622815123,2.3,910.6470588235294,5.67,8.65,7.17,0.39,21.880000000000003,25.35
22,2002,6,Madhya Pradesh,Gwalior,5.6,3.0,536.0,2205.0,2174.0,2000.0,2126.3333333333335,-0.7569160997732426,3.9,581.9473684210526,1.61,0.64,7.25,4.84,14.34,17.0
22,2003,6,Madhya Pradesh,Gwalior,13.2,26.4,2000.0,536.0,2205.0,2174.0,1638.3333333333333,2.7313432835820897,5.6,1085.6315789473683,0.86,4.95,6.12,6.05,17.98,20.73
22,2004,6,Madhya Pradesh,Gwalior,6.98,13.69,1961.0,2000.0,536.0,2205.0,1580.3333333333333,-0.019499999999999962,13.2,940.3870967741935,1.26,5.22,8.16,2.46,17.1,19.82
22,2005,6,Madhya Pradesh,Gwalior,5.78,13.56,2346.0,1961.0,2000.0,536.0,1499.0,0.1963284038755737,6.98,1001.9333333333333,2.45,9.91,1.79,3.6,17.75,19.8
22,2006,6,Madhya Pradesh,Gwalior,5.92,13.18,2226.0,2346.0,1961.0,2000.0,2102.3333333333335,-0.051150895140664954,5.78,1027.1290322580646,5.13,5.22,3.41,1.76,15.52,17.4
22,2007,6,Madhya Pradesh,Gwalior,9.7,11.5,1186.0,2226.0,2346.0,1961.0,2177.6666666666665,-0.4672057502246182,5.92,859.5,2.96,4.83,4.27,2.56,14.62,17.37
22,2008,6,Madhya Pradesh,Gwalior,9.7,21.2,2186.0,1186.0,2226.0,2346.0,1919.3333333333333,0.8431703204047218,9.7,1110.0555555555557,8.2,8.93,8.43,5.2,30.76,31.88
22,2009,6,Madhya Pradesh,Gwalior,10.0,22.7,2270.0,2186.0,1186.0,2226.0,1866.0,0.038426349496797796,9.7,1051.3157894736842,0.67,3.44,3.13,6.13,13.37,19.36
22,2010,6,Madhya Pradesh,Gwalior,10.09,25.91,2569.0,2270.0,2186.0,1186.0,1880.6666666666667,0.1317180616740088,10.0,1238.107142857143,2.88,5.18,7.92,8.67,24.65,27.91
22,2011,6,Madhya Pradesh,Gwalior,10.32,27.44,2659.0,2569.0,2270.0,2186.0,2341.6666666666665,0.03503308680420392,10.09,1214.76,6.56,10.34,7.01,4.77,28.68,29.86
22,2012,6,Madhya Pradesh,Gwalior,9.09,22.65,2492.0,2659.0,2569.0,2270.0,2499.3333333333335,-0.06280556600225651,10.32,1543.9166666666667,1.12,8.4,10.58,4.51,24.61,26.05
22,2013,6,Madhya Pradesh,Gwalior,7.05,13.65,1936.0,2492.0,2659.0,2569.0,2573.3333333333335,-0.2231139646869984,9.09,1295.88,6.71,7.31,11.46,1.51,26.99,33.730000000000004
22,2014,6,Madhya Pradesh,Gwalior,8.0,14.0,1750.0,1936.0,2492.0,2659.0,2362.3333333333335,-0.09607438016528924,7.05,1621.1304347826087,0.78,7.62,6.32,4.34,19.06,25.68
22,2015,6,Madhya Pradesh,Gwalior,9.0,18.0,2000.0,1750.0,1936.0,2492.0,2059.3333333333335,0.1428571428571428,8.0,1552.9166666666667,2.85,8.29,5.49,3.05,19.68,26.05
22,2016,6,Madhya Pradesh,Gwalior,10.0,28.0,2800.0,2000.0,1750.0,1936.0,1895.3333333333333,0.3999999999999999,9.0,2052.0,2.38,10.31,9.41,0.5,22.6,24.51
22,2017,6,Madhya Pradesh,Gwalior,11.9,19.02,1598.0,2800.0,2000.0,1750.0,2183.3333333333335,-0.42928571428571427,10.0,1603.7391304347825,2.19,4.46,5.4,2.91,14.96,16.76
22,2018,6,Madhya Pradesh,Gwalior,18.78,45.29,2412.0,1598.0,2800.0,2000.0,2132.6666666666665,0.509386733416771,11.9,1588.7435897435898,2.66,8.09,7.77,5.16,23.68,24.68
22,2019,6,Madhya Pradesh,Gwalior,17.1,33.71,1972.0,2412.0,1598.0,2800.0,2270.0,-0.18242122719734655,18.78,1341.735294117647,2.64,6.81,6.62,5.92,21.99,23.86
23,1993,6,Madhya Pradesh,Shivpuri,5.33,4.92,923.0,1100.0,753.0,928.0,927.0,-0.1609090909090909,5.79,736.7586206896551,1.94,4.03,3.45,10.66,20.08,21.29
23,1994,6,Madhya Pradesh,Shivpuri,4.9,4.4,898.0,923.0,1100.0,753.0,925.3333333333334,-0.02708559046587211,5.33,769.1666666666666,4.18,8.97,7.9,1.6,22.65,23.85
23,1995,6,Madhya Pradesh,Shivpuri,5.0,5.3,1060.0,898.0,923.0,1100.0,973.6666666666666,0.18040089086859679,4.9,930.3,2.29,8.12,11.74,8.26,30.41,32.22
23,1996,6,Madhya Pradesh,Shivpuri,4.7,4.7,1000.0,1060.0,898.0,923.0,960.3333333333334,-0.05660377358490565,5.0,839.2857142857143,2.57,12.92,9.28,5.24,30.01,34.3
23,1997,6,Madhya Pradesh,Shivpuri,4.4,4.5,1023.0,1000.0,1060.0,898.0,986.0,0.02299999999999991,4.7,925.2631578947369,1.95,3.95,9.97,4.2,20.07,27.83
23,1998,6,Madhya Pradesh,Shivpuri,4.4,5.8,1318.0,1023.0,1000.0,1060.0,1027.6666666666667,0.2883675464320625,4.4,1043.3,2.57,8.57,6.44,4.53,22.110000000000003,23.6
23,1999,6,Madhya Pradesh,Shivpuri,4.0,4.1,1025.0,1318.0,1023.0,1000.0,1113.6666666666667,-0.22230652503793624,4.4,835.1176470588235,1.26,8.76,5.9,6.17,22.09,23.61
23,2000,6,Madhya Pradesh,Shivpuri,4.2,6.8,1619.0,1025.0,1318.0,1023.0,1122.0,0.5795121951219513,4.0,973.6666666666666,0.51,4.94,3.32,0.95,9.72,10.36
23,2001,6,Madhya Pradesh,Shivpuri,4.4,5.2,1182.0,1619.0,1025.0,1318.0,1320.6666666666667,-0.26991970352069183,4.2,910.6470588235294,5.94,9.73,7.43,0.51,23.610000000000003,27.32
23,2002,6,Madhya Pradesh,Shivpuri,7.7,2.3,299.0,1182.0,1619.0,1025.0,1275.3333333333333,-0.7470389170896785,4.4,581.9473684210526,1.66,0.81,9.07,4.23,15.77,18.13
23,2003,6,Madhya Pradesh,Shivpuri,15.4,21.9,1422.0,299.0,1182.0,1619.0,1033.3333333333333,3.7558528428093645,7.7,1085.6315789473683,1.18,5.26,6.72,6.87,20.03,22.77
23,2004,6,Madhya Pradesh,Shivpuri,10.49,14.83,1414.0,1422.0,299.0,1182.0,967.6666666666666,-0.005625879043600568,15.4,940.3870967741935,1.4,5.83,9.1,2.19,18.52,21.16
23,2005,6,Madhya Pradesh,Shivpuri,8.76,13.68,1562.0,1414.0,1422.0,299.0,1045.0,0.10466760961810473,10.49,1001.9333333333333,2.8,11.21,1.94,3.84,19.79,21.73
23,2006,6,Madhya Pradesh,Shivpuri,8.97,12.57,1401.0,1562.0,1414.0,1422.0,1466.0,-0.10307298335467352,8.76,1027.1290322580646,4.37,6.32,4.92,2.31,17.92,20.17
23,2007,6,Madhya Pradesh,Shivpuri,11.4,9.8,860.0,1401.0,1562.0,1414.0,1459.0,-0.3861527480371163,8.97,859.5,2.93,5.84,5.33,3.12,17.22,20.03
23,2008,6,Madhya Pradesh,Shivpuri,10.1,15.8,1564.0,860.0,1401.0,1562.0,1274.3333333333333,0.8186046511627907,11.4,1110.0555555555557,9.2,8.4,8.19,5.14,30.93,32.08
23,2009,6,Madhya Pradesh,Shivpuri,11.5,17.5,1522.0,1564.0,860.0,1401.0,1275.0,-0.026854219948849067,10.1,1051.3157894736842,1.28,3.61,3.6,5.51,14.0,19.65
23,2010,6,Madhya Pradesh,Shivpuri,11.11,19.64,1767.0,1522.0,1564.0,860.0,1315.3333333333333,0.16097240473061758,11.5,1238.107142857143,3.01,6.22,7.88,7.49,24.6,28.04
23,2011,6,Madhya Pradesh,Shivpuri,10.3,17.2,1670.0,1767.0,1522.0,1564.0,1617.6666666666667,-0.05489530277306165,11.11,1214.76,9.11,11.84,7.45,5.02,33.42,34.39
23,2012,6,Madhya Pradesh,Shivpuri,9.75,15.45,1585.0,1670.0,1767.0,1522.0,1653.0,-0.050898203592814384,10.3,1543.9166666666667,1.04,8.74,9.76,4.21,23.75,24.97
23,2013,6,Madhya Pradesh,Shivpuri,5.34,7.24,1356.0,1585.0,1670.0,1767.0,1674.0,-0.14447949526813875,9.75,1295.88,7.01,9.41,12.36,1.18,29.96,36.37
23,2014,6,Madhya Pradesh,Shivpuri,9.0,12.0,1333.0,1356.0,1585.0,1670.0,1537.0,-0.016961651917404175,5.34,1621.1304347826087,1.04,7.68,7.21,4.52,20.45,26.79
23,2015,6,Madhya Pradesh,Shivpuri,5.0,7.0,1400.0,1333.0,1356.0,1585.0,1424.6666666666667,0.050262565641410406,9.0,1552.9166666666667,3.49,9.64,7.31,2.35,22.790000000000003,28.12
23,2016,6,Madhya Pradesh,Shivpuri,8.0,21.0,2625.0,1400.0,1333.0,1356.0,1363.0,0.875,5.0,2052.0,2.78,11.85,11.15,0.56,26.34,28.24
23,2017,6,Madhya Pradesh,Shivpuri,8.7,12.76,1467.0,2625.0,1400.0,1333.0,1786.0,-0.44114285714285717,8.0,1603.7391304347825,2.31,4.69,3.99,3.7,14.69,16.05
23,2018,6,Madhya Pradesh,Shivpuri,8.91,15.05,1688.0,1467.0,2625.0,1400.0,1830.6666666666667,0.15064758009543278,8.7,1588.7435897435898,2.15,6.79,6.09,4.68,19.71,20.14
23,2019,6,Madhya Pradesh,Shivpuri,5.76,8.8,1529.0,1688.0,1467.0,2625.0,1926.6666666666667,-0.09419431279620849,8.91,1341.735294117647,2.42,6.13,6.91,5.0,20.46,22.09
24,1993,6,Madhya Pradesh,Guna,0.15,0.15,1000.0,1333.0,714.0,903.0,983.3333333333334,-0.24981245311327827,0.09,736.7586206896551,2.11,6.68,5.38,11.59,25.76,26.9
24,1994,6,Madhya Pradesh,Guna,0.2,0.1,500.0,1000.0,1333.0,714.0,1015.6666666666666,-0.5,0.15,769.1666666666666,6.03,10.24,9.13,3.56,28.96,30.450000000000003
24,1995,6,Madhya Pradesh,Guna,0.1,0.1,1000.0,500.0,1000.0,1333.0,944.3333333333334,1.0,0.2,930.3,1.5,9.94,11.94,8.5,31.88,34.81
24,1996,6,Madhya Pradesh,Guna,0.2,0.2,1000.0,1000.0,500.0,1000.0,833.3333333333334,0.0,0.1,839.2857142857143,1.54,16.72,14.82,4.0,37.08,40.12
24,1997,6,Madhya Pradesh,Guna,0.1,0.1,1000.0,1000.0,1000.0,500.0,833.3333333333334,0.0,0.2,925.2631578947369,2.78,6.31,14.38,3.93,27.4,34.82
24,1998,6,Madhya Pradesh,Guna,0.1,0.2,2000.0,1000.0,1000.0,1000.0,1000.0,1.0,0.1,1043.3,3.93,8.2,7.64,3.95,23.72,24.91
24,1999,6,Madhya Pradesh,Guna,0.1,0.1,1000.0,2000.0,1000.0,1000.0,1333.3333333333333,-0.5,0.1,835.1176470588235,2.68,11.15,4.63,6.8,25.26,27.02
24,2000,6,Madhya Pradesh,Guna,0.1,0.1,1000.0,1000.0,2000.0,1000.0,1333.3333333333333,0.0,0.1,973.6666666666666,0.98,5.57,3.94,1.59,12.08,12.98
24,2001,6,Madhya Pradesh,Guna,0.2,0.2,1000.0,1000.0,1000.0,2000.0,1333.3333333333333,0.0,0.1,910.6470588235294,6.61,11.83,7.44,0.65,26.53,30.21
24,2002,6,Madhya Pradesh,Guna,0.2,0.1,500.0,1000.0,1000.0,1000.0,1000.0,-0.5,0.2,581.9473684210526,1.96,0.99,15.46,1.96,20.37,21.86
24,2003,6,Madhya Pradesh,Guna,0.3,0.5,1667.0,500.0,1000.0,1000.0,833.3333333333334,2.334,0.2,1085.6315789473683,3.02,7.84,7.62,8.11,26.59,28.72
24,2004,6,Madhya Pradesh,Guna,0.24,0.33,1375.0,1667.0,500.0,1000.0,1055.6666666666667,-0.17516496700659867,0.3,940.3870967741935,1.36,8.19,12.88,1.33,23.76,26.24
24,2005,6,Madhya Pradesh,Guna,0.05,0.08,1600.0,1375.0,1667.0,500.0,1180.6666666666667,0.16363636363636358,0.24,1001.9333333333333,3.62,16.28,1.88,4.79,26.57,27.74
24,2006,6,Madhya Pradesh,Guna,0.16,0.26,1625.0,1600.0,1375.0,1667.0,1547.3333333333333,0.015625,0.05,1027.1290322580646,2.21,10.72,13.44,4.45,30.82,34.44
24,2007,6,Madhya Pradesh,Guna,0.2,0.1,500.0,1625.0,1600.0,1375.0,1533.3333333333333,-0.6923076923076923,0.16,859.5,3.25,10.5,9.12,5.28,28.15,30.83
24,2008,6,Madhya Pradesh,Guna,0.1,0.1,1000.0,500.0,1625.0,1600.0,1241.6666666666667,1.0,0.2,1110.0555555555557,12.15,7.36,7.03,5.12,31.660000000000004,32.980000000000004
24,2009,6,Madhya Pradesh,Guna,0.2,0.4,2000.0,1000.0,500.0,1625.0,1041.6666666666667,1.0,0.1,1051.3157894736842,3.77,6.01,5.4,3.3,18.48,23.37
24,2010,6,Madhya Pradesh,Guna,0.06,0.12,1871.0,2000.0,1000.0,500.0,1166.6666666666667,-0.0645,0.2,1238.107142857143,3.54,9.96,7.35,3.37,24.22,28.71
24,2011,6,Madhya Pradesh,Guna,0.08,0.13,1613.0,1871.0,2000.0,1000.0,1623.6666666666667,-0.13789417423837524,0.06,1214.76,18.52,17.09,10.42,6.38,52.41,52.76
24,2012,6,Madhya Pradesh,Guna,0.06,0.1,1667.0,1613.0,1871.0,2000.0,1828.0,0.03347799132052076,0.08,1543.9166666666667,1.0,11.41,9.18,3.33,24.92,25.68
24,2013,6,Madhya Pradesh,Guna,0.07,0.09,1286.0,1667.0,1613.0,1871.0,1717.0,-0.22855428914217157,0.06,1295.88,9.54,18.08,15.71,0.83,44.16,49.9
24,2018,6,Madhya Pradesh,Guna,0.03,0.05,2000.0,1286.0,1667.0,1613.0,1522.0,0.5552099533437014,0.07,1588.7435897435898,2.74,13.69,7.93,5.78,30.14,30.53
24,2019,6,Madhya Pradesh,Guna,0.01,0.01,1750.0,2000.0,1286.0,1667.0,1651.0,-0.125,0.03,1341.735294117647,2.36,9.31,15.19,10.87,37.73,40.21
25,1993,6,Madhya Pradesh,Datia,0.7,0.58,829.0,1167.0,750.0,959.0,958.6666666666666,-0.2896315338474722,0.9,736.7586206896551,1.86,3.57,3.26,10.31,19.0,20.22
25,1994,6,Madhya Pradesh,Datia,0.7,0.5,714.0,829.0,1167.0,750.0,915.3333333333334,-0.13872135102533167,0.7,769.1666666666666,4.07,9.05,7.22,1.21,21.55,22.71
25,1995,6,Madhya Pradesh,Datia,0.6,0.7,1167.0,714.0,829.0,1167.0,903.3333333333334,0.634453781512605,0.7,930.3,2.45,7.38,11.5,7.73,29.06,30.53
25,1996,6,Madhya Pradesh,Datia,1.0,1.0,1000.0,1167.0,714.0,829.0,903.3333333333334,-0.14310197086546705,0.6,839.2857142857143,2.82,11.93,8.11,5.34,28.2,32.66
25,1997,6,Madhya Pradesh,Datia,0.2,0.3,1500.0,1000.0,1167.0,714.0,960.3333333333334,0.5,1.0,925.2631578947369,1.76,3.44,8.08,3.96,17.240000000000002,24.75
25,1998,6,Madhya Pradesh,Datia,1.9,2.5,1316.0,1500.0,1000.0,1167.0,1222.3333333333333,-0.1226666666666667,0.2,1043.3,2.36,8.61,6.04,4.66,21.67,23.35
25,1999,6,Madhya Pradesh,Datia,0.8,0.8,1000.0,1316.0,1500.0,1000.0,1272.0,-0.2401215805471124,1.9,835.1176470588235,0.89,7.88,6.0,5.48,20.25,21.71
25,2000,6,Madhya Pradesh,Datia,0.7,1.0,1429.0,1000.0,1316.0,1500.0,1272.0,0.42900000000000005,0.8,973.6666666666666,0.54,5.07,3.18,0.79,9.580000000000002,10.28
25,2001,6,Madhya Pradesh,Datia,0.6,0.7,1167.0,1429.0,1000.0,1316.0,1248.3333333333333,-0.18334499650104974,0.7,910.6470588235294,5.47,8.45,6.83,0.4,21.15,24.52
25,2002,6,Madhya Pradesh,Datia,1.2,0.7,583.0,1167.0,1429.0,1000.0,1198.6666666666667,-0.5004284490145673,0.6,581.9473684210526,1.56,0.66,7.04,4.64,13.9,16.49
25,2003,6,Madhya Pradesh,Datia,1.2,1.2,1000.0,583.0,1167.0,1429.0,1059.6666666666667,0.7152658662092624,1.2,1085.6315789473683,0.94,4.85,5.9,5.87,17.56,20.2
25,2004,6,Madhya Pradesh,Datia,1.09,0.86,789.0,1000.0,583.0,1167.0,916.6666666666666,-0.21099999999999997,1.2,940.3870967741935,1.28,5.1,8.09,2.38,16.849999999999998,19.55
25,2005,6,Madhya Pradesh,Datia,1.01,1.31,1297.0,789.0,1000.0,583.0,790.6666666666666,0.643852978453739,1.09,1001.9333333333333,2.41,9.76,1.73,3.48,17.38,19.32
25,2006,6,Madhya Pradesh,Datia,1.02,1.19,1167.0,1297.0,789.0,1000.0,1028.6666666666667,-0.10023130300693905,1.01,1027.1290322580646,4.96,5.23,3.44,1.73,15.36,17.19
25,2007,6,Madhya Pradesh,Datia,2.2,1.4,636.0,1167.0,1297.0,789.0,1084.3333333333333,-0.4550128534704371,1.02,859.5,2.9,4.78,4.26,2.53,14.47,17.18
25,2008,6,Madhya Pradesh,Datia,0.8,1.6,2000.0,636.0,1167.0,1297.0,1033.3333333333333,2.1446540880503147,2.2,1110.0555555555557,8.03,8.62,8.04,5.0,29.69,30.82
25,2010,6,Madhya Pradesh,Datia,0.91,1.07,1171.0,2000.0,636.0,1167.0,1267.6666666666667,-0.4145,0.8,1238.107142857143,2.76,5.12,7.65,8.15,23.68,26.96
25,2011,6,Madhya Pradesh,Datia,1.09,1.42,1304.0,1171.0,2000.0,636.0,1269.0,0.11357813834329633,0.91,1214.76,6.54,10.02,6.86,4.68,28.1,29.29
25,2012,6,Madhya Pradesh,Datia,0.96,1.66,1729.0,1304.0,1171.0,2000.0,1491.6666666666667,0.32592024539877307,1.09,1543.9166666666667,1.07,8.2,10.37,4.38,24.02,25.39
25,2013,6,Madhya Pradesh,Datia,0.81,0.89,1099.0,1729.0,1304.0,1171.0,1401.3333333333333,-0.3643724696356275,0.96,1295.88,6.57,7.28,11.26,1.53,26.64,33.32
25,2014,6,Madhya Pradesh,Datia,3.0,5.0,1667.0,1099.0,1729.0,1304.0,1377.3333333333333,0.5168334849863512,0.81,1621.1304347826087,0.93,7.37,6.3,4.14,18.74,25.12
25,2015,6,Madhya Pradesh,Datia,1.0,2.0,2000.0,1667.0,1099.0,1729.0,1498.3333333333333,0.1997600479904018,3.0,1552.9166666666667,3.04,8.78,5.12,4.12,21.06,27.78
25,2016,6,Madhya Pradesh,Datia,5.0,7.0,1400.0,2000.0,1667.0,1099.0,1588.6666666666667,-0.30000000000000004,1.0,2052.0,2.38,10.1,8.17,0.66,21.31,23.85
25,2018,6,Madhya Pradesh,Datia,1.98,3.3,1665.0,1400.0,2000.0,1667.0,1689.0,0.18928571428571428,5.0,1588.7435897435898,2.85,11.13,10.66,5.16,29.8,31.06
25,2019,6,Madhya Pradesh,Datia,2.61,3.49,1335.0,1665.0,1400.0,2000.0,1688.3333333333333,-0.19819819819819817,1.98,1341.735294117647,2.77,7.61,7.77,7.56,25.71,28.21
26,1993,6,Madhya Pradesh,Morena,60.91,62.31,1023.0,1040.0,984.0,1182.0,1068.6666666666667,-0.0163461538461539,59.53,736.7586206896551,1.89,3.77,3.31,10.89,19.86,21.11
26,1994,6,Madhya Pradesh,Morena,60.6,73.3,1210.0,1023.0,1040.0,984.0,1015.6666666666666,0.18279569892473124,60.91,769.1666666666666,4.03,9.91,6.88,0.96,21.78,23.08
26,1995,6,Madhya Pradesh,Morena,55.1,54.1,982.0,1210.0,1023.0,1040.0,1091.0,-0.18842975206611567,60.6,930.3,2.57,6.33,11.54,7.26,27.7,29.19
26,1996,6,Madhya Pradesh,Morena,60.9,79.6,1307.0,982.0,1210.0,1023.0,1071.6666666666667,0.3309572301425663,55.1,839.2857142857143,2.99,10.68,7.83,5.21,26.71,31.19
26,1997,6,Madhya Pradesh,Morena,69.7,100.1,1436.0,1307.0,982.0,1210.0,1166.3333333333333,0.09869931140015309,60.9,925.2631578947369,1.72,3.38,6.22,3.41,14.73,21.8
26,1998,6,Madhya Pradesh,Morena,68.2,100.3,1471.0,1436.0,1307.0,982.0,1241.6666666666667,0.024373259052924867,69.7,1043.3,2.33,8.35,6.18,4.67,21.53,23.78
26,1999,6,Madhya Pradesh,Morena,55.0,73.4,1335.0,1471.0,1436.0,1307.0,1404.6666666666667,-0.09245411284840244,68.2,835.1176470588235,0.67,7.33,6.41,4.72,19.13,20.43
26,2000,6,Madhya Pradesh,Morena,73.9,124.0,1678.0,1335.0,1471.0,1436.0,1414.0,0.2569288389513109,55.0,973.6666666666666,0.99,5.15,3.28,0.79,10.21,11.05
26,2001,6,Madhya Pradesh,Morena,70.2,122.0,1738.0,1678.0,1335.0,1471.0,1494.6666666666667,0.035756853396901045,73.9,910.6470588235294,4.49,7.36,5.75,0.53,18.130000000000003,21.01
26,2002,6,Madhya Pradesh,Morena,73.3,68.9,940.0,1738.0,1678.0,1335.0,1583.6666666666667,-0.4591484464902187,70.2,581.9473684210526,1.3,0.51,6.18,5.04,13.03,16.05
26,2003,6,Madhya Pradesh,Morena,76.8,131.1,1707.0,940.0,1738.0,1678.0,1452.0,0.8159574468085107,73.3,1085.6315789473683,1.11,4.97,5.12,5.35,16.549999999999997,19.01
26,2004,6,Madhya Pradesh,Morena,73.79,129.58,1756.0,1707.0,940.0,1738.0,1461.6666666666667,0.02870533099004091,76.8,940.3870967741935,1.3,4.78,7.6,2.69,16.37,19.19
26,2005,6,Madhya Pradesh,Morena,79.78,156.45,1961.0,1756.0,1707.0,940.0,1467.6666666666667,0.11674259681093391,73.79,1001.9333333333333,2.0,9.29,1.65,3.3,16.24,18.08
26,2006,6,Madhya Pradesh,Morena,82.75,145.73,1761.0,1961.0,1756.0,1707.0,1808.0,-0.1019887812340643,79.78,1027.1290322580646,5.02,5.31,2.62,1.44,14.39,16.08
26,2007,6,Madhya Pradesh,Morena,89.4,168.7,1887.0,1761.0,1961.0,1756.0,1826.0,0.07155025553662697,82.75,859.5,2.98,4.34,4.04,2.08,13.44,16.22
26,2008,6,Madhya Pradesh,Morena,87.5,143.1,1635.0,1887.0,1761.0,1961.0,1869.6666666666667,-0.1335453100158982,89.4,1110.0555555555557,6.68,8.71,7.55,4.77,27.71,28.84
26,2009,6,Madhya Pradesh,Morena,74.8,143.6,1920.0,1635.0,1887.0,1761.0,1761.0,0.17431192660550465,87.5,1051.3157894736842,0.61,3.41,3.03,5.6,12.65,18.69
26,2010,6,Madhya Pradesh,Morena,96.46,238.27,2470.0,1920.0,1635.0,1887.0,1814.0,0.28645833333333326,74.8,1238.107142857143,2.25,4.63,6.75,7.93,21.56,24.52
26,2011,6,Madhya Pradesh,Morena,98.57,238.54,2420.0,2470.0,1920.0,1635.0,2008.3333333333333,-0.020242914979757054,96.46,1214.76,5.41,8.23,6.98,4.38,25.0,26.37
26,2012,6,Madhya Pradesh,Morena,94.71,223.42,2359.0,2420.0,2470.0,1920.0,2270.0,-0.02520661157024795,98.57,1543.9166666666667,0.9,8.22,10.89,4.43,24.44,25.99
26,2013,6,Madhya Pradesh,Morena,111.05,237.85,2142.0,2359.0,2420.0,2470.0,2416.3333333333335,-0.09198813056379818,94.71,1295.88,6.4,6.66,11.41,2.21,26.68,33.6
26,2014,6,Madhya Pradesh,Morena,87.0,196.0,2253.0,2142.0,2359.0,2420.0,2307.0,0.051820728291316565,111.05,1621.1304347826087,0.76,6.54,6.02,3.5,16.82,23.05
26,2015,6,Madhya Pradesh,Morena,135.0,390.0,2889.0,2253.0,2142.0,2359.0,2251.3333333333335,0.2822902796271638,87.0,1552.9166666666667,2.15,6.39,4.96,2.67,16.17,22.88
26,2016,6,Madhya Pradesh,Morena,163.0,480.0,2945.0,2889.0,2253.0,2142.0,2428.0,0.019383869851159474,135.0,2052.0,1.93,11.71,8.22,0.69,22.55,24.28
26,2017,6,Madhya Pradesh,Morena,121.5,361.1,2972.0,2945.0,2889.0,2253.0,2695.6666666666665,0.00916808149405779,163.0,1603.7391304347825,2.48,4.26,5.85,2.21,14.8,16.65
26,2018,6,Madhya Pradesh,Morena,197.85,338.71,1712.0,2972.0,2945.0,2889.0,2935.3333333333335,-0.423956931359354,121.5,1588.7435897435898,2.95,9.55,8.81,5.24,26.550000000000004,28.37
26,2019,6,Madhya Pradesh,Morena,202.06,444.32,2199.0,1712.0,2972.0,2945.0,2543.0,0.28446261682243,197.85,1341.735294117647,1.54,6.61,7.58,6.91,22.64,24.97
27,1993,6,Madhya Pradesh,Bhind,32.02,34.25,1070.0,1382.0,938.0,1053.0,1124.3333333333333,-0.22575976845151957,34.98,736.7586206896551,1.94,3.83,3.28,10.81,19.86,21.13
27,1994,6,Madhya Pradesh,Bhind,26.6,22.3,838.0,1070.0,1382.0,938.0,1130.0,-0.2168224299065421,32.02,769.1666666666666,3.89,9.89,6.64,0.99,21.41,22.7
27,1995,6,Madhya Pradesh,Bhind,29.4,37.7,1282.0,838.0,1070.0,1382.0,1096.6666666666667,0.5298329355608591,26.6,930.3,2.46,6.07,11.41,6.98,26.92,28.45
27,1996,6,Madhya Pradesh,Bhind,29.3,33.8,1154.0,1282.0,838.0,1070.0,1063.3333333333333,-0.0998439937597504,29.4,839.2857142857143,2.94,10.09,7.7,5.1,25.83,30.1
27,1997,6,Madhya Pradesh,Bhind,26.1,30.0,1149.0,1154.0,1282.0,838.0,1091.3333333333333,-0.004332755632582286,29.3,925.2631578947369,1.67,3.39,6.14,3.27,14.47,21.34
27,1998,6,Madhya Pradesh,Bhind,25.3,36.0,1423.0,1149.0,1154.0,1282.0,1195.0,0.23846823324630106,26.1,1043.3,2.27,8.2,6.05,4.64,21.16,23.3
27,1999,6,Madhya Pradesh,Bhind,30.3,32.9,1086.0,1423.0,1149.0,1154.0,1242.0,-0.23682361208713987,25.3,835.1176470588235,0.66,7.02,6.33,4.43,18.44,19.74
27,2000,6,Madhya Pradesh,Bhind,34.2,36.9,1079.0,1086.0,1423.0,1149.0,1219.3333333333333,-0.006445672191528584,30.3,973.6666666666666,1.05,5.0,3.12,0.81,9.98,10.8
27,2001,6,Madhya Pradesh,Bhind,29.5,35.1,1190.0,1079.0,1086.0,1423.0,1196.0,0.10287303058387387,34.2,910.6470588235294,4.21,7.04,5.42,0.56,17.23,20.01
27,2002,6,Madhya Pradesh,Bhind,33.3,34.7,1042.0,1190.0,1079.0,1086.0,1118.3333333333333,-0.12436974789915967,29.5,581.9473684210526,1.22,0.51,5.89,4.9,12.52,15.5
27,2003,6,Madhya Pradesh,Bhind,34.8,48.1,1382.0,1042.0,1190.0,1079.0,1103.6666666666667,0.3262955854126679,33.3,1085.6315789473683,1.19,4.89,4.86,5.1,16.04,18.39
27,2004,6,Madhya Pradesh,Bhind,36.11,50.34,1394.0,1382.0,1042.0,1190.0,1204.6666666666667,0.00868306801736618,34.8,940.3870967741935,1.31,4.62,7.57,2.67,16.17,19.0
27,2005,6,Madhya Pradesh,Bhind,33.06,42.46,1284.0,1394.0,1382.0,1042.0,1272.6666666666667,-0.07890961262553797,36.11,1001.9333333333333,1.93,9.16,1.56,3.11,15.76,17.46
27,2006,6,Madhya Pradesh,Bhind,31.69,34.07,1075.0,1284.0,1394.0,1382.0,1353.3333333333333,-0.16277258566978192,33.06,1027.1290322580646,4.89,5.32,2.55,1.39,14.150000000000002,15.81
27,2007,6,Madhya Pradesh,Bhind,33.2,38.1,1148.0,1075.0,1284.0,1394.0,1251.0,0.067906976744186,31.69,859.5,2.91,4.18,4.05,2.0,13.14,15.89
27,2008,6,Madhya Pradesh,Bhind,28.3,30.1,1064.0,1148.0,1075.0,1284.0,1169.0,-0.07317073170731703,33.2,1110.0555555555557,6.39,8.42,7.18,4.58,26.57,27.74
27,2009,6,Madhya Pradesh,Bhind,22.2,23.5,1059.0,1064.0,1148.0,1075.0,1095.6666666666667,-0.0046992481203007586,28.3,1051.3157894736842,0.64,3.36,2.95,5.27,12.22,18.15
27,2010,6,Madhya Pradesh,Bhind,35.36,50.22,1420.0,1059.0,1064.0,1148.0,1090.3333333333333,0.3408876298394712,22.2,1238.107142857143,2.11,4.43,6.45,7.41,20.4,23.39
27,2011,6,Madhya Pradesh,Bhind,33.59,51.99,1548.0,1420.0,1059.0,1064.0,1181.0,0.09014084507042264,35.36,1214.76,5.25,7.78,6.89,4.26,24.18,25.55
27,2012,6,Madhya Pradesh,Bhind,36.92,60.86,1648.0,1548.0,1420.0,1059.0,1342.3333333333333,0.06459948320413433,33.59,1543.9166666666667,0.84,8.09,10.87,4.33,24.129999999999995,25.61
27,2013,6,Madhya Pradesh,Bhind,29.76,84.76,2848.0,1648.0,1548.0,1420.0,1538.6666666666667,0.7281553398058251,36.92,1295.88,6.24,6.51,11.35,2.29,26.39,33.29
27,2014,6,Madhya Pradesh,Bhind,50.0,112.0,2240.0,2848.0,1648.0,1548.0,2014.6666666666667,-0.2134831460674157,29.76,1621.1304347826087,0.82,6.26,6.06,3.28,16.42,22.49
27,2015,6,Madhya Pradesh,Bhind,46.0,130.0,2826.0,2240.0,2848.0,1648.0,2245.3333333333335,0.2616071428571429,50.0,1552.9166666666667,2.45,7.06,4.82,3.52,17.85,24.73
27,2016,6,Madhya Pradesh,Bhind,45.0,165.0,3667.0,2826.0,2240.0,2848.0,2638.0,0.2975937721160651,46.0,2052.0,1.92,11.22,7.51,0.88,21.53,23.68
27,2017,6,Madhya Pradesh,Bhind,61.9,170.47,2754.0,3667.0,2826.0,2240.0,2911.0,-0.24897736569402784,45.0,1603.7391304347825,2.69,5.01,6.97,2.38,17.049999999999997,18.95
27,2018,6,Madhya Pradesh,Bhind,57.62,158.85,2757.0,2754.0,3667.0,2826.0,3082.3333333333335,0.0010893246187364536,61.9,1588.7435897435898,2.87,10.94,10.32,4.73,28.86,30.62
27,2019,6,Madhya Pradesh,Bhind,74.16,238.61,3218.0,2757.0,2754.0,3667.0,3059.3333333333335,0.16721073630758077,57.62,1341.735294117647,1.89,6.82,8.33,7.92,24.96,27.6
28,2019,6,Madhya Pradesh,Indore,0.01,0.02,2714.0,2889.0,1000.0,1000.0,1629.6666666666667,-0.06057459328487369,0.02,1341.735294117647,3.18,12.35,15.54,13.93,45.0,47.46
29,1993,6,Madhya Pradesh,Ratlam,0.89,0.66,742.0,772.0,601.0,690.0,687.6666666666666,-0.03886010362694303,1.14,736.7586206896551,3.26,11.89,5.8,5.12,26.07,26.91
29,1994,6,Madhya Pradesh,Ratlam,0.5,0.4,800.0,742.0,772.0,601.0,705.0,0.07816711590296488,0.89,769.1666666666666,6.59,8.76,10.77,7.12,33.239999999999995,34.63
29,1995,6,Madhya Pradesh,Ratlam,0.2,0.2,1000.0,800.0,742.0,772.0,771.3333333333334,0.25,0.5,930.3,2.27,11.29,5.61,3.97,23.14,25.98
29,1996,6,Madhya Pradesh,Ratlam,0.1,0.1,1000.0,1000.0,800.0,742.0,847.3333333333334,0.0,0.2,839.2857142857143,1.64,13.21,8.27,4.58,27.700000000000003,29.95
29,1997,6,Madhya Pradesh,Ratlam,0.1,0.1,1000.0,1000.0,1000.0,800.0,933.3333333333334,0.0,0.1,925.2631578947369,6.68,10.56,8.5,1.82,27.56,30.71
29,1998,6,Madhya Pradesh,Ratlam,0.1,0.1,1000.0,1000.0,1000.0,1000.0,1000.0,0.0,0.1,1043.3,4.33,8.24,5.19,7.27,25.03,26.35
29,2002,6,Madhya Pradesh,Ratlam,0.3,0.1,333.0,1000.0,1000.0,1000.0,1000.0,-0.667,0.1,581.9473684210526,4.29,1.04,8.5,2.37,16.2,17.57
29,2003,6,Madhya Pradesh,Ratlam,0.3,0.5,1667.0,333.0,1000.0,1000.0,777.6666666666666,4.006006006006006,0.3,1085.6315789473683,5.06,9.72,5.3,7.46,27.540000000000003,29.57
29,2004,6,Madhya Pradesh,Ratlam,0.05,0.07,1400.0,1667.0,333.0,1000.0,1000.0,-0.1601679664067187,0.3,940.3870967741935,1.96,8.19,9.67,3.58,23.4,24.93
29,2005,6,Madhya Pradesh,Ratlam,0.03,0.04,1333.0,1400.0,1667.0,333.0,1133.3333333333333,-0.04785714285714282,0.05,1001.9333333333333,2.76,9.78,3.47,8.06,24.07,24.69
29,2006,6,Madhya Pradesh,Ratlam,0.06,0.09,1500.0,1333.0,1400.0,1667.0,1466.6666666666667,0.12528132033008244,0.03,1027.1290322580646,3.62,8.45,13.92,6.18,32.17,34.34
29,2007,6,Madhya Pradesh,Ratlam,0.9,1.3,1444.0,1500.0,1333.0,1400.0,1411.0,-0.03733333333333333,0.06,859.5,4.47,9.82,8.14,3.36,25.79,27.27
29,2009,6,Madhya Pradesh,Ratlam,0.2,0.3,1500.0,1444.0,1500.0,1333.0,1425.6666666666667,0.03878116343490312,0.9,1051.3157894736842,2.51,11.25,4.74,2.24,20.74,26.37
29,2018,6,Madhya Pradesh,Ratlam,0.02,0.04,2412.0,1500.0,1444.0,1500.0,1481.3333333333333,0.6080000000000001,0.2,1588.7435897435898,4.7,10.07,6.0,3.0,23.77,23.86
29,2019,6,Madhya Pradesh,Ratlam,0.01,0.01,1091.0,2412.0,1500.0,1444.0,1785.3333333333333,-0.5476782752902156,0.02,1341.735294117647,5.7,9.34,13.54,10.78,39.36,41.82
30,1993,6,Madhya Pradesh,Ujjain,0.25,0.16,640.0,778.0,655.0,794.0,742.3333333333334,-0.1773778920308483,0.36,736.7586206896551,3.58,12.26,6.21,5.04,27.09,28.09
30,1994,6,Madhya Pradesh,Ujjain,0.1,0.1,1000.0,640.0,778.0,655.0,691.0,0.5625,0.25,769.1666666666666,7.6,8.08,11.75,7.32,34.75,36.27
30,1995,6,Madhya Pradesh,Ujjain,0.1,0.1,1000.0,1000.0,640.0,778.0,806.0,0.0,0.1,930.3,2.87,13.19,5.72,4.82,26.6,29.86
30,1997,6,Madhya Pradesh,Ujjain,0.1,0.1,1000.0,1000.0,1000.0,640.0,880.0,0.0,0.1,925.2631578947369,6.47,12.02,7.66,1.9,28.05,31.53
30,1998,6,Madhya Pradesh,Ujjain,0.1,0.1,1000.0,1000.0,1000.0,1000.0,1000.0,0.0,0.1,1043.3,5.03,7.58,5.74,8.06,26.410000000000004,28.0
30,2004,6,Madhya Pradesh,Ujjain,0.04,0.03,750.0,1000.0,1000.0,1000.0,1000.0,-0.25,0.1,940.3870967741935,2.02,8.16,10.02,3.96,24.16,26.0
30,2005,6,Madhya Pradesh,Ujjain,0.02,0.01,500.0,750.0,1000.0,1000.0,916.6666666666666,-0.33333333333333337,0.04,1001.9333333333333,2.86,10.95,3.36,7.43,24.6,25.2
30,2006,6,Madhya Pradesh,Ujjain,0.01,0.01,1000.0,500.0,750.0,1000.0,750.0,1.0,0.02,1027.1290322580646,3.26,8.92,14.26,6.98,33.42,36.26
30,2010,6,Madhya Pradesh,Ujjain,0.01,0.01,1167.0,1000.0,500.0,750.0,750.0,0.16700000000000004,0.01,1238.107142857143,3.08,4.67,11.51,5.71,24.97,28.46
30,2018,6,Madhya Pradesh,Ujjain,0.03,0.05,1382.0,1167.0,1000.0,500.0,889.0,0.1842330762639246,0.01,1588.7435897435898,4.5,10.14,6.65,2.88,24.17,24.43
30,2019,6,Madhya Pradesh,Ujjain,0.02,0.02,1095.0,1382.0,1167.0,1000.0,1183.0,-0.20767004341534012,0.03,1341.735294117647,3.87,11.53,14.97,13.63,44.0,46.41
31,1993,6,Madhya Pradesh,Mandsaur,0.75,0.51,680.0,893.0,679.0,784.0,785.3333333333334,-0.238521836506159,1.22,736.7586206896551,3.13,9.61,5.48,5.84,24.06,25.0
31,1994,6,Madhya Pradesh,Mandsaur,0.4,0.3,750.0,680.0,893.0,679.0,750.6666666666666,0.10294117647058831,0.75,769.1666666666666,4.34,9.44,7.92,3.85,25.55,27.04
31,1995,6,Madhya Pradesh,Mandsaur,0.3,0.3,1000.0,750.0,680.0,893.0,774.3333333333334,0.33333333333333326,0.4,930.3,1.01,10.09,8.23,2.63,21.96,24.39
31,1996,6,Madhya Pradesh,Mandsaur,0.3,0.2,667.0,1000.0,750.0,680.0,810.0,-0.33299999999999996,0.3,839.2857142857143,1.11,10.32,10.42,3.49,25.340000000000003,26.94
31,1997,6,Madhya Pradesh,Mandsaur,0.2,0.2,1000.0,667.0,1000.0,750.0,805.6666666666666,0.4992503748125936,0.3,925.2631578947369,3.24,6.18,11.09,1.45,21.96,25.24
31,1998,6,Madhya Pradesh,Mandsaur,0.2,0.3,1500.0,1000.0,667.0,1000.0,889.0,0.5,0.2,1043.3,2.41,8.99,3.31,5.24,19.950000000000003,20.91
31,1999,6,Madhya Pradesh,Mandsaur,0.1,0.1,1000.0,1500.0,1000.0,667.0,1055.6666666666667,-0.33333333333333337,0.2,835.1176470588235,2.12,6.82,2.98,3.58,15.500000000000002,18.23
31,2000,6,Madhya Pradesh,Mandsaur,0.1,0.1,1000.0,1000.0,1500.0,1000.0,1166.6666666666667,0.0,0.1,973.6666666666666,1.95,6.56,4.08,0.89,13.48,15.66
31,2003,6,Madhya Pradesh,Mandsaur,0.1,0.1,1000.0,1000.0,1000.0,1500.0,1166.6666666666667,0.0,0.1,1085.6315789473683,3.14,7.19,3.98,3.72,18.03,20.16
31,2004,6,Madhya Pradesh,Mandsaur,0.05,0.04,800.0,1000.0,1000.0,1000.0,1000.0,-0.19999999999999996,0.1,940.3870967741935,1.57,6.22,12.36,1.66,21.81,23.13
31,2005,6,Madhya Pradesh,Mandsaur,0.06,0.04,667.0,800.0,1000.0,1000.0,933.3333333333334,-0.16625,0.05,1001.9333333333333,1.83,10.4,2.71,6.61,21.55,22.33
31,2006,6,Madhya Pradesh,Mandsaur,0.03,0.03,1000.0,667.0,800.0,1000.0,822.3333333333334,0.4992503748125936,0.06,1027.1290322580646,3.49,7.54,15.21,4.23,30.47,32.18
31,2008,6,Madhya Pradesh,Mandsaur,0.1,0.1,1000.0,1000.0,667.0,800.0,822.3333333333334,0.0,0.03,1110.0555555555557,5.42,6.43,4.79,3.68,20.32,21.61
31,2010,6,Madhya Pradesh,Mandsaur,0.04,0.05,1184.0,1000.0,1000.0,667.0,889.0,0.18399999999999994,0.1,1238.107142857143,1.53,6.87,10.84,3.73,22.97,25.86
31,2011,6,Madhya Pradesh,Mandsaur,0.04,0.04,1000.0,1184.0,1000.0,1000.0,1061.3333333333333,-0.15540540540540537,0.04,1214.76,7.65,8.11,11.6,5.64,33.0,33.38
31,2012,6,Madhya Pradesh,Mandsaur,0.04,0.06,1500.0,1000.0,1184.0,1000.0,1061.3333333333333,0.5,0.04,1543.9166666666667,0.87,8.22,10.34,6.74,26.17,27.22
31,2013,6,Madhya Pradesh,Mandsaur,0.03,0.03,1000.0,1500.0,1000.0,1184.0,1228.0,-0.33333333333333337,0.04,1295.88,4.45,15.27,7.5,3.91,31.13,35.18
31,2017,6,Madhya Pradesh,Mandsaur,0.17,0.11,647.0,1000.0,1500.0,1000.0,1166.6666666666667,-0.353,0.03,1603.7391304347825,2.95,8.5,4.86,2.49,18.8,19.75
31,2018,6,Madhya Pradesh,Mandsaur,0.08,0.13,1634.0,647.0,1000.0,1500.0,1049.0,1.525502318392581,0.17,1588.7435897435898,2.65,8.25,5.77,4.77,21.44,21.61
31,2019,6,Madhya Pradesh,Mandsaur,0.12,0.12,1008.0,1634.0,647.0,1000.0,1093.6666666666667,-0.38310893512851896,0.08,1341.735294117647,3.47,11.42,15.97,8.91,39.77,42.11
32,1993,6,Madhya Pradesh,Dewas,0.15,0.09,600.0,769.0,700.0,696.0,721.6666666666666,-0.21976592977893372,0.13,736.7586206896551,3.77,12.36,6.96,6.8,29.89,31.19
32,1997,6,Madhya Pradesh,Dewas,0.1,0.1,1000.0,600.0,769.0,700.0,689.6666666666666,0.6666666666666667,0.15,925.2631578947369,5.27,12.66,8.82,2.31,29.06,34.7
32,1998,6,Madhya Pradesh,Dewas,0.1,0.1,1000.0,1000.0,600.0,769.0,789.6666666666666,0.0,0.1,1043.3,5.35,8.06,6.6,7.99,28.0,29.77
32,2000,6,Madhya Pradesh,Dewas,0.1,0.1,1000.0,1000.0,1000.0,600.0,866.6666666666666,0.0,0.1,973.6666666666666,3.23,9.39,6.11,0.82,19.55,22.22
32,2001,6,Madhya Pradesh,Dewas,0.1,0.1,1000.0,1000.0,1000.0,1000.0,1000.0,0.0,0.1,910.6470588235294,6.73,5.95,3.61,0.35,16.64,19.92
32,2003,6,Madhya Pradesh,Dewas,0.1,0.1,1000.0,1000.0,1000.0,1000.0,1000.0,0.0,0.1,1085.6315789473683,6.81,13.22,6.26,10.3,36.59,39.24
32,2004,6,Madhya Pradesh,Dewas,0.04,0.04,1000.0,1000.0,1000.0,1000.0,1000.0,0.0,0.1,940.3870967741935,1.89,8.28,11.14,3.42,24.730000000000004,26.9
32,2005,6,Madhya Pradesh,Dewas,0.06,0.04,667.0,1000.0,1000.0,1000.0,1000.0,-0.33299999999999996,0.04,1001.9333333333333,2.22,14.52,3.13,7.06,26.93,27.62
32,2006,6,Madhya Pradesh,Dewas,0.04,0.04,1000.0,667.0,1000.0,1000.0,889.0,0.4992503748125936,0.06,1027.1290322580646,2.97,10.29,18.35,7.19,38.8,42.98
32,2008,6,Madhya Pradesh,Dewas,0.1,0.1,1000.0,1000.0,667.0,1000.0,889.0,0.0,0.04,1110.0555555555557,4.71,5.59,5.04,3.92,19.26,20.24
32,2018,6,Madhya Pradesh,Dewas,0.01,0.02,1500.0,1000.0,1000.0,667.0,889.0,0.5,0.1,1588.7435897435898,4.04,10.97,6.56,2.61,24.18,24.64
33,1993,6,Madhya Pradesh,Dhar,7.05,2.64,374.0,484.0,258.0,376.0,372.6666666666667,-0.2272727272727273,7.44,736.7586206896551,3.32,11.67,5.77,4.73,25.49,26.95
33,1994,6,Madhya Pradesh,Dhar,6.2,2.6,419.0,374.0,484.0,258.0,372.0,0.1203208556149733,7.05,769.1666666666666,7.43,8.04,10.72,7.37,33.559999999999995,35.08
33,1995,6,Madhya Pradesh,Dhar,5.6,2.3,411.0,419.0,374.0,484.0,425.6666666666667,-0.019093078758949833,6.2,930.3,2.82,12.89,5.02,4.67,25.4,28.31
33,1996,6,Madhya Pradesh,Dhar,5.3,1.8,340.0,411.0,419.0,374.0,401.3333333333333,-0.17274939172749393,5.6,839.2857142857143,1.82,13.65,6.61,4.72,26.8,29.48
33,1997,6,Madhya Pradesh,Dhar,5.2,1.9,365.0,340.0,411.0,419.0,390.0,0.07352941176470584,5.3,925.2631578947369,7.24,11.41,6.64,1.9,27.19,30.01
33,1998,6,Madhya Pradesh,Dhar,5.2,2.2,423.0,365.0,340.0,411.0,372.0,0.1589041095890411,5.2,1043.3,4.85,7.35,5.82,7.89,25.91,27.96
33,1999,6,Madhya Pradesh,Dhar,4.7,1.0,213.0,423.0,365.0,340.0,376.0,-0.4964539007092199,5.2,835.1176470588235,6.22,4.65,1.67,8.09,20.630000000000003,24.84
33,2000,6,Madhya Pradesh,Dhar,5.6,1.7,304.0,213.0,423.0,365.0,333.6666666666667,0.42723004694835676,4.7,973.6666666666666,3.25,7.28,5.24,0.62,16.39,19.09
33,2001,6,Madhya Pradesh,Dhar,5.9,2.4,407.0,304.0,213.0,423.0,313.3333333333333,0.3388157894736843,5.6,910.6470588235294,5.16,4.34,3.37,0.39,13.260000000000002,15.96
33,2002,6,Madhya Pradesh,Dhar,6.3,2.3,365.0,407.0,304.0,213.0,308.0,-0.10319410319410316,5.9,581.9473684210526,5.61,1.14,8.9,2.85,18.5,19.9
33,2003,6,Madhya Pradesh,Dhar,5.7,3.0,526.0,365.0,407.0,304.0,358.6666666666667,0.441095890410959,6.3,1085.6315789473683,6.79,11.28,6.2,9.29,33.56,35.91
33,2004,6,Madhya Pradesh,Dhar,5.61,2.71,483.0,526.0,365.0,407.0,432.6666666666667,-0.08174904942965777,5.7,940.3870967741935,2.39,8.07,9.77,3.9,24.13,26.0
33,2005,6,Madhya Pradesh,Dhar,5.56,2.46,442.0,483.0,526.0,365.0,458.0,-0.08488612836438925,5.61,1001.9333333333333,4.44,10.18,3.63,7.72,25.97,26.73
33,2006,6,Madhya Pradesh,Dhar,5.27,2.48,471.0,442.0,483.0,526.0,483.6666666666667,0.06561085972850678,5.56,1027.1290322580646,3.59,8.95,12.98,6.96,32.48,35.22
33,2007,6,Madhya Pradesh,Dhar,5.2,2.3,442.0,471.0,442.0,483.0,465.3333333333333,-0.06157112526539277,5.27,859.5,4.47,10.16,9.47,4.18,28.28,29.83
33,2008,6,Madhya Pradesh,Dhar,4.7,2.3,489.0,442.0,471.0,442.0,451.6666666666667,0.10633484162895934,5.2,1110.0555555555557,3.66,4.74,5.12,4.06,17.58,18.27
33,2009,6,Madhya Pradesh,Dhar,5.1,2.3,451.0,489.0,442.0,471.0,467.3333333333333,-0.07770961145194277,4.7,1051.3157894736842,2.42,12.0,4.85,2.83,22.1,29.09
33,2010,6,Madhya Pradesh,Dhar,3.74,2.33,623.0,451.0,489.0,442.0,460.6666666666667,0.38137472283813745,5.1,1238.107142857143,3.19,4.93,11.24,5.99,25.35,29.06
33,2011,6,Madhya Pradesh,Dhar,3.67,1.96,534.0,623.0,451.0,489.0,521.0,-0.1428571428571429,3.74,1214.76,2.19,6.99,16.02,3.43,28.63,28.87
33,2012,6,Madhya Pradesh,Dhar,3.26,3.41,1046.0,534.0,623.0,451.0,536.0,0.9588014981273407,3.67,1543.9166666666667,1.23,9.84,5.89,8.63,25.590000000000003,26.55
33,2013,6,Madhya Pradesh,Dhar,2.85,3.76,1319.0,1046.0,534.0,623.0,734.3333333333334,0.2609942638623326,3.26,1295.88,9.94,15.91,9.27,4.27,39.39,43.42
33,2014,6,Madhya Pradesh,Dhar,6.0,9.0,1500.0,1319.0,1046.0,534.0,966.3333333333334,0.13722517058377548,2.85,1621.1304347826087,0.24,11.15,5.7,6.16,23.25,25.74
33,2015,6,Madhya Pradesh,Dhar,3.0,4.0,1333.0,1500.0,1319.0,1046.0,1288.3333333333333,-0.11133333333333328,6.0,1552.9166666666667,7.73,13.4,7.25,2.26,30.64,33.910000000000004
33,2016,6,Madhya Pradesh,Dhar,2.0,1.0,500.0,1333.0,1500.0,1319.0,1384.0,-0.6249062265566392,3.0,2052.0,4.07,9.28,9.91,3.8,27.06,29.28
33,2017,6,Madhya Pradesh,Dhar,2.9,2.91,1003.0,500.0,1333.0,1500.0,1111.0,1.0059999999999998,2.0,1603.7391304347825,4.95,10.47,6.27,3.36,25.05,26.02
33,2018,6,Madhya Pradesh,Dhar,1.62,2.5,1539.0,1003.0,500.0,1333.0,945.3333333333334,0.5343968095712861,2.9,1588.7435897435898,4.61,7.3,6.62,2.5,21.03,21.21
33,2019,6,Madhya Pradesh,Dhar,1.79,2.69,1504.0,1539.0,1003.0,500.0,1014.0,-0.02274204028589999,1.62,1341.735294117647,4.04,9.77,14.65,11.05,39.510000000000005,41.93
34,1993,6,Madhya Pradesh,Jhabua,14.98,7.06,471.0,592.0,354.0,376.0,440.6666666666667,-0.20439189189189189,15.4,736.7586206896551,3.36,12.22,5.89,4.81,26.28,27.24
34,1994,6,Madhya Pradesh,Jhabua,15.7,6.5,414.0,471.0,592.0,354.0,472.3333333333333,-0.12101910828025475,14.98,769.1666666666666,7.25,8.34,11.32,7.66,34.57,35.95
34,1995,6,Madhya Pradesh,Jhabua,14.7,6.4,435.0,414.0,471.0,592.0,492.3333333333333,0.050724637681159424,15.7,930.3,2.74,12.61,5.38,4.51,25.24,28.2
34,1996,6,Madhya Pradesh,Jhabua,15.5,6.2,400.0,435.0,414.0,471.0,440.0,-0.08045977011494254,14.7,839.2857142857143,1.8,13.95,7.35,4.86,27.96,30.52
34,1997,6,Madhya Pradesh,Jhabua,15.1,6.7,444.0,400.0,435.0,414.0,416.3333333333333,0.1100000000000001,15.5,925.2631578947369,7.29,11.68,7.46,1.89,28.32,31.25
34,1998,6,Madhya Pradesh,Jhabua,15.3,6.5,425.0,444.0,400.0,435.0,426.3333333333333,-0.0427927927927928,15.1,1043.3,4.84,7.73,5.64,7.89,26.1,27.7
34,1999,6,Madhya Pradesh,Jhabua,14.7,6.5,442.0,425.0,444.0,400.0,423.0,0.040000000000000036,15.3,835.1176470588235,6.13,5.08,1.68,7.99,20.880000000000003,24.95
34,2000,6,Madhya Pradesh,Jhabua,16.0,3.9,244.0,442.0,425.0,444.0,437.0,-0.44796380090497734,14.7,973.6666666666666,3.29,7.71,5.23,0.62,16.85,19.57
34,2001,6,Madhya Pradesh,Jhabua,16.8,7.2,429.0,244.0,442.0,425.0,370.3333333333333,0.7581967213114753,16.0,910.6470588235294,5.22,4.94,3.42,0.35,13.93,16.39
34,2002,6,Madhya Pradesh,Jhabua,17.1,5.7,333.0,429.0,244.0,442.0,371.6666666666667,-0.22377622377622375,16.8,581.9473684210526,5.11,1.09,8.95,2.67,17.82,19.25
34,2003,6,Madhya Pradesh,Jhabua,17.2,10.3,599.0,333.0,429.0,244.0,335.3333333333333,0.7987987987987988,17.1,1085.6315789473683,6.21,11.01,6.06,9.03,32.309999999999995,34.56
34,2004,6,Madhya Pradesh,Jhabua,17.32,9.71,561.0,599.0,333.0,429.0,453.6666666666667,-0.06343906510851416,17.2,940.3870967741935,2.16,8.23,9.86,3.91,24.16,25.87
34,2005,6,Madhya Pradesh,Jhabua,17.63,10.94,621.0,561.0,599.0,333.0,497.6666666666667,0.106951871657754,17.32,1001.9333333333333,3.46,10.12,3.54,7.89,25.01,25.57
34,2006,6,Madhya Pradesh,Jhabua,17.27,10.08,584.0,621.0,561.0,599.0,593.6666666666666,-0.05958132045088571,17.63,1027.1290322580646,3.5,8.76,13.57,6.79,32.62,35.07
34,2007,6,Madhya Pradesh,Jhabua,16.4,9.9,604.0,584.0,621.0,561.0,588.6666666666666,0.03424657534246567,17.27,859.5,4.57,10.29,9.07,3.73,27.66,29.24
34,2010,6,Madhya Pradesh,Jhabua,0.01,0.01,625.0,604.0,584.0,621.0,603.0,0.0347682119205297,16.4,1238.107142857143,2.98,5.17,11.67,5.78,25.6,28.93
34,2017,6,Madhya Pradesh,Jhabua,0.04,0.03,750.0,625.0,604.0,584.0,604.3333333333334,0.19999999999999996,0.01,1603.7391304347825,4.57,11.69,6.5,3.84,26.6,27.44
35,1993,6,Madhya Pradesh,Khargone,22.94,8.13,354.0,418.0,233.0,332.0,327.6666666666667,-0.15311004784688997,23.73,736.7586206896551,3.74,10.66,5.91,5.12,25.430000000000003,28.05
35,1994,6,Madhya Pradesh,Khargone,20.7,6.8,329.0,354.0,418.0,233.0,335.0,-0.07062146892655363,22.94,769.1666666666666,7.32,7.63,9.98,6.64,31.57,33.660000000000004
35,1995,6,Madhya Pradesh,Khargone,18.3,5.7,311.0,329.0,354.0,418.0,367.0,-0.054711246200607855,20.7,930.3,2.76,12.09,4.39,4.98,24.22,27.33
35,1996,6,Madhya Pradesh,Khargone,17.6,4.3,244.0,311.0,329.0,354.0,331.3333333333333,-0.21543408360128613,18.3,839.2857142857143,1.64,12.25,6.16,4.86,24.91,27.82
35,1997,6,Madhya Pradesh,Khargone,16.1,5.5,342.0,244.0,311.0,329.0,294.6666666666667,0.401639344262295,17.6,925.2631578947369,6.09,10.13,6.1,2.02,24.34,27.93
35,1998,6,Madhya Pradesh,Khargone,15.4,6.3,409.0,342.0,244.0,311.0,299.0,0.19590643274853803,16.1,1043.3,4.96,6.87,6.08,7.64,25.55,28.36
35,1999,6,Madhya Pradesh,Khargone,2.4,0.5,208.0,409.0,342.0,244.0,331.6666666666667,-0.49144254278728605,15.4,835.1176470588235,6.16,4.33,2.29,8.02,20.8,25.13
35,2000,6,Madhya Pradesh,Khargone,2.2,0.6,273.0,208.0,409.0,342.0,319.6666666666667,0.3125,2.4,973.6666666666666,3.2,6.75,5.72,0.76,16.43,19.38
35,2001,6,Madhya Pradesh,Khargone,1.8,0.6,333.0,273.0,208.0,409.0,296.6666666666667,0.2197802197802199,2.2,910.6470588235294,5.11,3.78,3.82,0.88,13.590000000000002,16.81
35,2002,6,Madhya Pradesh,Khargone,1.8,0.5,278.0,333.0,273.0,208.0,271.3333333333333,-0.16516516516516522,1.8,581.9473684210526,5.83,1.19,8.85,2.95,18.82,20.25
35,2003,6,Madhya Pradesh,Khargone,1.7,0.7,412.0,278.0,333.0,273.0,294.6666666666667,0.4820143884892085,1.8,1085.6315789473683,6.93,10.88,5.58,8.97,32.36,34.800000000000004
35,2004,6,Madhya Pradesh,Khargone,1.56,0.54,346.0,412.0,278.0,333.0,341.0,-0.1601941747572816,1.7,940.3870967741935,2.32,7.41,8.48,4.13,22.34,24.66
35,2005,6,Madhya Pradesh,Khargone,1.53,0.56,366.0,346.0,412.0,278.0,345.3333333333333,0.05780346820809257,1.56,1001.9333333333333,4.13,10.36,3.91,7.37,25.77,27.21
35,2006,6,Madhya Pradesh,Khargone,1.36,0.71,522.0,366.0,346.0,412.0,374.6666666666667,0.42622950819672134,1.53,1027.1290322580646,3.6,8.74,13.03,7.03,32.4,36.14
35,2007,6,Madhya Pradesh,Khargone,1.4,0.7,500.0,522.0,366.0,346.0,411.3333333333333,-0.04214559386973182,1.36,859.5,4.39,9.36,8.95,4.77,27.47,28.93
35,2008,6,Madhya Pradesh,Khargone,1.2,0.5,417.0,500.0,522.0,366.0,462.6666666666667,-0.16600000000000004,1.4,1110.0555555555557,3.39,4.27,4.92,4.91,17.490000000000002,18.31
35,2009,6,Madhya Pradesh,Khargone,1.2,0.5,417.0,417.0,500.0,522.0,479.6666666666667,0.0,1.2,1051.3157894736842,2.5,11.11,4.62,3.08,21.31,28.84
35,2010,6,Madhya Pradesh,Khargone,1.06,0.61,572.0,417.0,417.0,500.0,444.6666666666667,0.37170263788968816,1.2,1238.107142857143,3.49,5.24,10.48,5.57,24.78,28.94
35,2011,6,Madhya Pradesh,Khargone,1.02,0.42,409.0,572.0,417.0,417.0,468.6666666666667,-0.284965034965035,1.06,1214.76,2.46,6.98,14.2,3.63,27.27,27.86
35,2012,6,Madhya Pradesh,Khargone,0.34,0.2,588.0,409.0,572.0,417.0,466.0,0.4376528117359413,1.02,1543.9166666666667,1.82,9.48,5.38,7.79,24.47,25.71
35,2013,6,Madhya Pradesh,Khargone,0.41,0.21,512.0,588.0,409.0,572.0,523.0,-0.12925170068027214,0.34,1295.88,10.02,14.53,8.38,4.13,37.06,41.28
35,2014,6,Madhya Pradesh,Khargone,2.0,3.0,1500.0,512.0,588.0,409.0,503.0,1.9296875,0.41,1621.1304347826087,0.38,10.36,5.43,5.67,21.840000000000003,25.04
35,2017,6,Madhya Pradesh,Khargone,0.41,0.49,1195.0,1500.0,512.0,588.0,866.6666666666666,-0.20333333333333337,2.0,1603.7391304347825,4.73,10.58,7.9,4.75,27.96,29.11
35,2018,6,Madhya Pradesh,Khargone,0.1,0.07,687.0,1195.0,1500.0,512.0,1069.0,-0.4251046025104602,0.41,1588.7435897435898,4.83,6.95,6.4,2.26,20.44,20.67
35,2019,6,Madhya Pradesh,Khargone,0.04,0.02,528.0,687.0,1195.0,1500.0,1127.3333333333333,-0.23144104803493448,0.1,1341.735294117647,2.6,12.87,15.14,12.99,43.6,46.37
36,1993,6,Madhya Pradesh,Khandwa,1.45,0.77,531.0,560.0,442.0,542.0,514.6666666666666,-0.051785714285714324,1.5,736.7586206896551,5.71,13.08,7.66,9.75,36.2,40.43
36,1994,6,Madhya Pradesh,Khandwa,1.0,0.4,400.0,531.0,560.0,442.0,511.0,-0.24670433145009418,1.45,769.1666666666666,10.05,11.56,15.0,7.35,43.96,47.29
36,1995,6,Madhya Pradesh,Khandwa,1.1,0.6,545.0,400.0,531.0,560.0,497.0,0.36250000000000004,1.0,930.3,2.24,14.13,4.75,7.39,28.51,33.24
36,1996,6,Madhya Pradesh,Khandwa,0.9,0.6,667.0,545.0,400.0,531.0,492.0,0.2238532110091742,1.1,839.2857142857143,1.89,13.01,10.97,7.21,33.08,36.84
36,1997,6,Madhya Pradesh,Khandwa,0.8,0.5,625.0,667.0,545.0,400.0,537.3333333333334,-0.06296851574212892,0.9,925.2631578947369,6.08,10.92,9.51,3.02,29.53,37.82
36,1998,6,Madhya Pradesh,Khandwa,1.0,0.7,700.0,625.0,667.0,545.0,612.3333333333334,0.1200000000000001,0.8,1043.3,5.53,9.75,7.96,8.85,32.09,36.43
36,1999,6,Madhya Pradesh,Khandwa,1.6,0.8,500.0,700.0,625.0,667.0,664.0,-0.2857142857142857,1.0,835.1176470588235,6.04,8.21,6.24,8.79,29.28,34.7
36,2000,6,Madhya Pradesh,Khandwa,0.8,0.4,500.0,500.0,700.0,625.0,608.3333333333334,0.0,1.6,973.6666666666666,3.41,11.63,7.86,1.24,24.14,27.09
36,2001,6,Madhya Pradesh,Khandwa,0.6,0.3,500.0,500.0,500.0,700.0,566.6666666666666,0.0,0.8,910.6470588235294,7.91,6.07,5.67,2.08,21.73,27.36
36,2002,6,Madhya Pradesh,Khandwa,0.7,0.3,429.0,500.0,500.0,500.0,500.0,-0.14200000000000002,0.6,581.9473684210526,5.96,1.7,14.01,3.3,24.97,27.29
36,2003,6,Madhya Pradesh,Khandwa,0.6,0.5,833.0,429.0,500.0,500.0,476.3333333333333,0.9417249417249418,0.7,1085.6315789473683,7.84,14.0,7.48,10.17,39.49,42.5
36,2004,6,Madhya Pradesh,Khandwa,0.74,0.45,608.0,833.0,429.0,500.0,587.3333333333334,-0.2701080432172869,0.6,940.3870967741935,2.44,8.4,9.34,3.76,23.94,27.11
36,2005,6,Madhya Pradesh,Khandwa,0.4,0.22,550.0,608.0,833.0,429.0,623.3333333333334,-0.09539473684210531,0.74,1001.9333333333333,2.31,16.17,5.2,8.54,32.22,35.06
36,2006,6,Madhya Pradesh,Khandwa,0.36,0.21,583.0,550.0,608.0,833.0,663.6666666666666,0.06000000000000005,0.4,1027.1290322580646,4.09,12.08,22.07,8.97,47.21,53.48
36,2007,6,Madhya Pradesh,Khandwa,0.3,0.2,667.0,583.0,550.0,608.0,580.3333333333334,0.1440823327615781,0.36,859.5,4.57,11.19,9.02,7.77,32.55,33.92
36,2008,6,Madhya Pradesh,Khandwa,0.4,0.3,750.0,667.0,583.0,550.0,600.0,0.12443778110944526,0.3,1110.0555555555557,4.53,5.75,6.1,7.07,23.450000000000003,24.69
36,2009,6,Madhya Pradesh,Khandwa,0.4,0.2,500.0,750.0,667.0,583.0,666.6666666666666,-0.33333333333333337,0.4,1051.3157894736842,4.36,13.74,4.84,3.89,26.83,36.28
36,2010,6,Madhya Pradesh,Khandwa,0.25,0.21,842.0,500.0,750.0,667.0,639.0,0.6839999999999999,0.4,1238.107142857143,4.46,8.87,12.57,5.67,31.57,36.49
36,2011,6,Madhya Pradesh,Khandwa,0.21,0.13,589.0,842.0,500.0,750.0,697.3333333333334,-0.3004750593824228,0.25,1214.76,5.55,10.04,13.41,6.7,35.7,36.64
36,2012,6,Madhya Pradesh,Khandwa,0.29,0.32,1103.0,589.0,842.0,500.0,643.6666666666666,0.8726655348047538,0.21,1543.9166666666667,3.47,12.99,10.66,7.65,34.77,36.06
36,2013,6,Madhya Pradesh,Khandwa,0.16,0.12,750.0,1103.0,589.0,842.0,844.6666666666666,-0.32003626473254765,0.29,1295.88,13.5,16.83,10.0,4.02,44.35,49.26
36,2017,6,Madhya Pradesh,Khandwa,0.2,0.16,800.0,750.0,1103.0,589.0,814.0,0.06666666666666665,0.16,1603.7391304347825,4.56,12.57,8.05,6.66,31.84,33.58
36,2018,6,Madhya Pradesh,Khandwa,0.02,0.02,1118.0,800.0,750.0,1103.0,884.3333333333334,0.39749999999999996,0.2,1588.7435897435898,5.65,10.17,6.93,3.37,26.12,26.65
36,2019,6,Madhya Pradesh,Khandwa,0.02,0.01,526.0,1118.0,800.0,750.0,889.3333333333334,-0.5295169946332737,0.02,1341.735294117647,1.92,15.96,17.39,16.48,51.75,55.82
38,2012,6,Madhya Pradesh,Raisen,0.01,0.01,1000.0,2000.0,1667.0,1000.0,1555.6666666666667,-0.5,0.01,1543.9166666666667,3.23,15.24,17.0,3.57,39.04,39.86
38,2013,6,Madhya Pradesh,Raisen,0.01,0.02,2000.0,1000.0,2000.0,1667.0,1555.6666666666667,1.0,0.01,1295.88,15.29,17.41,17.7,2.14,52.540000000000006,58.5
38,2014,6,Madhya Pradesh,Raisen,1.0,2.0,2000.0,2000.0,1000.0,2000.0,1666.6666666666667,0.0,0.01,1621.1304347826087,2.25,13.49,7.53,5.61,28.88,35.07
38,2019,6,Madhya Pradesh,Raisen,0.01,0.02,1538.0,2000.0,2000.0,1000.0,1666.6666666666667,-0.23099999999999998,1.0,1341.735294117647,4.3,13.88,19.75,16.95,54.88,58.41
39,2014,6,Madhya Pradesh,Vidisha,1.0,3.0,3000.0,1000.0,2000.0,1000.0,1333.3333333333333,2.0,0.1,1621.1304347826087,1.97,11.62,8.84,5.37,27.8,34.2
39,2018,6,Madhya Pradesh,Vidisha,0.02,0.05,2722.0,3000.0,1000.0,2000.0,2000.0,-0.09266666666666667,1.0,1588.7435897435898,3.41,12.68,7.57,4.46,28.12,28.55
39,2019,6,Madhya Pradesh,Vidisha,0.02,0.05,2130.0,2722.0,3000.0,1000.0,2240.6666666666665,-0.2174871418074945,0.02,1341.735294117647,3.33,11.19,18.86,13.76,47.13999999999999,49.99
40,1993,6,Madhya Pradesh,Betul,0.18,0.09,500.0,526.0,333.0,667.0,508.6666666666667,-0.049429657794676785,0.19,736.7586206896551,6.55,12.92,8.52,11.86,39.85,44.56
40,1994,6,Madhya Pradesh,Betul,0.1,0.1,1000.0,500.0,526.0,333.0,453.0,1.0,0.18,769.1666666666666,8.09,16.57,15.0,8.12,47.78,52.57
40,1995,6,Madhya Pradesh,Betul,0.1,0.1,1000.0,1000.0,500.0,526.0,675.3333333333334,0.0,0.1,930.3,3.25,12.94,7.6,8.23,32.02,37.79
40,1997,6,Madhya Pradesh,Betul,0.5,0.3,600.0,1000.0,1000.0,500.0,833.3333333333334,-0.4,0.1,925.2631578947369,4.23,10.04,10.2,5.08,29.55,40.64
40,1998,6,Madhya Pradesh,Betul,0.3,0.2,667.0,600.0,1000.0,1000.0,866.6666666666666,0.11166666666666658,0.5,1043.3,4.56,8.78,9.3,7.34,29.98,36.69
40,2001,6,Madhya Pradesh,Betul,0.1,0.1,1000.0,667.0,600.0,1000.0,755.6666666666666,0.4992503748125936,0.3,910.6470588235294,9.82,9.43,8.31,3.01,30.57,37.52
40,2002,6,Madhya Pradesh,Betul,0.2,0.1,500.0,1000.0,667.0,600.0,755.6666666666666,-0.5,0.1,581.9473684210526,8.02,3.06,14.9,3.86,29.84,33.42
40,2004,6,Madhya Pradesh,Betul,0.01,0.01,1000.0,500.0,1000.0,667.0,722.3333333333334,1.0,0.2,940.3870967741935,4.17,9.96,9.89,2.46,26.480000000000004,29.540000000000003
40,2012,6,Madhya Pradesh,Betul,0.04,0.09,2250.0,1000.0,500.0,1000.0,833.3333333333334,1.25,0.01,1543.9166666666667,4.46,16.1,11.08,9.14,40.78,42.09
40,2013,6,Madhya Pradesh,Betul,0.04,0.07,1750.0,2250.0,1000.0,500.0,1250.0,-0.2222222222222222,0.04,1295.88,15.72,18.47,12.11,3.75,50.05,56.13
40,2018,6,Madhya Pradesh,Betul,0.04,0.11,2944.0,1750.0,2250.0,1000.0,1666.6666666666667,0.6822857142857144,0.04,1588.7435897435898,5.48,9.27,5.99,3.9,24.64,25.46
40,2019,6,Madhya Pradesh,Betul,0.01,0.02,2100.0,2944.0,1750.0,2250.0,2314.6666666666665,-0.2866847826086957,0.04,1341.735294117647,1.9,12.67,16.03,14.82,45.42,49.57
42,1993,6,Madhya Pradesh,Shajapur,0.15,0.1,667.0,878.0,610.0,831.0,773.0,-0.2403189066059226,0.41,736.7586206896551,3.1,11.22,7.27,10.62,32.21,33.67
42,1994,6,Madhya Pradesh,Shajapur,0.1,0.1,1000.0,667.0,878.0,610.0,718.3333333333334,0.4992503748125936,0.15,769.1666666666666,10.61,9.31,13.93,4.87,38.72,41.33
42,1995,6,Madhya Pradesh,Shajapur,0.1,0.1,1000.0,1000.0,667.0,878.0,848.3333333333334,0.0,0.1,930.3,1.34,11.89,7.65,5.95,26.83,31.42
42,2004,6,Madhya Pradesh,Shajapur,0.02,0.02,1000.0,1000.0,1000.0,667.0,889.0,0.0,0.1,940.3870967741935,1.67,8.36,12.96,1.5,24.49,26.83
42,2005,6,Madhya Pradesh,Shajapur,0.02,0.01,500.0,1000.0,1000.0,1000.0,1000.0,-0.5,0.02,1001.9333333333333,2.24,19.7,2.94,7.17,32.05,32.84
42,2006,6,Madhya Pradesh,Shajapur,0.01,0.01,1000.0,500.0,1000.0,1000.0,833.3333333333334,1.0,0.02,1027.1290322580646,2.66,12.14,25.04,6.42,46.260000000000005,51.86
42,2010,6,Madhya Pradesh,Shajapur,0.01,0.01,1000.0,1000.0,500.0,1000.0,833.3333333333334,0.0,0.01,1238.107142857143,3.21,7.71,7.97,3.36,22.25,27.39
42,2011,6,Madhya Pradesh,Shajapur,0.01,0.01,833.0,1000.0,1000.0,500.0,833.3333333333334,-0.16700000000000004,0.01,1214.76,10.49,12.93,13.56,6.31,43.290000000000006,43.51
42,2017,6,Madhya Pradesh,Shajapur,0.04,0.05,1250.0,833.0,1000.0,1000.0,944.3333333333334,0.5006002400960383,0.01,1603.7391304347825,4.33,9.77,3.88,5.63,23.61,24.43
42,2018,6,Madhya Pradesh,Shajapur,0.01,0.01,1167.0,1250.0,833.0,1000.0,1027.6666666666667,-0.06640000000000001,0.04,1588.7435897435898,3.74,11.04,7.38,2.93,25.09,25.65
43,1997,6,Madhya Pradesh,Hoshangabad,0.1,0.1,1000.0,750.0,1000.0,1000.0,916.6666666666666,0.33333333333333326,0.04,925.2631578947369,4.77,14.27,12.87,4.33,36.24,47.84
43,1998,6,Madhya Pradesh,Hoshangabad,0.1,0.1,1000.0,1000.0,750.0,1000.0,916.6666666666666,0.0,0.1,1043.3,5.83,11.27,10.12,7.13,34.35,37.66
43,1999,6,Madhya Pradesh,Hoshangabad,0.3,0.3,1000.0,1000.0,1000.0,750.0,916.6666666666666,0.0,0.1,835.1176470588235,3.88,14.66,6.55,7.03,32.12,36.26
43,2004,6,Madhya Pradesh,Hoshangabad,0.01,0.01,1000.0,1000.0,1000.0,1000.0,1000.0,0.0,0.3,940.3870967741935,2.33,9.81,14.65,1.36,28.15,30.92
43,2005,6,Madhya Pradesh,Hoshangabad,0.01,0.01,1000.0,1000.0,1000.0,1000.0,1000.0,0.0,0.01,1001.9333333333333,2.45,25.17,4.47,9.35,41.440000000000005,43.24
43,2006,6,Madhya Pradesh,Hoshangabad,0.02,0.03,1500.0,1000.0,1000.0,1000.0,1000.0,0.5,0.01,1027.1290322580646,3.13,15.11,32.43,7.64,58.31,65.25
43,2008,6,Madhya Pradesh,Hoshangabad,0.1,0.1,1000.0,1500.0,1000.0,1000.0,1166.6666666666667,-0.33333333333333337,0.02,1110.0555555555557,7.0,8.75,7.38,5.55,28.68,30.15
43,2009,6,Madhya Pradesh,Hoshangabad,0.1,0.1,1000.0,1000.0,1500.0,1000.0,1166.6666666666667,0.0,0.1,1051.3157894736842,4.16,17.64,4.43,5.3,31.53,40.82
43,2010,6,Madhya Pradesh,Hoshangabad,0.04,0.07,1651.0,1000.0,1000.0,1500.0,1166.6666666666667,0.651,0.1,1238.107142857143,3.63,9.88,9.15,4.39,27.050000000000004,32.67
43,2011,6,Madhya Pradesh,Hoshangabad,0.02,0.03,1476.0,1651.0,1000.0,1000.0,1217.0,-0.1059963658388855,0.04,1214.76,10.43,14.5,14.57,8.09,47.59,48.13
43,2012,6,Madhya Pradesh,Hoshangabad,0.02,0.03,1500.0,1476.0,1651.0,1000.0,1375.6666666666667,0.016260162601626105,0.02,1543.9166666666667,3.15,14.44,19.37,3.73,40.69,41.38
43,2013,6,Madhya Pradesh,Hoshangabad,0.02,0.02,1000.0,1500.0,1476.0,1651.0,1542.3333333333333,-0.33333333333333337,0.02,1295.88,16.47,18.15,13.18,2.02,49.82,54.81
43,2014,6,Madhya Pradesh,Hoshangabad,1.0,1.0,1000.0,1000.0,1500.0,1476.0,1325.3333333333333,0.0,0.02,1621.1304347826087,1.21,15.99,7.11,4.81,29.12,34.31
43,2018,6,Madhya Pradesh,Hoshangabad,0.01,0.02,1636.0,1000.0,1000.0,1500.0,1166.6666666666667,0.6359999999999999,1.0,1588.7435897435898,4.66,14.48,8.84,4.32,32.3,32.97
44,1993,1,Andhra Pradesh,Srikakulam,4.0,5.0,1250.0,1280.0,1857.0,1414.0,1517.0,-0.0234375,3.39,1079.5454545454545,5.19,3.54,5.94,8.69,23.36,34.46
44,1994,1,Andhra Pradesh,Srikakulam,4.0,6.0,1500.0,1250.0,1280.0,1857.0,1462.3333333333333,0.19999999999999996,4.0,1245.9,1.26,10.29,5.82,4.76,22.129999999999995,38.7
44,1995,1,Andhra Pradesh,Srikakulam,4.0,6.0,1500.0,1500.0,1250.0,1280.0,1343.3333333333333,0.0,4.0,1337.2,4.5,8.08,4.36,7.55,24.49,54.0
44,1996,1,Andhra Pradesh,Srikakulam,4.0,5.0,1250.0,1500.0,1500.0,1250.0,1416.6666666666667,-0.16666666666666663,4.0,1181.7,14.36,2.62,8.36,5.96,31.3,44.74
44,1997,1,Andhra Pradesh,Srikakulam,3.0,6.0,2000.0,1250.0,1500.0,1500.0,1416.6666666666667,0.6000000000000001,4.0,1110.6,1.83,5.31,11.0,8.82,26.96,39.01
44,1998,1,Andhra Pradesh,Srikakulam,4.0,5.0,1250.0,2000.0,1250.0,1500.0,1583.3333333333333,-0.375,3.0,1243.7,6.72,7.21,6.76,9.3,29.99,52.77
44,1999,1,Andhra Pradesh,Srikakulam,3.67,5.02,1368.0,1250.0,2000.0,1250.0,1500.0,0.09440000000000004,4.0,1046.5454545454545,6.6,2.35,8.61,3.25,20.81,28.71
44,2000,1,Andhra Pradesh,Srikakulam,4.2,7.26,1729.0,1368.0,1250.0,2000.0,1539.3333333333333,0.26388888888888884,3.67,1221.3636363636363,6.11,2.86,7.45,7.18,23.6,30.82
44,2001,1,Andhra Pradesh,Srikakulam,2.91,2.93,1007.0,1729.0,1368.0,1250.0,1449.0,-0.41758241758241754,4.2,1064.2727272727273,3.19,4.31,6.59,7.16,21.25,34.39
44,2002,1,Andhra Pradesh,Srikakulam,4.0,5.0,1250.0,1007.0,1729.0,1368.0,1368.0,0.2413108242303872,2.91,953.9090909090909,5.55,4.15,6.4,1.79,17.89,24.85
44,2003,1,Andhra Pradesh,Srikakulam,3.65,8.63,2364.0,1250.0,1007.0,1729.0,1328.6666666666667,0.8912,4.0,1247.2307692307693,1.67,10.28,5.51,5.44,22.9,44.08
44,2004,1,Andhra Pradesh,Srikakulam,3.71,6.95,1873.0,2364.0,1250.0,1007.0,1540.3333333333333,-0.2076988155668359,3.65,1120.75,5.87,9.36,3.65,5.13,24.01,33.26
44,2005,1,Andhra Pradesh,Srikakulam,4.35,4.66,1071.0,1873.0,2364.0,1250.0,1829.0,-0.4281900694073678,3.71,1101.25,2.84,5.31,3.32,20.81,32.28,53.08
44,2006,1,Andhra Pradesh,Srikakulam,3.99,2.08,521.0,1071.0,1873.0,2364.0,1769.3333333333333,-0.5135387488328664,4.35,972.1818181818181,5.12,6.02,12.89,11.58,35.61,47.71
44,2007,1,Andhra Pradesh,Srikakulam,3.95,4.28,1084.0,521.0,1071.0,1873.0,1155.0,1.0806142034548945,3.99,1586.4,11.97,3.8,5.64,9.77,31.18,42.95
44,2008,1,Andhra Pradesh,Srikakulam,2.92,4.49,1538.0,1084.0,521.0,1071.0,892.0,0.4188191881918819,3.95,1445.7,4.5,7.03,6.97,8.41,26.91,37.94
44,2009,1,Andhra Pradesh,Srikakulam,1.05,1.67,1590.0,1538.0,1084.0,521.0,1047.6666666666667,0.033810143042912966,2.92,1599.0,4.28,6.37,4.95,4.41,20.01,27.21
44,2010,1,Andhra Pradesh,Srikakulam,1.18,2.72,2305.0,1590.0,1538.0,1084.0,1404.0,0.449685534591195,1.05,1570.8181818181818,7.61,7.43,8.79,6.36,30.19,58.8
44,2011,1,Andhra Pradesh,Srikakulam,1.14,1.6,1404.0,2305.0,1590.0,1538.0,1811.0,-0.3908893709327549,1.18,1540.090909090909,1.61,8.46,5.44,4.07,19.58,28.72
44,2012,1,Andhra Pradesh,Srikakulam,0.46,1.17,2543.0,1404.0,2305.0,1590.0,1766.3333333333333,0.8112535612535612,1.14,1697.090909090909,4.3,11.26,5.78,8.56,29.9,47.02
44,2013,1,Andhra Pradesh,Srikakulam,0.21,0.36,1714.0,2543.0,1404.0,2305.0,2084.0,-0.3259929217459693,0.46,1620.1818181818182,4.19,5.0,4.38,6.14,19.71,46.38
44,2014,1,Andhra Pradesh,Srikakulam,0.2,0.52,2600.0,1714.0,2543.0,1404.0,1887.0,0.5169194865810969,0.21,1561.909090909091,3.33,10.08,8.25,7.21,28.87,40.83
44,2015,1,Andhra Pradesh,Srikakulam,0.18,0.44,2444.0,2600.0,1714.0,2543.0,2285.6666666666665,-0.06000000000000005,0.2,1891.8181818181818,13.25,4.69,9.69,10.02,37.650000000000006,48.53
44,2016,1,Andhra Pradesh,Srikakulam,0.13,0.42,3360.0,2444.0,2600.0,1714.0,2252.6666666666665,0.3747954173486088,0.18,1743.909090909091,7.87,8.33,7.13,9.67,33.0,44.14
44,2017,1,Andhra Pradesh,Srikakulam,0.09,0.29,3345.0,3360.0,2444.0,2600.0,2801.3333333333335,-0.004464285714285698,0.13,1854.7272727272727,6.64,12.16,7.96,3.99,30.75,42.9
44,2018,1,Andhra Pradesh,Srikakulam,0.08,0.14,1667.0,3345.0,3360.0,2444.0,3049.6666666666665,-0.501644245142003,0.09,1301.090909090909,3.66,8.61,13.21,6.26,31.74,43.07
44,2019,1,Andhra Pradesh,Srikakulam,0.08,0.13,1530.0,1667.0,3345.0,3360.0,2790.6666666666665,-0.08218356328734255,0.08,2004.0,4.34,7.85,10.24,10.87,33.3,48.2
45,1993,1,Andhra Pradesh,Visakhapatnam,23.0,14.0,609.0,778.0,768.0,762.0,769.3333333333334,-0.2172236503856041,36.86,1079.5454545454545,3.52,3.93,4.47,8.32,20.24,31.0
45,1994,1,Andhra Pradesh,Visakhapatnam,29.0,31.0,1069.0,609.0,778.0,768.0,718.3333333333334,0.7553366174055829,23.0,1245.9,1.73,8.71,4.84,3.58,18.86,39.38
45,1995,1,Andhra Pradesh,Visakhapatnam,31.0,30.0,968.0,1069.0,609.0,778.0,818.6666666666666,-0.09448082319925166,29.0,1337.2,4.41,7.85,5.44,7.04,24.74,55.78
45,1996,1,Andhra Pradesh,Visakhapatnam,28.0,24.0,857.0,968.0,1069.0,609.0,882.0,-0.11466942148760328,31.0,1181.7,13.09,4.54,6.94,7.0,31.57,47.42
45,1997,1,Andhra Pradesh,Visakhapatnam,18.0,10.0,556.0,857.0,968.0,1069.0,964.6666666666666,-0.35122520420070014,28.0,1110.6,2.0,5.49,8.24,7.92,23.65,36.93
45,1998,1,Andhra Pradesh,Visakhapatnam,25.0,29.0,1160.0,556.0,857.0,968.0,793.6666666666666,1.0863309352517985,18.0,1243.7,5.89,6.22,7.65,10.25,30.01,53.82
45,1999,1,Andhra Pradesh,Visakhapatnam,18.35,16.96,924.0,1160.0,556.0,857.0,857.6666666666666,-0.20344827586206893,25.0,1046.5454545454545,5.41,2.86,6.48,3.54,18.29,27.69
45,2000,1,Andhra Pradesh,Visakhapatnam,17.75,19.66,1108.0,924.0,1160.0,556.0,880.0,0.19913419913419905,18.35,1221.3636363636363,4.98,2.56,7.17,6.39,21.1,28.86
45,2001,1,Andhra Pradesh,Visakhapatnam,15.69,13.02,830.0,1108.0,924.0,1160.0,1064.0,-0.2509025270758123,17.75,1064.2727272727273,2.98,2.71,5.08,7.17,17.939999999999998,32.49
45,2002,1,Andhra Pradesh,Visakhapatnam,14.0,9.0,643.0,830.0,1108.0,924.0,954.0,-0.22530120481927707,15.69,953.9090909090909,5.14,2.98,5.75,2.01,15.88,25.11
45,2003,1,Andhra Pradesh,Visakhapatnam,17.77,20.31,1143.0,643.0,830.0,1108.0,860.3333333333334,0.7776049766718507,14.0,1247.2307692307693,2.23,8.79,4.4,5.6,21.02,40.65
45,2004,1,Andhra Pradesh,Visakhapatnam,12.46,13.09,1051.0,1143.0,643.0,830.0,872.0,-0.08048993875765531,17.77,1120.75,5.59,8.0,4.14,5.15,22.880000000000003,32.25
45,2005,1,Andhra Pradesh,Visakhapatnam,8.32,4.63,556.0,1051.0,1143.0,643.0,945.6666666666666,-0.4709800190294957,12.46,1101.25,3.28,4.96,2.99,19.41,30.64,51.36
45,2006,1,Andhra Pradesh,Visakhapatnam,8.2,7.53,918.0,556.0,1051.0,1143.0,916.6666666666666,0.6510791366906474,8.32,972.1818181818181,4.81,4.99,11.02,10.29,31.11,45.91
45,2007,1,Andhra Pradesh,Visakhapatnam,7.14,6.02,843.0,918.0,556.0,1051.0,841.6666666666666,-0.0816993464052288,8.2,1586.4,10.82,3.68,4.75,10.09,29.34,40.86
45,2008,1,Andhra Pradesh,Visakhapatnam,6.29,5.11,812.0,843.0,918.0,556.0,772.3333333333334,-0.03677342823250296,7.14,1445.7,5.29,5.83,7.12,6.54,24.78,36.76
45,2009,1,Andhra Pradesh,Visakhapatnam,4.83,5.38,1114.0,812.0,843.0,918.0,857.6666666666666,0.3719211822660098,6.29,1599.0,3.73,5.85,4.42,4.92,18.92,27.3
45,2010,1,Andhra Pradesh,Visakhapatnam,5.98,5.21,871.0,1114.0,812.0,843.0,923.0,-0.21813285457809695,4.83,1570.8181818181818,6.04,8.73,7.76,5.58,28.11,61.51
45,2011,1,Andhra Pradesh,Visakhapatnam,4.64,5.08,1095.0,871.0,1114.0,812.0,932.3333333333334,0.2571756601607349,5.98,1540.090909090909,2.76,6.74,6.03,4.24,19.770000000000003,29.26
45,2012,1,Andhra Pradesh,Visakhapatnam,4.14,3.85,930.0,1095.0,871.0,1114.0,1026.6666666666667,-0.15068493150684936,4.64,1697.090909090909,3.16,6.69,7.08,10.24,27.17,42.42
45,2013,1,Andhra Pradesh,Visakhapatnam,3.18,2.19,689.0,930.0,1095.0,871.0,965.3333333333334,-0.2591397849462366,4.14,1620.1818181818182,5.07,5.34,4.46,6.36,21.23,46.21
45,2014,1,Andhra Pradesh,Visakhapatnam,2.4,2.17,904.0,689.0,930.0,1095.0,904.6666666666666,0.31204644412191573,3.18,1561.909090909091,3.83,7.23,7.94,6.55,25.55,38.58
45,2015,1,Andhra Pradesh,Visakhapatnam,2.51,2.45,976.0,904.0,689.0,930.0,841.0,0.07964601769911495,2.4,1891.8181818181818,11.36,4.1,8.72,9.72,33.9,47.3
45,2016,1,Andhra Pradesh,Visakhapatnam,1.73,1.82,1049.0,976.0,904.0,689.0,856.3333333333334,0.07479508196721318,2.51,1743.909090909091,9.48,9.5,5.93,8.58,33.49,44.15
45,2017,1,Andhra Pradesh,Visakhapatnam,1.7,2.05,1207.0,1049.0,976.0,904.0,976.3333333333334,0.15061963775023823,1.73,1854.7272727272727,9.38,10.54,8.31,4.96,33.190000000000005,42.34
45,2018,1,Andhra Pradesh,Visakhapatnam,1.52,1.72,1131.0,1207.0,1049.0,976.0,1077.3333333333333,-0.06296603148301572,1.7,1301.090909090909,5.55,8.6,11.94,5.71,31.8,42.01
45,2019,1,Andhra Pradesh,Visakhapatnam,1.06,1.1,1042.0,1131.0,1207.0,1049.0,1129.0,-0.0786914235190097,1.52,2004.0,5.81,9.32,8.51,8.91,32.55,45.5
46,1993,1,Andhra Pradesh,East Godavari,7.0,5.0,714.0,694.0,736.0,739.0,723.0,0.028818443804034644,9.81,1079.5454545454545,1.43,4.2,4.25,6.73,16.61,27.56
46,1994,1,Andhra Pradesh,East Godavari,9.0,6.0,667.0,714.0,694.0,736.0,714.6666666666666,-0.06582633053221287,7.0,1245.9,2.38,9.14,4.2,2.01,17.729999999999997,42.61
46,1995,1,Andhra Pradesh,East Godavari,5.0,3.0,600.0,667.0,714.0,694.0,691.6666666666666,-0.1004497751124438,9.0,1337.2,4.23,7.54,6.72,6.21,24.7,54.86
46,1996,1,Andhra Pradesh,East Godavari,4.0,2.0,500.0,600.0,667.0,714.0,660.3333333333334,-0.16666666666666663,5.0,1181.7,11.5,10.28,5.31,6.42,33.51,48.34
46,1997,1,Andhra Pradesh,East Godavari,2.0,1.0,500.0,500.0,600.0,667.0,589.0,0.0,4.0,1110.6,2.26,9.1,3.37,7.53,22.26,33.64
46,1998,1,Andhra Pradesh,East Godavari,4.0,2.0,500.0,500.0,500.0,600.0,533.3333333333334,0.0,2.0,1243.7,3.72,4.82,10.2,11.66,30.4,52.98
46,1999,1,Andhra Pradesh,East Godavari,3.25,2.34,720.0,500.0,500.0,500.0,500.0,0.43999999999999995,4.0,1046.5454545454545,2.46,5.58,4.57,3.67,16.28,25.63
46,2000,1,Andhra Pradesh,East Godavari,3.04,2.01,661.0,720.0,500.0,500.0,573.3333333333334,-0.08194444444444449,3.25,1221.3636363636363,4.35,3.23,8.63,4.86,21.07,28.36
46,2001,1,Andhra Pradesh,East Godavari,2.22,2.05,923.0,661.0,720.0,500.0,627.0,0.39636913767019677,3.04,1064.2727272727273,3.88,3.32,4.35,6.92,18.47,30.55
46,2002,1,Andhra Pradesh,East Godavari,1.0,1.0,1000.0,923.0,661.0,720.0,768.0,0.08342361863488623,2.22,953.9090909090909,3.58,1.57,6.04,2.12,13.310000000000002,24.74
46,2003,1,Andhra Pradesh,East Godavari,2.7,2.3,852.0,1000.0,923.0,661.0,861.3333333333334,-0.14800000000000002,1.0,1247.2307692307693,4.32,6.62,3.16,6.13,20.23,35.34
46,2004,1,Andhra Pradesh,East Godavari,1.84,1.4,761.0,852.0,1000.0,923.0,925.0,-0.10680751173708924,2.7,1120.75,4.02,6.15,5.73,6.25,22.15,31.45
46,2005,1,Andhra Pradesh,East Godavari,1.51,1.04,689.0,761.0,852.0,1000.0,871.0,-0.09461235216819974,1.84,1101.25,3.18,6.38,2.92,15.8,28.28,45.11
46,2006,1,Andhra Pradesh,East Godavari,1.54,0.72,468.0,689.0,761.0,852.0,767.3333333333334,-0.3207547169811321,1.51,972.1818181818181,4.23,4.06,8.42,7.97,24.68,47.83
46,2007,1,Andhra Pradesh,East Godavari,1.2,0.92,767.0,468.0,689.0,761.0,639.3333333333334,0.6388888888888888,1.54,1586.4,8.38,6.57,4.53,11.38,30.86,39.260000000000005
46,2008,1,Andhra Pradesh,East Godavari,0.82,0.55,671.0,767.0,468.0,689.0,641.3333333333334,-0.12516297262059972,1.2,1445.7,6.42,5.31,9.2,4.29,25.22,37.65
46,2009,1,Andhra Pradesh,East Godavari,0.38,0.29,763.0,671.0,767.0,468.0,635.3333333333334,0.1371087928464978,0.82,1599.0,2.34,5.37,5.85,3.82,17.38,24.41
46,2010,1,Andhra Pradesh,East Godavari,0.16,0.08,500.0,763.0,671.0,767.0,733.6666666666666,-0.3446920052424639,0.38,1570.8181818181818,5.05,9.75,8.32,8.56,31.68,62.18
46,2011,1,Andhra Pradesh,East Godavari,0.1,0.08,800.0,500.0,763.0,671.0,644.6666666666666,0.6000000000000001,0.16,1540.090909090909,3.8,5.92,8.27,2.7,20.69,30.47
46,2012,1,Andhra Pradesh,East Godavari,0.09,0.1,1111.0,800.0,500.0,763.0,687.6666666666666,0.38874999999999993,0.1,1697.090909090909,4.6,8.42,8.56,12.08,33.66,49.36
46,2013,1,Andhra Pradesh,East Godavari,0.07,0.08,1143.0,1111.0,800.0,500.0,803.6666666666666,0.02880288028802891,0.09,1620.1818181818182,4.6,7.89,3.83,3.73,20.05,45.02
46,2014,1,Andhra Pradesh,East Godavari,0.06,0.08,1333.0,1143.0,1111.0,800.0,1018.0,0.16622922134733153,0.07,1561.909090909091,1.4,6.01,5.66,3.15,16.22,26.32
46,2015,1,Andhra Pradesh,East Godavari,0.07,0.06,857.0,1333.0,1143.0,1111.0,1195.6666666666667,-0.3570892723180795,0.06,1891.8181818181818,11.14,3.7,6.94,6.28,28.06,37.41
46,2016,1,Andhra Pradesh,East Godavari,0.08,0.09,1098.0,857.0,1333.0,1143.0,1111.0,0.2812135355892649,0.07,1743.909090909091,9.8,6.98,4.37,7.7,28.85,37.56
46,2017,1,Andhra Pradesh,East Godavari,0.06,0.07,1115.0,1098.0,857.0,1333.0,1096.0,0.015482695810564717,0.08,1854.7272727272727,8.24,10.43,6.25,4.39,29.31,35.17
46,2018,1,Andhra Pradesh,East Godavari,0.09,0.09,1033.0,1115.0,1098.0,857.0,1023.3333333333334,-0.07354260089686093,0.06,1301.090909090909,4.86,9.55,8.7,3.36,26.47,35.68
46,2019,1,Andhra Pradesh,East Godavari,0.01,0.01,1200.0,1033.0,1115.0,1098.0,1082.0,0.16166505324298153,0.09,2004.0,3.47,8.37,5.66,7.43,24.93,35.7
49,1999,1,Andhra Pradesh,Guntur,0.14,0.16,1143.0,1000.0,1000.0,417.0,805.6666666666666,0.14300000000000002,1.0,1046.5454545454545,2.06,5.14,2.93,3.01,13.14,19.67
49,2000,1,Andhra Pradesh,Guntur,0.44,0.59,1341.0,1143.0,1000.0,1000.0,1047.6666666666667,0.17322834645669283,0.14,1221.3636363636363,6.32,4.98,11.05,4.88,27.23,35.08
49,2001,1,Andhra Pradesh,Guntur,0.12,0.12,1000.0,1341.0,1143.0,1000.0,1161.3333333333333,-0.25428784489187173,0.44,1064.2727272727273,2.9,2.65,6.14,5.01,16.7,29.83
49,2002,1,Andhra Pradesh,Guntur,1.0,1.0,1000.0,1000.0,1341.0,1143.0,1161.3333333333333,0.0,0.12,953.9090909090909,2.41,1.8,7.15,1.04,12.4,24.96
49,2003,1,Andhra Pradesh,Guntur,16.28,22.11,1358.0,1000.0,1000.0,1341.0,1113.6666666666667,0.3580000000000001,1.0,1247.2307692307693,2.74,5.78,2.93,4.97,16.419999999999998,27.91
49,2004,1,Andhra Pradesh,Guntur,5.83,1.59,273.0,1358.0,1000.0,1000.0,1119.3333333333333,-0.7989690721649485,16.28,1120.75,2.94,4.69,3.31,5.13,16.07,24.8
49,2005,1,Andhra Pradesh,Guntur,0.8,0.46,575.0,273.0,1358.0,1000.0,877.0,1.1062271062271063,5.83,1101.25,1.67,6.46,2.96,11.93,23.02,38.97
49,2006,1,Andhra Pradesh,Guntur,0.04,0.04,1000.0,575.0,273.0,1358.0,735.3333333333334,0.7391304347826086,0.8,972.1818181818181,4.35,4.12,4.49,5.59,18.55,43.83
49,2009,1,Andhra Pradesh,Guntur,0.32,0.56,1750.0,1000.0,575.0,273.0,616.0,0.75,0.04,1599.0,2.95,2.8,6.59,5.06,17.4,26.84
49,2010,1,Andhra Pradesh,Guntur,1.18,2.2,1864.0,1750.0,1000.0,575.0,1108.3333333333333,0.06514285714285717,0.32,1570.8181818181818,3.41,8.56,6.51,10.43,28.91,50.83
49,2011,1,Andhra Pradesh,Guntur,0.01,0.02,2000.0,1864.0,1750.0,1000.0,1538.0,0.07296137339055786,1.18,1540.090909090909,3.2,6.32,6.36,0.97,16.849999999999998,23.86
49,2012,1,Andhra Pradesh,Guntur,1.91,3.72,1948.0,2000.0,1864.0,1750.0,1871.3333333333333,-0.026000000000000023,0.01,1697.090909090909,3.55,6.22,6.0,8.5,24.27,39.02
49,2013,1,Andhra Pradesh,Guntur,3.32,5.81,1750.0,1948.0,2000.0,1864.0,1937.3333333333333,-0.10164271047227924,1.91,1620.1818181818182,4.7,6.22,6.24,3.64,20.8,41.95
49,2014,1,Andhra Pradesh,Guntur,0.75,0.83,1107.0,1750.0,1948.0,2000.0,1899.3333333333333,-0.36742857142857144,3.32,1561.909090909091,0.62,5.56,5.38,3.93,15.489999999999998,24.39
49,2015,1,Andhra Pradesh,Guntur,1.56,3.19,2045.0,1107.0,1750.0,1948.0,1601.6666666666667,0.8473351400180669,0.75,1891.8181818181818,7.29,3.86,4.98,4.67,20.800000000000004,27.08
49,2016,1,Andhra Pradesh,Guntur,2.22,1.27,571.0,2045.0,1107.0,1750.0,1634.0,-0.7207823960880195,1.56,1743.909090909091,9.18,3.29,4.75,6.65,23.87,30.69
49,2017,1,Andhra Pradesh,Guntur,1.34,1.25,936.0,571.0,2045.0,1107.0,1241.0,0.63922942206655,2.22,1854.7272727272727,6.31,10.05,6.45,4.05,26.86,32.35
49,2018,1,Andhra Pradesh,Guntur,0.07,0.1,1418.0,936.0,571.0,2045.0,1184.0,0.5149572649572649,1.34,1301.090909090909,5.14,6.5,9.04,2.69,23.37,30.22
49,2019,1,Andhra Pradesh,Guntur,0.04,0.09,2000.0,1418.0,936.0,571.0,975.0,0.41043723554301836,0.07,2004.0,3.14,8.31,5.82,6.87,24.140000000000004,33.51
50,1993,1,Andhra Pradesh,S.P.S.Nellore,3.0,5.0,1667.0,1715.0,1170.0,1316.0,1400.3333333333333,-0.02798833819241986,3.83,1079.5454545454545,0.76,3.07,5.03,1.78,10.64,38.74
50,1994,1,Andhra Pradesh,S.P.S.Nellore,3.0,5.0,1667.0,1667.0,1715.0,1170.0,1517.3333333333333,0.0,3.0,1245.9,0.62,2.11,3.97,0.54,7.24,41.6
50,1995,1,Andhra Pradesh,S.P.S.Nellore,3.0,5.0,1667.0,1667.0,1667.0,1715.0,1683.0,0.0,3.0,1337.2,0.82,4.46,3.89,3.71,12.88,34.86
50,1996,1,Andhra Pradesh,S.P.S.Nellore,5.0,11.0,2200.0,1667.0,1667.0,1667.0,1667.0,0.31973605278944217,3.0,1181.7,10.36,1.95,2.78,3.61,18.7,47.36
50,1997,1,Andhra Pradesh,S.P.S.Nellore,2.0,5.0,2500.0,2200.0,1667.0,1667.0,1844.6666666666667,0.13636363636363646,5.0,1110.6,0.85,1.97,2.22,5.68,10.72,40.05
50,1998,1,Andhra Pradesh,S.P.S.Nellore,2.0,4.0,2000.0,2500.0,2200.0,1667.0,2122.3333333333335,-0.19999999999999996,2.0,1243.7,0.64,1.98,3.79,5.01,11.42,27.98
50,1999,1,Andhra Pradesh,S.P.S.Nellore,2.15,3.85,1791.0,2000.0,2500.0,2200.0,2233.3333333333335,-0.10450000000000004,2.0,1046.5454545454545,0.91,0.78,3.28,2.17,7.14,19.69
50,2000,1,Andhra Pradesh,S.P.S.Nellore,3.07,5.66,1844.0,1791.0,2000.0,2500.0,2097.0,0.02959240647682848,2.15,1221.3636363636363,2.26,3.81,6.16,3.67,15.9,33.89
50,2001,1,Andhra Pradesh,S.P.S.Nellore,0.98,1.46,1490.0,1844.0,1791.0,2000.0,1878.3333333333333,-0.19197396963123647,3.07,1064.2727272727273,1.06,1.51,2.01,4.8,9.38,33.57
50,2002,1,Andhra Pradesh,S.P.S.Nellore,1.0,2.0,2000.0,1490.0,1844.0,1791.0,1708.3333333333333,0.34228187919463093,0.98,953.9090909090909,0.51,1.12,3.6,2.52,7.75,31.02
50,2003,1,Andhra Pradesh,S.P.S.Nellore,1.23,2.0,1626.0,2000.0,1490.0,1844.0,1778.0,-0.18700000000000006,1.0,1247.2307692307693,0.75,7.1,2.76,3.34,13.95,27.35
50,2004,1,Andhra Pradesh,S.P.S.Nellore,1.48,3.57,2412.0,1626.0,2000.0,1490.0,1705.3333333333333,0.4833948339483394,1.23,1120.75,0.95,2.51,0.55,5.96,9.97,34.77
50,2005,1,Andhra Pradesh,S.P.S.Nellore,0.84,1.14,1357.0,2412.0,1626.0,2000.0,2012.6666666666667,-0.4373963515754561,1.48,1101.25,0.44,1.71,2.05,2.82,7.02,42.83
50,2006,1,Andhra Pradesh,S.P.S.Nellore,0.54,1.15,2130.0,1357.0,2412.0,1626.0,1798.3333333333333,0.5696389093588798,0.84,972.1818181818181,1.77,2.34,1.66,4.26,10.03,33.43
50,2007,1,Andhra Pradesh,S.P.S.Nellore,0.66,1.86,2818.0,2130.0,1357.0,2412.0,1966.3333333333333,0.32300469483568084,0.54,1586.4,4.58,5.82,4.68,2.78,17.86,39.69
50,2008,1,Andhra Pradesh,S.P.S.Nellore,0.46,1.02,2217.0,2818.0,2130.0,1357.0,2101.6666666666665,-0.21327182398864442,0.66,1445.7,0.47,2.24,3.66,2.26,8.629999999999999,30.73
50,2009,1,Andhra Pradesh,S.P.S.Nellore,0.86,2.11,2453.0,2217.0,2818.0,2130.0,2388.3333333333335,0.10645015787099688,0.46,1599.0,1.5,1.11,6.54,3.71,12.86,32.660000000000004
50,2010,1,Andhra Pradesh,S.P.S.Nellore,1.61,3.82,2373.0,2453.0,2217.0,2818.0,2496.0,-0.032613126783530344,0.86,1570.8181818181818,3.18,3.52,6.24,2.66,15.6,42.08
50,2011,1,Andhra Pradesh,S.P.S.Nellore,0.65,1.55,2385.0,2373.0,2453.0,2217.0,2347.6666666666665,0.005056890012642201,1.61,1540.090909090909,1.65,2.78,4.38,2.1,10.909999999999998,33.15
50,2012,1,Andhra Pradesh,S.P.S.Nellore,0.76,2.65,3487.0,2385.0,2373.0,2453.0,2403.6666666666665,0.4620545073375262,0.65,1697.090909090909,1.53,2.95,2.27,2.32,9.07,25.17
50,2013,1,Andhra Pradesh,S.P.S.Nellore,1.15,4.19,3643.0,3487.0,2385.0,2373.0,2748.3333333333335,0.04473759678806988,0.76,1620.1818181818182,2.96,4.89,5.06,4.35,17.259999999999998,31.25
50,2014,1,Andhra Pradesh,S.P.S.Nellore,0.64,1.7,2656.0,3643.0,3487.0,2385.0,3171.6666666666665,-0.2709305517430689,1.15,1561.909090909091,1.31,1.96,2.77,2.57,8.61,24.66
50,2015,1,Andhra Pradesh,S.P.S.Nellore,0.42,1.53,3643.0,2656.0,3643.0,3487.0,3262.0,0.37161144578313254,0.64,1891.8181818181818,2.06,1.92,5.48,5.22,14.68,47.15
50,2016,1,Andhra Pradesh,S.P.S.Nellore,1.44,5.36,3737.0,3643.0,2656.0,3643.0,3314.0,0.025802909689816023,0.42,1743.909090909091,3.19,2.23,1.81,1.83,9.06,20.56
50,2017,1,Andhra Pradesh,S.P.S.Nellore,1.83,4.88,2664.0,3737.0,3643.0,2656.0,3345.3333333333335,-0.28712871287128716,1.44,1854.7272727272727,3.41,3.96,5.75,6.17,19.29,30.91
50,2018,1,Andhra Pradesh,S.P.S.Nellore,0.22,0.37,1664.0,2664.0,3737.0,3643.0,3348.0,-0.37537537537537535,1.83,1301.090909090909,1.25,1.13,3.43,2.62,8.43,17.47
50,2019,1,Andhra Pradesh,S.P.S.Nellore,0.24,0.66,2728.0,1664.0,2664.0,3737.0,2688.3333333333335,0.6394230769230769,0.22,2004.0,0.86,3.76,4.66,5.68,14.96,32.17
51,1993,1,Andhra Pradesh,Kurnool,19.0,19.0,1000.0,749.0,553.0,461.0,587.6666666666666,0.33511348464619495,17.71,1079.5454545454545,0.88,3.0,6.99,3.47,14.340000000000002,23.34
51,1994,1,Andhra Pradesh,Kurnool,18.0,10.0,556.0,1000.0,749.0,553.0,767.3333333333334,-0.44399999999999995,19.0,1245.9,1.57,3.55,4.12,0.48,9.72,21.5
51,1995,1,Andhra Pradesh,Kurnool,16.0,17.0,1063.0,556.0,1000.0,749.0,768.3333333333334,0.9118705035971224,18.0,1337.2,2.59,5.78,7.15,4.84,20.36,28.7
51,1996,1,Andhra Pradesh,Kurnool,14.0,9.0,643.0,1063.0,556.0,1000.0,873.0,-0.39510818438381934,16.0,1181.7,5.6,3.25,7.3,5.57,21.72,31.68
51,1997,1,Andhra Pradesh,Kurnool,12.0,9.0,750.0,643.0,1063.0,556.0,754.0,0.16640746500777603,14.0,1110.6,3.78,3.51,2.99,6.46,16.74,25.78
51,1998,1,Andhra Pradesh,Kurnool,18.0,16.0,889.0,750.0,643.0,1063.0,818.6666666666666,0.18533333333333335,12.0,1243.7,2.68,4.69,3.81,10.85,22.03,30.97
51,1999,1,Andhra Pradesh,Kurnool,15.82,9.52,602.0,889.0,750.0,643.0,760.6666666666666,-0.3228346456692913,18.0,1046.5454545454545,1.45,2.49,4.76,3.35,12.05,15.86
51,2000,1,Andhra Pradesh,Kurnool,19.22,15.61,812.0,602.0,889.0,750.0,747.0,0.34883720930232553,15.82,1221.3636363636363,6.41,2.45,9.44,3.23,21.53,26.85
51,2001,1,Andhra Pradesh,Kurnool,14.12,11.21,794.0,812.0,602.0,889.0,767.6666666666666,-0.022167487684729092,19.22,1064.2727272727273,1.98,2.93,3.1,6.52,14.53,22.56
51,2002,1,Andhra Pradesh,Kurnool,10.0,7.0,700.0,794.0,812.0,602.0,736.0,-0.11838790931989929,14.12,953.9090909090909,2.19,3.27,4.39,1.23,11.08,22.79
51,2003,1,Andhra Pradesh,Kurnool,15.03,17.99,1197.0,700.0,794.0,812.0,768.6666666666666,0.71,10.0,1247.2307692307693,2.96,3.69,4.23,3.43,14.31,20.28
51,2004,1,Andhra Pradesh,Kurnool,11.14,10.3,925.0,1197.0,700.0,794.0,897.0,-0.227234753550543,15.03,1120.75,0.86,4.35,0.95,4.91,11.07,20.67
51,2005,1,Andhra Pradesh,Kurnool,12.19,14.91,1223.0,925.0,1197.0,700.0,940.6666666666666,0.3221621621621622,11.14,1101.25,3.28,8.0,5.07,4.7,21.05,35.11
51,2006,1,Andhra Pradesh,Kurnool,9.47,8.61,909.0,1223.0,925.0,1197.0,1115.0,-0.25674570727718726,12.19,972.1818181818181,4.17,3.25,2.48,7.21,17.11,26.62
51,2007,1,Andhra Pradesh,Kurnool,10.01,11.05,1104.0,909.0,1223.0,925.0,1019.0,0.21452145214521456,9.47,1586.4,16.1,2.63,8.3,6.21,33.24,37.77
51,2008,1,Andhra Pradesh,Kurnool,8.23,8.94,1086.0,1104.0,909.0,1223.0,1078.6666666666667,-0.016304347826086918,10.01,1445.7,2.05,3.89,5.8,4.4,16.14,25.12
51,2009,1,Andhra Pradesh,Kurnool,6.75,4.87,721.0,1086.0,1104.0,909.0,1033.0,-0.3360957642725598,8.23,1599.0,3.43,1.03,4.26,7.91,16.63,25.65
51,2010,1,Andhra Pradesh,Kurnool,7.61,11.31,1486.0,721.0,1086.0,1104.0,970.3333333333334,1.0610263522884882,6.75,1570.8181818181818,2.92,9.29,5.97,5.15,23.33,29.18
51,2011,1,Andhra Pradesh,Kurnool,5.79,2.72,470.0,1486.0,721.0,1086.0,1097.6666666666667,-0.6837146702557201,7.61,1540.090909090909,1.53,3.02,4.81,0.76,10.12,14.7
51,2012,1,Andhra Pradesh,Kurnool,12.35,16.1,1304.0,470.0,1486.0,721.0,892.3333333333334,1.774468085106383,5.79,1697.090909090909,1.49,5.44,2.65,4.18,13.76,20.63
51,2013,1,Andhra Pradesh,Kurnool,7.83,8.89,1135.0,1304.0,470.0,1486.0,1086.6666666666667,-0.129601226993865,12.35,1620.1818181818182,2.35,3.92,4.81,6.88,17.959999999999997,24.95
51,2014,1,Andhra Pradesh,Kurnool,5.24,7.34,1401.0,1135.0,1304.0,470.0,969.6666666666666,0.23436123348017612,7.83,1561.909090909091,1.6,5.05,6.52,4.0,17.17,23.57
51,2015,1,Andhra Pradesh,Kurnool,9.86,13.39,1358.0,1401.0,1135.0,1304.0,1280.0,-0.03069236259814423,5.24,1891.8181818181818,2.04,1.97,2.72,5.14,11.87,17.82
51,2016,1,Andhra Pradesh,Kurnool,8.63,14.86,1721.0,1358.0,1401.0,1135.0,1298.0,0.2673048600883652,9.86,1743.909090909091,4.08,3.95,3.47,5.97,17.470000000000002,20.56
51,2017,1,Andhra Pradesh,Kurnool,8.2,15.91,1941.0,1721.0,1358.0,1401.0,1493.3333333333333,0.1278326554328879,8.63,1854.7272727272727,5.01,2.64,4.37,5.71,17.73,22.97
51,2018,1,Andhra Pradesh,Kurnool,6.72,4.91,730.0,1941.0,1721.0,1358.0,1673.3333333333333,-0.6239052035033488,8.2,1301.090909090909,2.33,2.0,3.25,2.93,10.51,12.58
51,2019,1,Andhra Pradesh,Kurnool,7.35,16.76,2280.0,730.0,1941.0,1721.0,1464.0,2.1232876712328768,6.72,2004.0,1.5,2.45,4.78,6.66,15.39,21.45
52,1993,1,Andhra Pradesh,Anantapur,5.0,2.0,400.0,638.0,353.0,376.0,455.6666666666667,-0.3730407523510971,5.16,1079.5454545454545,1.53,1.37,3.76,2.94,9.6,18.01
52,1994,1,Andhra Pradesh,Anantapur,3.0,1.0,333.0,400.0,638.0,353.0,463.6666666666667,-0.16749999999999998,5.0,1245.9,0.81,2.24,1.55,1.61,6.210000000000001,15.0
52,1995,1,Andhra Pradesh,Anantapur,4.0,3.0,750.0,333.0,400.0,638.0,457.0,1.2522522522522523,3.0,1337.2,0.74,4.77,6.11,3.6,15.22,20.12
52,1996,1,Andhra Pradesh,Anantapur,3.0,2.0,667.0,750.0,333.0,400.0,494.3333333333333,-0.11066666666666669,4.0,1181.7,4.77,1.33,2.34,6.16,14.6,24.19
52,1997,1,Andhra Pradesh,Anantapur,1.0,1.0,1000.0,667.0,750.0,333.0,583.3333333333334,0.4992503748125936,3.0,1110.6,3.16,0.84,2.03,4.2,10.23,17.23
52,1998,1,Andhra Pradesh,Anantapur,3.0,2.0,667.0,1000.0,667.0,750.0,805.6666666666666,-0.33299999999999996,1.0,1243.7,0.58,4.42,7.06,4.23,16.29,22.83
52,1999,1,Andhra Pradesh,Anantapur,1.73,0.94,543.0,667.0,1000.0,667.0,778.0,-0.1859070464767616,3.0,1046.5454545454545,1.09,1.7,3.46,6.45,12.7,19.37
52,2000,1,Andhra Pradesh,Anantapur,2.79,1.63,584.0,543.0,667.0,1000.0,736.6666666666666,0.07550644567219145,1.73,1221.3636363636363,2.93,1.66,2.82,2.74,10.15,16.7
52,2001,1,Andhra Pradesh,Anantapur,1.62,0.54,333.0,584.0,543.0,667.0,598.0,-0.4297945205479452,2.79,1064.2727272727273,1.23,1.37,1.8,7.9,12.3,19.93
52,2002,1,Andhra Pradesh,Anantapur,2.0,1.0,500.0,333.0,584.0,543.0,486.6666666666667,0.5015015015015014,1.62,953.9090909090909,1.94,0.77,1.13,1.89,5.73,14.1
52,2003,1,Andhra Pradesh,Anantapur,2.39,0.4,167.0,500.0,333.0,584.0,472.3333333333333,-0.6659999999999999,2.0,1247.2307692307693,0.73,1.41,1.81,0.73,4.68,11.39
52,2004,1,Andhra Pradesh,Anantapur,1.08,0.43,398.0,167.0,500.0,333.0,333.3333333333333,1.3832335329341316,2.39,1120.75,0.38,3.44,0.65,3.52,7.99,17.85
52,2005,1,Andhra Pradesh,Anantapur,1.06,2.01,1896.0,398.0,167.0,500.0,355.0,3.7638190954773867,1.08,1101.25,2.21,4.46,4.49,4.3,15.46,27.78
52,2006,1,Andhra Pradesh,Anantapur,0.76,0.23,303.0,1896.0,398.0,167.0,820.3333333333334,-0.8401898734177216,1.06,972.1818181818181,2.11,1.16,0.84,4.33,8.44,19.0
52,2007,1,Andhra Pradesh,Anantapur,1.23,2.63,2138.0,303.0,1896.0,398.0,865.6666666666666,6.0561056105610565,0.76,1586.4,6.65,2.82,4.18,6.48,20.130000000000003,28.71
52,2008,1,Andhra Pradesh,Anantapur,0.77,1.05,1364.0,2138.0,303.0,1896.0,1445.6666666666667,-0.3620205799812909,1.23,1445.7,2.39,3.23,4.69,4.26,14.57,24.91
52,2009,1,Andhra Pradesh,Anantapur,1.77,3.25,1836.0,1364.0,2138.0,303.0,1268.3333333333333,0.346041055718475,0.77,1599.0,1.48,0.66,4.98,5.81,12.93,21.46
52,2010,1,Andhra Pradesh,Anantapur,2.02,1.47,728.0,1836.0,1364.0,2138.0,1779.3333333333333,-0.6034858387799564,1.77,1570.8181818181818,2.01,6.01,4.57,2.18,14.77,26.36
52,2011,1,Andhra Pradesh,Anantapur,2.73,3.45,1264.0,728.0,1836.0,1364.0,1309.3333333333333,0.7362637362637363,2.02,1540.090909090909,1.98,3.55,3.2,0.87,9.6,18.32
52,2012,1,Andhra Pradesh,Anantapur,2.2,1.47,668.0,1264.0,728.0,1836.0,1276.0,-0.4715189873417721,2.73,1697.090909090909,0.91,3.05,2.75,2.57,9.28,16.43
52,2013,1,Andhra Pradesh,Anantapur,1.35,1.24,919.0,668.0,1264.0,728.0,886.6666666666666,0.37574850299401197,2.2,1620.1818181818182,1.86,1.6,2.12,6.91,12.49,19.04
52,2014,1,Andhra Pradesh,Anantapur,1.8,1.06,589.0,919.0,668.0,1264.0,950.3333333333334,-0.35908596300326445,1.35,1561.909090909091,2.26,1.09,3.48,3.1,9.93,17.41
52,2015,1,Andhra Pradesh,Anantapur,3.26,3.36,1031.0,589.0,919.0,668.0,725.3333333333334,0.7504244482173175,1.8,1891.8181818181818,2.32,0.98,1.97,4.1,9.37,20.8
52,2016,1,Andhra Pradesh,Anantapur,2.47,1.26,510.0,1031.0,589.0,919.0,846.3333333333334,-0.5053346265761396,3.26,1743.909090909091,3.43,2.64,1.35,1.72,9.14,14.1
52,2017,1,Andhra Pradesh,Anantapur,5.29,7.07,1337.0,510.0,1031.0,589.0,710.0,1.6215686274509804,2.47,1854.7272727272727,3.53,1.51,2.96,6.26,14.26,23.73
52,2018,1,Andhra Pradesh,Anantapur,3.01,3.48,1157.0,1337.0,510.0,1031.0,959.3333333333334,-0.1346297681376215,5.29,1301.090909090909,1.4,0.81,1.0,5.56,8.77,12.02
52,2019,1,Andhra Pradesh,Anantapur,2.27,3.48,1531.0,1157.0,1337.0,510.0,1001.3333333333334,0.3232497839239412,3.01,2004.0,1.29,1.17,3.67,6.93,13.06,23.85
53,1993,1,Andhra Pradesh,Kadapa YSR,3.0,5.0,1667.0,1664.0,1360.0,1578.0,1534.0,0.0018028846153845812,4.7,1079.5454545454545,1.07,2.11,4.69,2.68,10.55,25.55
53,1994,1,Andhra Pradesh,Kadapa YSR,2.0,5.0,2500.0,1667.0,1664.0,1360.0,1563.6666666666667,0.4997000599880024,3.0,1245.9,0.75,2.05,2.77,0.9,6.470000000000001,22.47
53,1995,1,Andhra Pradesh,Kadapa YSR,2.0,6.0,3000.0,2500.0,1667.0,1664.0,1943.6666666666667,0.19999999999999996,2.0,1337.2,0.89,5.03,5.3,3.7,14.919999999999998,25.33
53,1996,1,Andhra Pradesh,Kadapa YSR,3.0,6.0,2000.0,3000.0,2500.0,1667.0,2389.0,-0.33333333333333337,2.0,1181.7,7.28,1.85,3.12,4.97,17.22,32.82
53,1997,1,Andhra Pradesh,Kadapa YSR,2.0,2.0,1000.0,2000.0,3000.0,2500.0,2500.0,-0.5,3.0,1110.6,1.98,1.46,2.2,5.77,11.41,26.18
53,1998,1,Andhra Pradesh,Kadapa YSR,4.0,7.0,1750.0,1000.0,2000.0,3000.0,2000.0,0.75,2.0,1243.7,0.8,3.92,6.09,5.71,16.52,26.11
53,1999,1,Andhra Pradesh,Kadapa YSR,4.26,4.33,1016.0,1750.0,1000.0,2000.0,1583.3333333333333,-0.4194285714285715,4.0,1046.5454545454545,1.13,1.42,3.67,4.32,10.54,18.69
53,2000,1,Andhra Pradesh,Kadapa YSR,9.68,13.72,1417.0,1016.0,1750.0,1000.0,1255.3333333333333,0.3946850393700787,4.26,1221.3636363636363,3.11,2.79,4.73,2.96,13.59,23.95
53,2001,1,Andhra Pradesh,Kadapa YSR,2.92,5.26,1801.0,1417.0,1016.0,1750.0,1394.3333333333333,0.2709950599858857,9.68,1064.2727272727273,1.13,1.48,1.98,6.84,11.43,24.8
53,2002,1,Andhra Pradesh,Kadapa YSR,4.0,4.0,1000.0,1801.0,1417.0,1016.0,1411.3333333333333,-0.44475291504719605,2.92,953.9090909090909,1.4,1.19,1.98,2.27,6.84,20.33
53,2003,1,Andhra Pradesh,Kadapa YSR,5.32,4.71,885.0,1000.0,1801.0,1417.0,1406.0,-0.11499999999999999,4.0,1247.2307692307693,0.97,4.09,2.32,2.07,9.45,18.57
53,2004,1,Andhra Pradesh,Kadapa YSR,6.16,9.15,1485.0,885.0,1000.0,1801.0,1228.6666666666667,0.6779661016949152,5.32,1120.75,0.54,3.46,0.55,4.83,9.38,23.15
53,2005,1,Andhra Pradesh,Kadapa YSR,5.79,6.19,1069.0,1485.0,885.0,1000.0,1123.3333333333333,-0.2801346801346801,6.16,1101.25,1.69,3.44,3.71,3.49,12.33,32.74
53,2006,1,Andhra Pradesh,Kadapa YSR,3.81,5.58,1465.0,1069.0,1485.0,885.0,1146.3333333333333,0.37043966323666977,5.79,972.1818181818181,2.25,1.59,1.0,4.68,9.52,23.81
53,2007,1,Andhra Pradesh,Kadapa YSR,3.75,6.94,1851.0,1465.0,1069.0,1485.0,1339.6666666666667,0.2634812286689421,3.81,1586.4,7.0,4.19,4.99,4.86,21.04,32.69
53,2008,1,Andhra Pradesh,Kadapa YSR,2.48,6.71,2706.0,1851.0,1465.0,1069.0,1461.6666666666667,0.4619124797406806,3.75,1445.7,1.79,3.33,4.23,3.57,12.920000000000002,25.56
53,2009,1,Andhra Pradesh,Kadapa YSR,3.59,9.34,2602.0,2706.0,1851.0,1465.0,2007.3333333333333,-0.03843311160384333,2.48,1599.0,1.69,0.77,5.35,4.96,12.77,24.22
53,2010,1,Andhra Pradesh,Kadapa YSR,4.94,12.36,2502.0,2602.0,2706.0,1851.0,2386.3333333333335,-0.03843197540353571,3.59,1570.8181818181818,2.62,5.45,5.12,1.8,14.990000000000002,29.72
53,2011,1,Andhra Pradesh,Kadapa YSR,4.14,10.72,2589.0,2502.0,2602.0,2706.0,2603.3333333333335,0.03477218225419665,4.94,1540.090909090909,1.54,3.2,3.98,1.56,10.28,21.86
53,2012,1,Andhra Pradesh,Kadapa YSR,3.36,4.43,1318.0,2589.0,2502.0,2602.0,2564.3333333333335,-0.49092313634607954,4.14,1697.090909090909,1.41,2.95,2.23,2.25,8.84,18.88
53,2013,1,Andhra Pradesh,Kadapa YSR,4.19,8.09,1931.0,1318.0,2589.0,2502.0,2136.3333333333335,0.46509863429438547,3.36,1620.1818181818182,2.39,3.09,3.67,6.28,15.43,22.92
53,2014,1,Andhra Pradesh,Kadapa YSR,3.12,8.0,2564.0,1931.0,1318.0,2589.0,1946.0,0.3278094251683066,4.19,1561.909090909091,2.0,1.55,3.17,3.03,9.75,19.05
53,2015,1,Andhra Pradesh,Kadapa YSR,4.64,7.44,1603.0,2564.0,1931.0,1318.0,1937.6666666666667,-0.374804992199688,3.12,1891.8181818181818,2.44,1.49,3.68,4.73,12.34,34.22
53,2016,1,Andhra Pradesh,Kadapa YSR,5.89,6.89,1169.0,1603.0,2564.0,1931.0,2032.6666666666667,-0.2707423580786026,4.64,1743.909090909091,3.37,3.27,1.42,1.64,9.7,16.28
53,2017,1,Andhra Pradesh,Kadapa YSR,9.82,20.48,2085.0,1169.0,1603.0,2564.0,1778.6666666666667,0.7835757057313943,5.89,1854.7272727272727,3.94,3.59,4.38,6.52,18.43,28.58
53,2018,1,Andhra Pradesh,Kadapa YSR,1.86,2.65,1429.0,2085.0,1169.0,1603.0,1619.0,-0.3146282973621103,9.82,1301.090909090909,1.49,1.02,1.65,3.57,7.73,12.93
53,2019,1,Andhra Pradesh,Kadapa YSR,4.48,11.33,2528.0,1429.0,2085.0,1169.0,1561.0,0.769069279216235,1.86,2004.0,0.92,2.09,4.58,6.55,14.14,25.8
54,1993,1,Andhra Pradesh,Chittoor,5.0,7.0,1400.0,1182.0,1340.0,1601.0,1374.3333333333333,0.18443316412859567,4.07,1079.5454545454545,1.91,2.68,4.64,2.99,12.22,35.1
54,1994,1,Andhra Pradesh,Chittoor,2.0,4.0,2000.0,1400.0,1182.0,1340.0,1307.3333333333333,0.4285714285714286,5.0,1245.9,1.1,2.59,3.42,1.25,8.36,30.01
54,1995,1,Andhra Pradesh,Chittoor,3.0,3.0,1000.0,2000.0,1400.0,1182.0,1527.3333333333333,-0.5,2.0,1337.2,0.89,4.09,6.16,4.26,15.4,30.64
54,1996,1,Andhra Pradesh,Chittoor,3.0,3.0,1000.0,1000.0,2000.0,1400.0,1466.6666666666667,0.0,3.0,1181.7,9.11,1.77,3.73,5.77,20.38,42.79
54,1997,1,Andhra Pradesh,Chittoor,2.0,2.0,1000.0,1000.0,1000.0,2000.0,1333.3333333333333,0.0,3.0,1110.6,1.79,1.39,2.84,4.66,10.68,36.76
54,1998,1,Andhra Pradesh,Chittoor,2.0,3.0,1500.0,1000.0,1000.0,1000.0,1000.0,0.5,2.0,1243.7,0.95,3.72,5.45,4.45,14.57,30.36
54,1999,1,Andhra Pradesh,Chittoor,2.6,2.89,1112.0,1500.0,1000.0,1000.0,1166.6666666666667,-0.2586666666666667,2.0,1046.5454545454545,1.98,1.82,3.6,3.76,11.16,25.02
54,2000,1,Andhra Pradesh,Chittoor,4.16,5.45,1310.0,1112.0,1500.0,1000.0,1204.0,0.17805755395683454,2.6,1221.3636363636363,2.09,3.63,4.46,4.39,14.57,30.45
54,2001,1,Andhra Pradesh,Chittoor,3.19,3.87,1213.0,1310.0,1112.0,1500.0,1307.3333333333333,-0.07404580152671758,4.16,1064.2727272727273,1.48,3.03,1.71,5.61,11.83,32.57
54,2002,1,Andhra Pradesh,Chittoor,2.0,1.0,500.0,1213.0,1310.0,1112.0,1211.6666666666667,-0.5877988458367683,3.19,953.9090909090909,1.38,1.27,2.86,2.95,8.46,25.88
54,2003,1,Andhra Pradesh,Chittoor,2.2,3.67,1668.0,500.0,1213.0,1310.0,1007.6666666666666,2.336,2.0,1247.2307692307693,1.42,4.97,3.43,2.63,12.45,24.12
54,2004,1,Andhra Pradesh,Chittoor,2.74,3.6,1314.0,1668.0,500.0,1213.0,1127.0,-0.21223021582733814,2.2,1120.75,1.34,3.47,1.22,6.94,12.97,34.03
54,2005,1,Andhra Pradesh,Chittoor,1.92,2.29,1193.0,1314.0,1668.0,500.0,1160.6666666666667,-0.09208523592085238,2.74,1101.25,0.89,2.78,3.19,3.89,10.75,45.8
54,2006,1,Andhra Pradesh,Chittoor,1.49,0.96,644.0,1193.0,1314.0,1668.0,1391.6666666666667,-0.460184409052808,1.92,972.1818181818181,2.53,2.39,1.98,3.49,10.39,29.9
54,2007,1,Andhra Pradesh,Chittoor,2.21,3.46,1566.0,644.0,1193.0,1314.0,1050.3333333333333,1.4316770186335406,1.49,1586.4,3.53,5.63,5.31,4.5,18.97,35.88
54,2008,1,Andhra Pradesh,Chittoor,1.72,3.3,1919.0,1566.0,644.0,1193.0,1134.3333333333333,0.2254150702426565,2.21,1445.7,1.34,3.34,4.44,3.15,12.27,35.58
54,2009,1,Andhra Pradesh,Chittoor,2.88,3.36,1167.0,1919.0,1566.0,644.0,1376.3333333333333,-0.39187076602397086,1.72,1599.0,1.5,1.7,4.94,6.77,14.91,30.23
54,2010,1,Andhra Pradesh,Chittoor,3.1,5.91,1906.0,1167.0,1919.0,1566.0,1550.6666666666667,0.63324764353042,2.88,1570.8181818181818,3.43,4.01,5.34,3.2,15.98,36.49
54,2011,1,Andhra Pradesh,Chittoor,2.36,4.96,2102.0,1906.0,1167.0,1919.0,1664.0,0.10283315844700947,3.1,1540.090909090909,1.1,3.72,4.75,3.58,13.15,31.58
54,2012,1,Andhra Pradesh,Chittoor,1.69,4.22,2497.0,2102.0,1906.0,1167.0,1725.0,0.18791627021883928,2.36,1697.090909090909,2.21,3.21,3.67,2.47,11.56,26.76
54,2013,1,Andhra Pradesh,Chittoor,1.79,3.91,2184.0,2497.0,2102.0,1906.0,2168.3333333333335,-0.12535042050460554,1.69,1620.1818181818182,3.09,3.23,4.79,6.31,17.419999999999998,28.06
54,2014,1,Andhra Pradesh,Chittoor,2.07,4.62,2232.0,2184.0,2497.0,2102.0,2261.0,0.0219780219780219,1.79,1561.909090909091,3.29,1.0,3.23,3.93,11.45,25.26
54,2015,1,Andhra Pradesh,Chittoor,2.37,6.67,2814.0,2232.0,2184.0,2497.0,2304.3333333333335,0.260752688172043,2.07,1891.8181818181818,2.6,2.12,4.81,3.99,13.52,54.14
54,2016,1,Andhra Pradesh,Chittoor,2.25,6.2,2760.0,2814.0,2232.0,2184.0,2410.0,-0.019189765458422214,2.37,1743.909090909091,4.4,4.3,0.82,2.26,11.78,21.13
54,2017,1,Andhra Pradesh,Chittoor,2.1,4.81,2286.0,2760.0,2814.0,2232.0,2602.0,-0.17173913043478262,2.25,1854.7272727272727,3.05,4.77,5.74,6.6,20.16,35.05
54,2018,1,Andhra Pradesh,Chittoor,1.83,3.96,2163.0,2286.0,2760.0,2814.0,2620.0,-0.0538057742782152,2.1,1301.090909090909,2.28,1.73,2.27,3.36,9.64,20.6
54,2019,1,Andhra Pradesh,Chittoor,2.09,7.72,3701.0,2163.0,2286.0,2760.0,2403.0,0.7110494683310218,1.83,2004.0,1.67,2.81,5.7,6.96,17.14,30.5
56,1993,20,Telangana,Nizamabad,4.0,1.0,250.0,303.85,295.15,396.77,331.92333333333335,-0.1772256047391806,4.41,654.5233333333333,2.88,7.27,5.38,5.42,20.95,26.71
56,1994,20,Telangana,Nizamabad,4.0,2.0,500.0,250.0,303.85,295.15,283.0,1.0,4.0,507.4666666666667,3.76,7.69,9.65,2.15,23.25,31.17
56,1995,20,Telangana,Nizamabad,4.0,2.0,500.0,500.0,250.0,303.85,351.2833333333333,0.0,4.0,580.302,5.44,8.22,5.29,4.88,23.83,38.11
56,1996,20,Telangana,Nizamabad,4.0,2.0,500.0,500.0,500.0,250.0,416.6666666666667,0.0,4.0,623.376,3.06,6.92,9.37,7.06,26.41,32.43
56,1997,20,Telangana,Nizamabad,4.0,2.0,500.0,500.0,500.0,500.0,500.0,0.0,4.0,452.94,3.62,6.66,6.08,3.05,19.41,27.97
56,1999,20,Telangana,Nizamabad,6.24,3.65,584.94,500.0,500.0,500.0,500.0,0.16988000000000003,4.0,613.8822222222223,3.37,4.25,5.14,4.28,17.04,21.21
56,2000,20,Telangana,Nizamabad,6.78,4.07,600.29,584.94,500.0,500.0,528.3133333333334,0.02624200772728802,6.24,608.6266666666666,6.28,4.64,11.11,2.03,24.06,27.48
56,2001,20,Telangana,Nizamabad,5.61,2.62,467.02,600.29,584.94,500.0,561.7433333333333,-0.22200936214163158,6.78,468.0055555555556,5.02,2.91,7.54,3.36,18.83,25.21
56,2002,20,Telangana,Nizamabad,5.0,2.0,400.0,467.02,600.29,584.94,550.75,-0.14350563145047313,5.61,433.3333333333333,5.94,3.07,10.07,1.47,20.55,25.47
56,2003,20,Telangana,Nizamabad,4.78,2.92,610.88,400.0,467.02,600.29,489.1033333333333,0.5271999999999999,5.0,610.1088888888889,3.22,10.49,6.63,2.63,22.97,28.21
56,2004,20,Telangana,Nizamabad,4.78,1.51,315.9,610.88,400.0,467.02,492.6333333333334,-0.4828771608171818,4.78,321.30111111111114,1.56,8.46,2.6,3.41,16.03,22.630000000000003
56,2005,20,Telangana,Nizamabad,7.31,4.64,634.75,315.9,610.88,400.0,442.26,1.0093383982272872,4.78,644.60625,4.81,12.56,4.92,8.26,30.55,39.66
56,2006,20,Telangana,Nizamabad,7.85,2.77,352.87,634.75,315.9,610.88,520.51,-0.4440803465931469,7.31,358.52666666666664,3.3,6.62,9.72,9.27,28.91,36.89
56,2007,20,Telangana,Nizamabad,9.37,6.0,640.34,352.87,634.75,315.9,434.50666666666666,0.8146626236290986,7.85,641.1233333333333,5.22,3.29,7.35,9.26,25.12,27.26
56,2008,20,Telangana,Nizamabad,7.03,4.45,633.0,640.34,352.87,634.75,542.6533333333333,-0.011462660461629803,9.37,634.9442857142857,3.35,4.86,12.74,7.28,28.230000000000004,36.36
56,2009,20,Telangana,Nizamabad,7.95,3.85,484.28,633.0,640.34,352.87,542.07,-0.23494470774091636,7.03,513.03625,3.59,4.23,9.3,3.8,20.92,26.5
56,2010,20,Telangana,Nizamabad,8.05,5.84,725.47,484.28,633.0,640.34,585.8733333333333,0.49803832493598765,7.95,756.24375,4.65,10.71,9.6,7.03,31.99,37.24
56,2011,20,Telangana,Nizamabad,6.54,4.1,626.91,725.47,484.28,633.0,614.25,-0.13585675493128602,8.05,650.4328571428571,2.35,8.98,7.78,2.99,22.1,24.1
56,2012,20,Telangana,Nizamabad,3.3,5.52,1672.73,626.91,725.47,484.28,612.2199999999999,1.668213938204846,6.54,1222.4828571428573,3.71,7.21,5.65,5.31,21.88,24.77
56,2013,20,Telangana,Nizamabad,6.76,6.36,940.83,1672.73,626.91,725.47,1008.3699999999999,-0.4375481996496745,3.3,957.04125,6.93,14.67,4.2,4.2,30.0,37.95
56,2014,20,Telangana,Nizamabad,6.06,5.68,937.29,940.83,1672.73,626.91,1080.1566666666665,-0.0037626351200537034,6.76,899.5875,2.31,5.32,5.75,3.73,17.11,22.67
56,2015,20,Telangana,Nizamabad,1.58,1.48,936.71,937.29,940.83,1672.73,1183.6166666666666,-0.0006188052790491172,6.06,881.95125,3.92,2.16,5.34,3.04,14.46,19.04
56,2016,20,Telangana,Nizamabad,1.53,1.33,868.94,936.71,937.29,940.83,938.2766666666666,-0.07234896606206831,1.58,850.6381818181818,4.83,6.66,2.05,9.34,22.88,25.89
56,2017,20,Telangana,Nizamabad,4.75,5.02,1057.04,868.94,936.71,937.29,914.3133333333334,0.21647064239187963,1.53,1030.3625,4.22,5.0,5.23,2.35,16.8,20.1
56,2018,20,Telangana,Nizamabad,5.07,2.52,497.0,1057.04,868.94,936.71,954.23,-0.5298191175357603,4.75,495.3333333333333,4.67,3.38,7.52,1.59,17.16,19.13
56,2019,20,Telangana,Nizamabad,6.5,7.91,1215.97,497.0,1057.04,868.94,807.66,1.4466197183098592,5.07,1174.3999999999999,2.18,6.68,6.34,6.4,21.6,26.64
57,1993,20,Telangana,Medak,2.0,1.0,500.0,305.44,296.15,394.27,331.9533333333333,0.6369827134625459,2.39,654.5233333333333,2.76,6.71,5.76,4.77,20.0,25.77
57,1994,20,Telangana,Medak,3.0,1.0,333.33,500.0,305.44,296.15,367.19666666666666,-0.3333400000000001,2.0,507.4666666666667,3.53,5.78,8.11,1.87,19.290000000000003,28.66
57,1995,20,Telangana,Medak,2.0,1.0,500.0,333.33,500.0,305.44,379.59,0.5000150001500017,3.0,580.302,5.19,7.71,5.75,4.82,23.47,38.94
57,1996,20,Telangana,Medak,2.0,1.0,500.0,500.0,333.33,500.0,444.4433333333333,0.0,2.0,623.376,3.03,6.58,10.4,6.09,26.1,32.82
57,1997,20,Telangana,Medak,2.0,1.0,500.0,500.0,500.0,333.33,444.4433333333333,0.0,2.0,452.94,2.33,6.35,5.6,3.38,17.66,26.4
57,1998,20,Telangana,Medak,2.0,1.0,500.0,500.0,500.0,500.0,500.0,0.0,2.0,606.58,2.44,8.35,8.57,5.55,24.91,32.86
57,1999,20,Telangana,Medak,1.47,0.86,585.03,500.0,500.0,500.0,500.0,0.17005999999999988,2.0,613.8822222222223,2.27,4.15,4.16,4.17,14.75,19.0
57,2000,20,Telangana,Medak,1.08,0.65,601.85,585.03,500.0,500.0,528.3433333333334,0.028750662359195323,1.47,608.6266666666666,7.88,3.41,12.85,1.98,26.12,30.33
57,2001,20,Telangana,Medak,0.87,0.41,471.26,601.85,585.03,500.0,562.2933333333334,-0.21698097532607796,1.08,468.0055555555556,6.11,2.32,7.68,4.02,20.13,26.37
57,2003,20,Telangana,Medak,0.67,0.41,611.94,471.26,601.85,585.03,552.7133333333333,0.2985188643211816,0.87,610.1088888888889,2.75,9.61,5.82,2.35,20.53,26.54
57,2004,20,Telangana,Medak,0.34,0.11,323.53,611.94,471.26,601.85,561.6833333333334,-0.47130437624603727,0.67,321.30111111111114,1.35,8.21,2.35,3.87,15.78,23.1
57,2005,20,Telangana,Medak,0.62,0.39,629.03,323.53,611.94,471.26,468.91,0.9442710104163448,0.34,644.60625,4.11,12.52,4.7,7.99,29.32,39.37
57,2006,20,Telangana,Medak,0.51,0.18,352.94,629.03,323.53,611.94,521.5,-0.43891388328060665,0.62,358.52666666666664,3.24,6.37,8.08,8.39,26.08,34.79
57,2007,20,Telangana,Medak,0.67,0.43,641.79,352.94,629.03,323.53,435.1666666666667,0.8184110613702045,0.51,641.1233333333333,5.19,3.19,7.45,9.14,24.97,27.25
57,2008,20,Telangana,Medak,0.74,0.47,635.14,641.79,352.94,629.03,541.2533333333333,-0.010361644774770529,0.67,634.9442857142857,2.44,4.21,14.13,6.88,27.66,37.55
57,2009,20,Telangana,Medak,0.27,0.13,481.48,635.14,641.79,352.94,543.29,-0.24193091286960355,0.74,513.03625,3.06,2.94,10.36,4.24,20.6,25.98
57,2010,20,Telangana,Medak,0.41,0.29,707.32,481.48,635.14,641.79,586.1366666666667,0.4690537509346182,0.27,756.24375,4.79,10.66,8.73,7.01,31.19,36.44
57,2011,20,Telangana,Medak,0.32,0.2,625.0,707.32,481.48,635.14,607.98,-0.11638296669117243,0.41,650.4328571428571,1.97,8.14,7.34,2.56,20.01,22.34
57,2012,20,Telangana,Medak,0.33,0.29,878.79,625.0,707.32,481.48,604.6,0.406064,0.32,1222.4828571428573,3.82,6.98,5.12,4.58,20.5,23.98
57,2013,20,Telangana,Medak,0.23,0.22,956.52,878.79,625.0,707.32,737.0366666666667,0.08845116580753087,0.33,957.04125,6.39,11.1,4.01,4.86,26.36,35.39
57,2014,20,Telangana,Medak,0.3,0.28,933.33,956.52,878.79,625.0,820.1033333333334,-0.024244134989336308,0.23,899.5875,1.96,5.03,6.73,3.02,16.740000000000002,22.23
57,2015,20,Telangana,Medak,0.29,0.27,931.03,933.33,956.52,878.79,922.88,-0.002464294515337584,0.3,881.95125,3.2,1.86,4.3,3.88,13.239999999999998,17.919999999999998
57,2019,20,Telangana,Medak,0.03,0.03,1230.77,931.03,933.33,956.52,940.2933333333334,0.321944513066174,0.29,1174.3999999999999,2.23,5.21,5.8,6.85,20.09,25.58
58,1993,20,Telangana,Mahabubnagar,14.0,5.0,357.14,271.02,249.25,501.04,340.43666666666667,0.3177625267507933,13.32,654.5233333333333,1.36,3.86,6.69,3.66,15.57,23.45
58,1994,20,Telangana,Mahabubnagar,11.0,4.0,363.64,357.14,271.02,249.25,292.47,0.018200145601164897,14.0,507.4666666666667,2.04,3.74,4.79,0.82,11.39,22.75
58,1995,20,Telangana,Mahabubnagar,12.0,7.0,583.33,363.64,357.14,271.02,330.59999999999997,0.6041414585854143,11.0,580.302,3.27,6.01,6.72,4.89,20.89,31.4
58,1996,20,Telangana,Mahabubnagar,14.0,8.0,571.43,583.33,363.64,357.14,434.7033333333334,-0.02040011657209484,12.0,623.376,4.69,3.98,8.47,5.2,22.34,31.27
58,1997,20,Telangana,Mahabubnagar,10.0,4.0,400.0,571.43,583.33,363.64,506.1333333333334,-0.3000017499956249,14.0,452.94,2.95,4.14,3.54,5.52,16.15,25.15
58,1998,20,Telangana,Mahabubnagar,15.0,6.0,400.0,400.0,571.43,583.33,518.2533333333334,0.0,10.0,606.58,2.51,5.22,4.62,9.27,21.62,30.42
58,1999,20,Telangana,Mahabubnagar,16.64,7.99,480.17,400.0,400.0,571.43,457.14333333333326,0.20042500000000008,15.0,613.8822222222223,1.35,2.89,4.35,3.39,11.98,15.79
58,2000,20,Telangana,Mahabubnagar,18.56,11.38,613.15,480.17,400.0,400.0,426.72333333333336,0.27694358248120454,16.64,608.6266666666666,7.2,2.37,10.92,2.83,23.32,28.42
58,2001,20,Telangana,Mahabubnagar,17.98,8.63,479.98,613.15,480.17,400.0,497.7733333333333,-0.217189920900269,18.56,468.0055555555556,3.39,2.67,4.28,5.73,16.07,23.31
58,2002,20,Telangana,Mahabubnagar,12.0,6.0,500.0,479.98,613.15,480.17,524.4333333333333,0.04171007125296877,17.98,433.3333333333333,3.05,3.09,5.08,1.18,12.4,22.55
58,2003,20,Telangana,Mahabubnagar,11.55,6.7,580.09,500.0,479.98,613.15,531.0433333333333,0.16018,12.0,610.1088888888889,2.85,4.94,4.46,3.05,15.3,21.31
58,2004,20,Telangana,Mahabubnagar,8.41,3.93,467.3,580.09,500.0,479.98,520.0233333333334,-0.19443534623937664,11.55,321.30111111111114,0.96,5.18,1.28,4.66,12.08,20.89
58,2005,20,Telangana,Mahabubnagar,8.63,6.81,789.11,467.3,580.09,500.0,515.7966666666667,0.6886582495185105,8.41,644.60625,3.25,9.13,4.83,5.45,22.66,35.54
58,2006,20,Telangana,Mahabubnagar,6.34,2.42,381.7,789.11,467.3,580.09,612.1666666666666,-0.5162905044924029,8.63,358.52666666666664,3.92,4.07,3.58,7.22,18.79,28.03
58,2007,20,Telangana,Mahabubnagar,5.79,4.39,758.2,381.7,789.11,467.3,546.0366666666666,0.9863767356562747,6.34,641.1233333333333,13.23,2.65,8.04,6.83,30.75,34.33
58,2008,20,Telangana,Mahabubnagar,11.05,7.31,661.54,758.2,381.7,789.11,643.0033333333333,-0.1274861514112372,5.79,634.9442857142857,1.8,3.71,8.14,4.86,18.51,28.09
58,2009,20,Telangana,Mahabubnagar,4.98,2.21,443.78,661.54,758.2,381.7,600.48,-0.3291713275085407,11.05,513.03625,3.36,1.26,5.92,6.53,17.07,24.26
58,2010,20,Telangana,Mahabubnagar,3.9,2.87,735.9,443.78,661.54,758.2,621.1733333333333,0.6582540898643472,4.98,756.24375,3.27,9.31,5.87,5.72,24.17,29.18
58,2011,20,Telangana,Mahabubnagar,2.34,1.29,551.28,735.9,443.78,661.54,613.7399999999999,-0.25087647778230737,3.9,650.4328571428571,1.41,3.87,5.07,1.14,11.490000000000002,14.98
58,2012,20,Telangana,Mahabubnagar,2.99,2.82,943.14,551.28,735.9,443.78,576.9866666666667,0.7108184588593818,2.34,1222.4828571428573,2.01,5.61,3.07,4.04,14.73,20.61
58,2013,20,Telangana,Mahabubnagar,3.14,2.9,923.57,943.14,551.28,735.9,743.4399999999999,-0.020749835655363924,2.99,957.04125,3.19,4.64,4.68,6.49,19.0,26.99
58,2014,20,Telangana,Mahabubnagar,1.58,1.5,949.37,923.57,943.14,551.28,805.9966666666666,0.02793507801249495,3.14,899.5875,1.5,4.86,7.56,3.5,17.42,23.46
58,2015,20,Telangana,Mahabubnagar,1.22,1.17,959.02,949.37,923.57,943.14,938.6933333333333,0.010164635495117702,1.58,881.95125,1.99,1.87,2.81,5.37,12.04,17.240000000000002
58,2019,20,Telangana,Mahabubnagar,0.01,0.01,1222.22,959.02,949.37,923.57,943.9866666666667,0.27444683114012225,1.22,1174.3999999999999,1.44,2.27,4.27,5.43,13.41,18.75
59,1993,20,Telangana,Nalgonda,25.0,8.0,320.0,316.87,305.0,326.1,315.99,0.0098778678953515,25.91,654.5233333333333,1.91,4.67,4.84,3.73,15.15,21.82
59,1994,20,Telangana,Nalgonda,23.0,8.0,347.83,320.0,316.87,305.0,313.95666666666665,0.08696875000000004,25.0,507.4666666666667,2.46,5.29,5.71,1.51,14.97,27.48
59,1995,20,Telangana,Nalgonda,22.0,7.0,318.18,347.83,320.0,316.87,328.23333333333335,-0.085242791018601,23.0,580.302,3.36,5.53,4.74,4.48,18.11,32.550000000000004
59,1996,20,Telangana,Nalgonda,22.0,12.0,545.45,318.18,347.83,320.0,328.67,0.7142812244641399,22.0,623.376,4.6,5.16,7.91,4.4,22.07,30.0
59,1997,20,Telangana,Nalgonda,17.0,7.0,411.76,545.45,318.18,347.83,403.82,-0.24510037583646538,22.0,452.94,1.85,5.43,4.26,5.59,17.13,26.12
59,1998,20,Telangana,Nalgonda,19.0,10.0,526.32,411.76,545.45,318.18,425.13000000000005,0.2782203225179718,17.0,606.58,2.15,5.79,6.3,5.86,20.1,28.37
59,1999,20,Telangana,Nalgonda,17.04,11.68,685.45,526.32,411.76,545.45,494.51000000000005,0.30234458124335006,19.0,613.8822222222223,1.6,3.58,3.39,3.41,11.98,16.14
59,2000,20,Telangana,Nalgonda,16.14,9.44,584.88,685.45,526.32,411.76,541.1766666666667,-0.1467211321029981,17.04,608.6266666666666,7.07,2.95,11.32,2.42,23.76,28.99
59,2001,20,Telangana,Nalgonda,9.81,4.34,442.41,584.88,685.45,526.32,598.8833333333333,-0.24358842839556827,16.14,468.0055555555556,4.56,2.05,5.89,4.14,16.64,24.05
59,2002,20,Telangana,Nalgonda,15.0,6.0,400.0,442.41,584.88,685.45,570.9133333333333,-0.0958613051242061,9.81,433.3333333333333,3.94,2.25,6.31,1.04,13.54,21.41
59,2003,20,Telangana,Nalgonda,21.44,13.44,626.87,400.0,442.41,584.88,475.7633333333333,0.567175,15.0,610.1088888888889,2.41,6.92,4.17,2.74,16.240000000000002,23.27
59,2004,20,Telangana,Nalgonda,11.09,2.22,200.18,626.87,400.0,442.41,489.76,-0.6806674430105125,21.44,321.30111111111114,1.37,5.82,1.98,3.85,13.02,20.66
59,2005,20,Telangana,Nalgonda,8.33,3.94,472.99,200.18,626.87,400.0,409.01666666666665,1.3628234588870018,11.09,644.60625,2.88,9.12,3.73,7.25,22.98,34.61
59,2006,20,Telangana,Nalgonda,3.85,1.19,309.09,472.99,200.18,626.87,433.34666666666664,-0.3465189538890886,8.33,358.52666666666664,3.24,4.78,5.25,6.7,19.97,31.11
59,2007,20,Telangana,Nalgonda,4.72,2.34,495.76,309.09,472.99,200.18,327.42,0.6039341292180271,3.85,641.1233333333333,6.95,3.67,6.26,7.26,24.14,27.51
59,2008,20,Telangana,Nalgonda,2.32,1.16,500.0,495.76,309.09,472.99,425.94666666666666,0.008552525415523649,4.72,634.9442857142857,2.08,3.79,10.59,5.37,21.83,32.39
59,2009,20,Telangana,Nalgonda,1.81,1.08,596.69,500.0,495.76,309.09,434.95,0.1933800000000001,2.32,513.03625,2.69,2.0,7.9,4.7,17.29,23.24
59,2010,20,Telangana,Nalgonda,2.16,1.52,703.7,596.69,500.0,495.76,530.8166666666667,0.17933935544420043,1.81,756.24375,2.61,9.2,5.14,5.45,22.4,30.42
59,2011,20,Telangana,Nalgonda,0.92,0.75,815.22,703.7,596.69,500.0,600.13,0.15847662356117653,2.16,650.4328571428571,1.7,4.82,5.13,1.04,12.69,15.5
59,2012,20,Telangana,Nalgonda,2.01,1.64,815.92,815.22,703.7,596.69,705.2033333333334,0.0008586639189420708,0.92,1222.4828571428573,2.65,5.28,3.81,4.07,15.81,21.92
59,2013,20,Telangana,Nalgonda,0.77,0.78,1012.99,815.92,815.22,703.7,778.2800000000001,0.2415310324541622,2.01,957.04125,4.85,4.5,7.29,4.7,21.34,33.49
59,2014,20,Telangana,Nalgonda,0.04,0.02,500.0,1012.99,815.92,815.22,881.3766666666667,-0.5064117118629009,0.77,899.5875,0.86,3.63,4.95,3.98,13.420000000000002,19.5
59,2015,20,Telangana,Nalgonda,0.06,0.03,500.0,500.0,1012.99,815.92,776.3033333333333,0.0,0.04,881.95125,3.91,1.77,2.67,3.28,11.63,14.63
59,2016,20,Telangana,Nalgonda,1.1,0.64,584.7,500.0,500.0,1012.99,670.9966666666666,0.1694,0.06,850.6381818181818,4.86,3.51,2.8,6.17,17.340000000000003,20.92
59,2017,20,Telangana,Nalgonda,0.14,0.1,725.93,584.7,500.0,500.0,528.2333333333333,0.24154267145544717,1.1,1030.3625,4.48,6.87,6.19,5.88,23.42,27.75
59,2019,20,Telangana,Nalgonda,0.09,0.11,1219.78,725.93,584.7,500.0,603.5433333333334,0.6802997534197512,0.14,1174.3999999999999,2.4,3.23,5.23,5.55,16.41,23.49
60,1993,20,Telangana,Warangal,1.0,2.0,2000.0,433.73,756.1,685.82,625.2166666666667,3.611163627141309,0.83,654.5233333333333,2.31,6.17,4.58,4.88,17.94,23.09
60,1994,20,Telangana,Warangal,1.0,1.0,1000.0,2000.0,433.73,756.1,1063.2766666666666,-0.5,1.0,507.4666666666667,3.34,7.64,9.11,1.77,21.86,30.31
60,1999,20,Telangana,Warangal,0.17,0.14,823.53,1000.0,2000.0,433.73,1144.5766666666666,-0.17647000000000002,1.0,613.8822222222223,3.26,3.9,4.71,3.66,15.53,19.09
60,2000,20,Telangana,Warangal,0.09,0.06,666.67,823.53,1000.0,2000.0,1274.51,-0.1904727210909135,0.17,608.6266666666666,5.66,4.46,10.57,2.08,22.770000000000003,26.17
60,2001,20,Telangana,Warangal,0.06,0.03,500.0,666.67,823.53,1000.0,830.0666666666666,-0.2500037499812501,0.09,468.0055555555556,4.11,2.81,6.88,2.82,16.62,22.66
60,2003,20,Telangana,Warangal,0.35,0.22,628.57,500.0,666.67,823.53,663.4,0.25714000000000015,0.06,610.1088888888889,3.04,10.07,6.0,2.68,21.79,27.69
60,2004,20,Telangana,Warangal,0.03,0.01,333.33,628.57,500.0,666.67,598.4133333333333,-0.46970106750242624,0.35,321.30111111111114,1.49,7.55,2.52,3.03,14.589999999999998,21.2
60,2005,20,Telangana,Warangal,0.07,0.05,714.29,333.33,628.57,500.0,487.3,1.142891428914289,0.03,644.60625,4.71,11.19,4.23,8.1,28.23,37.54
60,2006,20,Telangana,Warangal,0.02,0.01,500.0,714.29,333.33,628.57,558.73,-0.3000041999748001,0.07,358.52666666666664,2.97,5.85,9.05,8.88,26.75,35.07
60,2007,20,Telangana,Warangal,1.45,0.93,641.38,500.0,714.29,333.33,515.8733333333333,0.2827599999999999,0.02,641.1233333333333,5.2,3.06,6.55,8.72,23.53,25.99
60,2010,20,Telangana,Warangal,0.01,0.01,1000.0,641.38,500.0,714.29,618.5566666666666,0.5591381084536469,1.45,756.24375,2.87,11.6,9.59,7.58,31.64,37.45
60,2014,20,Telangana,Warangal,0.08,0.08,1000.0,1000.0,641.38,500.0,713.7933333333334,0.0,0.01,899.5875,1.22,4.22,4.47,2.72,12.63,17.84
60,2015,20,Telangana,Warangal,0.01,0.01,1000.0,1000.0,1000.0,641.38,880.46,0.0,0.08,881.95125,4.3,2.07,2.53,2.79,11.689999999999998,14.61
61,1999,20,Telangana,Khammam,0.42,0.25,595.24,310.34,294.12,398.5,334.32,0.9180253915060903,0.58,613.8822222222223,2.17,4.41,3.49,3.25,13.32,18.13
61,2000,20,Telangana,Khammam,0.31,0.19,612.9,595.24,310.34,294.12,399.90000000000003,0.029668705060143852,0.42,608.6266666666666,6.6,4.17,11.09,3.3,25.16,30.98
61,2001,20,Telangana,Khammam,0.2,0.09,450.0,612.9,595.24,310.34,506.16,-0.26578560939794416,0.31,468.0055555555556,3.7,2.55,6.24,4.2,16.69,26.12
61,2003,20,Telangana,Khammam,0.74,0.45,608.11,450.0,612.9,595.24,552.7133333333334,0.35135555555555564,0.2,610.1088888888889,2.69,7.07,3.96,3.74,17.46,26.21
61,2004,20,Telangana,Khammam,0.2,0.06,300.0,608.11,450.0,612.9,557.0033333333334,-0.5066682014767065,0.74,321.30111111111114,2.23,5.67,2.77,4.26,14.93,22.58
61,2005,20,Telangana,Khammam,0.26,0.17,653.85,300.0,608.11,450.0,452.7033333333334,1.1795,0.2,644.60625,2.68,8.35,3.5,9.42,23.95,36.79
61,2006,20,Telangana,Khammam,0.04,0.01,250.0,653.85,300.0,608.11,520.6533333333333,-0.6176493079452474,0.26,358.52666666666664,3.78,4.77,5.59,6.64,20.78,36.29
61,2007,20,Telangana,Khammam,0.06,0.04,666.67,250.0,653.85,300.0,401.28333333333336,1.66668,0.04,641.1233333333333,7.3,5.64,5.69,7.35,25.98,30.41
61,2008,20,Telangana,Khammam,0.04,0.03,750.0,666.67,250.0,653.85,523.5066666666667,0.12499437502812483,0.06,634.9442857142857,3.11,5.11,10.16,5.59,23.97,34.99
61,2009,20,Telangana,Khammam,0.03,0.02,666.67,750.0,666.67,250.0,555.5566666666667,-0.11110666666666669,0.04,513.03625,2.97,2.82,7.31,4.62,17.72,24.82
61,2013,20,Telangana,Khammam,0.01,0.01,1000.0,666.67,750.0,666.67,694.4466666666667,0.49999250003749984,0.03,957.04125,5.16,5.19,7.88,4.29,22.52,38.59
62,2000,20,Telangana,Karimnagar,0.76,0.46,605.26,586.67,318.18,500.0,468.2833333333333,0.03168731995840934,0.75,608.6266666666666,4.02,5.74,9.07,2.12,20.95,23.44
62,2001,20,Telangana,Karimnagar,0.47,0.22,468.09,605.26,586.67,318.18,503.36999999999995,-0.2266298780689291,0.76,468.0055555555556,2.97,3.5,6.77,2.2,15.44,21.45
62,2003,20,Telangana,Karimnagar,0.94,0.57,606.38,468.09,605.26,586.67,553.3399999999999,0.2954346386378688,0.47,610.1088888888889,3.51,11.21,7.11,2.96,24.790000000000003,30.0
62,2004,20,Telangana,Karimnagar,0.54,0.17,314.81,606.38,468.09,605.26,559.91,-0.4808370988489066,0.94,321.30111111111114,1.63,7.94,2.72,2.51,14.8,20.89
62,2006,20,Telangana,Karimnagar,0.17,0.06,352.94,314.81,606.38,468.09,463.0933333333333,0.12112067596327947,0.54,358.52666666666664,2.94,6.01,10.88,10.09,29.92,37.11
62,2007,20,Telangana,Karimnagar,0.35,0.23,657.14,352.94,314.81,606.38,424.71000000000004,0.8619028730095766,0.17,641.1233333333333,5.3,2.81,6.58,9.08,23.77,26.07
62,2009,20,Telangana,Karimnagar,0.71,0.34,478.87,657.14,352.94,314.81,441.62999999999994,-0.2712816142678881,0.35,513.03625,4.02,5.47,7.67,2.61,19.77,25.55
62,2010,20,Telangana,Karimnagar,2.7,1.96,725.93,478.87,657.14,352.94,496.31666666666666,0.5159229018313947,0.71,756.24375,2.58,12.66,12.31,8.92,36.47,42.02
62,2011,20,Telangana,Karimnagar,0.6,0.38,633.33,725.93,478.87,657.14,620.6466666666666,-0.12756050858898227,2.7,650.4328571428571,2.83,6.66,6.4,2.45,18.34,20.07
62,2012,20,Telangana,Karimnagar,0.7,1.16,1657.14,633.33,725.93,478.87,612.71,1.6165506134242813,0.6,1222.4828571428573,2.95,9.3,7.61,5.3,25.16,28.38
62,2013,20,Telangana,Karimnagar,1.97,1.85,939.09,1657.14,633.33,725.93,1005.4666666666667,-0.4333067815634165,0.7,957.04125,7.07,13.2,5.14,4.8,30.21,39.88
62,2014,20,Telangana,Karimnagar,1.5,1.41,940.0,939.09,1657.14,633.33,1076.5200000000002,0.0009690232033137125,1.97,899.5875,1.8,5.08,4.67,3.98,15.53,20.74
62,2015,20,Telangana,Karimnagar,1.04,0.97,932.69,940.0,939.09,1657.14,1178.7433333333336,-0.007776595744680814,1.5,881.95125,5.02,3.23,3.25,3.52,15.02,18.61
63,1999,20,Telangana,Adilabad,0.64,0.38,593.75,312.5,333.33,395.52,347.1166666666666,0.8999999999999999,0.16,613.8822222222223,5.3,5.27,8.33,5.83,24.73,29.16
63,2000,20,Telangana,Adilabad,0.52,0.31,596.15,593.75,312.5,333.33,413.1933333333333,0.004042105263157847,0.64,608.6266666666666,3.78,7.62,7.7,2.03,21.130000000000003,23.68
63,2001,20,Telangana,Adilabad,0.63,0.29,460.32,596.15,593.75,312.5,500.8,-0.2278453409376835,0.52,468.0055555555556,4.68,4.46,7.17,2.79,19.1,26.18
63,2003,20,Telangana,Adilabad,1.82,1.11,609.89,460.32,596.15,593.75,550.0733333333334,0.3249261383385471,0.63,610.1088888888889,5.57,11.34,8.23,3.46,28.6,32.5
63,2004,20,Telangana,Adilabad,1.23,0.39,317.07,609.89,460.32,596.15,555.4533333333333,-0.4801193657872731,1.82,321.30111111111114,2.46,8.26,3.74,2.81,17.27,22.11
63,2005,20,Telangana,Adilabad,0.78,0.49,628.21,317.07,609.89,460.32,462.4266666666667,0.9812975052827453,1.23,644.60625,5.46,11.65,5.35,8.69,31.15,38.64
63,2006,20,Telangana,Adilabad,1.04,0.37,355.77,628.21,317.07,609.89,518.39,-0.43367663679342905,0.78,358.52666666666664,3.96,8.68,12.76,10.18,35.58,41.99
63,2007,20,Telangana,Adilabad,1.02,0.65,637.25,355.77,628.21,317.07,433.68333333333334,0.7911853163560729,1.04,641.1233333333333,6.22,4.83,7.23,8.74,27.020000000000003,28.75
63,2008,20,Telangana,Adilabad,0.35,0.22,628.57,637.25,355.77,628.21,540.41,-0.013621027854060386,1.02,634.9442857142857,5.02,5.96,8.31,7.9,27.19,31.73
63,2009,20,Telangana,Adilabad,0.83,0.4,481.93,628.57,637.25,355.77,540.5300000000001,-0.23329143929872576,0.35,513.03625,4.87,7.96,6.55,3.01,22.39,28.33
63,2010,20,Telangana,Adilabad,1.56,1.13,724.36,481.93,628.57,637.25,582.5833333333334,0.5030398605606623,0.83,756.24375,4.47,12.19,12.57,7.66,36.89,41.79
63,2011,20,Telangana,Adilabad,0.52,0.33,634.62,724.36,481.93,628.57,611.62,-0.12388867413993043,1.56,650.4328571428571,3.35,9.22,8.2,4.28,25.05,26.86
63,2012,20,Telangana,Adilabad,0.29,0.49,1689.66,634.62,724.36,481.93,613.6366666666667,1.6624751819986763,0.52,1222.4828571428573,3.99,10.19,6.98,6.96,28.12,30.45
63,2013,20,Telangana,Adilabad,0.2,0.19,950.0,1689.66,634.62,724.36,1016.2133333333335,-0.43775670845022074,0.29,957.04125,9.24,18.12,5.12,4.06,36.54,43.41
63,2014,20,Telangana,Adilabad,1.58,1.48,936.71,950.0,1689.66,634.62,1091.4266666666667,-0.01398947368421044,0.2,899.5875,2.41,7.82,5.07,5.12,20.42,25.36
63,2015,20,Telangana,Adilabad,1.64,1.54,939.02,936.71,950.0,1689.66,1192.1233333333334,0.0024660780817968853,1.58,881.95125,6.89,3.9,7.41,4.12,22.32,27.16
63,2019,20,Telangana,Adilabad,0.03,0.04,1206.9,939.02,936.71,950.0,941.91,0.2852761389533771,1.64,1174.3999999999999,2.74,9.37,8.3,5.98,26.39,30.48
65,1993,5,Karnataka,Kolar,0.47,0.27,574.0,302.0,493.0,456.0,417.0,0.9006622516556291,0.43,610.7272727272727,3.27,2.51,2.97,5.23,13.98,29.94
65,1994,5,Karnataka,Kolar,0.21,0.07,333.0,574.0,302.0,493.0,456.3333333333333,-0.41986062717770034,0.47,423.27272727272725,1.19,3.68,2.18,1.88,8.93,21.76
65,1995,5,Karnataka,Kolar,0.22,0.12,545.0,333.0,574.0,302.0,403.0,0.6366366366366367,0.21,616.3636363636364,1.51,3.3,5.95,5.02,15.78,26.43
65,1996,5,Karnataka,Kolar,0.23,0.13,565.0,545.0,333.0,574.0,484.0,0.03669724770642202,0.22,616.8181818181819,7.72,1.39,6.28,7.02,22.41,36.62
65,1997,5,Karnataka,Kolar,0.12,0.04,333.0,565.0,545.0,333.0,481.0,-0.41061946902654867,0.23,404.27272727272725,2.18,1.21,3.6,5.85,12.84,31.11
65,1998,5,Karnataka,Kolar,0.17,0.08,471.0,333.0,565.0,545.0,481.0,0.4144144144144144,0.12,622.6,1.68,5.41,8.35,5.48,20.92,34.58
65,1999,5,Karnataka,Kolar,0.23,0.09,391.0,471.0,333.0,565.0,456.3333333333333,-0.1698513800424628,0.17,539.5,2.61,2.72,2.74,5.09,13.16,27.01
65,2002,5,Karnataka,Kolar,0.38,0.14,368.0,391.0,471.0,333.0,398.3333333333333,-0.05882352941176472,0.23,432.3125,3.04,1.16,1.71,2.89,8.8,22.11
65,2003,5,Karnataka,Kolar,0.03,0.01,333.0,368.0,391.0,471.0,410.0,-0.09510869565217395,0.38,547.0666666666667,1.88,3.17,3.66,2.46,11.170000000000002,21.71
65,2004,5,Karnataka,Kolar,0.08,0.03,375.0,333.0,368.0,391.0,364.0,0.12612612612612617,0.03,593.7333333333333,1.26,5.68,1.75,7.75,16.439999999999998,33.57
65,2005,5,Karnataka,Kolar,0.09,0.05,556.0,375.0,333.0,368.0,358.6666666666667,0.4826666666666666,0.08,812.8125,1.28,3.61,4.83,5.05,14.77,43.31
65,2006,5,Karnataka,Kolar,0.1,0.05,500.0,556.0,375.0,333.0,421.3333333333333,-0.1007194244604317,0.09,492.8,3.36,1.68,1.74,2.53,9.31,23.83
65,2007,5,Karnataka,Kolar,0.04,0.03,750.0,500.0,556.0,375.0,477.0,0.5,0.1,896.9333333333333,2.25,5.72,5.52,6.07,19.56,34.21
65,2018,5,Karnataka,Kolar,0.1,0.09,908.0,750.0,500.0,556.0,602.0,0.21066666666666656,0.04,968.64,2.07,2.09,2.48,4.53,11.170000000000002,22.71
65,2019,5,Karnataka,Kolar,0.13,0.14,1079.0,908.0,750.0,500.0,719.3333333333334,0.18832599118942728,0.1,1106.3633333333335,2.08,2.03,4.44,5.83,14.38,29.45
66,1993,5,Karnataka,Tumkur,0.92,0.4,435.0,288.0,484.0,199.0,323.6666666666667,0.5104166666666667,1.25,610.7272727272727,3.19,3.3,2.71,4.31,13.509999999999998,23.64
66,1994,5,Karnataka,Tumkur,0.53,0.17,321.0,435.0,288.0,484.0,402.3333333333333,-0.26206896551724135,0.92,423.27272727272725,2.01,5.73,1.95,2.34,12.03,21.41
66,1995,5,Karnataka,Tumkur,0.52,0.23,442.0,321.0,435.0,288.0,348.0,0.3769470404984423,0.53,616.3636363636364,2.59,3.25,5.26,4.31,15.41,23.91
66,1996,5,Karnataka,Tumkur,0.38,0.16,421.0,442.0,321.0,435.0,399.3333333333333,-0.04751131221719462,0.52,616.8181818181819,5.68,1.73,5.48,7.25,20.14,28.9
66,1997,5,Karnataka,Tumkur,0.22,0.05,227.0,421.0,442.0,321.0,394.6666666666667,-0.46080760095011875,0.38,404.27272727272725,5.38,1.97,3.72,4.02,15.09,25.63
66,1998,5,Karnataka,Tumkur,0.38,0.18,474.0,227.0,421.0,442.0,363.3333333333333,1.0881057268722465,0.22,622.6,2.31,5.21,7.46,4.79,19.77,29.67
66,1999,5,Karnataka,Tumkur,0.21,0.08,381.0,474.0,227.0,421.0,374.0,-0.19620253164556967,0.38,539.5,2.21,3.48,2.19,5.41,13.29,24.48
66,2001,5,Karnataka,Tumkur,0.25,0.1,400.0,381.0,474.0,227.0,360.6666666666667,0.04986876640419946,0.21,511.5,1.5,3.23,2.18,6.33,13.24,23.34
66,2002,5,Karnataka,Tumkur,0.24,0.09,375.0,400.0,381.0,474.0,418.3333333333333,-0.0625,0.25,432.3125,3.48,1.07,1.58,2.26,8.39,18.67
66,2003,5,Karnataka,Tumkur,0.31,0.09,290.0,375.0,400.0,381.0,385.3333333333333,-0.22666666666666668,0.24,547.0666666666667,2.3,2.05,3.15,1.27,8.77,16.5
66,2004,5,Karnataka,Tumkur,0.26,0.1,385.0,290.0,375.0,400.0,355.0,0.3275862068965518,0.31,593.7333333333333,1.32,5.82,2.05,4.96,14.150000000000002,25.93
66,2005,5,Karnataka,Tumkur,0.25,0.21,840.0,385.0,290.0,375.0,350.0,1.1818181818181817,0.26,812.8125,1.9,6.77,5.21,5.35,19.23,37.23
66,2006,5,Karnataka,Tumkur,0.11,0.05,455.0,840.0,385.0,290.0,505.0,-0.45833333333333337,0.25,492.8,3.79,2.14,1.6,2.94,10.47,21.33
66,2007,5,Karnataka,Tumkur,0.19,0.14,737.0,455.0,840.0,385.0,560.0,0.6197802197802198,0.11,896.9333333333333,4.26,4.71,4.44,6.65,20.06,32.55
66,2008,5,Karnataka,Tumkur,0.14,0.07,500.0,737.0,455.0,840.0,677.3333333333334,-0.32157394843962006,0.19,644.4285714285714,2.01,5.24,7.03,3.53,17.810000000000002,31.67
66,2009,5,Karnataka,Tumkur,0.14,0.04,286.0,500.0,737.0,455.0,564.0,-0.42800000000000005,0.14,475.3076923076923,3.32,1.91,5.66,7.2,18.09,28.05
66,2010,5,Karnataka,Tumkur,0.2,0.22,1100.0,286.0,500.0,737.0,507.6666666666667,2.8461538461538463,0.14,1009.0,2.73,5.06,4.7,4.61,17.099999999999998,32.78
66,2011,5,Karnataka,Tumkur,0.09,0.09,1000.0,1100.0,286.0,500.0,628.6666666666666,-0.09090909090909094,0.2,867.625,1.81,2.45,3.82,2.36,10.44,20.12
66,2012,5,Karnataka,Tumkur,0.09,0.09,1000.0,1000.0,1100.0,286.0,795.3333333333334,0.0,0.09,988.1,1.04,1.96,4.13,2.23,9.36,17.65
66,2013,5,Karnataka,Tumkur,0.09,0.11,1222.0,1000.0,1000.0,1100.0,1033.3333333333333,0.22199999999999998,0.09,1081.0555555555557,2.9,4.27,2.94,6.67,16.78,27.73
66,2014,5,Karnataka,Tumkur,0.34,0.36,1059.0,1222.0,1000.0,1000.0,1074.0,-0.13338788870703766,0.09,981.625,3.2,3.11,3.84,5.0,15.15,26.18
66,2015,5,Karnataka,Tumkur,0.28,0.19,679.0,1059.0,1222.0,1000.0,1093.6666666666667,-0.3588290840415487,0.34,714.4705882352941,2.36,1.43,2.43,4.05,10.27,25.23
66,2016,5,Karnataka,Tumkur,0.02,0.02,1048.0,679.0,1059.0,1222.0,986.6666666666666,0.5434462444771724,0.28,919.8888888888889,4.05,3.97,1.4,1.34,10.76,17.24
66,2017,5,Karnataka,Tumkur,0.02,0.04,1583.0,1048.0,679.0,1059.0,928.6666666666666,0.5104961832061068,0.02,1521.235294117647,1.93,1.75,6.24,9.08,19.0,34.22
66,2018,5,Karnataka,Tumkur,0.18,0.17,927.0,1583.0,1048.0,679.0,1103.3333333333333,-0.4144030322173089,0.02,968.64,2.18,1.75,2.39,4.97,11.29,21.88
66,2019,5,Karnataka,Tumkur,0.18,0.1,516.0,927.0,1583.0,1048.0,1186.0,-0.4433656957928802,0.18,1106.3633333333335,1.84,1.6,3.61,5.47,12.52,26.82
67,1993,5,Karnataka,Mysore,1.95,1.88,964.0,934.0,2138.0,621.0,1231.0,0.032119914346895095,1.96,610.7272727272727,4.85,4.19,2.54,4.37,15.95,28.86
67,1994,5,Karnataka,Mysore,2.09,1.57,751.0,964.0,934.0,2138.0,1345.3333333333333,-0.22095435684647302,1.95,423.27272727272725,3.52,6.83,2.24,2.09,14.68,25.27
67,1995,5,Karnataka,Mysore,0.86,0.87,1012.0,751.0,964.0,934.0,883.0,0.34753661784287626,2.09,616.3636363636364,3.87,4.09,5.19,4.51,17.66,28.3
67,1996,5,Karnataka,Mysore,0.75,0.56,747.0,1012.0,751.0,964.0,909.0,-0.26185770750988147,0.86,616.8181818181819,6.82,3.0,6.47,6.21,22.5,32.45
67,1997,5,Karnataka,Mysore,0.37,0.16,432.0,747.0,1012.0,751.0,836.6666666666666,-0.42168674698795183,0.75,404.27272727272725,4.58,3.99,4.73,4.54,17.84,30.97
67,1999,5,Karnataka,Mysore,0.05,0.03,600.0,432.0,747.0,1012.0,730.3333333333334,0.38888888888888884,0.37,539.5,3.6,4.49,2.16,4.0,14.25,28.6
67,2018,5,Karnataka,Mysore,0.02,0.02,889.0,600.0,432.0,747.0,593.0,0.4816666666666667,0.05,968.64,2.05,2.17,2.32,4.36,10.9,23.2
67,2019,5,Karnataka,Mysore,0.02,0.02,1059.0,889.0,600.0,432.0,640.3333333333334,0.1912260967379078,0.02,1106.3633333333335,1.76,2.23,4.77,5.51,14.27,30.08
69,2019,5,Karnataka,Hassan,0.09,0.1,1076.0,906.0,1250.0,1250.0,1135.3333333333333,0.1876379690949228,0.1,1106.3633333333335,2.34,3.67,6.94,5.81,18.76,32.4
72,1993,5,Karnataka,Chitradurga,8.14,3.85,473.0,404.0,487.0,213.0,368.0,0.17079207920792072,11.54,610.7272727272727,2.57,4.21,3.29,2.47,12.54,21.79
72,1994,5,Karnataka,Chitradurga,5.95,2.75,462.0,473.0,404.0,487.0,454.6666666666667,-0.023255813953488413,8.14,423.27272727272725,2.77,6.82,2.57,2.29,14.45,25.77
72,1995,5,Karnataka,Chitradurga,6.68,2.92,437.0,462.0,473.0,404.0,446.3333333333333,-0.05411255411255411,5.95,616.3636363636364,2.46,3.31,3.57,2.47,11.81,19.08
72,1996,5,Karnataka,Chitradurga,10.59,7.17,677.0,437.0,462.0,473.0,457.3333333333333,0.5491990846681922,6.68,616.8181818181819,5.52,1.97,3.65,6.98,18.12,26.24
72,1997,5,Karnataka,Chitradurga,5.26,1.82,346.0,677.0,437.0,462.0,525.3333333333334,-0.48892171344165436,10.59,404.27272727272725,8.35,2.65,3.09,1.02,15.11,23.12
72,1998,5,Karnataka,Chitradurga,8.65,6.11,706.0,346.0,677.0,437.0,486.6666666666667,1.0404624277456649,5.26,622.6,2.49,3.3,4.66,3.87,14.32,21.02
72,1999,5,Karnataka,Chitradurga,4.85,2.26,466.0,706.0,346.0,677.0,576.3333333333334,-0.33994334277620397,8.65,539.5,1.75,3.3,1.99,4.46,11.5,20.81
72,2000,5,Karnataka,Chitradurga,5.2,4.0,769.0,466.0,706.0,346.0,506.0,0.650214592274678,4.85,851.5,4.01,2.61,4.47,5.22,16.31,22.95
72,2001,5,Karnataka,Chitradurga,3.38,1.58,467.0,769.0,466.0,706.0,647.0,-0.39271781534460337,5.2,511.5,1.75,3.47,2.44,4.06,11.72,17.419999999999998
72,2002,5,Karnataka,Chitradurga,3.56,2.25,632.0,467.0,769.0,466.0,567.3333333333334,0.3533190578158458,3.38,432.3125,2.3,0.96,3.03,1.74,8.03,15.72
72,2003,5,Karnataka,Chitradurga,3.15,1.22,387.0,632.0,467.0,769.0,622.6666666666666,-0.3876582278481012,3.56,547.0666666666667,2.11,1.43,2.66,0.75,6.95,13.79
72,2004,5,Karnataka,Chitradurga,7.18,4.01,558.0,387.0,632.0,467.0,495.3333333333333,0.44186046511627897,3.15,593.7333333333333,1.67,4.19,2.34,3.57,11.77,20.78
72,2005,5,Karnataka,Chitradurga,4.77,4.05,849.0,558.0,387.0,632.0,525.6666666666666,0.521505376344086,7.18,812.8125,2.8,9.61,4.11,4.69,21.21,32.75
72,2006,5,Karnataka,Chitradurga,1.09,0.56,514.0,849.0,558.0,387.0,598.0,-0.39458186101295645,4.77,492.8,4.19,3.02,1.97,3.62,12.8,23.01
72,2007,5,Karnataka,Chitradurga,2.29,2.21,965.0,514.0,849.0,558.0,640.3333333333334,0.877431906614786,1.09,896.9333333333333,6.26,3.93,3.42,6.88,20.49,30.78
72,2008,5,Karnataka,Chitradurga,1.58,0.6,380.0,965.0,514.0,849.0,776.0,-0.6062176165803108,2.29,644.4285714285714,2.17,3.14,5.32,3.3,13.93,26.95
72,2009,5,Karnataka,Chitradurga,1.28,0.69,539.0,380.0,965.0,514.0,619.6666666666666,0.418421052631579,1.58,475.3076923076923,3.74,3.27,5.98,6.59,19.58,29.32
72,2010,5,Karnataka,Chitradurga,1.51,0.96,636.0,539.0,380.0,965.0,628.0,0.17996289424860845,1.28,1009.0,2.94,6.54,5.04,4.43,18.95,34.28
72,2011,5,Karnataka,Chitradurga,1.61,0.78,484.0,636.0,539.0,380.0,518.3333333333334,-0.23899371069182385,1.51,867.625,2.42,2.9,3.68,1.49,10.49,16.86
72,2012,5,Karnataka,Chitradurga,1.33,0.7,526.0,484.0,636.0,539.0,553.0,0.08677685950413228,1.61,988.1,1.9,2.4,4.34,2.68,11.32,20.1
72,2013,5,Karnataka,Chitradurga,2.05,1.11,541.0,526.0,484.0,636.0,548.6666666666666,0.028517110266159662,1.33,1081.0555555555557,2.63,3.7,2.16,4.8,13.29,23.98
72,2014,5,Karnataka,Chitradurga,1.7,1.05,618.0,541.0,526.0,484.0,517.0,0.14232902033271722,2.05,981.625,2.45,3.64,5.88,3.48,15.45,28.97
72,2015,5,Karnataka,Chitradurga,1.8,1.17,650.0,618.0,541.0,526.0,561.6666666666666,0.05177993527508096,1.7,714.4705882352941,1.94,1.43,3.45,4.12,10.94,19.99
72,2016,5,Karnataka,Chitradurga,1.8,0.5,278.0,650.0,618.0,541.0,603.0,-0.5723076923076923,1.8,919.8888888888889,2.61,3.3,1.01,1.8,8.72,12.95
72,2017,5,Karnataka,Chitradurga,3.69,3.84,1038.0,278.0,650.0,618.0,515.3333333333334,2.7338129496402876,1.8,1521.235294117647,2.27,2.1,2.04,5.43,11.84,19.98
72,2018,5,Karnataka,Chitradurga,1.91,0.78,410.0,1038.0,278.0,650.0,655.3333333333334,-0.605009633911368,3.69,968.64,3.13,1.4,1.6,1.46,7.589999999999999,14.27
72,2019,5,Karnataka,Chitradurga,3.01,1.9,631.0,410.0,1038.0,278.0,575.3333333333334,0.5390243902439025,1.91,1106.3633333333335,2.4,1.51,3.74,5.77,13.42,25.02
73,1993,5,Karnataka,Bellary,10.03,6.86,684.0,731.0,492.0,736.0,653.0,-0.06429548563611487,14.55,610.7272727272727,1.51,2.03,3.56,2.69,9.79,18.4
73,1994,5,Karnataka,Bellary,13.05,5.3,406.0,684.0,731.0,492.0,635.6666666666666,-0.4064327485380117,10.03,423.27272727272725,1.26,3.32,1.94,1.6,8.12,18.21
73,1995,5,Karnataka,Bellary,17.58,14.5,825.0,406.0,684.0,731.0,607.0,1.0320197044334973,13.05,616.3636363636364,1.26,3.77,4.65,2.99,12.67,18.34
73,1996,5,Karnataka,Bellary,16.49,14.58,884.0,825.0,406.0,684.0,638.3333333333334,0.07151515151515153,17.58,616.8181818181819,4.54,1.33,3.01,6.39,15.27,24.01
73,1997,5,Karnataka,Bellary,15.07,8.07,536.0,884.0,825.0,406.0,705.0,-0.39366515837104077,16.49,404.27272727272725,4.63,1.23,2.0,2.73,10.59,17.91
73,1998,5,Karnataka,Bellary,27.22,25.15,924.0,536.0,884.0,825.0,748.3333333333334,0.7238805970149254,15.07,622.6,1.14,3.34,5.34,4.68,14.5,20.79
73,1999,5,Karnataka,Bellary,22.38,14.11,630.0,924.0,536.0,884.0,781.3333333333334,-0.31818181818181823,27.22,539.5,1.03,1.77,2.81,4.96,10.57,17.43
73,2000,5,Karnataka,Bellary,26.8,22.0,821.0,630.0,924.0,536.0,696.6666666666666,0.3031746031746032,22.38,851.5,3.49,1.75,3.47,3.5,12.21,17.93
73,2001,5,Karnataka,Bellary,17.39,13.5,776.0,821.0,630.0,924.0,791.6666666666666,-0.054811205846528654,26.8,511.5,1.18,1.86,1.94,5.81,10.79,17.169999999999998
73,2002,5,Karnataka,Bellary,14.21,7.03,495.0,776.0,821.0,630.0,742.3333333333334,-0.3621134020618557,17.39,432.3125,1.63,0.89,2.12,1.63,6.2700000000000005,13.83
73,2003,5,Karnataka,Bellary,26.34,17.84,677.0,495.0,776.0,821.0,697.3333333333334,0.3676767676767676,14.21,547.0666666666667,1.05,1.14,2.05,0.93,5.17,11.78
73,2004,5,Karnataka,Bellary,18.57,13.39,721.0,677.0,495.0,776.0,649.3333333333334,0.06499261447562787,26.34,593.7333333333333,0.72,3.16,1.07,3.7,8.65,17.09
73,2005,5,Karnataka,Bellary,21.59,17.61,816.0,721.0,677.0,495.0,631.0,0.13176144244105403,18.57,812.8125,2.32,6.37,3.9,4.09,16.68,27.88
73,2006,5,Karnataka,Bellary,17.02,8.92,524.0,816.0,721.0,677.0,738.0,-0.3578431372549019,21.59,492.8,2.92,1.72,1.1,3.88,9.62,19.6
73,2007,5,Karnataka,Bellary,17.86,15.57,872.0,524.0,816.0,721.0,687.0,0.6641221374045803,17.02,896.9333333333333,6.78,2.99,3.63,6.74,20.14,28.11
73,2008,5,Karnataka,Bellary,13.4,8.85,660.0,872.0,524.0,816.0,737.3333333333334,-0.24311926605504586,17.86,644.4285714285714,1.82,2.8,4.31,3.63,12.56,24.18
73,2009,5,Karnataka,Bellary,14.08,8.81,626.0,660.0,872.0,524.0,685.3333333333334,-0.051515151515151514,13.4,475.3076923076923,2.32,1.18,4.77,7.14,15.41,23.59
73,2010,5,Karnataka,Bellary,13.9,13.16,947.0,626.0,660.0,872.0,719.3333333333334,0.5127795527156549,14.08,1009.0,1.79,5.42,4.56,2.82,14.59,25.41
73,2011,5,Karnataka,Bellary,16.35,15.17,928.0,947.0,626.0,660.0,744.3333333333334,-0.020063357972544882,13.9,867.625,1.55,2.59,2.59,0.59,7.319999999999999,13.15
73,2012,5,Karnataka,Bellary,20.9,16.95,811.0,928.0,947.0,626.0,833.6666666666666,-0.12607758620689657,16.35,988.1,0.79,2.54,2.21,2.66,8.2,15.81
73,2013,5,Karnataka,Bellary,17.02,17.2,1011.0,811.0,928.0,947.0,895.3333333333334,0.24660912453760786,20.9,1081.0555555555557,2.03,1.66,1.43,5.62,10.739999999999998,18.25
73,2014,5,Karnataka,Bellary,15.57,16.7,1073.0,1011.0,811.0,928.0,916.6666666666666,0.061325420375865525,17.02,981.625,1.43,1.76,3.9,2.81,9.9,19.35
73,2015,5,Karnataka,Bellary,14.16,13.36,944.0,1073.0,1011.0,811.0,965.0,-0.12022367194780992,15.57,714.4705882352941,1.61,1.02,2.52,4.06,9.21,16.59
73,2016,5,Karnataka,Bellary,16.05,20.18,1257.0,944.0,1073.0,1011.0,1009.3333333333334,0.33156779661016955,14.16,919.8888888888889,3.2,2.91,1.44,2.72,10.27,14.16
73,2017,5,Karnataka,Bellary,24.47,44.95,1837.0,1257.0,944.0,1073.0,1091.3333333333333,0.4614160700079555,16.05,1521.235294117647,3.26,1.65,2.53,4.78,12.22,19.24
73,2018,5,Karnataka,Bellary,15.53,17.75,1143.0,1837.0,1257.0,944.0,1346.0,-0.3777898747958628,24.47,968.64,2.25,0.74,1.29,2.38,6.66,9.99
73,2019,5,Karnataka,Bellary,32.54,48.42,1488.0,1143.0,1837.0,1257.0,1412.3333333333333,0.30183727034120733,15.53,1106.3633333333335,1.62,1.35,3.66,6.06,12.69,21.78
74,1993,5,Karnataka,Dharwad,2.86,1.69,591.0,484.0,409.0,323.0,405.3333333333333,0.22107438016528924,1.88,610.7272727272727,4.65,9.11,5.36,2.66,21.78,33.05
74,1994,5,Karnataka,Dharwad,2.67,1.0,375.0,591.0,484.0,409.0,494.6666666666667,-0.36548223350253806,2.86,423.27272727272725,7.26,10.05,6.59,2.15,26.05,37.52
74,1995,5,Karnataka,Dharwad,1.21,0.66,545.0,375.0,591.0,484.0,483.3333333333333,0.45333333333333337,2.67,616.3636363636364,3.49,8.59,4.24,3.31,19.63,28.24
74,1996,5,Karnataka,Dharwad,1.56,0.82,526.0,545.0,375.0,591.0,503.6666666666667,-0.034862385321100864,1.21,616.8181818181819,10.42,6.48,5.12,5.45,27.47,36.68
74,1997,5,Karnataka,Dharwad,1.58,0.56,354.0,526.0,545.0,375.0,482.0,-0.3269961977186312,1.56,404.27272727272725,8.56,8.03,8.45,0.94,25.98,32.1
74,2012,5,Karnataka,Dharwad,0.02,0.02,1000.0,354.0,526.0,545.0,475.0,1.824858757062147,1.58,988.1,6.07,5.08,5.72,3.78,20.65,27.67
74,2013,5,Karnataka,Dharwad,0.01,0.01,1000.0,1000.0,354.0,526.0,626.6666666666666,0.0,0.02,1081.0555555555557,6.24,9.15,3.79,6.78,25.96,33.160000000000004
74,2014,5,Karnataka,Dharwad,0.01,0.01,1000.0,1000.0,1000.0,354.0,784.6666666666666,0.0,0.01,981.625,4.03,10.38,9.49,2.81,26.71,37.48
74,2018,5,Karnataka,Dharwad,0.05,0.06,1019.0,1000.0,1000.0,1000.0,1000.0,0.018999999999999906,0.01,968.64,8.23,6.38,4.14,4.06,22.81,30.43
74,2019,5,Karnataka,Dharwad,0.08,0.08,1093.0,1019.0,1000.0,1000.0,1006.3333333333334,0.07262021589793921,0.05,1106.3633333333335,7.19,10.38,15.44,6.62,39.63,51.94
75,1993,5,Karnataka,Belgaum,44.44,16.46,370.0,202.0,302.0,177.0,227.0,0.8316831683168318,45.44,610.7272727272727,8.3,18.44,8.47,3.92,39.13,48.77
75,1994,5,Karnataka,Belgaum,44.22,13.05,295.0,370.0,202.0,302.0,291.3333333333333,-0.20270270270270274,44.44,423.27272727272725,13.4,16.77,10.81,3.82,44.8,54.43
75,1995,5,Karnataka,Belgaum,36.3,7.96,219.0,295.0,370.0,202.0,289.0,-0.25762711864406784,44.22,616.3636363636364,5.56,16.31,6.94,5.29,34.1,42.34
75,1996,5,Karnataka,Belgaum,40.59,12.05,297.0,219.0,295.0,370.0,294.6666666666667,0.3561643835616439,36.3,616.8181818181819,15.01,15.26,6.8,4.84,41.91,52.01
75,1997,5,Karnataka,Belgaum,34.92,5.67,162.0,297.0,219.0,295.0,270.3333333333333,-0.4545454545454546,40.59,404.27272727272725,14.76,17.21,16.16,1.33,49.46,54.91
75,1998,5,Karnataka,Belgaum,30.89,8.9,288.0,162.0,297.0,219.0,226.0,0.7777777777777777,34.92,622.6,15.62,10.5,10.29,7.39,43.8,50.82
75,1999,5,Karnataka,Belgaum,40.3,14.08,349.0,288.0,162.0,297.0,249.0,0.21180555555555558,30.89,539.5,13.91,17.06,3.62,3.08,37.67,46.13
75,2000,5,Karnataka,Belgaum,42.3,18.0,426.0,349.0,288.0,162.0,266.3333333333333,0.22063037249283668,40.3,851.5,9.81,12.67,7.95,4.87,35.3,42.98
75,2001,5,Karnataka,Belgaum,11.31,3.17,280.0,426.0,349.0,288.0,354.3333333333333,-0.34272300469483563,42.3,511.5,7.04,10.13,7.17,2.7,27.040000000000003,32.78
75,2002,5,Karnataka,Belgaum,20.99,2.82,134.0,280.0,426.0,349.0,351.6666666666667,-0.5214285714285714,11.31,432.3125,13.34,4.6,9.23,1.51,28.68,34.52
75,2003,5,Karnataka,Belgaum,5.93,1.06,179.0,134.0,280.0,426.0,280.0,0.33582089552238803,20.99,547.0666666666667,10.15,9.18,5.15,2.28,26.76,31.81
75,2004,5,Karnataka,Belgaum,40.73,20.51,504.0,179.0,134.0,280.0,197.66666666666666,1.8156424581005588,5.93,593.7333333333333,11.07,7.65,9.84,3.61,32.17,39.76
75,2005,5,Karnataka,Belgaum,27.55,10.73,389.0,504.0,179.0,134.0,272.3333333333333,-0.22817460317460314,40.73,812.8125,14.3,18.87,10.1,10.86,54.13,60.94
75,2006,5,Karnataka,Belgaum,30.04,9.57,319.0,389.0,504.0,179.0,357.3333333333333,-0.17994858611825193,27.55,492.8,12.89,11.95,11.45,7.5,43.79,58.82
75,2007,5,Karnataka,Belgaum,36.17,17.34,479.0,319.0,389.0,504.0,404.0,0.5015673981191222,30.04,896.9333333333333,20.77,13.52,14.44,10.06,58.79,64.66
75,2008,5,Karnataka,Belgaum,14.13,5.75,407.0,479.0,319.0,389.0,395.6666666666667,-0.1503131524008351,36.17,644.4285714285714,9.76,7.5,13.13,7.8,38.19,46.07
75,2009,5,Karnataka,Belgaum,24.31,6.29,259.0,407.0,479.0,319.0,401.6666666666667,-0.36363636363636365,14.13,475.3076923076923,7.88,20.49,5.67,8.49,42.53,52.85
75,2010,5,Karnataka,Belgaum,19.15,12.52,654.0,259.0,407.0,479.0,381.6666666666667,1.525096525096525,24.31,1009.0,12.93,18.07,10.38,8.22,49.6,58.8
75,2011,5,Karnataka,Belgaum,12.46,5.52,443.0,654.0,259.0,407.0,440.0,-0.32262996941896027,19.15,867.625,8.18,14.2,12.99,6.65,42.02,48.06
75,2012,5,Karnataka,Belgaum,7.58,2.66,351.0,443.0,654.0,259.0,452.0,-0.20767494356659144,12.46,988.1,10.96,9.96,8.94,4.54,34.4,39.26
75,2013,5,Karnataka,Belgaum,12.44,8.2,659.0,351.0,443.0,654.0,482.6666666666667,0.8774928774928774,7.58,1081.0555555555557,11.18,17.91,5.61,7.71,42.41,47.84
75,2014,5,Karnataka,Belgaum,9.26,6.15,664.0,659.0,351.0,443.0,484.3333333333333,0.007587253414264028,12.44,981.625,5.86,16.99,12.97,3.89,39.71,50.08
75,2015,5,Karnataka,Belgaum,4.54,1.69,372.0,664.0,659.0,351.0,558.0,-0.43975903614457834,9.26,714.4705882352941,11.54,6.87,6.11,3.68,28.2,35.0
75,2016,5,Karnataka,Belgaum,10.2,6.19,607.0,372.0,664.0,659.0,565.0,0.631720430107527,4.54,919.8888888888889,14.05,22.03,13.25,5.03,54.36,58.14
75,2017,5,Karnataka,Belgaum,7.78,9.42,1210.0,607.0,372.0,664.0,547.6666666666666,0.9934102141680394,10.2,1521.235294117647,8.43,11.6,7.52,10.39,37.94,44.65
75,2018,5,Karnataka,Belgaum,9.03,9.92,1098.0,1210.0,607.0,372.0,729.6666666666666,-0.09256198347107436,7.78,968.64,15.59,14.61,7.74,4.47,42.41,48.57
75,2019,5,Karnataka,Belgaum,19.15,20.83,1088.0,1098.0,1210.0,607.0,971.6666666666666,-0.00910746812386154,9.03,1106.3633333333335,12.43,21.24,27.77,11.24,72.67999999999999,85.23
76,1993,5,Karnataka,Bijapur,74.79,53.11,710.0,575.0,524.0,519.0,539.3333333333334,0.23478260869565215,128.61,610.7272727272727,1.5,5.44,3.71,4.03,14.68,22.85
76,1994,5,Karnataka,Bijapur,85.0,33.81,398.0,710.0,575.0,524.0,603.0,-0.43943661971830983,74.79,423.27272727272725,3.0,3.36,2.85,1.08,10.29,17.54
76,1995,5,Karnataka,Bijapur,137.8,94.99,689.0,398.0,710.0,575.0,561.0,0.7311557788944723,85.0,616.3636363636364,3.95,3.46,2.43,3.58,13.42,21.58
76,1996,5,Karnataka,Bijapur,157.1,114.35,728.0,689.0,398.0,710.0,599.0,0.05660377358490565,137.8,616.8181818181819,4.23,2.41,4.76,5.62,17.02,23.78
76,1997,5,Karnataka,Bijapur,94.76,40.78,430.0,728.0,689.0,398.0,605.0,-0.40934065934065933,157.1,404.27272727272725,3.05,2.47,2.75,1.14,9.41,16.19
76,1998,5,Karnataka,Bijapur,88.69,64.61,728.0,430.0,728.0,689.0,615.6666666666666,0.6930232558139535,94.76,622.6,3.48,3.28,5.02,8.07,19.85,26.5
76,1999,5,Karnataka,Bijapur,114.01,73.69,646.0,728.0,430.0,728.0,628.6666666666666,-0.11263736263736268,88.69,539.5,3.16,2.61,1.21,2.0,8.98,13.63
76,2000,5,Karnataka,Bijapur,111.7,90.0,806.0,646.0,728.0,430.0,601.3333333333334,0.24767801857585137,114.01,851.5,3.06,2.7,5.35,2.63,13.739999999999998,18.35
76,2001,5,Karnataka,Bijapur,10.3,5.44,528.0,806.0,646.0,728.0,726.6666666666666,-0.3449131513647643,111.7,511.5,1.84,2.1,2.2,5.47,11.61,16.3
76,2002,5,Karnataka,Bijapur,55.61,22.68,408.0,528.0,806.0,646.0,660.0,-0.2272727272727273,10.3,432.3125,2.85,1.78,3.67,1.96,10.260000000000002,15.11
76,2003,5,Karnataka,Bijapur,36.57,21.15,578.0,408.0,528.0,806.0,580.6666666666666,0.41666666666666674,55.61,547.0666666666667,1.42,1.2,3.02,1.61,7.250000000000001,11.18
76,2004,5,Karnataka,Bijapur,97.63,64.62,662.0,578.0,408.0,528.0,504.6666666666667,0.1453287197231834,36.57,593.7333333333333,3.27,4.02,2.01,4.67,13.97,18.35
76,2005,5,Karnataka,Bijapur,83.07,52.47,632.0,662.0,578.0,408.0,549.3333333333334,-0.0453172205438066,97.63,812.8125,2.97,6.31,4.82,3.99,18.09,23.8
76,2006,5,Karnataka,Bijapur,95.66,44.25,463.0,632.0,662.0,578.0,624.0,-0.2674050632911392,83.07,492.8,4.29,2.64,2.44,4.77,14.14,21.5
76,2007,5,Karnataka,Bijapur,116.37,74.32,639.0,463.0,632.0,662.0,585.6666666666666,0.3801295896328294,95.66,896.9333333333333,4.85,2.88,3.97,6.09,17.79,19.53
76,2008,5,Karnataka,Bijapur,33.18,18.52,558.0,639.0,463.0,632.0,578.0,-0.12676056338028174,116.37,644.4285714285714,1.15,3.04,4.57,4.85,13.61,19.97
76,2009,5,Karnataka,Bijapur,62.06,28.25,455.0,558.0,639.0,463.0,553.3333333333334,-0.1845878136200717,33.18,475.3076923076923,2.67,2.6,3.1,5.32,13.69,19.97
76,2010,5,Karnataka,Bijapur,65.45,52.29,799.0,455.0,558.0,639.0,550.6666666666666,0.756043956043956,62.06,1009.0,2.77,4.43,4.37,3.2,14.77,19.64
76,2011,5,Karnataka,Bijapur,60.05,51.17,852.0,799.0,455.0,558.0,604.0,0.06633291614518155,65.45,867.625,1.49,3.58,3.68,1.43,10.18,14.64
76,2012,5,Karnataka,Bijapur,55.44,51.98,938.0,852.0,799.0,455.0,702.0,0.10093896713615025,60.05,988.1,0.97,1.66,2.14,2.4,7.17,10.6
76,2013,5,Karnataka,Bijapur,69.83,75.69,1084.0,938.0,852.0,799.0,863.0,0.15565031982942434,55.44,1081.0555555555557,2.39,3.87,1.66,5.09,13.01,16.7
76,2014,5,Karnataka,Bijapur,48.81,37.28,764.0,1084.0,938.0,852.0,958.0,-0.2952029520295203,69.83,981.625,0.57,2.8,4.22,1.52,9.11,16.39
76,2015,5,Karnataka,Bijapur,20.16,5.73,284.0,764.0,1084.0,938.0,928.6666666666666,-0.6282722513089005,48.81,714.4705882352941,1.03,0.58,2.18,3.87,7.66,11.62
76,2016,5,Karnataka,Bijapur,43.15,49.19,1140.0,284.0,764.0,1084.0,710.6666666666666,3.014084507042254,20.16,919.8888888888889,3.11,6.04,1.65,5.23,16.03,18.27
76,2017,5,Karnataka,Bijapur,25.75,23.22,902.0,1140.0,284.0,764.0,729.3333333333334,-0.2087719298245614,43.15,1521.235294117647,3.8,2.24,3.41,6.37,15.82,21.4
76,2018,5,Karnataka,Bijapur,19.37,14.58,752.0,902.0,1140.0,284.0,775.3333333333334,-0.16629711751662968,25.75,968.64,4.17,1.38,2.69,3.1,11.34,15.26
76,2019,5,Karnataka,Bijapur,50.1,31.38,626.0,752.0,902.0,1140.0,931.3333333333334,-0.16755319148936165,19.37,1106.3633333333335,2.67,2.59,3.57,5.15,13.98,21.59
77,1993,5,Karnataka,Bidar,12.81,7.66,598.0,324.0,343.0,308.0,325.0,0.845679012345679,12.83,610.7272727272727,2.74,7.45,6.33,5.39,21.910000000000004,29.04
77,1994,5,Karnataka,Bidar,15.55,5.53,356.0,598.0,324.0,343.0,421.6666666666667,-0.4046822742474916,12.81,423.27272727272725,3.59,5.24,7.11,1.93,17.87,27.42
77,1995,5,Karnataka,Bidar,15.11,8.45,559.0,356.0,598.0,324.0,426.0,0.5702247191011236,15.55,616.3636363636364,5.94,7.61,5.79,5.45,24.79,39.42
77,1996,5,Karnataka,Bidar,16.02,9.82,613.0,559.0,356.0,598.0,504.3333333333333,0.09660107334525936,15.11,616.8181818181819,3.45,5.93,10.62,6.51,26.51,33.86
77,1997,5,Karnataka,Bidar,14.76,9.5,644.0,613.0,559.0,356.0,509.3333333333333,0.05057096247960846,16.02,404.27272727272725,2.49,5.82,5.07,3.38,16.76,25.66
77,1998,5,Karnataka,Bidar,13.99,6.4,457.0,644.0,613.0,559.0,605.3333333333334,-0.29037267080745344,14.76,622.6,3.01,7.64,8.8,7.59,27.04,35.86
77,1999,5,Karnataka,Bidar,8.69,6.72,773.0,457.0,644.0,613.0,571.3333333333334,0.6914660831509847,13.99,539.5,2.59,4.11,3.68,4.26,14.64,19.38
77,2000,5,Karnataka,Bidar,9.8,7.0,714.0,773.0,457.0,644.0,624.6666666666666,-0.07632600258732214,8.69,851.5,7.9,3.27,13.05,2.09,26.31,31.03
77,2001,5,Karnataka,Bidar,8.67,5.04,581.0,714.0,773.0,457.0,648.0,-0.18627450980392157,9.8,511.5,6.11,2.41,7.11,5.71,21.34,27.91
77,2002,5,Karnataka,Bidar,8.36,6.23,745.0,581.0,714.0,773.0,689.3333333333334,0.28227194492254726,8.67,432.3125,5.79,3.01,7.91,1.97,18.68,25.17
77,2003,5,Karnataka,Bidar,10.04,9.8,976.0,745.0,581.0,714.0,680.0,0.3100671140939597,8.36,547.0666666666667,2.61,8.12,6.03,2.5,19.26,24.88
77,2004,5,Karnataka,Bidar,8.91,7.74,869.0,976.0,745.0,581.0,767.3333333333334,-0.10963114754098358,10.04,593.7333333333333,2.0,8.62,2.24,5.08,17.939999999999998,25.37
77,2005,5,Karnataka,Bidar,9.58,6.05,632.0,869.0,976.0,745.0,863.3333333333334,-0.2727272727272727,8.91,812.8125,3.84,12.58,5.73,7.66,29.81,39.57
77,2006,5,Karnataka,Bidar,9.43,7.83,830.0,632.0,869.0,976.0,825.6666666666666,0.3132911392405062,9.58,492.8,4.04,5.89,7.05,8.59,25.57,34.82
77,2007,5,Karnataka,Bidar,8.08,8.46,1047.0,830.0,632.0,869.0,777.0,0.2614457831325301,9.43,896.9333333333333,5.9,3.36,7.78,9.45,26.49,28.53
77,2008,5,Karnataka,Bidar,7.22,7.07,979.0,1047.0,830.0,632.0,836.3333333333334,-0.06494746895893033,8.08,644.4285714285714,1.97,4.58,13.54,7.52,27.61,37.0
77,2009,5,Karnataka,Bidar,7.94,4.38,552.0,979.0,1047.0,830.0,952.0,-0.43615934627170583,7.22,475.3076923076923,3.4,2.61,9.8,5.0,20.81,26.61
77,2010,5,Karnataka,Bidar,6.72,4.97,740.0,552.0,979.0,1047.0,859.3333333333334,0.3405797101449275,7.94,1009.0,5.6,9.84,9.39,6.17,31.0,36.56
77,2011,5,Karnataka,Bidar,6.41,5.65,881.0,740.0,552.0,979.0,757.0,0.19054054054054048,6.72,867.625,2.19,8.38,7.16,2.52,20.25,23.05
77,2012,5,Karnataka,Bidar,5.11,5.77,1129.0,881.0,740.0,552.0,724.3333333333334,0.2814982973893303,6.41,988.1,4.16,6.26,5.04,4.65,20.11,23.64
77,2013,5,Karnataka,Bidar,2.94,3.36,1143.0,1129.0,881.0,740.0,916.6666666666666,0.01240035429583708,5.11,1081.0555555555557,6.05,11.57,3.39,5.57,26.58,34.26
77,2014,5,Karnataka,Bidar,3.72,3.74,1005.0,1143.0,1129.0,881.0,1051.0,-0.12073490813648291,2.94,981.625,2.31,4.82,7.85,3.16,18.14,25.01
77,2015,5,Karnataka,Bidar,5.35,3.77,705.0,1005.0,1143.0,1129.0,1092.3333333333333,-0.29850746268656714,3.72,714.4705882352941,3.08,1.99,4.75,4.06,13.88,18.68
77,2016,5,Karnataka,Bidar,1.88,1.25,667.0,705.0,1005.0,1143.0,951.0,-0.05390070921985812,5.35,919.8888888888889,5.4,6.59,2.14,10.63,24.76,27.950000000000003
77,2017,5,Karnataka,Bidar,2.29,3.32,1451.0,667.0,705.0,1005.0,792.3333333333334,1.1754122938530736,1.88,1521.235294117647,4.93,4.6,5.15,3.6,18.28,22.41
77,2018,5,Karnataka,Bidar,0.41,0.31,763.0,1451.0,667.0,705.0,941.0,-0.47415575465196413,2.29,968.64,3.51,3.05,5.99,2.03,14.58,17.29
77,2019,5,Karnataka,Bidar,2.08,2.04,980.0,763.0,1451.0,667.0,960.3333333333334,0.2844036697247707,0.41,1106.3633333333335,2.46,5.5,5.97,6.72,20.65,25.86
78,1993,5,Karnataka,Raichur,83.92,44.05,525.0,726.0,465.0,549.0,580.0,-0.27685950413223137,87.18,610.7272727272727,1.23,2.92,4.84,3.39,12.38,21.48
78,1994,5,Karnataka,Raichur,77.77,24.72,318.0,525.0,726.0,465.0,572.0,-0.39428571428571424,83.92,423.27272727272725,1.7,3.2,3.1,0.86,8.86,19.38
78,1995,5,Karnataka,Raichur,106.63,80.73,757.0,318.0,525.0,726.0,523.0,1.3805031446540879,77.77,616.3636363636364,2.4,4.43,4.91,3.61,15.35,23.09
78,1996,5,Karnataka,Raichur,102.32,55.08,538.0,757.0,318.0,525.0,533.3333333333334,-0.2892998678996037,106.63,616.8181818181819,4.95,2.06,5.33,6.1,18.44,27.0
78,1997,5,Karnataka,Raichur,68.3,26.78,392.0,538.0,757.0,318.0,537.6666666666666,-0.27137546468401486,102.32,404.27272727272725,3.91,2.17,2.3,3.7,12.079999999999998,20.08
78,1998,5,Karnataka,Raichur,65.72,42.54,647.0,392.0,538.0,757.0,562.3333333333334,0.6505102040816326,68.3,622.6,2.16,3.58,4.79,7.91,18.44,25.61
78,1999,5,Karnataka,Raichur,54.07,21.83,404.0,647.0,392.0,538.0,525.6666666666666,-0.37557959814528596,65.72,539.5,1.46,1.95,3.3,3.3,10.01,15.2
78,2000,5,Karnataka,Raichur,75.8,44.0,580.0,404.0,647.0,392.0,481.0,0.4356435643564356,54.07,851.5,5.2,2.36,5.82,3.0,16.380000000000003,21.4
78,2001,5,Karnataka,Raichur,41.82,12.9,308.0,580.0,404.0,647.0,543.6666666666666,-0.46896551724137936,75.8,511.5,1.54,2.37,2.47,5.62,12.0,18.71
78,2002,5,Karnataka,Raichur,63.59,18.37,289.0,308.0,580.0,404.0,430.6666666666667,-0.06168831168831168,41.82,432.3125,1.9,1.94,3.78,1.45,9.07,17.14
78,2003,5,Karnataka,Raichur,69.56,29.99,431.0,289.0,308.0,580.0,392.3333333333333,0.4913494809688581,63.59,547.0666666666667,1.79,1.93,2.98,2.1,8.799999999999999,14.85
78,2004,5,Karnataka,Raichur,74.85,32.86,439.0,431.0,289.0,308.0,342.6666666666667,0.018561484918793614,69.56,593.7333333333333,1.28,3.72,1.21,4.74,10.95,18.58
78,2005,5,Karnataka,Raichur,68.06,69.3,1018.0,439.0,431.0,289.0,386.3333333333333,1.3189066059225514,74.85,812.8125,3.12,7.45,4.22,4.0,18.79,29.47
78,2006,5,Karnataka,Raichur,57.4,17.72,309.0,1018.0,439.0,431.0,629.3333333333334,-0.6964636542239686,68.06,492.8,4.18,2.4,1.73,5.18,13.49,22.6
78,2007,5,Karnataka,Raichur,62.08,43.22,696.0,309.0,1018.0,439.0,588.6666666666666,1.2524271844660193,57.4,896.9333333333333,9.64,3.32,5.26,7.31,25.53,30.05
78,2008,5,Karnataka,Raichur,53.51,36.29,678.0,696.0,309.0,1018.0,674.3333333333334,-0.025862068965517238,62.08,644.4285714285714,1.65,3.27,4.49,3.96,13.37,23.43
78,2009,5,Karnataka,Raichur,55.94,24.2,433.0,678.0,696.0,309.0,561.0,-0.3613569321533924,53.51,475.3076923076923,3.1,1.36,3.88,5.6,13.94,21.14
78,2010,5,Karnataka,Raichur,53.89,62.93,1168.0,433.0,678.0,696.0,602.3333333333334,1.6974595842956122,55.94,1009.0,2.39,5.49,4.48,4.17,16.53,22.28
78,2011,5,Karnataka,Raichur,46.22,36.98,800.0,1168.0,433.0,678.0,759.6666666666666,-0.31506849315068497,53.89,867.625,1.37,2.53,3.18,0.77,7.85,11.54
78,2012,5,Karnataka,Raichur,52.36,51.28,979.0,800.0,1168.0,433.0,800.3333333333334,0.2237499999999999,46.22,988.1,0.82,2.91,1.94,3.25,8.92,14.7
78,2013,5,Karnataka,Raichur,51.0,56.88,1115.0,979.0,800.0,1168.0,982.3333333333334,0.13891726251276815,52.36,1081.0555555555557,2.02,2.8,1.78,6.66,13.260000000000002,19.05
78,2014,5,Karnataka,Raichur,46.28,33.81,731.0,1115.0,979.0,800.0,964.6666666666666,-0.34439461883408073,51.0,981.625,1.23,3.32,6.99,2.31,13.85,21.39
78,2015,5,Karnataka,Raichur,37.04,28.48,769.0,731.0,1115.0,979.0,941.6666666666666,0.051983584131326976,46.28,714.4705882352941,1.26,1.2,2.58,5.24,10.28,15.92
78,2016,5,Karnataka,Raichur,51.81,74.64,1441.0,769.0,731.0,1115.0,871.6666666666666,0.8738621586475943,37.04,919.8888888888889,4.29,4.08,2.04,6.09,16.5,19.33
78,2017,5,Karnataka,Raichur,39.71,52.96,1334.0,1441.0,769.0,731.0,980.3333333333334,-0.07425399028452462,51.81,1521.235294117647,4.42,1.83,3.46,5.87,15.580000000000002,21.28
78,2018,5,Karnataka,Raichur,47.02,43.35,922.0,1334.0,1441.0,769.0,1181.3333333333333,-0.3088455772113943,39.71,968.64,2.02,1.02,2.09,2.35,7.48,9.87
78,2019,5,Karnataka,Raichur,57.47,65.27,1136.0,922.0,1334.0,1441.0,1232.3333333333333,0.23210412147505433,47.02,1106.3633333333335,1.28,1.72,3.58,4.87,11.45,16.61
79,1993,5,Karnataka,Gulbarga,59.66,47.36,794.0,662.0,450.0,571.0,561.0,0.19939577039274914,69.12,610.7272727272727,1.57,6.86,5.69,5.68,19.8,28.08
79,1994,5,Karnataka,Gulbarga,47.09,30.18,641.0,794.0,662.0,450.0,635.3333333333334,-0.1926952141057935,59.66,423.27272727272725,2.81,3.49,4.21,1.29,11.8,21.07
79,1995,5,Karnataka,Gulbarga,77.19,57.93,750.0,641.0,794.0,662.0,699.0,0.17004680187207488,47.09,616.3636363636364,6.25,5.51,4.63,5.28,21.67,33.78
79,1996,5,Karnataka,Gulbarga,70.54,55.67,789.0,750.0,641.0,794.0,728.3333333333334,0.052000000000000046,77.19,616.8181818181819,4.06,3.54,8.5,7.09,23.19,30.87
79,1997,5,Karnataka,Gulbarga,66.83,39.48,591.0,789.0,750.0,641.0,726.6666666666666,-0.25095057034220536,70.54,404.27272727272725,2.74,3.62,2.99,2.7,12.05,20.49
79,1998,5,Karnataka,Gulbarga,74.63,47.74,640.0,591.0,789.0,750.0,710.0,0.08291032148900168,66.83,622.6,3.58,4.97,7.15,10.82,26.520000000000003,35.68
79,1999,5,Karnataka,Gulbarga,82.67,59.53,720.0,640.0,591.0,789.0,673.3333333333334,0.125,74.63,539.5,2.91,2.98,2.23,3.24,11.36,15.92
79,2000,5,Karnataka,Gulbarga,86.3,77.0,892.0,720.0,640.0,591.0,650.3333333333334,0.23888888888888893,82.67,851.5,5.65,2.66,10.4,2.29,21.0,25.98
79,2001,5,Karnataka,Gulbarga,59.72,41.75,699.0,892.0,720.0,640.0,750.6666666666666,-0.21636771300448432,86.3,511.5,3.75,2.26,4.13,8.35,18.49,24.8
79,2002,5,Karnataka,Gulbarga,60.13,45.77,761.0,699.0,892.0,720.0,770.3333333333334,0.08869814020028621,59.72,432.3125,4.29,2.93,5.71,2.89,15.82,22.87
79,2003,5,Karnataka,Gulbarga,72.38,52.14,720.0,761.0,699.0,892.0,784.0,-0.053876478318002574,60.13,547.0666666666667,1.76,3.72,5.36,2.6,13.44,18.21
79,2004,5,Karnataka,Gulbarga,68.82,54.24,788.0,720.0,761.0,699.0,726.6666666666666,0.09444444444444455,72.38,593.7333333333333,2.93,7.31,1.55,6.35,18.14,24.94
79,2005,5,Karnataka,Gulbarga,72.67,70.44,969.0,788.0,720.0,761.0,756.3333333333334,0.22969543147208116,68.82,812.8125,3.13,9.4,6.55,5.43,24.51,32.97
79,2006,5,Karnataka,Gulbarga,65.64,43.05,656.0,969.0,788.0,720.0,825.6666666666666,-0.32301341589267285,72.67,492.8,4.75,3.33,3.49,7.57,19.14,27.84
79,2007,5,Karnataka,Gulbarga,61.87,48.53,784.0,656.0,969.0,788.0,804.3333333333334,0.19512195121951215,65.64,896.9333333333333,6.38,2.71,6.55,8.62,24.26,25.77
79,2008,5,Karnataka,Gulbarga,52.7,41.96,796.0,784.0,656.0,969.0,803.0,0.015306122448979664,61.87,644.4285714285714,1.07,4.56,9.03,7.35,22.01,30.2
79,2009,5,Karnataka,Gulbarga,36.23,20.68,571.0,796.0,784.0,656.0,745.3333333333334,-0.28266331658291455,52.7,475.3076923076923,3.7,1.59,6.39,5.97,17.65,23.93
79,2010,5,Karnataka,Gulbarga,18.88,15.67,830.0,571.0,796.0,784.0,717.0,0.4535901926444834,36.23,1009.0,5.15,8.0,9.14,4.95,27.24,32.81
79,2011,5,Karnataka,Gulbarga,20.94,16.37,782.0,830.0,571.0,796.0,732.3333333333334,-0.05783132530120483,18.88,867.625,1.99,6.07,5.0,1.45,14.51,18.29
79,2012,5,Karnataka,Gulbarga,15.57,16.96,1089.0,782.0,830.0,571.0,727.6666666666666,0.3925831202046035,20.94,988.1,3.41,4.67,4.44,3.7,16.22,20.31
79,2013,5,Karnataka,Gulbarga,14.9,19.87,1334.0,1089.0,782.0,830.0,900.3333333333334,0.22497704315886136,15.57,1081.0555555555557,4.11,7.79,2.18,6.97,21.05,27.23
79,2014,5,Karnataka,Gulbarga,15.64,18.22,1165.0,1334.0,1089.0,782.0,1068.3333333333333,-0.12668665667166412,14.9,981.625,1.9,3.72,8.73,2.61,16.96,25.42
79,2015,5,Karnataka,Gulbarga,4.89,3.18,650.0,1165.0,1334.0,1089.0,1196.0,-0.4420600858369099,15.64,714.4705882352941,1.7,1.67,4.08,5.73,13.18,18.19
79,2016,5,Karnataka,Gulbarga,12.13,17.76,1464.0,650.0,1165.0,1334.0,1049.6666666666667,1.2523076923076921,4.89,919.8888888888889,6.1,7.16,1.55,10.81,25.62,28.59
79,2017,5,Karnataka,Gulbarga,7.48,19.85,2653.0,1464.0,650.0,1165.0,1093.0,0.8121584699453552,12.13,1521.235294117647,6.03,3.39,4.49,6.24,20.15,25.4
79,2018,5,Karnataka,Gulbarga,1.68,2.96,1760.0,2653.0,1464.0,650.0,1589.0,-0.33660007538635506,7.48,968.64,2.87,2.26,4.16,2.34,11.63,15.56
79,2019,5,Karnataka,Gulbarga,7.55,12.7,1683.0,1760.0,2653.0,1464.0,1959.0,-0.043749999999999956,1.68,1106.3633333333335,3.0,2.58,4.6,6.5,16.68,21.83
83,1993,11,Tamil Nadu,Kancheepuram,3.0,5.0,1667.0,1978.0,1649.0,1982.0,1869.6666666666667,-0.15722952477249752,1.39,1526.9375,1.99,2.63,5.4,2.16,12.18,45.49
83,1994,11,Tamil Nadu,Kancheepuram,0.91,1.73,1901.0,1667.0,1978.0,1649.0,1764.6666666666667,0.140371925614877,3.0,1371.2380952380952,1.41,2.07,4.0,1.31,8.79,39.21
83,1995,11,Tamil Nadu,Kancheepuram,0.9,2.02,2244.0,1901.0,1667.0,1978.0,1848.6666666666667,0.180431351920042,0.91,1302.4,0.83,3.92,8.16,5.3,18.21,39.97
83,1999,11,Tamil Nadu,Kancheepuram,0.01,0.02,2000.0,2244.0,1901.0,1667.0,1937.3333333333333,-0.10873440285204994,0.9,1686.5416666666667,2.49,1.6,4.39,3.37,11.85,30.47
83,2000,11,Tamil Nadu,Kancheepuram,0.04,0.1,2500.0,2000.0,2244.0,1901.0,2048.3333333333335,0.25,0.01,1490.8333333333333,1.88,3.77,3.15,4.69,13.490000000000002,34.05
83,2001,11,Tamil Nadu,Kancheepuram,0.05,0.11,2200.0,2500.0,2000.0,2244.0,2248.0,-0.12,0.04,1411.7083333333333,1.98,4.42,1.6,4.97,12.97,40.98
83,2002,11,Tamil Nadu,Kancheepuram,0.03,0.05,1667.0,2200.0,2500.0,2000.0,2233.3333333333335,-0.2422727272727273,0.05,1024.6818181818182,1.1,1.45,4.14,3.25,9.94,34.160000000000004
83,2003,11,Tamil Nadu,Kancheepuram,0.22,0.29,1318.0,1667.0,2200.0,2500.0,2122.3333333333335,-0.2093581283743251,0.03,1060.8,1.89,5.18,4.59,3.0,14.66,29.23
83,2004,11,Tamil Nadu,Kancheepuram,0.03,0.04,1333.0,1318.0,1667.0,2200.0,1728.3333333333333,0.011380880121396153,0.22,1259.4615384615386,1.93,1.99,1.55,8.36,13.829999999999998,44.46
83,2005,11,Tamil Nadu,Kancheepuram,0.01,0.03,3000.0,1333.0,1318.0,1667.0,1439.3333333333333,1.2505626406601649,0.03,1316.625,0.48,2.38,2.55,4.53,9.94,62.03
83,2006,11,Tamil Nadu,Kancheepuram,0.03,0.07,2333.0,3000.0,1333.0,1318.0,1883.6666666666667,-0.22233333333333338,0.01,1589.5652173913043,2.4,3.31,2.88,3.74,12.33,40.41
83,2007,11,Tamil Nadu,Kancheepuram,0.03,0.08,2667.0,2333.0,3000.0,1333.0,2222.0,0.1431633090441491,0.03,1603.8695652173913,3.02,5.82,6.08,4.35,19.27,40.92
83,2010,11,Tamil Nadu,Kancheepuram,0.04,0.06,1500.0,2667.0,2333.0,3000.0,2666.6666666666665,-0.437570303712036,0.03,1499.9583333333333,3.63,3.82,5.4,4.42,17.27,44.54
83,2011,11,Tamil Nadu,Kancheepuram,0.06,0.13,2167.0,1500.0,2667.0,2333.0,2166.6666666666665,0.44466666666666677,0.04,2250.72,1.58,4.89,5.3,4.43,16.2,44.92
83,2012,11,Tamil Nadu,Kancheepuram,0.03,0.05,1667.0,2167.0,1500.0,2667.0,2111.3333333333335,-0.23073373327180435,0.06,1478.6153846153845,1.87,3.1,3.96,3.65,12.58,32.68
83,2013,11,Tamil Nadu,Kancheepuram,0.07,0.16,2286.0,1667.0,2167.0,1500.0,1778.0,0.37132573485302944,0.03,2170.25,3.64,3.21,5.65,6.23,18.73,33.53
83,2014,11,Tamil Nadu,Kancheepuram,0.02,0.06,3000.0,2286.0,1667.0,2167.0,2040.0,0.3123359580052494,0.07,3069.8846153846152,4.04,1.5,5.09,4.58,15.21,35.78
83,2016,11,Tamil Nadu,Kancheepuram,0.1,0.21,2124.0,3000.0,2286.0,1667.0,2317.6666666666665,-0.29200000000000004,0.02,2170.375,4.16,3.04,1.98,4.59,13.77,26.47
83,2017,11,Tamil Nadu,Kancheepuram,0.04,0.1,2209.0,2124.0,3000.0,2286.0,2470.0,0.040018832391713666,0.1,2231.28,2.46,5.02,7.15,5.99,20.62,42.29
83,2018,11,Tamil Nadu,Kancheepuram,0.01,0.02,2556.0,2209.0,2124.0,3000.0,2444.3333333333335,0.15708465368945235,0.04,2474.84,2.13,2.21,4.1,3.62,12.06,27.28
84,1993,11,Tamil Nadu,South Arcot Cuddalore,76.0,115.0,1513.0,1212.0,1174.0,1080.0,1155.3333333333333,0.24834983498349827,84.32,1526.9375,2.83,2.51,1.78,2.54,9.66,37.83
84,1994,11,Tamil Nadu,South Arcot Cuddalore,13.28,22.81,1718.0,1513.0,1212.0,1174.0,1299.6666666666667,0.13549239920687373,76.0,1371.2380952380952,0.87,1.97,1.39,2.22,6.449999999999999,26.56
84,1995,11,Tamil Nadu,South Arcot Cuddalore,11.49,14.71,1280.0,1718.0,1513.0,1212.0,1481.0,-0.25494761350407447,13.28,1302.4,2.0,2.26,3.69,3.42,11.37,25.98
84,1996,11,Tamil Nadu,South Arcot Cuddalore,9.65,19.41,2011.0,1280.0,1718.0,1513.0,1503.6666666666667,0.57109375,11.49,1290.76,6.1,0.86,4.82,5.04,16.82,40.98
84,1997,11,Tamil Nadu,South Arcot Cuddalore,6.18,15.12,2447.0,2011.0,1280.0,1718.0,1669.6666666666667,0.2168075584286424,9.65,1471.1363636363637,1.69,2.05,1.83,3.38,8.95,37.28
84,1998,11,Tamil Nadu,South Arcot Cuddalore,9.31,16.83,1808.0,2447.0,2011.0,1280.0,1912.6666666666667,-0.2611360850020433,6.18,1540.1818181818182,0.4,2.38,4.91,4.71,12.4,34.89
84,1999,11,Tamil Nadu,South Arcot Cuddalore,6.47,10.22,1580.0,1808.0,2447.0,2011.0,2088.6666666666665,-0.12610619469026552,9.31,1686.5416666666667,2.05,1.23,1.51,2.29,7.08,27.64
84,2000,11,Tamil Nadu,South Arcot Cuddalore,4.28,8.51,1988.0,1580.0,1808.0,2447.0,1945.0,0.25822784810126587,6.47,1490.8333333333333,1.32,3.25,1.94,4.21,10.72,32.14
84,2001,11,Tamil Nadu,South Arcot Cuddalore,4.08,10.05,2463.0,1988.0,1580.0,1808.0,1792.0,0.23893360160965793,4.28,1411.7083333333333,1.3,3.75,1.98,4.15,11.18,27.94
84,2002,11,Tamil Nadu,South Arcot Cuddalore,2.71,4.83,1782.0,2463.0,1988.0,1580.0,2010.3333333333333,-0.27649208282582216,4.08,1024.6818181818182,3.23,0.52,0.88,2.59,7.22,24.13
84,2003,11,Tamil Nadu,South Arcot Cuddalore,4.75,7.08,1491.0,1782.0,2463.0,1988.0,2077.6666666666665,-0.16329966329966328,2.71,1060.8,0.94,2.4,3.75,2.89,9.98,27.6
84,2004,11,Tamil Nadu,South Arcot Cuddalore,3.18,4.64,1459.0,1491.0,1782.0,2463.0,1912.0,-0.021462105969148215,4.75,1259.4615384615386,0.83,3.05,1.56,8.11,13.55,42.07
84,2005,11,Tamil Nadu,South Arcot Cuddalore,1.53,2.07,1353.0,1459.0,1491.0,1782.0,1577.3333333333333,-0.07265250171350235,3.18,1316.625,0.3,1.01,2.53,3.64,7.48,47.97
84,2006,11,Tamil Nadu,South Arcot Cuddalore,1.28,1.61,1258.0,1353.0,1459.0,1491.0,1434.3333333333333,-0.07021433850702141,1.53,1589.5652173913043,1.33,0.96,2.95,2.69,7.93,30.31
84,2007,11,Tamil Nadu,South Arcot Cuddalore,1.71,2.81,1643.0,1258.0,1353.0,1459.0,1356.6666666666667,0.3060413354531002,1.28,1603.8695652173913,1.22,2.75,4.08,2.76,10.81,34.15
84,2008,11,Tamil Nadu,South Arcot Cuddalore,1.84,2.91,1582.0,1643.0,1258.0,1353.0,1418.0,-0.03712720632988431,1.71,1738.4166666666667,1.42,3.07,3.63,1.33,9.45,43.6
84,2009,11,Tamil Nadu,South Arcot Cuddalore,2.06,6.14,2981.0,1582.0,1643.0,1258.0,1494.3333333333333,0.8843236409608091,1.84,1623.92,0.6,2.0,1.96,2.92,7.48,32.17
84,2010,11,Tamil Nadu,South Arcot Cuddalore,1.73,3.62,2092.0,2981.0,1582.0,1643.0,2068.6666666666665,-0.2982220731298222,2.06,1499.9583333333333,3.35,1.89,5.5,4.0,14.74,43.02
84,2011,11,Tamil Nadu,South Arcot Cuddalore,1.78,5.25,2949.0,2092.0,2981.0,1582.0,2218.3333333333335,0.4096558317399617,1.73,2250.72,0.53,2.46,3.07,4.85,10.91,35.79
84,2012,11,Tamil Nadu,South Arcot Cuddalore,2.5,5.96,2384.0,2949.0,2092.0,2981.0,2674.0,-0.1915903696168193,1.78,1478.6153846153845,1.59,2.18,2.8,3.94,10.51,28.99
84,2013,11,Tamil Nadu,South Arcot Cuddalore,3.56,8.33,2340.0,2384.0,2949.0,2092.0,2475.0,-0.01845637583892612,2.5,2170.25,2.22,1.39,4.59,5.25,13.45,26.63
84,2014,11,Tamil Nadu,South Arcot Cuddalore,3.36,11.1,3304.0,2340.0,2384.0,2949.0,2557.6666666666665,0.41196581196581206,3.56,3069.8846153846152,1.86,1.05,3.33,3.15,9.39,29.9
84,2015,11,Tamil Nadu,South Arcot Cuddalore,3.49,10.34,2963.0,3304.0,2340.0,2384.0,2676.0,-0.10320823244552058,3.36,2671.75,2.28,1.44,3.08,2.59,9.39,47.58
84,2016,11,Tamil Nadu,South Arcot Cuddalore,4.24,17.15,4043.0,2963.0,3304.0,2340.0,2869.0,0.3644954438069523,3.49,2170.375,2.62,2.49,3.29,1.69,10.09,21.01
84,2017,11,Tamil Nadu,South Arcot Cuddalore,5.22,19.88,3811.0,4043.0,2963.0,3304.0,3436.6666666666665,-0.057383131338115234,4.24,2231.28,1.48,2.49,5.32,3.91,13.2,36.7
84,2018,11,Tamil Nadu,South Arcot Cuddalore,3.62,12.02,3322.0,3811.0,4043.0,2963.0,3605.6666666666665,-0.12831277879821568,5.22,2474.84,2.12,1.86,2.06,3.03,9.07,27.97
84,2019,11,Tamil Nadu,South Arcot Cuddalore,4.03,14.13,3504.0,3322.0,3811.0,4043.0,3725.3333333333335,0.054786273329319624,3.62,2837.84,1.06,2.77,5.38,6.67,15.88,35.39
86,1993,11,Tamil Nadu,Salem,14.0,23.0,1643.0,1760.0,1529.0,1471.0,1586.6666666666667,-0.06647727272727277,10.31,1526.9375,2.74,2.32,1.64,2.5,9.2,30.48
86,1994,11,Tamil Nadu,Salem,8.72,17.36,1991.0,1643.0,1760.0,1529.0,1644.0,0.21180766889835656,14.0,1371.2380952380952,0.64,2.45,0.82,2.64,6.550000000000001,23.73
86,1995,11,Tamil Nadu,Salem,10.1,16.6,1644.0,1991.0,1643.0,1760.0,1798.0,-0.1742842792566549,8.72,1302.4,1.81,2.19,2.96,2.76,9.72,22.06
86,1996,11,Tamil Nadu,Salem,5.58,6.53,1170.0,1644.0,1991.0,1643.0,1759.3333333333333,-0.2883211678832117,10.1,1290.76,4.44,0.9,4.68,4.63,14.65,30.93
86,1997,11,Tamil Nadu,Salem,5.96,12.25,2055.0,1170.0,1644.0,1991.0,1601.6666666666667,0.7564102564102564,5.58,1471.1363636363637,1.89,1.31,1.39,3.48,8.07,30.23
86,1998,11,Tamil Nadu,Salem,4.48,9.59,2141.0,2055.0,1170.0,1644.0,1623.0,0.04184914841849152,5.96,1540.1818181818182,0.57,2.39,5.0,4.37,12.33,28.1
86,1999,11,Tamil Nadu,Salem,5.69,12.02,2112.0,2141.0,2055.0,1170.0,1788.6666666666667,-0.013545072396076607,4.48,1686.5416666666667,1.6,1.13,1.38,2.21,6.319999999999999,24.2
86,2000,11,Tamil Nadu,Salem,3.36,6.66,1982.0,2112.0,2141.0,2055.0,2102.6666666666665,-0.061553030303030276,5.69,1490.8333333333333,0.86,3.19,2.45,4.64,11.14,28.14
86,2001,11,Tamil Nadu,Salem,3.26,6.38,1957.0,1982.0,2112.0,2141.0,2078.3333333333335,-0.012613521695257313,3.36,1411.7083333333333,1.03,3.45,1.49,4.18,10.15,24.51
86,2002,11,Tamil Nadu,Salem,2.68,2.85,1063.0,1957.0,1982.0,2112.0,2017.0,-0.45682166581502304,3.26,1024.6818181818182,3.12,0.39,0.76,1.91,6.180000000000001,19.44
86,2003,11,Tamil Nadu,Salem,4.43,5.06,1142.0,1063.0,1957.0,1982.0,1667.3333333333333,0.07431796801505164,2.68,1060.8,0.87,2.2,3.18,2.78,9.03,23.85
86,2004,11,Tamil Nadu,Salem,3.77,5.6,1485.0,1142.0,1063.0,1957.0,1387.3333333333333,0.3003502626970227,4.43,1259.4615384615386,0.71,3.63,1.13,8.18,13.65,33.89
86,2005,11,Tamil Nadu,Salem,1.65,1.76,1067.0,1485.0,1142.0,1063.0,1230.0,-0.28148148148148144,3.77,1316.625,0.32,1.28,2.25,3.31,7.16,39.25
86,2006,11,Tamil Nadu,Salem,1.49,1.9,1275.0,1067.0,1485.0,1142.0,1231.3333333333333,0.19493908153701978,1.65,1589.5652173913043,1.28,0.59,3.27,2.43,7.57,24.62
86,2007,11,Tamil Nadu,Salem,0.92,1.03,1120.0,1275.0,1067.0,1485.0,1275.6666666666667,-0.1215686274509804,1.49,1603.8695652173913,1.21,2.77,3.6,2.34,9.92,27.48
86,2008,11,Tamil Nadu,Salem,0.88,1.74,1977.0,1120.0,1275.0,1067.0,1154.0,0.7651785714285715,0.92,1738.4166666666667,0.93,4.04,4.74,1.35,11.06,35.37
86,2009,11,Tamil Nadu,Salem,1.22,1.38,1131.0,1977.0,1120.0,1275.0,1457.3333333333333,-0.4279210925644916,0.88,1623.92,0.83,1.22,2.06,3.1,7.209999999999999,21.03
86,2010,11,Tamil Nadu,Salem,1.93,2.78,1440.0,1131.0,1977.0,1120.0,1409.3333333333333,0.273209549071618,1.22,1499.9583333333333,2.94,2.39,4.97,2.94,13.24,34.76
86,2011,11,Tamil Nadu,Salem,0.84,1.3,1548.0,1440.0,1131.0,1977.0,1516.0,0.07499999999999996,1.93,2250.72,0.62,2.4,3.01,4.17,10.2,28.21
86,2012,11,Tamil Nadu,Salem,0.66,0.71,1076.0,1548.0,1440.0,1131.0,1373.0,-0.30490956072351416,0.84,1478.6153846153845,1.86,2.03,2.72,4.3,10.91,24.09
86,2013,11,Tamil Nadu,Salem,0.78,1.53,1962.0,1076.0,1548.0,1440.0,1354.6666666666667,0.8234200743494424,0.66,2170.25,2.11,0.99,3.87,5.36,12.33,22.33
86,2014,11,Tamil Nadu,Salem,1.1,2.28,2073.0,1962.0,1076.0,1548.0,1528.6666666666667,0.05657492354740068,0.78,3069.8846153846152,2.07,0.65,2.68,3.38,8.780000000000001,21.79
86,2015,11,Tamil Nadu,Salem,1.61,4.81,2988.0,2073.0,1962.0,1076.0,1703.6666666666667,0.44138929088277856,1.1,2671.75,2.51,0.63,2.28,2.81,8.23,28.6
86,2016,11,Tamil Nadu,Salem,1.19,2.07,1744.0,2988.0,2073.0,1962.0,2341.0,-0.4163319946452476,1.61,2170.375,1.8,2.7,1.3,0.45,6.25,13.3
86,2017,11,Tamil Nadu,Salem,0.59,1.16,1974.0,1744.0,2988.0,2073.0,2268.3333333333335,0.13188073394495414,1.19,2231.28,0.84,1.38,3.32,6.8,12.34,26.55
86,2018,11,Tamil Nadu,Salem,0.83,2.13,2559.0,1974.0,1744.0,2988.0,2235.3333333333335,0.2963525835866261,0.59,2474.84,1.74,2.39,1.36,4.08,9.57,21.82
86,2019,11,Tamil Nadu,Salem,1.12,3.12,2784.0,2559.0,1974.0,1744.0,2092.3333333333335,0.08792497069167649,0.83,2837.84,2.07,1.67,4.17,5.8,13.71,27.4
87,1993,11,Tamil Nadu,Coimbatore,1.0,3.0,3000.0,1525.0,848.0,1175.0,1182.6666666666667,0.9672131147540983,1.2,1526.9375,7.64,5.7,2.9,1.01,17.25,38.81
87,1994,11,Tamil Nadu,Coimbatore,1.13,1.22,1080.0,3000.0,1525.0,848.0,1791.0,-0.64,1.0,1371.2380952380952,6.44,9.41,3.14,2.33,21.32,41.96
87,1995,11,Tamil Nadu,Coimbatore,0.85,0.9,1059.0,1080.0,3000.0,1525.0,1868.3333333333333,-0.019444444444444486,1.13,1302.4,6.24,5.76,3.69,2.62,18.31,32.54
87,1996,11,Tamil Nadu,Coimbatore,0.52,0.66,1269.0,1059.0,1080.0,3000.0,1713.0,0.19830028328611893,0.85,1290.76,6.74,6.53,5.11,4.34,22.72,38.62
87,1997,11,Tamil Nadu,Coimbatore,0.52,0.91,1750.0,1269.0,1059.0,1080.0,1136.0,0.37903861308116626,0.52,1471.1363636363637,6.43,9.45,4.81,3.04,23.73,43.87
87,1998,11,Tamil Nadu,Coimbatore,0.36,0.8,2222.0,1750.0,1269.0,1059.0,1359.3333333333333,0.2697142857142858,0.52,1540.1818181818182,5.94,5.92,3.78,6.04,21.68,36.37
87,1999,11,Tamil Nadu,Coimbatore,0.89,2.35,2640.0,2222.0,1750.0,1269.0,1747.0,0.18811881188118806,0.36,1686.5416666666667,5.02,4.27,1.65,0.81,11.75,32.4
87,2000,11,Tamil Nadu,Coimbatore,0.4,0.82,2050.0,2640.0,2222.0,1750.0,2204.0,-0.2234848484848485,0.89,1490.8333333333333,4.7,2.57,7.08,2.66,17.009999999999998,30.41
87,2001,11,Tamil Nadu,Coimbatore,0.24,0.45,1875.0,2050.0,2640.0,2222.0,2304.0,-0.08536585365853655,0.4,1411.7083333333333,6.19,4.35,2.38,3.48,16.4,36.12
87,2002,11,Tamil Nadu,Coimbatore,0.62,0.68,1097.0,1875.0,2050.0,2640.0,2188.3333333333335,-0.4149333333333334,0.24,1024.6818181818182,5.05,2.56,4.19,1.49,13.29,29.1
87,2003,11,Tamil Nadu,Coimbatore,0.5,0.58,1160.0,1097.0,1875.0,2050.0,1674.0,0.05742935278031003,0.62,1060.8,5.97,4.37,2.7,0.81,13.85,30.05
87,2004,11,Tamil Nadu,Coimbatore,0.46,0.87,1891.0,1160.0,1097.0,1875.0,1377.3333333333333,0.6301724137931035,0.5,1259.4615384615386,5.72,3.88,3.47,5.57,18.64,42.54
87,2005,11,Tamil Nadu,Coimbatore,0.41,0.75,1829.0,1891.0,1160.0,1097.0,1382.6666666666667,-0.032786885245901676,0.46,1316.625,5.67,5.73,2.77,3.33,17.5,42.28
87,2006,11,Tamil Nadu,Coimbatore,0.46,0.86,1870.0,1829.0,1891.0,1160.0,1626.6666666666667,0.022416621104428547,0.41,1589.5652173913043,6.86,4.26,4.07,6.21,21.4,43.26
87,2007,11,Tamil Nadu,Coimbatore,0.57,0.94,1649.0,1870.0,1829.0,1891.0,1863.3333333333333,-0.11818181818181817,0.46,1603.8695652173913,7.5,8.9,5.49,6.12,28.01,46.48
87,2008,11,Tamil Nadu,Coimbatore,0.11,0.2,1818.0,1649.0,1870.0,1829.0,1782.6666666666667,0.1024863553668891,0.57,1738.4166666666667,4.47,4.99,4.45,3.81,17.72,38.5
87,2009,11,Tamil Nadu,Coimbatore,0.12,0.19,1583.0,1818.0,1649.0,1870.0,1779.0,-0.12926292629262925,0.11,1623.92,4.92,8.74,3.41,4.07,21.14,36.41
87,2010,11,Tamil Nadu,Coimbatore,0.05,0.07,1400.0,1583.0,1818.0,1649.0,1683.3333333333333,-0.1156032849020846,0.12,1499.9583333333333,7.48,5.51,4.22,3.67,20.880000000000003,43.5
87,2011,11,Tamil Nadu,Coimbatore,0.09,0.21,2333.0,1400.0,1583.0,1818.0,1600.3333333333333,0.6664285714285714,0.05,2250.72,6.15,4.34,4.08,3.89,18.46,38.72
87,2012,11,Tamil Nadu,Coimbatore,0.06,0.09,1500.0,2333.0,1400.0,1583.0,1772.0,-0.3570510072867552,0.09,1478.6153846153845,4.15,2.3,3.52,2.22,12.19,24.66
87,2013,11,Tamil Nadu,Coimbatore,0.07,0.16,2286.0,1500.0,2333.0,1400.0,1744.3333333333333,0.524,0.06,2170.25,8.33,6.18,3.53,3.26,21.3,35.15
87,2014,11,Tamil Nadu,Coimbatore,0.1,0.31,3100.0,2286.0,1500.0,2333.0,2039.6666666666667,0.35608048993875774,0.07,3069.8846153846152,3.72,6.03,6.89,4.39,21.03,38.36
87,2015,11,Tamil Nadu,Coimbatore,0.07,0.17,2429.0,3100.0,2286.0,1500.0,2295.3333333333335,-0.2164516129032258,0.1,2671.75,3.86,1.68,2.3,3.63,11.47,31.39
87,2016,11,Tamil Nadu,Coimbatore,0.3,0.36,1202.0,2429.0,3100.0,2286.0,2605.0,-0.5051461506792919,0.07,2170.375,4.74,5.34,2.26,0.81,13.15,22.8
87,2017,11,Tamil Nadu,Coimbatore,0.21,0.46,2229.0,1202.0,2429.0,3100.0,2243.6666666666665,0.8544093178036605,0.3,2231.28,4.56,3.04,5.64,9.33,22.57,39.86
87,2018,11,Tamil Nadu,Coimbatore,0.17,0.46,2642.0,2229.0,1202.0,2429.0,1953.3333333333333,0.18528488111260666,0.21,2474.84,5.77,7.49,7.21,3.99,24.46,43.29
87,2019,11,Tamil Nadu,Coimbatore,0.11,0.29,2714.0,2642.0,2229.0,1202.0,2024.3333333333333,0.02725208175624516,0.17,2837.84,3.5,4.41,9.2,7.39,24.5,44.44
88,1993,11,Tamil Nadu,Tiruchirapalli Trichy,49.0,50.0,1020.0,693.0,536.0,588.0,605.6666666666666,0.47186147186147176,47.84,1526.9375,2.56,2.44,1.33,1.97,8.3,31.38
88,1994,11,Tamil Nadu,Tiruchirapalli Trichy,34.34,11.82,344.0,1020.0,693.0,536.0,749.6666666666666,-0.6627450980392157,49.0,1371.2380952380952,0.39,2.24,0.49,3.24,6.36,25.34
88,1995,11,Tamil Nadu,Tiruchirapalli Trichy,26.28,12.48,475.0,344.0,1020.0,693.0,685.6666666666666,0.3808139534883721,34.34,1302.4,2.16,2.12,2.36,2.43,9.07,21.96
88,1996,11,Tamil Nadu,Tiruchirapalli Trichy,5.14,2.73,531.0,475.0,344.0,1020.0,613.0,0.11789473684210527,26.28,1290.76,3.68,0.88,4.26,4.15,12.97,29.86
88,1997,11,Tamil Nadu,Tiruchirapalli Trichy,5.02,4.8,956.0,531.0,475.0,344.0,450.0,0.8003766478342749,5.14,1471.1363636363637,2.11,1.1,0.79,3.3,7.3,28.77
88,1998,11,Tamil Nadu,Tiruchirapalli Trichy,4.57,4.26,932.0,956.0,531.0,475.0,654.0,-0.025104602510460206,5.02,1540.1818181818182,0.36,1.75,4.86,4.18,11.15,26.91
88,1999,11,Tamil Nadu,Tiruchirapalli Trichy,3.84,3.28,854.0,932.0,956.0,531.0,806.3333333333334,-0.08369098712446355,4.57,1686.5416666666667,1.27,0.72,1.25,1.53,4.7700000000000005,23.05
88,2000,11,Tamil Nadu,Tiruchirapalli Trichy,4.23,2.96,700.0,854.0,932.0,956.0,914.0,-0.180327868852459,3.84,1490.8333333333333,0.5,3.52,1.75,4.85,10.62,28.52
88,2001,11,Tamil Nadu,Tiruchirapalli Trichy,3.78,2.69,712.0,700.0,854.0,932.0,828.6666666666666,0.017142857142857126,4.23,1411.7083333333333,0.84,3.66,1.36,3.86,9.72,23.58
88,2002,11,Tamil Nadu,Tiruchirapalli Trichy,3.76,3.68,979.0,712.0,700.0,854.0,755.3333333333334,0.375,3.78,1024.6818181818182,3.19,0.2,0.58,1.62,5.59,19.2
88,2003,11,Tamil Nadu,Tiruchirapalli Trichy,4.39,2.55,581.0,979.0,712.0,700.0,797.0,-0.4065372829417774,3.76,1060.8,0.58,2.28,3.23,3.22,9.31,25.5
88,2004,11,Tamil Nadu,Tiruchirapalli Trichy,3.35,1.39,415.0,581.0,979.0,712.0,757.3333333333334,-0.2857142857142857,4.39,1259.4615384615386,0.55,3.66,0.83,8.66,13.7,33.77
88,2005,11,Tamil Nadu,Tiruchirapalli Trichy,2.66,0.85,320.0,415.0,581.0,979.0,658.3333333333334,-0.22891566265060237,3.35,1316.625,0.19,0.91,1.72,2.98,5.800000000000001,38.52
88,2006,11,Tamil Nadu,Tiruchirapalli Trichy,2.98,2.56,859.0,320.0,415.0,581.0,438.6666666666667,1.6843750000000002,2.66,1589.5652173913043,0.83,0.26,4.08,2.69,7.859999999999999,25.06
88,2007,11,Tamil Nadu,Tiruchirapalli Trichy,2.04,0.98,480.0,859.0,320.0,415.0,531.3333333333334,-0.4412107101280559,2.98,1603.8695652173913,1.32,2.35,3.12,1.54,8.33,26.58
88,2008,11,Tamil Nadu,Tiruchirapalli Trichy,1.63,0.82,503.0,480.0,859.0,320.0,553.0,0.04791666666666661,2.04,1738.4166666666667,0.67,3.93,4.71,1.06,10.37,35.63
88,2009,11,Tamil Nadu,Tiruchirapalli Trichy,1.78,1.38,775.0,503.0,480.0,859.0,614.0,0.5407554671968191,1.63,1623.92,0.61,0.69,1.91,2.22,5.43,21.98
88,2010,11,Tamil Nadu,Tiruchirapalli Trichy,1.89,1.28,677.0,775.0,503.0,480.0,586.0,-0.12645161290322582,1.78,1499.9583333333333,2.63,1.64,3.73,3.35,11.35,34.37
88,2011,11,Tamil Nadu,Tiruchirapalli Trichy,1.41,2.25,1596.0,677.0,775.0,503.0,651.6666666666666,1.3574593796159529,1.89,2250.72,0.54,2.03,2.66,4.61,9.84,28.74
88,2012,11,Tamil Nadu,Tiruchirapalli Trichy,1.33,0.96,722.0,1596.0,677.0,775.0,1016.0,-0.5476190476190477,1.41,1478.6153846153845,2.05,1.47,2.75,3.67,9.94,23.53
88,2013,11,Tamil Nadu,Tiruchirapalli Trichy,1.07,0.88,822.0,722.0,1596.0,677.0,998.3333333333334,0.13850415512465375,1.33,2170.25,1.25,0.53,3.47,4.4,9.65,21.27
88,2014,11,Tamil Nadu,Tiruchirapalli Trichy,1.2,2.25,1875.0,822.0,722.0,1596.0,1046.6666666666667,1.281021897810219,1.07,3069.8846153846152,1.35,0.67,2.81,2.37,7.2,22.79
88,2015,11,Tamil Nadu,Tiruchirapalli Trichy,0.89,0.95,1067.0,1875.0,822.0,722.0,1139.6666666666667,-0.4309333333333333,1.2,2671.75,2.71,0.62,2.83,2.71,8.870000000000001,36.93
88,2016,11,Tamil Nadu,Tiruchirapalli Trichy,0.89,0.92,1030.0,1067.0,1875.0,822.0,1254.6666666666667,-0.03467666354264287,0.89,2170.375,1.46,2.92,2.05,0.75,7.18,15.48
88,2017,11,Tamil Nadu,Tiruchirapalli Trichy,0.52,1.3,2515.0,1030.0,1067.0,1875.0,1324.0,1.441747572815534,0.89,2231.28,1.15,1.63,4.13,4.77,11.68,27.19
88,2018,11,Tamil Nadu,Tiruchirapalli Trichy,0.31,0.6,1914.0,2515.0,1030.0,1067.0,1537.3333333333333,-0.23896620278330016,0.52,2474.84,1.7,2.08,1.13,3.54,8.45,23.12
88,2019,11,Tamil Nadu,Tiruchirapalli Trichy,0.25,0.7,2752.0,1914.0,2515.0,1030.0,1819.6666666666667,0.43782654127481724,0.31,2837.84,1.17,1.56,4.05,6.47,13.25,28.3
89,1994,11,Tamil Nadu,Thanjavur,0.03,0.03,1000.0,1200.0,1143.0,1526.0,1289.6666666666667,-0.16666666666666663,0.05,1371.2380952380952,0.38,2.05,0.59,3.38,6.4,29.5
89,1995,11,Tamil Nadu,Thanjavur,0.01,0.01,1000.0,1000.0,1200.0,1143.0,1114.3333333333333,0.0,0.03,1302.4,2.43,2.01,2.38,2.58,9.4,24.18
89,1996,11,Tamil Nadu,Thanjavur,0.02,0.03,1500.0,1000.0,1000.0,1200.0,1066.6666666666667,0.5,0.01,1290.76,4.37,1.0,4.16,4.24,13.77,34.85
89,1999,11,Tamil Nadu,Thanjavur,0.01,0.02,2000.0,1500.0,1000.0,1000.0,1166.6666666666667,0.33333333333333326,0.02,1686.5416666666667,1.39,0.62,1.39,1.39,4.789999999999999,25.56
89,2000,11,Tamil Nadu,Thanjavur,0.01,0.01,1000.0,2000.0,1500.0,1000.0,1500.0,-0.5,0.01,1490.8333333333333,0.54,3.97,1.34,5.34,11.19,32.53
89,2001,11,Tamil Nadu,Thanjavur,0.01,0.02,2000.0,1000.0,2000.0,1500.0,1500.0,1.0,0.01,1411.7083333333333,1.0,3.57,1.43,3.92,9.92,28.13
89,2003,11,Tamil Nadu,Thanjavur,0.08,0.1,1250.0,2000.0,1000.0,2000.0,1666.6666666666667,-0.375,0.01,1060.8,0.58,2.33,3.56,3.41,9.88,30.2
89,2004,11,Tamil Nadu,Thanjavur,0.01,0.01,1000.0,1250.0,2000.0,1000.0,1416.6666666666667,-0.19999999999999996,0.08,1259.4615384615386,0.64,3.43,0.87,8.88,13.82,39.6
89,2009,11,Tamil Nadu,Thanjavur,0.01,0.01,1000.0,1000.0,1250.0,2000.0,1416.6666666666667,0.0,0.01,1623.92,0.47,0.49,1.98,1.64,4.58,31.49
89,2013,11,Tamil Nadu,Thanjavur,0.01,0.02,2000.0,1000.0,1000.0,1250.0,1083.3333333333333,1.0,0.01,2170.25,0.79,0.56,3.34,4.17,8.86,25.78
89,2019,11,Tamil Nadu,Thanjavur,0.01,0.01,2600.0,2000.0,1000.0,1000.0,1333.3333333333333,0.30000000000000004,0.01,2837.84,0.66,2.03,3.89,7.1,13.68,36.85
90,1993,11,Tamil Nadu,Madurai,8.0,14.0,1750.0,1151.0,1267.0,1241.0,1219.6666666666667,0.520417028670721,8.59,1526.9375,5.09,4.85,1.31,1.64,12.89,43.08
90,1994,11,Tamil Nadu,Madurai,4.89,7.4,1513.0,1750.0,1151.0,1267.0,1389.3333333333333,-0.13542857142857145,8.0,1371.2380952380952,2.38,4.38,1.95,4.08,12.79,38.43
90,1995,11,Tamil Nadu,Madurai,3.37,4.7,1395.0,1513.0,1750.0,1151.0,1471.3333333333333,-0.07799074686054197,4.89,1302.4,2.23,2.0,1.93,1.8,7.96,22.33
90,1996,11,Tamil Nadu,Madurai,1.18,1.65,1398.0,1395.0,1513.0,1750.0,1552.6666666666667,0.0021505376344086446,3.37,1290.76,5.84,3.07,4.75,4.0,17.66,35.59
90,1997,11,Tamil Nadu,Madurai,1.02,1.29,1265.0,1398.0,1395.0,1513.0,1435.3333333333333,-0.09513590844062947,1.18,1471.1363636363637,5.54,3.05,1.74,4.73,15.06,35.73
90,1998,11,Tamil Nadu,Madurai,1.2,1.57,1308.0,1265.0,1398.0,1395.0,1352.6666666666667,0.033992094861660105,1.02,1540.1818181818182,2.46,2.21,6.14,6.6,17.409999999999997,38.31
90,1999,11,Tamil Nadu,Madurai,1.81,2.54,1403.0,1308.0,1265.0,1398.0,1323.6666666666667,0.07262996941896027,1.2,1686.5416666666667,3.87,1.51,1.58,1.4,8.36,33.49
90,2000,11,Tamil Nadu,Madurai,1.94,2.63,1356.0,1403.0,1308.0,1265.0,1325.3333333333333,-0.03349964362081259,1.81,1490.8333333333333,1.93,3.83,3.66,5.43,14.85,35.3
90,2001,11,Tamil Nadu,Madurai,2.03,2.59,1276.0,1356.0,1403.0,1308.0,1355.6666666666667,-0.05899705014749268,1.94,1411.7083333333333,3.26,6.19,1.82,6.48,17.75,37.36
90,2002,11,Tamil Nadu,Madurai,2.99,4.39,1468.0,1276.0,1356.0,1403.0,1345.0,0.15047021943573657,2.03,1024.6818181818182,4.58,0.63,1.64,1.32,8.17,28.34
90,2003,11,Tamil Nadu,Madurai,3.34,3.76,1126.0,1468.0,1276.0,1356.0,1366.6666666666667,-0.23297002724795646,2.99,1060.8,2.4,3.41,3.82,3.21,12.84,35.97
90,2004,11,Tamil Nadu,Madurai,5.2,6.38,1227.0,1126.0,1468.0,1276.0,1290.0,0.08969804618117228,3.34,1259.4615384615386,2.61,5.44,1.54,10.16,19.75,44.85
90,2005,11,Tamil Nadu,Madurai,5.7,6.79,1191.0,1227.0,1126.0,1468.0,1273.6666666666667,-0.02933985330073352,5.2,1316.625,2.6,2.77,1.6,4.18,11.15,49.440000000000005
90,2006,11,Tamil Nadu,Madurai,5.11,6.61,1294.0,1191.0,1227.0,1126.0,1181.3333333333333,0.08648194794290509,5.7,1589.5652173913043,2.45,1.59,5.53,5.57,15.14,40.08
90,2007,11,Tamil Nadu,Madurai,4.87,6.59,1353.0,1294.0,1191.0,1227.0,1237.3333333333333,0.04559505409582698,5.11,1603.8695652173913,2.09,2.67,2.84,2.13,9.73,27.08
90,2008,11,Tamil Nadu,Madurai,5.68,9.66,1701.0,1353.0,1294.0,1191.0,1279.3333333333333,0.25720620842572073,4.87,1738.4166666666667,0.62,4.12,4.73,1.47,10.94,35.160000000000004
90,2009,11,Tamil Nadu,Madurai,5.45,9.87,1811.0,1701.0,1353.0,1294.0,1449.3333333333333,0.06466784244562018,5.68,1623.92,1.04,0.81,1.86,1.88,5.59,21.34
90,2010,11,Tamil Nadu,Madurai,5.19,10.11,1948.0,1811.0,1701.0,1353.0,1621.6666666666667,0.07564881281060187,5.45,1499.9583333333333,2.32,1.62,1.78,4.24,9.96,34.22
90,2011,11,Tamil Nadu,Madurai,4.05,10.84,2677.0,1948.0,1811.0,1701.0,1820.0,0.374229979466119,5.19,2250.72,0.4,1.75,1.84,3.77,7.76,26.07
90,2012,11,Tamil Nadu,Madurai,1.69,3.51,2077.0,2677.0,1948.0,1811.0,2145.3333333333335,-0.2241314904744116,4.05,1478.6153846153845,1.32,0.65,2.6,2.01,6.58,19.99
90,2013,11,Tamil Nadu,Madurai,2.31,4.31,1866.0,2077.0,2677.0,1948.0,2234.0,-0.10158883004333175,1.69,2170.25,0.32,0.14,4.42,2.15,7.029999999999999,20.87
90,2014,11,Tamil Nadu,Madurai,2.23,5.64,2529.0,1866.0,2077.0,2677.0,2206.6666666666665,0.355305466237942,2.31,3069.8846153846152,0.79,0.24,3.61,2.65,7.289999999999999,27.49
90,2015,11,Tamil Nadu,Madurai,1.79,4.82,2693.0,2529.0,1866.0,2077.0,2157.3333333333335,0.06484776591538166,2.23,2671.75,2.38,1.27,1.88,4.97,10.5,34.97
90,2016,11,Tamil Nadu,Madurai,1.07,2.45,2291.0,2693.0,2529.0,1866.0,2362.6666666666665,-0.14927590048273298,1.79,2170.375,1.05,4.26,1.93,0.91,8.149999999999999,18.12
90,2017,11,Tamil Nadu,Madurai,1.61,4.96,3070.0,2291.0,2693.0,2529.0,2504.3333333333335,0.3400261894369272,1.07,2231.28,2.22,2.18,4.87,6.04,15.31,32.18
90,2018,11,Tamil Nadu,Madurai,0.76,2.15,2818.0,3070.0,2291.0,2693.0,2684.6666666666665,-0.0820846905537459,1.61,2474.84,1.43,1.79,2.8,3.5,9.52,26.07
90,2019,11,Tamil Nadu,Madurai,1.05,3.55,3392.0,2818.0,3070.0,2291.0,2726.3333333333335,0.20369056068133418,0.76,2837.84,1.49,1.28,3.46,5.93,12.16,31.07
93,1996,11,Tamil Nadu,The Nilgiris,0.01,0.01,1000.0,1000.0,1000.0,1000.0,1000.0,0.0,0.01,1290.76,6.1,5.0,4.83,4.09,20.02,33.72
99,1993,7,Maharashtra,Nasik,345.6,167.6,485.0,1041.0,410.0,635.0,695.3333333333334,-0.5341018251681076,362.0,750.1904761904761,5.37,13.38,7.68,10.09,36.52,42.77
99,1994,7,Maharashtra,Nasik,363.6,290.5,799.0,485.0,1041.0,410.0,645.3333333333334,0.647422680412371,345.6,660.3636363636364,14.12,20.2,7.86,6.5,48.68,52.63
99,1995,7,Maharashtra,Nasik,333.3,167.6,503.0,799.0,485.0,1041.0,775.0,-0.37046307884856067,363.6,632.1904761904761,2.34,17.58,3.85,9.41,33.18,35.71
99,1996,7,Maharashtra,Nasik,372.5,421.5,1132.0,503.0,799.0,485.0,595.6666666666666,1.250497017892644,333.3,856.9545454545455,5.25,19.96,6.83,5.31,37.35,41.25
99,1997,7,Maharashtra,Nasik,337.2,211.6,628.0,1132.0,503.0,799.0,811.3333333333334,-0.44522968197879864,372.5,597.0434782608696,11.82,9.25,12.13,4.28,37.48,41.34
99,1998,7,Maharashtra,Nasik,387.5,403.3,1041.0,628.0,1132.0,503.0,754.3333333333334,0.6576433121019107,337.2,740.7916666666666,6.65,13.14,11.18,9.87,40.84,48.48
99,1999,7,Maharashtra,Nasik,360.5,211.9,588.0,1041.0,628.0,1132.0,933.6666666666666,-0.43515850144092216,387.5,649.28,8.4,7.52,3.19,6.47,25.58,32.1
99,2000,7,Maharashtra,Nasik,346.5,186.9,539.0,588.0,1041.0,628.0,752.3333333333334,-0.08333333333333337,360.5,584.7272727272727,4.61,13.69,8.06,1.86,28.22,34.22
99,2001,7,Maharashtra,Nasik,324.2,179.9,555.0,539.0,588.0,1041.0,722.6666666666666,0.029684601113172615,346.5,515.7272727272727,10.65,10.77,9.53,2.77,33.720000000000006,38.2
99,2002,7,Maharashtra,Nasik,320.3,258.5,807.0,555.0,539.0,588.0,560.6666666666666,0.4540540540540541,324.2,676.7727272727273,12.49,2.73,13.26,3.13,31.61,32.26
99,2003,7,Maharashtra,Nasik,316.8,196.7,621.0,807.0,555.0,539.0,633.6666666666666,-0.23048327137546465,320.3,582.6363636363636,15.38,15.37,8.95,6.1,45.8,47.77
99,2004,7,Maharashtra,Nasik,315.2,244.5,776.0,621.0,807.0,555.0,661.0,0.249597423510467,316.8,622.1363636363636,8.79,15.33,19.9,5.65,49.67,52.67
99,2005,7,Maharashtra,Nasik,282.9,215.9,763.0,776.0,621.0,807.0,734.6666666666666,-0.01675257731958768,315.2,596.3181818181819,22.39,18.41,10.32,19.14,70.25999999999999,73.89
99,2006,7,Maharashtra,Nasik,258.5,187.3,725.0,763.0,776.0,621.0,720.0,-0.04980340760157276,282.9,632.8571428571429,9.93,21.59,25.51,8.66,65.69,71.5
99,2007,7,Maharashtra,Nasik,220.5,241.85,1097.0,725.0,763.0,776.0,754.6666666666666,0.5131034482758621,258.5,736.9090909090909,14.6,15.29,15.15,12.24,57.28,58.6
99,2008,7,Maharashtra,Nasik,197.9,191.0,965.0,1097.0,725.0,763.0,861.6666666666666,-0.12032816773017319,220.5,642.4545454545455,7.98,11.38,16.97,20.06,56.39,58.04
99,2009,7,Maharashtra,Nasik,171.9,129.53,754.0,965.0,1097.0,725.0,929.0,-0.2186528497409327,197.9,685.7142857142857,2.03,19.82,4.98,5.36,32.190000000000005,39.81
99,2010,7,Maharashtra,Nasik,171.2,216.3,1263.0,754.0,965.0,1097.0,938.6666666666666,0.6750663129973475,171.9,847.1428571428571,11.25,16.03,14.22,5.9,47.4,55.99
99,2011,7,Maharashtra,Nasik,165.9,170.09,1025.0,1263.0,754.0,965.0,994.0,-0.18844022169437846,171.2,833.2380952380952,5.25,14.4,13.52,6.89,40.06,42.63
99,2012,7,Maharashtra,Nasik,154.8,124.85,807.0,1025.0,1263.0,754.0,1014.0,-0.21268292682926826,165.9,665.85,3.56,10.43,6.62,8.65,29.26,33.35
99,2013,7,Maharashtra,Nasik,149.6,167.5,1120.0,807.0,1025.0,1263.0,1031.6666666666667,0.38785625774473353,154.8,844.578947368421,15.66,17.09,6.81,8.44,48.0,51.58
99,2014,7,Maharashtra,Nasik,152.7,108.9,713.0,1120.0,807.0,1025.0,984.0,-0.3633928571428572,149.6,504.88235294117646,1.44,23.19,12.1,8.99,45.720000000000006,50.370000000000005
99,2015,7,Maharashtra,Nasik,151.2,86.6,573.0,713.0,1120.0,807.0,880.0,-0.19635343618513323,152.7,369.5625,14.55,7.2,3.57,14.48,39.8,43.8
99,2016,7,Maharashtra,Nasik,156.0,249.3,1598.0,573.0,713.0,1120.0,802.0,1.7888307155322862,151.2,650.1818181818181,6.84,24.45,18.56,12.82,62.67,66.07
99,2017,7,Maharashtra,Nasik,136.5,199.9,1464.0,1598.0,573.0,713.0,961.3333333333334,-0.0838548185231539,156.0,609.0952380952381,12.31,24.43,12.27,7.75,56.760000000000005,61.97
99,2018,7,Maharashtra,Nasik,91.0,57.87,636.0,1464.0,1598.0,573.0,1211.6666666666667,-0.5655737704918034,136.5,423.63157894736844,10.27,23.9,7.83,2.32,44.32,45.02
99,2019,7,Maharashtra,Nasik,97.03,98.64,1017.0,636.0,1464.0,1598.0,1232.6666666666667,0.5990566037735849,91.0,578.837,9.4,26.87,17.06,19.41,72.74,78.9
100,1993,7,Maharashtra,Dhule,145.9,88.4,606.0,1089.0,664.0,803.0,852.0,-0.4435261707988981,170.4,750.1904761904761,2.8,7.95,5.56,6.26,22.57,27.29
100,1994,7,Maharashtra,Dhule,143.3,133.3,930.0,606.0,1089.0,664.0,786.3333333333334,0.5346534653465347,145.9,660.3636363636364,7.47,9.65,5.56,4.37,27.05,30.3
100,1995,7,Maharashtra,Dhule,164.6,95.3,579.0,930.0,606.0,1089.0,875.0,-0.3774193548387097,143.3,632.1904761904761,2.08,10.82,2.68,4.66,20.24,22.5
100,1996,7,Maharashtra,Dhule,186.9,182.3,975.0,579.0,930.0,606.0,705.0,0.6839378238341969,164.6,856.9545454545455,1.98,11.5,4.47,3.73,21.68,24.38
100,1997,7,Maharashtra,Dhule,174.0,161.7,929.0,975.0,579.0,930.0,828.0,-0.04717948717948717,186.9,597.0434782608696,6.91,6.37,5.93,3.07,22.28,25.79
100,1998,7,Maharashtra,Dhule,150.0,159.2,1061.0,929.0,975.0,579.0,827.6666666666666,0.14208826695371357,174.0,740.7916666666666,4.9,7.44,8.0,6.66,27.0,31.66
100,1999,7,Maharashtra,Dhule,107.0,49.2,460.0,1061.0,929.0,975.0,988.3333333333334,-0.5664467483506126,150.0,649.28,4.93,4.25,2.23,4.83,16.240000000000002,20.7
100,2000,7,Maharashtra,Dhule,108.4,41.2,380.0,460.0,1061.0,929.0,816.6666666666666,-0.17391304347826086,107.0,584.7272727272727,2.35,5.64,6.34,1.16,15.49,18.89
100,2001,7,Maharashtra,Dhule,143.1,130.3,911.0,380.0,460.0,1061.0,633.6666666666666,1.3973684210526316,108.4,515.7272727272727,5.64,4.07,5.96,1.69,17.360000000000003,21.09
100,2002,7,Maharashtra,Dhule,143.8,104.1,724.0,911.0,380.0,460.0,583.6666666666666,-0.20526893523600442,143.1,676.7727272727273,7.99,1.67,8.36,2.84,20.86,21.77
100,2003,7,Maharashtra,Dhule,145.7,158.2,1086.0,724.0,911.0,380.0,671.6666666666666,0.5,143.8,582.6363636363636,8.42,10.05,5.56,5.02,29.05,31.1
100,2004,7,Maharashtra,Dhule,138.0,142.7,1034.0,1086.0,724.0,911.0,907.0,-0.047882136279926324,145.7,622.1363636363636,4.52,8.65,9.3,4.74,27.21,29.68
100,2005,7,Maharashtra,Dhule,130.6,80.7,618.0,1034.0,1086.0,724.0,948.0,-0.402321083172147,138.0,596.3181818181819,11.12,10.15,5.67,10.85,37.79,40.45
100,2006,7,Maharashtra,Dhule,130.0,119.1,916.0,618.0,1034.0,1086.0,912.6666666666666,0.4822006472491909,130.6,632.8571428571429,5.74,10.84,13.31,6.4,36.29,40.72
100,2007,7,Maharashtra,Dhule,106.1,119.93,1130.0,916.0,618.0,1034.0,856.0,0.23362445414847155,130.0,736.9090909090909,6.12,8.37,9.94,7.24,31.67,32.84
100,2008,7,Maharashtra,Dhule,124.7,49.6,398.0,1130.0,916.0,618.0,888.0,-0.6477876106194691,106.1,642.4545454545455,3.64,5.12,7.65,10.35,26.76,27.87
100,2009,7,Maharashtra,Dhule,104.9,99.77,951.0,398.0,1130.0,916.0,814.6666666666666,1.3894472361809047,124.7,685.7142857142857,1.26,11.27,3.92,3.67,20.12,26.33
100,2010,7,Maharashtra,Dhule,109.4,171.3,1566.0,951.0,398.0,1130.0,826.3333333333334,0.6466876971608833,104.9,847.1428571428571,4.81,8.77,8.14,5.11,26.83,33.17
100,2011,7,Maharashtra,Dhule,112.5,123.2,1095.0,1566.0,951.0,398.0,971.6666666666666,-0.3007662835249042,109.4,833.2380952380952,2.55,7.46,9.25,4.31,23.57,24.88
100,2012,7,Maharashtra,Dhule,130.8,116.09,888.0,1095.0,1566.0,951.0,1204.0,-0.18904109589041096,112.5,665.85,2.79,5.96,3.74,6.46,18.95,20.94
100,2013,7,Maharashtra,Dhule,99.9,132.9,1330.0,888.0,1095.0,1566.0,1183.0,0.49774774774774766,130.8,844.578947368421,9.71,10.72,4.92,5.27,30.62,34.37
100,2014,7,Maharashtra,Dhule,116.8,97.5,835.0,1330.0,888.0,1095.0,1104.3333333333333,-0.3721804511278195,99.9,504.88235294117646,0.9,10.25,5.87,5.23,22.25,26.19
100,2015,7,Maharashtra,Dhule,117.7,68.4,581.0,835.0,1330.0,888.0,1017.6666666666666,-0.3041916167664671,116.8,369.5625,8.61,4.49,2.85,9.76,25.71,29.04
100,2016,7,Maharashtra,Dhule,77.4,60.4,780.0,581.0,835.0,1330.0,915.3333333333334,0.342512908777969,117.7,650.1818181818181,2.08,9.8,5.61,5.67,23.160000000000004,25.64
100,2017,7,Maharashtra,Dhule,77.8,103.3,1328.0,780.0,581.0,835.0,732.0,0.7025641025641025,77.4,609.0952380952381,4.14,8.54,4.66,3.13,20.47,22.46
100,2018,7,Maharashtra,Dhule,81.92,47.14,575.0,1328.0,780.0,581.0,896.3333333333334,-0.5670180722891567,77.8,423.63157894736844,2.93,6.33,4.26,1.37,14.89,15.07
100,2019,7,Maharashtra,Dhule,55.37,29.01,524.0,575.0,1328.0,780.0,894.3333333333334,-0.08869565217391306,81.92,578.837,3.82,11.68,9.63,8.13,33.260000000000005,37.21
101,1993,7,Maharashtra,Jalgaon,101.3,110.4,1090.0,1269.0,721.0,987.0,992.3333333333334,-0.14105594956658785,114.4,750.1904761904761,4.25,7.96,6.37,6.12,24.700000000000003,30.65
101,1994,7,Maharashtra,Jalgaon,92.1,98.9,1074.0,1090.0,1269.0,721.0,1026.6666666666667,-0.014678899082568808,101.3,660.3636363636364,5.38,7.1,6.75,4.87,24.1,28.22
101,1995,7,Maharashtra,Jalgaon,91.3,61.1,669.0,1074.0,1090.0,1269.0,1144.3333333333333,-0.3770949720670391,92.1,632.1904761904761,2.72,7.56,2.56,5.16,18.0,20.98
101,1996,7,Maharashtra,Jalgaon,88.9,112.4,1264.0,669.0,1074.0,1090.0,944.3333333333334,0.8893871449925261,91.3,856.9545454545455,1.27,8.82,4.73,5.13,19.95,23.11
101,1997,7,Maharashtra,Jalgaon,80.8,93.6,1158.0,1264.0,669.0,1074.0,1002.3333333333334,-0.08386075949367089,88.9,597.0434782608696,4.34,6.19,5.27,3.36,19.16,24.18
101,1998,7,Maharashtra,Jalgaon,71.8,80.5,1121.0,1158.0,1264.0,669.0,1030.3333333333333,-0.031951640759930955,80.8,740.7916666666666,6.06,5.83,7.87,6.36,26.12,30.94
101,1999,7,Maharashtra,Jalgaon,67.3,68.6,1019.0,1121.0,1158.0,1264.0,1181.0,-0.09099018733273867,71.8,649.28,5.9,3.68,3.13,6.19,18.9,23.48
101,2000,7,Maharashtra,Jalgaon,63.8,35.7,560.0,1019.0,1121.0,1158.0,1099.3333333333333,-0.450441609421001,67.3,584.7272727272727,3.03,5.05,7.89,1.53,17.5,21.83
101,2001,7,Maharashtra,Jalgaon,62.5,54.0,864.0,560.0,1019.0,1121.0,900.0,0.5428571428571429,63.8,515.7272727272727,4.74,2.42,6.09,2.65,15.9,20.22
101,2002,7,Maharashtra,Jalgaon,63.6,64.7,1017.0,864.0,560.0,1019.0,814.3333333333334,0.17708333333333326,62.5,676.7727272727273,6.86,1.57,7.77,3.03,19.23,20.54
101,2003,7,Maharashtra,Jalgaon,61.7,63.8,1034.0,1017.0,864.0,560.0,813.6666666666666,0.01671583087512296,63.6,582.6363636363636,7.03,8.09,4.37,4.62,24.110000000000003,26.15
101,2004,7,Maharashtra,Jalgaon,58.6,57.1,974.0,1034.0,1017.0,864.0,971.6666666666666,-0.05802707930367501,61.7,622.1363636363636,2.54,6.04,5.06,6.05,19.69,22.92
101,2005,7,Maharashtra,Jalgaon,60.1,44.3,737.0,974.0,1034.0,1017.0,1008.3333333333334,-0.24332648870636553,58.6,596.3181818181819,4.98,10.66,4.83,8.94,29.41,32.54
101,2006,7,Maharashtra,Jalgaon,52.7,55.9,1061.0,737.0,974.0,1034.0,915.0,0.4396200814111262,60.1,632.8571428571429,4.89,7.77,11.99,8.09,32.739999999999995,38.93
101,2007,7,Maharashtra,Jalgaon,59.4,60.15,1013.0,1061.0,737.0,974.0,924.0,-0.045240339302544785,52.7,736.9090909090909,5.36,7.25,8.01,6.28,26.9,27.92
101,2008,7,Maharashtra,Jalgaon,33.0,33.8,1024.0,1013.0,1061.0,737.0,937.0,0.010858835143139123,59.4,642.4545454545455,2.48,3.19,5.13,8.73,19.53,20.76
101,2009,7,Maharashtra,Jalgaon,33.2,36.07,1086.0,1024.0,1013.0,1061.0,1032.6666666666667,0.060546875,33.0,685.7142857142857,1.99,8.19,4.56,4.3,19.04,26.36
101,2010,7,Maharashtra,Jalgaon,35.8,49.8,1391.0,1086.0,1024.0,1013.0,1041.0,0.28084714548802947,33.2,847.1428571428571,4.58,8.28,8.36,4.31,25.53,31.08
101,2011,7,Maharashtra,Jalgaon,16.9,24.1,1426.0,1391.0,1086.0,1024.0,1167.0,0.025161754133716796,35.8,833.2380952380952,3.11,7.46,8.37,4.03,22.97,24.77
101,2012,7,Maharashtra,Jalgaon,17.6,18.2,1034.0,1426.0,1391.0,1086.0,1301.0,-0.27489481065918653,16.9,665.85,3.83,6.66,4.01,5.53,20.03,22.1
101,2013,7,Maharashtra,Jalgaon,17.7,20.8,1175.0,1034.0,1426.0,1391.0,1283.6666666666667,0.13636363636363646,17.6,844.578947368421,8.36,9.63,4.31,5.24,27.54,32.53
101,2014,7,Maharashtra,Jalgaon,19.0,23.2,1221.0,1175.0,1034.0,1426.0,1211.6666666666667,0.03914893617021287,17.7,504.88235294117646,1.13,7.91,5.25,4.26,18.55,23.1
101,2015,7,Maharashtra,Jalgaon,18.4,11.4,620.0,1221.0,1175.0,1034.0,1143.3333333333333,-0.49221949221949224,19.0,369.5625,7.08,4.35,6.38,6.19,24.0,29.05
101,2016,7,Maharashtra,Jalgaon,20.5,28.7,1400.0,620.0,1221.0,1175.0,1005.3333333333334,1.2580645161290325,18.4,650.1818181818181,3.63,10.28,3.83,5.04,22.78,24.95
101,2017,7,Maharashtra,Jalgaon,20.2,20.2,1000.0,1400.0,620.0,1221.0,1080.3333333333333,-0.2857142857142857,20.5,609.0952380952381,5.41,7.61,6.38,5.67,25.07,26.89
101,2018,7,Maharashtra,Jalgaon,20.02,15.57,778.0,1000.0,1400.0,620.0,1006.6666666666666,-0.22199999999999998,20.2,423.63157894736844,4.6,5.15,6.56,1.42,17.729999999999997,18.27
101,2019,7,Maharashtra,Jalgaon,11.9,9.47,796.0,778.0,1000.0,1400.0,1059.3333333333333,0.023136246786632286,20.02,578.837,3.26,10.08,9.67,9.06,32.07,36.66
102,1993,7,Maharashtra,Ahmednagar,320.4,198.1,618.0,997.0,607.0,429.0,677.6666666666666,-0.38014042126379133,342.1,750.1904761904761,2.87,5.54,4.41,4.24,17.060000000000002,25.19
102,1994,7,Maharashtra,Ahmednagar,280.0,103.2,369.0,618.0,997.0,607.0,740.6666666666666,-0.40291262135922334,320.4,660.3636363636364,3.91,4.74,3.16,2.64,14.45,20.48
102,1995,7,Maharashtra,Ahmednagar,234.5,122.5,522.0,369.0,618.0,997.0,661.3333333333334,0.41463414634146334,280.0,632.1904761904761,3.13,3.6,1.9,4.77,13.4,18.07
102,1996,7,Maharashtra,Ahmednagar,345.7,273.1,790.0,522.0,369.0,618.0,503.0,0.5134099616858236,234.5,856.9545454545455,2.57,5.38,3.49,4.95,16.39,20.67
102,1997,7,Maharashtra,Ahmednagar,343.3,191.4,558.0,790.0,522.0,369.0,560.3333333333334,-0.2936708860759494,345.7,597.0434782608696,2.87,3.62,4.38,2.59,13.46,19.98
102,1998,7,Maharashtra,Ahmednagar,302.4,243.9,807.0,558.0,790.0,522.0,623.3333333333334,0.446236559139785,343.3,740.7916666666666,5.02,4.32,6.68,5.63,21.65,27.74
102,1999,7,Maharashtra,Ahmednagar,310.6,178.3,574.0,807.0,558.0,790.0,718.3333333333334,-0.28872366790582404,302.4,649.28,4.77,2.81,1.46,4.0,13.04,17.189999999999998
102,2000,7,Maharashtra,Ahmednagar,326.1,187.3,574.0,574.0,807.0,558.0,646.3333333333334,0.0,310.6,584.7272727272727,2.96,3.34,6.41,2.06,14.77,19.56
102,2001,7,Maharashtra,Ahmednagar,194.4,82.0,422.0,574.0,574.0,807.0,651.6666666666666,-0.264808362369338,326.1,515.7272727272727,2.75,1.79,4.3,4.05,12.89,17.19
102,2002,7,Maharashtra,Ahmednagar,218.4,158.9,728.0,422.0,574.0,574.0,523.3333333333334,0.7251184834123223,194.4,676.7727272727273,4.97,1.41,4.57,2.43,13.38,15.4
102,2003,7,Maharashtra,Ahmednagar,204.1,70.8,347.0,728.0,422.0,574.0,574.6666666666666,-0.5233516483516483,218.4,582.6363636363636,4.43,3.6,3.01,1.63,12.669999999999998,14.35
102,2004,7,Maharashtra,Ahmednagar,240.5,143.4,596.0,347.0,728.0,422.0,499.0,0.717579250720461,204.1,622.1363636363636,3.19,4.02,4.19,6.78,18.18,21.56
102,2005,7,Maharashtra,Ahmednagar,217.7,54.8,252.0,596.0,347.0,728.0,557.0,-0.5771812080536913,240.5,596.3181818181819,4.6,9.23,4.39,8.13,26.35,30.54
102,2006,7,Maharashtra,Ahmednagar,243.9,148.9,610.0,252.0,596.0,347.0,398.3333333333333,1.4206349206349205,217.7,632.8571428571429,4.35,5.85,7.81,7.21,25.22,32.25
102,2007,7,Maharashtra,Ahmednagar,232.6,174.05,748.0,610.0,252.0,596.0,486.0,0.22622950819672139,243.9,736.9090909090909,5.61,5.27,5.37,5.44,21.69,22.48
102,2008,7,Maharashtra,Ahmednagar,128.2,92.4,721.0,748.0,610.0,252.0,536.6666666666666,-0.03609625668449201,232.6,642.4545454545455,1.77,2.44,4.95,8.34,17.5,19.87
102,2009,7,Maharashtra,Ahmednagar,190.7,115.39,605.0,721.0,748.0,610.0,693.0,-0.16088765603328714,128.2,685.7142857142857,1.86,4.97,4.71,4.72,16.259999999999998,23.13
102,2010,7,Maharashtra,Ahmednagar,196.0,186.8,953.0,605.0,721.0,748.0,691.3333333333334,0.5752066115702479,190.7,847.1428571428571,4.97,6.77,5.77,2.72,20.23,27.08
102,2011,7,Maharashtra,Ahmednagar,184.7,179.5,972.0,953.0,605.0,721.0,759.6666666666666,0.019937040923399874,196.0,833.2380952380952,2.85,5.86,4.8,3.28,16.790000000000003,20.86
102,2012,7,Maharashtra,Ahmednagar,160.5,55.36,345.0,972.0,953.0,605.0,843.3333333333334,-0.6450617283950617,184.7,665.85,2.82,3.59,2.99,2.79,12.19,15.51
102,2013,7,Maharashtra,Ahmednagar,181.8,188.2,1035.0,345.0,972.0,953.0,756.6666666666666,2.0,160.5,844.578947368421,5.39,5.92,1.61,5.61,18.53,22.98
102,2014,7,Maharashtra,Ahmednagar,186.0,107.7,579.0,1035.0,345.0,972.0,784.0,-0.4405797101449276,181.8,504.88235294117646,1.09,5.29,5.77,2.66,14.81,20.74
102,2015,7,Maharashtra,Ahmednagar,122.0,30.4,249.0,579.0,1035.0,345.0,653.0,-0.5699481865284974,186.0,369.5625,5.22,0.9,1.81,6.64,14.57,20.58
102,2016,7,Maharashtra,Ahmednagar,146.4,149.8,1023.0,249.0,579.0,1035.0,621.0,3.1084337349397586,122.0,650.1818181818181,2.49,5.64,2.78,7.0,17.909999999999997,20.48
102,2017,7,Maharashtra,Ahmednagar,119.5,120.1,1005.0,1023.0,249.0,579.0,617.0,-0.017595307917888547,146.4,609.0952380952381,4.04,2.81,6.71,6.05,19.61,23.31
102,2018,7,Maharashtra,Ahmednagar,130.48,84.12,645.0,1005.0,1023.0,249.0,759.0,-0.35820895522388063,119.5,423.63157894736844,1.91,1.87,3.76,1.41,8.95,9.65
102,2019,7,Maharashtra,Ahmednagar,146.82,127.71,870.0,645.0,1005.0,1023.0,891.0,0.34883720930232553,130.48,578.837,1.82,3.08,2.96,5.45,13.31,20.08
103,1993,7,Maharashtra,Pune,169.7,103.2,608.0,857.0,546.0,595.0,666.0,-0.29054842473745623,175.4,750.1904761904761,8.89,15.02,6.13,6.92,36.96,46.16
103,1994,7,Maharashtra,Pune,180.4,98.6,547.0,608.0,857.0,546.0,670.3333333333334,-0.10032894736842102,169.7,660.3636363636364,16.5,19.9,7.25,5.51,49.16,55.42
103,1995,7,Maharashtra,Pune,132.8,66.2,498.0,547.0,608.0,857.0,670.6666666666666,-0.08957952468007313,180.4,632.1904761904761,4.04,13.63,3.74,10.92,32.330000000000005,37.54
103,1996,7,Maharashtra,Pune,185.1,161.9,875.0,498.0,547.0,608.0,551.0,0.7570281124497993,132.8,856.9545454545455,10.34,16.86,6.9,6.47,40.57,47.73
103,1997,7,Maharashtra,Pune,142.8,117.9,826.0,875.0,498.0,547.0,640.0,-0.05600000000000005,185.1,597.0434782608696,12.86,11.28,14.72,2.64,41.5,48.63
103,1998,7,Maharashtra,Pune,150.0,110.9,739.0,826.0,875.0,498.0,733.0,-0.10532687651331718,142.8,740.7916666666666,8.47,15.24,10.49,9.08,43.28,51.31
103,1999,7,Maharashtra,Pune,159.9,118.1,739.0,739.0,826.0,875.0,813.3333333333334,0.0,150.0,649.28,11.17,9.4,2.81,7.11,30.49,38.17
103,2000,7,Maharashtra,Pune,160.4,104.6,652.0,739.0,739.0,826.0,768.0,-0.11772665764546686,159.9,584.7272727272727,7.31,13.17,7.33,2.76,30.57,38.0
103,2001,7,Maharashtra,Pune,113.2,85.6,756.0,652.0,739.0,739.0,710.0,0.1595092024539877,160.4,515.7272727272727,8.09,10.15,7.64,5.19,31.070000000000004,36.6
103,2002,7,Maharashtra,Pune,123.9,86.5,698.0,756.0,652.0,739.0,715.6666666666666,-0.07671957671957674,113.2,676.7727272727273,12.19,2.83,9.6,2.41,27.03,29.24
103,2003,7,Maharashtra,Pune,97.0,67.6,697.0,698.0,756.0,652.0,702.0,-0.0014326647564469885,123.9,582.6363636363636,13.01,9.13,6.36,3.6,32.1,34.39
103,2004,7,Maharashtra,Pune,116.8,84.8,726.0,697.0,698.0,756.0,717.0,0.04160688665710177,97.0,622.1363636363636,11.7,9.18,19.45,7.48,47.81,51.94
103,2005,7,Maharashtra,Pune,125.3,90.4,721.0,726.0,697.0,698.0,707.0,-0.00688705234159781,116.8,596.3181818181819,18.0,22.64,11.88,16.82,69.34,74.18
103,2006,7,Maharashtra,Pune,128.9,81.3,631.0,721.0,726.0,697.0,714.6666666666666,-0.12482662968099856,125.3,632.8571428571429,10.83,24.23,21.71,9.9,66.67,76.57000000000001
103,2007,7,Maharashtra,Pune,117.3,100.96,861.0,631.0,721.0,726.0,692.6666666666666,0.364500792393027,128.9,736.9090909090909,18.55,16.7,12.37,9.57,57.19,58.33
103,2008,7,Maharashtra,Pune,34.5,27.0,783.0,861.0,631.0,721.0,737.6666666666666,-0.09059233449477355,117.3,642.4545454545455,11.59,8.85,13.56,13.43,47.43,50.01
103,2009,7,Maharashtra,Pune,46.0,33.87,736.0,783.0,861.0,631.0,758.3333333333334,-0.0600255427841635,34.5,685.7142857142857,6.17,19.94,11.7,6.02,43.83,53.52
103,2010,7,Maharashtra,Pune,48.6,43.0,885.0,736.0,783.0,861.0,793.3333333333334,0.20244565217391308,46.0,847.1428571428571,15.64,18.92,14.88,5.71,55.150000000000006,65.5
103,2011,7,Maharashtra,Pune,50.7,40.7,803.0,885.0,736.0,783.0,801.3333333333334,-0.09265536723163836,48.6,833.2380952380952,9.37,19.19,10.48,9.66,48.7,55.22
103,2012,7,Maharashtra,Pune,36.0,16.72,464.0,803.0,885.0,736.0,808.0,-0.42216687422166876,50.7,665.85,4.65,11.16,8.74,6.36,30.91,36.54
103,2013,7,Maharashtra,Pune,49.8,41.6,835.0,464.0,803.0,885.0,717.3333333333334,0.7995689655172413,36.0,844.578947368421,18.9,16.26,3.88,9.5,48.54,51.51
103,2014,7,Maharashtra,Pune,31.5,26.3,835.0,835.0,464.0,803.0,700.6666666666666,0.0,49.8,504.88235294117646,1.49,22.49,15.02,6.52,45.52,49.42
103,2015,7,Maharashtra,Pune,41.4,29.4,710.0,835.0,835.0,464.0,711.3333333333334,-0.14970059880239517,31.5,369.5625,17.96,5.67,2.74,8.65,35.02,42.84
103,2016,7,Maharashtra,Pune,30.4,22.2,730.0,710.0,835.0,835.0,793.3333333333334,0.028169014084507005,41.4,650.1818181818181,10.99,24.21,20.68,14.03,69.91,73.58
103,2017,7,Maharashtra,Pune,32.0,23.1,722.0,730.0,710.0,835.0,758.3333333333334,-0.010958904109588996,30.4,609.0952380952381,14.74,24.22,14.69,12.88,66.53,74.11
103,2018,7,Maharashtra,Pune,32.32,37.86,1171.0,722.0,730.0,710.0,720.6666666666666,0.6218836565096952,32.0,423.63157894736844,12.43,22.18,12.92,2.79,50.32,52.16
103,2019,7,Maharashtra,Pune,39.67,52.14,1314.0,1171.0,722.0,730.0,874.3333333333334,0.12211784799316816,32.32,578.837,11.89,27.81,18.74,22.69,81.13,89.78
104,1993,7,Maharashtra,Satara,92.8,37.8,407.0,446.0,402.0,369.0,405.6666666666667,-0.08744394618834084,91.1,750.1904761904761,5.3,11.37,5.02,5.02,26.71,33.379999999999995
104,1994,7,Maharashtra,Satara,110.8,68.0,614.0,407.0,446.0,402.0,418.3333333333333,0.5085995085995085,92.8,660.3636363636364,8.78,9.24,4.66,2.58,25.26,30.43
104,1995,7,Maharashtra,Satara,89.0,41.6,467.0,614.0,407.0,446.0,489.0,-0.23941368078175895,110.8,632.1904761904761,3.84,7.67,3.62,5.01,20.14,26.15
104,1996,7,Maharashtra,Satara,105.1,72.8,693.0,467.0,614.0,407.0,496.0,0.48394004282655256,89.0,856.9545454545455,7.17,9.51,5.97,4.35,27.0,32.97
104,1997,7,Maharashtra,Satara,99.5,44.8,450.0,693.0,467.0,614.0,591.3333333333334,-0.35064935064935066,105.1,597.0434782608696,7.57,7.84,8.25,1.37,25.03,30.82
104,1998,7,Maharashtra,Satara,89.1,69.1,776.0,450.0,693.0,467.0,536.6666666666666,0.7244444444444444,99.5,740.7916666666666,7.67,8.99,7.79,7.38,31.83,37.1
104,1999,7,Maharashtra,Satara,91.0,84.3,926.0,776.0,450.0,693.0,639.6666666666666,0.19329896907216493,89.1,649.28,7.75,7.04,1.77,3.31,19.87,25.14
104,2000,7,Maharashtra,Satara,89.9,52.6,585.0,926.0,776.0,450.0,717.3333333333334,-0.36825053995680346,91.0,584.7272727272727,4.91,6.8,6.66,2.04,20.41,25.27
104,2001,7,Maharashtra,Satara,66.1,31.0,469.0,585.0,926.0,776.0,762.3333333333334,-0.19829059829059825,89.9,515.7272727272727,4.3,4.85,4.83,4.08,18.06,22.2
104,2002,7,Maharashtra,Satara,89.9,36.6,407.0,469.0,585.0,926.0,660.0,-0.13219616204690832,66.1,676.7727272727273,7.39,2.6,5.73,1.72,17.44,21.11
104,2003,7,Maharashtra,Satara,23.3,6.1,262.0,407.0,469.0,585.0,487.0,-0.35626535626535627,89.9,582.6363636363636,5.62,4.69,3.51,1.69,15.51,17.67
104,2004,7,Maharashtra,Satara,92.9,79.0,850.0,262.0,407.0,469.0,379.3333333333333,2.2442748091603053,23.3,622.1363636363636,7.8,5.21,7.23,4.31,24.55,28.03
104,2005,7,Maharashtra,Satara,72.5,23.5,324.0,850.0,262.0,407.0,506.3333333333333,-0.6188235294117648,92.9,596.3181818181819,6.96,10.98,7.44,6.88,32.260000000000005,36.59
104,2006,7,Maharashtra,Satara,84.5,24.6,291.0,324.0,850.0,262.0,478.6666666666667,-0.10185185185185186,72.5,632.8571428571429,7.03,9.64,8.78,6.24,31.690000000000005,40.83
104,2007,7,Maharashtra,Satara,84.1,48.5,577.0,291.0,324.0,850.0,488.3333333333333,0.9828178694158076,84.5,736.9090909090909,10.37,6.87,8.0,5.91,31.15,32.56
104,2008,7,Maharashtra,Satara,6.4,3.3,516.0,577.0,291.0,324.0,397.3333333333333,-0.10571923743500866,84.1,642.4545454545455,4.49,3.84,6.91,6.74,21.98,25.57
104,2009,7,Maharashtra,Satara,74.9,36.28,484.0,516.0,577.0,291.0,461.3333333333333,-0.06201550387596899,6.4,685.7142857142857,3.54,9.57,4.92,5.29,23.32,29.46
104,2010,7,Maharashtra,Satara,75.6,59.2,783.0,484.0,516.0,577.0,525.6666666666666,0.6177685950413223,74.9,847.1428571428571,6.82,10.78,6.23,3.39,27.22,32.87
104,2011,7,Maharashtra,Satara,25.7,16.4,638.0,783.0,484.0,516.0,594.3333333333334,-0.18518518518518523,75.6,833.2380952380952,5.17,9.73,6.2,4.37,25.47,29.49
104,2012,7,Maharashtra,Satara,16.3,7.5,460.0,638.0,783.0,484.0,635.0,-0.27899686520376177,25.7,665.85,3.37,6.57,4.4,3.36,17.700000000000003,21.05
104,2013,7,Maharashtra,Satara,30.2,15.6,517.0,460.0,638.0,783.0,627.0,0.12391304347826093,16.3,844.578947368421,8.32,8.92,2.46,5.31,25.01,27.52
104,2014,7,Maharashtra,Satara,55.0,22.1,402.0,517.0,460.0,638.0,538.3333333333334,-0.22243713733075432,30.2,504.88235294117646,1.17,9.28,6.9,3.22,20.57,24.89
104,2015,7,Maharashtra,Satara,74.1,26.9,363.0,402.0,517.0,460.0,459.6666666666667,-0.09701492537313428,55.0,369.5625,7.13,2.22,2.02,4.29,15.66,20.35
104,2016,7,Maharashtra,Satara,72.1,52.8,732.0,363.0,402.0,517.0,427.3333333333333,1.0165289256198347,74.1,650.1818181818181,5.98,14.63,11.44,6.3,38.35,40.84
104,2017,7,Maharashtra,Satara,67.4,34.1,506.0,732.0,363.0,402.0,499.0,-0.3087431693989071,72.1,609.0952380952381,6.73,9.72,6.26,9.27,31.98,37.2
104,2018,7,Maharashtra,Satara,51.48,26.88,522.0,506.0,732.0,363.0,533.6666666666666,0.031620553359683834,67.4,423.63157894736844,6.96,10.93,7.33,2.64,27.86,30.79
104,2019,7,Maharashtra,Satara,57.3,29.62,517.0,522.0,506.0,732.0,586.6666666666666,-0.009578544061302652,51.48,578.837,5.94,14.91,14.1,9.19,44.14,52.01
105,1993,7,Maharashtra,Sangli,69.8,28.7,411.0,416.0,297.0,234.0,315.6666666666667,-0.012019230769230727,92.8,750.1904761904761,6.38,13.96,6.41,5.33,32.08,38.7
105,1994,7,Maharashtra,Sangli,84.3,36.9,438.0,411.0,416.0,297.0,374.6666666666667,0.06569343065693434,69.8,660.3636363636364,9.67,10.45,6.13,2.89,29.14,34.76
105,1995,7,Maharashtra,Sangli,84.6,24.6,291.0,438.0,411.0,416.0,421.6666666666667,-0.3356164383561644,84.3,632.1904761904761,3.86,9.04,4.55,4.64,22.09,28.43
105,1996,7,Maharashtra,Sangli,95.7,44.6,466.0,291.0,438.0,411.0,380.0,0.6013745704467355,84.6,856.9545454545455,8.75,11.39,6.8,4.28,31.22,37.85
105,1997,7,Maharashtra,Sangli,112.9,58.5,518.0,466.0,291.0,438.0,398.3333333333333,0.11158798283261806,95.7,597.0434782608696,9.01,10.19,10.04,1.55,30.79,35.99
105,1998,7,Maharashtra,Sangli,100.6,53.4,531.0,518.0,466.0,291.0,425.0,0.025096525096525157,112.9,740.7916666666666,9.96,9.6,8.75,7.44,35.75,40.89
105,1999,7,Maharashtra,Sangli,102.6,56.4,550.0,531.0,518.0,466.0,505.0,0.03578154425612046,100.6,649.28,9.34,9.63,2.25,3.14,24.36,30.12
105,2000,7,Maharashtra,Sangli,105.3,44.6,424.0,550.0,531.0,518.0,533.0,-0.22909090909090912,102.6,584.7272727272727,5.84,8.41,7.62,2.51,24.380000000000003,29.93
105,2001,7,Maharashtra,Sangli,42.5,7.6,179.0,424.0,550.0,531.0,501.6666666666667,-0.5778301886792453,105.3,515.7272727272727,5.14,5.85,5.79,3.39,20.17,24.32
105,2002,7,Maharashtra,Sangli,64.4,9.5,148.0,179.0,424.0,550.0,384.3333333333333,-0.17318435754189943,42.5,676.7727272727273,8.19,3.07,6.62,1.5,19.38,23.52
105,2003,7,Maharashtra,Sangli,11.2,0.4,36.0,148.0,179.0,424.0,250.33333333333334,-0.7567567567567568,64.4,582.6363636363636,6.16,5.56,3.55,1.65,16.919999999999998,19.54
105,2004,7,Maharashtra,Sangli,95.6,45.9,480.0,36.0,148.0,179.0,121.0,12.333333333333334,11.2,622.1363636363636,8.59,5.53,7.0,3.75,24.87,28.5
105,2005,7,Maharashtra,Sangli,74.2,27.5,371.0,480.0,36.0,148.0,221.33333333333334,-0.2270833333333333,95.6,596.3181818181819,6.95,11.77,7.82,6.54,33.08,37.68
105,2006,7,Maharashtra,Sangli,92.7,35.0,378.0,371.0,480.0,36.0,295.6666666666667,0.018867924528301883,74.2,632.8571428571429,8.14,9.4,8.64,6.07,32.25,43.05
105,2007,7,Maharashtra,Sangli,86.7,34.4,397.0,378.0,371.0,480.0,409.6666666666667,0.050264550264550234,92.7,736.9090909090909,12.54,7.02,9.19,6.16,34.91,37.05
105,2008,7,Maharashtra,Sangli,12.5,0.9,72.0,397.0,378.0,371.0,382.0,-0.818639798488665,86.7,642.4545454545455,4.99,4.18,7.32,6.1,22.590000000000003,27.11
105,2009,7,Maharashtra,Sangli,54.1,18.21,337.0,72.0,397.0,378.0,282.3333333333333,3.6805555555555554,12.5,685.7142857142857,3.54,11.41,3.95,5.77,24.67,30.6
105,2010,7,Maharashtra,Sangli,74.9,62.5,834.0,337.0,72.0,397.0,268.6666666666667,1.4747774480712166,54.1,847.1428571428571,6.72,12.19,5.94,3.77,28.62,33.73
105,2011,7,Maharashtra,Sangli,26.3,6.4,243.0,834.0,337.0,72.0,414.3333333333333,-0.7086330935251799,74.9,833.2380952380952,5.68,10.39,7.39,4.29,27.75,31.54
105,2012,7,Maharashtra,Sangli,22.1,4.8,217.0,243.0,834.0,337.0,471.3333333333333,-0.10699588477366251,26.3,665.85,4.24,7.6,4.77,3.55,20.16,23.29
105,2013,7,Maharashtra,Sangli,24.2,7.2,298.0,217.0,243.0,834.0,431.3333333333333,0.3732718894009217,22.1,844.578947368421,8.33,9.9,3.09,5.31,26.63,29.36
105,2014,7,Maharashtra,Sangli,69.6,53.1,763.0,298.0,217.0,243.0,252.66666666666666,1.5604026845637584,24.2,504.88235294117646,1.74,10.18,6.61,3.14,21.67,26.2
105,2015,7,Maharashtra,Sangli,33.9,8.1,239.0,763.0,298.0,217.0,426.0,-0.6867627785058978,69.6,369.5625,7.41,2.67,2.65,3.61,16.34,20.2
105,2016,7,Maharashtra,Sangli,66.1,47.1,713.0,239.0,763.0,298.0,433.3333333333333,1.98326359832636,33.9,650.1818181818181,8.41,17.97,11.59,5.48,43.45,45.73
105,2017,7,Maharashtra,Sangli,58.8,8.7,148.0,713.0,239.0,763.0,571.6666666666666,-0.7924263674614306,66.1,609.0952380952381,6.57,9.57,6.01,10.85,33.0,38.31
105,2018,7,Maharashtra,Sangli,33.72,7.95,236.0,148.0,713.0,239.0,366.6666666666667,0.5945945945945945,58.8,423.63157894736844,9.73,12.45,7.22,3.71,33.11,36.82
105,2019,7,Maharashtra,Sangli,55.93,19.76,353.0,236.0,148.0,713.0,365.6666666666667,0.4957627118644068,33.72,578.837,7.39,16.94,18.07,9.42,51.82000000000001,60.02
106,1993,7,Maharashtra,Solapur,32.8,19.9,607.0,293.0,375.0,383.0,350.3333333333333,1.0716723549488054,41.3,750.1904761904761,2.01,5.61,3.19,4.03,14.84,22.39
106,1994,7,Maharashtra,Solapur,32.7,12.9,394.0,607.0,293.0,375.0,425.0,-0.35090609555189456,32.8,660.3636363636364,4.04,4.19,2.55,1.48,12.260000000000002,17.93
106,1995,7,Maharashtra,Solapur,26.4,11.2,424.0,394.0,607.0,293.0,431.3333333333333,0.07614213197969533,32.7,632.1904761904761,3.78,3.72,1.98,4.33,13.81,20.38
106,1996,7,Maharashtra,Solapur,26.8,12.7,474.0,424.0,394.0,607.0,475.0,0.11792452830188682,26.4,856.9545454545455,3.77,3.57,4.13,4.93,16.4,21.94
106,1997,7,Maharashtra,Solapur,23.4,12.0,513.0,474.0,424.0,394.0,430.6666666666667,0.08227848101265822,26.8,597.0434782608696,3.41,2.94,3.57,1.2,11.12,17.87
106,1998,7,Maharashtra,Solapur,37.4,18.9,505.0,513.0,474.0,424.0,470.3333333333333,-0.015594541910331383,23.4,740.7916666666666,3.75,4.1,5.18,7.45,20.48,26.75
106,1999,7,Maharashtra,Solapur,57.2,19.3,337.0,505.0,513.0,474.0,497.3333333333333,-0.33267326732673264,37.4,649.28,3.88,2.69,0.97,2.76,10.3,14.6
106,2000,7,Maharashtra,Solapur,53.3,22.1,415.0,337.0,505.0,513.0,451.6666666666667,0.2314540059347181,57.2,584.7272727272727,2.75,2.99,5.19,1.93,12.86,16.88
106,2001,7,Maharashtra,Solapur,11.8,5.4,458.0,415.0,337.0,505.0,419.0,0.10361445783132539,53.3,515.7272727272727,2.14,2.13,2.46,5.21,11.94,16.14
106,2002,7,Maharashtra,Solapur,25.1,9.5,378.0,458.0,415.0,337.0,403.3333333333333,-0.1746724890829694,11.8,676.7727272727273,3.67,1.66,3.54,2.08,10.95,14.41
106,2003,7,Maharashtra,Solapur,9.7,3.7,381.0,378.0,458.0,415.0,417.0,0.007936507936507908,25.1,582.6363636363636,2.43,1.79,3.04,1.58,8.84,11.08
106,2004,7,Maharashtra,Solapur,26.2,15.0,573.0,381.0,378.0,458.0,405.6666666666667,0.5039370078740157,9.7,622.1363636363636,3.88,3.91,3.47,5.18,16.439999999999998,20.06
106,2005,7,Maharashtra,Solapur,14.8,6.7,453.0,573.0,381.0,378.0,444.0,-0.2094240837696335,26.2,596.3181818181819,3.74,6.91,5.05,5.47,21.17,25.75
106,2006,7,Maharashtra,Solapur,27.5,7.7,280.0,453.0,573.0,381.0,469.0,-0.3818984547461368,14.8,632.8571428571429,4.1,4.43,4.61,5.49,18.630000000000003,25.18
106,2007,7,Maharashtra,Solapur,21.5,9.1,423.0,280.0,453.0,573.0,435.3333333333333,0.5107142857142857,27.5,736.9090909090909,4.84,3.59,4.33,5.23,17.990000000000002,18.79
106,2008,7,Maharashtra,Solapur,1.8,0.8,444.0,423.0,280.0,453.0,385.3333333333333,0.049645390070921946,21.5,642.4545454545455,1.6,2.78,4.92,6.18,15.48,18.97
106,2009,7,Maharashtra,Solapur,14.4,5.24,364.0,444.0,423.0,280.0,382.3333333333333,-0.18018018018018023,1.8,685.7142857142857,2.5,3.47,3.91,4.99,14.87,21.3
106,2010,7,Maharashtra,Solapur,18.4,9.6,522.0,364.0,444.0,423.0,410.3333333333333,0.4340659340659341,14.4,847.1428571428571,4.2,5.52,4.91,2.73,17.36,23.19
106,2011,7,Maharashtra,Solapur,9.9,3.9,394.0,522.0,364.0,444.0,443.3333333333333,-0.24521072796934862,18.4,833.2380952380952,2.17,4.63,3.54,2.69,13.03,17.61
106,2012,7,Maharashtra,Solapur,6.3,2.4,381.0,394.0,522.0,364.0,426.6666666666667,-0.032994923857868064,9.9,665.85,1.44,2.62,2.5,2.6,9.16,12.76
106,2013,7,Maharashtra,Solapur,6.3,2.2,349.0,381.0,394.0,522.0,432.3333333333333,-0.08398950131233596,6.3,844.578947368421,4.42,5.58,1.21,4.8,16.01,19.17
106,2014,7,Maharashtra,Solapur,5.5,2.2,400.0,349.0,381.0,394.0,374.6666666666667,0.14613180515759305,6.3,504.88235294117646,0.62,4.11,5.09,2.13,11.95,18.22
106,2015,7,Maharashtra,Solapur,14.8,3.4,230.0,400.0,349.0,381.0,376.6666666666667,-0.42500000000000004,5.5,369.5625,2.82,0.77,1.32,4.42,9.33,14.73
106,2016,7,Maharashtra,Solapur,26.9,9.4,349.0,230.0,400.0,349.0,326.3333333333333,0.517391304347826,14.8,650.1818181818181,2.21,5.23,2.55,5.78,15.77,18.22
106,2017,7,Maharashtra,Solapur,28.6,9.74,341.0,349.0,230.0,400.0,326.3333333333333,-0.022922636103151817,26.9,609.0952380952381,3.93,2.32,4.73,5.3,16.28,20.96
106,2018,7,Maharashtra,Solapur,23.79,3.2,135.0,341.0,349.0,230.0,306.6666666666667,-0.6041055718475073,28.6,423.63157894736844,2.56,1.76,2.93,1.43,8.68,10.74
106,2019,7,Maharashtra,Solapur,49.81,11.53,231.0,135.0,341.0,349.0,275.0,0.711111111111111,23.79,578.837,2.11,3.3,3.0,5.05,13.46,21.27
107,1993,7,Maharashtra,Kolhapur,0.1,0.1,1000.0,1000.0,250.0,250.0,500.0,0.0,0.1,750.1904761904761,7.41,16.04,7.54,4.74,35.73,43.54
107,1994,7,Maharashtra,Kolhapur,0.1,0.1,1000.0,1000.0,1000.0,250.0,750.0,0.0,0.1,660.3636363636364,11.26,13.13,8.26,3.31,35.96,43.22
107,1995,7,Maharashtra,Kolhapur,0.1,0.1,1000.0,1000.0,1000.0,1000.0,1000.0,0.0,0.1,632.1904761904761,4.12,11.62,5.46,4.79,25.99,33.09
107,1996,7,Maharashtra,Kolhapur,0.1,0.1,1000.0,1000.0,1000.0,1000.0,1000.0,0.0,0.1,856.9545454545455,11.46,13.11,6.85,4.44,35.86,44.0
107,1997,7,Maharashtra,Kolhapur,0.3,0.1,333.0,1000.0,1000.0,1000.0,1000.0,-0.667,0.1,597.0434782608696,11.3,13.26,12.83,1.51,38.9,44.07
107,1998,7,Maharashtra,Kolhapur,0.1,0.1,1000.0,333.0,1000.0,1000.0,777.6666666666666,2.003003003003003,0.3,740.7916666666666,12.39,9.96,9.46,7.2,39.010000000000005,44.8
107,1999,7,Maharashtra,Kolhapur,0.1,0.1,1000.0,1000.0,333.0,1000.0,777.6666666666666,0.0,0.1,649.28,11.3,13.06,2.88,3.04,30.28,37.07
108,1993,7,Maharashtra,Aurangabad,186.7,188.3,1009.0,907.0,359.0,619.0,628.3333333333334,0.11245865490628448,188.0,750.1904761904761,4.02,6.83,7.01,5.96,23.82,32.09
108,1994,7,Maharashtra,Aurangabad,172.7,103.2,598.0,1009.0,907.0,359.0,758.3333333333334,-0.40733399405351833,186.7,660.3636363636364,3.53,5.36,4.85,4.14,17.88,24.01
108,1995,7,Maharashtra,Aurangabad,158.5,96.7,610.0,598.0,1009.0,907.0,838.0,0.02006688963210701,172.7,632.1904761904761,3.29,4.29,2.3,5.12,15.0,18.4
108,1996,7,Maharashtra,Aurangabad,172.9,189.2,1094.0,610.0,598.0,1009.0,739.0,0.7934426229508196,158.5,856.9545454545455,1.18,7.63,4.1,5.69,18.6,22.03
108,1997,7,Maharashtra,Aurangabad,148.4,117.3,790.0,1094.0,610.0,598.0,767.3333333333334,-0.27787934186471663,172.9,597.0434782608696,2.55,4.93,4.74,4.37,16.59,22.62
108,1998,7,Maharashtra,Aurangabad,131.0,116.6,890.0,790.0,1094.0,610.0,831.3333333333334,0.12658227848101267,148.4,740.7916666666666,7.31,4.81,9.15,5.41,26.68,32.76
108,1999,7,Maharashtra,Aurangabad,138.6,123.3,890.0,890.0,790.0,1094.0,924.6666666666666,0.0,131.0,649.28,6.15,3.28,2.65,5.23,17.310000000000002,21.56
108,2000,7,Maharashtra,Aurangabad,161.0,120.1,746.0,890.0,890.0,790.0,856.6666666666666,-0.16179775280898878,138.6,584.7272727272727,3.3,3.89,9.56,2.27,19.02,24.81
108,2001,7,Maharashtra,Aurangabad,137.4,86.7,631.0,746.0,890.0,890.0,842.0,-0.15415549597855227,161.0,515.7272727272727,4.0,1.47,7.04,3.6,16.11,20.76
108,2002,7,Maharashtra,Aurangabad,149.9,131.1,875.0,631.0,746.0,890.0,755.6666666666666,0.386687797147385,137.4,676.7727272727273,6.94,1.67,6.87,3.22,18.7,20.16
108,2003,7,Maharashtra,Aurangabad,128.7,110.2,856.0,875.0,631.0,746.0,750.6666666666666,-0.021714285714285686,149.9,582.6363636363636,6.58,6.25,3.69,2.05,18.57,20.13
108,2004,7,Maharashtra,Aurangabad,128.9,107.9,837.0,856.0,875.0,631.0,787.3333333333334,-0.02219626168224298,128.7,622.1363636363636,2.29,5.23,3.48,8.19,19.19,22.76
108,2005,7,Maharashtra,Aurangabad,131.4,150.0,1142.0,837.0,856.0,875.0,856.0,0.36439665471923544,128.9,596.3181818181819,4.22,11.96,4.44,9.52,30.14,34.1
108,2006,7,Maharashtra,Aurangabad,123.1,139.4,1132.0,1142.0,837.0,856.0,945.0,-0.008756567425569184,131.4,632.8571428571429,5.14,6.51,10.72,9.38,31.75,39.98
108,2007,7,Maharashtra,Aurangabad,111.6,136.45,1223.0,1132.0,1142.0,837.0,1037.0,0.0803886925795052,123.1,736.9090909090909,6.17,6.58,7.36,6.18,26.29,27.16
108,2008,7,Maharashtra,Aurangabad,109.1,103.5,949.0,1223.0,1132.0,1142.0,1165.6666666666667,-0.22403924775143091,111.6,642.4545454545455,1.7,2.46,4.83,9.94,18.93,20.71
108,2009,7,Maharashtra,Aurangabad,122.4,121.8,995.0,949.0,1223.0,1132.0,1101.3333333333333,0.04847207586933622,109.1,685.7142857142857,1.52,6.5,5.13,5.66,18.81,25.87
108,2010,7,Maharashtra,Aurangabad,89.8,126.5,1409.0,995.0,949.0,1223.0,1055.6666666666667,0.41608040201005014,122.4,847.1428571428571,5.0,9.18,7.15,3.26,24.59,30.91
108,2011,7,Maharashtra,Aurangabad,68.5,87.8,1282.0,1409.0,995.0,949.0,1117.6666666666667,-0.09013484740951028,89.8,833.2380952380952,3.25,7.77,6.87,3.27,21.16,24.12
108,2012,7,Maharashtra,Aurangabad,68.5,44.54,650.0,1282.0,1409.0,995.0,1228.6666666666667,-0.4929797191887676,68.5,665.85,4.63,5.34,3.58,3.77,17.32,20.09
108,2013,7,Maharashtra,Aurangabad,31.0,38.0,1226.0,650.0,1282.0,1409.0,1113.6666666666667,0.8861538461538461,68.5,844.578947368421,6.36,7.5,2.46,6.09,22.41,28.54
108,2014,7,Maharashtra,Aurangabad,45.3,24.2,534.0,1226.0,650.0,1282.0,1052.6666666666667,-0.564437194127243,31.0,504.88235294117646,1.7,6.11,5.8,2.96,16.57,22.37
108,2015,7,Maharashtra,Aurangabad,51.9,22.4,432.0,534.0,1226.0,650.0,803.3333333333334,-0.1910112359550562,45.3,369.5625,7.41,1.3,4.36,7.93,21.0,26.44
108,2016,7,Maharashtra,Aurangabad,52.0,57.9,1113.0,432.0,534.0,1226.0,730.6666666666666,1.5763888888888888,51.9,650.1818181818181,3.95,9.19,3.51,6.73,23.38,26.35
108,2017,7,Maharashtra,Aurangabad,54.2,37.2,686.0,1113.0,432.0,534.0,693.0,-0.3836477987421384,52.0,609.0952380952381,5.84,4.29,6.55,8.65,25.33,27.94
108,2018,7,Maharashtra,Aurangabad,54.73,24.91,455.0,686.0,1113.0,432.0,743.6666666666666,-0.33673469387755106,54.2,423.63157894736844,4.48,4.54,6.98,1.5,17.5,18.18
108,2019,7,Maharashtra,Aurangabad,59.44,54.26,913.0,455.0,686.0,1113.0,751.3333333333334,1.0065934065934066,54.73,578.837,3.38,6.38,4.94,7.26,21.96,27.82
109,1993,7,Maharashtra,Parbhani,10.5,7.8,743.0,767.0,274.0,562.0,534.3333333333334,-0.0312907431551499,10.3,750.1904761904761,5.84,9.41,6.65,7.64,29.54,38.04
109,1994,7,Maharashtra,Parbhani,8.6,6.0,698.0,743.0,767.0,274.0,594.6666666666666,-0.060565275908479155,10.5,660.3636363636364,5.1,9.47,8.57,4.73,27.87,33.53
109,1995,7,Maharashtra,Parbhani,9.1,5.6,615.0,698.0,743.0,767.0,736.0,-0.11891117478510027,8.6,632.1904761904761,3.75,8.55,2.32,6.57,21.19,27.42
109,1996,7,Maharashtra,Parbhani,9.4,6.4,681.0,615.0,698.0,743.0,685.3333333333334,0.1073170731707318,9.1,856.9545454545455,1.8,6.63,6.26,6.97,21.66,26.39
109,1997,7,Maharashtra,Parbhani,9.4,4.3,457.0,681.0,615.0,698.0,664.6666666666666,-0.328928046989721,9.4,597.0434782608696,5.0,5.08,6.03,2.95,19.06,26.53
109,1998,7,Maharashtra,Parbhani,8.2,4.8,585.0,457.0,681.0,615.0,584.3333333333334,0.2800875273522976,9.4,740.7916666666666,5.92,7.31,8.32,8.27,29.82,36.86
109,1999,7,Maharashtra,Parbhani,7.4,5.2,703.0,585.0,457.0,681.0,574.3333333333334,0.20170940170940166,8.2,649.28,6.1,4.46,5.52,6.51,22.59,27.42
109,2000,7,Maharashtra,Parbhani,9.2,6.0,652.0,703.0,585.0,457.0,581.6666666666666,-0.07254623044096731,7.4,584.7272727272727,3.87,6.1,9.41,1.93,21.31,25.83
109,2001,7,Maharashtra,Parbhani,9.6,4.3,448.0,652.0,703.0,585.0,646.6666666666666,-0.31288343558282206,9.2,515.7272727272727,5.2,2.77,6.9,5.02,19.89,26.3
109,2002,7,Maharashtra,Parbhani,9.8,8.3,847.0,448.0,652.0,703.0,601.0,0.890625,9.6,676.7727272727273,7.21,2.81,8.69,3.17,21.880000000000003,24.87
109,2003,7,Maharashtra,Parbhani,9.7,7.1,732.0,847.0,448.0,652.0,649.0,-0.13577331759149946,9.8,582.6363636363636,5.8,7.58,5.66,2.4,21.44,24.02
109,2004,7,Maharashtra,Parbhani,10.5,5.9,562.0,732.0,847.0,448.0,675.6666666666666,-0.23224043715846998,9.7,622.1363636363636,2.79,6.85,3.09,6.36,19.09,23.84
109,2005,7,Maharashtra,Parbhani,6.5,4.2,646.0,562.0,732.0,847.0,713.6666666666666,0.14946619217081847,10.5,596.3181818181819,2.85,12.41,6.17,8.0,29.43,35.07
109,2006,7,Maharashtra,Parbhani,6.7,3.8,567.0,646.0,562.0,732.0,646.6666666666666,-0.1222910216718266,6.5,632.8571428571429,5.5,7.89,12.31,10.06,35.760000000000005,43.72
109,2007,7,Maharashtra,Parbhani,6.3,4.31,684.0,567.0,646.0,562.0,591.6666666666666,0.20634920634920628,6.7,736.9090909090909,5.3,6.24,7.99,7.98,27.51,28.37
109,2008,7,Maharashtra,Parbhani,6.2,4.5,726.0,684.0,567.0,646.0,632.3333333333334,0.06140350877192979,6.3,642.4545454545455,2.62,3.53,6.32,9.52,21.99,24.97
109,2009,7,Maharashtra,Parbhani,6.5,3.41,525.0,726.0,684.0,567.0,659.0,-0.27685950413223137,6.2,685.7142857142857,3.78,7.01,5.35,4.71,20.85,27.61
109,2010,7,Maharashtra,Parbhani,7.5,4.9,653.0,525.0,726.0,684.0,645.0,0.24380952380952392,6.5,847.1428571428571,5.53,10.38,9.98,5.08,30.97,36.0
109,2011,7,Maharashtra,Parbhani,5.4,5.0,926.0,653.0,525.0,726.0,634.6666666666666,0.41807044410413474,7.5,833.2380952380952,3.43,9.01,6.55,4.57,23.56,26.14
109,2012,7,Maharashtra,Parbhani,5.6,4.05,723.0,926.0,653.0,525.0,701.3333333333334,-0.21922246220302377,5.4,665.85,4.65,7.44,4.61,5.98,22.68,25.290000000000003
109,2013,7,Maharashtra,Parbhani,3.2,2.0,625.0,723.0,926.0,653.0,767.3333333333334,-0.13554633471645916,5.6,844.578947368421,8.42,12.88,3.23,5.13,29.66,35.25
109,2014,7,Maharashtra,Parbhani,4.2,0.4,95.0,625.0,723.0,926.0,758.0,-0.848,3.2,504.88235294117646,1.78,7.28,5.36,3.95,18.37,24.46
109,2015,7,Maharashtra,Parbhani,4.6,0.8,174.0,95.0,625.0,723.0,481.0,0.831578947368421,4.2,369.5625,5.77,2.65,7.65,4.8,20.87,25.76
109,2016,7,Maharashtra,Parbhani,2.54,1.17,461.0,174.0,95.0,625.0,298.0,1.6494252873563218,4.6,650.1818181818181,4.48,10.07,2.52,6.94,24.01,26.700000000000003
109,2017,7,Maharashtra,Parbhani,1.35,0.49,362.0,461.0,174.0,95.0,243.33333333333334,-0.2147505422993492,2.54,609.0952380952381,4.93,4.93,5.63,3.63,19.12,21.87
109,2018,7,Maharashtra,Parbhani,0.46,0.28,612.0,362.0,461.0,174.0,332.3333333333333,0.6906077348066297,1.35,423.63157894736844,6.79,5.25,8.44,1.05,21.53,22.47
109,2019,7,Maharashtra,Parbhani,0.6,0.28,468.0,612.0,362.0,461.0,478.3333333333333,-0.23529411764705888,0.46,578.837,2.45,5.85,4.53,5.24,18.07,22.93
110,1993,7,Maharashtra,Bid,179.3,146.7,818.0,1042.0,304.0,518.0,621.3333333333334,-0.2149712092130518,187.5,750.1904761904761,6.21,11.28,5.77,8.66,31.92,38.47
110,1994,7,Maharashtra,Bid,168.4,81.2,482.0,818.0,1042.0,304.0,721.3333333333334,-0.41075794621026895,179.3,660.3636363636364,5.36,13.96,12.14,6.5,37.96,43.6
110,1995,7,Maharashtra,Bid,194.4,172.6,888.0,482.0,818.0,1042.0,780.6666666666666,0.842323651452282,168.4,632.1904761904761,4.08,11.67,4.95,8.11,28.81,36.06
110,1996,7,Maharashtra,Bid,208.0,191.0,918.0,888.0,482.0,818.0,729.3333333333334,0.03378378378378377,194.4,856.9545454545455,1.73,7.15,7.22,6.56,22.66,27.69
110,1997,7,Maharashtra,Bid,162.6,83.8,515.0,918.0,888.0,482.0,762.6666666666666,-0.4389978213507625,208.0,597.0434782608696,5.75,6.43,7.85,3.56,23.59,32.46
110,1998,7,Maharashtra,Bid,176.8,116.6,660.0,515.0,918.0,888.0,773.6666666666666,0.2815533980582525,162.6,740.7916666666666,4.2,8.38,8.29,7.3,28.17,35.73
110,1999,7,Maharashtra,Bid,181.5,124.3,685.0,660.0,515.0,918.0,697.6666666666666,0.037878787878787845,176.8,649.28,5.25,6.37,9.35,7.06,28.03,33.16
110,2000,7,Maharashtra,Bid,213.6,170.5,798.0,685.0,660.0,515.0,620.0,0.16496350364963508,181.5,584.7272727272727,4.41,8.5,7.08,2.28,22.270000000000003,25.09
110,2001,7,Maharashtra,Bid,151.4,74.4,491.0,798.0,685.0,660.0,714.3333333333334,-0.38471177944862156,213.6,515.7272727272727,6.52,5.37,7.63,3.33,22.85,30.58
110,2002,7,Maharashtra,Bid,187.1,156.9,839.0,491.0,798.0,685.0,658.0,0.7087576374745417,151.4,676.7727272727273,8.93,3.5,11.44,2.42,26.29,29.87
110,2003,7,Maharashtra,Bid,180.5,100.2,555.0,839.0,491.0,798.0,709.3333333333334,-0.3384982121573301,187.1,582.6363636363636,7.47,11.06,9.1,4.08,31.71,35.44
110,2004,7,Maharashtra,Bid,176.2,109.1,619.0,555.0,839.0,491.0,628.3333333333334,0.11531531531531525,180.5,622.1363636363636,3.24,8.54,4.9,2.88,19.56,23.7
110,2005,7,Maharashtra,Bid,191.3,129.3,676.0,619.0,555.0,839.0,671.0,0.09208400646203563,176.2,596.3181818181819,5.51,11.33,5.54,9.35,31.73,39.04
110,2006,7,Maharashtra,Bid,184.1,154.1,837.0,676.0,619.0,555.0,616.6666666666666,0.23816568047337272,191.3,632.8571428571429,4.43,10.79,12.54,9.87,37.63,43.72
110,2007,7,Maharashtra,Bid,162.5,116.72,718.0,837.0,676.0,619.0,710.6666666666666,-0.14217443249701311,184.1,736.9090909090909,7.58,6.38,7.23,8.22,29.410000000000004,30.96
110,2008,7,Maharashtra,Bid,135.0,98.1,727.0,718.0,837.0,676.0,743.6666666666666,0.012534818941504211,162.5,642.4545454545455,5.59,6.68,7.27,7.76,27.3,30.94
110,2009,7,Maharashtra,Bid,131.7,103.34,785.0,727.0,718.0,837.0,760.6666666666666,0.079779917469051,135.0,685.7142857142857,5.31,9.68,6.34,3.02,24.35,30.19
110,2010,7,Maharashtra,Bid,122.5,112.8,921.0,785.0,727.0,718.0,743.3333333333334,0.17324840764331206,131.7,847.1428571428571,5.1,12.48,13.81,7.4,38.79,43.41
110,2011,7,Maharashtra,Bid,107.1,108.9,1017.0,921.0,785.0,727.0,811.0,0.10423452768729646,122.5,833.2380952380952,3.89,8.83,9.01,5.33,27.06,29.23
110,2012,7,Maharashtra,Bid,107.1,68.97,644.0,1017.0,921.0,785.0,907.6666666666666,-0.3667649950835792,107.1,665.85,4.38,11.83,6.67,8.57,31.450000000000003,33.51
110,2013,7,Maharashtra,Bid,122.1,130.3,1067.0,644.0,1017.0,921.0,860.6666666666666,0.6568322981366459,107.1,844.578947368421,11.23,18.59,5.87,4.12,39.81,46.21
110,2014,7,Maharashtra,Bid,127.1,56.2,442.0,1067.0,644.0,1017.0,909.3333333333334,-0.5857544517338331,122.1,504.88235294117646,2.29,10.09,5.08,5.32,22.78,27.64
110,2015,7,Maharashtra,Bid,127.6,32.8,257.0,442.0,1067.0,644.0,717.6666666666666,-0.418552036199095,127.1,369.5625,7.03,3.6,9.75,4.46,24.840000000000003,29.85
110,2016,7,Maharashtra,Bid,144.7,93.09,643.0,257.0,442.0,1067.0,588.6666666666666,1.5019455252918288,127.6,650.1818181818181,6.14,13.22,3.39,6.19,28.94,32.28
110,2017,7,Maharashtra,Bid,152.7,90.24,591.0,643.0,257.0,442.0,447.3333333333333,-0.08087091757387244,144.7,609.0952380952381,5.16,5.98,4.99,3.72,19.85,22.42
110,2018,7,Maharashtra,Bid,57.51,15.49,269.0,591.0,643.0,257.0,497.0,-0.5448392554991539,152.7,423.63157894736844,7.87,7.3,9.52,1.93,26.62,28.04
110,2019,7,Maharashtra,Bid,64.5,51.58,800.0,269.0,591.0,643.0,501.0,1.973977695167286,57.51,578.837,3.13,8.85,6.25,5.45,23.68,27.15
111,1993,7,Maharashtra,Nanded,0.7,0.6,857.0,636.0,154.0,588.0,459.3333333333333,0.34748427672955984,1.1,750.1904761904761,4.43,9.05,6.02,6.83,26.33,33.56
111,1994,7,Maharashtra,Nanded,1.3,0.7,538.0,857.0,636.0,154.0,549.0,-0.3722287047841307,0.7,660.3636363636364,4.56,9.28,9.65,3.47,26.96,33.66
111,1995,7,Maharashtra,Nanded,1.8,1.3,722.0,538.0,857.0,636.0,677.0,0.3420074349442379,1.3,632.1904761904761,5.13,9.25,4.16,6.11,24.65,35.24
111,1996,7,Maharashtra,Nanded,0.7,0.5,714.0,722.0,538.0,857.0,705.6666666666666,-0.011080332409972304,1.8,856.9545454545455,2.69,6.53,8.25,7.31,24.78,30.48
111,1997,7,Maharashtra,Nanded,0.9,0.4,444.0,714.0,722.0,538.0,658.0,-0.37815126050420167,0.7,597.0434782608696,4.89,5.94,6.25,2.87,19.95,28.12
111,1998,7,Maharashtra,Nanded,0.3,0.2,667.0,444.0,714.0,722.0,626.6666666666666,0.5022522522522523,0.9,740.7916666666666,4.29,8.44,8.61,7.85,29.19,36.8
111,1999,7,Maharashtra,Nanded,0.3,0.15,500.0,667.0,444.0,714.0,608.3333333333334,-0.2503748125937032,0.3,649.28,4.7,4.69,5.81,5.47,20.67,25.39
111,2000,7,Maharashtra,Nanded,0.2,0.1,500.0,500.0,667.0,444.0,537.0,0.0,0.3,584.7272727272727,5.21,5.79,10.0,1.98,22.98,26.71
111,2001,7,Maharashtra,Nanded,0.5,0.2,400.0,500.0,500.0,667.0,555.6666666666666,-0.19999999999999996,0.2,515.7272727272727,5.24,3.29,7.17,4.43,20.130000000000003,26.92
111,2002,7,Maharashtra,Nanded,0.7,0.5,714.0,400.0,500.0,500.0,466.6666666666667,0.7849999999999999,0.5,676.7727272727273,6.56,3.28,9.91,2.21,21.96,26.3
111,2003,7,Maharashtra,Nanded,0.6,0.3,500.0,714.0,400.0,500.0,538.0,-0.2997198879551821,0.7,582.6363636363636,4.09,9.42,6.89,2.78,23.18,27.21
111,2004,7,Maharashtra,Nanded,0.2,0.1,500.0,500.0,714.0,400.0,538.0,0.0,0.6,622.1363636363636,2.41,8.37,2.96,4.54,18.28,24.09
111,2005,7,Maharashtra,Nanded,0.1,0.1,1000.0,500.0,500.0,714.0,571.3333333333334,1.0,0.2,596.3181818181819,4.13,12.64,5.99,8.08,30.84,38.5
111,2007,7,Maharashtra,Nanded,0.6,0.32,533.0,1000.0,500.0,500.0,666.6666666666666,-0.46699999999999997,0.1,736.9090909090909,5.49,4.65,7.75,8.97,26.86,28.39
111,2008,7,Maharashtra,Nanded,0.2,0.1,500.0,533.0,1000.0,500.0,677.6666666666666,-0.06191369606003749,0.6,642.4545454545455,3.26,4.8,10.06,8.35,26.47,32.12
111,2019,7,Maharashtra,Nanded,0.14,0.03,225.0,500.0,533.0,1000.0,677.6666666666666,-0.55,0.2,578.837,2.05,7.17,5.79,5.25,20.26,24.39
112,1993,7,Maharashtra,Osmanabad,11.8,9.4,797.0,788.0,170.0,408.0,455.3333333333333,0.011421319796954377,9.9,750.1904761904761,2.13,7.51,5.58,6.48,21.700000000000003,30.84
112,1994,7,Maharashtra,Osmanabad,10.5,5.9,562.0,797.0,788.0,170.0,585.0,-0.2948557089084065,11.8,660.3636363636364,3.11,4.01,3.76,2.18,13.06,20.33
112,1995,7,Maharashtra,Osmanabad,17.0,10.5,618.0,562.0,797.0,788.0,715.6666666666666,0.0996441281138789,10.5,632.1904761904761,6.18,4.62,3.11,5.45,19.36,28.02
112,1996,7,Maharashtra,Osmanabad,19.3,14.7,762.0,618.0,562.0,797.0,659.0,0.23300970873786397,17.0,856.9545454545455,3.29,4.15,6.45,7.4,21.29,27.41
112,1997,7,Maharashtra,Osmanabad,17.0,5.3,312.0,762.0,618.0,562.0,647.3333333333334,-0.5905511811023623,19.3,597.0434782608696,3.02,3.43,3.14,2.33,11.92,19.36
112,1998,7,Maharashtra,Osmanabad,17.6,8.6,489.0,312.0,762.0,618.0,564.0,0.5673076923076923,17.0,740.7916666666666,5.26,4.42,7.74,10.83,28.25,36.9
112,1999,7,Maharashtra,Osmanabad,19.1,8.0,419.0,489.0,312.0,762.0,521.0,-0.14314928425357876,17.6,649.28,4.63,2.88,1.71,3.83,13.05,17.56
112,2000,7,Maharashtra,Osmanabad,19.7,10.6,538.0,419.0,489.0,312.0,406.6666666666667,0.2840095465393795,19.1,584.7272727272727,3.67,3.15,9.23,2.34,18.39,23.43
112,2001,7,Maharashtra,Osmanabad,18.5,5.5,297.0,538.0,419.0,489.0,482.0,-0.44795539033457255,19.7,515.7272727272727,3.02,1.99,4.14,8.27,17.419999999999998,23.19
112,2002,7,Maharashtra,Osmanabad,20.5,8.3,405.0,297.0,538.0,419.0,418.0,0.36363636363636354,18.5,676.7727272727273,4.9,2.71,5.69,3.72,17.02,21.7
112,2003,7,Maharashtra,Osmanabad,19.7,5.5,279.0,405.0,297.0,538.0,413.3333333333333,-0.3111111111111111,20.5,582.6363636363636,2.75,3.06,5.1,2.39,13.3,16.09
112,2004,7,Maharashtra,Osmanabad,19.2,6.6,344.0,279.0,405.0,297.0,327.0,0.23297491039426532,19.7,622.1363636363636,3.58,6.85,2.13,7.82,20.38,25.71
112,2005,7,Maharashtra,Osmanabad,20.1,8.5,423.0,344.0,279.0,405.0,342.6666666666667,0.22965116279069764,19.2,596.3181818181819,3.1,9.63,6.65,6.2,25.58,31.48
112,2006,7,Maharashtra,Osmanabad,20.0,10.2,510.0,423.0,344.0,279.0,348.6666666666667,0.2056737588652482,20.1,632.8571428571429,5.24,3.71,5.06,8.51,22.52,30.89
112,2007,7,Maharashtra,Osmanabad,20.6,10.15,493.0,510.0,423.0,344.0,425.6666666666667,-0.033333333333333326,20.0,736.9090909090909,5.31,3.67,6.33,7.71,23.02,23.73
112,2008,7,Maharashtra,Osmanabad,17.1,7.7,450.0,493.0,510.0,423.0,475.3333333333333,-0.08722109533468558,20.6,642.4545454545455,1.04,4.14,6.64,8.83,20.65,25.2
112,2009,7,Maharashtra,Osmanabad,17.6,7.96,452.0,450.0,493.0,510.0,484.3333333333333,0.004444444444444473,17.1,685.7142857142857,3.32,3.08,5.17,7.12,18.69,25.89
112,2010,7,Maharashtra,Osmanabad,16.6,6.7,404.0,452.0,450.0,493.0,465.0,-0.10619469026548678,17.6,847.1428571428571,5.2,8.25,8.19,4.05,25.69,31.53
112,2011,7,Maharashtra,Osmanabad,16.8,9.4,560.0,404.0,452.0,450.0,435.3333333333333,0.38613861386138604,16.6,833.2380952380952,2.06,6.69,5.23,2.11,16.09,20.69
112,2012,7,Maharashtra,Osmanabad,17.2,5.19,302.0,560.0,404.0,452.0,472.0,-0.46071428571428574,16.8,665.85,3.34,3.98,3.74,4.23,15.29,19.53
112,2013,7,Maharashtra,Osmanabad,17.7,12.0,678.0,302.0,560.0,404.0,422.0,1.2450331125827816,17.2,844.578947368421,5.31,8.85,1.84,5.97,21.97,27.7
112,2014,7,Maharashtra,Osmanabad,17.7,4.4,249.0,678.0,302.0,560.0,513.3333333333334,-0.6327433628318584,17.7,504.88235294117646,1.5,4.17,6.98,2.61,15.26,23.68
112,2015,7,Maharashtra,Osmanabad,10.2,1.7,167.0,249.0,678.0,302.0,409.6666666666667,-0.3293172690763052,17.7,369.5625,3.0,1.16,3.57,5.91,13.64,18.98
112,2016,7,Maharashtra,Osmanabad,10.4,3.3,317.0,167.0,249.0,678.0,364.6666666666667,0.8982035928143712,10.2,650.1818181818181,3.75,6.75,1.34,10.44,22.28,25.21
112,2017,7,Maharashtra,Osmanabad,9.9,4.6,465.0,317.0,167.0,249.0,244.33333333333334,0.4668769716088328,10.4,609.0952380952381,5.42,2.64,5.59,4.79,18.44,22.68
112,2018,7,Maharashtra,Osmanabad,8.75,1.09,125.0,465.0,317.0,167.0,316.3333333333333,-0.7311827956989247,9.9,423.63157894736844,4.82,2.25,5.0,1.24,13.31,15.38
112,2019,7,Maharashtra,Osmanabad,7.68,2.34,304.0,125.0,465.0,317.0,302.3333333333333,1.432,8.75,578.837,2.44,2.39,3.09,6.16,14.08,21.14
113,1993,7,Maharashtra,Buldhana,13.3,7.3,549.0,619.0,200.0,602.0,473.6666666666667,-0.11308562197092087,16.8,750.1904761904761,5.77,8.4,6.61,6.84,27.62,35.45
113,1994,7,Maharashtra,Buldhana,11.8,8.3,703.0,549.0,619.0,200.0,456.0,0.28051001821493626,13.3,660.3636363636364,4.99,8.41,7.73,5.0,26.130000000000003,30.86
113,1995,7,Maharashtra,Buldhana,13.3,9.9,744.0,703.0,549.0,619.0,623.6666666666666,0.05832147937411092,11.8,632.1904761904761,2.66,7.39,1.76,5.98,17.79,21.29
113,1996,7,Maharashtra,Buldhana,7.0,5.3,757.0,744.0,703.0,549.0,665.3333333333334,0.017473118279569988,13.3,856.9545454545455,1.08,7.14,5.03,5.92,19.17,22.82
113,1997,7,Maharashtra,Buldhana,10.9,4.6,422.0,757.0,744.0,703.0,734.6666666666666,-0.44253632760898287,7.0,597.0434782608696,4.34,5.09,5.68,3.31,18.42,25.16
113,1998,7,Maharashtra,Buldhana,5.5,2.9,527.0,422.0,757.0,744.0,641.0,0.2488151658767772,10.9,740.7916666666666,6.32,6.34,7.82,6.67,27.15,32.81
113,1999,7,Maharashtra,Buldhana,7.5,3.8,507.0,527.0,422.0,757.0,568.6666666666666,-0.0379506641366224,5.5,649.28,6.28,3.98,4.78,6.53,21.57,26.45
113,2000,7,Maharashtra,Buldhana,7.9,4.9,620.0,507.0,527.0,422.0,485.3333333333333,0.22287968441814598,7.5,584.7272727272727,3.2,5.62,8.58,1.71,19.11,23.85
113,2001,7,Maharashtra,Buldhana,7.8,2.9,372.0,620.0,507.0,527.0,551.3333333333334,-0.4,7.9,515.7272727272727,4.9,2.23,6.69,3.81,17.63,23.02
113,2002,7,Maharashtra,Buldhana,5.7,3.6,632.0,372.0,620.0,507.0,499.6666666666667,0.6989247311827957,7.8,676.7727272727273,7.18,1.92,7.97,3.13,20.2,21.84
113,2003,7,Maharashtra,Buldhana,4.2,1.9,452.0,632.0,372.0,620.0,541.3333333333334,-0.28481012658227844,5.7,582.6363636363636,6.92,7.57,4.23,3.04,21.76,23.75
113,2004,7,Maharashtra,Buldhana,4.2,1.9,452.0,452.0,632.0,372.0,485.3333333333333,0.0,4.2,622.1363636363636,2.32,5.47,3.28,6.34,17.409999999999997,21.4
113,2005,7,Maharashtra,Buldhana,4.2,2.1,500.0,452.0,452.0,632.0,512.0,0.10619469026548667,4.2,596.3181818181819,2.66,11.44,5.27,8.01,27.379999999999995,31.55
113,2006,7,Maharashtra,Buldhana,3.7,1.8,486.0,500.0,452.0,452.0,468.0,-0.028000000000000025,4.2,632.8571428571429,5.14,7.69,12.58,9.3,34.71,42.32
113,2007,7,Maharashtra,Buldhana,3.0,1.62,540.0,486.0,500.0,452.0,479.3333333333333,0.11111111111111116,3.7,736.9090909090909,4.97,6.73,7.6,6.73,26.03,26.82
113,2008,7,Maharashtra,Buldhana,3.7,2.0,541.0,540.0,486.0,500.0,508.6666666666667,0.0018518518518517713,3.0,642.4545454545455,2.36,2.57,4.55,9.01,18.49,19.9
113,2009,7,Maharashtra,Buldhana,3.5,2.56,731.0,541.0,540.0,486.0,522.3333333333334,0.3512014787430684,3.7,685.7142857142857,2.93,7.38,4.67,4.46,19.44,27.0
113,2010,7,Maharashtra,Buldhana,3.6,1.9,528.0,731.0,541.0,540.0,604.0,-0.2777017783857729,3.5,847.1428571428571,5.01,9.83,9.25,4.26,28.35,33.53
113,2011,7,Maharashtra,Buldhana,3.3,2.1,636.0,528.0,731.0,541.0,600.0,0.20454545454545459,3.6,833.2380952380952,3.78,8.16,6.34,4.9,23.18,25.51
113,2012,7,Maharashtra,Buldhana,1.9,2.1,1105.0,636.0,528.0,731.0,631.6666666666666,0.7374213836477987,3.3,665.85,4.7,7.7,4.24,5.49,22.130000000000003,24.43
113,2013,7,Maharashtra,Buldhana,3.5,2.3,657.0,1105.0,636.0,528.0,756.3333333333334,-0.40542986425339367,1.9,844.578947368421,8.47,9.7,3.58,5.36,27.11,32.6
113,2014,7,Maharashtra,Buldhana,1.7,0.3,176.0,657.0,1105.0,636.0,799.3333333333334,-0.7321156773211568,3.5,504.88235294117646,1.34,7.87,4.77,3.88,17.86,23.03
113,2015,7,Maharashtra,Buldhana,1.9,0.2,105.0,176.0,657.0,1105.0,646.0,-0.40340909090909094,1.7,369.5625,6.62,3.12,8.22,6.06,24.02,29.45
113,2016,7,Maharashtra,Buldhana,2.09,0.7,335.0,105.0,176.0,657.0,312.6666666666667,2.1904761904761907,1.9,650.1818181818181,5.22,12.81,3.96,5.37,27.360000000000003,30.47
113,2017,7,Maharashtra,Buldhana,2.18,1.0,459.0,335.0,105.0,176.0,205.33333333333334,0.37014925373134333,2.09,609.0952380952381,6.47,6.06,6.26,6.57,25.36,27.75
113,2018,7,Maharashtra,Buldhana,2.27,0.33,146.0,459.0,335.0,105.0,299.6666666666667,-0.681917211328976,2.18,423.63157894736844,6.77,6.92,8.58,1.79,24.06,25.03
113,2019,7,Maharashtra,Buldhana,2.41,0.55,226.74,146.0,459.0,335.0,313.3333333333333,0.553013698630137,2.27,578.837,4.29,9.86,7.39,8.62,30.16,35.26
114,1993,7,Maharashtra,Akola,6.5,5.4,831.0,672.0,250.0,600.0,507.3333333333333,0.2366071428571428,6.4,750.1904761904761,7.17,10.98,5.53,8.69,32.37,39.14
114,1994,7,Maharashtra,Akola,5.4,3.8,704.0,831.0,672.0,250.0,584.3333333333334,-0.15282791817087849,6.5,660.3636363636364,6.4,13.27,10.88,6.89,37.440000000000005,41.8
114,1995,7,Maharashtra,Akola,5.9,4.4,746.0,704.0,831.0,672.0,735.6666666666666,0.05965909090909083,5.4,632.1904761904761,2.38,11.46,2.93,7.4,24.17,28.78
114,1996,7,Maharashtra,Akola,5.1,3.9,765.0,746.0,704.0,831.0,760.3333333333334,0.025469168900804195,5.9,856.9545454545455,1.11,6.59,6.53,5.83,20.06,24.4
114,1997,7,Maharashtra,Akola,5.0,2.1,420.0,765.0,746.0,704.0,738.3333333333334,-0.4509803921568627,5.1,597.0434782608696,5.61,5.37,7.4,2.94,21.320000000000004,30.43
114,1998,7,Maharashtra,Akola,1.6,0.8,500.0,420.0,765.0,746.0,643.6666666666666,0.19047619047619047,5.0,740.7916666666666,4.18,7.98,6.59,7.37,26.12,32.62
114,1999,7,Maharashtra,Akola,2.3,1.2,522.0,500.0,420.0,765.0,561.6666666666666,0.04400000000000004,1.6,649.28,5.29,6.04,8.18,7.47,26.98,32.62
114,2000,7,Maharashtra,Akola,2.5,1.5,600.0,522.0,500.0,420.0,480.6666666666667,0.14942528735632177,2.3,584.7272727272727,3.7,8.49,6.4,1.72,20.31,23.45
114,2001,7,Maharashtra,Akola,2.3,0.8,348.0,600.0,522.0,500.0,540.6666666666666,-0.42000000000000004,2.5,515.7272727272727,6.91,4.68,6.33,3.65,21.57,28.69
114,2002,7,Maharashtra,Akola,2.4,1.6,667.0,348.0,600.0,522.0,490.0,0.9166666666666667,2.3,676.7727272727273,8.32,2.57,9.59,2.59,23.07,26.11
114,2003,7,Maharashtra,Akola,1.9,0.9,474.0,667.0,348.0,600.0,538.3333333333334,-0.28935532233883055,2.4,582.6363636363636,7.97,9.47,7.66,5.17,30.270000000000003,33.62
114,2004,7,Maharashtra,Akola,1.4,0.6,429.0,474.0,667.0,348.0,496.3333333333333,-0.09493670886075944,1.9,622.1363636363636,3.07,6.79,4.56,3.32,17.74,21.41
114,2005,7,Maharashtra,Akola,1.4,0.7,500.0,429.0,474.0,667.0,523.3333333333334,0.16550116550116556,1.4,596.3181818181819,3.18,10.13,5.7,7.97,26.98,32.550000000000004
114,2006,7,Maharashtra,Akola,1.1,0.6,545.0,500.0,429.0,474.0,467.6666666666667,0.09000000000000008,1.4,632.8571428571429,4.73,10.55,13.64,8.71,37.63,43.88
114,2007,7,Maharashtra,Akola,0.9,0.49,544.0,545.0,500.0,429.0,491.3333333333333,-0.0018348623853210455,1.1,736.9090909090909,5.05,7.48,7.07,7.37,26.97,28.07
114,2008,7,Maharashtra,Akola,0.9,0.5,556.0,544.0,545.0,500.0,529.6666666666666,0.022058823529411686,0.9,642.4545454545455,4.38,4.76,5.41,7.8,22.35,24.03
114,2009,7,Maharashtra,Akola,0.6,0.43,717.0,556.0,544.0,545.0,548.3333333333334,0.289568345323741,0.9,685.7142857142857,4.91,9.35,4.5,2.84,21.6,28.6
114,2010,7,Maharashtra,Akola,0.6,0.3,500.0,717.0,556.0,544.0,605.6666666666666,-0.302649930264993,0.6,847.1428571428571,5.13,10.78,12.84,5.76,34.51,38.91
114,2011,7,Maharashtra,Akola,0.5,0.3,600.0,500.0,717.0,556.0,591.0,0.19999999999999996,0.6,833.2380952380952,4.47,7.66,6.92,6.55,25.6,27.63
114,2012,7,Maharashtra,Akola,0.5,0.32,640.0,600.0,500.0,717.0,605.6666666666666,0.06666666666666665,0.5,665.85,4.58,11.41,5.71,8.15,29.85,31.56
114,2013,7,Maharashtra,Akola,0.2,0.1,500.0,640.0,600.0,500.0,580.0,-0.21875,0.5,844.578947368421,11.78,13.79,6.07,4.18,35.82,40.73
114,2014,7,Maharashtra,Akola,0.3,0.1,333.0,500.0,640.0,600.0,580.0,-0.33399999999999996,0.2,504.88235294117646,1.26,11.29,3.93,5.18,21.66,25.75
114,2016,7,Maharashtra,Akola,0.1,0.04,360.0,333.0,500.0,640.0,491.0,0.08108108108108114,0.3,650.1818181818181,4.98,16.05,5.31,4.91,31.25,34.15
114,2017,7,Maharashtra,Akola,0.1,0.05,450.0,360.0,333.0,500.0,397.6666666666667,0.25,0.1,609.0952380952381,4.62,6.97,5.24,4.22,21.05,24.36
114,2018,7,Maharashtra,Akola,0.14,0.02,146.0,450.0,360.0,333.0,381.0,-0.6755555555555556,0.1,423.63157894736844,7.79,7.65,5.84,3.06,24.34,25.86
114,2019,7,Maharashtra,Akola,0.08,0.02,231.0,146.0,450.0,360.0,318.6666666666667,0.5821917808219179,0.14,578.837,3.31,9.44,8.37,8.49,29.61,33.01
117,1993,7,Maharashtra,Wardha,0.4,0.3,750.0,500.0,250.0,429.0,393.0,0.5,0.6,750.1904761904761,6.69,11.96,5.92,9.32,33.89,40.09
117,1994,7,Maharashtra,Wardha,0.2,0.1,500.0,750.0,500.0,250.0,500.0,-0.33333333333333337,0.4,660.3636363636364,5.64,14.02,10.93,8.17,38.76,44.3
117,1995,7,Maharashtra,Wardha,0.2,0.1,500.0,500.0,750.0,500.0,583.3333333333334,0.0,0.2,632.1904761904761,3.58,11.37,5.44,8.09,28.48,33.74
117,1996,7,Maharashtra,Wardha,0.2,0.2,1000.0,500.0,500.0,750.0,583.3333333333334,1.0,0.2,856.9545454545455,0.99,7.41,7.21,5.17,20.78,25.71
117,1997,7,Maharashtra,Wardha,0.2,0.1,500.0,1000.0,500.0,500.0,666.6666666666666,-0.5,0.2,597.0434782608696,4.29,6.32,7.84,4.22,22.67,32.39
117,1998,7,Maharashtra,Wardha,0.1,0.1,1000.0,500.0,1000.0,500.0,666.6666666666666,1.0,0.2,740.7916666666666,3.83,7.34,7.94,6.75,25.86,33.43
117,1999,7,Maharashtra,Wardha,0.1,0.1,1000.0,1000.0,500.0,1000.0,833.3333333333334,0.0,0.1,649.28,4.57,7.07,9.15,7.6,28.39,33.980000000000004
118,1996,7,Maharashtra,Nagpur,0.2,0.2,1000.0,1000.0,500.0,500.0,666.6666666666666,0.0,0.1,856.9545454545455,0.97,8.8,8.54,4.84,23.15,28.83
118,1997,7,Maharashtra,Nagpur,0.1,0.1,1000.0,1000.0,1000.0,500.0,833.3333333333334,0.0,0.2,597.0434782608696,3.43,8.05,9.19,5.51,26.18,36.32
118,1998,7,Maharashtra,Nagpur,0.1,0.1,1000.0,1000.0,1000.0,1000.0,1000.0,0.0,0.1,740.7916666666666,3.81,7.26,9.74,6.8,27.610000000000003,36.41
118,1999,7,Maharashtra,Nagpur,0.1,0.1,1000.0,1000.0,1000.0,1000.0,1000.0,0.0,0.1,649.28,4.33,8.52,11.28,8.46,32.59,38.19
121,1993,3,Gujarat,Ahmedabad,57.0,30.1,528.0,1478.0,460.0,805.0,914.3333333333334,-0.6427604871447903,62.6,692.0588235294117,0.57,12.97,1.75,3.01,18.3,19.29
121,1994,3,Gujarat,Ahmedabad,53.0,36.0,679.0,528.0,1478.0,460.0,822.0,0.2859848484848484,57.0,1062.4705882352941,3.28,13.19,8.94,12.01,37.42,37.68
121,1995,3,Gujarat,Ahmedabad,55.4,50.6,913.0,679.0,528.0,1478.0,895.0,0.34462444771723133,53.0,990.3529411764706,0.38,6.63,2.38,1.98,11.37,11.88
121,1996,3,Gujarat,Ahmedabad,49.4,68.9,1395.0,913.0,679.0,528.0,706.6666666666666,0.5279299014238774,55.4,1330.125,2.78,9.38,6.71,2.01,20.880000000000003,21.94
121,1997,3,Gujarat,Ahmedabad,49.1,60.1,1224.0,1395.0,913.0,679.0,995.6666666666666,-0.1225806451612903,49.4,1369.6470588235295,17.31,4.0,8.28,2.8,32.38999999999999,33.239999999999995
121,1998,3,Gujarat,Ahmedabad,50.9,64.7,1271.0,1224.0,1395.0,913.0,1177.3333333333333,0.0383986928104576,49.1,1224.1176470588234,3.28,10.07,5.67,4.05,23.07,24.72
121,1999,3,Gujarat,Ahmedabad,48.3,54.1,1120.0,1271.0,1224.0,1395.0,1296.6666666666667,-0.11880409126671909,50.9,914.5294117647059,3.03,7.57,0.59,1.21,12.4,14.36
121,2000,3,Gujarat,Ahmedabad,30.5,27.0,885.0,1120.0,1271.0,1224.0,1205.0,-0.2098214285714286,48.3,935.5909090909091,1.54,11.07,3.25,0.16,16.02,17.79
121,2001,3,Gujarat,Ahmedabad,29.7,35.8,1205.0,885.0,1120.0,1271.0,1092.0,0.3615819209039548,30.5,1448.6666666666667,4.24,5.5,3.71,0.21,13.66,15.62
121,2002,3,Gujarat,Ahmedabad,37.8,40.4,1069.0,1205.0,885.0,1120.0,1070.0,-0.11286307053941913,29.7,1155.590909090909,4.38,1.6,3.79,1.83,11.6,12.01
121,2003,3,Gujarat,Ahmedabad,31.3,36.1,1153.0,1069.0,1205.0,885.0,1053.0,0.0785781103835359,37.8,1547.4545454545455,4.6,10.03,12.57,0.98,28.18,28.99
121,2004,3,Gujarat,Ahmedabad,14.7,19.5,1327.0,1153.0,1069.0,1205.0,1142.3333333333333,0.15091066782307028,31.3,1259.3181818181818,3.52,7.2,12.0,0.92,23.64,24.77
121,2005,3,Gujarat,Ahmedabad,22.2,22.8,1027.0,1327.0,1153.0,1069.0,1183.0,-0.22607385079125852,14.7,1396.1363636363637,10.06,6.52,4.84,10.15,31.57,31.69
121,2006,3,Gujarat,Ahmedabad,24.6,19.1,776.0,1027.0,1327.0,1153.0,1169.0,-0.24440116845180138,22.2,1213.952380952381,4.52,10.62,12.35,4.42,31.91,32.1
121,2007,3,Gujarat,Ahmedabad,22.4,22.1,987.0,776.0,1027.0,1327.0,1043.3333333333333,0.2719072164948453,24.6,1595.952380952381,3.81,12.81,13.23,3.37,33.22,33.58
121,2008,3,Gujarat,Ahmedabad,16.4,24.4,1488.0,987.0,776.0,1027.0,930.0,0.5075987841945289,22.4,1624.4761904761904,2.39,4.05,8.45,4.99,19.88,20.26
121,2009,3,Gujarat,Ahmedabad,13.6,17.2,1265.0,1488.0,987.0,776.0,1083.6666666666667,-0.1498655913978495,16.4,1447.090909090909,0.32,10.51,4.88,0.76,16.470000000000002,18.76
121,2010,3,Gujarat,Ahmedabad,14.6,23.0,1575.0,1265.0,1488.0,987.0,1246.6666666666667,0.24505928853754932,13.6,1734.9545454545455,2.14,13.05,15.14,4.66,34.99,37.38
121,2011,3,Gujarat,Ahmedabad,16.4,27.1,1652.0,1575.0,1265.0,1488.0,1442.6666666666667,0.04888888888888898,14.6,1943.95,0.51,9.3,9.78,3.84,23.43,23.44
121,2012,3,Gujarat,Ahmedabad,2.6,4.5,1731.0,1652.0,1575.0,1265.0,1497.3333333333333,0.04782082324455206,16.4,1657.095238095238,1.15,2.5,6.08,8.07,17.8,17.9
121,2013,3,Gujarat,Ahmedabad,3.01,5.49,1824.0,1731.0,1652.0,1575.0,1652.6666666666667,0.05372616984402079,2.6,2143.2727272727275,4.61,12.72,5.23,8.55,31.110000000000003,32.65
121,2014,3,Gujarat,Ahmedabad,2.9,5.13,1769.0,1824.0,1731.0,1652.0,1735.6666666666667,-0.030153508771929793,3.01,2152.9666666666667,0.1,15.32,3.52,5.49,24.43,25.21
121,2015,3,Gujarat,Ahmedabad,1.34,2.6,1940.0,1769.0,1824.0,1731.0,1774.6666666666667,0.09666478236291698,2.9,2088.689655172414,5.4,9.68,1.38,3.32,19.78,21.53
121,2016,3,Gujarat,Ahmedabad,1.65,4.44,2696.0,1940.0,1769.0,1824.0,1844.3333333333333,0.3896907216494845,1.34,2088.7586206896553,0.61,4.89,8.25,2.53,16.28,17.9
121,2017,3,Gujarat,Ahmedabad,1.96,4.57,2332.0,2696.0,1940.0,1769.0,2135.0,-0.13501483679525228,1.65,2351.5172413793102,3.23,17.45,4.67,2.2,27.55,27.95
121,2018,3,Gujarat,Ahmedabad,2.41,5.13,2126.0,2332.0,2696.0,1940.0,2322.6666666666665,-0.08833619210977706,1.96,2204.777777777778,0.75,7.25,6.02,1.44,15.46,15.46
121,2019,3,Gujarat,Ahmedabad,1.31,4.05,3099.0,2126.0,2332.0,2696.0,2384.6666666666665,0.45766698024459074,2.41,2517.0666666666666,2.97,5.34,12.89,9.53,30.730000000000004,31.93
122,1993,3,Gujarat,Amreli,49.7,33.0,664.0,2109.0,1063.0,1136.0,1436.0,-0.6851588430535799,60.7,692.0588235294117,1.35,5.56,0.9,3.71,11.52,13.34
122,1994,3,Gujarat,Amreli,50.0,75.0,1500.0,664.0,2109.0,1063.0,1278.6666666666667,1.2590361445783134,49.7,1062.4705882352941,4.57,14.46,3.25,5.63,27.91,28.18
122,1995,3,Gujarat,Amreli,52.4,79.6,1519.0,1500.0,664.0,2109.0,1424.3333333333333,0.012666666666666604,50.0,990.3529411764706,0.57,9.16,1.63,1.71,13.07,13.32
122,1996,3,Gujarat,Amreli,51.7,108.1,2091.0,1519.0,1500.0,664.0,1227.6666666666667,0.3765635286372613,52.4,1330.125,3.5,9.82,2.5,0.6,16.42,19.34
122,1997,3,Gujarat,Amreli,50.3,100.7,2002.0,2091.0,1519.0,1500.0,1703.3333333333333,-0.042563366810138725,51.7,1369.6470588235295,10.46,4.43,4.06,3.56,22.51,23.31
122,1998,3,Gujarat,Amreli,55.7,106.5,1912.0,2002.0,2091.0,1519.0,1870.6666666666667,-0.04495504495504499,50.3,1224.1176470588234,4.46,4.68,4.67,3.52,17.330000000000002,20.92
122,1999,3,Gujarat,Amreli,49.0,52.4,1069.0,1912.0,2002.0,2091.0,2001.6666666666667,-0.4408995815899581,55.7,914.5294117647059,2.97,2.71,0.76,1.72,8.16,10.49
122,2000,3,Gujarat,Amreli,42.6,31.0,728.0,1069.0,1912.0,2002.0,1661.0,-0.3189897100093545,49.0,935.5909090909091,0.63,7.82,2.51,0.18,11.14,11.78
122,2001,3,Gujarat,Amreli,46.1,87.6,1900.0,728.0,1069.0,1912.0,1236.3333333333333,1.60989010989011,42.6,1448.6666666666667,4.4,5.41,4.07,0.66,14.54,15.97
122,2002,3,Gujarat,Amreli,50.5,93.6,1853.0,1900.0,728.0,1069.0,1232.3333333333333,-0.024736842105263168,46.1,1155.590909090909,6.2,0.82,6.14,0.74,13.9,14.02
122,2003,3,Gujarat,Amreli,31.7,63.1,1991.0,1853.0,1900.0,728.0,1493.6666666666667,0.0744738262277389,50.5,1547.4545454545455,6.31,10.62,8.56,1.84,27.33,28.24
122,2004,3,Gujarat,Amreli,34.4,42.7,1241.0,1991.0,1853.0,1900.0,1914.6666666666667,-0.37669512807634353,31.7,1259.3181818181818,5.15,8.35,11.43,0.86,25.79,27.38
122,2005,3,Gujarat,Amreli,32.2,56.4,1752.0,1241.0,1991.0,1853.0,1695.0,0.41176470588235303,34.4,1396.1363636363637,12.53,4.99,3.8,7.64,28.96,29.09
122,2006,3,Gujarat,Amreli,24.3,40.0,1646.0,1752.0,1241.0,1991.0,1661.3333333333333,-0.060502283105022814,32.2,1213.952380952381,5.26,12.93,5.56,3.3,27.05,27.45
122,2007,3,Gujarat,Amreli,16.7,28.0,1677.0,1646.0,1752.0,1241.0,1546.3333333333333,0.01883353584447134,24.3,1595.952380952381,5.41,7.77,20.48,7.14,40.8,41.22
122,2008,3,Gujarat,Amreli,14.8,26.6,1797.0,1677.0,1646.0,1752.0,1691.6666666666667,0.07155635062611809,16.7,1624.4761904761904,4.82,7.84,5.61,8.11,26.38,26.56
122,2009,3,Gujarat,Amreli,9.5,7.6,800.0,1797.0,1677.0,1646.0,1706.6666666666667,-0.5548135781858654,14.8,1447.090909090909,2.18,18.93,3.81,0.7,25.62,26.67
122,2010,3,Gujarat,Amreli,10.6,19.3,1821.0,800.0,1797.0,1677.0,1424.6666666666667,1.27625,9.5,1734.9545454545455,2.4,13.9,14.1,6.77,37.17,41.18
122,2011,3,Gujarat,Amreli,7.9,12.5,1582.0,1821.0,800.0,1797.0,1472.6666666666667,-0.1312465678198792,10.6,1943.95,0.8,10.71,8.75,5.73,25.99,26.01
122,2012,3,Gujarat,Amreli,4.5,1.9,422.0,1582.0,1821.0,800.0,1401.0,-0.7332490518331226,7.9,1657.095238095238,1.21,2.65,1.9,7.64,13.4,13.54
122,2013,3,Gujarat,Amreli,4.89,10.03,2051.0,422.0,1582.0,1821.0,1275.0,3.8601895734597154,4.5,2143.2727272727275,9.36,9.2,4.38,11.96,34.9,36.63
122,2014,3,Gujarat,Amreli,4.35,8.61,1979.0,2051.0,422.0,1582.0,1351.6666666666667,-0.03510482691370065,4.89,2152.9666666666667,1.1,9.08,4.46,3.69,18.33,19.2
122,2015,3,Gujarat,Amreli,2.71,6.4,2362.0,1979.0,2051.0,422.0,1484.0,0.19353208691258206,4.35,2088.689655172414,9.68,5.74,0.58,5.0,21.0,21.7
122,2016,3,Gujarat,Amreli,3.58,7.79,2174.0,2362.0,1979.0,2051.0,2130.6666666666665,-0.07959356477561386,2.71,2088.7586206896553,1.75,6.77,4.96,5.46,18.94,21.1
122,2017,3,Gujarat,Amreli,3.8,7.95,2095.0,2174.0,2362.0,1979.0,2171.6666666666665,-0.03633854645814172,3.58,2351.5172413793102,3.92,12.32,6.32,2.4,24.96,26.17
122,2018,3,Gujarat,Amreli,3.9,5.77,1480.0,2095.0,2174.0,2362.0,2210.3333333333335,-0.2935560859188544,3.8,2204.777777777778,1.36,13.9,2.88,0.74,18.88,18.96
122,2019,3,Gujarat,Amreli,6.2,16.39,2645.0,1480.0,2095.0,2174.0,1916.3333333333333,0.7871621621621621,3.9,2517.0666666666666,4.89,5.05,10.42,12.04,32.4,34.69
123,1993,3,Gujarat,Banaskantha,348.3,130.9,376.0,662.0,303.0,723.0,562.6666666666666,-0.43202416918429,338.6,692.0588235294117,1.13,11.52,1.07,2.56,16.279999999999998,17.18
123,1994,3,Gujarat,Banaskantha,353.0,223.0,632.0,376.0,662.0,303.0,447.0,0.6808510638297873,348.3,1062.4705882352941,1.76,9.44,8.77,8.98,28.95,29.46
123,1995,3,Gujarat,Banaskantha,346.7,178.6,515.0,632.0,376.0,662.0,556.6666666666666,-0.185126582278481,353.0,990.3529411764706,0.42,4.63,2.04,1.18,8.27,9.07
123,1996,3,Gujarat,Banaskantha,222.1,143.5,646.0,515.0,632.0,376.0,507.6666666666667,0.2543689320388349,346.7,1330.125,3.85,7.27,5.54,1.4,18.06,19.21
123,1997,3,Gujarat,Banaskantha,343.8,281.1,818.0,646.0,515.0,632.0,597.6666666666666,0.2662538699690402,222.1,1369.6470588235295,10.65,3.28,7.93,2.48,24.34,25.55
123,1998,3,Gujarat,Banaskantha,344.2,275.9,802.0,818.0,646.0,515.0,659.6666666666666,-0.019559902200488977,343.8,1224.1176470588234,3.42,6.5,4.2,4.37,18.49,19.66
123,1999,3,Gujarat,Banaskantha,343.4,216.4,630.0,802.0,818.0,646.0,755.3333333333334,-0.21446384039900246,344.2,914.5294117647059,2.39,6.2,0.65,0.55,9.79,11.24
123,2000,3,Gujarat,Banaskantha,309.0,207.6,672.0,630.0,802.0,818.0,750.0,0.06666666666666665,343.4,935.5909090909091,1.02,9.0,1.89,0.1,12.01,13.42
123,2001,3,Gujarat,Banaskantha,317.1,294.5,929.0,672.0,630.0,802.0,701.3333333333334,0.3824404761904763,309.0,1448.6666666666667,2.7,4.5,3.49,0.32,11.010000000000002,12.31
123,2002,3,Gujarat,Banaskantha,322.0,192.5,598.0,929.0,672.0,630.0,743.6666666666666,-0.356297093649085,317.1,1155.590909090909,2.27,0.56,2.5,1.26,6.59,6.94
123,2003,3,Gujarat,Banaskantha,278.8,406.8,1459.0,598.0,929.0,672.0,733.0,1.439799331103679,322.0,1547.4545454545455,2.07,9.57,6.23,0.68,18.55,19.14
123,2004,3,Gujarat,Banaskantha,237.9,239.7,1008.0,1459.0,598.0,929.0,995.3333333333334,-0.3091158327621659,278.8,1259.3181818181818,1.96,5.41,7.23,1.41,16.01,16.830000000000002
123,2005,3,Gujarat,Banaskantha,274.7,313.9,1143.0,1008.0,1459.0,598.0,1021.6666666666666,0.1339285714285714,237.9,1396.1363636363637,3.76,3.72,3.34,5.74,16.560000000000002,17.5
123,2006,3,Gujarat,Banaskantha,274.6,216.5,788.0,1143.0,1008.0,1459.0,1203.3333333333333,-0.310586176727909,274.7,1213.952380952381,3.66,6.44,15.75,3.19,29.040000000000003,29.38
123,2007,3,Gujarat,Banaskantha,269.1,345.2,1283.0,788.0,1143.0,1008.0,979.6666666666666,0.6281725888324874,274.6,1595.952380952381,2.7,6.72,6.93,1.49,17.84,18.95
123,2008,3,Gujarat,Banaskantha,204.8,205.6,1004.0,1283.0,788.0,1143.0,1071.3333333333333,-0.21745908028059235,269.1,1624.4761904761904,2.05,4.68,6.37,2.59,15.69,16.62
123,2009,3,Gujarat,Banaskantha,180.1,168.8,937.0,1004.0,1283.0,788.0,1025.0,-0.06673306772908372,204.8,1447.090909090909,1.26,8.39,3.71,0.49,13.85,15.37
123,2010,3,Gujarat,Banaskantha,294.0,488.3,1661.0,937.0,1004.0,1283.0,1074.6666666666667,0.7726787620064035,180.1,1734.9545454545455,1.64,9.3,9.51,6.17,26.620000000000005,28.75
123,2011,3,Gujarat,Banaskantha,280.6,490.8,1749.0,1661.0,937.0,1004.0,1200.6666666666667,0.052980132450331174,294.0,1943.95,0.52,5.64,10.35,5.0,21.51,21.71
123,2012,3,Gujarat,Banaskantha,236.2,428.9,1816.0,1749.0,1661.0,937.0,1449.0,0.038307604345340085,280.6,1657.095238095238,0.43,3.63,8.17,8.89,21.12,21.45
123,2013,3,Gujarat,Banaskantha,266.23,525.56,1974.0,1816.0,1749.0,1661.0,1742.0,0.08700440528634368,236.2,2143.2727272727275,2.65,9.53,3.99,4.57,20.74,22.16
123,2014,3,Gujarat,Banaskantha,186.56,428.38,2296.0,1974.0,1816.0,1749.0,1846.3333333333333,0.16312056737588643,266.23,2152.9666666666667,0.33,9.18,2.63,5.39,17.53,18.69
123,2015,3,Gujarat,Banaskantha,159.09,373.07,2345.0,2296.0,1974.0,1816.0,2028.6666666666667,0.021341463414634054,186.56,2088.689655172414,3.19,8.66,4.14,1.71,17.7,19.08
123,2016,3,Gujarat,Banaskantha,199.66,419.71,2102.0,2345.0,2296.0,1974.0,2205.0,-0.10362473347547974,159.09,2088.7586206896553,0.83,8.14,13.3,0.55,22.820000000000004,24.53
123,2017,3,Gujarat,Banaskantha,162.97,438.07,2688.0,2102.0,2345.0,2296.0,2247.6666666666665,0.27878211227402483,199.66,2351.5172413793102,2.9,22.47,4.09,1.29,30.75,31.52
123,2018,3,Gujarat,Banaskantha,210.26,452.91,2154.0,2688.0,2102.0,2345.0,2378.3333333333335,-0.1986607142857143,162.97,2204.777777777778,2.83,6.17,3.79,1.73,14.52,14.54
123,2019,3,Gujarat,Banaskantha,254.57,618.18,2428.0,2154.0,2688.0,2102.0,2314.6666666666665,0.1272051996285979,210.26,2517.0666666666666,2.2,5.71,13.93,5.42,27.26,29.12
124,1993,3,Gujarat,Bharuch,7.7,4.3,558.0,1211.0,521.0,833.0,855.0,-0.5392237819983485,7.1,692.0588235294117,0.87,12.52,4.5,7.72,25.61,28.13
124,1994,3,Gujarat,Bharuch,7.0,6.0,857.0,558.0,1211.0,521.0,763.3333333333334,0.5358422939068099,7.7,1062.4705882352941,14.4,21.41,6.5,5.86,48.17,48.97
124,1995,3,Gujarat,Bharuch,7.4,6.0,811.0,857.0,558.0,1211.0,875.3333333333334,-0.0536756126021003,7.0,990.3529411764706,0.36,24.19,3.07,4.65,32.27,33.07
124,1996,3,Gujarat,Bharuch,4.6,5.5,1196.0,811.0,857.0,558.0,742.0,0.47472256473489516,7.4,1330.125,4.01,20.06,5.89,1.72,31.68,33.71
124,1997,3,Gujarat,Bharuch,5.3,6.7,1264.0,1196.0,811.0,857.0,954.6666666666666,0.05685618729096986,4.6,1369.6470588235295,21.68,6.65,9.73,2.76,40.82,41.66
124,1998,3,Gujarat,Bharuch,5.4,5.8,1074.0,1264.0,1196.0,811.0,1090.3333333333333,-0.15031645569620256,5.3,1224.1176470588234,2.78,14.93,9.48,9.63,36.82,41.25
124,1999,3,Gujarat,Bharuch,5.9,4.7,797.0,1074.0,1264.0,1196.0,1178.0,-0.25791433891992555,5.4,914.5294117647059,3.46,8.66,2.0,2.92,17.04,21.92
124,2000,3,Gujarat,Bharuch,3.2,2.5,781.0,797.0,1074.0,1264.0,1045.0,-0.020075282308657516,5.9,935.5909090909091,0.95,9.62,3.93,0.26,14.759999999999998,15.56
124,2001,3,Gujarat,Bharuch,3.2,4.3,1344.0,781.0,797.0,1074.0,884.0,0.7208706786171575,3.2,1448.6666666666667,9.46,9.61,6.83,0.31,26.21,29.5
124,2002,3,Gujarat,Bharuch,2.5,2.2,880.0,1344.0,781.0,797.0,974.0,-0.34523809523809523,3.2,1155.590909090909,12.89,2.44,12.41,3.23,30.97,31.24
124,2003,3,Gujarat,Bharuch,3.2,4.5,1406.0,880.0,1344.0,781.0,1001.6666666666666,0.5977272727272727,2.5,1547.4545454545455,13.49,19.75,11.52,6.37,51.13,53.52
124,2004,3,Gujarat,Bharuch,3.3,3.7,1121.0,1406.0,880.0,1344.0,1210.0,-0.20270270270270274,3.2,1259.3181818181818,10.8,17.91,22.4,1.71,52.82,54.19
124,2005,3,Gujarat,Bharuch,3.9,4.7,1205.0,1121.0,1406.0,880.0,1135.6666666666667,0.07493309545049054,3.3,1396.1363636363637,29.26,13.02,8.67,13.57,64.52000000000001,65.19
124,2006,3,Gujarat,Bharuch,2.5,2.3,920.0,1205.0,1121.0,1406.0,1244.0,-0.2365145228215768,3.9,1213.952380952381,9.36,23.54,16.11,4.34,53.35,54.75
124,2007,3,Gujarat,Bharuch,0.5,1.1,2200.0,920.0,1205.0,1121.0,1082.0,1.391304347826087,2.5,1595.952380952381,6.47,13.67,22.53,10.6,53.27,53.84
124,2008,3,Gujarat,Bharuch,0.7,1.7,2429.0,2200.0,920.0,1205.0,1441.6666666666667,0.10409090909090901,0.5,1624.4761904761904,10.49,11.95,12.44,8.9,43.78,44.19
124,2009,3,Gujarat,Bharuch,0.5,1.0,2000.0,2429.0,2200.0,920.0,1849.6666666666667,-0.1766158913132977,0.7,1447.090909090909,1.49,27.7,6.85,3.3,39.34,42.53
124,2010,3,Gujarat,Bharuch,2.3,4.7,2043.0,2000.0,2429.0,2200.0,2209.6666666666665,0.021500000000000075,0.5,1734.9545454545455,4.5,17.78,13.5,13.1,48.88,54.97
124,2011,3,Gujarat,Bharuch,2.9,6.2,2138.0,2043.0,2000.0,2429.0,2157.3333333333335,0.04650024473813019,2.3,1943.95,1.77,12.61,15.73,8.58,38.69,38.92
124,2012,3,Gujarat,Bharuch,0.8,1.5,1875.0,2138.0,2043.0,2000.0,2060.3333333333335,-0.12301216089803557,2.9,1657.095238095238,2.67,5.88,4.72,14.65,27.92,28.63
124,2013,3,Gujarat,Bharuch,0.57,1.38,2421.0,1875.0,2138.0,2043.0,2018.6666666666667,0.2911999999999999,0.8,2143.2727272727275,21.23,20.9,9.61,9.17,60.91,62.45
124,2014,3,Gujarat,Bharuch,0.44,0.77,1750.0,2421.0,1875.0,2138.0,2144.6666666666665,-0.2771581990912846,0.57,2152.9666666666667,0.71,16.87,6.47,7.26,31.31,32.5
124,2015,3,Gujarat,Bharuch,0.32,0.63,1969.0,1750.0,2421.0,1875.0,2015.3333333333333,0.12514285714285722,0.44,2088.689655172414,15.38,6.69,2.16,13.18,37.41,38.51
124,2016,3,Gujarat,Bharuch,0.23,0.22,943.0,1969.0,1750.0,2421.0,2046.6666666666667,-0.521076688674454,0.32,2088.7586206896553,2.76,13.42,8.04,6.65,30.87,33.75
124,2017,3,Gujarat,Bharuch,0.36,0.67,1853.0,943.0,1969.0,1750.0,1554.0,0.9650053022269354,0.23,2351.5172413793102,7.17,15.61,10.36,2.63,35.77,37.25
124,2018,3,Gujarat,Bharuch,0.22,0.64,2914.0,1853.0,943.0,1969.0,1588.3333333333333,0.572584997301673,0.36,2204.777777777778,4.27,21.9,6.18,1.86,34.209999999999994,34.25
124,2019,3,Gujarat,Bharuch,0.26,0.72,2786.0,2914.0,1853.0,943.0,1903.3333333333333,-0.04392587508579271,0.22,2517.0666666666666,9.57,14.22,16.64,14.29,54.72,57.34
125,1993,3,Gujarat,Vadodara,16.4,23.9,1457.0,1333.0,978.0,1021.0,1110.6666666666667,0.09302325581395343,16.5,692.0588235294117,0.66,15.4,2.88,4.35,23.29,24.44
125,1994,3,Gujarat,Vadodara,15.0,17.0,1133.0,1457.0,1333.0,978.0,1256.0,-0.22237474262182566,16.4,1062.4705882352941,6.2,15.5,9.88,11.8,43.38,43.83
125,1995,3,Gujarat,Vadodara,17.9,22.1,1235.0,1133.0,1457.0,1333.0,1307.6666666666667,0.09002647837599298,15.0,990.3529411764706,0.42,11.7,2.98,2.99,18.09,18.81
125,1996,3,Gujarat,Vadodara,15.6,23.7,1519.0,1235.0,1133.0,1457.0,1275.0,0.22995951417004057,17.9,1330.125,3.15,13.28,7.68,2.36,26.47,27.8
125,1997,3,Gujarat,Vadodara,16.8,25.2,1500.0,1519.0,1235.0,1133.0,1295.6666666666667,-0.012508229098090795,15.6,1369.6470588235295,21.43,6.86,9.98,2.82,41.09,41.97
125,1998,3,Gujarat,Vadodara,17.9,17.5,978.0,1500.0,1519.0,1235.0,1418.0,-0.348,16.8,1224.1176470588234,3.33,12.93,7.21,5.93,29.4,31.57
125,1999,3,Gujarat,Vadodara,17.5,18.3,1046.0,978.0,1500.0,1519.0,1332.3333333333333,0.06952965235173814,17.9,914.5294117647059,3.48,9.5,1.03,1.75,15.76,18.41
125,2000,3,Gujarat,Vadodara,17.5,18.7,1069.0,1046.0,978.0,1500.0,1174.6666666666667,0.02198852772466542,17.5,935.5909090909091,1.72,12.21,3.97,0.18,18.08,19.790000000000003
125,2001,3,Gujarat,Vadodara,17.3,21.4,1237.0,1069.0,1046.0,978.0,1031.0,0.15715622076707203,17.5,1448.6666666666667,5.88,6.93,4.71,0.14,17.66,20.17
125,2002,3,Gujarat,Vadodara,19.2,26.5,1380.0,1237.0,1069.0,1046.0,1117.3333333333333,0.11560226354082448,17.3,1155.590909090909,6.57,2.07,6.5,2.54,17.68,18.2
125,2003,3,Gujarat,Vadodara,14.2,20.2,1423.0,1380.0,1237.0,1069.0,1228.6666666666667,0.031159420289855078,19.2,1547.4545454545455,6.87,11.79,13.65,2.57,34.88,36.28
125,2004,3,Gujarat,Vadodara,10.6,12.6,1189.0,1423.0,1380.0,1237.0,1346.6666666666667,-0.16444132115249477,14.2,1259.3181818181818,5.35,10.83,15.77,1.29,33.24,34.27
125,2005,3,Gujarat,Vadodara,10.9,15.2,1394.0,1189.0,1423.0,1380.0,1330.6666666666667,0.17241379310344818,10.6,1396.1363636363637,15.44,9.03,6.35,12.08,42.9,43.11
125,2006,3,Gujarat,Vadodara,11.6,12.8,1103.0,1394.0,1189.0,1423.0,1335.3333333333333,-0.20875179340028693,10.9,1213.952380952381,6.15,14.28,14.53,4.72,39.68,40.22
125,2007,3,Gujarat,Vadodara,11.3,19.4,1717.0,1103.0,1394.0,1189.0,1228.6666666666667,0.556663644605621,11.6,1595.952380952381,4.36,14.57,16.2,5.02,40.14999999999999,40.51
125,2008,3,Gujarat,Vadodara,11.6,17.1,1474.0,1717.0,1103.0,1394.0,1404.6666666666667,-0.1415259172976121,11.3,1624.4761904761904,4.54,6.28,10.09,5.65,26.56,26.95
125,2009,3,Gujarat,Vadodara,11.8,18.4,1559.0,1474.0,1717.0,1103.0,1431.3333333333333,0.05766621438263231,11.6,1447.090909090909,0.61,15.43,5.86,1.62,23.52,26.43
125,2010,3,Gujarat,Vadodara,16.1,31.9,1981.0,1559.0,1474.0,1717.0,1583.3333333333333,0.2706863373957664,11.8,1734.9545454545455,2.71,14.92,16.11,7.16,40.89999999999999,44.03
125,2011,3,Gujarat,Vadodara,18.3,36.9,2016.0,1981.0,1559.0,1474.0,1671.3333333333333,0.0176678445229681,16.1,1943.95,0.89,10.68,12.45,4.79,28.81,28.84
125,2012,3,Gujarat,Vadodara,13.1,31.5,2405.0,2016.0,1981.0,1559.0,1852.0,0.1929563492063493,18.3,1657.095238095238,1.61,3.86,6.74,10.46,22.67,22.91
125,2013,3,Gujarat,Vadodara,15.74,25.54,1623.0,2405.0,2016.0,1981.0,2134.0,-0.3251559251559252,13.1,2143.2727272727275,8.97,16.91,6.99,8.53,41.400000000000006,43.01
125,2014,3,Gujarat,Vadodara,10.72,19.5,1819.0,1623.0,2405.0,2016.0,2014.6666666666667,0.12076401725200236,15.74,2152.9666666666667,0.22,17.81,4.5,6.69,29.22,30.08
125,2015,3,Gujarat,Vadodara,10.19,18.64,1829.0,1819.0,1623.0,2405.0,1949.0,0.005497526113249052,10.72,2088.689655172414,7.91,9.2,1.31,5.79,24.21,25.82
125,2016,3,Gujarat,Vadodara,13.49,29.88,2214.0,1829.0,1819.0,1623.0,1757.0,0.21049753963914708,10.19,2088.7586206896553,1.19,6.06,8.04,3.75,19.04,20.65
125,2017,3,Gujarat,Vadodara,7.56,16.62,2199.0,2214.0,1829.0,1819.0,1954.0,-0.006775067750677488,13.49,2351.5172413793102,4.55,16.55,6.2,2.1,29.4,29.96
125,2018,3,Gujarat,Vadodara,5.03,10.7,2125.0,2199.0,2214.0,1829.0,2080.6666666666665,-0.03365165984538432,7.56,2204.777777777778,1.34,11.53,6.28,1.37,20.52,20.52
125,2019,3,Gujarat,Vadodara,5.18,12.41,2393.0,2125.0,2199.0,2214.0,2179.3333333333335,0.12611764705882345,5.03,2517.0666666666666,4.73,8.7,15.94,10.71,40.08,41.66
126,1993,3,Gujarat,Bhavnagar,119.6,91.8,768.0,2129.0,847.0,852.0,1276.0,-0.6392672616251762,138.3,692.0588235294117,1.04,6.82,1.11,3.96,12.93,14.74
126,1994,3,Gujarat,Bhavnagar,117.0,176.0,1504.0,768.0,2129.0,847.0,1248.0,0.9583333333333333,119.6,1062.4705882352941,4.66,15.99,4.0,6.25,30.9,31.16
126,1995,3,Gujarat,Bhavnagar,113.5,150.8,1329.0,1504.0,768.0,2129.0,1467.0,-0.11635638297872342,117.0,990.3529411764706,0.67,8.43,1.63,1.79,12.52,12.85
126,1996,3,Gujarat,Bhavnagar,116.9,215.7,1845.0,1329.0,1504.0,768.0,1200.3333333333333,0.38826185101580135,113.5,1330.125,3.35,9.09,3.32,0.76,16.52,18.58
126,1997,3,Gujarat,Bhavnagar,101.1,199.2,1970.0,1845.0,1329.0,1504.0,1559.3333333333333,0.0677506775067751,116.9,1369.6470588235295,12.47,3.19,4.68,3.25,23.59,24.41
126,1998,3,Gujarat,Bhavnagar,96.3,165.7,1721.0,1970.0,1845.0,1329.0,1714.6666666666667,-0.12639593908629443,101.1,1224.1176470588234,3.41,5.95,5.04,4.29,18.69,22.0
126,1999,3,Gujarat,Bhavnagar,92.8,62.5,673.0,1721.0,1970.0,1845.0,1845.3333333333333,-0.6089482858803021,96.3,914.5294117647059,2.42,3.43,0.73,1.87,8.45,11.08
126,2000,3,Gujarat,Bhavnagar,84.5,52.2,618.0,673.0,1721.0,1970.0,1454.6666666666667,-0.08172362555720658,92.8,935.5909090909091,0.66,7.26,2.39,0.22,10.53,11.17
126,2001,3,Gujarat,Bhavnagar,68.3,120.2,1760.0,618.0,673.0,1721.0,1004.0,1.8478964401294498,84.5,1448.6666666666667,3.57,4.91,4.21,0.69,13.38,14.85
126,2002,3,Gujarat,Bhavnagar,68.7,139.3,2028.0,1760.0,618.0,673.0,1017.0,0.15227272727272734,68.3,1155.590909090909,6.37,0.89,5.19,1.04,13.489999999999998,13.64
126,2003,3,Gujarat,Bhavnagar,70.0,142.2,2031.0,2028.0,1760.0,618.0,1468.6666666666667,0.0014792899408284654,68.7,1547.4545454545455,6.3,10.58,8.55,1.85,27.28,28.36
126,2004,3,Gujarat,Bhavnagar,65.3,107.6,1648.0,2031.0,2028.0,1760.0,1939.6666666666667,-0.18857705563761695,70.0,1259.3181818181818,5.04,7.94,10.49,0.83,24.3,26.07
126,2005,3,Gujarat,Bhavnagar,61.4,141.9,2311.0,1648.0,2031.0,2028.0,1902.3333333333333,0.4023058252427185,65.3,1396.1363636363637,13.36,5.28,4.31,8.44,31.39,31.54
126,2006,3,Gujarat,Bhavnagar,50.9,116.5,2289.0,2311.0,1648.0,2031.0,1996.6666666666667,-0.009519688446559926,61.4,1213.952380952381,4.7,13.22,6.6,3.56,28.08,28.4
126,2007,3,Gujarat,Bhavnagar,51.2,126.2,2465.0,2289.0,2311.0,1648.0,2082.6666666666665,0.07688947138488422,50.9,1595.952380952381,4.78,9.47,16.27,6.65,37.17,37.65
126,2008,3,Gujarat,Bhavnagar,47.9,109.1,2278.0,2465.0,2289.0,2311.0,2355.0,-0.07586206896551728,51.2,1624.4761904761904,4.86,4.96,6.94,7.69,24.450000000000003,24.69
126,2009,3,Gujarat,Bhavnagar,50.1,85.7,1711.0,2278.0,2465.0,2289.0,2344.0,-0.24890254609306406,47.9,1447.090909090909,1.03,14.7,4.23,0.84,20.8,22.07
126,2010,3,Gujarat,Bhavnagar,50.7,127.2,2509.0,1711.0,2278.0,2465.0,2151.3333333333335,0.46639392168322624,50.1,1734.9545454545455,2.6,13.48,12.83,6.63,35.540000000000006,39.37
126,2011,3,Gujarat,Bhavnagar,52.3,116.8,2233.0,2509.0,1711.0,2278.0,2166.0,-0.11000398565165403,50.7,1943.95,0.59,10.37,8.47,6.24,25.67,25.67
126,2012,3,Gujarat,Bhavnagar,31.0,47.9,1545.0,2233.0,2509.0,1711.0,2151.0,-0.3081056874160323,52.3,1657.095238095238,1.33,2.58,2.45,8.2,14.56,14.65
126,2013,3,Gujarat,Bhavnagar,34.29,87.37,2548.0,1545.0,2233.0,2509.0,2095.6666666666665,0.6491909385113268,31.0,2143.2727272727275,8.79,9.2,4.97,14.19,37.15,39.0
126,2014,3,Gujarat,Bhavnagar,37.38,88.29,2362.0,2548.0,1545.0,2233.0,2108.6666666666665,-0.07299843014128726,34.29,2152.9666666666667,0.44,8.79,3.89,3.84,16.96,17.91
126,2015,3,Gujarat,Bhavnagar,33.76,78.32,2320.0,2362.0,2548.0,1545.0,2151.6666666666665,-0.017781541066892448,37.38,2088.689655172414,9.41,6.44,0.91,6.06,22.82,23.83
126,2016,3,Gujarat,Bhavnagar,34.81,83.21,2390.0,2320.0,2362.0,2548.0,2410.0,0.030172413793103425,33.76,2088.7586206896553,1.07,6.4,5.59,4.92,17.98,19.91
126,2017,3,Gujarat,Bhavnagar,34.26,93.2,2721.0,2390.0,2320.0,2362.0,2357.3333333333335,0.13849372384937242,34.81,2351.5172413793102,3.94,13.55,6.85,2.19,26.530000000000005,27.39
126,2018,3,Gujarat,Bhavnagar,29.26,77.98,2665.0,2721.0,2390.0,2320.0,2477.0,-0.020580668871738372,34.26,2204.777777777778,1.11,10.31,4.34,1.01,16.77,16.81
126,2019,3,Gujarat,Bhavnagar,27.38,73.2,2673.0,2665.0,2721.0,2390.0,2592.0,0.0030018761726078314,29.26,2517.0666666666666,6.91,5.92,12.56,11.55,36.94,38.84
129,1993,3,Gujarat,Jamnagar,71.7,69.0,962.0,1031.0,388.0,261.0,560.0,-0.06692531522793399,77.6,692.0588235294117,0.92,4.78,0.07,1.96,7.73,9.84
129,1994,3,Gujarat,Jamnagar,67.0,74.0,1104.0,962.0,1031.0,388.0,793.6666666666666,0.14760914760914767,71.7,1062.4705882352941,1.33,14.58,2.48,6.57,24.96,25.02
129,1995,3,Gujarat,Jamnagar,54.9,37.7,687.0,1104.0,962.0,1031.0,1032.3333333333333,-0.3777173913043478,67.0,990.3529411764706,0.62,4.14,1.04,0.58,6.38,6.59
129,1996,3,Gujarat,Jamnagar,53.7,53.9,1004.0,687.0,1104.0,962.0,917.6666666666666,0.4614264919941775,54.9,1330.125,3.21,4.79,1.19,0.21,9.4,10.98
129,1997,3,Gujarat,Jamnagar,51.7,66.3,1282.0,1004.0,687.0,1104.0,931.6666666666666,0.27689243027888444,53.7,1369.6470588235295,5.56,2.84,1.97,3.31,13.68,14.72
129,1998,3,Gujarat,Jamnagar,57.4,39.6,690.0,1282.0,1004.0,687.0,991.0,-0.4617784711388455,51.7,1224.1176470588234,4.77,2.86,2.94,1.73,12.3,14.51
129,1999,3,Gujarat,Jamnagar,36.0,10.5,292.0,690.0,1282.0,1004.0,992.0,-0.5768115942028986,57.4,914.5294117647059,1.48,0.69,0.29,1.33,3.79,8.33
129,2000,3,Gujarat,Jamnagar,39.7,29.7,748.0,292.0,690.0,1282.0,754.6666666666666,1.5616438356164384,36.0,935.5909090909091,0.22,6.2,1.3,0.18,7.899999999999999,8.120000000000001
129,2001,3,Gujarat,Jamnagar,40.4,47.5,1176.0,748.0,292.0,690.0,576.6666666666666,0.572192513368984,39.7,1448.6666666666667,2.18,3.52,3.0,0.6,9.3,9.61
129,2002,3,Gujarat,Jamnagar,31.3,8.9,284.0,1176.0,748.0,292.0,738.6666666666666,-0.7585034013605443,40.4,1155.590909090909,4.02,0.19,2.55,0.29,7.05,7.159999999999999
129,2003,3,Gujarat,Jamnagar,36.3,62.2,1713.0,284.0,1176.0,748.0,736.0,5.03169014084507,31.3,1547.4545454545455,3.09,13.12,5.87,0.4,22.48,22.79
129,2004,3,Gujarat,Jamnagar,28.0,34.2,1221.0,1713.0,284.0,1176.0,1057.6666666666667,-0.28721541155866903,36.3,1259.3181818181818,3.06,3.53,6.3,1.02,13.91,15.5
129,2005,3,Gujarat,Jamnagar,22.1,23.3,1054.0,1221.0,1713.0,284.0,1072.6666666666667,-0.13677313677313674,28.0,1396.1363636363637,6.09,2.46,2.29,5.38,16.22,16.36
129,2006,3,Gujarat,Jamnagar,9.6,13.6,1417.0,1054.0,1221.0,1713.0,1329.3333333333333,0.34440227703984827,22.1,1213.952380952381,2.87,10.88,7.85,2.55,24.15,24.26
129,2007,3,Gujarat,Jamnagar,14.8,23.8,1608.0,1417.0,1054.0,1221.0,1230.6666666666667,0.13479181369089632,9.6,1595.952380952381,5.44,7.54,15.51,4.53,33.02,33.730000000000004
129,2008,3,Gujarat,Jamnagar,12.1,18.9,1562.0,1608.0,1417.0,1054.0,1359.6666666666667,-0.028606965174129306,14.8,1624.4761904761904,2.5,3.35,4.69,6.5,17.04,17.45
129,2009,3,Gujarat,Jamnagar,10.9,15.8,1450.0,1562.0,1608.0,1417.0,1529.0,-0.07170294494238161,12.1,1447.090909090909,1.58,11.47,5.33,0.07,18.450000000000003,18.65
129,2010,3,Gujarat,Jamnagar,5.9,7.3,1237.0,1450.0,1562.0,1608.0,1540.0,-0.14689655172413796,10.9,1734.9545454545455,2.44,12.9,14.18,5.07,34.59,39.01
129,2011,3,Gujarat,Jamnagar,3.8,7.4,1947.0,1237.0,1450.0,1562.0,1416.3333333333333,0.5739692805173808,5.9,1943.95,0.18,7.33,9.72,8.71,25.94,25.97
129,2012,3,Gujarat,Jamnagar,0.5,1.1,2200.0,1947.0,1237.0,1450.0,1544.6666666666667,0.12994350282485878,3.8,1657.095238095238,0.55,1.3,0.77,6.96,9.58,9.61
129,2013,3,Gujarat,Jamnagar,1.8,3.15,1750.0,2200.0,1947.0,1237.0,1794.6666666666667,-0.20454545454545459,0.5,2143.2727272727275,3.89,4.3,2.89,14.75,25.83,28.12
129,2014,3,Gujarat,Jamnagar,0.15,0.39,2600.0,1750.0,2200.0,1947.0,1965.6666666666667,0.48571428571428577,1.8,2152.9666666666667,0.52,7.03,3.53,2.3,13.38,14.12
129,2015,3,Gujarat,Jamnagar,0.04,0.11,2750.0,2600.0,1750.0,2200.0,2183.3333333333335,0.05769230769230771,0.15,2088.689655172414,6.79,10.99,0.16,2.39,20.33,20.89
129,2016,3,Gujarat,Jamnagar,0.49,1.11,2245.0,2750.0,2600.0,1750.0,2366.6666666666665,-0.1836363636363636,0.04,2088.7586206896553,1.37,3.59,5.47,0.78,11.21,12.42
129,2017,3,Gujarat,Jamnagar,0.6,1.43,2403.0,2245.0,2750.0,2600.0,2531.6666666666665,0.07037861915367483,0.49,2351.5172413793102,3.6,12.25,5.02,1.07,21.94,22.1
129,2018,3,Gujarat,Jamnagar,0.17,0.24,1399.0,2403.0,2245.0,2750.0,2466.0,-0.41781106949646274,0.6,2204.777777777778,0.61,5.5,3.56,0.48,10.15,10.18
129,2019,3,Gujarat,Jamnagar,0.65,1.85,2831.0,1399.0,2403.0,2245.0,2015.6666666666667,1.023588277340958,0.17,2517.0666666666666,1.49,4.3,10.81,10.95,27.55,29.07
130,1993,3,Gujarat,Junagadh,39.8,38.1,957.0,1678.0,1140.0,1365.0,1394.3333333333333,-0.42967818831942794,47.2,692.0588235294117,1.79,4.85,0.35,3.11,10.1,11.99
130,1994,3,Gujarat,Junagadh,41.0,71.0,1732.0,957.0,1678.0,1140.0,1258.3333333333333,0.8098223615464994,39.8,1062.4705882352941,3.1,14.8,2.92,6.28,27.1,27.25
130,1995,3,Gujarat,Junagadh,38.9,69.7,1792.0,1732.0,957.0,1678.0,1455.6666666666667,0.03464203233256358,41.0,990.3529411764706,0.65,8.34,1.65,1.3,11.94,12.11
130,1996,3,Gujarat,Junagadh,44.6,80.6,1807.0,1792.0,1732.0,957.0,1493.6666666666667,0.00837053571428581,38.9,1330.125,4.03,9.91,1.86,0.43,16.23,19.88
130,1997,3,Gujarat,Junagadh,34.2,71.4,2088.0,1807.0,1792.0,1732.0,1777.0,0.15550636413945762,44.6,1369.6470588235295,8.95,5.68,3.38,4.23,22.24,23.11
130,1998,3,Gujarat,Junagadh,28.7,66.5,2317.0,2088.0,1807.0,1792.0,1895.6666666666667,0.1096743295019158,34.2,1224.1176470588234,6.15,3.19,4.27,2.26,15.87,19.44
130,1999,3,Gujarat,Junagadh,21.6,30.6,1417.0,2317.0,2088.0,1807.0,2070.6666666666665,-0.38843331894691413,28.7,914.5294117647059,3.5,1.94,0.67,1.6,7.709999999999999,9.72
130,2000,3,Gujarat,Junagadh,28.0,46.4,1657.0,1417.0,2317.0,2088.0,1940.6666666666667,0.16937191249117856,21.6,935.5909090909091,0.64,9.23,2.71,0.17,12.750000000000002,13.36
130,2001,3,Gujarat,Junagadh,25.5,57.6,2259.0,1657.0,1417.0,2317.0,1797.0,0.3633071816535909,28.0,1448.6666666666667,4.43,5.8,4.15,0.78,15.16,16.22
130,2002,3,Gujarat,Junagadh,27.1,53.8,1985.0,2259.0,1657.0,1417.0,1777.6666666666667,-0.12129260734838421,25.5,1155.590909090909,5.65,0.65,6.3,0.25,12.85,12.95
130,2003,3,Gujarat,Junagadh,24.5,54.8,2237.0,1985.0,2259.0,1657.0,1967.0,0.1269521410579344,27.1,1547.4545454545455,5.64,11.38,9.39,1.15,27.56,28.0
130,2004,3,Gujarat,Junagadh,21.4,41.9,1958.0,2237.0,1985.0,2259.0,2160.3333333333335,-0.1247206079570854,24.5,1259.3181818181818,4.79,7.99,11.9,0.86,25.54,27.14
130,2005,3,Gujarat,Junagadh,22.8,46.7,2048.0,1958.0,2237.0,1985.0,2060.0,0.04596527068437184,21.4,1396.1363636363637,10.23,4.28,3.21,7.01,24.730000000000004,24.83
130,2006,3,Gujarat,Junagadh,22.4,40.5,1808.0,2048.0,1958.0,2237.0,2081.0,-0.1171875,22.8,1213.952380952381,5.19,12.95,5.13,3.44,26.71,26.95
130,2007,3,Gujarat,Junagadh,18.5,34.1,1843.0,1808.0,2048.0,1958.0,1938.0,0.01935840707964598,22.4,1595.952380952381,6.48,7.33,25.63,7.3,46.74,47.2
130,2008,3,Gujarat,Junagadh,12.9,32.7,2535.0,1843.0,1808.0,2048.0,1899.6666666666667,0.3754747693977212,18.5,1624.4761904761904,4.06,9.88,4.75,9.15,27.840000000000003,28.0
130,2009,3,Gujarat,Junagadh,19.2,36.5,1901.0,2535.0,1843.0,1808.0,2062.0,-0.2500986193293886,12.9,1447.090909090909,3.28,22.51,3.74,0.24,29.77,30.360000000000003
130,2010,3,Gujarat,Junagadh,17.1,32.6,1906.0,1901.0,2535.0,1843.0,2093.0,0.002630194634402949,19.2,1734.9545454545455,2.24,15.83,17.33,6.39,41.79,45.83
130,2011,3,Gujarat,Junagadh,17.3,41.7,2410.0,1906.0,1901.0,2535.0,2114.0,0.2644281217208815,17.1,1943.95,0.82,12.02,9.39,5.84,28.07,28.08
130,2012,3,Gujarat,Junagadh,11.2,13.5,1205.0,2410.0,1906.0,1901.0,2072.3333333333335,-0.5,17.3,1657.095238095238,0.94,2.58,1.49,6.94,11.95,12.04
130,2013,3,Gujarat,Junagadh,18.84,48.63,2581.0,1205.0,2410.0,1906.0,1840.3333333333333,1.141908713692946,11.2,2143.2727272727275,7.95,8.64,3.83,11.5,31.92,33.86
130,2014,3,Gujarat,Junagadh,1.07,2.75,2570.0,2581.0,1205.0,2410.0,2065.3333333333335,-0.0042619139868268485,18.84,2152.9666666666667,1.68,9.83,5.04,3.58,20.130000000000003,21.04
130,2015,3,Gujarat,Junagadh,1.45,2.54,1752.0,2570.0,2581.0,1205.0,2118.6666666666665,-0.31828793774319064,1.07,2088.689655172414,9.4,6.87,0.41,3.96,20.64,21.33
130,2016,3,Gujarat,Junagadh,2.37,5.71,2408.0,1752.0,2570.0,2581.0,2301.0,0.3744292237442923,1.45,2088.7586206896553,2.46,6.92,5.72,3.91,19.01,21.1
130,2017,3,Gujarat,Junagadh,1.92,5.45,2845.0,2408.0,1752.0,2570.0,2243.3333333333335,0.18147840531561465,2.37,2351.5172413793102,4.84,13.21,6.32,2.16,26.53,27.23
130,2018,3,Gujarat,Junagadh,1.08,3.15,2927.0,2845.0,2408.0,1752.0,2335.0,0.028822495606326992,1.92,2204.777777777778,1.19,15.41,2.9,0.71,20.21,20.28
130,2019,3,Gujarat,Junagadh,1.85,6.93,3754.0,2927.0,2845.0,2408.0,2726.6666666666665,0.282541851725316,1.08,2517.0666666666666,3.75,5.36,9.81,13.48,32.400000000000006,34.57
131,1993,3,Gujarat,Kheda,139.0,185.7,1336.0,1872.0,1217.0,1216.0,1435.0,-0.2863247863247863,148.1,692.0588235294117,0.63,15.92,2.52,3.4,22.47,23.27
131,1994,3,Gujarat,Kheda,140.0,153.0,1093.0,1336.0,1872.0,1217.0,1475.0,-0.18188622754491013,139.0,1062.4705882352941,4.14,13.77,11.17,13.86,42.94,43.32
131,1995,3,Gujarat,Kheda,139.7,206.5,1478.0,1093.0,1336.0,1872.0,1433.6666666666667,0.35224153705398,140.0,990.3529411764706,0.4,8.17,2.91,2.54,14.02,14.77
131,1996,3,Gujarat,Kheda,127.4,186.8,1466.0,1478.0,1093.0,1336.0,1302.3333333333333,-0.008119079837618393,139.7,1330.125,2.91,11.51,8.35,2.63,25.4,26.48
131,1997,3,Gujarat,Kheda,139.9,213.4,1525.0,1466.0,1478.0,1093.0,1345.6666666666667,0.04024556616643937,127.4,1369.6470588235295,20.26,6.63,10.26,2.78,39.93,40.89
131,1998,3,Gujarat,Kheda,132.3,217.2,1642.0,1525.0,1466.0,1478.0,1489.6666666666667,0.07672131147540973,139.9,1224.1176470588234,3.5,12.5,6.66,4.91,27.57,29.08
131,1999,3,Gujarat,Kheda,132.5,232.5,1755.0,1642.0,1525.0,1466.0,1544.3333333333333,0.0688185140073081,132.3,914.5294117647059,3.61,9.56,0.76,1.37,15.3,17.34
131,2000,3,Gujarat,Kheda,72.8,100.0,1374.0,1755.0,1642.0,1525.0,1640.6666666666667,-0.2170940170940171,132.5,935.5909090909091,1.94,13.04,4.05,0.17,19.2,21.38
131,2001,3,Gujarat,Kheda,72.8,118.4,1626.0,1374.0,1755.0,1642.0,1590.3333333333333,0.1834061135371179,72.8,1448.6666666666667,5.0,6.3,4.24,0.13,15.670000000000002,17.9
131,2002,3,Gujarat,Kheda,83.3,122.4,1469.0,1626.0,1374.0,1755.0,1585.0,-0.09655596555965562,72.8,1155.590909090909,4.84,1.9,4.85,2.31,13.9,14.47
131,2003,3,Gujarat,Kheda,73.0,96.6,1323.0,1469.0,1626.0,1374.0,1489.6666666666667,-0.09938733832539137,83.3,1547.4545454545455,5.08,10.29,13.92,1.56,30.85,31.83
131,2004,3,Gujarat,Kheda,70.1,88.6,1264.0,1323.0,1469.0,1626.0,1472.6666666666667,-0.04459561602418749,73.0,1259.3181818181818,3.8,8.92,13.78,1.29,27.79,28.68
131,2005,3,Gujarat,Kheda,66.6,91.2,1369.0,1264.0,1323.0,1469.0,1352.0,0.08306962025316467,70.1,1396.1363636363637,10.93,7.88,5.73,11.47,36.01,36.24
131,2006,3,Gujarat,Kheda,61.3,63.4,1034.0,1369.0,1264.0,1323.0,1318.6666666666667,-0.24470416362308256,66.6,1213.952380952381,5.28,11.49,14.48,5.06,36.31,36.65
131,2007,3,Gujarat,Kheda,78.0,114.9,1473.0,1034.0,1369.0,1264.0,1222.3333333333333,0.4245647969052224,61.3,1595.952380952381,3.99,14.34,13.7,3.14,35.17,35.55
131,2008,3,Gujarat,Kheda,63.9,94.1,1473.0,1473.0,1034.0,1369.0,1292.0,0.0,78.0,1624.4761904761904,2.68,5.12,9.42,4.76,21.98,22.38
131,2009,3,Gujarat,Kheda,50.4,69.0,1369.0,1473.0,1473.0,1034.0,1326.6666666666667,-0.07060420909708076,63.9,1447.090909090909,0.48,11.84,5.47,1.12,18.91,21.84
131,2010,3,Gujarat,Kheda,90.9,178.8,1967.0,1369.0,1473.0,1473.0,1438.3333333333333,0.4368151935719504,50.4,1734.9545454545455,2.29,13.89,16.55,5.07,37.8,40.13
131,2011,3,Gujarat,Kheda,99.7,194.2,1948.0,1967.0,1369.0,1473.0,1603.0,-0.009659379766141285,90.9,1943.95,0.76,9.86,11.31,3.59,25.52,25.53
131,2012,3,Gujarat,Kheda,74.8,138.9,1857.0,1948.0,1967.0,1369.0,1761.3333333333333,-0.04671457905544152,99.7,1657.095238095238,1.26,3.71,7.7,9.01,21.68,21.9
131,2013,3,Gujarat,Kheda,77.96,142.34,1826.0,1857.0,1948.0,1967.0,1924.0,-0.016693591814754938,74.8,2143.2727272727275,5.3,15.65,5.97,7.28,34.2,35.75
131,2014,3,Gujarat,Kheda,50.99,104.44,2048.0,1826.0,1857.0,1948.0,1877.0,0.12157721796276011,77.96,2152.9666666666667,0.11,17.87,3.93,6.71,28.62,29.43
131,2015,3,Gujarat,Kheda,43.2,89.12,2063.0,2048.0,1826.0,1857.0,1910.3333333333333,0.00732421875,50.99,2088.689655172414,5.56,9.89,1.3,3.55,20.3,22.1
131,2016,3,Gujarat,Kheda,41.54,81.08,1952.0,2063.0,2048.0,1826.0,1979.0,-0.05380513814832766,43.2,2088.7586206896553,0.73,4.88,8.36,2.56,16.529999999999998,18.12
131,2017,3,Gujarat,Kheda,46.94,99.72,2124.0,1952.0,2063.0,2048.0,2021.0,0.08811475409836067,41.54,2351.5172413793102,3.43,17.95,4.71,2.18,28.27,28.71
131,2018,3,Gujarat,Kheda,33.9,92.48,2728.0,2124.0,1952.0,2063.0,2046.3333333333333,0.28436911487758953,46.94,2204.777777777778,0.92,7.96,6.03,1.38,16.29,16.29
131,2019,3,Gujarat,Kheda,30.73,72.13,2347.0,2728.0,2124.0,1952.0,2268.0,-0.13966275659824046,33.9,2517.0666666666666,2.82,6.26,13.39,9.53,32.0,33.26
132,1993,3,Gujarat,Kutch,89.4,28.1,314.0,1123.0,370.0,793.0,762.0,-0.7203918076580588,116.4,692.0588235294117,0.26,4.55,0.04,0.75,5.6,7.479999999999999
132,1994,3,Gujarat,Kutch,114.0,113.0,991.0,314.0,1123.0,370.0,602.3333333333334,2.156050955414013,89.4,1062.4705882352941,0.5,9.03,2.5,6.73,18.76,18.81
132,1995,3,Gujarat,Kutch,96.4,37.7,391.0,991.0,314.0,1123.0,809.3333333333334,-0.6054490413723512,114.0,990.3529411764706,0.18,2.84,0.45,0.17,3.64,3.91
132,1996,3,Gujarat,Kutch,86.7,35.3,407.0,391.0,991.0,314.0,565.3333333333334,0.04092071611253201,96.4,1330.125,2.11,1.99,0.46,0.19,4.75,5.32
132,1997,3,Gujarat,Kutch,115.0,136.7,1189.0,407.0,391.0,991.0,596.3333333333334,1.9213759213759212,86.7,1369.6470588235295,2.14,2.0,1.21,2.42,7.77,8.78
132,1998,3,Gujarat,Kutch,103.8,69.2,667.0,1189.0,407.0,391.0,662.3333333333334,-0.4390243902439024,115.0,1224.1176470588234,3.61,2.28,1.42,1.16,8.469999999999999,9.27
132,1999,3,Gujarat,Kutch,67.7,27.8,411.0,667.0,1189.0,407.0,754.3333333333334,-0.38380809595202403,103.8,914.5294117647059,0.5,0.25,0.1,0.57,1.42,7.33
132,2000,3,Gujarat,Kutch,99.6,48.7,489.0,411.0,667.0,1189.0,755.6666666666666,0.1897810218978102,67.7,935.5909090909091,0.06,4.94,0.48,0.13,5.61,5.69
132,2001,3,Gujarat,Kutch,99.8,83.6,838.0,489.0,411.0,667.0,522.3333333333334,0.7137014314928425,99.6,1448.6666666666667,1.9,3.24,1.47,0.16,6.7700000000000005,7.0
132,2002,3,Gujarat,Kutch,58.1,26.9,463.0,838.0,489.0,411.0,579.3333333333334,-0.44749403341288785,99.8,1155.590909090909,1.85,0.06,0.92,0.36,3.19,3.3000000000000003
132,2003,3,Gujarat,Kutch,91.0,119.6,1314.0,463.0,838.0,489.0,596.6666666666666,1.838012958963283,58.1,1547.4545454545455,1.03,13.84,3.45,0.09,18.41,18.96
132,2004,3,Gujarat,Kutch,94.4,77.7,823.0,1314.0,463.0,838.0,871.6666666666666,-0.37366818873668184,91.0,1259.3181818181818,1.53,0.91,3.32,1.06,6.82,8.43
132,2005,3,Gujarat,Kutch,53.4,57.2,1071.0,823.0,1314.0,463.0,866.6666666666666,0.3013365735115432,94.4,1396.1363636363637,2.03,1.1,1.19,3.26,7.58,7.81
132,2006,3,Gujarat,Kutch,82.3,86.4,1050.0,1071.0,823.0,1314.0,1069.3333333333333,-0.019607843137254943,53.4,1213.952380952381,1.85,7.26,9.75,1.76,20.62,20.92
132,2007,3,Gujarat,Kutch,97.0,123.2,1270.0,1050.0,1071.0,823.0,981.3333333333334,0.20952380952380945,82.3,1595.952380952381,3.99,4.82,9.99,1.8,20.6,21.38
132,2008,3,Gujarat,Kutch,46.1,41.5,900.0,1270.0,1050.0,1071.0,1130.3333333333333,-0.2913385826771654,97.0,1624.4761904761904,0.88,2.15,3.15,3.18,9.36,9.97
132,2009,3,Gujarat,Kutch,58.1,54.5,938.0,900.0,1270.0,1050.0,1073.3333333333333,0.04222222222222216,46.1,1447.090909090909,1.16,7.55,5.24,0.02,13.97,14.2
132,2010,3,Gujarat,Kutch,63.8,70.0,1097.0,938.0,900.0,1270.0,1036.0,0.1695095948827292,58.1,1734.9545454545455,1.94,8.8,11.33,3.89,25.96,29.76
132,2011,3,Gujarat,Kutch,50.8,53.5,1053.0,1097.0,938.0,900.0,978.3333333333334,-0.040109389243391025,63.8,1943.95,0.04,2.76,10.23,9.53,22.56,22.62
132,2012,3,Gujarat,Kutch,10.8,10.3,954.0,1053.0,1097.0,938.0,1029.3333333333333,-0.09401709401709402,50.8,1657.095238095238,0.13,0.38,0.54,6.5,7.55,7.65
132,2013,3,Gujarat,Kutch,26.0,43.63,1678.0,954.0,1053.0,1097.0,1034.6666666666667,0.7589098532494758,10.8,2143.2727272727275,1.64,2.22,1.74,10.8,16.400000000000002,18.29
132,2014,3,Gujarat,Kutch,9.53,11.12,1167.0,1678.0,954.0,1053.0,1228.3333333333333,-0.3045292014302742,26.0,2152.9666666666667,0.31,5.59,2.66,1.52,10.079999999999998,10.39
132,2015,3,Gujarat,Kutch,19.95,24.7,1238.0,1167.0,1678.0,954.0,1266.3333333333333,0.06083976006855174,9.53,2088.689655172414,2.33,12.46,0.07,1.3,16.16,16.5
132,2016,3,Gujarat,Kutch,20.87,22.69,1088.0,1238.0,1167.0,1678.0,1361.0,-0.1211631663974152,19.95,2088.7586206896553,0.36,1.24,4.19,0.42,6.210000000000001,7.41
132,2017,3,Gujarat,Kutch,27.03,40.38,1494.0,1088.0,1238.0,1167.0,1164.3333333333333,0.37316176470588225,20.87,2351.5172413793102,1.64,10.03,3.7,0.99,16.36,16.419999999999998
132,2018,3,Gujarat,Kutch,5.74,4.74,825.0,1494.0,1088.0,1238.0,1273.3333333333333,-0.44779116465863456,27.03,2204.777777777778,0.44,1.88,2.79,0.28,5.39,5.46
132,2019,3,Gujarat,Kutch,18.97,24.5,1292.0,825.0,1494.0,1088.0,1135.6666666666667,0.5660606060606062,5.74,2517.0666666666666,0.55,2.66,9.3,6.39,18.9,20.15
133,1993,3,Gujarat,Mehsana,189.1,157.3,832.0,1192.0,756.0,1100.0,1016.0,-0.30201342281879195,182.4,692.0588235294117,0.55,13.01,1.65,2.66,17.87,18.74
133,1994,3,Gujarat,Mehsana,171.0,156.0,912.0,832.0,1192.0,756.0,926.6666666666666,0.09615384615384626,189.1,1062.4705882352941,2.68,11.94,9.34,12.38,36.34,36.59
133,1995,3,Gujarat,Mehsana,170.0,157.6,927.0,912.0,832.0,1192.0,978.6666666666666,0.016447368421052655,171.0,990.3529411764706,0.32,5.57,2.29,1.81,9.99,10.56
133,1996,3,Gujarat,Mehsana,104.7,144.4,1379.0,927.0,912.0,832.0,890.3333333333334,0.4875943905070119,170.0,1330.125,2.69,8.68,6.82,2.07,20.26,21.14
133,1997,3,Gujarat,Mehsana,157.8,192.6,1221.0,1379.0,927.0,912.0,1072.6666666666667,-0.11457577955039888,104.7,1369.6470588235295,16.27,3.87,8.35,2.65,31.14,32.0
133,1998,3,Gujarat,Mehsana,160.9,174.0,1081.0,1221.0,1379.0,927.0,1175.6666666666667,-0.11466011466011461,157.8,1224.1176470588234,3.22,9.73,5.35,3.79,22.09,23.39
133,1999,3,Gujarat,Mehsana,151.8,144.2,950.0,1081.0,1221.0,1379.0,1227.0,-0.12118408880666054,160.9,914.5294117647059,2.94,7.52,0.52,1.0,11.98,13.74
133,2000,3,Gujarat,Mehsana,81.4,74.6,916.0,950.0,1081.0,1221.0,1084.0,-0.03578947368421048,151.8,935.5909090909091,1.55,11.01,3.1,0.15,15.81,17.72
133,2001,3,Gujarat,Mehsana,83.9,118.1,1408.0,916.0,950.0,1081.0,982.3333333333334,0.537117903930131,81.4,1448.6666666666667,3.88,5.19,3.48,0.18,12.73,14.54
133,2002,3,Gujarat,Mehsana,85.7,90.8,1060.0,1408.0,916.0,950.0,1091.3333333333333,-0.24715909090909094,83.9,1155.590909090909,3.58,1.42,3.2,1.74,9.94,10.38
133,2003,3,Gujarat,Mehsana,69.9,86.1,1232.0,1060.0,1408.0,916.0,1128.0,0.1622641509433962,85.7,1547.4545454545455,3.73,9.83,11.68,0.75,25.99,26.66
133,2004,3,Gujarat,Mehsana,54.9,73.8,1344.0,1232.0,1060.0,1408.0,1233.3333333333333,0.09090909090909083,69.9,1259.3181818181818,2.87,6.36,10.98,1.01,21.22,22.22
133,2005,3,Gujarat,Mehsana,65.9,67.9,1030.0,1344.0,1232.0,1060.0,1212.0,-0.23363095238095233,54.9,1396.1363636363637,7.86,5.86,4.45,9.28,27.450000000000003,27.7
133,2006,3,Gujarat,Mehsana,71.9,61.5,855.0,1030.0,1344.0,1232.0,1202.0,-0.16990291262135926,65.9,1213.952380952381,4.28,9.32,13.35,4.35,31.300000000000004,31.5
133,2007,3,Gujarat,Mehsana,66.5,97.9,1472.0,855.0,1030.0,1344.0,1076.3333333333333,0.7216374269005847,71.9,1595.952380952381,3.52,11.7,11.46,2.48,29.16,29.63
133,2008,3,Gujarat,Mehsana,59.4,94.7,1594.0,1472.0,855.0,1030.0,1119.0,0.08288043478260865,66.5,1624.4761904761904,1.84,3.95,7.92,4.19,17.900000000000002,18.36
133,2009,3,Gujarat,Mehsana,51.2,83.1,1623.0,1594.0,1472.0,855.0,1307.0,0.018193224592220725,59.4,1447.090909090909,0.44,9.28,4.66,0.62,14.999999999999998,17.2
133,2010,3,Gujarat,Mehsana,71.4,125.9,1763.0,1623.0,1594.0,1472.0,1563.0,0.08626001232285896,51.2,1734.9545454545455,1.95,12.02,14.33,4.32,32.62,34.74
133,2011,3,Gujarat,Mehsana,96.3,197.3,2049.0,1763.0,1623.0,1594.0,1660.0,0.16222348269994336,71.4,1943.95,0.5,8.23,9.78,3.73,22.24,22.28
133,2012,3,Gujarat,Mehsana,37.6,74.3,1976.0,2049.0,1763.0,1623.0,1811.6666666666667,-0.03562713518789651,96.3,1657.095238095238,0.94,2.66,6.71,7.89,18.2,18.33
133,2013,3,Gujarat,Mehsana,36.47,69.77,1913.0,1976.0,2049.0,1763.0,1929.3333333333333,-0.03188259109311742,37.6,2143.2727272727275,3.45,12.03,4.76,7.04,27.28,28.76
133,2014,3,Gujarat,Mehsana,22.06,50.21,2276.0,1913.0,1976.0,2049.0,1979.3333333333333,0.18975431259801367,36.47,2152.9666666666667,0.11,14.55,3.21,5.53,23.4,24.17
133,2015,3,Gujarat,Mehsana,16.85,37.57,2230.0,2276.0,1913.0,1976.0,2055.0,-0.020210896309314608,22.06,2088.689655172414,4.32,9.44,2.21,2.46,18.43,20.13
133,2016,3,Gujarat,Mehsana,13.84,34.95,2525.0,2230.0,2276.0,1913.0,2139.6666666666665,0.13228699551569512,16.85,2088.7586206896553,0.5,5.55,8.89,1.46,16.400000000000002,18.2
133,2017,3,Gujarat,Mehsana,16.72,46.49,2781.0,2525.0,2230.0,2276.0,2343.6666666666665,0.10138613861386148,13.84,2351.5172413793102,2.59,19.45,4.14,1.93,28.11,28.47
133,2018,3,Gujarat,Mehsana,11.87,34.15,2877.0,2781.0,2525.0,2230.0,2512.0,0.034519956850054045,16.72,2204.777777777778,1.21,5.67,5.28,1.76,13.92,13.93
133,2019,3,Gujarat,Mehsana,13.44,39.01,2902.0,2877.0,2781.0,2525.0,2727.6666666666665,0.008689607229753316,11.87,2517.0666666666666,2.2,4.25,12.4,8.49,27.340000000000003,28.67
134,1993,3,Gujarat,Panchmahal,26.2,13.1,500.0,997.0,616.0,643.0,752.0,-0.49849548645937813,29.0,692.0588235294117,1.36,15.17,4.03,4.92,25.480000000000004,26.74
134,1994,3,Gujarat,Panchmahal,24.0,14.0,583.0,500.0,997.0,616.0,704.3333333333334,0.16599999999999993,26.2,1062.4705882352941,7.35,14.4,10.53,10.92,43.2,44.0
134,1995,3,Gujarat,Panchmahal,22.0,15.5,705.0,583.0,500.0,997.0,693.3333333333334,0.2092624356775301,24.0,990.3529411764706,1.08,13.28,3.67,3.69,21.72,23.09
134,1996,3,Gujarat,Panchmahal,13.8,14.2,1029.0,705.0,583.0,500.0,596.0,0.4595744680851064,22.0,1330.125,2.95,14.74,7.82,3.07,28.58,30.32
134,1997,3,Gujarat,Panchmahal,19.2,20.9,1089.0,1029.0,705.0,583.0,772.3333333333334,0.058309037900874605,13.8,1369.6470588235295,18.83,10.24,9.64,2.66,41.370000000000005,42.73
134,1998,3,Gujarat,Panchmahal,18.1,16.7,923.0,1089.0,1029.0,705.0,941.0,-0.1524334251606979,19.2,1224.1176470588234,3.85,12.4,7.43,6.98,30.66,32.93
134,1999,3,Gujarat,Panchmahal,14.8,10.8,730.0,923.0,1089.0,1029.0,1013.6666666666666,-0.20910075839653308,18.1,914.5294117647059,4.34,8.65,1.32,3.31,17.62,20.96
134,2000,3,Gujarat,Panchmahal,15.4,12.6,818.0,730.0,923.0,1089.0,914.0,0.1205479452054794,14.8,935.5909090909091,2.14,11.35,4.64,0.3,18.43,20.46
134,2001,3,Gujarat,Panchmahal,18.5,16.7,903.0,818.0,730.0,923.0,823.6666666666666,0.10391198044009786,15.4,1448.6666666666667,6.07,6.67,4.85,0.23,17.82,20.48
134,2002,3,Gujarat,Panchmahal,17.8,13.6,764.0,903.0,818.0,730.0,817.0,-0.15393133997785158,18.5,1155.590909090909,6.87,1.9,7.93,2.76,19.46,20.22
134,2003,3,Gujarat,Panchmahal,9.6,7.0,729.0,764.0,903.0,818.0,828.3333333333334,-0.04581151832460728,17.8,1547.4545454545455,7.37,11.91,11.83,4.55,35.66,37.41
134,2004,3,Gujarat,Panchmahal,12.0,10.9,908.0,729.0,764.0,903.0,798.6666666666666,0.24554183813443076,9.6,1259.3181818181818,5.02,11.32,14.99,2.17,33.5,34.71
134,2005,3,Gujarat,Panchmahal,10.6,9.3,877.0,908.0,729.0,764.0,800.3333333333334,-0.03414096916299558,12.0,1396.1363636363637,13.61,9.98,6.18,11.88,41.65,42.14
134,2006,3,Gujarat,Panchmahal,8.9,5.1,573.0,877.0,908.0,729.0,838.0,-0.34663625997719494,10.6,1213.952380952381,6.14,13.89,15.06,5.47,40.56,41.74
134,2007,3,Gujarat,Panchmahal,11.0,11.5,1045.0,573.0,877.0,908.0,786.0,0.8237347294938917,8.9,1595.952380952381,4.61,13.82,15.18,5.22,38.83,39.56
134,2008,3,Gujarat,Panchmahal,7.4,8.9,1203.0,1045.0,573.0,877.0,831.6666666666666,0.15119617224880377,11.0,1624.4761904761904,4.88,6.59,9.37,5.7,26.54,27.0
134,2009,3,Gujarat,Panchmahal,7.8,9.4,1205.0,1203.0,1045.0,573.0,940.3333333333334,0.0016625103906899863,7.4,1447.090909090909,1.22,15.86,5.96,2.16,25.2,29.28
134,2010,3,Gujarat,Panchmahal,13.6,25.8,1897.0,1205.0,1203.0,1045.0,1151.0,0.5742738589211618,7.8,1734.9545454545455,3.06,12.94,15.24,7.64,38.88,42.44
134,2011,3,Gujarat,Panchmahal,16.9,37.6,2225.0,1897.0,1205.0,1203.0,1435.0,0.17290458618871907,13.6,1943.95,1.38,10.02,14.22,5.01,30.629999999999995,30.72
134,2012,3,Gujarat,Panchmahal,8.0,15.7,1963.0,2225.0,1897.0,1205.0,1775.6666666666667,-0.11775280898876406,16.9,1657.095238095238,1.57,6.15,6.95,10.82,25.49,26.02
134,2013,3,Gujarat,Panchmahal,15.19,35.57,2342.0,1963.0,2225.0,1897.0,2028.3333333333333,0.19307182883341834,8.0,2143.2727272727275,10.09,17.79,7.84,7.15,42.87,45.13
134,2014,3,Gujarat,Panchmahal,3.46,5.69,1645.0,2342.0,1963.0,2225.0,2176.6666666666665,-0.29760888129803587,15.19,2152.9666666666667,0.26,16.57,5.16,7.11,29.1,30.4
134,2015,3,Gujarat,Panchmahal,3.06,5.16,1686.0,1645.0,2342.0,1963.0,1983.3333333333333,0.02492401215805473,3.46,2088.689655172414,8.22,10.35,2.66,5.95,27.18,29.16
134,2016,3,Gujarat,Panchmahal,4.05,9.21,2272.0,1686.0,1645.0,2342.0,1891.0,0.3475682087781733,3.06,2088.7586206896553,1.99,7.32,9.0,3.84,22.15,23.63
134,2017,3,Gujarat,Panchmahal,1.17,2.27,1938.0,2272.0,1686.0,1645.0,1867.6666666666667,-0.14700704225352113,4.05,2351.5172413793102,4.91,15.58,6.24,1.99,28.72,29.37
134,2018,3,Gujarat,Panchmahal,2.05,3.97,1941.0,1938.0,2272.0,1686.0,1965.3333333333333,0.001547987616099089,1.17,2204.777777777778,2.26,12.11,6.33,1.69,22.39,22.4
134,2019,3,Gujarat,Panchmahal,2.18,4.29,1971.0,1941.0,1938.0,2272.0,2050.3333333333335,0.015455950540958163,2.05,2517.0666666666666,4.53,11.26,18.59,10.27,44.64999999999999,46.57
135,1993,3,Gujarat,Rajkot,77.6,11.5,148.0,1089.0,425.0,552.0,688.6666666666666,-0.8640955004591369,83.1,692.0588235294117,1.22,5.16,0.19,2.86,9.43,11.54
135,1994,3,Gujarat,Rajkot,74.0,93.0,1257.0,148.0,1089.0,425.0,554.0,7.493243243243244,77.6,1062.4705882352941,1.92,17.31,2.98,6.63,28.84,28.93
135,1995,3,Gujarat,Rajkot,65.0,40.3,620.0,1257.0,148.0,1089.0,831.3333333333334,-0.5067621320604614,74.0,990.3529411764706,0.91,4.78,1.32,0.9,7.910000000000001,8.14
135,1996,3,Gujarat,Rajkot,63.1,83.5,1323.0,620.0,1257.0,148.0,675.0,1.1338709677419354,65.0,1330.125,3.61,6.26,2.06,0.31,12.24,14.06
135,1997,3,Gujarat,Rajkot,60.7,93.8,1545.0,1323.0,620.0,1257.0,1066.6666666666667,0.16780045351473927,63.1,1369.6470588235295,8.53,2.77,2.78,3.73,17.81,18.83
135,1998,3,Gujarat,Rajkot,54.0,56.4,1044.0,1545.0,1323.0,620.0,1162.6666666666667,-0.3242718446601942,60.7,1224.1176470588234,4.47,3.4,3.96,2.63,14.459999999999996,17.41
135,1999,3,Gujarat,Rajkot,50.6,11.9,235.0,1044.0,1545.0,1323.0,1304.0,-0.774904214559387,54.0,914.5294117647059,2.0,1.33,0.42,1.81,5.5600000000000005,8.950000000000001
135,2000,3,Gujarat,Rajkot,46.3,26.6,575.0,235.0,1044.0,1545.0,941.3333333333334,1.4468085106382977,50.6,935.5909090909091,0.37,6.75,1.84,0.25,9.21,9.56
135,2001,3,Gujarat,Rajkot,41.8,65.2,1560.0,575.0,235.0,1044.0,618.0,1.7130434782608694,46.3,1448.6666666666667,1.8,3.88,3.87,0.89,10.44,10.94
135,2002,3,Gujarat,Rajkot,41.5,27.0,651.0,1560.0,575.0,235.0,790.0,-0.5826923076923076,41.8,1155.590909090909,5.11,0.33,3.28,0.35,9.07,9.21
135,2003,3,Gujarat,Rajkot,40.1,72.2,1800.0,651.0,1560.0,575.0,928.6666666666666,1.7649769585253456,41.5,1547.4545454545455,4.48,12.17,7.34,0.61,24.6,25.1
135,2004,3,Gujarat,Rajkot,32.9,39.1,1188.0,1800.0,651.0,1560.0,1337.0,-0.33999999999999997,40.1,1259.3181818181818,3.83,5.09,7.54,0.86,17.32,19.37
135,2005,3,Gujarat,Rajkot,34.8,59.3,1704.0,1188.0,1800.0,651.0,1213.0,0.43434343434343425,32.9,1396.1363636363637,8.88,3.33,3.19,6.83,22.23,22.41
135,2006,3,Gujarat,Rajkot,30.5,21.7,711.0,1704.0,1188.0,1800.0,1564.0,-0.5827464788732395,34.8,1213.952380952381,3.12,12.32,6.52,3.46,25.42,25.55
135,2007,3,Gujarat,Rajkot,18.5,28.1,1519.0,711.0,1704.0,1188.0,1201.0,1.1364275668073138,30.5,1595.952380952381,5.54,9.07,16.19,5.88,36.68,37.35
135,2008,3,Gujarat,Rajkot,13.3,13.6,1023.0,1519.0,711.0,1704.0,1311.3333333333333,-0.326530612244898,18.5,1624.4761904761904,3.44,3.22,6.06,8.22,20.94,21.27
135,2009,3,Gujarat,Rajkot,17.9,20.1,1123.0,1023.0,1519.0,711.0,1084.3333333333333,0.09775171065493637,13.3,1447.090909090909,1.23,12.41,4.68,0.15,18.47,18.91
135,2010,3,Gujarat,Rajkot,7.8,11.3,1449.0,1123.0,1023.0,1519.0,1221.6666666666667,0.29029385574354416,17.9,1734.9545454545455,2.65,14.18,14.33,5.46,36.62,40.75
135,2011,3,Gujarat,Rajkot,5.8,8.9,1534.0,1449.0,1123.0,1023.0,1198.3333333333333,0.05866114561766733,7.8,1943.95,0.24,10.05,8.6,7.96,26.85,26.87
135,2012,3,Gujarat,Rajkot,4.2,0.5,119.0,1534.0,1449.0,1123.0,1368.6666666666667,-0.9224250325945241,5.8,1657.095238095238,0.88,1.91,1.36,7.23,11.38,11.4
135,2013,3,Gujarat,Rajkot,5.52,8.5,1540.0,119.0,1534.0,1449.0,1034.0,11.941176470588236,4.2,2143.2727272727275,5.18,5.56,3.89,16.55,31.18,33.55
135,2014,3,Gujarat,Rajkot,0.6,1.51,2517.0,1540.0,119.0,1534.0,1064.3333333333333,0.6344155844155843,5.52,2152.9666666666667,0.4,6.99,3.75,2.81,13.95,14.97
135,2015,3,Gujarat,Rajkot,0.3,0.72,2400.0,2517.0,1540.0,119.0,1392.0,-0.04648390941597136,0.6,2088.689655172414,9.39,8.63,0.26,3.16,21.440000000000005,22.200000000000003
135,2016,3,Gujarat,Rajkot,0.28,0.68,2480.0,2400.0,2517.0,1540.0,2152.3333333333335,0.03333333333333344,0.3,2088.7586206896553,1.54,4.32,5.37,1.39,12.62,14.29
135,2017,3,Gujarat,Rajkot,1.39,2.65,1897.0,2480.0,2400.0,2517.0,2465.6666666666665,-0.23508064516129035,0.28,2351.5172413793102,4.82,16.85,5.35,1.28,28.300000000000004,28.630000000000003
135,2018,3,Gujarat,Rajkot,0.9,1.6,1786.0,1897.0,2480.0,2400.0,2259.0,-0.05851344227727995,1.39,2204.777777777778,1.19,6.47,4.35,0.6,12.61,12.64
135,2019,3,Gujarat,Rajkot,1.89,4.78,2525.0,1786.0,1897.0,2480.0,2054.3333333333335,0.4137737961926091,0.9,2517.0666666666666,1.83,5.2,12.4,11.19,30.62,32.64
136,1993,3,Gujarat,Sabarkantha,44.5,26.2,589.0,960.0,496.0,741.0,732.3333333333334,-0.38645833333333335,50.6,692.0588235294117,1.06,15.11,2.1,3.12,21.39,22.1
136,1994,3,Gujarat,Sabarkantha,44.0,28.0,636.0,589.0,960.0,496.0,681.6666666666666,0.07979626485568758,44.5,1062.4705882352941,2.98,12.22,11.72,12.67,39.59,40.120000000000005
136,1995,3,Gujarat,Sabarkantha,42.7,33.2,778.0,636.0,589.0,960.0,728.3333333333334,0.2232704402515724,44.0,990.3529411764706,0.37,5.47,2.5,1.96,10.3,11.26
136,1996,3,Gujarat,Sabarkantha,23.5,29.0,1234.0,778.0,636.0,589.0,667.6666666666666,0.5861182519280206,42.7,1330.125,3.57,10.16,8.19,2.36,24.28,25.31
136,1997,3,Gujarat,Sabarkantha,40.0,36.5,913.0,1234.0,778.0,636.0,882.6666666666666,-0.26012965964343593,23.5,1369.6470588235295,16.47,5.41,10.64,2.74,35.26,36.46
136,1998,3,Gujarat,Sabarkantha,37.5,39.5,1053.0,913.0,1234.0,778.0,975.0,0.15334063526834618,40.0,1224.1176470588234,3.8,10.73,5.93,4.7,25.16,26.37
136,1999,3,Gujarat,Sabarkantha,36.0,32.9,914.0,1053.0,913.0,1234.0,1066.6666666666667,-0.1320037986704653,37.5,914.5294117647059,3.4,9.08,0.86,0.93,14.27,15.95
136,2000,3,Gujarat,Sabarkantha,32.8,35.4,1079.0,914.0,1053.0,913.0,960.0,0.1805251641137855,36.0,935.5909090909091,1.74,12.46,3.37,0.17,17.740000000000002,19.91
136,2001,3,Gujarat,Sabarkantha,30.1,29.5,980.0,1079.0,914.0,1053.0,1015.3333333333334,-0.09175162187210384,32.8,1448.6666666666667,3.79,5.55,4.8,0.38,14.52,15.96
136,2002,3,Gujarat,Sabarkantha,22.1,29.6,1339.0,980.0,1079.0,914.0,991.0,0.36632653061224496,30.1,1155.590909090909,3.59,0.98,4.47,1.71,10.75,11.22
136,2003,3,Gujarat,Sabarkantha,24.6,30.2,1228.0,1339.0,980.0,1079.0,1132.6666666666667,-0.08289768483943238,22.1,1547.4545454545455,2.98,8.75,8.81,1.34,21.88,22.49
136,2004,3,Gujarat,Sabarkantha,18.4,20.1,1092.0,1228.0,1339.0,980.0,1182.3333333333333,-0.11074918566775249,24.6,1259.3181818181818,2.45,8.47,9.38,1.98,22.280000000000005,22.91
136,2005,3,Gujarat,Sabarkantha,21.8,31.3,1436.0,1092.0,1228.0,1339.0,1219.6666666666667,0.315018315018315,18.4,1396.1363636363637,5.51,5.88,4.89,9.08,25.36,26.24
136,2006,3,Gujarat,Sabarkantha,22.8,31.5,1382.0,1436.0,1092.0,1228.0,1252.0,-0.03760445682451252,21.8,1213.952380952381,4.72,8.66,13.5,4.6,31.48,31.72
136,2007,3,Gujarat,Sabarkantha,21.5,39.0,1814.0,1382.0,1436.0,1092.0,1303.3333333333333,0.31259044862518093,22.8,1595.952380952381,3.86,10.15,9.28,1.49,24.78,25.53
136,2008,3,Gujarat,Sabarkantha,13.5,25.6,1896.0,1814.0,1382.0,1436.0,1544.0,0.04520396912899671,21.5,1624.4761904761904,2.13,5.7,7.62,3.66,19.11,19.66
136,2009,3,Gujarat,Sabarkantha,12.5,23.3,1864.0,1896.0,1814.0,1382.0,1697.3333333333333,-0.016877637130801704,13.5,1447.090909090909,1.31,10.06,4.99,0.95,17.31,19.64
136,2010,3,Gujarat,Sabarkantha,26.8,57.2,2134.0,1864.0,1896.0,1814.0,1858.0,0.1448497854077253,12.5,1734.9545454545455,1.97,12.01,13.73,4.85,32.56,34.76
136,2011,3,Gujarat,Sabarkantha,13.2,29.6,2242.0,2134.0,1864.0,1896.0,1964.6666666666667,0.05060918462980313,26.8,1943.95,1.04,7.81,10.43,4.31,23.59,23.67
136,2012,3,Gujarat,Sabarkantha,19.7,37.9,1924.0,2242.0,2134.0,1864.0,2080.0,-0.1418376449598573,13.2,1657.095238095238,0.66,5.84,9.0,8.31,23.81,24.28
136,2013,3,Gujarat,Sabarkantha,14.58,26.0,1783.0,1924.0,2242.0,2134.0,2100.0,-0.07328482328482333,19.7,2143.2727272727275,3.0,13.3,4.24,4.59,25.13,26.52
136,2014,3,Gujarat,Sabarkantha,7.4,18.34,2478.0,1783.0,1924.0,2242.0,1983.0,0.38979248457655635,14.58,2152.9666666666667,0.21,12.31,3.36,6.92,22.8,23.66
136,2015,3,Gujarat,Sabarkantha,2.46,6.51,2646.0,2478.0,1783.0,1924.0,2061.6666666666665,0.06779661016949157,7.4,2088.689655172414,3.75,9.52,3.29,2.1,18.66,20.22
136,2016,3,Gujarat,Sabarkantha,1.49,3.89,2611.0,2646.0,2478.0,1783.0,2302.3333333333335,-0.013227513227513255,2.46,2088.7586206896553,0.62,7.03,10.29,0.84,18.78,20.5
136,2017,3,Gujarat,Sabarkantha,3.23,10.66,3297.0,2611.0,2646.0,2478.0,2578.3333333333335,0.2627345844504021,1.49,2351.5172413793102,2.47,22.37,4.23,1.56,30.63,31.06
136,2018,3,Gujarat,Sabarkantha,2.02,6.62,3283.0,3297.0,2611.0,2646.0,2851.3333333333335,-0.00424628450106157,3.23,2204.777777777778,2.27,6.21,4.35,1.86,14.69,14.7
136,2019,3,Gujarat,Sabarkantha,2.96,9.04,3056.0,3283.0,3297.0,2611.0,3063.6666666666665,-0.06914407554066404,2.02,2517.0666666666666,2.4,5.05,13.56,7.17,28.18,29.85
137,1993,3,Gujarat,Surat,1.3,0.5,385.0,1176.0,429.0,750.0,785.0,-0.6726190476190477,1.7,692.0588235294117,1.7,13.23,6.12,10.04,31.09,34.59
137,1994,3,Gujarat,Surat,1.0,1.0,1000.0,385.0,1176.0,429.0,663.3333333333334,1.5974025974025974,1.3,1062.4705882352941,19.16,26.58,7.1,5.58,58.42,59.68
137,1995,3,Gujarat,Surat,1.2,0.8,667.0,1000.0,385.0,1176.0,853.6666666666666,-0.33299999999999996,1.0,990.3529411764706,0.57,30.53,3.74,6.45,41.290000000000006,42.34
137,1997,3,Gujarat,Surat,0.3,0.3,1000.0,667.0,1000.0,385.0,684.0,0.4992503748125936,1.2,1369.6470588235295,21.42,7.75,11.57,3.31,44.05,45.27
137,1998,3,Gujarat,Surat,0.6,0.5,833.0,1000.0,667.0,1000.0,889.0,-0.16700000000000004,0.3,1224.1176470588234,3.62,17.66,11.82,12.09,45.19,51.13
137,1999,3,Gujarat,Surat,1.1,0.6,545.0,833.0,1000.0,667.0,833.3333333333334,-0.3457382953181273,0.6,914.5294117647059,5.07,9.0,2.75,4.04,20.86,27.02
137,2000,3,Gujarat,Surat,1.0,0.6,600.0,545.0,833.0,1000.0,792.6666666666666,0.10091743119266061,1.1,935.5909090909091,1.4,11.42,5.09,0.49,18.4,19.78
137,2001,3,Gujarat,Surat,1.0,1.3,1300.0,600.0,545.0,833.0,659.3333333333334,1.1666666666666665,1.0,1448.6666666666667,12.56,12.34,8.89,0.65,34.44,38.43
137,2002,3,Gujarat,Surat,0.4,0.3,750.0,1300.0,600.0,545.0,815.0,-0.42307692307692313,1.0,1155.590909090909,16.7,3.0,16.08,3.84,39.620000000000005,39.87
137,2003,3,Gujarat,Surat,0.3,0.4,1333.0,750.0,1300.0,600.0,883.3333333333334,0.7773333333333334,0.4,1547.4545454545455,18.27,25.14,12.66,8.22,64.28999999999999,66.95
137,2004,3,Gujarat,Surat,0.3,0.3,1000.0,1333.0,750.0,1300.0,1127.6666666666667,-0.24981245311327827,0.3,1259.3181818181818,13.78,22.53,27.53,2.44,66.28,68.02
137,2005,3,Gujarat,Surat,0.3,0.3,1000.0,1000.0,1333.0,750.0,1027.6666666666667,0.0,0.3,1396.1363636363637,36.01,17.32,10.84,16.65,80.82,82.17999999999999
137,2006,3,Gujarat,Surat,1.2,0.9,750.0,1000.0,1000.0,1333.0,1111.0,-0.25,0.3,1213.952380952381,11.68,29.04,21.56,5.71,67.99,70.37
137,2007,3,Gujarat,Surat,3.6,2.4,667.0,750.0,1000.0,1000.0,916.6666666666666,-0.11066666666666669,1.2,1595.952380952381,9.53,15.92,25.85,13.4,64.7,65.56
137,2008,3,Gujarat,Surat,0.1,0.1,1000.0,667.0,750.0,1000.0,805.6666666666666,0.4992503748125936,3.6,1624.4761904761904,12.92,15.37,16.2,13.04,57.53,58.19
137,2009,3,Gujarat,Surat,0.5,0.6,1200.0,1000.0,667.0,750.0,805.6666666666666,0.19999999999999996,0.1,1447.090909090909,1.96,33.4,7.38,4.41,47.150000000000006,51.35
137,2010,3,Gujarat,Surat,0.3,0.3,1000.0,1200.0,1000.0,667.0,955.6666666666666,-0.16666666666666663,0.5,1734.9545454545455,6.81,20.8,15.14,14.55,57.3,64.92
137,2013,3,Gujarat,Surat,0.06,0.16,2667.0,1000.0,1200.0,1000.0,1066.6666666666667,1.6669999999999998,0.3,2143.2727272727275,26.17,24.53,11.16,8.91,70.77,72.61
137,2014,3,Gujarat,Surat,0.23,0.41,1783.0,2667.0,1000.0,1200.0,1622.3333333333333,-0.33145856767904014,0.06,2152.9666666666667,1.07,21.31,8.97,8.88,40.23,42.05
137,2015,3,Gujarat,Surat,0.05,0.12,2400.0,1783.0,2667.0,1000.0,1816.6666666666667,0.34604598990465507,0.23,2088.689655172414,17.12,7.64,2.7,14.49,41.95,43.49
137,2016,3,Gujarat,Surat,0.05,0.13,2491.0,2400.0,1783.0,2667.0,2283.3333333333335,0.0379166666666666,0.05,2088.7586206896553,4.44,17.57,10.99,9.04,42.04,45.25
137,2017,3,Gujarat,Surat,0.03,0.08,2923.0,2491.0,2400.0,1783.0,2224.6666666666665,0.1734243275792855,0.05,2351.5172413793102,8.98,18.71,11.53,4.0,43.22,45.8
137,2019,3,Gujarat,Surat,0.01,0.02,1700.0,2923.0,2491.0,2400.0,2604.6666666666665,-0.4184057475196715,0.03,2517.0666666666666,9.4,19.51,16.1,16.89,61.900000000000006,65.36
138,1993,3,Gujarat,Surendranagar,105.7,47.9,453.0,1074.0,372.0,615.0,687.0,-0.5782122905027933,110.1,692.0588235294117,0.75,9.21,1.02,2.87,13.85,15.22
138,1994,3,Gujarat,Surendranagar,98.0,100.0,1020.0,453.0,1074.0,372.0,633.0,1.2516556291390728,105.7,1062.4705882352941,2.63,13.88,6.14,9.43,32.08,32.26
138,1995,3,Gujarat,Surendranagar,91.3,61.0,668.0,1020.0,453.0,1074.0,849.0,-0.34509803921568627,98.0,990.3529411764706,0.55,5.4,1.81,1.45,9.21,9.6
138,1996,3,Gujarat,Surendranagar,85.8,100.2,1168.0,668.0,1020.0,453.0,713.6666666666666,0.7485029940119761,91.3,1330.125,2.88,7.49,4.58,1.25,16.200000000000003,17.46
138,1997,3,Gujarat,Surendranagar,82.9,99.8,1204.0,1168.0,668.0,1020.0,952.0,0.03082191780821919,85.8,1369.6470588235295,13.18,3.01,5.69,3.04,24.92,25.8
138,1998,3,Gujarat,Surendranagar,68.5,92.3,1347.0,1204.0,1168.0,668.0,1013.3333333333334,0.11877076411960141,82.9,1224.1176470588234,3.38,6.91,4.71,3.41,18.41,20.42
138,1999,3,Gujarat,Surendranagar,73.1,43.9,601.0,1347.0,1204.0,1168.0,1239.6666666666667,-0.5538233110616184,68.5,914.5294117647059,2.45,4.68,0.48,1.36,8.969999999999999,11.34
138,2000,3,Gujarat,Surendranagar,71.5,60.2,842.0,601.0,1347.0,1204.0,1050.6666666666667,0.4009983361064893,73.1,935.5909090909091,1.03,8.58,2.5,0.19,12.3,13.45
138,2001,3,Gujarat,Surendranagar,70.3,112.4,1599.0,842.0,601.0,1347.0,930.0,0.8990498812351544,71.5,1448.6666666666667,3.07,4.56,3.58,0.47,11.68,13.08
138,2002,3,Gujarat,Surendranagar,71.8,46.8,652.0,1599.0,842.0,601.0,1014.0,-0.592245153220763,70.3,1155.590909090909,4.33,1.01,3.27,1.16,9.77,10.06
138,2003,3,Gujarat,Surendranagar,83.4,135.2,1621.0,652.0,1599.0,842.0,1031.0,1.486196319018405,71.8,1547.4545454545455,4.26,10.22,9.83,0.76,25.070000000000004,25.79
138,2004,3,Gujarat,Surendranagar,65.3,85.5,1309.0,1621.0,652.0,1599.0,1290.6666666666667,-0.19247378161628625,83.4,1259.3181818181818,3.37,5.89,9.36,0.82,19.44,21.08
138,2005,3,Gujarat,Surendranagar,67.1,76.7,1143.0,1309.0,1621.0,652.0,1194.0,-0.12681436210847974,65.3,1396.1363636363637,8.88,4.89,3.95,8.46,26.18,26.37
138,2006,3,Gujarat,Surendranagar,50.7,72.6,1432.0,1143.0,1309.0,1621.0,1357.6666666666667,0.25284339457567806,67.1,1213.952380952381,3.74,10.56,9.64,3.89,27.83,28.020000000000003
138,2007,3,Gujarat,Surendranagar,51.8,83.7,1616.0,1432.0,1143.0,1309.0,1294.6666666666667,0.12849162011173187,50.7,1595.952380952381,4.1,10.57,13.27,4.18,32.12,32.57
138,2008,3,Gujarat,Surendranagar,41.2,47.4,1150.0,1616.0,1432.0,1143.0,1397.0,-0.2883663366336634,51.8,1624.4761904761904,2.57,3.22,7.18,5.97,18.94,19.31
138,2009,3,Gujarat,Surendranagar,40.4,38.8,960.0,1150.0,1616.0,1432.0,1399.3333333333333,-0.16521739130434787,41.2,1447.090909090909,0.52,10.14,4.55,0.46,15.670000000000002,17.27
138,2010,3,Gujarat,Surendranagar,32.4,43.4,1340.0,960.0,1150.0,1616.0,1242.0,0.39583333333333326,40.4,1734.9545454545455,2.21,12.57,13.67,4.92,33.370000000000005,36.27
138,2011,3,Gujarat,Surendranagar,20.5,42.8,2088.0,1340.0,960.0,1150.0,1150.0,0.5582089552238807,32.4,1943.95,0.36,8.94,8.8,5.4,23.5,23.52
138,2012,3,Gujarat,Surendranagar,19.0,14.4,758.0,2088.0,1340.0,960.0,1462.6666666666667,-0.6369731800766283,20.5,1657.095238095238,0.99,2.08,3.96,7.46,14.49,14.55
138,2013,3,Gujarat,Surendranagar,26.66,48.39,1815.0,758.0,2088.0,1340.0,1395.3333333333333,1.3944591029023745,19.0,2143.2727272727275,4.47,9.11,4.5,11.21,29.29,31.11
138,2014,3,Gujarat,Surendranagar,11.03,24.4,2212.0,1815.0,758.0,2088.0,1553.6666666666667,0.21873278236914606,26.66,2152.9666666666667,0.15,10.93,3.4,4.15,18.630000000000003,19.51
138,2015,3,Gujarat,Surendranagar,7.59,14.84,1955.0,2212.0,1815.0,758.0,1595.0,-0.11618444846292952,11.03,2088.689655172414,5.88,8.59,0.75,3.04,18.26,19.78
138,2016,3,Gujarat,Surendranagar,6.25,7.12,1139.0,1955.0,2212.0,1815.0,1994.0,-0.4173913043478261,7.59,2088.7586206896553,0.58,3.62,7.14,1.83,13.17,15.03
138,2017,3,Gujarat,Surendranagar,6.63,13.73,2071.0,1139.0,1955.0,2212.0,1768.6666666666667,0.8182616330114134,6.25,2351.5172413793102,3.53,19.02,4.97,1.75,29.27,29.62
138,2018,3,Gujarat,Surendranagar,6.69,8.14,1218.0,2071.0,1139.0,1955.0,1721.6666666666667,-0.4118783196523419,6.63,2204.777777777778,0.59,4.75,4.91,1.01,11.26,11.26
138,2019,3,Gujarat,Surendranagar,5.38,9.62,1790.0,1218.0,2071.0,1139.0,1476.0,0.4696223316912973,6.69,2517.0666666666666,2.38,3.96,11.57,10.39,28.3,29.95
139,1993,10,Rajasthan,Ajmer,64.46,6.21,96.0,614.0,168.0,719.0,500.3333333333333,-0.8436482084690554,72.94,448.8965517241379,2.82,5.21,1.97,2.55,12.55,13.8
139,1994,10,Rajasthan,Ajmer,65.62,60.89,928.0,96.0,614.0,168.0,292.6666666666667,8.666666666666666,64.46,649.0666666666667,1.23,6.29,6.64,2.34,16.5,18.0
139,1995,10,Rajasthan,Ajmer,54.12,7.03,130.0,928.0,96.0,614.0,546.0,-0.8599137931034483,65.62,366.48275862068965,0.45,7.4,7.16,0.53,15.54,17.23
139,1996,10,Rajasthan,Ajmer,55.41,25.98,469.0,130.0,928.0,96.0,384.6666666666667,2.6076923076923078,54.12,558.4666666666667,4.0,4.47,5.32,2.8,16.59,18.69
139,1997,10,Rajasthan,Ajmer,56.61,30.37,536.0,469.0,130.0,928.0,509.0,0.1428571428571428,55.41,600.3666666666667,1.32,4.33,6.35,1.88,13.88,18.35
139,1998,10,Rajasthan,Ajmer,55.09,6.05,110.0,536.0,469.0,130.0,378.3333333333333,-0.7947761194029851,56.61,567.0967741935484,1.86,5.25,1.74,4.34,13.19,15.01
139,1999,10,Rajasthan,Ajmer,57.96,5.92,102.0,110.0,536.0,469.0,371.6666666666667,-0.07272727272727275,55.09,468.3333333333333,0.83,2.49,1.75,0.76,5.83,7.23
139,2000,10,Rajasthan,Ajmer,64.83,9.49,146.0,102.0,110.0,536.0,249.33333333333334,0.43137254901960786,57.96,567.96875,0.42,4.34,1.44,0.3,6.499999999999999,7.56
139,2001,10,Rajasthan,Ajmer,69.9,74.46,1065.0,146.0,102.0,110.0,119.33333333333333,6.294520547945205,64.83,849.96875,2.6,6.05,2.79,0.31,11.750000000000002,13.99
139,2002,10,Rajasthan,Ajmer,59.42,0.53,9.0,1065.0,146.0,102.0,437.6666666666667,-0.9915492957746479,69.9,301.6333333333333,1.04,0.27,1.64,0.49,3.4400000000000004,4.79
139,2003,10,Rajasthan,Ajmer,98.5,137.31,1394.0,9.0,1065.0,146.0,406.6666666666667,153.88888888888889,59.42,1253.84375,2.05,5.58,2.69,1.51,11.83,13.37
139,2004,10,Rajasthan,Ajmer,82.17,41.74,508.0,1394.0,9.0,1065.0,822.6666666666666,-0.6355810616929698,98.5,842.9677419354839,1.24,3.21,7.93,0.67,13.05,15.07
139,2005,10,Rajasthan,Ajmer,84.45,5.79,69.0,508.0,1394.0,9.0,637.0,-0.8641732283464567,82.17,567.75,2.49,4.06,0.84,2.49,9.88,11.23
139,2006,10,Rajasthan,Ajmer,86.48,70.02,810.0,69.0,508.0,1394.0,657.0,10.73913043478261,84.45,907.28125,2.68,2.66,3.66,1.31,10.31,11.58
139,2007,10,Rajasthan,Ajmer,83.56,82.06,982.0,810.0,69.0,508.0,462.3333333333333,0.2123456790123457,86.48,1043.3548387096773,1.05,3.43,4.15,2.15,10.78,13.27
139,2008,10,Rajasthan,Ajmer,83.3,81.6,980.0,982.0,810.0,69.0,620.3333333333334,-0.0020366598778004397,83.56,1079.8181818181818,4.54,3.14,3.52,1.96,13.16,15.42
139,2009,10,Rajasthan,Ajmer,85.34,6.46,76.0,980.0,982.0,810.0,924.0,-0.9224489795918367,83.3,594.258064516129,1.19,4.36,2.54,0.65,8.74,10.13
139,2010,10,Rajasthan,Ajmer,94.32,128.4,1361.0,76.0,980.0,982.0,679.3333333333334,16.907894736842106,85.34,1232.6060606060605,1.11,5.27,6.86,3.76,17.0,19.4
139,2011,10,Rajasthan,Ajmer,74.55,95.33,1279.0,1361.0,76.0,980.0,805.6666666666666,-0.06024981631153559,94.32,1307.6363636363637,2.15,4.9,5.11,4.55,16.71,17.650000000000002
139,2012,10,Rajasthan,Ajmer,70.49,76.02,1078.0,1279.0,1361.0,76.0,905.3333333333334,-0.15715402658326816,74.55,1154.1818181818182,0.27,2.39,11.0,3.46,17.12,18.09
139,2013,10,Rajasthan,Ajmer,67.91,83.57,1231.0,1078.0,1279.0,1361.0,1239.3333333333333,0.1419294990723563,70.49,1063.7878787878788,3.0,5.52,6.27,2.63,17.419999999999998,19.55
139,2014,10,Rajasthan,Ajmer,69.44,93.13,1341.0,1231.0,1078.0,1279.0,1196.0,0.08935824532900072,67.91,1185.75,0.45,4.45,5.02,3.29,13.21,15.3
139,2015,10,Rajasthan,Ajmer,61.25,47.21,771.0,1341.0,1231.0,1078.0,1216.6666666666667,-0.4250559284116331,69.44,928.65625,2.36,5.33,2.72,0.47,10.88,14.02
139,2016,10,Rajasthan,Ajmer,61.71,60.53,981.0,771.0,1341.0,1231.0,1114.3333333333333,0.27237354085603105,61.25,1111.3939393939395,2.36,6.0,7.74,0.6,16.700000000000003,19.26
139,2017,10,Rajasthan,Ajmer,58.5,69.63,1190.0,981.0,771.0,1341.0,1031.0,0.21304791029561665,61.71,1012.3333333333334,3.19,6.15,2.76,1.1,13.2,16.580000000000002
139,2018,10,Rajasthan,Ajmer,61.48,102.44,1666.0,1190.0,981.0,771.0,980.6666666666666,0.3999999999999999,58.5,1085.6875,1.81,5.71,2.58,2.23,12.33,12.82
139,2019,10,Rajasthan,Ajmer,61.8,94.12,1523.0,1666.0,1190.0,981.0,1279.0,-0.08583433373349336,61.48,1246.3870967741937,0.79,8.72,9.57,2.6,21.680000000000003,23.6
140,1993,10,Rajasthan,Alwar,156.21,118.48,758.0,843.0,699.0,900.0,814.0,-0.10083036773428233,184.46,448.8965517241379,3.24,6.85,3.39,6.46,19.94,21.51
140,1994,10,Rajasthan,Alwar,183.88,223.45,1215.0,758.0,843.0,699.0,766.6666666666666,0.6029023746701847,156.21,649.0666666666667,2.06,10.16,6.78,1.69,20.69,22.48
140,1995,10,Rajasthan,Alwar,135.15,98.73,731.0,1215.0,758.0,843.0,938.6666666666666,-0.3983539094650206,183.88,366.48275862068965,1.05,3.93,12.17,3.74,20.89,23.49
140,1996,10,Rajasthan,Alwar,167.58,138.01,824.0,731.0,1215.0,758.0,901.3333333333334,0.12722298221614237,135.15,558.4666666666667,3.91,5.23,7.78,4.98,21.9,24.66
140,1997,10,Rajasthan,Alwar,166.76,169.27,1015.0,824.0,731.0,1215.0,923.3333333333334,0.23179611650485432,167.58,600.3666666666667,1.74,4.07,5.22,1.58,12.61,18.19
140,1998,10,Rajasthan,Alwar,183.98,225.71,1227.0,1015.0,824.0,731.0,856.6666666666666,0.20886699507389173,166.76,567.0967741935484,2.44,5.73,4.16,5.45,17.78,20.71
140,1999,10,Rajasthan,Alwar,182.63,204.54,1120.0,1227.0,1015.0,824.0,1022.0,-0.08720456397718013,183.98,468.3333333333333,0.92,3.19,3.47,1.88,9.46,11.07
140,2000,10,Rajasthan,Alwar,199.62,257.77,1291.0,1120.0,1227.0,1015.0,1120.6666666666667,0.15267857142857144,182.63,567.96875,2.25,4.59,2.85,0.75,10.44,12.12
140,2001,10,Rajasthan,Alwar,188.6,349.52,1853.0,1291.0,1120.0,1227.0,1212.6666666666667,0.43532145623547636,199.62,849.96875,2.51,4.88,2.78,0.77,10.94,13.51
140,2002,10,Rajasthan,Alwar,149.75,110.44,737.0,1853.0,1291.0,1120.0,1421.3333333333333,-0.6022665947112791,188.6,301.6333333333333,1.03,0.23,2.93,3.34,7.53,11.35
140,2003,10,Rajasthan,Alwar,232.92,402.6,1728.0,737.0,1853.0,1291.0,1293.6666666666667,1.344640434192673,149.75,1253.84375,2.94,9.19,4.07,2.61,18.81,20.93
140,2004,10,Rajasthan,Alwar,191.98,302.17,1574.0,1728.0,737.0,1853.0,1439.3333333333333,-0.08912037037037035,232.92,842.9677419354839,1.41,2.81,9.24,1.19,14.65,18.94
140,2005,10,Rajasthan,Alwar,219.53,273.94,1248.0,1574.0,1728.0,737.0,1346.3333333333333,-0.20711562897077507,191.98,567.75,2.21,6.61,1.45,3.58,13.85,15.65
140,2006,10,Rajasthan,Alwar,232.21,417.34,1797.0,1248.0,1574.0,1728.0,1516.6666666666667,0.43990384615384626,219.53,907.28125,3.35,5.52,2.22,1.93,13.02,15.07
140,2007,10,Rajasthan,Alwar,246.41,429.72,1744.0,1797.0,1248.0,1574.0,1539.6666666666667,-0.029493600445186452,232.21,1043.3548387096773,2.77,3.85,5.49,2.11,14.22,18.11
140,2008,10,Rajasthan,Alwar,226.35,380.46,1681.0,1744.0,1797.0,1248.0,1596.3333333333333,-0.036123853211009194,246.41,1079.8181818181818,3.88,5.32,4.76,3.66,17.619999999999997,20.59
140,2009,10,Rajasthan,Alwar,276.96,312.11,1127.0,1681.0,1744.0,1797.0,1740.6666666666667,-0.3295657346817371,226.35,594.258064516129,1.16,3.56,3.77,3.26,11.75,15.31
140,2010,10,Rajasthan,Alwar,273.15,508.36,1861.0,1127.0,1681.0,1744.0,1517.3333333333333,0.6512866015971606,276.96,1232.6060606060605,0.68,5.98,8.28,5.04,19.98,22.64
140,2011,10,Rajasthan,Alwar,267.79,552.94,2065.0,1861.0,1127.0,1681.0,1556.3333333333333,0.10961848468565294,273.15,1307.6363636363637,3.43,3.99,6.14,5.54,19.1,21.02
140,2012,10,Rajasthan,Alwar,240.77,477.22,1982.0,2065.0,1861.0,1127.0,1684.3333333333333,-0.040193704600484215,267.79,1154.1818181818182,0.25,4.99,12.68,3.07,20.99,22.3
140,2013,10,Rajasthan,Alwar,243.19,454.93,1871.0,1982.0,2065.0,1861.0,1969.3333333333333,-0.05600403632694251,240.77,1063.7878787878788,4.8,6.93,10.45,2.85,25.03,30.39
140,2014,10,Rajasthan,Alwar,250.0,505.04,2020.0,1871.0,1982.0,2065.0,1972.6666666666667,0.0796365579903795,243.19,1185.75,0.66,4.15,6.24,1.93,12.98,17.650000000000002
140,2015,10,Rajasthan,Alwar,262.03,467.39,1784.0,2020.0,1871.0,1982.0,1957.6666666666667,-0.11683168316831682,250.0,928.65625,1.55,4.49,4.94,0.88,11.86,17.68
140,2016,10,Rajasthan,Alwar,273.59,588.05,2149.0,1784.0,2020.0,1871.0,1891.6666666666667,0.20459641255605376,262.03,1111.3939393939395,1.85,12.19,5.94,0.87,20.85,22.29
140,2017,10,Rajasthan,Alwar,275.81,540.06,1958.0,2149.0,1784.0,2020.0,1984.3333333333333,-0.08887854816193574,273.59,1012.3333333333334,3.3,2.96,3.74,2.11,12.11,14.53
140,2018,10,Rajasthan,Alwar,273.83,569.71,2081.0,1958.0,2149.0,1784.0,1963.6666666666667,0.06281920326864143,275.81,1085.6875,2.17,9.42,5.7,4.34,21.63,23.9
140,2019,10,Rajasthan,Alwar,284.58,598.87,2104.0,2081.0,1958.0,2149.0,2062.6666666666665,0.01105237866410369,273.83,1246.3870967741937,0.38,5.13,6.68,3.39,15.58,19.64
141,1993,10,Rajasthan,Banswara,0.06,0.02,333.0,538.0,333.0,500.0,457.0,-0.3810408921933085,0.13,448.8965517241379,2.68,12.57,5.07,4.71,25.03,25.83
141,1994,10,Rajasthan,Banswara,0.02,0.01,500.0,333.0,538.0,333.0,401.3333333333333,0.5015015015015014,0.06,649.0666666666667,5.9,9.64,10.77,8.57,34.88,36.06
141,1996,10,Rajasthan,Banswara,0.03,0.01,333.0,500.0,333.0,538.0,457.0,-0.33399999999999996,0.02,558.4666666666667,1.88,12.66,8.3,4.1,26.94,28.9
141,1997,10,Rajasthan,Banswara,0.04,0.02,500.0,333.0,500.0,333.0,388.6666666666667,0.5015015015015014,0.03,600.3666666666667,9.37,10.01,8.81,1.95,30.14,32.71
141,1998,10,Rajasthan,Banswara,0.02,0.01,500.0,500.0,333.0,500.0,444.3333333333333,0.0,0.04,567.0967741935484,4.07,9.09,5.37,6.67,25.200000000000003,26.52
141,1999,10,Rajasthan,Banswara,0.04,0.01,250.0,500.0,500.0,333.0,444.3333333333333,-0.5,0.02,468.3333333333333,4.68,6.32,1.71,5.29,18.0,21.27
141,2000,10,Rajasthan,Banswara,0.08,0.04,500.0,250.0,500.0,500.0,416.6666666666667,1.0,0.04,567.96875,2.69,8.7,4.8,0.55,16.74,19.36
141,2001,10,Rajasthan,Banswara,0.11,0.08,727.0,500.0,250.0,500.0,416.6666666666667,0.45399999999999996,0.08,849.96875,4.83,5.9,4.15,0.43,15.31,17.3
141,2002,10,Rajasthan,Banswara,0.05,0.01,200.0,727.0,500.0,250.0,492.3333333333333,-0.7248968363136177,0.11,301.6333333333333,4.2,1.01,7.55,2.19,14.95,16.08
141,2003,10,Rajasthan,Banswara,0.06,0.07,1167.0,200.0,727.0,500.0,475.6666666666667,4.835,0.05,1253.84375,4.52,8.97,6.1,5.84,25.43,27.13
141,2004,10,Rajasthan,Banswara,0.05,0.03,600.0,1167.0,200.0,727.0,698.0,-0.48586118251928023,0.06,842.9677419354839,2.16,8.63,9.39,3.31,23.49,24.74
141,2005,10,Rajasthan,Banswara,0.1,0.04,400.0,600.0,1167.0,200.0,655.6666666666666,-0.33333333333333337,0.05,567.75,3.68,8.62,4.0,8.85,25.15,25.82
141,2006,10,Rajasthan,Banswara,0.09,0.06,667.0,400.0,600.0,1167.0,722.3333333333334,0.6675,0.1,907.28125,4.08,8.57,13.5,5.83,31.98,33.63
141,2007,10,Rajasthan,Banswara,0.12,0.1,833.0,667.0,400.0,600.0,555.6666666666666,0.2488755622188905,0.09,1043.3548387096773,4.35,9.82,8.48,2.85,25.5,26.71
141,2008,10,Rajasthan,Banswara,0.09,0.08,889.0,833.0,667.0,400.0,633.3333333333334,0.0672268907563025,0.12,1079.8181818181818,3.55,5.68,5.65,3.91,18.79,19.45
141,2009,10,Rajasthan,Banswara,0.17,0.07,412.0,889.0,833.0,667.0,796.3333333333334,-0.5365579302587177,0.09,594.258064516129,2.21,10.96,4.89,1.93,19.99,24.77
141,2010,10,Rajasthan,Banswara,0.17,0.19,1118.0,412.0,889.0,833.0,711.3333333333334,1.7135922330097086,0.17,1232.6060606060605,2.41,7.7,12.27,5.14,27.52,30.42
141,2011,10,Rajasthan,Banswara,0.1,0.13,1300.0,1118.0,412.0,889.0,806.3333333333334,0.16279069767441867,0.17,1307.6363636363637,3.08,7.4,13.28,4.5,28.26,28.38
141,2012,10,Rajasthan,Banswara,0.1,0.1,1000.0,1300.0,1118.0,412.0,943.3333333333334,-0.23076923076923073,0.1,1154.1818181818182,0.85,8.9,8.16,8.44,26.35,27.1
141,2013,10,Rajasthan,Banswara,0.05,0.05,1000.0,1000.0,1300.0,1118.0,1139.3333333333333,0.0,0.1,1063.7878787878788,6.23,14.99,6.86,4.29,32.37,35.83
141,2014,10,Rajasthan,Banswara,0.12,0.13,1083.0,1000.0,1000.0,1300.0,1100.0,0.08299999999999996,0.05,1185.75,0.3,10.58,5.31,6.75,22.94,24.74
141,2015,10,Rajasthan,Banswara,0.09,0.07,778.0,1083.0,1000.0,1000.0,1027.6666666666667,-0.28162511542012925,0.12,928.65625,4.82,9.99,6.11,1.85,22.770000000000003,25.12
141,2016,10,Rajasthan,Banswara,0.07,0.07,1000.0,778.0,1083.0,1000.0,953.6666666666666,0.28534704370179953,0.09,1111.3939393939395,2.53,8.73,15.13,2.11,28.5,30.47
141,2017,10,Rajasthan,Banswara,0.13,0.11,880.0,1000.0,778.0,1083.0,953.6666666666666,-0.12,0.07,1012.3333333333334,3.58,13.66,5.65,2.7,25.59,26.24
141,2018,10,Rajasthan,Banswara,0.15,0.13,892.0,880.0,1000.0,778.0,886.0,0.013636363636363669,0.13,1085.6875,3.78,8.92,6.12,2.68,21.5,21.56
141,2019,10,Rajasthan,Banswara,0.16,0.19,1184.0,892.0,880.0,1000.0,924.0,0.32735426008968616,0.15,1246.3870967741937,5.16,7.98,13.46,9.02,35.620000000000005,37.87
142,1993,10,Rajasthan,Barmer,806.22,14.62,18.0,198.0,45.0,244.0,162.33333333333334,-0.9090909090909091,1032.51,448.8965517241379,1.03,5.73,0.06,1.39,8.21,9.04
142,1994,10,Rajasthan,Barmer,931.77,251.78,270.0,18.0,198.0,45.0,87.0,14.0,806.22,649.0666666666667,0.3,2.97,2.95,3.27,9.49,10.13
142,1995,10,Rajasthan,Barmer,805.99,37.94,47.0,270.0,18.0,198.0,162.0,-0.825925925925926,931.77,366.48275862068965,0.56,2.85,1.3,0.1,4.81,5.82
142,1996,10,Rajasthan,Barmer,815.59,109.21,134.0,47.0,270.0,18.0,111.66666666666667,1.851063829787234,805.99,558.4666666666667,2.7,2.34,1.13,0.19,6.36,7.81
142,1997,10,Rajasthan,Barmer,882.88,250.55,284.0,134.0,47.0,270.0,150.33333333333334,1.1194029850746268,815.59,600.3666666666667,1.38,0.8,2.42,0.96,5.56,7.33
142,1998,10,Rajasthan,Barmer,763.92,15.93,21.0,284.0,134.0,47.0,155.0,-0.926056338028169,882.88,567.0967741935484,1.71,0.55,0.99,3.83,7.08,7.94
142,1999,10,Rajasthan,Barmer,699.89,21.03,30.0,21.0,284.0,134.0,146.33333333333334,0.4285714285714286,763.92,468.3333333333333,0.55,1.08,0.34,0.05,2.02,3.14
142,2000,10,Rajasthan,Barmer,911.35,179.48,197.0,30.0,21.0,284.0,111.66666666666667,5.566666666666666,699.89,567.96875,0.09,2.69,0.22,0.02,3.02,3.36
142,2001,10,Rajasthan,Barmer,957.67,249.08,260.0,197.0,30.0,21.0,82.66666666666667,0.31979695431472077,911.35,849.96875,0.83,2.91,1.41,0.14,5.29,6.39
142,2002,10,Rajasthan,Barmer,777.38,5.81,7.0,260.0,197.0,30.0,162.33333333333334,-0.9730769230769231,957.67,301.6333333333333,0.38,0.01,0.25,0.53,1.17,1.47
142,2003,10,Rajasthan,Barmer,1020.18,563.59,552.0,7.0,260.0,197.0,154.66666666666666,77.85714285714286,777.38,1253.84375,0.48,6.71,1.98,0.06,9.23,10.22
142,2004,10,Rajasthan,Barmer,812.0,182.94,225.0,552.0,7.0,260.0,273.0,-0.5923913043478262,1020.18,842.9677419354839,0.83,1.68,2.09,0.76,5.359999999999999,6.52
142,2005,10,Rajasthan,Barmer,921.72,68.96,75.0,225.0,552.0,7.0,261.3333333333333,-0.6666666666666667,812.0,567.75,0.74,0.71,0.92,1.38,3.75,4.94
142,2006,10,Rajasthan,Barmer,933.27,140.93,151.0,75.0,225.0,552.0,284.0,1.0133333333333332,921.72,907.28125,1.61,1.93,14.05,1.46,19.05,19.85
142,2007,10,Rajasthan,Barmer,960.4,166.44,173.0,151.0,75.0,225.0,150.33333333333334,0.14569536423841067,933.27,1043.3548387096773,0.83,1.45,2.25,1.04,5.569999999999999,7.32
142,2008,10,Rajasthan,Barmer,1011.4,131.2,130.0,173.0,151.0,75.0,133.0,-0.24855491329479773,960.4,1079.8181818181818,1.33,2.39,2.85,0.73,7.300000000000001,8.69
142,2009,10,Rajasthan,Barmer,956.74,18.4,19.0,130.0,173.0,151.0,151.33333333333334,-0.8538461538461538,1011.4,594.258064516129,0.88,4.11,1.25,0.02,6.26,6.7700000000000005
142,2010,10,Rajasthan,Barmer,945.07,529.02,560.0,19.0,130.0,173.0,107.33333333333333,28.473684210526315,956.74,1232.6060606060605,1.17,3.6,2.81,5.31,12.89,14.7
142,2011,10,Rajasthan,Barmer,878.74,576.88,656.0,560.0,19.0,130.0,236.33333333333334,0.17142857142857149,945.07,1307.6363636363637,0.02,1.84,6.8,4.24,12.9,13.21
142,2012,10,Rajasthan,Barmer,713.77,300.6,421.0,656.0,560.0,19.0,411.6666666666667,-0.3582317073170732,878.74,1154.1818181818182,0.08,0.97,4.66,6.7,12.41,12.6
142,2013,10,Rajasthan,Barmer,863.19,374.41,434.0,421.0,656.0,560.0,545.6666666666666,0.030878859857482288,713.77,1063.7878787878788,1.6,3.25,2.41,2.85,10.11,11.69
142,2014,10,Rajasthan,Barmer,752.05,206.82,275.0,434.0,421.0,656.0,503.6666666666667,-0.3663594470046083,863.19,1185.75,0.43,3.15,0.94,2.36,6.879999999999999,8.43
142,2015,10,Rajasthan,Barmer,779.2,112.7,145.0,275.0,434.0,421.0,376.6666666666667,-0.4727272727272728,752.05,928.65625,1.76,6.77,0.69,1.85,11.07,12.33
142,2016,10,Rajasthan,Barmer,795.06,118.86,150.0,145.0,275.0,434.0,284.6666666666667,0.034482758620689724,779.2,1111.3939393939395,0.67,1.04,6.65,0.02,8.379999999999999,9.12
142,2017,10,Rajasthan,Barmer,901.1,209.34,232.0,150.0,145.0,275.0,190.0,0.5466666666666666,795.06,1012.3333333333334,3.93,9.26,1.07,0.41,14.67,15.26
142,2018,10,Rajasthan,Barmer,900.42,126.75,141.0,232.0,150.0,145.0,175.66666666666666,-0.39224137931034486,901.1,1085.6875,2.68,0.85,1.25,0.17,4.95,4.98
142,2019,10,Rajasthan,Barmer,952.46,593.7,623.0,141.0,232.0,150.0,174.33333333333334,3.418439716312057,900.42,1246.3870967741937,0.97,1.95,3.79,2.17,8.879999999999999,13.03
143,1993,10,Rajasthan,Bharatpur,71.07,61.61,867.0,1390.0,521.0,830.0,913.6666666666666,-0.37625899280575537,80.92,448.8965517241379,2.28,5.06,3.3,10.22,20.86,22.14
143,1994,10,Rajasthan,Bharatpur,74.83,74.98,1002.0,867.0,1390.0,521.0,926.0,0.15570934256055358,71.07,649.0666666666667,3.14,10.87,5.76,1.04,20.81,22.38
143,1995,10,Rajasthan,Bharatpur,66.6,52.06,782.0,1002.0,867.0,1390.0,1086.3333333333333,-0.219560878243513,74.83,366.48275862068965,1.86,4.17,11.4,5.23,22.66,24.61
143,1996,10,Rajasthan,Bharatpur,69.21,78.84,1139.0,782.0,1002.0,867.0,883.6666666666666,0.4565217391304348,66.6,558.4666666666667,3.16,6.91,7.43,4.52,22.02,25.26
143,1997,10,Rajasthan,Bharatpur,86.47,103.29,1195.0,1139.0,782.0,1002.0,974.3333333333334,0.04916593503072875,69.21,600.3666666666667,1.68,3.61,4.48,1.99,11.76,17.18
143,1998,10,Rajasthan,Bharatpur,95.55,135.47,1418.0,1195.0,1139.0,782.0,1038.6666666666667,0.18661087866108783,86.47,567.0967741935484,2.19,6.8,5.35,4.67,19.01,21.41
143,1999,10,Rajasthan,Bharatpur,97.22,143.12,1472.0,1418.0,1195.0,1139.0,1250.6666666666667,0.038081805359661436,95.55,468.3333333333333,0.58,5.11,5.99,2.54,14.22,15.4
143,2000,10,Rajasthan,Bharatpur,124.55,166.93,1340.0,1472.0,1418.0,1195.0,1361.6666666666667,-0.08967391304347827,97.22,567.96875,1.79,4.41,2.49,0.85,9.54,10.57
143,2001,10,Rajasthan,Bharatpur,99.2,135.79,1369.0,1340.0,1472.0,1418.0,1410.0,0.02164179104477615,124.55,849.96875,2.26,5.29,2.99,0.81,11.35,13.31
143,2002,10,Rajasthan,Bharatpur,93.42,33.83,362.0,1369.0,1340.0,1472.0,1393.6666666666667,-0.7355734112490869,99.2,301.6333333333333,0.75,0.26,4.4,4.36,9.77,13.13
143,2003,10,Rajasthan,Bharatpur,109.18,182.63,1673.0,362.0,1369.0,1340.0,1023.6666666666666,3.6215469613259668,93.42,1253.84375,1.94,5.7,3.32,3.56,14.52,16.33
143,2004,10,Rajasthan,Bharatpur,92.23,118.26,1282.0,1673.0,362.0,1369.0,1134.6666666666667,-0.23371189479976096,109.18,842.9677419354839,1.2,3.84,7.65,2.41,15.1,18.29
143,2005,10,Rajasthan,Bharatpur,103.47,125.45,1212.0,1282.0,1673.0,362.0,1105.6666666666667,-0.0546021840873635,92.23,567.75,1.41,8.44,1.28,2.45,13.579999999999998,14.78
143,2006,10,Rajasthan,Bharatpur,103.73,160.5,1547.0,1212.0,1282.0,1673.0,1389.0,0.2764026402640265,103.47,907.28125,3.81,5.78,1.95,1.22,12.76,14.3
143,2007,10,Rajasthan,Bharatpur,111.93,173.32,1548.0,1547.0,1212.0,1282.0,1347.0,0.0006464124111182912,103.73,1043.3548387096773,2.84,3.62,4.34,1.46,12.260000000000002,15.14
143,2008,10,Rajasthan,Bharatpur,100.15,157.43,1572.0,1548.0,1547.0,1212.0,1435.6666666666667,0.015503875968992276,111.93,1079.8181818181818,4.11,6.97,5.15,3.48,19.71,21.22
143,2009,10,Rajasthan,Bharatpur,121.24,193.51,1596.0,1572.0,1548.0,1547.0,1555.6666666666667,0.01526717557251911,100.15,594.258064516129,1.07,3.3,2.79,3.44,10.6,15.72
143,2010,10,Rajasthan,Bharatpur,122.03,235.02,1926.0,1596.0,1572.0,1548.0,1572.0,0.20676691729323315,121.24,1232.6060606060605,1.08,3.96,4.98,5.06,15.079999999999998,17.75
143,2011,10,Rajasthan,Bharatpur,118.16,231.98,1963.0,1926.0,1596.0,1572.0,1698.0,0.019210799584631344,122.03,1307.6363636363637,4.46,4.74,6.82,3.89,19.91,21.56
143,2012,10,Rajasthan,Bharatpur,107.07,176.91,1652.0,1963.0,1926.0,1596.0,1828.3333333333333,-0.15843097300050946,118.16,1154.1818181818182,0.4,7.72,11.4,3.84,23.36,24.76
143,2013,10,Rajasthan,Bharatpur,102.49,194.12,1894.0,1652.0,1963.0,1926.0,1847.0,0.14648910411622285,107.07,1063.7878787878788,5.64,6.5,11.72,3.19,27.05,33.77
143,2014,10,Rajasthan,Bharatpur,106.99,190.51,1781.0,1894.0,1652.0,1963.0,1836.3333333333333,-0.059662090813093926,102.49,1185.75,0.66,4.35,6.64,1.79,13.439999999999998,18.72
143,2015,10,Rajasthan,Bharatpur,106.36,173.66,1633.0,1781.0,1894.0,1652.0,1775.6666666666667,-0.08309938236945535,106.99,928.65625,1.54,4.5,5.17,1.93,13.14,19.88
143,2016,10,Rajasthan,Bharatpur,114.23,214.0,1873.0,1633.0,1781.0,1894.0,1769.3333333333333,0.14696876913655843,106.36,1111.3939393939395,1.97,14.06,6.91,1.05,23.99,25.59
143,2017,10,Rajasthan,Bharatpur,126.93,185.98,1465.0,1873.0,1633.0,1781.0,1762.3333333333333,-0.21783235451147887,114.23,1012.3333333333334,2.61,3.82,4.99,2.32,13.74,15.84
143,2018,10,Rajasthan,Bharatpur,128.92,226.21,1755.0,1465.0,1873.0,1633.0,1657.0,0.1979522184300342,126.93,1085.6875,2.85,10.56,7.92,4.39,25.72,27.98
143,2019,10,Rajasthan,Bharatpur,135.33,292.66,2162.0,1755.0,1465.0,1873.0,1697.6666666666667,0.23190883190883183,128.92,1246.3870967741937,0.76,5.45,7.86,6.68,20.75,23.57
144,1993,10,Rajasthan,Bhilwara,0.97,0.29,299.0,582.0,230.0,516.0,442.6666666666667,-0.4862542955326461,1.82,448.8965517241379,3.05,7.02,3.83,4.21,18.11,19.24
144,1994,10,Rajasthan,Bhilwara,1.15,0.7,609.0,299.0,582.0,230.0,370.3333333333333,1.036789297658863,0.97,649.0666666666667,2.33,8.05,7.05,2.61,20.04,21.46
144,1995,10,Rajasthan,Bhilwara,0.72,0.23,319.0,609.0,299.0,582.0,496.6666666666667,-0.47619047619047616,1.15,366.48275862068965,0.58,8.36,8.14,1.17,18.25,20.1
144,1996,10,Rajasthan,Bhilwara,0.85,0.42,494.0,319.0,609.0,299.0,409.0,0.5485893416927901,0.72,558.4666666666667,2.04,6.72,8.1,2.96,19.82,21.32
144,1997,10,Rajasthan,Bhilwara,0.87,0.46,529.0,494.0,319.0,609.0,474.0,0.07085020242914974,0.85,600.3666666666667,1.81,4.37,9.11,1.44,16.73,19.96
144,1998,10,Rajasthan,Bhilwara,0.88,0.38,432.0,529.0,494.0,319.0,447.3333333333333,-0.18336483931947067,0.87,567.0967741935484,1.67,7.06,2.04,4.49,15.26,16.35
144,1999,10,Rajasthan,Bhilwara,0.89,0.31,348.0,432.0,529.0,494.0,485.0,-0.19444444444444442,0.88,468.3333333333333,1.05,4.83,2.55,1.6,10.03,12.1
144,2000,10,Rajasthan,Bhilwara,0.86,0.38,442.0,348.0,432.0,529.0,436.3333333333333,0.2701149425287357,0.89,567.96875,1.21,5.2,2.67,0.67,9.75,11.47
144,2001,10,Rajasthan,Bhilwara,1.29,0.96,744.0,442.0,348.0,432.0,407.3333333333333,0.6832579185520362,0.86,849.96875,3.87,9.23,2.87,0.25,16.220000000000002,18.23
144,2002,10,Rajasthan,Bhilwara,2.33,0.52,223.0,744.0,442.0,348.0,511.3333333333333,-0.700268817204301,1.29,301.6333333333333,1.39,1.05,4.18,1.39,8.01,9.6
144,2003,10,Rajasthan,Bhilwara,3.58,4.07,1137.0,223.0,744.0,442.0,469.6666666666667,4.098654708520179,2.33,1253.84375,2.41,5.46,3.06,2.06,12.99,15.01
144,2004,10,Rajasthan,Bhilwara,2.27,1.49,656.0,1137.0,223.0,744.0,701.3333333333334,-0.42304309586631483,3.58,842.9677419354839,1.34,4.32,11.21,0.97,17.84,19.3
144,2005,10,Rajasthan,Bhilwara,2.25,0.98,436.0,656.0,1137.0,223.0,672.0,-0.33536585365853655,2.27,567.75,1.85,7.32,1.78,4.63,15.579999999999998,16.43
144,2006,10,Rajasthan,Bhilwara,2.63,4.53,1722.0,436.0,656.0,1137.0,743.0,2.94954128440367,2.25,907.28125,3.27,5.34,10.13,2.31,21.05,22.11
144,2007,10,Rajasthan,Bhilwara,2.91,2.86,983.0,1722.0,436.0,656.0,938.0,-0.4291521486643438,2.63,1043.3548387096773,2.42,7.05,5.04,3.07,17.58,19.19
144,2008,10,Rajasthan,Bhilwara,2.72,3.94,1449.0,983.0,1722.0,436.0,1047.0,0.4740590030518821,2.91,1079.8181818181818,4.79,5.04,3.82,2.87,16.52,18.14
144,2009,10,Rajasthan,Bhilwara,3.17,0.6,189.0,1449.0,983.0,1722.0,1384.6666666666667,-0.8695652173913043,2.72,594.258064516129,1.37,7.07,2.9,0.71,12.05,13.87
144,2010,10,Rajasthan,Bhilwara,5.11,5.67,1110.0,189.0,1449.0,983.0,873.6666666666666,4.873015873015873,3.17,1232.6060606060605,0.99,5.76,9.15,3.23,19.13,21.6
144,2011,10,Rajasthan,Bhilwara,2.88,2.38,826.0,1110.0,189.0,1449.0,916.0,-0.2558558558558559,5.11,1307.6363636363637,5.43,5.95,8.28,5.04,24.7,25.33
144,2012,10,Rajasthan,Bhilwara,2.1,3.92,1867.0,826.0,1110.0,189.0,708.3333333333334,1.2602905569007263,2.88,1154.1818181818182,0.62,5.23,10.51,5.16,21.52,22.57
144,2013,10,Rajasthan,Bhilwara,2.03,2.49,1227.0,1867.0,826.0,1110.0,1267.6666666666667,-0.3427959292983396,2.1,1063.7878787878788,3.09,10.8,6.28,3.48,23.65,26.87
144,2014,10,Rajasthan,Bhilwara,2.1,2.63,1252.0,1227.0,1867.0,826.0,1306.6666666666667,0.02037489812550941,2.03,1185.75,0.38,7.28,7.58,3.72,18.96,21.02
144,2015,10,Rajasthan,Bhilwara,2.17,1.72,793.0,1252.0,1227.0,1867.0,1448.6666666666667,-0.36661341853035145,2.1,928.65625,2.32,8.17,5.93,1.0,17.42,21.16
144,2016,10,Rajasthan,Bhilwara,2.22,3.09,1393.0,793.0,1252.0,1227.0,1090.6666666666667,0.7566204287515763,2.17,1111.3939393939395,2.94,7.88,17.1,1.31,29.23,31.450000000000003
144,2017,10,Rajasthan,Bhilwara,2.31,2.49,1080.0,1393.0,793.0,1252.0,1146.0,-0.2246949030868629,2.22,1012.3333333333334,2.7,7.84,4.63,1.13,16.299999999999997,17.97
144,2018,10,Rajasthan,Bhilwara,2.25,3.54,1576.0,1080.0,1393.0,793.0,1088.6666666666667,0.45925925925925926,2.31,1085.6875,1.96,7.55,5.06,4.94,19.51,19.79
144,2019,10,Rajasthan,Bhilwara,2.95,1.19,403.0,1576.0,1080.0,1393.0,1349.6666666666667,-0.7442893401015229,2.25,1246.3870967741937,3.49,10.91,13.32,6.67,34.39,36.52
145,1993,10,Rajasthan,Bikaner,242.82,18.8,77.0,902.0,153.0,357.0,470.6666666666667,-0.9146341463414634,242.96,448.8965517241379,1.01,4.18,0.2,1.39,6.779999999999999,7.359999999999999
145,1994,10,Rajasthan,Bikaner,284.86,46.42,163.0,77.0,902.0,153.0,377.3333333333333,1.116883116883117,242.82,649.0666666666667,0.79,6.63,1.58,1.41,10.41,11.46
145,1995,10,Rajasthan,Bikaner,255.42,53.63,210.0,163.0,77.0,902.0,380.6666666666667,0.2883435582822085,284.86,366.48275862068965,0.52,6.41,1.76,0.58,9.27,11.94
145,1996,10,Rajasthan,Bikaner,275.63,116.7,423.0,210.0,163.0,77.0,150.0,1.0142857142857142,255.42,558.4666666666667,5.11,1.93,1.97,0.34,9.35,11.13
145,1997,10,Rajasthan,Bikaner,239.83,135.14,563.0,423.0,210.0,163.0,265.3333333333333,0.33096926713947994,275.63,600.3666666666667,2.69,0.61,2.08,0.54,5.92,11.46
145,1998,10,Rajasthan,Bikaner,193.82,72.59,375.0,563.0,423.0,210.0,398.6666666666667,-0.3339253996447602,239.83,567.0967741935484,1.14,4.65,0.64,1.77,8.2,11.42
145,2000,10,Rajasthan,Bikaner,199.28,38.14,191.0,375.0,563.0,423.0,453.6666666666667,-0.4906666666666667,193.82,567.96875,0.56,1.69,0.39,0.07,2.71,3.04
145,2001,10,Rajasthan,Bikaner,274.45,107.24,391.0,191.0,375.0,563.0,376.3333333333333,1.0471204188481678,199.28,849.96875,1.71,1.61,1.19,0.22,4.73,6.95
145,2002,10,Rajasthan,Bikaner,14.65,2.22,152.0,391.0,191.0,375.0,319.0,-0.6112531969309463,274.45,301.6333333333333,0.2,0.0,0.4,0.19,0.79,1.58
145,2003,10,Rajasthan,Bikaner,302.07,297.97,986.0,152.0,391.0,191.0,244.66666666666666,5.4868421052631575,14.65,1253.84375,0.45,5.35,0.93,1.18,7.909999999999999,9.15
145,2004,10,Rajasthan,Bikaner,146.22,35.19,241.0,986.0,152.0,391.0,509.6666666666667,-0.755578093306288,302.07,842.9677419354839,0.74,0.38,2.36,0.32,3.8,4.859999999999999
145,2005,10,Rajasthan,Bikaner,217.36,38.42,177.0,241.0,986.0,152.0,459.6666666666667,-0.2655601659751037,146.22,567.75,0.77,2.34,0.11,2.2,5.42,7.54
145,2006,10,Rajasthan,Bikaner,171.92,26.09,152.0,177.0,241.0,986.0,468.0,-0.14124293785310738,217.36,907.28125,1.67,0.7,1.17,1.78,5.32,7.229999999999999
145,2007,10,Rajasthan,Bikaner,202.29,96.37,476.0,152.0,177.0,241.0,190.0,2.1315789473684212,171.92,1043.3548387096773,1.14,1.09,1.14,1.65,5.02,9.04
145,2008,10,Rajasthan,Bikaner,256.9,155.78,606.0,476.0,152.0,177.0,268.3333333333333,0.2731092436974789,202.29,1079.8181818181818,2.59,0.94,2.53,0.2,6.26,9.34
145,2009,10,Rajasthan,Bikaner,247.15,18.88,76.0,606.0,476.0,152.0,411.3333333333333,-0.8745874587458746,256.9,594.258064516129,0.75,4.19,0.89,0.37,6.2,7.83
145,2010,10,Rajasthan,Bikaner,252.55,137.65,545.0,76.0,606.0,476.0,386.0,6.171052631578948,247.15,1232.6060606060605,2.17,2.52,2.12,3.15,9.96,11.25
145,2011,10,Rajasthan,Bikaner,206.51,200.22,970.0,545.0,76.0,606.0,409.0,0.7798165137614679,252.55,1307.6363636363637,0.49,5.33,1.88,3.86,11.56,12.9
145,2012,10,Rajasthan,Bikaner,63.44,13.12,207.0,970.0,545.0,76.0,530.3333333333334,-0.7865979381443299,206.51,1154.1818181818182,0.18,0.18,5.49,2.8,8.65,10.46
145,2013,10,Rajasthan,Bikaner,118.84,60.1,506.0,207.0,970.0,545.0,574.0,1.4444444444444446,63.44,1063.7878787878788,1.16,4.0,3.28,0.46,8.9,10.74
145,2014,10,Rajasthan,Bikaner,90.18,50.53,560.0,506.0,207.0,970.0,561.0,0.10671936758893286,118.84,1185.75,1.88,1.53,0.83,2.57,6.8100000000000005,8.969999999999999
145,2015,10,Rajasthan,Bikaner,84.85,27.07,319.0,560.0,506.0,207.0,424.3333333333333,-0.4303571428571429,90.18,928.65625,2.78,4.62,1.77,0.74,9.91,14.02
145,2016,10,Rajasthan,Bikaner,117.99,80.35,681.0,319.0,560.0,506.0,461.6666666666667,1.134796238244514,84.85,1111.3939393939395,1.77,2.17,5.27,0.08,9.29,11.26
145,2017,10,Rajasthan,Bikaner,124.37,60.14,484.0,681.0,319.0,560.0,520.0,-0.28928046989721,117.99,1012.3333333333334,2.47,1.99,2.24,0.38,7.08,9.58
145,2018,10,Rajasthan,Bikaner,124.13,43.65,352.0,484.0,681.0,319.0,494.6666666666667,-0.2727272727272727,124.37,1085.6875,2.03,6.85,0.98,0.12,9.98,10.53
145,2019,10,Rajasthan,Bikaner,92.12,27.45,298.0,352.0,484.0,681.0,505.6666666666667,-0.15340909090909094,124.13,1246.3870967741937,0.65,1.4,4.59,0.44,7.08,11.67
146,1993,10,Rajasthan,Bundi,0.54,0.16,296.0,576.0,228.0,510.0,438.0,-0.48611111111111116,0.85,448.8965517241379,3.1,7.18,4.17,4.49,18.94,20.07
146,1994,10,Rajasthan,Bundi,0.4,0.24,600.0,296.0,576.0,228.0,366.6666666666667,1.0270270270270272,0.54,649.0666666666667,2.47,8.41,7.0,2.66,20.540000000000003,21.98
146,1995,10,Rajasthan,Bundi,0.33,0.1,303.0,600.0,296.0,576.0,490.6666666666667,-0.495,0.4,366.48275862068965,0.61,9.45,9.16,1.44,20.66,22.61
146,1996,10,Rajasthan,Bundi,0.52,0.25,481.0,303.0,600.0,296.0,399.6666666666667,0.5874587458745875,0.33,558.4666666666667,1.73,7.09,8.68,3.17,20.67,22.19
146,1997,10,Rajasthan,Bundi,0.72,0.38,528.0,481.0,303.0,600.0,461.3333333333333,0.09771309771309777,0.52,600.3666666666667,1.81,4.46,9.44,1.34,17.05,20.4
146,1998,10,Rajasthan,Bundi,0.68,0.29,426.0,528.0,481.0,303.0,437.3333333333333,-0.19318181818181823,0.72,567.0967741935484,1.54,7.55,2.09,4.47,15.65,16.65
146,1999,10,Rajasthan,Bundi,0.47,0.16,340.0,426.0,528.0,481.0,478.3333333333333,-0.2018779342723005,0.68,468.3333333333333,1.02,5.1,2.69,1.89,10.7,12.86
146,2000,10,Rajasthan,Bundi,1.0,0.44,440.0,340.0,426.0,528.0,431.3333333333333,0.2941176470588236,0.47,567.96875,1.28,5.22,2.89,0.74,10.13,11.89
146,2001,10,Rajasthan,Bundi,1.76,1.31,744.0,440.0,340.0,426.0,402.0,0.6909090909090909,1.0,849.96875,4.27,10.45,2.68,0.18,17.58,19.83
146,2002,10,Rajasthan,Bundi,2.52,0.56,222.0,744.0,440.0,340.0,508.0,-0.7016129032258065,1.76,301.6333333333333,1.24,1.28,4.53,1.56,8.610000000000001,10.39
146,2003,10,Rajasthan,Bundi,9.1,10.34,1136.0,222.0,744.0,440.0,468.6666666666667,4.117117117117117,2.52,1253.84375,2.62,5.66,3.49,2.26,14.03,16.27
146,2004,10,Rajasthan,Bundi,2.08,1.37,659.0,1136.0,222.0,744.0,700.6666666666666,-0.4198943661971831,9.1,842.9677419354839,1.34,3.97,12.87,0.74,18.92,20.53
146,2005,10,Rajasthan,Bundi,2.38,1.03,433.0,659.0,1136.0,222.0,672.3333333333334,-0.3429438543247344,2.08,567.75,1.9,8.45,1.54,4.56,16.45,17.25
146,2006,10,Rajasthan,Bundi,2.2,2.05,932.0,433.0,659.0,1136.0,742.6666666666666,1.1524249422632793,2.38,907.28125,3.37,5.98,10.63,2.45,22.430000000000003,23.610000000000003
146,2007,10,Rajasthan,Bundi,4.1,5.45,1329.0,932.0,433.0,659.0,674.6666666666666,0.4259656652360515,2.2,1043.3548387096773,2.46,7.92,5.32,3.64,19.34,20.98
146,2008,10,Rajasthan,Bundi,2.56,3.14,1227.0,1329.0,932.0,433.0,898.0,-0.07674943566591419,4.1,1079.8181818181818,5.37,5.27,3.75,3.05,17.44,19.16
146,2009,10,Rajasthan,Bundi,3.18,2.61,821.0,1227.0,1329.0,932.0,1162.6666666666667,-0.3308883455582722,2.56,594.258064516129,1.36,7.29,2.79,0.71,12.150000000000002,14.16
146,2010,10,Rajasthan,Bundi,4.88,5.42,1111.0,821.0,1227.0,1329.0,1125.6666666666667,0.35322777101096214,3.18,1232.6060606060605,0.96,5.6,9.46,3.04,19.06,21.56
146,2011,10,Rajasthan,Bundi,2.43,3.18,1309.0,1111.0,821.0,1227.0,1053.0,0.17821782178217815,4.88,1307.6363636363637,6.66,6.49,8.65,5.23,27.03,27.71
146,2012,10,Rajasthan,Bundi,1.93,2.93,1518.0,1309.0,1111.0,821.0,1080.3333333333333,0.1596638655462186,2.43,1154.1818181818182,0.73,5.38,10.92,5.16,22.19,23.32
146,2013,10,Rajasthan,Bundi,1.37,1.24,905.0,1518.0,1309.0,1111.0,1312.6666666666667,-0.40382081686429516,1.93,1063.7878787878788,3.42,11.84,7.2,3.76,26.22,29.95
146,2014,10,Rajasthan,Bundi,1.6,1.48,925.0,905.0,1518.0,1309.0,1244.0,0.022099447513812098,1.37,1185.75,0.42,8.15,8.73,3.35,20.65,22.99
146,2015,10,Rajasthan,Bundi,1.36,1.48,1088.0,925.0,905.0,1518.0,1116.0,0.1762162162162162,1.6,928.65625,2.53,10.04,6.97,1.14,20.68,25.47
146,2016,10,Rajasthan,Bundi,1.13,1.35,1195.0,1088.0,925.0,905.0,972.6666666666666,0.09834558823529416,1.36,1111.3939393939395,3.35,8.98,16.82,1.65,30.8,32.52
146,2017,10,Rajasthan,Bundi,0.92,1.57,1706.0,1195.0,1088.0,925.0,1069.3333333333333,0.4276150627615063,1.13,1012.3333333333334,2.5,6.55,5.03,1.39,15.470000000000002,16.83
146,2018,10,Rajasthan,Bundi,1.12,1.0,892.0,1706.0,1195.0,1088.0,1329.6666666666667,-0.4771395076201641,0.92,1085.6875,2.92,8.75,6.07,7.35,25.090000000000003,25.41
146,2019,10,Rajasthan,Bundi,1.61,1.92,1186.0,892.0,1706.0,1195.0,1264.3333333333333,0.32959641255605376,1.12,1246.3870967741937,3.79,13.37,13.75,6.99,37.9,40.05
147,1993,10,Rajasthan,Chittorgarh,0.06,0.02,333.0,588.0,250.0,600.0,479.3333333333333,-0.4336734693877551,0.17,448.8965517241379,2.81,10.09,4.51,4.88,22.29,23.19
147,1994,10,Rajasthan,Chittorgarh,0.05,0.03,600.0,333.0,588.0,250.0,390.3333333333333,0.8018018018018018,0.06,649.0666666666667,3.79,9.45,8.48,5.03,26.75,28.03
147,1995,10,Rajasthan,Chittorgarh,0.11,0.03,273.0,600.0,333.0,588.0,507.0,-0.5449999999999999,0.05,366.48275862068965,0.85,6.98,5.56,1.9,15.29,17.3
147,1996,10,Rajasthan,Chittorgarh,0.05,0.02,400.0,273.0,600.0,333.0,402.0,0.4652014652014651,0.11,558.4666666666667,1.86,9.51,9.15,3.0,23.52,24.98
147,1997,10,Rajasthan,Chittorgarh,0.06,0.03,500.0,400.0,273.0,600.0,424.3333333333333,0.25,0.05,600.3666666666667,5.05,5.91,10.49,1.65,23.1,25.59
147,1998,10,Rajasthan,Chittorgarh,0.04,0.02,500.0,500.0,400.0,273.0,391.0,0.0,0.06,567.0967741935484,2.68,8.63,3.43,5.18,19.92,20.95
147,2000,10,Rajasthan,Chittorgarh,0.03,0.02,667.0,500.0,500.0,400.0,466.6666666666667,0.3340000000000001,0.04,567.96875,1.81,7.19,3.59,0.69,13.28,15.44
147,2001,10,Rajasthan,Chittorgarh,0.05,0.04,800.0,667.0,500.0,500.0,555.6666666666666,0.199400299850075,0.03,849.96875,3.96,7.62,4.49,0.49,16.56,17.93
147,2002,10,Rajasthan,Chittorgarh,0.04,0.01,250.0,800.0,667.0,500.0,655.6666666666666,-0.6875,0.05,301.6333333333333,2.65,0.79,6.14,1.63,11.21,12.28
147,2003,10,Rajasthan,Chittorgarh,0.04,0.05,1250.0,250.0,800.0,667.0,572.3333333333334,4.0,0.04,1253.84375,2.37,6.15,3.13,2.84,14.489999999999998,16.0
147,2004,10,Rajasthan,Chittorgarh,0.03,0.02,667.0,1250.0,250.0,800.0,766.6666666666666,-0.46640000000000004,0.04,842.9677419354839,1.57,7.59,8.69,2.4,20.25,21.13
147,2005,10,Rajasthan,Chittorgarh,0.03,0.01,333.0,667.0,1250.0,250.0,722.3333333333334,-0.5007496251874063,0.03,567.75,1.86,7.19,3.51,7.3,19.86,20.85
147,2006,10,Rajasthan,Chittorgarh,0.02,0.01,500.0,333.0,667.0,1250.0,750.0,0.5015015015015014,0.03,907.28125,3.7,6.51,13.28,3.97,27.46,28.54
147,2007,10,Rajasthan,Chittorgarh,0.03,0.02,667.0,500.0,333.0,667.0,500.0,0.3340000000000001,0.02,1043.3548387096773,3.71,7.73,5.96,2.14,19.540000000000003,20.69
147,2008,10,Rajasthan,Chittorgarh,0.03,0.03,1000.0,667.0,500.0,333.0,500.0,0.4992503748125936,0.03,1079.8181818181818,3.65,6.28,4.93,3.41,18.27,19.15
147,2009,10,Rajasthan,Chittorgarh,0.01,0.01,1000.0,1000.0,667.0,500.0,722.3333333333334,0.0,0.03,594.258064516129,1.96,9.24,4.2,1.17,16.57,19.21
147,2010,10,Rajasthan,Chittorgarh,0.02,0.02,1000.0,1000.0,1000.0,667.0,889.0,0.0,0.01,1232.6060606060605,1.55,8.03,10.94,4.09,24.61,27.28
147,2011,10,Rajasthan,Chittorgarh,0.03,0.03,1000.0,1000.0,1000.0,1000.0,1000.0,0.0,0.02,1307.6363636363637,4.4,6.75,10.24,5.4,26.79,27.05
147,2012,10,Rajasthan,Chittorgarh,0.02,0.02,1000.0,1000.0,1000.0,1000.0,1000.0,0.0,0.03,1154.1818181818182,0.54,8.03,9.65,7.04,25.26,26.12
147,2013,10,Rajasthan,Chittorgarh,0.01,0.01,1000.0,1000.0,1000.0,1000.0,1000.0,0.0,0.02,1063.7878787878788,3.11,12.89,4.76,3.12,23.88,26.65
147,2014,10,Rajasthan,Chittorgarh,0.03,0.03,1000.0,1000.0,1000.0,1000.0,1000.0,0.0,0.01,1185.75,0.39,7.56,5.9,5.99,19.84,21.46
147,2015,10,Rajasthan,Chittorgarh,0.06,0.05,833.0,1000.0,1000.0,1000.0,1000.0,-0.16700000000000004,0.03,928.65625,2.79,7.17,6.88,1.26,18.1,20.24
147,2016,10,Rajasthan,Chittorgarh,0.23,0.23,996.0,833.0,1000.0,1000.0,944.3333333333334,0.19567827130852344,0.06,1111.3939393939395,1.9,9.04,19.66,0.84,31.44,33.9
147,2017,10,Rajasthan,Chittorgarh,0.03,0.03,871.0,996.0,833.0,1000.0,943.0,-0.12550200803212852,0.23,1012.3333333333334,3.77,11.98,4.87,1.66,22.28,23.3
147,2018,10,Rajasthan,Chittorgarh,0.07,0.06,894.0,871.0,996.0,833.0,900.0,0.02640642939150406,0.03,1085.6875,1.96,8.62,4.74,3.78,19.1,19.23
147,2019,10,Rajasthan,Chittorgarh,0.1,0.12,1186.0,894.0,871.0,996.0,920.3333333333334,0.3266219239373602,0.07,1246.3870967741937,3.71,6.5,14.93,7.18,32.32,35.1
148,1993,10,Rajasthan,Churu,401.82,80.01,199.0,641.0,134.0,299.0,358.0,-0.6895475819032761,427.14,448.8965517241379,2.14,4.7,1.34,2.62,10.8,12.2
148,1994,10,Rajasthan,Churu,444.06,115.21,259.0,199.0,641.0,134.0,324.6666666666667,0.3015075376884422,401.82,649.0666666666667,1.37,7.5,4.93,2.12,15.920000000000002,17.37
148,1995,10,Rajasthan,Churu,428.0,116.19,271.0,259.0,199.0,641.0,366.3333333333333,0.04633204633204624,444.06,366.48275862068965,1.34,5.7,7.43,1.82,16.29,19.02
148,1996,10,Rajasthan,Churu,487.99,334.11,685.0,271.0,259.0,199.0,243.0,1.5276752767527677,428.0,558.4666666666667,4.32,3.07,4.28,2.79,14.46,17.13
148,1997,10,Rajasthan,Churu,480.23,296.85,618.0,685.0,271.0,259.0,405.0,-0.09781021897810216,487.99,600.3666666666667,1.68,4.04,6.14,0.69,12.55,19.18
148,1998,10,Rajasthan,Churu,440.67,76.5,174.0,618.0,685.0,271.0,524.6666666666666,-0.7184466019417476,480.23,567.0967741935484,1.42,5.6,1.4,4.6,13.02,17.18
148,1999,10,Rajasthan,Churu,402.54,27.68,69.0,174.0,618.0,685.0,492.3333333333333,-0.603448275862069,440.67,468.3333333333333,0.81,1.64,0.85,0.66,3.96,5.31
148,2000,10,Rajasthan,Churu,422.52,52.28,124.0,69.0,174.0,618.0,287.0,0.7971014492753623,402.54,567.96875,1.03,2.65,1.38,0.3,5.359999999999999,6.52
148,2001,10,Rajasthan,Churu,483.25,351.59,728.0,124.0,69.0,174.0,122.33333333333333,4.870967741935484,422.52,849.96875,2.82,3.93,3.49,0.36,10.6,13.96
148,2002,10,Rajasthan,Churu,294.22,5.23,18.0,728.0,124.0,69.0,307.0,-0.9752747252747253,483.25,301.6333333333333,0.77,0.11,1.41,0.83,3.12,5.67
148,2003,10,Rajasthan,Churu,455.57,394.43,866.0,18.0,728.0,124.0,290.0,47.111111111111114,294.22,1253.84375,1.45,8.33,3.06,1.64,14.48,16.54
148,2004,10,Rajasthan,Churu,404.43,78.28,194.0,866.0,18.0,728.0,537.3333333333334,-0.7759815242494226,455.57,842.9677419354839,1.37,1.38,6.27,0.55,9.57,13.01
148,2005,10,Rajasthan,Churu,427.93,54.95,128.0,194.0,866.0,18.0,359.3333333333333,-0.3402061855670103,404.43,567.75,2.28,4.62,0.42,3.37,10.69,13.8
148,2006,10,Rajasthan,Churu,430.4,154.86,360.0,128.0,194.0,866.0,396.0,1.8125,427.93,907.28125,2.87,2.45,1.28,2.01,8.61,10.88
148,2007,10,Rajasthan,Churu,418.32,252.84,604.0,360.0,128.0,194.0,227.33333333333334,0.6777777777777778,430.4,1043.3548387096773,2.73,2.19,3.33,2.3,10.55,14.87
148,2008,10,Rajasthan,Churu,427.99,335.07,783.0,604.0,360.0,128.0,364.0,0.29635761589403975,418.32,1079.8181818181818,4.42,3.04,3.94,2.16,13.56,16.26
148,2009,10,Rajasthan,Churu,407.61,8.58,21.0,783.0,604.0,360.0,582.3333333333334,-0.9731800766283525,427.99,594.258064516129,1.09,3.65,1.74,2.54,9.02,11.18
148,2010,10,Rajasthan,Churu,402.91,249.73,620.0,21.0,783.0,604.0,469.3333333333333,28.523809523809526,407.61,1232.6060606060605,1.53,5.33,5.99,4.31,17.16,19.15
148,2011,10,Rajasthan,Churu,404.19,293.96,727.0,620.0,21.0,783.0,474.6666666666667,0.17258064516129035,402.91,1307.6363636363637,1.62,4.61,3.76,6.14,16.13,18.46
148,2012,10,Rajasthan,Churu,275.6,149.71,543.0,727.0,620.0,21.0,456.0,-0.2530949105914718,404.19,1154.1818181818182,0.33,1.51,9.83,2.75,14.42,16.01
148,2013,10,Rajasthan,Churu,326.23,185.27,568.0,543.0,727.0,620.0,630.0,0.046040515653775316,275.6,1063.7878787878788,3.01,5.39,6.63,1.69,16.72,19.38
148,2014,10,Rajasthan,Churu,299.57,196.02,654.0,568.0,543.0,727.0,612.6666666666666,0.15140845070422526,326.23,1185.75,1.16,3.12,2.85,2.84,9.97,12.9
148,2015,10,Rajasthan,Churu,289.77,141.63,489.0,654.0,568.0,543.0,588.3333333333334,-0.2522935779816514,299.57,928.65625,2.88,5.13,3.21,0.51,11.73,16.84
148,2016,10,Rajasthan,Churu,258.88,127.43,492.0,489.0,654.0,568.0,570.3333333333334,0.006134969325153339,289.77,1111.3939393939395,1.47,7.03,4.94,0.66,14.1,16.36
148,2017,10,Rajasthan,Churu,266.15,106.08,399.0,492.0,489.0,654.0,545.0,-0.18902439024390238,258.88,1012.3333333333334,2.87,2.86,2.02,0.66,8.41,11.06
148,2018,10,Rajasthan,Churu,265.9,117.85,443.0,399.0,492.0,489.0,460.0,0.11027568922305764,266.15,1085.6875,2.31,7.21,2.32,1.86,13.7,15.24
148,2019,10,Rajasthan,Churu,257.13,142.6,555.0,443.0,399.0,492.0,444.6666666666667,0.2528216704288939,265.9,1246.3870967741937,1.07,8.84,4.55,0.86,15.32,18.17
149,1993,10,Rajasthan,Dungarpur,0.17,0.05,294.0,571.0,243.0,500.0,438.0,-0.4851138353765324,0.28,448.8965517241379,1.69,13.26,3.13,3.68,21.76,22.47
149,1994,10,Rajasthan,Dungarpur,0.09,0.05,556.0,294.0,571.0,243.0,369.3333333333333,0.8911564625850341,0.17,649.0666666666667,3.63,10.83,10.68,10.15,35.29,36.14
149,1995,10,Rajasthan,Dungarpur,0.19,0.06,316.0,556.0,294.0,571.0,473.6666666666667,-0.4316546762589928,0.09,366.48275862068965,0.66,5.42,2.84,2.07,10.99,12.47
149,1996,10,Rajasthan,Dungarpur,0.09,0.04,444.0,316.0,556.0,294.0,388.6666666666667,0.40506329113924044,0.19,558.4666666666667,2.84,10.29,8.23,2.74,24.1,25.39
149,1997,10,Rajasthan,Dungarpur,0.05,0.03,600.0,444.0,316.0,556.0,438.6666666666667,0.3513513513513513,0.09,600.3666666666667,12.55,6.74,10.08,2.26,31.629999999999995,33.27
149,1998,10,Rajasthan,Dungarpur,0.04,0.02,500.0,600.0,444.0,316.0,453.3333333333333,-0.16666666666666663,0.05,567.0967741935484,3.53,9.89,5.18,5.05,23.65,24.78
149,1999,10,Rajasthan,Dungarpur,0.11,0.04,364.0,500.0,600.0,444.0,514.6666666666666,-0.272,0.04,468.3333333333333,3.31,7.83,1.35,1.85,14.34,16.47
149,2000,10,Rajasthan,Dungarpur,0.1,0.04,400.0,364.0,500.0,600.0,488.0,0.098901098901099,0.11,567.96875,1.86,10.4,3.65,0.34,16.25,18.57
149,2001,10,Rajasthan,Dungarpur,0.12,0.09,750.0,400.0,364.0,500.0,421.3333333333333,0.875,0.1,849.96875,3.62,5.33,5.02,0.53,14.499999999999998,15.67
149,2002,10,Rajasthan,Dungarpur,0.21,0.05,238.0,750.0,400.0,364.0,504.6666666666667,-0.6826666666666666,0.12,301.6333333333333,3.53,0.64,5.51,1.55,11.23,11.8
149,2003,10,Rajasthan,Dungarpur,0.24,0.27,1125.0,238.0,750.0,400.0,462.6666666666667,3.726890756302521,0.21,1253.84375,2.56,6.9,5.6,2.35,17.41,18.28
149,2004,10,Rajasthan,Dungarpur,0.15,0.1,667.0,1125.0,238.0,750.0,704.3333333333334,-0.4071111111111111,0.24,842.9677419354839,1.99,9.08,7.28,2.72,21.07,21.68
149,2005,10,Rajasthan,Dungarpur,0.18,0.08,444.0,667.0,1125.0,238.0,676.6666666666666,-0.3343328335832084,0.15,567.75,3.59,5.71,4.56,8.73,22.59,23.65
149,2006,10,Rajasthan,Dungarpur,0.13,0.09,692.0,444.0,667.0,1125.0,745.3333333333334,0.5585585585585586,0.18,907.28125,4.41,7.55,11.86,4.59,28.41,28.98
149,2007,10,Rajasthan,Dungarpur,0.13,0.1,769.0,692.0,444.0,667.0,601.0,0.1112716763005781,0.13,1043.3548387096773,3.97,8.26,7.38,1.22,20.83,21.67
149,2008,10,Rajasthan,Dungarpur,0.1,0.08,800.0,769.0,692.0,444.0,635.0,0.04031209362808852,0.13,1079.8181818181818,2.31,6.03,6.07,3.53,17.94,18.44
149,2009,10,Rajasthan,Dungarpur,0.21,0.08,381.0,800.0,769.0,692.0,753.6666666666666,-0.5237499999999999,0.1,594.258064516129,1.81,9.58,4.85,1.22,17.46,20.19
149,2010,10,Rajasthan,Dungarpur,0.15,0.17,1133.0,381.0,800.0,769.0,650.0,1.9737532808398952,0.21,1232.6060606060605,1.9,10.23,12.27,4.44,28.84,31.31
149,2011,10,Rajasthan,Dungarpur,0.12,0.16,1333.0,1133.0,381.0,800.0,771.3333333333334,0.1765225066195939,0.15,1307.6363636363637,1.77,6.91,9.82,4.67,23.17,23.24
149,2012,10,Rajasthan,Dungarpur,0.09,0.08,889.0,1333.0,1133.0,381.0,949.0,-0.3330832708177044,0.12,1154.1818181818182,0.48,7.59,8.69,7.63,24.39,25.03
149,2013,10,Rajasthan,Dungarpur,0.04,0.04,1000.0,889.0,1333.0,1133.0,1118.3333333333333,0.12485939257592804,0.09,1063.7878787878788,2.97,12.57,3.6,3.32,22.46,24.16
149,2014,10,Rajasthan,Dungarpur,0.02,0.03,1500.0,1000.0,889.0,1333.0,1074.0,0.5,0.04,1185.75,0.26,9.0,3.52,6.96,19.74,20.77
149,2015,10,Rajasthan,Dungarpur,0.04,0.03,750.0,1500.0,1000.0,889.0,1129.6666666666667,-0.5,0.02,928.65625,3.39,7.91,5.13,1.71,18.14,19.75
149,2016,10,Rajasthan,Dungarpur,0.04,0.04,1000.0,750.0,1500.0,1000.0,1083.3333333333333,0.33333333333333326,0.04,1111.3939393939395,1.19,8.54,12.9,0.94,23.57,25.49
149,2017,10,Rajasthan,Dungarpur,0.04,0.03,886.0,1000.0,750.0,1500.0,1083.3333333333333,-0.11399999999999999,0.04,1012.3333333333334,2.98,16.57,4.33,1.62,25.500000000000004,26.1
149,2018,10,Rajasthan,Dungarpur,0.04,0.03,886.0,886.0,1000.0,750.0,878.6666666666666,0.0,0.04,1085.6875,2.45,7.35,5.05,2.58,17.43,17.49
149,2019,10,Rajasthan,Dungarpur,0.15,0.18,1187.0,886.0,886.0,1000.0,924.0,0.3397291196388261,0.04,1246.3870967741937,3.16,5.79,14.21,6.76,29.92,31.98
150,1993,10,Rajasthan,Ganganagar,3.84,14.0,3646.0,1059.0,587.0,653.0,766.3333333333334,2.4428706326723324,76.32,448.8965517241379,3.43,6.23,4.27,4.65,18.58,19.89
150,1994,10,Rajasthan,Ganganagar,10.38,6.29,606.0,3646.0,1059.0,587.0,1764.0,-0.8337904552934723,3.84,649.0666666666667,2.43,8.1,7.68,3.11,21.32,22.83
150,1995,10,Rajasthan,Ganganagar,5.27,1.68,319.0,606.0,3646.0,1059.0,1770.3333333333333,-0.4735973597359736,10.38,366.48275862068965,0.72,9.53,11.99,1.91,24.15,25.99
150,1996,10,Rajasthan,Ganganagar,3.43,1.68,490.0,319.0,606.0,3646.0,1523.6666666666667,0.5360501567398119,5.27,558.4666666666667,2.3,7.17,9.06,4.74,23.270000000000003,25.45
150,1997,10,Rajasthan,Ganganagar,2.91,1.55,533.0,490.0,319.0,606.0,471.6666666666667,0.08775510204081627,3.43,600.3666666666667,1.45,5.3,8.85,1.68,17.28,22.05
150,1998,10,Rajasthan,Ganganagar,1.68,0.72,429.0,533.0,490.0,319.0,447.3333333333333,-0.19512195121951215,2.91,567.0967741935484,1.16,8.36,2.45,4.72,16.689999999999998,17.73
150,1999,10,Rajasthan,Ganganagar,1.94,0.66,340.0,429.0,533.0,490.0,484.0,-0.20745920745920743,1.68,468.3333333333333,0.79,4.5,2.82,2.15,10.26,12.15
150,2000,10,Rajasthan,Ganganagar,2.97,1.31,441.0,340.0,429.0,533.0,434.0,0.2970588235294118,1.94,567.96875,0.91,5.0,2.96,0.73,9.6,11.09
150,2001,10,Rajasthan,Ganganagar,8.57,6.38,744.0,441.0,340.0,429.0,403.3333333333333,0.6870748299319729,2.97,849.96875,4.11,10.22,3.08,0.15,17.560000000000002,20.34
150,2002,10,Rajasthan,Ganganagar,1.54,0.34,221.0,744.0,441.0,340.0,508.3333333333333,-0.7029569892473118,8.57,301.6333333333333,1.26,1.01,4.27,1.33,7.869999999999999,9.97
150,2003,10,Rajasthan,Ganganagar,16.17,18.37,1136.0,221.0,744.0,441.0,468.6666666666667,4.14027149321267,1.54,1253.84375,2.8,5.48,4.51,2.81,15.6,17.92
150,2004,10,Rajasthan,Ganganagar,4.47,2.94,658.0,1136.0,221.0,744.0,700.3333333333334,-0.420774647887324,16.17,842.9677419354839,1.17,4.23,14.25,0.75,20.4,23.07
150,2005,10,Rajasthan,Ganganagar,3.8,1.65,434.0,658.0,1136.0,221.0,671.6666666666666,-0.34042553191489366,4.47,567.75,2.85,8.45,0.82,3.55,15.669999999999998,16.64
150,2006,10,Rajasthan,Ganganagar,13.49,20.08,1489.0,434.0,658.0,1136.0,742.6666666666666,2.4308755760368665,3.8,907.28125,3.84,5.76,7.43,2.28,19.31,20.92
150,2007,10,Rajasthan,Ganganagar,10.15,18.74,1846.0,1489.0,434.0,658.0,860.3333333333334,0.2397582269979852,13.49,1043.3548387096773,1.85,7.01,6.2,3.74,18.8,20.9
150,2008,10,Rajasthan,Ganganagar,18.0,30.94,1719.0,1846.0,1489.0,434.0,1256.3333333333333,-0.06879739978331523,10.15,1079.8181818181818,6.4,5.44,3.25,3.43,18.52,20.32
150,2009,10,Rajasthan,Ganganagar,4.36,4.5,1032.0,1719.0,1846.0,1489.0,1684.6666666666667,-0.3996509598603839,18.0,594.258064516129,1.57,5.58,3.29,1.18,11.62,14.11
150,2010,10,Rajasthan,Ganganagar,18.04,20.02,1110.0,1032.0,1719.0,1846.0,1532.3333333333333,0.07558139534883712,4.36,1232.6060606060605,1.12,6.2,10.38,3.09,20.790000000000003,23.62
150,2011,10,Rajasthan,Ganganagar,5.86,10.73,1831.0,1110.0,1032.0,1719.0,1287.0,0.6495495495495496,18.04,1307.6363636363637,6.75,7.13,7.68,5.98,27.54,28.45
150,2012,10,Rajasthan,Ganganagar,3.28,5.32,1622.0,1831.0,1110.0,1032.0,1324.3333333333333,-0.11414527580557077,5.86,1154.1818181818182,0.53,5.29,13.49,4.35,23.660000000000004,24.72
150,2013,10,Rajasthan,Ganganagar,1.98,2.8,1414.0,1622.0,1831.0,1110.0,1521.0,-0.12823674475955615,3.28,1063.7878787878788,4.74,10.14,9.76,2.91,27.55,31.81
150,2014,10,Rajasthan,Ganganagar,2.13,2.66,1249.0,1414.0,1622.0,1831.0,1622.3333333333333,-0.11669024045261667,1.98,1185.75,0.39,8.13,9.22,2.82,20.56,23.84
150,2015,10,Rajasthan,Ganganagar,2.01,2.37,1179.0,1249.0,1414.0,1622.0,1428.3333333333333,-0.05604483586869491,2.13,928.65625,2.61,8.48,5.66,1.23,17.98,23.36
150,2016,10,Rajasthan,Ganganagar,14.57,17.4,1194.0,1179.0,1249.0,1414.0,1280.6666666666667,0.012722646310432628,2.01,1111.3939393939395,2.86,9.84,13.18,0.71,26.59,28.02
150,2017,10,Rajasthan,Ganganagar,9.03,13.14,1455.0,1194.0,1179.0,1249.0,1207.3333333333333,0.2185929648241205,14.57,1012.3333333333334,2.15,4.71,4.31,1.78,12.949999999999998,14.49
150,2018,10,Rajasthan,Ganganagar,7.69,11.77,1531.0,1455.0,1194.0,1179.0,1276.0,0.052233676975945054,9.03,1085.6875,3.26,10.86,5.25,9.12,28.489999999999995,29.08
150,2019,10,Rajasthan,Ganganagar,5.39,7.6,1410.0,1531.0,1455.0,1194.0,1393.3333333333333,-0.07903331156107118,7.69,1246.3870967741937,2.35,11.98,10.21,4.57,29.11,30.94
151,1993,10,Rajasthan,Jaipur,210.54,120.19,571.0,918.0,533.0,683.0,711.3333333333334,-0.3779956427015251,244.9,448.8965517241379,3.36,4.94,2.84,2.71,13.85,15.25
151,1994,10,Rajasthan,Jaipur,237.38,223.34,941.0,571.0,918.0,533.0,674.0,0.6479859894921192,210.54,649.0666666666667,1.61,6.59,7.12,2.99,18.31,19.98
151,1995,10,Rajasthan,Jaipur,191.64,85.2,445.0,941.0,571.0,918.0,810.0,-0.5270988310308182,237.38,366.48275862068965,0.5,7.56,10.46,0.83,19.35,21.26
151,1996,10,Rajasthan,Jaipur,237.32,162.39,684.0,445.0,941.0,571.0,652.3333333333334,0.5370786516853931,191.64,558.4666666666667,3.73,4.55,6.64,4.58,19.5,21.92
151,1997,10,Rajasthan,Jaipur,219.08,186.05,849.0,684.0,445.0,941.0,690.0,0.24122807017543857,237.32,600.3666666666667,1.1,5.5,6.3,1.59,14.489999999999998,20.34
151,1998,10,Rajasthan,Jaipur,204.15,226.63,1110.0,849.0,684.0,445.0,659.3333333333334,0.3074204946996466,219.08,567.0967741935484,1.0,7.31,1.66,4.66,14.63,16.79
151,1999,10,Rajasthan,Jaipur,205.16,134.91,658.0,1110.0,849.0,684.0,881.0,-0.40720720720720716,204.15,468.3333333333333,0.5,2.06,1.65,1.1,5.3100000000000005,6.76
151,2000,10,Rajasthan,Jaipur,229.02,138.59,605.0,658.0,1110.0,849.0,872.3333333333334,-0.08054711246200608,205.16,567.96875,0.47,4.32,2.15,0.41,7.35,8.66
151,2001,10,Rajasthan,Jaipur,269.97,306.31,1135.0,605.0,658.0,1110.0,791.0,0.8760330578512396,229.02,849.96875,2.82,6.48,2.94,0.2,12.44,15.21
151,2002,10,Rajasthan,Jaipur,237.58,93.94,395.0,1135.0,605.0,658.0,799.3333333333334,-0.6519823788546255,269.97,301.6333333333333,1.21,0.27,1.72,0.37,3.5700000000000003,5.49
151,2003,10,Rajasthan,Jaipur,330.32,552.51,1673.0,395.0,1135.0,605.0,711.6666666666666,3.235443037974684,237.58,1253.84375,2.4,5.68,3.85,2.01,13.94,15.86
151,2004,10,Rajasthan,Jaipur,268.11,376.78,1405.0,1673.0,395.0,1135.0,1067.6666666666667,-0.16019127316198445,330.32,842.9677419354839,1.05,3.59,10.6,0.75,15.989999999999998,19.24
151,2005,10,Rajasthan,Jaipur,278.88,218.45,783.0,1405.0,1673.0,395.0,1157.6666666666667,-0.44270462633451957,268.11,567.75,3.23,4.85,0.36,2.57,11.01,12.66
151,2006,10,Rajasthan,Jaipur,282.25,329.57,1168.0,783.0,1405.0,1673.0,1287.0,0.4916985951468711,278.88,907.28125,3.69,3.29,2.72,1.58,11.28,13.14
151,2007,10,Rajasthan,Jaipur,298.43,450.43,1509.0,1168.0,783.0,1405.0,1118.6666666666667,0.29195205479452047,282.25,1043.3548387096773,1.01,3.72,5.36,2.65,12.74,15.67
151,2008,10,Rajasthan,Jaipur,295.68,455.91,1542.0,1509.0,1168.0,783.0,1153.3333333333333,0.021868787276341894,298.43,1079.8181818181818,5.07,3.76,2.56,2.66,14.05,16.23
151,2009,10,Rajasthan,Jaipur,296.38,240.13,810.0,1542.0,1509.0,1168.0,1406.3333333333333,-0.47470817120622566,295.68,594.258064516129,1.45,3.79,3.12,1.18,9.54,11.41
151,2010,10,Rajasthan,Jaipur,330.66,445.79,1348.0,810.0,1542.0,1509.0,1287.0,0.6641975308641976,296.38,1232.6060606060605,1.08,6.26,9.13,3.41,19.88,22.56
151,2011,10,Rajasthan,Jaipur,317.29,494.23,1558.0,1348.0,810.0,1542.0,1233.3333333333333,0.15578635014836806,330.66,1307.6363636363637,2.76,5.44,5.1,5.94,19.24,20.5
151,2012,10,Rajasthan,Jaipur,301.5,424.68,1409.0,1558.0,1348.0,810.0,1238.6666666666667,-0.09563543003851094,317.29,1154.1818181818182,0.13,2.79,13.93,3.16,20.01,20.94
151,2013,10,Rajasthan,Jaipur,302.96,456.25,1506.0,1409.0,1558.0,1348.0,1438.3333333333333,0.06884315117104323,301.5,1063.7878787878788,4.18,5.42,8.45,1.84,19.89,22.37
151,2014,10,Rajasthan,Jaipur,297.16,486.98,1639.0,1506.0,1409.0,1558.0,1491.0,0.08831341301460816,302.96,1185.75,0.45,5.41,5.98,2.75,14.59,17.35
151,2015,10,Rajasthan,Jaipur,300.1,356.96,1189.0,1639.0,1506.0,1409.0,1518.0,-0.2745576571079926,297.16,928.65625,2.37,5.7,2.95,0.41,11.43,16.1
151,2016,10,Rajasthan,Jaipur,303.97,494.31,1626.0,1189.0,1639.0,1506.0,1444.6666666666667,0.36753574432296054,300.1,1111.3939393939395,1.11,8.72,7.22,1.02,18.07,19.59
151,2017,10,Rajasthan,Jaipur,298.58,445.3,1491.0,1626.0,1189.0,1639.0,1484.6666666666667,-0.08302583025830257,303.97,1012.3333333333334,2.68,4.42,4.26,1.1,12.46,15.27
151,2018,10,Rajasthan,Jaipur,298.2,458.73,1538.0,1491.0,1626.0,1189.0,1435.3333333333333,0.0315224681421864,298.58,1085.6875,1.84,8.79,3.79,4.01,18.43,19.52
151,2019,10,Rajasthan,Jaipur,302.1,569.47,1885.0,1538.0,1491.0,1626.0,1551.6666666666667,0.2256176853055918,298.2,1246.3870967741937,0.83,10.82,8.21,2.67,22.53,24.78
152,1993,10,Rajasthan,Jaisalmer,134.08,4.7,35.0,578.0,188.0,181.0,315.6666666666667,-0.9394463667820069,141.26,448.8965517241379,1.45,5.88,0.01,1.28,8.62,9.14
152,1994,10,Rajasthan,Jaisalmer,159.5,70.64,443.0,35.0,578.0,188.0,267.0,11.657142857142857,134.08,649.0666666666667,0.44,1.94,1.48,1.57,5.43,6.21
152,1995,10,Rajasthan,Jaisalmer,157.18,8.25,52.0,443.0,35.0,578.0,352.0,-0.8826185101580135,159.5,366.48275862068965,0.83,5.19,1.54,0.01,7.57,9.12
152,1996,10,Rajasthan,Jaisalmer,176.05,4.72,27.0,52.0,443.0,35.0,176.66666666666666,-0.4807692307692307,157.18,558.4666666666667,2.18,1.44,0.37,0.1,4.09,5.91
152,1997,10,Rajasthan,Jaisalmer,149.76,3.16,21.0,27.0,52.0,443.0,174.0,-0.2222222222222222,176.05,600.3666666666667,1.08,0.3,1.09,0.34,2.81,5.59
152,1998,10,Rajasthan,Jaisalmer,94.7,0.78,8.0,21.0,27.0,52.0,33.333333333333336,-0.6190476190476191,149.76,567.0967741935484,1.13,0.35,0.68,2.33,4.49,5.25
152,1999,10,Rajasthan,Jaisalmer,66.71,0.89,13.0,8.0,21.0,27.0,18.666666666666668,0.625,94.7,468.3333333333333,0.21,0.07,1.25,0.01,1.54,2.38
152,2000,10,Rajasthan,Jaisalmer,90.12,5.43,60.0,13.0,8.0,21.0,14.0,3.615384615384615,66.71,567.96875,0.01,1.89,0.19,0.0,2.09,2.27
152,2001,10,Rajasthan,Jaisalmer,138.69,25.55,184.0,60.0,13.0,8.0,27.0,2.066666666666667,90.12,849.96875,0.15,3.49,1.59,0.01,5.24,6.13
152,2002,10,Rajasthan,Jaisalmer,11.77,1.49,127.0,184.0,60.0,13.0,85.66666666666667,-0.3097826086956522,138.69,301.6333333333333,0.18,0.0,0.03,0.58,0.7899999999999999,1.78
152,2003,10,Rajasthan,Jaisalmer,189.15,110.36,583.0,127.0,184.0,60.0,123.66666666666667,3.590551181102362,11.77,1253.84375,0.1,2.79,1.89,0.02,4.8,6.15
152,2005,10,Rajasthan,Jaisalmer,141.0,26.62,189.0,583.0,127.0,184.0,298.0,-0.6758147512864494,189.15,567.75,0.6,1.04,0.15,2.51,4.3,5.95
152,2006,10,Rajasthan,Jaisalmer,101.76,1.86,18.0,189.0,583.0,127.0,299.6666666666667,-0.9047619047619048,141.0,907.28125,1.33,0.35,11.94,0.45,14.07,15.42
152,2007,10,Rajasthan,Jaisalmer,128.86,27.41,213.0,18.0,189.0,583.0,263.3333333333333,10.833333333333334,101.76,1043.3548387096773,0.46,0.95,2.56,0.47,4.44,6.7
152,2008,10,Rajasthan,Jaisalmer,150.59,3.73,25.0,213.0,18.0,189.0,140.0,-0.8826291079812206,128.86,1079.8181818181818,0.52,0.97,2.45,0.15,4.090000000000001,5.8500000000000005
152,2009,10,Rajasthan,Jaisalmer,161.59,1.12,7.0,25.0,213.0,18.0,85.33333333333333,-0.72,150.59,594.258064516129,0.78,1.48,0.52,0.02,2.8,3.31
152,2010,10,Rajasthan,Jaisalmer,191.21,90.73,475.0,7.0,25.0,213.0,81.66666666666667,66.85714285714286,161.59,1232.6060606060605,2.61,2.28,2.85,2.6,10.34,11.15
152,2011,10,Rajasthan,Jaisalmer,143.5,73.48,512.0,475.0,7.0,25.0,169.0,0.07789473684210524,191.21,1307.6363636363637,0.02,1.55,3.99,2.73,8.290000000000001,8.6
152,2012,10,Rajasthan,Jaisalmer,56.44,13.04,231.0,512.0,475.0,7.0,331.3333333333333,-0.548828125,143.5,1154.1818181818182,0.21,0.3,3.05,3.48,7.039999999999999,7.89
152,2013,10,Rajasthan,Jaisalmer,88.81,8.68,98.0,231.0,512.0,475.0,406.0,-0.5757575757575757,56.44,1063.7878787878788,1.26,0.97,2.62,0.38,5.23,7.28
152,2014,10,Rajasthan,Jaisalmer,71.53,5.02,70.0,98.0,231.0,512.0,280.3333333333333,-0.2857142857142857,88.81,1185.75,0.12,1.1,0.62,1.13,2.97,4.45
152,2015,10,Rajasthan,Jaisalmer,93.0,26.28,283.0,70.0,98.0,231.0,133.0,3.0428571428571427,71.53,928.65625,1.36,6.01,1.59,3.04,12.0,13.59
152,2016,10,Rajasthan,Jaisalmer,98.69,8.66,88.0,283.0,70.0,98.0,150.33333333333334,-0.6890459363957597,93.0,1111.3939393939395,0.93,0.6,4.21,0.04,5.78,6.34
152,2017,10,Rajasthan,Jaisalmer,105.07,13.74,131.0,88.0,283.0,70.0,147.0,0.48863636363636354,98.69,1012.3333333333334,1.55,5.58,1.17,0.04,8.34,10.24
152,2018,10,Rajasthan,Jaisalmer,125.84,16.17,129.0,131.0,88.0,283.0,167.33333333333334,-0.01526717557251911,105.07,1085.6875,2.11,1.1,1.85,0.07,5.130000000000001,5.36
152,2019,10,Rajasthan,Jaisalmer,123.03,26.1,212.0,129.0,131.0,88.0,116.0,0.6434108527131783,125.84,1246.3870967741937,1.9,1.28,2.17,1.64,6.989999999999999,12.14
153,1993,10,Rajasthan,Jalore,252.32,12.97,51.0,285.0,76.0,591.0,317.3333333333333,-0.8210526315789474,305.14,448.8965517241379,1.55,9.23,0.56,2.43,13.77,14.73
153,1994,10,Rajasthan,Jalore,321.59,156.41,486.0,51.0,285.0,76.0,137.33333333333334,8.529411764705882,252.32,649.0666666666667,1.03,7.13,7.37,5.4,20.93,21.69
153,1995,10,Rajasthan,Jalore,247.7,32.55,131.0,486.0,51.0,285.0,274.0,-0.7304526748971194,321.59,366.48275862068965,0.55,4.21,1.95,0.64,7.35,8.31
153,1996,10,Rajasthan,Jalore,303.99,102.06,336.0,131.0,486.0,51.0,222.66666666666666,1.564885496183206,247.7,558.4666666666667,4.5,5.67,3.96,0.76,14.89,16.4
153,1997,10,Rajasthan,Jalore,328.4,161.39,491.0,336.0,131.0,486.0,317.6666666666667,0.4613095238095237,303.99,600.3666666666667,6.01,2.66,6.88,2.36,17.91,19.52
153,1998,10,Rajasthan,Jalore,207.03,22.99,111.0,491.0,336.0,131.0,319.3333333333333,-0.7739307535641547,328.4,567.0967741935484,3.49,3.59,3.08,4.56,14.72,15.96
153,1999,10,Rajasthan,Jalore,253.82,6.13,24.0,111.0,491.0,336.0,312.6666666666667,-0.7837837837837838,207.03,468.3333333333333,1.88,4.72,0.71,0.25,7.56,8.75
153,2000,10,Rajasthan,Jalore,342.77,107.13,313.0,24.0,111.0,491.0,208.66666666666666,12.041666666666666,253.82,567.96875,0.57,6.73,0.94,0.06,8.3,9.23
153,2001,10,Rajasthan,Jalore,366.43,205.23,560.0,313.0,24.0,111.0,149.33333333333334,0.7891373801916932,342.77,849.96875,1.99,4.06,3.07,0.38,9.5,10.69
153,2002,10,Rajasthan,Jalore,361.93,57.27,158.0,560.0,313.0,24.0,299.0,-0.7178571428571429,366.43,301.6333333333333,1.46,0.21,1.69,0.96,4.32,4.63
153,2003,10,Rajasthan,Jalore,401.93,505.9,1259.0,158.0,560.0,313.0,343.6666666666667,6.968354430379747,361.93,1253.84375,1.4,8.3,3.46,0.53,13.69,14.21
153,2004,10,Rajasthan,Jalore,365.8,149.17,408.0,1259.0,158.0,560.0,659.0,-0.675933280381255,401.93,842.9677419354839,1.56,4.3,4.91,1.33,12.1,12.8
153,2005,10,Rajasthan,Jalore,352.47,152.78,433.0,408.0,1259.0,158.0,608.3333333333334,0.06127450980392157,365.8,567.75,2.15,2.47,2.44,3.71,10.77,11.88
153,2006,10,Rajasthan,Jalore,358.46,297.8,831.0,433.0,408.0,1259.0,700.0,0.9191685912240184,352.47,907.28125,2.69,4.1,14.33,2.02,23.14,23.53
153,2007,10,Rajasthan,Jalore,328.33,238.89,728.0,831.0,433.0,408.0,557.3333333333334,-0.12394705174488563,358.46,1043.3548387096773,1.94,4.09,4.51,1.24,11.78,13.3
153,2008,10,Rajasthan,Jalore,332.53,138.98,418.0,728.0,831.0,433.0,664.0,-0.42582417582417587,328.33,1079.8181818181818,2.28,4.14,5.26,1.74,13.42,14.739999999999998
153,2009,10,Rajasthan,Jalore,328.1,16.31,50.0,418.0,728.0,831.0,659.0,-0.8803827751196173,332.53,594.258064516129,1.33,6.95,2.74,0.33,11.35,12.5
153,2010,10,Rajasthan,Jalore,348.45,346.03,993.0,50.0,418.0,728.0,398.6666666666667,18.86,328.1,1232.6060606060605,1.4,7.06,6.25,6.44,21.15,23.21
153,2011,10,Rajasthan,Jalore,325.05,496.04,1526.0,993.0,50.0,418.0,487.0,0.5367573011077542,348.45,1307.6363636363637,0.37,4.14,9.08,4.7,18.29,18.6
153,2012,10,Rajasthan,Jalore,307.11,376.63,1226.0,1526.0,993.0,50.0,856.3333333333334,-0.19659239842726084,325.05,1154.1818181818182,0.26,3.0,7.74,8.34,19.34,19.74
153,2013,10,Rajasthan,Jalore,332.21,157.73,475.0,1226.0,1526.0,993.0,1248.3333333333333,-0.6125611745513866,307.11,1063.7878787878788,2.19,7.24,3.48,4.09,17.0,18.32
153,2014,10,Rajasthan,Jalore,305.35,252.96,828.0,475.0,1226.0,1526.0,1075.6666666666667,0.743157894736842,332.21,1185.75,0.43,6.16,2.23,4.59,13.41,14.8
153,2015,10,Rajasthan,Jalore,292.17,103.42,354.0,828.0,475.0,1226.0,843.0,-0.572463768115942,305.35,928.65625,2.77,8.03,3.63,1.43,15.86,17.24
153,2016,10,Rajasthan,Jalore,306.85,124.5,406.0,354.0,828.0,475.0,552.3333333333334,0.14689265536723162,292.17,1111.3939393939395,1.15,7.09,14.42,0.39,23.05,24.52
153,2017,10,Rajasthan,Jalore,314.12,92.5,294.0,406.0,354.0,828.0,529.3333333333334,-0.27586206896551724,306.85,1012.3333333333334,3.18,19.3,3.3,1.02,26.8,28.04
153,2018,10,Rajasthan,Jalore,330.81,50.32,152.0,294.0,406.0,354.0,351.3333333333333,-0.48299319727891155,314.12,1085.6875,2.79,5.06,3.34,1.35,12.54,12.57
153,2019,10,Rajasthan,Jalore,331.26,342.86,1035.0,152.0,294.0,406.0,284.0,5.809210526315789,330.81,1246.3870967741937,1.61,5.92,12.02,3.56,23.11,24.91
154,1993,10,Rajasthan,Jhalawar,0.55,0.16,291.0,582.0,231.0,515.0,442.6666666666667,-0.5,0.98,448.8965517241379,2.88,9.1,5.78,7.24,25.0,25.96
154,1994,10,Rajasthan,Jhalawar,0.28,0.17,607.0,291.0,582.0,231.0,368.0,1.0859106529209623,0.55,649.0666666666667,4.69,9.46,7.88,3.63,25.66,27.25
154,1995,10,Rajasthan,Jhalawar,0.16,0.05,313.0,607.0,291.0,582.0,493.3333333333333,-0.48434925864909395,0.28,366.48275862068965,1.09,11.78,10.49,4.21,27.57,30.24
154,1996,10,Rajasthan,Jhalawar,0.19,0.09,474.0,313.0,607.0,291.0,403.6666666666667,0.5143769968051117,0.16,558.4666666666667,0.93,11.94,12.01,3.65,28.53,30.39
154,1997,10,Rajasthan,Jhalawar,0.14,0.07,500.0,474.0,313.0,607.0,464.6666666666667,0.05485232067510548,0.19,600.3666666666667,2.78,6.17,12.2,1.91,23.06,27.42
154,1998,10,Rajasthan,Jhalawar,0.09,0.04,444.0,500.0,474.0,313.0,429.0,-0.11199999999999999,0.14,567.0967741935484,2.59,8.82,4.25,4.84,20.5,21.39
154,1999,10,Rajasthan,Jhalawar,0.04,0.01,250.0,444.0,500.0,474.0,472.6666666666667,-0.4369369369369369,0.09,468.3333333333333,2.15,7.85,3.29,4.55,17.84,20.41
154,2000,10,Rajasthan,Jhalawar,0.01,0.01,1000.0,250.0,444.0,500.0,398.0,3.0,0.04,567.96875,1.66,6.17,4.17,1.07,13.07,14.87
154,2001,10,Rajasthan,Jhalawar,0.04,0.03,750.0,1000.0,250.0,444.0,564.6666666666666,-0.25,0.01,849.96875,6.05,12.84,4.09,0.25,23.23,26.11
154,2002,10,Rajasthan,Jhalawar,0.08,0.02,250.0,750.0,1000.0,250.0,666.6666666666666,-0.6666666666666667,0.04,301.6333333333333,1.75,1.65,9.65,2.18,15.23,17.04
154,2003,10,Rajasthan,Jhalawar,0.06,0.07,1167.0,250.0,750.0,1000.0,666.6666666666666,3.668,0.08,1253.84375,3.47,7.8,5.33,4.83,21.43,23.86
154,2004,10,Rajasthan,Jhalawar,0.14,0.09,643.0,1167.0,250.0,750.0,722.3333333333334,-0.44901456726649525,0.06,842.9677419354839,1.46,5.64,14.85,0.97,22.92,24.7
154,2005,10,Rajasthan,Jhalawar,0.04,0.02,500.0,643.0,1167.0,250.0,686.6666666666666,-0.2223950233281493,0.14,567.75,2.22,13.57,1.88,5.71,23.380000000000003,24.1
154,2006,10,Rajasthan,Jhalawar,0.02,0.02,1000.0,500.0,643.0,1167.0,770.0,1.0,0.04,907.28125,2.96,8.99,15.43,4.52,31.9,34.37
154,2008,10,Rajasthan,Jhalawar,0.01,0.01,1000.0,1000.0,500.0,643.0,714.3333333333334,0.0,0.02,1079.8181818181818,7.96,6.57,5.07,4.12,23.72,25.28
154,2010,10,Rajasthan,Jhalawar,0.01,0.01,1000.0,1000.0,1000.0,500.0,833.3333333333334,0.0,0.01,1232.6060606060605,1.91,6.92,9.81,3.13,21.77,25.13
154,2011,10,Rajasthan,Jhalawar,0.01,0.01,1000.0,1000.0,1000.0,1000.0,1000.0,0.0,0.01,1307.6363636363637,12.21,10.91,11.73,5.88,40.73,41.13
154,2012,10,Rajasthan,Jhalawar,0.02,0.02,1000.0,1000.0,1000.0,1000.0,1000.0,0.0,0.01,1154.1818181818182,1.08,8.75,10.39,5.68,25.9,26.98
154,2013,10,Rajasthan,Jhalawar,0.01,0.01,1000.0,1000.0,1000.0,1000.0,1000.0,0.0,0.02,1063.7878787878788,6.19,17.34,10.73,3.77,38.03000000000001,43.18
154,2014,10,Rajasthan,Jhalawar,0.03,0.03,1000.0,1000.0,1000.0,1000.0,1000.0,0.0,0.01,1185.75,0.73,10.56,11.15,3.86,26.3,29.74
154,2015,10,Rajasthan,Jhalawar,0.01,0.01,1000.0,1000.0,1000.0,1000.0,1000.0,0.0,0.03,928.65625,4.23,12.82,10.16,1.0,28.21,32.34
154,2016,10,Rajasthan,Jhalawar,0.03,0.03,1000.0,1000.0,1000.0,1000.0,1000.0,0.0,0.01,1111.3939393939395,2.87,13.94,18.81,1.72,37.34,39.09
154,2017,10,Rajasthan,Jhalawar,0.01,0.01,909.0,1000.0,1000.0,1000.0,1000.0,-0.09099999999999997,0.03,1012.3333333333334,2.85,6.56,3.19,3.38,15.98,16.97
154,2018,10,Rajasthan,Jhalawar,0.01,0.01,889.0,909.0,1000.0,1000.0,969.6666666666666,-0.022002200220021972,0.01,1085.6875,2.45,7.31,5.62,4.5,19.88,20.05
155,1993,10,Rajasthan,Jhunjhunu,222.18,108.14,487.0,875.0,321.0,469.0,555.0,-0.4434285714285714,257.05,448.8965517241379,2.38,4.91,1.68,2.94,11.91,13.42
155,1994,10,Rajasthan,Jhunjhunu,247.0,92.13,373.0,487.0,875.0,321.0,561.0,-0.2340862422997947,222.18,649.0666666666667,1.47,7.56,5.57,2.2,16.8,18.33
155,1995,10,Rajasthan,Jhunjhunu,237.75,94.79,399.0,373.0,487.0,875.0,578.3333333333334,0.06970509383378021,247.0,366.48275862068965,1.34,5.24,8.59,2.14,17.31,20.07
155,1996,10,Rajasthan,Jhunjhunu,246.65,122.65,497.0,399.0,373.0,487.0,419.6666666666667,0.2456140350877194,237.75,558.4666666666667,4.15,3.3,4.84,3.37,15.66,18.41
155,1997,10,Rajasthan,Jhunjhunu,243.69,116.46,478.0,497.0,399.0,373.0,423.0,-0.0382293762575453,246.65,600.3666666666667,1.55,4.43,6.6,0.8,13.38,20.06
155,1998,10,Rajasthan,Jhunjhunu,247.22,225.38,912.0,478.0,497.0,399.0,458.0,0.9079497907949792,243.69,567.0967741935484,1.57,5.54,1.69,5.06,13.86,17.99
155,1999,10,Rajasthan,Jhunjhunu,250.71,57.91,231.0,912.0,478.0,497.0,629.0,-0.7467105263157895,247.22,468.3333333333333,0.89,1.8,1.08,0.78,4.55,6.0
155,2000,10,Rajasthan,Jhunjhunu,276.95,147.53,533.0,231.0,912.0,478.0,540.3333333333334,1.3073593073593073,250.71,567.96875,1.22,2.94,1.66,0.36,6.180000000000001,7.52
155,2001,10,Rajasthan,Jhunjhunu,279.79,290.0,1036.0,533.0,231.0,912.0,558.6666666666666,0.9437148217636022,276.95,849.96875,2.95,4.32,3.78,0.4,11.45,14.9
155,2002,10,Rajasthan,Jhunjhunu,174.74,20.63,118.0,1036.0,533.0,231.0,600.0,-0.8861003861003861,279.79,301.6333333333333,0.88,0.14,1.63,1.13,3.78,6.68
155,2003,10,Rajasthan,Jhunjhunu,291.97,409.95,1404.0,118.0,1036.0,533.0,562.3333333333334,10.898305084745763,174.74,1253.84375,1.76,8.76,3.51,1.72,15.75,17.9
155,2004,10,Rajasthan,Jhunjhunu,266.33,206.62,776.0,1404.0,118.0,1036.0,852.6666666666666,-0.44729344729344733,291.97,842.9677419354839,1.41,1.57,7.12,0.59,10.69,14.49
155,2005,10,Rajasthan,Jhunjhunu,274.02,133.04,486.0,776.0,1404.0,118.0,766.0,-0.37371134020618557,266.33,567.75,2.5,4.97,0.57,3.65,11.69,14.8
155,2006,10,Rajasthan,Jhunjhunu,283.73,231.1,815.0,486.0,776.0,1404.0,888.6666666666666,0.676954732510288,274.02,907.28125,3.01,2.9,1.5,2.04,9.45,11.77
155,2007,10,Rajasthan,Jhunjhunu,285.74,243.82,853.0,815.0,486.0,776.0,692.3333333333334,0.0466257668711656,283.73,1043.3548387096773,2.91,2.46,3.87,2.36,11.6,16.03
155,2008,10,Rajasthan,Jhunjhunu,279.82,329.62,1178.0,853.0,815.0,486.0,718.0,0.38100820633059795,285.74,1079.8181818181818,4.56,3.41,4.13,2.6,14.7,17.509999999999998
155,2009,10,Rajasthan,Jhunjhunu,263.7,108.4,411.0,1178.0,853.0,815.0,948.6666666666666,-0.6511035653650254,279.82,594.258064516129,1.12,3.42,2.06,2.95,9.55,11.87
155,2010,10,Rajasthan,Jhunjhunu,286.1,498.47,1742.0,411.0,1178.0,853.0,814.0,3.238442822384428,263.7,1232.6060606060605,1.35,5.8,6.86,4.48,18.49,20.61
155,2011,10,Rajasthan,Jhunjhunu,277.06,491.61,1774.0,1742.0,411.0,1178.0,1110.3333333333333,0.018369690011481143,286.1,1307.6363636363637,1.86,4.25,4.16,6.4,16.67,19.05
155,2012,10,Rajasthan,Jhunjhunu,224.86,243.92,1085.0,1774.0,1742.0,411.0,1309.0,-0.38838782412626827,277.06,1154.1818181818182,0.34,1.85,10.56,2.7,15.45,17.0
155,2013,10,Rajasthan,Jhunjhunu,240.21,294.0,1224.0,1085.0,1774.0,1742.0,1533.6666666666667,0.1281105990783411,224.86,1063.7878787878788,3.37,5.57,7.31,1.92,18.17,21.18
155,2014,10,Rajasthan,Jhunjhunu,228.59,308.41,1349.0,1224.0,1085.0,1774.0,1361.0,0.10212418300653603,240.21,1185.75,0.99,3.38,3.35,2.66,10.38,13.56
155,2015,10,Rajasthan,Jhunjhunu,220.33,219.94,998.0,1349.0,1224.0,1085.0,1219.3333333333333,-0.2601927353595256,228.59,928.65625,2.73,5.08,3.77,0.45,12.03,17.31
155,2016,10,Rajasthan,Jhunjhunu,222.79,327.99,1472.0,998.0,1349.0,1224.0,1190.3333333333333,0.4749498997995991,220.33,1111.3939393939395,1.45,8.43,5.14,0.5,15.52,17.39
155,2017,10,Rajasthan,Jhunjhunu,219.33,229.12,1045.0,1472.0,998.0,1349.0,1273.0,-0.2900815217391305,222.79,1012.3333333333334,3.79,2.42,2.37,0.79,9.37,12.41
155,2018,10,Rajasthan,Jhunjhunu,212.17,309.62,1459.0,1045.0,1472.0,998.0,1171.6666666666667,0.39617224880382773,219.33,1085.6875,2.15,7.12,2.49,2.95,14.71,16.740000000000002
155,2019,10,Rajasthan,Jhunjhunu,205.06,283.58,1383.0,1459.0,1045.0,1472.0,1325.3333333333333,-0.052090472926662135,212.17,1246.3870967741937,1.26,8.28,5.1,1.0,15.64,18.97
156,1993,10,Rajasthan,Jodhpur,591.14,39.98,68.0,480.0,145.0,387.0,337.3333333333333,-0.8583333333333334,684.81,448.8965517241379,1.86,5.83,0.18,2.16,10.03,11.1
156,1994,10,Rajasthan,Jodhpur,705.79,377.18,534.0,68.0,480.0,145.0,231.0,6.852941176470588,591.14,649.0666666666667,0.38,5.83,5.8,1.35,13.36,14.59
156,1995,10,Rajasthan,Jodhpur,614.76,89.46,146.0,534.0,68.0,480.0,360.6666666666667,-0.7265917602996255,705.79,366.48275862068965,0.54,7.2,2.51,0.22,10.47,11.93
156,1996,10,Rajasthan,Jodhpur,626.12,230.1,368.0,146.0,534.0,68.0,249.33333333333334,1.5205479452054793,614.76,558.4666666666667,5.39,3.89,2.66,0.23,12.17,14.16
156,1997,10,Rajasthan,Jodhpur,616.18,239.4,389.0,368.0,146.0,534.0,349.3333333333333,0.057065217391304435,626.12,600.3666666666667,1.8,2.23,5.82,2.34,12.19,15.21
156,1998,10,Rajasthan,Jodhpur,511.29,13.29,26.0,389.0,368.0,146.0,301.0,-0.9331619537275064,616.18,567.0967741935484,3.69,1.66,2.0,4.19,11.54,13.63
156,1999,10,Rajasthan,Jodhpur,480.49,36.54,76.0,26.0,389.0,368.0,261.0,1.923076923076923,511.29,468.3333333333333,1.41,2.82,1.48,0.1,5.809999999999999,6.739999999999999
156,2000,10,Rajasthan,Jodhpur,536.59,65.97,123.0,76.0,26.0,389.0,163.66666666666666,0.618421052631579,480.49,567.96875,0.26,4.26,0.15,0.05,4.72,5.25
156,2001,10,Rajasthan,Jodhpur,652.07,444.58,682.0,123.0,76.0,26.0,75.0,4.544715447154472,536.59,849.96875,1.89,4.88,2.91,0.54,10.22,11.87
156,2002,10,Rajasthan,Jodhpur,45.06,31.63,702.0,682.0,123.0,76.0,293.6666666666667,0.029325513196480912,652.07,301.6333333333333,0.59,0.01,0.69,0.67,1.96,2.57
156,2003,10,Rajasthan,Jodhpur,709.27,826.82,1166.0,702.0,682.0,123.0,502.3333333333333,0.6609686609686609,45.06,1253.84375,1.48,6.66,1.33,0.55,10.02,10.74
156,2004,10,Rajasthan,Jodhpur,564.28,166.32,295.0,1166.0,702.0,682.0,850.0,-0.7469982847341338,709.27,842.9677419354839,1.69,2.0,3.17,0.36,7.22,7.75
156,2005,10,Rajasthan,Jodhpur,603.52,95.37,158.0,295.0,1166.0,702.0,721.0,-0.46440677966101696,564.28,567.75,1.63,2.26,1.21,1.82,6.92,8.43
156,2006,10,Rajasthan,Jodhpur,509.54,118.63,233.0,158.0,295.0,1166.0,539.6666666666666,0.47468354430379756,603.52,907.28125,0.8,1.12,4.74,0.68,7.34,7.96
156,2007,10,Rajasthan,Jodhpur,590.86,376.38,637.0,233.0,158.0,295.0,228.66666666666666,1.7339055793991416,509.54,1043.3548387096773,0.89,1.93,2.46,1.31,6.59,9.36
156,2008,10,Rajasthan,Jodhpur,608.85,247.5,407.0,637.0,233.0,158.0,342.6666666666667,-0.3610675039246468,590.86,1079.8181818181818,4.0,1.93,5.39,0.73,12.05,15.07
156,2009,10,Rajasthan,Jodhpur,574.82,20.23,35.0,407.0,637.0,233.0,425.6666666666667,-0.914004914004914,608.85,594.258064516129,0.78,4.43,1.62,0.18,7.01,7.71
156,2010,10,Rajasthan,Jodhpur,635.17,621.32,978.0,35.0,407.0,637.0,359.6666666666667,26.942857142857143,574.82,1232.6060606060605,1.45,4.19,3.09,5.33,14.06,15.79
156,2011,10,Rajasthan,Jodhpur,578.62,667.59,1154.0,978.0,35.0,407.0,473.3333333333333,0.1799591002044989,635.17,1307.6363636363637,0.19,3.81,4.89,2.84,11.73,12.53
156,2012,10,Rajasthan,Jodhpur,418.2,227.86,545.0,1154.0,978.0,35.0,722.3333333333334,-0.5277296360485269,578.62,1154.1818181818182,0.43,0.8,7.32,4.52,13.07,14.24
156,2013,10,Rajasthan,Jodhpur,491.43,245.09,499.0,545.0,1154.0,978.0,892.3333333333334,-0.08440366972477065,418.2,1063.7878787878788,1.36,4.17,3.85,4.02,13.4,15.03
156,2014,10,Rajasthan,Jodhpur,426.93,476.69,1117.0,499.0,545.0,1154.0,732.6666666666666,1.2384769539078158,491.43,1185.75,0.55,2.39,2.97,3.92,9.83,11.21
156,2015,10,Rajasthan,Jodhpur,403.92,257.66,638.0,1117.0,499.0,545.0,720.3333333333334,-0.42882721575649063,426.93,928.65625,2.28,5.37,1.91,0.92,10.48,12.43
156,2016,10,Rajasthan,Jodhpur,417.35,329.98,791.0,638.0,1117.0,499.0,751.3333333333334,0.23981191222570541,403.92,1111.3939393939395,1.86,2.53,8.44,0.37,13.199999999999998,14.19
156,2017,10,Rajasthan,Jodhpur,421.94,420.02,995.0,791.0,638.0,1117.0,848.6666666666666,0.25790139064475337,417.35,1012.3333333333334,3.15,7.7,1.65,0.67,13.17,16.27
156,2018,10,Rajasthan,Jodhpur,374.44,234.59,626.0,995.0,791.0,638.0,808.0,-0.37085427135678395,421.94,1085.6875,1.87,3.13,2.36,0.42,7.779999999999999,7.93
156,2019,10,Rajasthan,Jodhpur,386.8,386.8,1000.0,626.0,995.0,791.0,804.0,0.5974440894568691,374.44,1246.3870967741937,0.93,4.25,6.32,1.14,12.64,15.0
157,1999,10,Rajasthan,Kota,0.17,0.06,353.0,316.0,600.0,6.0,307.3333333333333,0.11708860759493667,0.19,468.3333333333333,1.37,6.3,2.99,2.59,13.25,15.7
157,2000,10,Rajasthan,Kota,0.03,0.02,667.0,353.0,316.0,600.0,423.0,0.8895184135977336,0.17,567.96875,1.64,5.85,3.47,0.87,11.829999999999998,13.82
157,2001,10,Rajasthan,Kota,0.08,0.06,750.0,667.0,353.0,316.0,445.3333333333333,0.12443778110944526,0.03,849.96875,4.8,11.3,3.17,0.23,19.500000000000004,21.63
157,2003,10,Rajasthan,Kota,0.23,0.26,1130.0,750.0,667.0,353.0,590.0,0.5066666666666666,0.08,1253.84375,2.78,6.29,3.66,2.7,15.43,17.67
157,2004,10,Rajasthan,Kota,0.03,0.02,667.0,1130.0,750.0,667.0,849.0,-0.4097345132743363,0.23,842.9677419354839,1.46,4.86,13.24,1.05,20.610000000000003,21.94
157,2005,10,Rajasthan,Kota,0.05,0.02,400.0,667.0,1130.0,750.0,849.0,-0.4002998500749625,0.03,567.75,1.69,9.8,2.16,5.71,19.36,20.130000000000003
157,2006,10,Rajasthan,Kota,0.02,0.01,500.0,400.0,667.0,1130.0,732.3333333333334,0.25,0.05,907.28125,3.43,6.92,13.85,3.17,27.37,28.67
157,2007,10,Rajasthan,Kota,0.08,0.06,750.0,500.0,400.0,667.0,522.3333333333334,0.5,0.02,1043.3548387096773,3.15,9.28,5.83,3.92,22.18,23.62
157,2008,10,Rajasthan,Kota,0.05,0.04,800.0,750.0,500.0,400.0,550.0,0.06666666666666665,0.08,1079.8181818181818,5.5,6.08,4.37,3.42,19.37,20.89
157,2009,10,Rajasthan,Kota,0.08,0.03,375.0,800.0,750.0,500.0,683.3333333333334,-0.53125,0.05,594.258064516129,1.57,8.79,3.15,0.86,14.37,16.82
157,2010,10,Rajasthan,Kota,0.07,0.08,1143.0,375.0,800.0,750.0,641.6666666666666,2.048,0.08,1232.6060606060605,1.15,6.26,10.27,3.29,20.97,23.6
157,2011,10,Rajasthan,Kota,0.08,0.1,1250.0,1143.0,375.0,800.0,772.6666666666666,0.09361329833770782,0.07,1307.6363636363637,7.75,7.45,10.34,5.53,31.07,31.6
157,2012,10,Rajasthan,Kota,0.08,0.08,1000.0,1250.0,1143.0,375.0,922.6666666666666,-0.19999999999999996,0.08,1154.1818181818182,0.85,6.84,10.65,6.1,24.44,25.58
157,2013,10,Rajasthan,Kota,0.07,0.07,1000.0,1000.0,1250.0,1143.0,1131.0,0.0,0.08,1063.7878787878788,3.58,14.24,7.28,4.04,29.14,33.09
157,2014,10,Rajasthan,Kota,0.05,0.06,1200.0,1000.0,1000.0,1250.0,1083.3333333333333,0.19999999999999996,0.07,1185.75,0.49,9.13,9.35,4.03,23.0,25.3
157,2015,10,Rajasthan,Kota,0.05,0.04,800.0,1200.0,1000.0,1000.0,1066.6666666666667,-0.33333333333333337,0.05,928.65625,2.85,11.53,8.48,1.32,24.18,28.85
157,2016,10,Rajasthan,Kota,0.08,0.08,1000.0,800.0,1200.0,1000.0,1000.0,0.25,0.05,1111.3939393939395,3.04,9.61,20.38,2.08,35.11,36.93
157,2017,10,Rajasthan,Kota,0.04,0.04,875.0,1000.0,800.0,1200.0,1000.0,-0.125,0.08,1012.3333333333334,2.76,7.73,5.22,1.66,17.37,18.45
157,2018,10,Rajasthan,Kota,0.03,0.03,879.0,875.0,1000.0,800.0,891.6666666666666,0.004571428571428671,0.04,1085.6875,2.78,8.04,6.57,6.22,23.61,23.86
157,2019,10,Rajasthan,Kota,0.03,0.04,1176.0,879.0,875.0,1000.0,918.0,0.3378839590443685,0.03,1246.3870967741937,3.89,13.0,16.03,8.49,41.41,43.82
158,1993,10,Rajasthan,Nagaur,492.37,194.29,395.0,576.0,322.0,734.0,544.0,-0.31423611111111116,513.26,448.8965517241379,1.88,5.23,0.59,2.06,9.76,10.76
158,1994,10,Rajasthan,Nagaur,564.47,313.93,556.0,395.0,576.0,322.0,431.0,0.4075949367088607,492.37,649.0666666666667,0.75,6.98,4.71,1.64,14.080000000000002,15.36
158,1995,10,Rajasthan,Nagaur,439.67,156.39,356.0,556.0,395.0,576.0,509.0,-0.3597122302158273,564.47,366.48275862068965,0.47,7.77,3.58,0.51,12.33,14.3
158,1996,10,Rajasthan,Nagaur,500.86,320.48,640.0,356.0,556.0,395.0,435.6666666666667,0.797752808988764,439.67,558.4666666666667,5.34,3.51,3.24,0.92,13.01,15.11
158,1997,10,Rajasthan,Nagaur,459.11,273.85,596.0,640.0,356.0,556.0,517.3333333333334,-0.06874999999999998,500.86,600.3666666666667,2.07,2.35,4.9,1.67,10.99,15.47
158,1998,10,Rajasthan,Nagaur,450.81,191.61,425.0,596.0,640.0,356.0,530.6666666666666,-0.28691275167785235,459.11,567.0967741935484,2.5,4.18,1.54,3.54,11.759999999999998,14.49
158,1999,10,Rajasthan,Nagaur,392.06,133.81,341.0,425.0,596.0,640.0,553.6666666666666,-0.1976470588235294,450.81,468.3333333333333,0.9,2.08,1.05,0.4,4.430000000000001,5.48
158,2000,10,Rajasthan,Nagaur,430.21,241.39,561.0,341.0,425.0,596.0,454.0,0.6451612903225807,392.06,567.96875,0.45,3.61,0.56,0.12,4.739999999999999,5.36
158,2001,10,Rajasthan,Nagaur,472.04,391.6,830.0,561.0,341.0,425.0,442.3333333333333,0.47950089126559714,430.21,849.96875,2.22,4.07,2.4,0.42,9.11,11.35
158,2002,10,Rajasthan,Nagaur,240.9,47.44,197.0,830.0,561.0,341.0,577.3333333333334,-0.7626506024096386,472.04,301.6333333333333,0.57,0.05,0.82,0.41,1.85,2.77
158,2003,10,Rajasthan,Nagaur,561.04,683.08,1218.0,197.0,830.0,561.0,529.3333333333334,5.182741116751269,240.9,1253.84375,1.34,6.71,1.51,1.09,10.65,11.9
158,2004,10,Rajasthan,Nagaur,436.48,379.93,870.0,1218.0,197.0,830.0,748.3333333333334,-0.2857142857142857,561.04,842.9677419354839,1.33,1.7,4.29,0.4,7.720000000000001,9.0
158,2005,10,Rajasthan,Nagaur,464.88,235.47,507.0,870.0,1218.0,197.0,761.6666666666666,-0.4172413793103448,436.48,567.75,1.73,2.97,0.73,2.08,7.51,9.28
158,2006,10,Rajasthan,Nagaur,461.78,344.15,745.0,507.0,870.0,1218.0,865.0,0.4694280078895463,464.88,907.28125,1.64,1.41,2.23,1.41,6.69,7.93
158,2007,10,Rajasthan,Nagaur,477.64,421.35,882.0,745.0,507.0,870.0,707.3333333333334,0.18389261744966445,461.78,1043.3548387096773,0.99,2.03,2.42,1.79,7.229999999999999,10.53
158,2008,10,Rajasthan,Nagaur,492.28,488.58,992.0,882.0,745.0,507.0,711.3333333333334,0.12471655328798192,477.64,1079.8181818181818,3.98,1.86,4.3,0.84,10.98,13.98
158,2009,10,Rajasthan,Nagaur,469.99,164.89,351.0,992.0,882.0,745.0,873.0,-0.6461693548387097,492.28,594.258064516129,0.87,4.73,1.56,0.42,7.58,8.84
158,2010,10,Rajasthan,Nagaur,517.84,744.63,1438.0,351.0,992.0,882.0,741.6666666666666,3.096866096866097,469.99,1232.6060606060605,1.7,4.13,3.54,4.57,13.94,15.87
158,2011,10,Rajasthan,Nagaur,477.58,604.93,1267.0,1438.0,351.0,992.0,927.0,-0.11891515994436719,517.84,1307.6363636363637,0.75,5.53,3.74,3.81,13.83,14.97
158,2012,10,Rajasthan,Nagaur,356.98,105.24,295.0,1267.0,1438.0,351.0,1018.6666666666666,-0.7671665351223362,477.58,1154.1818181818182,0.31,0.83,8.46,3.26,12.86,14.3
158,2013,10,Rajasthan,Nagaur,422.34,361.93,857.0,295.0,1267.0,1438.0,1000.0,1.905084745762712,356.98,1063.7878787878788,1.72,4.86,4.71,2.56,13.85,15.55
158,2014,10,Rajasthan,Nagaur,373.73,339.7,909.0,857.0,295.0,1267.0,806.3333333333334,0.0606767794632439,422.34,1185.75,1.18,2.61,2.83,3.62,10.24,12.16
158,2015,10,Rajasthan,Nagaur,353.03,246.44,698.0,909.0,857.0,295.0,687.0,-0.23212321232123212,373.73,928.65625,2.66,5.14,2.16,0.45,10.41,13.67
158,2016,10,Rajasthan,Nagaur,344.53,363.99,1056.0,698.0,909.0,857.0,821.3333333333334,0.512893982808023,353.03,1111.3939393939395,2.1,3.68,7.11,0.34,13.23,15.24
158,2017,10,Rajasthan,Nagaur,307.54,281.7,916.0,1056.0,698.0,909.0,887.6666666666666,-0.13257575757575757,344.53,1012.3333333333334,3.03,5.07,2.31,0.77,11.18,14.5
158,2018,10,Rajasthan,Nagaur,303.69,309.39,1019.0,916.0,1056.0,698.0,890.0,0.11244541484716164,307.54,1085.6875,1.95,5.81,1.94,0.82,10.52,10.96
158,2019,10,Rajasthan,Nagaur,299.72,295.28,985.0,1019.0,916.0,1056.0,997.0,-0.03336604514229635,303.69,1246.3870967741937,0.66,5.13,7.09,1.17,14.05,16.56
159,1993,10,Rajasthan,Pali,105.16,4.11,39.0,445.0,131.0,509.0,361.6666666666667,-0.9123595505617977,117.67,448.8965517241379,2.28,7.92,0.44,2.83,13.47,14.62
159,1994,10,Rajasthan,Pali,112.94,34.85,309.0,39.0,445.0,131.0,205.0,6.923076923076923,105.16,649.0666666666667,0.66,7.13,8.38,2.55,18.72,19.92
159,1995,10,Rajasthan,Pali,75.3,4.5,60.0,309.0,39.0,445.0,264.3333333333333,-0.8058252427184466,112.94,366.48275862068965,0.64,5.85,2.75,0.35,9.589999999999998,10.79
159,1996,10,Rajasthan,Pali,101.14,46.91,464.0,60.0,309.0,39.0,136.0,6.733333333333333,75.3,558.4666666666667,5.92,5.63,3.88,0.44,15.87,17.81
159,1997,10,Rajasthan,Pali,100.35,54.29,541.0,464.0,60.0,309.0,277.6666666666667,0.16594827586206895,101.14,600.3666666666667,3.0,3.26,8.3,3.1,17.66,19.88
159,1998,10,Rajasthan,Pali,92.11,2.38,26.0,541.0,464.0,60.0,355.0,-0.9519408502772644,100.35,567.0967741935484,4.48,2.09,2.97,5.29,14.830000000000002,16.5
159,1999,10,Rajasthan,Pali,98.25,6.64,68.0,26.0,541.0,464.0,343.6666666666667,1.6153846153846154,92.11,468.3333333333333,2.01,4.78,1.62,0.13,8.540000000000001,9.72
159,2000,10,Rajasthan,Pali,98.15,20.2,206.0,68.0,26.0,541.0,211.66666666666666,2.0294117647058822,98.25,567.96875,0.39,6.2,0.4,0.08,7.07,7.82
159,2001,10,Rajasthan,Pali,104.92,57.81,551.0,206.0,68.0,26.0,100.0,1.674757281553398,98.15,849.96875,2.17,5.13,3.81,0.63,11.74,12.99
159,2003,10,Rajasthan,Pali,129.44,97.52,753.0,551.0,206.0,68.0,275.0,0.366606170598911,104.92,1253.84375,1.59,7.07,1.76,0.78,11.2,11.76
159,2004,10,Rajasthan,Pali,97.93,65.49,669.0,753.0,551.0,206.0,503.3333333333333,-0.11155378486055778,129.44,842.9677419354839,1.77,4.46,3.97,1.32,11.52,12.02
159,2005,10,Rajasthan,Pali,97.75,34.96,358.0,669.0,753.0,551.0,657.6666666666666,-0.46487294469357254,97.93,567.75,1.8,2.74,2.35,3.41,10.3,11.56
159,2006,10,Rajasthan,Pali,96.22,66.07,687.0,358.0,669.0,753.0,593.3333333333334,0.9189944134078212,97.75,907.28125,1.42,2.4,8.06,1.2,13.08,13.37
159,2007,10,Rajasthan,Pali,85.79,66.29,773.0,687.0,358.0,669.0,571.3333333333334,0.12518195050946135,96.22,1043.3548387096773,1.87,3.23,3.61,1.13,9.84,11.75
159,2008,10,Rajasthan,Pali,85.9,50.31,586.0,773.0,687.0,358.0,606.0,-0.24191461836998707,85.79,1079.8181818181818,3.53,3.64,5.89,1.54,14.599999999999998,16.63
159,2009,10,Rajasthan,Pali,79.41,0.6,8.0,586.0,773.0,687.0,682.0,-0.9863481228668942,85.9,594.258064516129,1.22,6.36,2.61,0.38,10.57,11.57
159,2010,10,Rajasthan,Pali,94.6,99.25,1049.0,8.0,586.0,773.0,455.6666666666667,130.125,79.41,1232.6060606060605,1.35,6.31,5.39,5.89,18.94,21.02
159,2011,10,Rajasthan,Pali,73.8,61.81,838.0,1049.0,8.0,586.0,547.6666666666666,-0.20114394661582458,94.6,1307.6363636363637,0.51,4.13,7.19,3.72,15.55,16.03
159,2012,10,Rajasthan,Pali,64.88,42.78,659.0,838.0,1049.0,8.0,631.6666666666666,-0.21360381861575184,73.8,1154.1818181818182,0.36,3.06,8.22,6.47,18.11,18.92
159,2013,10,Rajasthan,Pali,67.91,37.93,559.0,659.0,838.0,1049.0,848.6666666666666,-0.15174506828528078,64.88,1063.7878787878788,1.73,6.5,3.59,4.28,16.1,17.54
159,2014,10,Rajasthan,Pali,53.76,33.04,615.0,559.0,659.0,838.0,685.3333333333334,0.10017889087656529,67.91,1185.75,0.36,4.01,3.18,4.98,12.53,13.77
159,2015,10,Rajasthan,Pali,46.93,34.87,743.0,615.0,559.0,659.0,611.0,0.20813008130081312,53.76,928.65625,2.42,6.65,2.8,1.16,13.03,14.46
159,2016,10,Rajasthan,Pali,38.28,28.8,752.0,743.0,615.0,559.0,639.0,0.01211305518169592,46.93,1111.3939393939395,1.49,4.91,13.07,0.27,19.74,20.91
159,2017,10,Rajasthan,Pali,35.42,15.81,446.0,752.0,743.0,615.0,703.3333333333334,-0.40691489361702127,38.28,1012.3333333333334,3.49,13.35,2.2,0.76,19.8,21.64
159,2018,10,Rajasthan,Pali,34.3,39.83,1161.0,446.0,752.0,743.0,647.0,1.6031390134529149,35.42,1085.6875,2.3,3.48,2.85,0.99,9.62,9.67
159,2019,10,Rajasthan,Pali,30.33,27.07,893.0,1161.0,446.0,752.0,786.3333333333334,-0.2308354866494401,34.3,1246.3870967741937,1.06,5.25,8.92,2.14,17.37,19.23
161,1993,10,Rajasthan,Sikar,256.14,82.27,321.0,688.0,293.0,394.0,458.3333333333333,-0.5334302325581395,276.14,448.8965517241379,2.73,4.89,1.97,2.52,12.11,13.43
161,1994,10,Rajasthan,Sikar,272.75,194.87,714.0,321.0,688.0,293.0,434.0,1.2242990654205608,256.14,649.0666666666667,1.44,7.21,5.81,2.5,16.96,18.5
161,1995,10,Rajasthan,Sikar,237.23,107.6,454.0,714.0,321.0,688.0,574.3333333333334,-0.36414565826330536,272.75,366.48275862068965,0.79,6.99,8.47,1.19,17.44,19.75
161,1996,10,Rajasthan,Sikar,263.73,170.92,648.0,454.0,714.0,321.0,496.3333333333333,0.42731277533039647,237.23,558.4666666666667,4.2,3.76,5.3,3.48,16.74,19.21
161,1997,10,Rajasthan,Sikar,260.35,145.8,560.0,648.0,454.0,714.0,605.3333333333334,-0.13580246913580252,263.73,600.3666666666667,1.46,4.55,5.9,1.14,13.05,19.21
161,1998,10,Rajasthan,Sikar,251.8,168.47,669.0,560.0,648.0,454.0,554.0,0.19464285714285712,260.35,567.0967741935484,1.2,6.55,1.5,4.4,13.65,16.85
161,1999,10,Rajasthan,Sikar,255.5,149.42,585.0,669.0,560.0,648.0,625.6666666666666,-0.12556053811659196,251.8,468.3333333333333,0.58,1.77,1.15,0.87,4.37,5.7
161,2000,10,Rajasthan,Sikar,272.69,194.42,713.0,585.0,669.0,560.0,604.6666666666666,0.21880341880341891,255.5,567.96875,0.68,3.49,1.67,0.32,6.16,7.35
161,2001,10,Rajasthan,Sikar,285.74,306.47,1073.0,713.0,585.0,669.0,655.6666666666666,0.5049088359046283,272.69,849.96875,2.72,4.97,3.07,0.27,11.03,14.0
161,2002,10,Rajasthan,Sikar,214.23,61.31,286.0,1073.0,713.0,585.0,790.3333333333334,-0.733457595526561,285.74,301.6333333333333,0.95,0.16,1.44,0.5,3.05,5.09
161,2003,10,Rajasthan,Sikar,334.76,351.95,1051.0,286.0,1073.0,713.0,690.6666666666666,2.674825174825175,214.23,1253.84375,1.88,7.02,3.29,1.77,13.959999999999996,15.87
161,2004,10,Rajasthan,Sikar,284.09,254.85,897.0,1051.0,286.0,1073.0,803.3333333333334,-0.14652711703139865,334.76,842.9677419354839,1.15,2.42,8.13,0.63,12.330000000000002,15.48
161,2005,10,Rajasthan,Sikar,284.98,144.62,507.0,897.0,1051.0,286.0,744.6666666666666,-0.4347826086956522,284.09,567.75,2.7,4.54,0.38,2.83,10.45,12.75
161,2006,10,Rajasthan,Sikar,301.35,292.82,972.0,507.0,897.0,1051.0,818.3333333333334,0.9171597633136095,284.98,907.28125,3.27,2.71,1.84,1.8,9.62,11.63
161,2007,10,Rajasthan,Sikar,294.53,260.71,885.0,972.0,507.0,897.0,792.0,-0.08950617283950613,301.35,1043.3548387096773,1.62,2.84,4.22,2.4,11.08,14.73
161,2008,10,Rajasthan,Sikar,306.52,444.77,1451.0,885.0,972.0,507.0,788.0,0.6395480225988701,294.53,1079.8181818181818,4.59,3.2,3.28,2.21,13.28,15.78
161,2009,10,Rajasthan,Sikar,303.95,144.74,476.0,1451.0,885.0,972.0,1102.6666666666667,-0.6719503790489318,306.52,594.258064516129,1.24,3.94,2.37,1.62,9.17,11.11
161,2010,10,Rajasthan,Sikar,328.95,431.34,1311.0,476.0,1451.0,885.0,937.3333333333334,1.754201680672269,303.95,1232.6060606060605,1.34,5.73,7.23,3.89,18.19,20.53
161,2011,10,Rajasthan,Sikar,308.52,474.43,1538.0,1311.0,476.0,1451.0,1079.3333333333333,0.17315026697177727,328.95,1307.6363636363637,2.03,5.41,4.27,5.88,17.59,19.28
161,2012,10,Rajasthan,Sikar,283.82,350.93,1236.0,1538.0,1311.0,476.0,1108.3333333333333,-0.19635890767230169,308.52,1154.1818181818182,0.2,1.97,11.91,2.92,17.0,18.28
161,2013,10,Rajasthan,Sikar,288.59,384.22,1331.0,1236.0,1538.0,1311.0,1361.6666666666667,0.07686084142394822,283.82,1063.7878787878788,3.45,5.38,7.45,1.66,17.94,20.3
161,2014,10,Rajasthan,Sikar,282.2,407.84,1445.0,1331.0,1236.0,1538.0,1368.3333333333333,0.08564988730277978,288.59,1185.75,0.9,4.15,4.24,2.86,12.15,14.89
161,2015,10,Rajasthan,Sikar,272.76,247.45,907.0,1445.0,1331.0,1236.0,1337.3333333333333,-0.37231833910034606,282.2,928.65625,2.66,5.43,2.93,0.36,11.38,15.98
161,2016,10,Rajasthan,Sikar,279.6,412.27,1475.0,907.0,1445.0,1331.0,1227.6666666666667,0.6262403528114664,272.76,1111.3939393939395,1.23,6.84,5.15,0.76,13.98,15.94
161,2017,10,Rajasthan,Sikar,271.3,208.18,767.0,1475.0,907.0,1445.0,1275.6666666666667,-0.48,279.6,1012.3333333333334,2.74,3.72,2.86,0.79,10.11,12.89
161,2018,10,Rajasthan,Sikar,266.37,243.9,916.0,767.0,1475.0,907.0,1049.6666666666667,0.19426336375488917,271.3,1085.6875,2.29,7.67,2.31,2.0,14.27,15.4
161,2019,10,Rajasthan,Sikar,265.92,350.2,1317.0,916.0,767.0,1475.0,1052.6666666666667,0.43777292576419224,266.37,1246.3870967741937,0.81,10.17,6.5,1.48,18.96,21.28
162,1993,10,Rajasthan,Sirohi,22.2,6.58,296.0,578.0,233.0,513.0,441.3333333333333,-0.4878892733564014,26.59,448.8965517241379,2.18,10.53,0.95,3.2,16.86,17.91
162,1994,10,Rajasthan,Sirohi,21.27,12.89,606.0,296.0,578.0,233.0,369.0,1.0472972972972974,22.2,649.0666666666667,1.37,9.01,9.98,5.28,25.64,26.65
162,1995,10,Rajasthan,Sirohi,16.23,5.17,319.0,606.0,296.0,578.0,493.3333333333333,-0.4735973597359736,21.27,366.48275862068965,0.61,5.01,2.65,0.78,9.05,10.21
162,1996,10,Rajasthan,Sirohi,11.62,5.71,491.0,319.0,606.0,296.0,407.0,0.5391849529780564,16.23,558.4666666666667,5.71,7.34,5.39,0.97,19.41,21.12
162,1997,10,Rajasthan,Sirohi,19.35,10.33,534.0,491.0,319.0,606.0,472.0,0.08757637474541746,11.62,600.3666666666667,6.44,3.96,9.71,3.17,23.28,25.11
162,1998,10,Rajasthan,Sirohi,15.33,6.6,431.0,534.0,491.0,319.0,448.0,-0.19288389513108617,19.35,567.0967741935484,4.51,4.54,3.94,5.45,18.44,19.91
162,1999,10,Rajasthan,Sirohi,13.79,4.71,342.0,431.0,534.0,491.0,485.3333333333333,-0.20649651972157768,15.33,468.3333333333333,2.5,6.42,1.46,0.33,10.71,12.13
162,2000,10,Rajasthan,Sirohi,17.18,7.58,441.0,342.0,431.0,534.0,435.6666666666667,0.2894736842105263,13.79,567.96875,0.76,8.34,1.17,0.12,10.39,11.56
162,2001,10,Rajasthan,Sirohi,22.63,16.85,745.0,441.0,342.0,431.0,404.6666666666667,0.6893424036281179,17.18,849.96875,2.57,5.05,4.47,0.62,12.71,13.79
162,2002,10,Rajasthan,Sirohi,21.77,4.86,223.0,745.0,441.0,342.0,509.3333333333333,-0.7006711409395974,22.63,301.6333333333333,2.16,0.17,3.07,1.09,6.49,6.86
162,2003,10,Rajasthan,Sirohi,29.45,33.47,1137.0,223.0,745.0,441.0,469.6666666666667,4.098654708520179,21.77,1253.84375,1.7,7.36,2.86,1.11,13.03,13.57
162,2004,10,Rajasthan,Sirohi,22.71,14.91,657.0,1137.0,223.0,745.0,701.6666666666666,-0.4221635883905013,29.45,842.9677419354839,1.79,6.51,5.07,2.01,15.38,15.89
162,2005,10,Rajasthan,Sirohi,26.03,11.3,434.0,657.0,1137.0,223.0,672.3333333333334,-0.33942161339421617,22.71,567.75,2.24,3.55,3.33,5.31,14.43,15.69
162,2006,10,Rajasthan,Sirohi,24.23,12.28,507.0,434.0,657.0,1137.0,742.6666666666666,0.16820276497695863,26.03,907.28125,2.58,4.27,10.56,2.29,19.7,19.98
162,2007,10,Rajasthan,Sirohi,18.58,10.22,550.0,507.0,434.0,657.0,532.6666666666666,0.08481262327416172,24.23,1043.3548387096773,2.77,4.87,4.96,1.02,13.62,15.12
162,2008,10,Rajasthan,Sirohi,14.44,7.79,539.0,550.0,507.0,434.0,497.0,-0.020000000000000018,18.58,1079.8181818181818,2.91,5.03,6.07,2.26,16.270000000000003,17.59
162,2009,10,Rajasthan,Sirohi,15.76,3.21,204.0,539.0,550.0,507.0,532.0,-0.6215213358070502,14.44,594.258064516129,1.61,8.07,3.56,0.65,13.89,15.31
162,2010,10,Rajasthan,Sirohi,21.63,24.0,1110.0,204.0,539.0,550.0,431.0,4.4411764705882355,15.76,1232.6060606060605,1.55,8.45,7.96,5.83,23.79,26.01
162,2011,10,Rajasthan,Sirohi,17.74,12.37,697.0,1110.0,204.0,539.0,617.6666666666666,-0.37207207207207205,21.63,1307.6363636363637,0.85,5.2,8.75,4.56,19.36,19.67
162,2012,10,Rajasthan,Sirohi,13.62,16.53,1214.0,697.0,1110.0,204.0,670.3333333333334,0.7417503586800573,17.74,1154.1818181818182,0.31,5.13,8.9,7.49,21.83,22.52
162,2013,10,Rajasthan,Sirohi,13.76,6.48,471.0,1214.0,697.0,1110.0,1007.0,-0.6120263591433279,13.62,1063.7878787878788,2.09,9.0,3.45,3.75,18.29,19.62
162,2014,10,Rajasthan,Sirohi,13.49,11.47,850.0,471.0,1214.0,697.0,794.0,0.8046709129511678,13.76,1185.75,0.36,5.85,3.09,5.9,15.2,16.32
162,2015,10,Rajasthan,Sirohi,12.19,9.38,769.0,850.0,471.0,1214.0,845.0,-0.09529411764705886,13.49,928.65625,2.69,7.83,3.75,1.44,15.71,17.07
162,2016,10,Rajasthan,Sirohi,11.91,6.14,516.0,769.0,850.0,471.0,696.6666666666666,-0.3289986996098829,12.19,1111.3939393939395,1.23,6.98,14.43,0.37,23.01,24.44
162,2017,10,Rajasthan,Sirohi,16.61,0.01,1.0,516.0,769.0,850.0,711.6666666666666,-0.998062015503876,11.91,1012.3333333333334,3.31,18.24,3.19,1.0,25.74,26.92
162,2018,10,Rajasthan,Sirohi,11.76,7.81,664.0,1.0,516.0,769.0,428.6666666666667,663.0,16.61,1085.6875,2.85,5.01,3.36,1.42,12.64,12.67
162,2019,10,Rajasthan,Sirohi,13.44,16.21,1207.0,664.0,1.0,516.0,393.6666666666667,0.8177710843373494,11.76,1246.3870967741937,1.7,5.7,12.04,3.4,22.84,24.83
163,1993,10,Rajasthan,Tonk,30.77,11.83,384.0,1200.0,401.0,1387.0,996.0,-0.6799999999999999,42.51,448.8965517241379,3.23,5.95,3.51,3.58,16.27,17.53
163,1994,10,Rajasthan,Tonk,34.84,15.59,447.0,384.0,1200.0,401.0,661.6666666666666,0.1640625,30.77,649.0666666666667,1.98,7.2,7.21,2.76,19.15,20.66
163,1995,10,Rajasthan,Tonk,28.06,15.43,550.0,447.0,384.0,1200.0,677.0,0.23042505592841156,34.84,366.48275862068965,0.51,8.6,9.64,1.02,19.77,21.56
163,1996,10,Rajasthan,Tonk,33.04,22.98,696.0,550.0,447.0,384.0,460.3333333333333,0.2654545454545454,28.06,558.4666666666667,2.56,5.87,7.58,3.75,19.76,21.59
163,1997,10,Rajasthan,Tonk,31.1,21.99,707.0,696.0,550.0,447.0,564.3333333333334,0.015804597701149392,33.04,600.3666666666667,1.38,4.84,7.9,1.55,15.670000000000002,19.85
163,1998,10,Rajasthan,Tonk,30.08,15.02,499.0,707.0,696.0,550.0,651.0,-0.29420084865629426,31.1,567.0967741935484,1.3,7.1,1.88,4.47,14.75,15.95
163,1999,10,Rajasthan,Tonk,24.61,12.01,488.0,499.0,707.0,696.0,634.0,-0.022044088176352727,30.08,468.3333333333333,0.78,3.67,2.29,1.4,8.14,9.99
163,2000,10,Rajasthan,Tonk,34.48,20.14,584.0,488.0,499.0,707.0,564.6666666666666,0.19672131147540983,24.61,567.96875,0.82,4.8,2.46,0.58,8.66,10.16
163,2001,10,Rajasthan,Tonk,39.82,27.39,688.0,584.0,488.0,499.0,523.6666666666666,0.17808219178082196,34.48,849.96875,3.57,8.8,2.62,0.17,15.160000000000002,17.580000000000002
163,2002,10,Rajasthan,Tonk,56.73,21.58,380.0,688.0,584.0,488.0,586.6666666666666,-0.4476744186046512,39.82,301.6333333333333,1.19,0.85,3.17,0.98,6.19,7.97
163,2003,10,Rajasthan,Tonk,93.58,135.49,1448.0,380.0,688.0,584.0,550.6666666666666,2.8105263157894735,56.73,1253.84375,2.54,5.25,3.56,2.08,13.43,15.51
163,2004,10,Rajasthan,Tonk,45.19,53.71,1189.0,1448.0,380.0,688.0,838.6666666666666,-0.17886740331491713,93.58,842.9677419354839,1.2,3.74,11.99,0.68,17.61,19.79
163,2005,10,Rajasthan,Tonk,52.69,31.03,589.0,1189.0,1448.0,380.0,1005.6666666666666,-0.5046257359125315,45.19,567.75,2.49,6.68,0.96,3.41,13.54,14.51
163,2006,10,Rajasthan,Tonk,52.97,45.62,861.0,589.0,1189.0,1448.0,1075.3333333333333,0.46179966044142606,52.69,907.28125,3.44,4.63,6.99,1.9,16.96,18.29
163,2007,10,Rajasthan,Tonk,63.22,78.0,1234.0,861.0,589.0,1189.0,879.6666666666666,0.4332171893147503,52.97,1043.3548387096773,1.63,6.0,5.24,3.15,16.02,17.99
163,2008,10,Rajasthan,Tonk,53.48,74.51,1393.0,1234.0,861.0,589.0,894.6666666666666,0.1288492706645057,63.22,1079.8181818181818,5.28,4.47,3.09,2.79,15.63,17.51
163,2009,10,Rajasthan,Tonk,67.77,35.81,528.0,1393.0,1234.0,861.0,1162.6666666666667,-0.6209619526202441,53.48,594.258064516129,1.36,5.51,2.87,0.76,10.5,12.33
163,2010,10,Rajasthan,Tonk,71.07,109.79,1545.0,528.0,1393.0,1234.0,1051.6666666666667,1.9261363636363638,67.77,1232.6060606060605,0.94,5.57,9.16,3.03,18.7,21.28
163,2011,10,Rajasthan,Tonk,47.96,61.27,1278.0,1545.0,528.0,1393.0,1155.3333333333333,-0.17281553398058247,71.07,1307.6363636363637,4.9,5.74,6.9,5.27,22.81,23.63
163,2012,10,Rajasthan,Tonk,41.91,53.0,1265.0,1278.0,1545.0,528.0,1117.0,-0.010172143974960912,47.96,1154.1818181818182,0.47,4.11,12.04,4.17,20.79,21.8
163,2013,10,Rajasthan,Tonk,40.76,53.4,1310.0,1265.0,1278.0,1545.0,1362.6666666666667,0.035573122529644285,41.91,1063.7878787878788,3.73,8.69,7.57,3.02,23.01,26.24
163,2014,10,Rajasthan,Tonk,41.91,61.08,1457.0,1310.0,1265.0,1278.0,1284.3333333333333,0.11221374045801524,40.76,1185.75,0.33,6.9,7.61,2.97,17.81,20.26
163,2015,10,Rajasthan,Tonk,44.99,49.99,1111.0,1457.0,1310.0,1265.0,1344.0,-0.23747426218256695,41.91,928.65625,2.44,8.07,5.01,0.82,16.34,21.05
163,2016,10,Rajasthan,Tonk,44.64,65.12,1459.0,1111.0,1457.0,1310.0,1292.6666666666667,0.31323132313231317,44.99,1111.3939393939395,2.92,9.23,12.83,1.17,26.15,27.9
163,2017,10,Rajasthan,Tonk,41.81,63.86,1528.0,1459.0,1111.0,1457.0,1342.3333333333333,0.0472926662097326,44.64,1012.3333333333334,2.52,5.78,4.81,1.34,14.45,16.41
163,2018,10,Rajasthan,Tonk,43.47,62.66,1441.0,1528.0,1459.0,1111.0,1366.0,-0.056937172774869094,41.81,1085.6875,2.71,10.29,5.15,7.66,25.81,26.28
163,2019,10,Rajasthan,Tonk,51.47,67.35,1309.0,1441.0,1528.0,1459.0,1476.0,-0.09160305343511455,43.47,1246.3870967741937,2.47,12.76,11.47,5.07,31.770000000000003,33.63
164,1993,10,Rajasthan,Udaipur,0.03,0.01,333.0,500.0,167.0,42.0,236.33333333333334,-0.33399999999999996,0.02,448.8965517241379,2.18,11.56,2.72,3.84,20.3,21.16
164,1994,10,Rajasthan,Udaipur,0.01,0.01,1000.0,333.0,500.0,167.0,333.3333333333333,2.003003003003003,0.03,649.0666666666667,2.88,10.05,10.12,7.22,30.27,31.29
164,1996,10,Rajasthan,Udaipur,0.03,0.01,333.0,1000.0,333.0,500.0,611.0,-0.667,0.01,558.4666666666667,3.68,9.05,7.66,2.16,22.55,23.96
164,1997,10,Rajasthan,Udaipur,0.02,0.01,500.0,333.0,1000.0,333.0,555.3333333333334,0.5015015015015014,0.03,600.3666666666667,8.64,5.38,10.43,2.45,26.9,28.72
164,1998,10,Rajasthan,Udaipur,0.05,0.02,400.0,500.0,333.0,1000.0,611.0,-0.19999999999999996,0.02,567.0967741935484,3.63,7.97,4.32,5.14,21.06,22.25
164,1999,10,Rajasthan,Udaipur,0.03,0.01,333.0,400.0,500.0,333.0,411.0,-0.16749999999999998,0.05,468.3333333333333,2.72,7.26,1.75,1.3,13.03,15.0
164,2000,10,Rajasthan,Udaipur,0.04,0.02,500.0,333.0,400.0,500.0,411.0,0.5015015015015014,0.03,567.96875,1.46,9.06,2.74,0.35,13.61,15.54
164,2001,10,Rajasthan,Udaipur,0.04,0.03,750.0,500.0,333.0,400.0,411.0,0.5,0.04,849.96875,3.13,5.22,5.16,0.62,14.13,15.01
164,2002,10,Rajasthan,Udaipur,0.06,0.01,167.0,750.0,500.0,333.0,527.6666666666666,-0.7773333333333333,0.04,301.6333333333333,3.06,0.32,5.16,1.27,9.81,10.32
164,2003,10,Rajasthan,Udaipur,0.11,0.12,1091.0,167.0,750.0,500.0,472.3333333333333,5.532934131736527,0.06,1253.84375,1.85,5.88,3.2,1.99,12.92,13.73
164,2004,10,Rajasthan,Udaipur,0.05,0.04,800.0,1091.0,167.0,750.0,669.3333333333334,-0.26672777268560954,0.11,842.9677419354839,1.66,8.68,5.83,2.77,18.94,19.45
164,2005,10,Rajasthan,Udaipur,0.05,0.02,400.0,800.0,1091.0,167.0,686.0,-0.5,0.05,567.75,2.3,4.84,4.18,7.57,18.89,20.11
164,2006,10,Rajasthan,Udaipur,0.03,0.02,667.0,400.0,800.0,1091.0,763.6666666666666,0.6675,0.05,907.28125,3.71,5.97,10.72,3.66,24.06,24.52
164,2007,10,Rajasthan,Udaipur,0.05,0.04,800.0,667.0,400.0,800.0,622.3333333333334,0.199400299850075,0.03,1043.3548387096773,3.72,6.42,5.82,0.87,16.830000000000002,17.85
164,2008,10,Rajasthan,Udaipur,0.01,0.01,1000.0,800.0,667.0,400.0,622.3333333333334,0.25,0.05,1079.8181818181818,2.42,6.08,5.41,3.12,17.03,17.64
164,2009,10,Rajasthan,Udaipur,0.08,0.03,375.0,1000.0,800.0,667.0,822.3333333333334,-0.625,0.01,594.258064516129,1.95,8.91,4.51,1.11,16.48,18.56
164,2010,10,Rajasthan,Udaipur,0.02,0.02,1000.0,375.0,1000.0,800.0,725.0,1.6666666666666665,0.08,1232.6060606060605,1.69,9.47,10.66,4.4,26.22,28.72
164,2011,10,Rajasthan,Udaipur,0.02,0.02,1000.0,1000.0,375.0,1000.0,791.6666666666666,0.0,0.02,1307.6363636363637,1.86,6.13,8.95,4.89,21.83,21.97
164,2012,10,Rajasthan,Udaipur,0.01,0.01,1000.0,1000.0,1000.0,375.0,791.6666666666666,0.0,0.02,1154.1818181818182,0.31,7.76,8.83,7.04,23.94,24.66
164,2013,10,Rajasthan,Udaipur,0.16,0.15,938.0,1000.0,1000.0,1000.0,1000.0,-0.062000000000000055,0.01,1063.7878787878788,2.31,11.2,2.91,2.58,19.0,20.54
164,2014,10,Rajasthan,Udaipur,0.01,0.01,1000.0,938.0,1000.0,1000.0,979.3333333333334,0.06609808102345416,0.16,1185.75,0.31,6.53,3.41,6.69,16.94,17.94
164,2015,10,Rajasthan,Udaipur,0.03,0.02,667.0,1000.0,938.0,1000.0,979.3333333333334,-0.33299999999999996,0.01,928.65625,2.79,6.86,5.71,1.35,16.71,18.14
164,2016,10,Rajasthan,Udaipur,0.02,0.02,1000.0,667.0,1000.0,938.0,868.3333333333334,0.4992503748125936,0.03,1111.3939393939395,1.24,9.22,15.52,0.58,26.56,28.63
164,2017,10,Rajasthan,Udaipur,0.04,0.03,895.0,1000.0,667.0,1000.0,889.0,-0.10499999999999998,0.02,1012.3333333333334,3.34,15.98,4.07,1.33,24.72,25.65
164,2018,10,Rajasthan,Udaipur,0.04,0.03,889.0,895.0,1000.0,667.0,854.0,-0.006703910614525133,0.04,1085.6875,2.4,7.17,4.41,2.63,16.61,16.7
164,2019,10,Rajasthan,Udaipur,0.05,0.06,1180.0,889.0,895.0,1000.0,928.0,0.327334083239595,0.04,1246.3870967741937,2.69,5.74,14.35,5.4,28.18,30.42
166,1995,9,Punjab,Amritsar,0.2,0.2,1000.0,1214.0,1000.0,1200.0,1138.0,-0.17627677100494232,1.4,1060.6666666666667,1.43,4.56,9.92,2.15,18.06,25.16
166,1997,9,Punjab,Amritsar,1.0,1.0,1000.0,1000.0,1214.0,1000.0,1071.3333333333333,0.0,0.2,1125.0,2.11,4.76,5.59,0.48,12.94,18.66
166,1999,9,Punjab,Amritsar,0.3,0.2,667.0,1000.0,1000.0,1214.0,1071.3333333333333,-0.33299999999999996,1.0,741.75,1.9,1.17,4.19,1.82,9.08,10.87
166,2001,9,Punjab,Amritsar,0.2,0.2,1000.0,667.0,1000.0,1000.0,889.0,0.4992503748125936,0.3,950.0,2.79,9.22,0.98,0.94,13.93,16.32
166,2008,9,Punjab,Amritsar,1.0,1.0,1000.0,1000.0,667.0,1000.0,889.0,0.0,0.2,1000.0,5.65,6.99,11.19,2.36,26.19,30.83
166,2011,9,Punjab,Amritsar,1.0,1.0,1000.0,1000.0,1000.0,667.0,889.0,0.0,1.0,1000.0,3.88,4.41,8.16,2.9,19.35,22.03
169,1993,9,Punjab,Hoshiarpur,0.6,0.7,1167.0,1000.0,1000.0,1167.0,1055.6666666666667,0.16700000000000004,0.6,1185.0,1.89,14.3,0.93,2.86,19.98,24.39
169,1994,9,Punjab,Hoshiarpur,0.8,1.0,1250.0,1167.0,1000.0,1000.0,1055.6666666666667,0.07112253641816624,0.6,1196.5,1.83,5.4,6.77,2.94,16.94,21.86
169,1995,9,Punjab,Hoshiarpur,0.1,0.1,1000.0,1250.0,1167.0,1000.0,1139.0,-0.19999999999999996,0.8,1060.6666666666667,1.81,4.94,11.06,2.47,20.28,27.3
169,1997,9,Punjab,Hoshiarpur,4.0,4.0,1000.0,1000.0,1250.0,1167.0,1139.0,0.0,0.1,1125.0,2.56,5.6,7.41,0.38,15.95,22.19
170,2004,9,Punjab,Roopnagar,1.0,1.0,1000.0,1000.0,846.0,875.0,907.0,0.0,1.2,1000.0,2.28,2.71,9.92,0.36,15.27,21.67
170,2018,9,Punjab,Roopnagar,0.4,0.2,500.0,1000.0,1000.0,846.0,948.6666666666666,-0.5,1.0,800.0,6.08,10.42,8.34,9.95,34.79,39.75
172,1993,9,Punjab,Ferozpur,1.1,1.3,1182.0,1000.0,1067.0,933.0,1000.0,0.18199999999999994,0.9,1185.0,0.56,3.97,0.45,0.86,5.840000000000001,7.930000000000001
172,1994,9,Punjab,Ferozpur,1.0,1.0,1000.0,1182.0,1000.0,1067.0,1083.0,-0.1539763113367174,1.1,1196.5,0.67,2.59,2.33,2.46,8.05,10.53
172,1995,9,Punjab,Ferozpur,1.3,1.4,1077.0,1000.0,1182.0,1000.0,1060.6666666666667,0.07699999999999996,1.0,1060.6666666666667,1.01,2.28,4.61,0.75,8.65,13.56
172,1999,9,Punjab,Ferozpur,0.1,0.1,1000.0,1077.0,1000.0,1182.0,1086.3333333333333,-0.07149489322191271,1.3,741.75,0.76,1.23,0.62,0.31,2.92,4.41
172,2001,9,Punjab,Ferozpur,0.3,0.3,1000.0,1000.0,1077.0,1000.0,1025.6666666666667,0.0,0.1,950.0,1.47,2.88,1.15,0.45,5.95,7.75
172,2002,9,Punjab,Ferozpur,0.4,0.3,750.0,1000.0,1000.0,1077.0,1025.6666666666667,-0.25,0.3,877.8888888888889,0.38,0.31,1.11,0.79,2.59,4.32
172,2003,9,Punjab,Ferozpur,0.2,0.2,1000.0,750.0,1000.0,1000.0,916.6666666666666,0.33333333333333326,0.4,989.625,0.87,4.37,1.96,1.74,8.94,11.09
172,2010,9,Punjab,Ferozpur,1.0,1.0,1000.0,1000.0,750.0,1000.0,916.6666666666666,0.0,0.2,1000.0,1.07,3.39,4.14,2.13,10.73,11.51
173,1993,9,Punjab,Faridkot,1.0,1.2,1200.0,1000.0,1133.0,1211.0,1114.6666666666667,0.19999999999999996,0.7,1185.0,1.12,6.78,0.54,2.23,10.670000000000002,13.53
173,2001,9,Punjab,Faridkot,0.2,0.2,1000.0,1200.0,1000.0,1133.0,1111.0,-0.16666666666666663,1.0,950.0,2.29,4.64,2.54,0.64,10.11,12.81
173,2002,9,Punjab,Faridkot,0.1,0.1,1000.0,1000.0,1200.0,1000.0,1066.6666666666667,0.0,0.2,877.8888888888889,0.61,1.01,2.41,2.14,6.17,8.48
173,2003,9,Punjab,Faridkot,0.1,0.1,1000.0,1000.0,1000.0,1200.0,1066.6666666666667,0.0,0.1,989.625,1.22,6.15,2.96,1.63,11.96,15.31
174,1993,9,Punjab,Bhatinda,1.4,1.4,1000.0,1750.0,632.0,1033.0,1138.3333333333333,-0.4285714285714286,1.2,1185.0,1.08,5.19,0.46,2.55,9.28,11.74
174,1994,9,Punjab,Bhatinda,0.7,1.0,1429.0,1000.0,1750.0,632.0,1127.3333333333333,0.42900000000000005,1.4,1196.5,1.27,5.64,4.92,1.9,13.73,15.87
174,1996,9,Punjab,Bhatinda,0.5,0.5,1000.0,1429.0,1000.0,1750.0,1393.0,-0.3002099370188943,0.7,969.6666666666666,4.01,2.12,4.25,1.84,12.22,16.25
174,1997,9,Punjab,Bhatinda,1.0,1.0,1000.0,1000.0,1429.0,1000.0,1143.0,0.0,0.5,1125.0,1.71,3.37,6.5,0.33,11.91,17.55
174,1998,9,Punjab,Bhatinda,0.3,0.3,1000.0,1000.0,1000.0,1429.0,1143.0,0.0,1.0,1043.6666666666667,1.6,2.75,1.47,3.43,9.25,13.21
174,1999,9,Punjab,Bhatinda,0.5,0.3,600.0,1000.0,1000.0,1000.0,1000.0,-0.4,0.3,741.75,1.33,1.78,1.23,0.59,4.93,6.31
174,2000,9,Punjab,Bhatinda,1.0,0.9,900.0,600.0,1000.0,1000.0,866.6666666666666,0.5,0.5,875.0,2.1,2.84,0.93,0.62,6.489999999999999,8.08
174,2001,9,Punjab,Bhatinda,0.5,0.4,800.0,900.0,600.0,1000.0,833.3333333333334,-0.11111111111111116,1.0,950.0,2.34,3.49,3.45,0.51,9.79,12.96
174,2002,9,Punjab,Bhatinda,0.7,0.6,857.0,800.0,900.0,600.0,766.6666666666666,0.07125000000000004,0.5,877.8888888888889,0.51,0.53,1.89,1.65,4.58,7.35
174,2003,9,Punjab,Bhatinda,1.2,1.1,917.0,857.0,800.0,900.0,852.3333333333334,0.07001166861143515,0.7,989.625,0.88,7.49,2.91,1.78,13.06,15.58
174,2004,9,Punjab,Bhatinda,1.0,1.0,1000.0,917.0,857.0,800.0,858.0,0.09051254089422023,1.2,1000.0,2.2,0.83,3.57,0.27,6.869999999999999,10.96
174,2005,9,Punjab,Bhatinda,1.0,1.0,1000.0,1000.0,917.0,857.0,924.6666666666666,0.0,1.0,1000.0,1.6,3.41,0.75,3.26,9.02,13.93
174,2006,9,Punjab,Bhatinda,1.0,1.0,1000.0,1000.0,1000.0,917.0,972.3333333333334,0.0,1.0,1000.0,2.54,2.71,1.3,1.83,8.379999999999999,11.43
174,2007,9,Punjab,Bhatinda,1.0,1.0,1000.0,1000.0,1000.0,1000.0,1000.0,0.0,1.0,1000.0,3.69,1.41,1.94,2.36,9.4,14.22
174,2013,9,Punjab,Bhatinda,0.1,0.1,1000.0,1000.0,1000.0,1000.0,1000.0,0.0,1.0,1000.0,2.33,4.51,4.2,1.12,12.16,15.86
174,2016,9,Punjab,Bhatinda,0.2,0.1,500.0,1000.0,1000.0,1000.0,1000.0,-0.5,0.1,550.0,1.97,5.16,3.53,0.35,11.01,13.33
174,2017,9,Punjab,Bhatinda,0.1,0.1,1000.0,500.0,1000.0,1000.0,833.3333333333334,1.0,0.2,650.0,4.74,2.75,2.5,1.59,11.58,15.11
174,2018,9,Punjab,Bhatinda,0.1,0.1,1000.0,1000.0,500.0,1000.0,833.3333333333334,0.0,0.1,800.0,3.37,5.76,1.33,3.52,13.98,15.32
175,1993,9,Punjab,Sangrur,2.2,2.6,1182.0,1095.0,1500.0,1217.0,1270.6666666666667,0.07945205479452055,2.1,1185.0,1.17,5.83,0.51,2.95,10.46,13.14
175,1994,9,Punjab,Sangrur,4.0,5.0,1250.0,1182.0,1095.0,1500.0,1259.0,0.05752961082910324,2.2,1196.5,1.39,6.5,5.83,1.86,15.579999999999998,17.72
175,1995,9,Punjab,Sangrur,2.5,2.8,1120.0,1250.0,1182.0,1095.0,1175.6666666666667,-0.10399999999999998,4.0,1060.6666666666667,2.21,2.73,7.62,2.51,15.07,19.31
175,1996,9,Punjab,Sangrur,2.2,2.0,909.0,1120.0,1250.0,1182.0,1184.0,-0.18839285714285714,2.5,969.6666666666666,4.26,2.24,4.36,2.43,13.29,17.8
175,1997,9,Punjab,Sangrur,2.0,3.0,1500.0,909.0,1120.0,1250.0,1093.0,0.6501650165016502,2.2,1125.0,1.75,3.54,7.27,0.36,12.919999999999998,18.85
175,1998,9,Punjab,Sangrur,1.8,2.2,1222.0,1500.0,909.0,1120.0,1176.3333333333333,-0.18533333333333335,2.0,1043.6666666666667,1.93,3.07,1.9,3.87,10.77,15.1
175,1999,9,Punjab,Sangrur,1.8,1.4,778.0,1222.0,1500.0,909.0,1210.3333333333333,-0.3633387888707038,1.8,741.75,1.46,2.1,1.43,0.77,5.76,7.21
175,2000,9,Punjab,Sangrur,2.0,2.0,1000.0,778.0,1222.0,1500.0,1166.6666666666667,0.28534704370179953,1.8,875.0,2.8,3.6,1.03,0.8,8.23,9.99
175,2001,9,Punjab,Sangrur,2.1,2.0,952.0,1000.0,778.0,1222.0,1000.0,-0.04800000000000004,2.0,950.0,2.63,3.76,3.99,0.62,10.999999999999998,14.64
175,2002,9,Punjab,Sangrur,1.7,1.4,824.0,952.0,1000.0,778.0,910.0,-0.134453781512605,2.1,877.8888888888889,0.59,0.72,2.16,2.25,5.720000000000001,8.9
175,2003,9,Punjab,Sangrur,2.3,2.3,1000.0,824.0,952.0,1000.0,925.3333333333334,0.21359223300970864,1.7,989.625,1.03,8.39,3.51,1.83,14.76,17.6
175,2004,9,Punjab,Sangrur,2.0,2.0,1000.0,1000.0,824.0,952.0,925.3333333333334,0.0,2.3,1000.0,2.07,0.77,4.85,0.33,8.02,12.59
175,2005,9,Punjab,Sangrur,2.0,2.0,1000.0,1000.0,1000.0,824.0,941.3333333333334,0.0,2.0,1000.0,1.94,4.06,0.95,3.88,10.83,15.71
175,2006,9,Punjab,Sangrur,1.0,1.0,1000.0,1000.0,1000.0,1000.0,1000.0,0.0,2.0,1000.0,2.23,3.19,1.49,1.92,8.83,11.98
175,2007,9,Punjab,Sangrur,1.0,1.0,1000.0,1000.0,1000.0,1000.0,1000.0,0.0,1.0,1000.0,3.74,1.42,2.49,2.08,9.73,15.06
175,2008,9,Punjab,Sangrur,1.0,1.0,1000.0,1000.0,1000.0,1000.0,1000.0,0.0,1.0,1000.0,5.99,3.37,5.94,3.45,18.75,22.25
175,2009,9,Punjab,Sangrur,1.0,2.0,2000.0,1000.0,1000.0,1000.0,1000.0,1.0,1.0,1333.3333333333333,1.09,2.55,2.11,3.79,9.54,12.67
175,2010,9,Punjab,Sangrur,1.0,1.0,1000.0,2000.0,1000.0,1000.0,1333.3333333333333,-0.5,1.0,1000.0,2.17,5.65,5.08,4.9,17.8,19.12
175,2013,9,Punjab,Sangrur,0.1,0.1,1000.0,1000.0,2000.0,1000.0,1333.3333333333333,0.0,1.0,1000.0,2.78,5.25,5.24,1.51,14.78,18.81
175,2017,9,Punjab,Sangrur,0.2,0.1,500.0,1000.0,1000.0,2000.0,1333.3333333333333,-0.5,0.1,650.0,5.36,2.63,4.03,2.27,14.29,18.62
175,2018,9,Punjab,Sangrur,0.1,0.1,1000.0,500.0,1000.0,1000.0,833.3333333333334,1.0,0.2,800.0,4.18,6.6,2.36,5.86,19.0,21.01
176,1993,9,Punjab,Patiala,0.4,0.5,1250.0,1000.0,1100.0,1143.0,1081.0,0.25,0.5,1185.0,1.44,7.83,0.93,4.04,14.239999999999998,17.63
176,1994,9,Punjab,Patiala,0.8,1.0,1250.0,1250.0,1000.0,1100.0,1116.6666666666667,0.0,0.4,1196.5,1.77,9.02,8.47,1.7,20.96,23.22
176,2002,9,Punjab,Patiala,0.2,0.2,1000.0,1250.0,1250.0,1000.0,1166.6666666666667,-0.19999999999999996,0.8,877.8888888888889,0.77,1.32,2.96,3.82,8.87,12.81
177,1993,4,Haryana,Hissar,82.7,75.0,907.0,1465.0,708.0,1195.0,1122.6666666666667,-0.38088737201365186,103.1,765.4666666666667,1.44,7.83,0.93,4.04,14.239999999999998,17.63
177,1994,4,Haryana,Hissar,84.7,123.0,1452.0,907.0,1465.0,708.0,1026.6666666666667,0.6008820286659315,82.7,1379.2857142857142,1.77,9.02,8.47,1.7,20.96,23.22
177,1995,4,Haryana,Hissar,84.6,81.0,957.0,1452.0,907.0,1465.0,1274.6666666666667,-0.34090909090909094,84.7,751.8571428571429,2.64,3.21,9.15,3.39,18.39,22.68
177,1996,4,Haryana,Hissar,68.4,108.0,1579.0,957.0,1452.0,907.0,1105.3333333333333,0.6499477533960292,84.6,1211.8,5.16,2.64,5.15,3.78,16.73,22.35
177,1997,4,Haryana,Hissar,61.6,109.0,1769.0,1579.0,957.0,1452.0,1329.3333333333333,0.12032932235592142,68.4,1298.9444444444443,2.09,3.48,8.53,0.51,14.61,20.97
177,1998,4,Haryana,Hissar,65.0,90.0,1385.0,1769.0,1579.0,957.0,1435.0,-0.21707179197286608,61.6,1128.5,2.8,4.13,3.52,4.15,14.6,19.29
177,1999,4,Haryana,Hissar,59.6,91.0,1527.0,1385.0,1769.0,1579.0,1577.6666666666667,0.10252707581227427,65.0,1117.9375,1.7,3.12,1.92,1.46,8.2,9.83
177,2000,4,Haryana,Hissar,58.0,74.0,1276.0,1527.0,1385.0,1769.0,1560.3333333333333,-0.16437459070072036,59.6,1177.8666666666666,4.68,6.22,1.44,1.31,13.65,16.05
177,2001,4,Haryana,Hissar,63.5,96.0,1512.0,1276.0,1527.0,1385.0,1396.0,0.1849529780564263,58.0,1347.8666666666666,3.16,4.26,4.89,0.86,13.169999999999998,17.43
177,2002,4,Haryana,Hissar,70.5,88.0,1248.0,1512.0,1276.0,1527.0,1438.3333333333333,-0.17460317460317465,63.5,1085.235294117647,0.77,1.32,2.96,3.82,8.87,12.81
177,2003,4,Haryana,Hissar,72.3,133.0,1840.0,1248.0,1512.0,1276.0,1345.3333333333333,0.47435897435897445,70.5,1915.235294117647,1.51,10.2,4.96,2.46,19.13,22.6
177,2004,4,Haryana,Hissar,61.91,102.0,1648.0,1840.0,1248.0,1512.0,1533.3333333333333,-0.10434782608695647,72.3,1851.0,1.97,0.84,8.07,0.42,11.3,16.96
177,2005,4,Haryana,Hissar,58.6,102.0,1741.0,1648.0,1840.0,1248.0,1578.6666666666667,0.056432038834951515,61.91,1555.1666666666667,2.46,5.06,1.63,5.05,14.2,18.73
177,2006,4,Haryana,Hissar,63.8,147.0,2304.0,1741.0,1648.0,1840.0,1743.0,0.32337736932797245,58.6,2087.3333333333335,1.77,4.49,2.14,1.76,10.16,13.67
177,2007,4,Haryana,Hissar,63.0,146.0,2317.0,2304.0,1741.0,1648.0,1897.6666666666667,0.0056423611111111605,63.8,2267.8888888888887,3.24,1.9,3.95,1.61,10.7,17.0
177,2008,4,Haryana,Hissar,60.2,134.0,2226.0,2317.0,2304.0,1741.0,2120.6666666666665,-0.0392749244712991,63.0,2155.5263157894738,8.23,3.52,6.78,5.78,24.31,29.33
177,2009,4,Haryana,Hissar,45.7,92.0,2013.0,2226.0,2317.0,2304.0,2282.3333333333335,-0.09568733153638809,60.2,1876.388888888889,1.47,3.82,2.52,4.96,12.77,16.53
177,2010,4,Haryana,Hissar,56.8,127.0,2236.0,2013.0,2226.0,2317.0,2185.3333333333335,0.11077993045206158,45.7,1996.1666666666667,3.21,7.76,5.23,6.56,22.76,24.56
177,2011,4,Haryana,Hissar,44.9,99.0,2205.0,2236.0,2013.0,2226.0,2158.3333333333335,-0.013864042933810383,56.8,2137.5,4.01,3.51,5.51,7.28,20.31,23.4
177,2012,4,Haryana,Hissar,28.42,60.0,2111.0,2205.0,2236.0,2013.0,2151.3333333333335,-0.0426303854875284,44.9,2085.5555555555557,0.73,3.34,5.6,3.47,13.14,15.26
177,2013,4,Haryana,Hissar,21.0,41.0,1952.0,2111.0,2205.0,2236.0,2184.0,-0.07531975367124588,28.42,2006.7058823529412,4.01,7.3,7.13,2.01,20.45,25.44
177,2014,4,Haryana,Hissar,21.0,33.0,1571.0,1952.0,2111.0,2205.0,2089.3333333333335,-0.19518442622950816,21.0,1869.235294117647,0.77,1.91,1.86,5.01,9.55,15.36
177,2015,4,Haryana,Hissar,24.2,39.0,1612.0,1571.0,1952.0,2111.0,1878.0,0.026098026734564073,21.0,1843.8235294117646,3.38,8.1,4.55,1.83,17.86,25.21
177,2016,4,Haryana,Hissar,44.1,84.0,1905.0,1612.0,1571.0,1952.0,1711.6666666666667,0.18176178660049636,24.2,2084.4,2.28,6.44,4.23,0.94,13.89,17.27
177,2017,4,Haryana,Hissar,33.2,59.0,1777.0,1905.0,1612.0,1571.0,1696.0,-0.06719160104986877,44.1,1821.235294117647,5.22,3.39,6.24,3.74,18.59,23.45
177,2018,4,Haryana,Hissar,27.0,54.0,2000.0,1777.0,1905.0,1612.0,1764.6666666666667,0.12549240292628028,33.2,2226.7,5.34,8.93,4.56,8.01,26.84,29.78
177,2019,4,Haryana,Hissar,27.1,53.9,1989.0,2000.0,1777.0,1905.0,1894.0,-0.005499999999999949,27.0,2225.5714285714284,1.58,8.19,6.28,3.78,19.83,26.56
178,1993,4,Haryana,Sirsa,6.0,3.0,500.0,1111.0,556.0,964.0,877.0,-0.54995499549955,7.2,765.4666666666667,1.13,4.23,0.43,2.73,8.52,10.59
178,1994,4,Haryana,Sirsa,6.2,6.0,968.0,500.0,1111.0,556.0,722.3333333333334,0.9359999999999999,6.0,1379.2857142857142,1.26,6.07,4.58,1.73,13.64,15.32
178,1995,4,Haryana,Sirsa,5.3,5.0,943.0,968.0,500.0,1111.0,859.6666666666666,-0.025826446280991733,6.2,751.8571428571429,2.13,2.41,6.63,2.18,13.35,17.07
178,1996,4,Haryana,Sirsa,4.7,5.0,1064.0,943.0,968.0,500.0,803.6666666666666,0.12831389183457054,5.3,1211.8,3.55,1.93,3.16,1.9,10.54,14.15
178,1997,4,Haryana,Sirsa,4.3,4.0,930.0,1064.0,943.0,968.0,991.6666666666666,-0.12593984962406013,4.7,1298.9444444444443,1.68,3.8,7.09,0.22,12.79,19.16
178,1998,4,Haryana,Sirsa,5.0,6.0,1200.0,930.0,1064.0,943.0,979.0,0.29032258064516125,4.3,1128.5,1.74,2.85,1.24,4.57,10.4,15.23
178,1999,4,Haryana,Sirsa,2.9,4.0,1379.0,1200.0,930.0,1064.0,1064.6666666666667,0.14916666666666667,5.0,1117.9375,1.31,1.7,0.77,0.32,4.1,5.48
178,2000,4,Haryana,Sirsa,2.9,3.0,1034.0,1379.0,1200.0,930.0,1169.6666666666667,-0.25018129079042783,2.9,1177.8666666666666,1.72,2.04,0.9,0.47,5.13,6.44
178,2001,4,Haryana,Sirsa,3.4,5.0,1471.0,1034.0,1379.0,1200.0,1204.3333333333333,0.4226305609284333,2.9,1347.8666666666666,2.55,3.08,4.01,0.45,10.09,13.65
178,2002,4,Haryana,Sirsa,5.9,5.0,847.0,1471.0,1034.0,1379.0,1294.6666666666667,-0.4242012236573759,3.4,1085.235294117647,0.51,0.25,1.57,1.37,3.7,6.890000000000001
178,2003,4,Haryana,Sirsa,8.2,15.0,1829.0,847.0,1471.0,1034.0,1117.3333333333333,1.1593860684769774,5.9,1915.235294117647,0.73,8.32,2.84,1.67,13.56,15.74
178,2004,4,Haryana,Sirsa,5.79,8.0,1382.0,1829.0,847.0,1471.0,1382.3333333333333,-0.24439584472389286,8.2,1851.0,2.07,0.37,3.5,0.33,6.27,10.28
178,2005,4,Haryana,Sirsa,4.9,8.0,1633.0,1382.0,1829.0,847.0,1352.6666666666667,0.1816208393632417,5.79,1555.1666666666667,1.54,3.74,0.48,3.57,9.33,14.13
178,2006,4,Haryana,Sirsa,4.8,9.0,1875.0,1633.0,1382.0,1829.0,1614.6666666666667,0.1481935088793631,4.9,2087.3333333333335,2.33,2.16,0.92,1.67,7.08,9.83
178,2007,4,Haryana,Sirsa,5.7,12.0,2105.0,1875.0,1633.0,1382.0,1630.0,0.1226666666666667,4.8,2267.8888888888887,4.11,1.32,1.92,2.37,9.72,14.6
178,2008,4,Haryana,Sirsa,4.9,10.0,2041.0,2105.0,1875.0,1633.0,1871.0,-0.030403800475059417,5.7,2155.5263157894738,4.91,3.15,4.88,2.42,15.36,17.93
178,2009,4,Haryana,Sirsa,3.0,6.0,2000.0,2041.0,2105.0,1875.0,2007.0,-0.020088192062714394,4.9,1876.388888888889,0.93,2.03,1.65,3.67,8.28,10.89
178,2010,4,Haryana,Sirsa,5.5,19.0,3455.0,2000.0,2041.0,2105.0,2048.6666666666665,0.7275,3.0,1996.1666666666667,1.73,4.64,5.14,4.38,15.889999999999995,17.08
178,2011,4,Haryana,Sirsa,3.9,9.0,2308.0,3455.0,2000.0,2041.0,2498.6666666666665,-0.3319826338639653,5.5,2137.5,1.34,1.69,3.85,6.79,13.670000000000002,16.96
178,2012,4,Haryana,Sirsa,1.67,3.0,1796.0,2308.0,3455.0,2000.0,2587.6666666666665,-0.22183708838821492,3.9,2085.5555555555557,0.57,1.68,4.95,3.89,11.09,12.9
178,2013,4,Haryana,Sirsa,2.0,3.0,1500.0,1796.0,2308.0,3455.0,2519.6666666666665,-0.16481069042316254,1.67,2006.7058823529412,2.34,4.38,4.15,1.57,12.44,15.78
178,2014,4,Haryana,Sirsa,1.0,2.0,2000.0,1500.0,1796.0,2308.0,1868.0,0.33333333333333326,2.0,1869.235294117647,0.69,1.89,0.89,4.57,8.040000000000001,11.34
178,2015,4,Haryana,Sirsa,0.9,1.0,1111.0,2000.0,1500.0,1796.0,1765.3333333333333,-0.4445,1.0,1843.8235294117646,2.59,4.16,3.43,1.66,11.84,17.21
178,2016,4,Haryana,Sirsa,4.1,9.0,2195.0,1111.0,2000.0,1500.0,1537.0,0.9756975697569756,0.9,2084.4,2.01,5.61,3.44,0.28,11.34,13.71
178,2017,4,Haryana,Sirsa,3.2,5.0,1563.0,2195.0,1111.0,2000.0,1768.6666666666667,-0.2879271070615034,4.1,1821.235294117647,5.08,2.35,1.78,1.24,10.45,13.77
178,2018,4,Haryana,Sirsa,4.0,11.0,2750.0,1563.0,2195.0,1111.0,1623.0,0.7594369801663468,3.2,2226.7,2.82,4.94,1.28,3.0,12.04,13.27
178,2019,4,Haryana,Sirsa,5.4,15.2,2815.0,2750.0,1563.0,2195.0,2169.3333333333335,0.023636363636363678,4.0,2225.5714285714284,1.56,4.42,2.41,1.03,9.42,14.36
179,1993,4,Haryana,Bhiwani,135.0,48.0,356.0,936.0,463.0,613.0,670.6666666666666,-0.6196581196581197,175.2,765.4666666666667,1.9,5.95,1.38,4.0,13.23,15.43
179,1994,4,Haryana,Bhiwani,158.4,181.0,1143.0,356.0,936.0,463.0,585.0,2.210674157303371,135.0,1379.2857142857142,1.56,8.32,6.33,1.51,17.720000000000002,19.42
179,1995,4,Haryana,Bhiwani,166.2,112.0,674.0,1143.0,356.0,936.0,811.6666666666666,-0.4103237095363079,158.4,751.8571428571429,2.14,2.3,9.27,4.14,17.849999999999998,21.52
179,1996,4,Haryana,Bhiwani,190.2,188.0,988.0,674.0,1143.0,356.0,724.3333333333334,0.4658753709198813,166.2,1211.8,4.18,2.84,4.63,3.34,14.989999999999998,18.65
179,1997,4,Haryana,Bhiwani,187.1,153.0,818.0,988.0,674.0,1143.0,935.0,-0.17206477732793524,190.2,1298.9444444444443,1.72,4.31,8.26,0.69,14.98,22.17
179,1998,4,Haryana,Bhiwani,203.0,132.0,650.0,818.0,988.0,674.0,826.6666666666666,-0.20537897310513442,187.1,1128.5,3.03,3.35,2.7,6.32,15.4,21.19
179,1999,4,Haryana,Bhiwani,196.4,153.0,779.0,650.0,818.0,988.0,818.6666666666666,0.19846153846153847,203.0,1117.9375,1.73,2.36,1.14,0.85,6.079999999999999,7.84
179,2000,4,Haryana,Bhiwani,200.6,156.0,778.0,779.0,650.0,818.0,749.0,-0.0012836970474967568,196.4,1177.8666666666666,2.77,3.16,1.83,0.63,8.39,10.31
179,2001,4,Haryana,Bhiwani,178.7,243.0,1360.0,778.0,779.0,650.0,735.6666666666666,0.7480719794344473,200.6,1347.8666666666666,3.6,3.76,5.15,0.79,13.3,17.77
179,2002,4,Haryana,Bhiwani,180.3,118.0,654.0,1360.0,778.0,779.0,972.3333333333334,-0.5191176470588235,178.7,1085.235294117647,0.89,0.32,2.31,2.93,6.45,11.14
179,2003,4,Haryana,Bhiwani,184.2,243.0,1319.0,654.0,1360.0,778.0,930.6666666666666,1.0168195718654434,180.3,1915.235294117647,1.99,12.3,4.33,1.69,20.31,23.17
179,2004,4,Haryana,Bhiwani,181.57,188.0,1035.0,1319.0,654.0,1360.0,1111.0,-0.21531463229719483,184.2,1851.0,1.96,0.38,6.29,0.46,9.09,14.23
179,2005,4,Haryana,Bhiwani,222.5,153.0,688.0,1035.0,1319.0,654.0,1002.6666666666666,-0.3352657004830918,181.57,1555.1666666666667,2.35,5.87,1.35,5.61,15.18,19.78
179,2006,4,Haryana,Bhiwani,184.7,248.0,1343.0,688.0,1035.0,1319.0,1014.0,0.9520348837209303,222.5,2087.3333333333335,2.23,3.79,1.59,2.4,10.01,12.89
179,2007,4,Haryana,Bhiwani,176.0,263.0,1494.0,1343.0,688.0,1035.0,1022.0,0.11243484735666409,184.7,2267.8888888888887,4.98,2.15,3.79,2.11,13.03,19.1
179,2008,4,Haryana,Bhiwani,174.6,242.0,1386.0,1494.0,1343.0,688.0,1175.0,-0.07228915662650603,176.0,2155.5263157894738,5.09,3.92,6.15,4.06,19.22,23.15
179,2009,4,Haryana,Bhiwani,172.1,181.0,1052.0,1386.0,1494.0,1343.0,1407.6666666666667,-0.24098124098124096,174.6,1876.388888888889,0.99,2.85,1.95,5.72,11.51,14.52
179,2010,4,Haryana,Bhiwani,200.0,326.0,1630.0,1052.0,1386.0,1494.0,1310.6666666666667,0.5494296577946769,172.1,1996.1666666666667,1.42,6.6,6.52,6.3,20.84,22.74
179,2011,4,Haryana,Bhiwani,170.9,298.0,1744.0,1630.0,1052.0,1386.0,1356.0,0.0699386503067485,200.0,2137.5,2.02,2.54,4.49,7.3,16.35,19.9
179,2012,4,Haryana,Bhiwani,88.74,123.0,1386.0,1744.0,1630.0,1052.0,1475.3333333333333,-0.20527522935779818,170.9,2085.5555555555557,0.66,1.91,8.46,2.28,13.31,15.3
179,2013,4,Haryana,Bhiwani,87.0,139.0,1598.0,1386.0,1744.0,1630.0,1586.6666666666667,0.15295815295815296,88.74,2006.7058823529412,3.5,6.43,7.53,2.92,20.380000000000003,25.02
179,2014,4,Haryana,Bhiwani,83.0,113.0,1361.0,1598.0,1386.0,1744.0,1576.0,-0.1483103879849812,87.0,1869.235294117647,1.0,2.28,2.32,2.36,7.959999999999999,12.39
179,2015,4,Haryana,Bhiwani,52.0,68.0,1308.0,1361.0,1598.0,1386.0,1448.3333333333333,-0.03894195444526083,83.0,1843.8235294117646,3.04,5.83,4.98,0.77,14.62,20.62
179,2016,4,Haryana,Bhiwani,110.8,189.0,1706.0,1308.0,1361.0,1598.0,1422.3333333333333,0.30428134556574915,52.0,2084.4,1.88,8.9,4.2,0.53,15.51,17.78
179,2017,4,Haryana,Bhiwani,60.6,75.0,1238.0,1706.0,1308.0,1361.0,1458.3333333333333,-0.2743259085580305,110.8,1821.235294117647,5.51,2.4,3.73,2.17,13.81,17.3
179,2018,4,Haryana,Bhiwani,58.0,84.0,1448.0,1238.0,1706.0,1308.0,1417.3333333333333,0.1696284329563813,60.6,2226.7,3.1,7.42,2.59,5.44,18.55,20.5
179,2019,4,Haryana,Bhiwani,80.8,132.8,1644.0,1448.0,1238.0,1706.0,1464.0,0.1353591160220995,58.0,2225.5714285714284,1.17,6.33,3.65,1.28,12.43,18.32
180,1993,4,Haryana,Gurgaon,47.7,32.0,671.0,1139.0,663.0,1000.0,934.0,-0.41088674275680426,59.7,765.4666666666667,3.31,8.53,3.28,5.57,20.69,22.64
180,1994,4,Haryana,Gurgaon,50.0,41.0,820.0,671.0,1139.0,663.0,824.3333333333334,0.22205663189269753,47.7,1379.2857142857142,1.79,11.08,7.24,0.76,20.87,22.79
180,1995,4,Haryana,Gurgaon,55.8,37.0,663.0,820.0,671.0,1139.0,876.6666666666666,-0.1914634146341463,50.0,751.8571428571429,1.36,2.03,11.36,5.12,19.87,23.62
180,1996,4,Haryana,Gurgaon,50.1,41.0,818.0,663.0,820.0,671.0,718.0,0.2337858220211162,55.8,1211.8,4.64,4.54,7.92,4.29,21.39,24.39
180,1997,4,Haryana,Gurgaon,52.2,58.0,1111.0,818.0,663.0,820.0,767.0,0.35819070904645467,50.1,1298.9444444444443,2.57,2.93,5.55,1.73,12.78,19.14
180,1998,4,Haryana,Gurgaon,55.0,59.0,1073.0,1111.0,818.0,663.0,864.0,-0.03420342034203416,52.2,1128.5,4.26,3.4,5.27,5.77,18.7,23.36
180,1999,4,Haryana,Gurgaon,59.1,65.0,1100.0,1073.0,1111.0,818.0,1000.6666666666666,0.025163094128611396,55.0,1117.9375,1.86,3.12,1.91,2.12,9.010000000000002,11.14
180,2000,4,Haryana,Gurgaon,64.7,78.0,1206.0,1100.0,1073.0,1111.0,1094.6666666666667,0.09636363636363643,59.1,1177.8666666666666,3.92,5.18,3.57,0.78,13.45,16.12
180,2001,4,Haryana,Gurgaon,55.4,80.0,1444.0,1206.0,1100.0,1073.0,1126.3333333333333,0.19734660033167506,64.7,1347.8666666666666,3.57,3.56,3.42,1.13,11.68,15.34
180,2002,4,Haryana,Gurgaon,44.0,43.0,977.0,1444.0,1206.0,1100.0,1250.0,-0.32340720221606645,55.4,1085.235294117647,1.25,0.3,3.12,4.82,9.49,14.96
180,2003,4,Haryana,Gurgaon,55.4,83.0,1498.0,977.0,1444.0,1206.0,1209.0,0.5332650972364381,44.0,1915.235294117647,3.79,15.23,4.85,2.28,26.15,29.01
180,2004,4,Haryana,Gurgaon,51.84,67.0,1292.0,1498.0,977.0,1444.0,1306.3333333333333,-0.13751668891855806,55.4,1851.0,2.13,0.96,7.69,0.41,11.19,16.8
180,2005,4,Haryana,Gurgaon,32.6,35.0,1074.0,1292.0,1498.0,977.0,1255.6666666666667,-0.1687306501547987,51.84,1555.1666666666667,2.18,6.02,2.76,6.22,17.18,20.43
180,2006,4,Haryana,Gurgaon,32.8,60.0,1829.0,1074.0,1292.0,1498.0,1288.0,0.7029795158286778,32.6,2087.3333333333335,3.11,6.06,2.57,3.03,14.77,17.64
180,2007,4,Haryana,Gurgaon,33.7,62.0,1840.0,1829.0,1074.0,1292.0,1398.3333333333333,0.006014215418261415,32.8,2267.8888888888887,4.48,4.04,5.52,2.4,16.439999999999998,22.46
180,2008,4,Haryana,Gurgaon,33.7,67.0,1988.0,1840.0,1829.0,1074.0,1581.0,0.08043478260869574,33.7,2155.5263157894738,3.74,4.77,7.03,4.6,20.14,25.34
180,2009,4,Haryana,Gurgaon,34.2,63.0,1842.0,1988.0,1840.0,1829.0,1885.6666666666667,-0.07344064386317906,33.7,1876.388888888889,0.87,3.94,4.67,5.49,14.97,18.39
180,2010,4,Haryana,Gurgaon,34.0,65.0,1912.0,1842.0,1988.0,1840.0,1890.0,0.03800217155266017,34.2,1996.1666666666667,0.59,7.89,9.54,7.62,25.64,28.07
180,2011,4,Haryana,Gurgaon,31.5,71.0,2254.0,1912.0,1842.0,1988.0,1914.0,0.17887029288702938,34.0,2137.5,2.76,3.5,5.54,6.79,18.59,21.54
180,2012,4,Haryana,Gurgaon,30.49,69.0,2263.0,2254.0,1912.0,1842.0,2002.6666666666667,0.003992901508429458,31.5,2085.5555555555557,0.5,3.24,10.38,2.19,16.310000000000002,18.07
180,2013,4,Haryana,Gurgaon,32.0,66.0,2063.0,2263.0,2254.0,1912.0,2143.0,-0.08837825894829876,30.49,2006.7058823529412,4.11,8.57,9.06,3.11,24.85,31.03
180,2014,4,Haryana,Gurgaon,31.0,56.0,1806.0,2063.0,2263.0,2254.0,2193.3333333333335,-0.12457586039747937,32.0,1869.235294117647,1.16,3.11,4.39,2.09,10.75,16.29
180,2015,4,Haryana,Gurgaon,32.0,61.0,1906.0,1806.0,2063.0,2263.0,2044.0,0.05537098560354381,31.0,1843.8235294117646,2.32,6.73,5.85,0.87,15.77,21.21
180,2016,4,Haryana,Gurgaon,31.3,59.0,1885.0,1906.0,1806.0,2063.0,1925.0,-0.011017838405036673,32.0,2084.4,1.74,10.4,5.15,1.02,18.31,20.31
180,2017,4,Haryana,Gurgaon,31.7,61.0,1924.0,1885.0,1906.0,1806.0,1865.6666666666667,0.020689655172413834,31.3,1821.235294117647,5.01,3.87,4.71,3.58,17.17,20.03
180,2018,4,Haryana,Gurgaon,32.0,75.0,2344.0,1924.0,1885.0,1906.0,1905.0,0.21829521829521825,31.7,2226.7,2.04,10.29,4.39,6.08,22.8,24.4
180,2019,4,Haryana,Gurgaon,31.3,86.8,2773.0,2344.0,1924.0,1885.0,2051.0,0.18302047781569963,32.0,2225.5714285714284,0.42,5.93,5.13,2.13,13.61,19.63
181,1993,4,Haryana,Jind,35.9,43.0,1198.0,1453.0,925.0,878.0,1085.3333333333333,-0.17549896765313144,40.6,765.4666666666667,1.59,6.42,1.09,3.95,13.05,15.74
181,1994,4,Haryana,Jind,39.1,59.0,1509.0,1198.0,1453.0,925.0,1192.0,0.25959933222036735,35.9,1379.2857142857142,1.62,8.39,7.08,1.59,18.680000000000003,20.58
181,1995,4,Haryana,Jind,37.2,25.0,672.0,1509.0,1198.0,1453.0,1386.6666666666667,-0.5546719681908548,39.1,751.8571428571429,2.39,2.6,9.04,3.79,17.82,21.72
181,1996,4,Haryana,Jind,36.0,56.0,1556.0,672.0,1509.0,1198.0,1126.3333333333333,1.3154761904761907,37.2,1211.8,4.39,2.62,4.51,3.44,14.96,19.49
181,1997,4,Haryana,Jind,39.4,56.0,1421.0,1556.0,672.0,1509.0,1245.6666666666667,-0.08676092544987146,36.0,1298.9444444444443,1.8,4.07,8.53,0.55,14.95,21.9
181,1998,4,Haryana,Jind,37.0,57.0,1541.0,1421.0,1556.0,672.0,1216.3333333333333,0.08444757213230125,39.4,1128.5,2.9,3.58,2.87,5.55,14.900000000000002,20.43
181,1999,4,Haryana,Jind,34.4,47.0,1366.0,1541.0,1421.0,1556.0,1506.0,-0.11356262167423747,37.0,1117.9375,1.72,2.61,1.35,1.0,6.68,8.36
181,2000,4,Haryana,Jind,40.3,64.0,1588.0,1366.0,1541.0,1421.0,1442.6666666666667,0.16251830161054182,34.4,1177.8666666666666,3.46,4.14,1.54,0.89,10.03,12.08
181,2001,4,Haryana,Jind,38.7,53.0,1370.0,1588.0,1366.0,1541.0,1498.3333333333333,-0.13727959697732994,40.3,1347.8666666666666,3.43,3.92,5.21,0.81,13.37,17.89
181,2002,4,Haryana,Jind,40.7,43.0,1057.0,1370.0,1588.0,1366.0,1441.3333333333333,-0.2284671532846715,38.7,1085.235294117647,0.81,0.69,2.5,3.17,7.17,11.57
181,2003,4,Haryana,Jind,46.0,84.0,1826.0,1057.0,1370.0,1588.0,1338.3333333333333,0.727530747398297,40.7,1915.235294117647,1.59,11.3,4.54,1.98,19.41,22.48
181,2004,4,Haryana,Jind,45.81,67.0,1463.0,1826.0,1057.0,1370.0,1417.6666666666667,-0.1987951807228916,46.0,1851.0,1.98,0.49,6.79,0.45,9.71,15.03
181,2005,4,Haryana,Jind,46.8,88.0,1880.0,1463.0,1826.0,1057.0,1448.6666666666667,0.2850307587149692,45.81,1555.1666666666667,2.35,5.54,1.36,5.38,14.63,19.34
181,2006,4,Haryana,Jind,54.0,109.0,2019.0,1880.0,1463.0,1826.0,1723.0,0.07393617021276588,46.8,2087.3333333333335,1.95,3.85,1.71,2.05,9.56,12.71
181,2007,4,Haryana,Jind,55.7,130.0,2334.0,2019.0,1880.0,1463.0,1787.3333333333333,0.15601783060921237,54.0,2267.8888888888887,4.35,1.94,3.7,1.91,11.9,18.05
181,2008,4,Haryana,Jind,53.1,102.0,1921.0,2334.0,2019.0,1880.0,2077.6666666666665,-0.17694944301628102,55.7,2155.5263157894738,6.37,3.72,6.28,4.71,21.08,25.32
181,2009,4,Haryana,Jind,44.9,79.0,1759.0,1921.0,2334.0,2019.0,2091.3333333333335,-0.0843310775637689,53.1,1876.388888888889,1.23,3.1,1.96,5.49,11.78,15.02
181,2010,4,Haryana,Jind,43.2,89.0,2060.0,1759.0,1921.0,2334.0,2004.6666666666667,0.17111995451961337,44.9,1996.1666666666667,2.18,6.91,5.8,6.34,21.23,23.0
181,2011,4,Haryana,Jind,28.3,58.0,2049.0,2060.0,1759.0,1921.0,1913.3333333333333,-0.005339805825242738,43.2,2137.5,2.73,2.8,4.77,7.36,17.66,21.11
181,2012,4,Haryana,Jind,22.68,47.0,2072.0,2049.0,2060.0,1759.0,1956.0,0.011224987798926334,28.3,2085.5555555555557,0.71,2.37,7.18,2.75,13.01,15.06
181,2013,4,Haryana,Jind,15.0,34.0,2267.0,2072.0,2049.0,2060.0,2060.3333333333335,0.09411196911196917,22.68,2006.7058823529412,3.67,6.61,7.14,2.57,19.99,24.69
181,2014,4,Haryana,Jind,11.0,22.0,2000.0,2267.0,2072.0,2049.0,2129.3333333333335,-0.11777679752977499,15.0,1869.235294117647,0.88,2.05,2.01,3.28,8.219999999999999,13.13
181,2015,4,Haryana,Jind,12.0,22.0,1833.0,2000.0,2267.0,2072.0,2113.0,-0.08350000000000002,11.0,1843.8235294117646,3.26,6.54,4.73,1.19,15.72,22.32
181,2016,4,Haryana,Jind,19.0,34.0,1789.0,1833.0,2000.0,2267.0,2033.3333333333333,-0.024004364429896397,12.0,2084.4,1.95,7.48,3.62,0.65,13.7,16.29
181,2017,4,Haryana,Jind,13.9,24.0,1727.0,1789.0,1833.0,2000.0,1874.0,-0.034656232532140896,19.0,1821.235294117647,5.45,2.29,4.15,2.92,14.81,18.75
181,2018,4,Haryana,Jind,11.0,20.0,1818.0,1727.0,1789.0,1833.0,1783.0,0.0526925303995367,13.9,2226.7,4.36,7.95,3.07,6.48,21.86,24.03
181,2019,4,Haryana,Jind,7.9,16.4,2076.0,1818.0,1727.0,1789.0,1778.0,0.14191419141914197,11.0,2225.5714285714284,1.35,6.81,4.27,2.22,14.65,20.62
182,1993,4,Haryana,Mahendragarh,81.6,33.0,404.0,988.0,277.0,683.0,649.3333333333334,-0.5910931174089069,98.2,765.4666666666667,2.89,6.03,2.48,4.08,15.48,17.19
182,1994,4,Haryana,Mahendragarh,98.4,142.0,1443.0,404.0,988.0,277.0,556.3333333333334,2.5717821782178216,81.6,1379.2857142857142,1.63,8.47,6.66,1.95,18.71,20.4
182,1995,4,Haryana,Mahendragarh,86.3,70.0,811.0,1443.0,404.0,988.0,945.0,-0.4379764379764379,98.4,751.8571428571429,1.28,3.84,10.62,3.25,18.99,21.93
182,1996,4,Haryana,Mahendragarh,86.3,109.0,1263.0,811.0,1443.0,404.0,886.0,0.5573366214549937,86.3,1211.8,4.04,3.93,6.25,4.33,18.55,21.36
182,1997,4,Haryana,Mahendragarh,92.3,117.0,1268.0,1263.0,811.0,1443.0,1172.3333333333333,0.003958828186856778,86.3,1298.9444444444443,1.59,4.42,6.75,1.13,13.89,20.37
182,1998,4,Haryana,Mahendragarh,96.0,106.0,1104.0,1268.0,1263.0,811.0,1114.0,-0.12933753943217663,92.3,1128.5,2.39,4.88,2.92,5.76,15.95,20.01
182,1999,4,Haryana,Mahendragarh,94.6,93.0,983.0,1104.0,1268.0,1263.0,1211.6666666666667,-0.1096014492753623,96.0,1117.9375,1.18,2.33,1.67,1.24,6.42,8.12
182,2000,4,Haryana,Mahendragarh,98.5,110.0,1117.0,983.0,1104.0,1268.0,1118.3333333333333,0.13631739572736512,94.6,1177.8666666666666,2.07,3.8,2.42,0.52,8.809999999999999,10.58
182,2001,4,Haryana,Mahendragarh,103.4,154.0,1489.0,1117.0,983.0,1104.0,1068.0,0.333034914950761,98.5,1347.8666666666666,3.16,4.5,3.92,0.63,12.21,15.68
182,2002,4,Haryana,Mahendragarh,56.6,49.0,866.0,1489.0,1117.0,983.0,1196.3333333333333,-0.41840161182001345,103.4,1085.235294117647,1.09,0.19,2.22,2.38,5.88,9.76
182,2003,4,Haryana,Mahendragarh,109.1,213.0,1952.0,866.0,1489.0,1117.0,1157.3333333333333,1.2540415704387993,56.6,1915.235294117647,2.68,10.6,4.29,1.92,19.49,21.89
182,2004,4,Haryana,Mahendragarh,85.08,102.0,1199.0,1952.0,866.0,1489.0,1435.6666666666667,-0.3857581967213115,109.1,1851.0,1.58,1.66,8.3,0.63,12.170000000000002,16.76
182,2005,4,Haryana,Mahendragarh,98.7,110.0,1114.0,1199.0,1952.0,866.0,1339.0,-0.0708924103419516,85.08,1555.1666666666667,2.64,5.62,1.26,4.45,13.97,16.94
182,2006,4,Haryana,Mahendragarh,101.0,158.0,1564.0,1114.0,1199.0,1952.0,1421.6666666666667,0.4039497307001796,98.7,2087.3333333333335,3.16,4.22,1.99,2.27,11.64,14.02
182,2007,4,Haryana,Mahendragarh,103.1,177.0,1717.0,1564.0,1114.0,1199.0,1292.3333333333333,0.09782608695652173,101.0,2267.8888888888887,3.38,3.11,4.91,2.38,13.78,18.57
182,2008,4,Haryana,Mahendragarh,102.9,182.0,1769.0,1717.0,1564.0,1114.0,1465.0,0.03028538147932447,103.1,2155.5263157894738,4.39,4.13,4.96,3.55,17.03,20.5
182,2009,4,Haryana,Mahendragarh,103.0,183.0,1777.0,1769.0,1717.0,1564.0,1683.3333333333333,0.0045223289994347216,102.9,1876.388888888889,1.05,3.23,3.04,3.95,11.27,14.07
182,2010,4,Haryana,Mahendragarh,111.7,200.0,1791.0,1777.0,1769.0,1717.0,1754.3333333333333,0.007878446820483997,103.0,1996.1666666666667,0.9,6.64,8.39,5.32,21.25,23.66
182,2011,4,Haryana,Mahendragarh,113.2,256.0,2261.0,1791.0,1777.0,1769.0,1779.0,0.2624232272473479,111.7,2137.5,2.38,3.56,4.96,6.63,17.529999999999998,20.03
182,2012,4,Haryana,Mahendragarh,90.74,198.0,2182.0,2261.0,1791.0,1777.0,1943.0,-0.034940291906236154,113.2,2085.5555555555557,0.37,2.66,11.42,2.49,16.939999999999998,18.42
182,2013,4,Haryana,Mahendragarh,90.0,221.0,2456.0,2182.0,2261.0,1791.0,2078.0,0.12557286892758945,90.74,2006.7058823529412,3.94,6.43,8.58,2.51,21.46,25.71
182,2014,4,Haryana,Mahendragarh,93.0,156.0,1677.0,2456.0,2182.0,2261.0,2299.6666666666665,-0.31718241042345274,90.0,1869.235294117647,0.8,3.57,4.27,2.23,10.87,14.94
182,2015,4,Haryana,Mahendragarh,89.0,135.0,1517.0,1677.0,2456.0,2182.0,2105.0,-0.09540846750149079,93.0,1843.8235294117646,2.25,5.37,4.45,0.54,12.61,17.87
182,2016,4,Haryana,Mahendragarh,99.3,228.0,2296.0,1517.0,1677.0,2456.0,1883.3333333333333,0.5135135135135136,89.0,2084.4,1.45,9.42,5.42,0.53,16.82,18.51
182,2017,4,Haryana,Mahendragarh,98.5,147.0,1492.0,2296.0,1517.0,1677.0,1830.0,-0.3501742160278746,99.3,1821.235294117647,4.2,2.67,3.32,1.35,11.54,14.67
182,2018,4,Haryana,Mahendragarh,99.0,204.0,2061.0,1492.0,2296.0,1517.0,1768.3333333333333,0.38136729222520116,98.5,2226.7,1.98,6.88,3.25,4.08,16.189999999999998,18.15
182,2019,4,Haryana,Mahendragarh,113.5,282.8,2492.0,2061.0,1492.0,2296.0,1949.6666666666667,0.20912178554099947,99.0,2225.5714285714284,0.92,6.29,5.35,1.4,13.96,18.61
183,1993,4,Haryana,Ambala,1.9,1.0,526.0,1250.0,714.0,1250.0,1071.3333333333333,-0.5791999999999999,1.6,765.4666666666667,2.72,12.43,4.75,6.92,26.82,32.38
183,1994,4,Haryana,Ambala,1.5,3.0,2000.0,526.0,1250.0,714.0,830.0,2.802281368821293,1.9,1379.2857142857142,3.19,14.13,13.67,1.99,32.980000000000004,36.75
183,1995,4,Haryana,Ambala,0.6,1.0,1667.0,2000.0,526.0,1250.0,1258.6666666666667,-0.16649999999999998,1.5,751.8571428571429,3.31,5.76,11.99,4.6,25.660000000000004,30.8
183,1996,4,Haryana,Ambala,0.7,1.0,1429.0,1667.0,2000.0,526.0,1397.6666666666667,-0.14277144571085787,0.6,1211.8,7.64,4.58,10.4,5.76,28.379999999999995,36.3
183,1997,4,Haryana,Ambala,0.7,1.0,1429.0,1429.0,1667.0,2000.0,1698.6666666666667,0.0,0.7,1298.9444444444443,3.67,6.04,10.67,1.5,21.880000000000003,30.68
183,2014,4,Haryana,Ambala,1.0,2.0,2000.0,1429.0,1429.0,1667.0,1508.3333333333333,0.3995801259622114,0.7,1869.235294117647,1.25,4.17,5.92,6.92,18.26,28.05
183,2019,4,Haryana,Ambala,0.1,0.2,2000.0,2000.0,1429.0,1429.0,1619.3333333333333,0.0,1.0,2225.5714285714284,1.88,9.97,9.93,5.9,27.68,37.36
184,1994,4,Haryana,Karnal,1.7,3.0,1765.0,556.0,1176.0,1000.0,910.6666666666666,2.1744604316546763,1.8,1379.2857142857142,2.19,11.09,9.52,1.28,24.08,26.6
184,1995,4,Haryana,Karnal,1.5,1.0,667.0,1765.0,556.0,1176.0,1165.6666666666667,-0.6220963172804532,1.7,751.8571428571429,2.23,3.38,10.84,4.71,21.16,25.33
184,1996,4,Haryana,Karnal,1.6,2.0,1250.0,667.0,1765.0,556.0,996.0,0.8740629685157422,1.5,1211.8,5.34,4.06,7.81,4.62,21.83,26.86
184,1997,4,Haryana,Karnal,1.7,2.0,1176.0,1250.0,667.0,1765.0,1227.3333333333333,-0.05920000000000003,1.6,1298.9444444444443,2.77,4.37,8.05,1.38,16.57,24.05
184,1998,4,Haryana,Karnal,1.0,1.0,1000.0,1176.0,1250.0,667.0,1031.0,-0.1496598639455783,1.7,1128.5,3.82,5.22,6.19,5.33,20.56,26.47
184,1999,4,Haryana,Karnal,1.5,1.0,667.0,1000.0,1176.0,1250.0,1142.0,-0.33299999999999996,1.0,1117.9375,2.31,3.74,2.04,2.43,10.52,12.57
184,2000,4,Haryana,Karnal,2.8,3.0,1071.0,667.0,1000.0,1176.0,947.6666666666666,0.6056971514242879,1.5,1177.8666666666666,4.61,6.49,3.04,1.5,15.64,18.54
184,2001,4,Haryana,Karnal,1.3,1.0,769.0,1071.0,667.0,1000.0,912.6666666666666,-0.2819794584500467,2.8,1347.8666666666666,4.42,5.37,5.65,1.23,16.669999999999998,21.23
184,2002,4,Haryana,Karnal,0.9,1.0,1111.0,769.0,1071.0,667.0,835.6666666666666,0.4447334200260078,1.3,1085.235294117647,1.32,1.17,4.1,4.93,11.52,17.009999999999998
184,2003,4,Haryana,Karnal,1.0,2.0,2000.0,1111.0,769.0,1071.0,983.6666666666666,0.8001800180018002,0.9,1915.235294117647,2.77,13.5,6.1,3.23,25.6,29.37
184,2004,4,Haryana,Karnal,1.03,2.0,1942.0,2000.0,1111.0,769.0,1293.3333333333333,-0.029000000000000026,1.0,1851.0,2.78,2.17,9.0,0.52,14.47,20.68
184,2005,4,Haryana,Karnal,1.2,3.0,2500.0,1942.0,2000.0,1111.0,1684.3333333333333,0.28733264675592163,1.03,1555.1666666666667,2.48,6.9,3.2,6.66,19.24,23.62
184,2006,4,Haryana,Karnal,1.7,6.0,3529.0,2500.0,1942.0,2000.0,2147.3333333333335,0.41159999999999997,1.2,2087.3333333333335,2.54,6.42,3.29,2.51,14.76,18.85
184,2007,4,Haryana,Karnal,1.6,4.0,2500.0,3529.0,2500.0,1942.0,2657.0,-0.2915840181354491,1.7,2267.8888888888887,3.89,4.78,6.51,2.4,17.58,24.28
184,2008,4,Haryana,Karnal,2.8,9.0,3214.0,2500.0,3529.0,2500.0,2843.0,0.2856000000000001,1.6,2155.5263157894738,7.24,5.58,8.12,5.79,26.73,32.1
184,2009,4,Haryana,Karnal,1.2,2.0,1667.0,3214.0,2500.0,3529.0,3081.0,-0.4813316739265713,2.8,1876.388888888889,1.49,4.81,4.26,6.03,16.59,20.65
184,2011,4,Haryana,Karnal,1.0,2.0,2000.0,1667.0,3214.0,2500.0,2460.3333333333335,0.1997600479904018,1.2,2137.5,4.39,5.31,6.94,7.82,24.46,28.08
184,2012,4,Haryana,Karnal,0.9,2.0,2222.0,2000.0,1667.0,3214.0,2293.6666666666665,0.11099999999999999,1.0,2085.5555555555557,0.81,4.37,9.55,3.56,18.29,20.52
184,2013,4,Haryana,Karnal,1.0,2.0,2000.0,2222.0,2000.0,1667.0,1963.0,-0.09990999099909992,0.9,2006.7058823529412,6.49,9.45,9.39,3.02,28.35,34.77
184,2014,4,Haryana,Karnal,1.0,2.0,2000.0,2000.0,2222.0,2000.0,2074.0,0.0,1.0,1869.235294117647,1.18,3.21,4.43,3.48,12.3,19.18
184,2015,4,Haryana,Karnal,0.6,2.0,3333.0,2000.0,2000.0,2222.0,2074.0,0.6665000000000001,1.0,1843.8235294117646,3.09,8.61,6.69,1.39,19.78,26.57
184,2018,4,Haryana,Karnal,0.2,0.4,2000.0,3333.0,2000.0,2000.0,2444.3333333333335,-0.39993999399939995,0.6,2226.7,4.56,11.49,5.63,7.15,28.83,30.88
184,2019,4,Haryana,Karnal,0.1,0.2,2000.0,2000.0,3333.0,2000.0,2444.3333333333335,0.0,0.2,2225.5714285714284,0.84,7.29,5.7,2.94,16.770000000000003,22.66
186,1993,4,Haryana,Rohtak,32.3,32.0,991.0,1205.0,685.0,977.0,955.6666666666666,-0.17759336099585066,44.0,765.4666666666667,3.05,8.77,3.26,5.45,20.53,23.0
186,1994,4,Haryana,Rohtak,37.3,50.0,1340.0,991.0,1205.0,685.0,960.3333333333334,0.3521695257315842,32.3,1379.2857142857142,1.92,11.09,8.0,0.92,21.93,24.06
186,1995,4,Haryana,Rohtak,51.3,20.0,390.0,1340.0,991.0,1205.0,1178.6666666666667,-0.708955223880597,37.3,751.8571428571429,1.74,2.38,11.18,5.13,20.43,24.42
186,1996,4,Haryana,Rohtak,41.1,42.0,1022.0,390.0,1340.0,991.0,907.0,1.6205128205128205,51.3,1211.8,4.91,4.31,7.74,4.34,21.3,25.07
186,1997,4,Haryana,Rohtak,18.8,22.0,1170.0,1022.0,390.0,1340.0,917.3333333333334,0.14481409001956957,41.1,1298.9444444444443,2.65,3.5,6.73,1.61,14.49,21.4
186,1998,4,Haryana,Rohtak,19.0,21.0,1105.0,1170.0,1022.0,390.0,860.6666666666666,-0.05555555555555558,18.8,1128.5,4.26,3.83,5.52,5.85,19.46,24.85
186,1999,4,Haryana,Rohtak,17.0,14.0,824.0,1105.0,1170.0,1022.0,1099.0,-0.25429864253393664,19.0,1117.9375,2.1,3.31,1.79,2.17,9.37,11.5
186,2000,4,Haryana,Rohtak,17.4,27.0,1552.0,824.0,1105.0,1170.0,1033.0,0.883495145631068,17.0,1177.8666666666666,4.19,5.51,3.42,0.98,14.1,16.93
186,2001,4,Haryana,Rohtak,17.2,22.0,1279.0,1552.0,824.0,1105.0,1160.3333333333333,-0.17590206185567014,17.4,1347.8666666666666,4.02,4.12,4.44,1.18,13.760000000000002,17.91
186,2002,4,Haryana,Rohtak,15.5,15.0,968.0,1279.0,1552.0,824.0,1218.3333333333333,-0.24315871774824083,17.2,1085.235294117647,1.3,0.57,3.43,4.89,10.19,15.84
186,2003,4,Haryana,Rohtak,16.1,30.0,1863.0,968.0,1279.0,1552.0,1266.3333333333333,0.9245867768595042,15.5,1915.235294117647,3.46,15.27,5.3,2.53,26.56,29.81
186,2004,4,Haryana,Rohtak,13.95,25.0,1792.0,1863.0,968.0,1279.0,1370.0,-0.03811057434245835,16.1,1851.0,2.42,1.16,7.96,0.4,11.94,17.87
186,2005,4,Haryana,Rohtak,14.3,20.0,1399.0,1792.0,1863.0,968.0,1541.0,-0.2193080357142857,13.95,1555.1666666666667,2.32,6.39,2.93,6.69,18.33,22.27
186,2006,4,Haryana,Rohtak,17.4,36.0,2069.0,1399.0,1792.0,1863.0,1684.6666666666667,0.4789135096497499,14.3,2087.3333333333335,2.91,6.2,2.74,2.99,14.84,18.22
186,2007,4,Haryana,Rohtak,19.2,43.0,2240.0,2069.0,1399.0,1792.0,1753.3333333333333,0.0826486225229579,17.4,2267.8888888888887,4.58,4.23,5.8,2.46,17.07,23.57
186,2008,4,Haryana,Rohtak,20.7,37.0,1787.0,2240.0,2069.0,1399.0,1902.6666666666667,-0.20223214285714286,19.2,2155.5263157894738,4.92,5.05,7.59,5.06,22.62,27.97
186,2009,4,Haryana,Rohtak,20.0,31.0,1550.0,1787.0,2240.0,2069.0,2032.0,-0.1326245103525462,20.7,1876.388888888889,1.06,4.2,4.46,6.02,15.739999999999998,19.3
186,2010,4,Haryana,Rohtak,22.8,32.0,1404.0,1550.0,1787.0,2240.0,1859.0,-0.09419354838709681,20.0,1996.1666666666667,1.14,8.64,9.47,8.34,27.59,29.99
186,2011,4,Haryana,Rohtak,20.3,39.0,1921.0,1404.0,1550.0,1787.0,1580.3333333333333,0.36823361823361833,22.8,2137.5,3.15,4.04,5.92,7.41,20.52,23.86
186,2012,4,Haryana,Rohtak,16.55,29.0,1752.0,1921.0,1404.0,1550.0,1625.0,-0.08797501301405519,20.3,2085.5555555555557,0.64,3.34,10.07,2.57,16.62,18.62
186,2013,4,Haryana,Rohtak,15.0,20.0,1333.0,1752.0,1921.0,1404.0,1692.3333333333333,-0.23915525114155256,16.55,2006.7058823529412,4.8,8.95,9.15,3.18,26.08,32.39
186,2014,4,Haryana,Rohtak,13.0,22.0,1692.0,1333.0,1752.0,1921.0,1668.6666666666667,0.269317329332333,15.0,1869.235294117647,1.21,3.1,4.17,2.53,11.01,17.05
186,2015,4,Haryana,Rohtak,13.0,23.0,1769.0,1692.0,1333.0,1752.0,1592.3333333333333,0.04550827423167858,13.0,1843.8235294117646,2.7,7.49,6.14,1.02,17.35,23.23
186,2016,4,Haryana,Rohtak,12.9,25.0,1938.0,1769.0,1692.0,1333.0,1598.0,0.09553420011305813,13.0,2084.4,1.56,10.03,4.44,1.26,17.290000000000003,19.49
186,2017,4,Haryana,Rohtak,11.8,22.0,1864.0,1938.0,1769.0,1692.0,1799.6666666666667,-0.03818369453044379,12.9,1821.235294117647,4.86,3.62,4.49,4.19,17.16,20.05
186,2018,4,Haryana,Rohtak,8.0,18.0,2250.0,1864.0,1938.0,1769.0,1857.0,0.2070815450643777,11.8,2226.7,2.93,11.07,4.37,6.62,24.99,26.55
186,2019,4,Haryana,Rohtak,10.6,21.4,2019.0,2250.0,1864.0,1938.0,2017.3333333333333,-0.10266666666666668,8.0,2225.5714285714284,0.52,6.43,4.85,2.2,14.0,20.08
187,1993,4,Haryana,Sonepat,6.2,5.0,806.0,1579.0,806.0,1176.0,1187.0,-0.4895503483217226,7.6,765.4666666666667,3.05,8.77,3.26,5.45,20.53,23.0
187,1994,4,Haryana,Sonepat,7.6,8.0,1053.0,806.0,1579.0,806.0,1063.6666666666667,0.30645161290322576,6.2,1379.2857142857142,1.92,11.09,8.0,0.92,21.93,24.06
187,1995,4,Haryana,Sonepat,11.4,4.0,351.0,1053.0,806.0,1579.0,1146.0,-0.6666666666666667,7.6,751.8571428571429,1.74,2.38,11.18,5.13,20.43,24.42
187,1996,4,Haryana,Sonepat,9.3,13.0,1398.0,351.0,1053.0,806.0,736.6666666666666,2.982905982905983,11.4,1211.8,4.91,4.31,7.74,4.34,21.3,25.07
187,1997,4,Haryana,Sonepat,8.9,13.0,1461.0,1398.0,351.0,1053.0,934.0,0.045064377682403345,9.3,1298.9444444444443,2.65,3.5,6.73,1.61,14.49,21.4
187,1998,4,Haryana,Sonepat,6.0,7.0,1167.0,1461.0,1398.0,351.0,1070.0,-0.20123203285420943,8.9,1128.5,4.26,3.83,5.52,5.85,19.46,24.85
187,1999,4,Haryana,Sonepat,6.7,7.0,1045.0,1167.0,1461.0,1398.0,1342.0,-0.10454155955441302,6.0,1117.9375,2.1,3.31,1.79,2.17,9.37,11.5
187,2000,4,Haryana,Sonepat,7.6,12.0,1579.0,1045.0,1167.0,1461.0,1224.3333333333333,0.5110047846889951,6.7,1177.8666666666666,4.19,5.51,3.42,0.98,14.1,16.93
187,2001,4,Haryana,Sonepat,7.7,11.0,1429.0,1579.0,1045.0,1167.0,1263.6666666666667,-0.09499683343888532,7.6,1347.8666666666666,4.02,4.12,4.44,1.18,13.760000000000002,17.91
187,2002,4,Haryana,Sonepat,2.9,5.0,1724.0,1429.0,1579.0,1045.0,1351.0,0.20643806857942626,7.7,1085.235294117647,1.3,0.57,3.43,4.89,10.19,15.84
187,2003,4,Haryana,Sonepat,6.9,11.0,1594.0,1724.0,1429.0,1579.0,1577.3333333333333,-0.07540603248259858,2.9,1915.235294117647,3.46,15.27,5.3,2.53,26.56,29.81
187,2004,4,Haryana,Sonepat,6.89,11.0,1597.0,1594.0,1724.0,1429.0,1582.3333333333333,0.0018820577164366803,6.9,1851.0,2.42,1.16,7.96,0.4,11.94,17.87
187,2005,4,Haryana,Sonepat,7.0,11.0,1571.0,1597.0,1594.0,1724.0,1638.3333333333333,-0.016280525986224204,6.89,1555.1666666666667,2.32,6.39,2.93,6.69,18.33,22.27
187,2006,4,Haryana,Sonepat,8.7,18.0,2069.0,1571.0,1597.0,1594.0,1587.3333333333333,0.31699554423933796,7.0,2087.3333333333335,2.91,6.2,2.74,2.99,14.84,18.22
187,2007,4,Haryana,Sonepat,10.6,20.0,1887.0,2069.0,1571.0,1597.0,1745.6666666666667,-0.08796520057999035,8.7,2267.8888888888887,4.58,4.23,5.8,2.46,17.07,23.57
187,2008,4,Haryana,Sonepat,9.2,18.0,1957.0,1887.0,2069.0,1571.0,1842.3333333333333,0.037095919448860704,10.6,2155.5263157894738,4.92,5.05,7.59,5.06,22.62,27.97
187,2009,4,Haryana,Sonepat,12.5,27.0,2160.0,1957.0,1887.0,2069.0,1971.0,0.10373019928461935,9.2,1876.388888888889,1.06,4.2,4.46,6.02,15.739999999999998,19.3
187,2010,4,Haryana,Sonepat,13.3,24.0,1805.0,2160.0,1957.0,1887.0,2001.3333333333333,-0.16435185185185186,12.5,1996.1666666666667,1.14,8.64,9.47,8.34,27.59,29.99
187,2011,4,Haryana,Sonepat,11.4,25.0,2193.0,1805.0,2160.0,1957.0,1974.0,0.2149584487534626,13.3,2137.5,3.15,4.04,5.92,7.41,20.52,23.86
187,2012,4,Haryana,Sonepat,8.44,19.0,2251.0,2193.0,1805.0,2160.0,2052.6666666666665,0.026447788417692575,11.4,2085.5555555555557,0.64,3.34,10.07,2.57,16.62,18.62
187,2013,4,Haryana,Sonepat,8.0,18.0,2250.0,2251.0,2193.0,1805.0,2083.0,-0.00044424700133272044,8.44,2006.7058823529412,4.8,8.95,9.15,3.18,26.08,32.39
187,2014,4,Haryana,Sonepat,6.0,11.0,1833.0,2250.0,2251.0,2193.0,2231.3333333333335,-0.18533333333333335,8.0,1869.235294117647,1.21,3.1,4.17,2.53,11.01,17.05
187,2015,4,Haryana,Sonepat,6.1,13.0,2131.0,1833.0,2250.0,2251.0,2111.3333333333335,0.16257501363884352,6.0,1843.8235294117646,2.7,7.49,6.14,1.02,17.35,23.23
187,2016,4,Haryana,Sonepat,6.2,12.0,1935.0,2131.0,1833.0,2250.0,2071.3333333333335,-0.09197559831065227,6.1,2084.4,1.56,10.03,4.44,1.26,17.290000000000003,19.49
187,2017,4,Haryana,Sonepat,5.9,8.0,1356.0,1935.0,2131.0,1833.0,1966.3333333333333,-0.29922480620155034,6.2,1821.235294117647,4.86,3.62,4.49,4.19,17.16,20.05
187,2018,4,Haryana,Sonepat,5.0,8.0,1600.0,1356.0,1935.0,2131.0,1807.3333333333333,0.1799410029498525,5.9,2226.7,2.93,11.07,4.37,6.62,24.99,26.55
187,2019,4,Haryana,Sonepat,6.7,17.2,2567.0,1600.0,1356.0,1935.0,1630.3333333333333,0.6043750000000001,5.0,2225.5714285714284,0.52,6.43,4.85,2.2,14.0,20.08
188,1993,4,Haryana,Faridabad,20.2,19.0,941.0,1473.0,741.0,1057.0,1090.3333333333333,-0.36116768499660556,25.8,765.4666666666667,4.16,9.65,4.34,6.88,25.03,27.15
188,1994,4,Haryana,Faridabad,18.7,23.0,1230.0,941.0,1473.0,741.0,1051.6666666666667,0.30712008501594057,20.2,1379.2857142857142,2.17,13.13,8.57,0.39,24.26,26.6
188,1995,4,Haryana,Faridabad,18.6,18.0,968.0,1230.0,941.0,1473.0,1214.6666666666667,-0.21300813008130082,18.7,751.8571428571429,1.43,2.39,12.77,5.68,22.27,26.03
188,1996,4,Haryana,Faridabad,18.1,20.0,1105.0,968.0,1230.0,941.0,1046.3333333333333,0.14152892561983466,18.6,1211.8,5.2,5.88,10.34,5.04,26.46,30.04
188,1997,4,Haryana,Faridabad,19.5,22.0,1128.0,1105.0,968.0,1230.0,1101.0,0.020814479638008976,18.1,1298.9444444444443,3.4,3.01,4.87,2.15,13.43,19.67
188,1998,4,Haryana,Faridabad,16.0,16.0,1000.0,1128.0,1105.0,968.0,1067.0,-0.11347517730496459,19.5,1128.5,4.64,4.23,7.23,5.82,21.92,27.19
188,1999,4,Haryana,Faridabad,15.3,15.0,980.0,1000.0,1128.0,1105.0,1077.6666666666667,-0.020000000000000018,16.0,1117.9375,1.94,4.65,2.92,3.55,13.06,15.32
188,2000,4,Haryana,Faridabad,14.2,19.0,1338.0,980.0,1000.0,1128.0,1036.0,0.36530612244897953,15.3,1177.8666666666666,4.86,6.42,5.46,1.04,17.78,20.93
188,2001,4,Haryana,Faridabad,13.1,19.0,1450.0,1338.0,980.0,1000.0,1106.0,0.08370702541106123,14.2,1347.8666666666666,3.88,5.24,2.94,1.32,13.38,16.7
188,2002,4,Haryana,Faridabad,5.8,7.0,1207.0,1450.0,1338.0,980.0,1256.0,-0.16758620689655168,13.1,1085.235294117647,1.5,0.41,4.83,6.41,13.15,19.54
188,2003,4,Haryana,Faridabad,10.2,14.0,1373.0,1207.0,1450.0,1338.0,1331.6666666666667,0.13753106876553445,5.8,1915.235294117647,4.08,15.93,6.18,4.1,30.29,33.44
188,2004,4,Haryana,Faridabad,10.36,12.0,1158.0,1373.0,1207.0,1450.0,1343.3333333333333,-0.1565914056809905,10.2,1851.0,2.86,2.54,8.35,0.75,14.5,20.47
188,2005,4,Haryana,Faridabad,8.7,13.0,1494.0,1158.0,1373.0,1207.0,1246.0,0.2901554404145077,10.36,1555.1666666666667,2.17,7.12,3.71,7.57,20.57,23.64
188,2006,4,Haryana,Faridabad,8.9,16.0,1798.0,1494.0,1158.0,1373.0,1341.6666666666667,0.20348058902275779,8.7,2087.3333333333335,3.39,8.06,3.24,3.37,18.06,21.22
188,2007,4,Haryana,Faridabad,9.7,17.0,1753.0,1798.0,1494.0,1158.0,1483.3333333333333,-0.02502780867630705,8.9,2267.8888888888887,4.71,6.23,6.64,3.05,20.630000000000003,26.65
188,2008,4,Haryana,Faridabad,4.3,7.0,1628.0,1753.0,1798.0,1494.0,1681.6666666666667,-0.07130633200228176,9.7,2155.5263157894738,4.09,7.06,8.33,5.64,25.12,30.2
188,2009,4,Haryana,Faridabad,3.7,6.0,1622.0,1628.0,1753.0,1798.0,1726.3333333333333,-0.0036855036855036882,4.3,1876.388888888889,1.08,5.01,6.66,5.9,18.65,22.78
188,2010,4,Haryana,Faridabad,4.4,5.0,1136.0,1622.0,1628.0,1753.0,1667.6666666666667,-0.29963008631319354,3.7,1996.1666666666667,0.43,9.68,10.87,9.77,30.75,33.41
188,2011,4,Haryana,Faridabad,3.9,6.0,1538.0,1136.0,1622.0,1628.0,1462.0,0.35387323943661975,4.4,2137.5,3.95,5.31,7.38,6.91,23.55,26.52
188,2012,4,Haryana,Faridabad,3.48,5.0,1437.0,1538.0,1136.0,1622.0,1432.0,-0.06566970091027313,3.9,2085.5555555555557,0.5,5.02,11.41,2.98,19.91,21.85
188,2013,4,Haryana,Faridabad,4.0,7.0,1750.0,1437.0,1538.0,1136.0,1370.3333333333333,0.21781489213639538,3.48,2006.7058823529412,5.96,10.63,10.63,3.68,30.9,38.23
188,2014,4,Haryana,Faridabad,4.0,7.0,1750.0,1750.0,1437.0,1538.0,1575.0,0.0,4.0,1869.235294117647,1.32,3.88,5.5,2.3,13.0,19.35
188,2015,4,Haryana,Faridabad,3.0,5.0,1667.0,1750.0,1750.0,1437.0,1645.6666666666667,-0.047428571428571376,4.0,1843.8235294117646,3.23,7.42,6.85,1.69,19.19,25.11
188,2016,4,Haryana,Faridabad,4.0,9.0,2250.0,1667.0,1750.0,1750.0,1722.3333333333333,0.3497300539892021,3.0,2084.4,2.65,10.45,4.96,1.36,19.42,22.01
188,2017,4,Haryana,Faridabad,2.1,4.0,1905.0,2250.0,1667.0,1750.0,1889.0,-0.15333333333333332,4.0,1821.235294117647,4.68,5.13,4.63,5.27,19.71,22.02
188,2018,4,Haryana,Faridabad,3.0,10.0,3333.0,1905.0,2250.0,1667.0,1940.6666666666667,0.7496062992125985,2.1,2226.7,1.56,12.11,6.74,5.68,26.09,27.55
188,2019,4,Haryana,Faridabad,3.9,8.7,2231.0,3333.0,1905.0,2250.0,2496.0,-0.3306330633063307,3.0,2225.5714285714284,0.34,5.92,5.63,2.58,14.47,20.18
189,1993,12,Uttar Pradesh,Saharanpur,0.28,0.19,679.0,1259.0,1258.0,887.0,1134.6666666666667,-0.46068308181096107,0.27,1126.1132075471698,4.49,12.19,11.03,8.97,36.68,42.51
189,1994,12,Uttar Pradesh,Saharanpur,0.19,0.12,632.0,679.0,1259.0,1258.0,1065.3333333333333,-0.06921944035346095,0.28,1007.6603773584906,4.01,14.77,14.32,1.53,34.63,39.02
189,1995,12,Uttar Pradesh,Saharanpur,0.15,0.09,600.0,632.0,679.0,1259.0,856.6666666666666,-0.05063291139240511,0.19,1217.4285714285713,2.41,7.73,13.3,6.64,30.08,35.03
189,1996,12,Uttar Pradesh,Saharanpur,0.13,0.18,1385.0,600.0,632.0,679.0,637.0,1.3083333333333331,0.15,1118.625,6.8,6.96,14.94,6.69,35.39,43.28
189,1997,12,Uttar Pradesh,Saharanpur,0.14,0.2,1429.0,1385.0,600.0,632.0,872.3333333333334,0.031768953068592065,0.13,1335.6029411764705,5.12,10.14,9.44,3.05,27.750000000000004,39.21
189,1998,12,Uttar Pradesh,Saharanpur,0.15,0.17,1133.0,1429.0,1385.0,600.0,1138.0,-0.2071378586424073,0.14,1130.3970588235295,3.55,12.68,14.45,5.68,36.36,46.26
189,1999,12,Uttar Pradesh,Saharanpur,0.08,0.11,1375.0,1133.0,1429.0,1385.0,1315.6666666666667,0.21359223300970864,0.15,1361.2424242424242,4.54,5.98,3.43,5.4,19.35,21.950000000000003
189,2000,12,Uttar Pradesh,Saharanpur,0.08,0.11,1375.0,1375.0,1133.0,1429.0,1312.3333333333333,0.0,0.08,1263.7462686567164,4.76,8.84,5.57,3.5,22.67,26.44
189,2001,12,Uttar Pradesh,Saharanpur,0.05,0.06,1200.0,1375.0,1375.0,1133.0,1294.3333333333333,-0.12727272727272732,0.08,1174.7910447761194,8.42,13.0,10.3,2.23,33.95,40.08
189,2002,12,Uttar Pradesh,Saharanpur,0.04,0.05,1250.0,1200.0,1375.0,1375.0,1316.6666666666667,0.04166666666666674,0.05,1196.323076923077,2.62,2.93,8.93,6.62,21.1,28.8
189,2004,12,Uttar Pradesh,Saharanpur,0.02,0.03,1500.0,1250.0,1200.0,1375.0,1275.0,0.19999999999999996,0.04,1357.09375,6.17,10.03,12.2,1.19,29.59,37.26
189,2005,12,Uttar Pradesh,Saharanpur,0.03,0.04,1333.0,1500.0,1250.0,1200.0,1316.6666666666667,-0.11133333333333328,0.02,1305.0819672131147,2.72,12.65,7.95,8.98,32.3,37.81
190,1993,12,Uttar Pradesh,Muzaffarnagar,0.24,0.16,667.0,1278.0,1333.0,875.0,1162.0,-0.4780907668231612,0.18,1126.1132075471698,4.23,10.9,7.75,7.48,30.360000000000003,34.550000000000004
190,1994,12,Uttar Pradesh,Muzaffarnagar,0.04,0.03,750.0,667.0,1278.0,1333.0,1092.6666666666667,0.12443778110944526,0.24,1007.6603773584906,3.05,13.08,12.01,1.03,29.17,32.62
190,1995,12,Uttar Pradesh,Muzaffarnagar,0.04,0.02,500.0,750.0,667.0,1278.0,898.3333333333334,-0.33333333333333337,0.04,1217.4285714285713,1.96,5.22,12.6,6.0,25.78,30.21
190,1996,12,Uttar Pradesh,Muzaffarnagar,0.01,0.01,1000.0,500.0,750.0,667.0,639.0,1.0,0.04,1118.625,5.93,6.26,12.37,5.81,30.37,36.38
190,1998,12,Uttar Pradesh,Muzaffarnagar,0.01,0.01,1000.0,1000.0,500.0,750.0,750.0,0.0,0.01,1130.3970588235295,3.98,8.62,10.86,5.55,29.01,36.97
190,2000,12,Uttar Pradesh,Muzaffarnagar,0.03,0.04,1333.0,1000.0,1000.0,500.0,833.3333333333334,0.33299999999999996,0.01,1263.7462686567164,4.74,7.6,5.36,2.35,20.05,23.55
190,2001,12,Uttar Pradesh,Muzaffarnagar,0.01,0.02,2000.0,1333.0,1000.0,1000.0,1111.0,0.5003750937734435,0.03,1174.7910447761194,6.46,9.24,7.1,1.78,24.58,29.6
190,2007,12,Uttar Pradesh,Muzaffarnagar,0.01,0.01,1000.0,2000.0,1333.0,1000.0,1444.3333333333333,-0.5,0.01,1324.3125,3.78,10.51,11.0,3.89,29.18,36.2
191,1993,12,Uttar Pradesh,Meerut,1.21,0.8,661.0,1263.0,1241.0,888.0,1130.6666666666667,-0.4766429136975455,1.56,1126.1132075471698,4.25,10.36,5.42,6.77,26.8,29.69
191,1994,12,Uttar Pradesh,Meerut,1.35,0.88,652.0,661.0,1263.0,1241.0,1055.0,-0.013615733736762503,1.21,1007.6603773584906,2.41,13.23,9.81,0.58,26.03,28.76
191,1995,12,Uttar Pradesh,Meerut,1.27,0.79,622.0,652.0,661.0,1263.0,858.6666666666666,-0.04601226993865026,1.35,1217.4285714285713,1.61,3.23,12.77,5.82,23.43,27.53
191,1996,12,Uttar Pradesh,Meerut,1.25,1.82,1456.0,622.0,652.0,661.0,645.0,1.3408360128617365,1.27,1118.625,5.53,6.0,11.03,5.36,27.92,32.35
191,1997,12,Uttar Pradesh,Meerut,0.03,0.04,1333.0,1456.0,622.0,652.0,910.0,-0.08447802197802201,1.25,1335.6029411764705,3.77,4.25,5.88,2.29,16.189999999999998,23.57
191,1998,12,Uttar Pradesh,Meerut,0.04,0.05,1250.0,1333.0,1456.0,622.0,1137.0,-0.06226556639159786,0.03,1130.3970588235295,4.68,5.45,8.47,5.76,24.36,30.69
191,1999,12,Uttar Pradesh,Meerut,0.41,0.62,1512.0,1250.0,1333.0,1456.0,1346.3333333333333,0.2096,0.04,1361.2424242424242,2.53,4.9,2.61,3.89,13.93,16.35
191,2000,12,Uttar Pradesh,Meerut,0.08,0.1,1250.0,1512.0,1250.0,1333.0,1365.0,-0.17328042328042326,0.41,1263.7462686567164,5.06,6.97,5.57,1.46,19.06,22.48
191,2001,12,Uttar Pradesh,Meerut,0.07,0.07,1000.0,1250.0,1512.0,1250.0,1337.3333333333333,-0.19999999999999996,0.08,1174.7910447761194,4.93,6.42,4.42,1.49,17.259999999999998,21.34
191,2002,12,Uttar Pradesh,Meerut,0.04,0.05,1250.0,1000.0,1250.0,1512.0,1254.0,0.25,0.07,1196.323076923077,1.8,0.86,5.42,6.48,14.56,21.28
191,2003,12,Uttar Pradesh,Meerut,0.06,0.08,1333.0,1250.0,1000.0,1250.0,1166.6666666666667,0.06640000000000001,0.04,1157.3809523809523,4.07,16.47,7.01,4.49,32.04,35.83
191,2004,12,Uttar Pradesh,Meerut,0.2,0.3,1500.0,1333.0,1250.0,1000.0,1194.3333333333333,0.12528132033008244,0.06,1357.09375,3.53,3.52,8.97,0.65,16.669999999999998,23.15
191,2005,12,Uttar Pradesh,Meerut,0.04,0.06,1500.0,1500.0,1333.0,1250.0,1361.0,0.0,0.2,1305.0819672131147,2.39,7.9,4.55,8.25,23.09,26.89
191,2006,12,Uttar Pradesh,Meerut,0.03,0.04,1333.0,1500.0,1500.0,1333.0,1444.3333333333333,-0.11133333333333328,0.04,1386.5333333333333,3.53,8.81,4.04,3.55,19.93,24.08
191,2007,12,Uttar Pradesh,Meerut,0.03,0.04,1333.0,1333.0,1500.0,1500.0,1444.3333333333333,0.0,0.03,1324.3125,4.5,7.68,8.08,3.43,23.69,30.33
191,2008,12,Uttar Pradesh,Meerut,0.01,0.03,3000.0,1333.0,1333.0,1500.0,1388.6666666666667,1.2505626406601649,0.03,1478.2131147540983,5.4,7.92,9.28,5.93,28.53,33.98
191,2009,12,Uttar Pradesh,Meerut,0.02,0.04,2000.0,3000.0,1333.0,1333.0,1888.6666666666667,-0.33333333333333337,0.01,1416.9333333333334,1.33,5.67,7.04,6.33,20.37,24.78
191,2010,12,Uttar Pradesh,Meerut,0.03,0.06,2000.0,2000.0,3000.0,1333.0,2111.0,0.0,0.02,1360.1186440677966,0.93,11.42,12.34,11.25,35.94,38.84
191,2011,12,Uttar Pradesh,Meerut,0.02,0.03,1500.0,2000.0,2000.0,3000.0,2333.3333333333335,-0.25,0.03,1526.8095238095239,4.69,6.85,8.24,7.62,27.4,31.0
191,2012,12,Uttar Pradesh,Meerut,0.03,0.07,2333.0,1500.0,2000.0,2000.0,1833.3333333333333,0.5553333333333332,0.02,1586.5967741935483,0.7,5.45,12.08,3.67,21.9,24.13
191,2013,12,Uttar Pradesh,Meerut,0.05,0.06,1200.0,2333.0,1500.0,2000.0,1944.3333333333333,-0.48564080582940417,0.03,1458.9322033898304,7.9,11.68,11.0,3.75,34.33,41.98
191,2014,12,Uttar Pradesh,Meerut,0.03,0.06,2000.0,1200.0,2333.0,1500.0,1677.6666666666667,0.6666666666666667,0.05,1524.3559322033898,1.51,4.55,6.12,2.64,14.82,22.1
191,2015,12,Uttar Pradesh,Meerut,0.05,0.1,2000.0,2000.0,1200.0,2333.0,1844.3333333333333,0.0,0.03,1426.6896551724137,3.59,8.79,7.63,1.67,21.68,28.09
191,2016,12,Uttar Pradesh,Meerut,0.02,0.03,1167.0,2000.0,2000.0,1200.0,1733.3333333333333,-0.4165,0.05,1464.7166666666667,2.08,10.62,4.33,1.66,18.69,21.39
191,2017,12,Uttar Pradesh,Meerut,0.02,0.04,1944.0,1167.0,2000.0,2000.0,1722.3333333333333,0.6658097686375322,0.02,1620.1724137931035,4.1,4.9,4.54,5.54,19.08,21.48
191,2018,12,Uttar Pradesh,Meerut,0.07,0.09,1214.0,1944.0,1167.0,2000.0,1703.6666666666667,-0.3755144032921811,0.02,1712.9016393442623,2.05,11.27,7.03,5.74,26.090000000000003,27.4
193,1993,12,Uttar Pradesh,Ghaziabad,7.6,5.9,776.0,1146.0,1196.0,1326.0,1222.6666666666667,-0.3228621291448517,7.94,1126.1132075471698,4.25,10.36,5.42,6.77,26.8,29.69
193,1994,12,Uttar Pradesh,Ghaziabad,6.37,5.96,936.0,776.0,1146.0,1196.0,1039.3333333333333,0.2061855670103092,7.6,1007.6603773584906,2.41,13.23,9.81,0.58,26.03,28.76
193,1995,12,Uttar Pradesh,Ghaziabad,5.41,4.85,896.0,936.0,776.0,1146.0,952.6666666666666,-0.042735042735042694,6.37,1217.4285714285713,1.61,3.23,12.77,5.82,23.43,27.53
193,1996,12,Uttar Pradesh,Ghaziabad,5.87,6.03,1027.0,896.0,936.0,776.0,869.3333333333334,0.1462053571428572,5.41,1118.625,5.53,6.0,11.03,5.36,27.92,32.35
193,1997,12,Uttar Pradesh,Ghaziabad,1.38,1.93,1399.0,1027.0,896.0,936.0,953.0,0.3622200584225901,5.87,1335.6029411764705,3.77,4.25,5.88,2.29,16.189999999999998,23.57
193,1998,12,Uttar Pradesh,Ghaziabad,1.3,1.61,1238.0,1399.0,1027.0,896.0,1107.3333333333333,-0.11508220157255178,1.38,1130.3970588235295,4.68,5.45,8.47,5.76,24.36,30.69
193,1999,12,Uttar Pradesh,Ghaziabad,1.34,2.03,1515.0,1238.0,1399.0,1027.0,1221.3333333333333,0.22374798061389334,1.3,1361.2424242424242,2.53,4.9,2.61,3.89,13.93,16.35
193,2000,12,Uttar Pradesh,Ghaziabad,0.98,1.25,1276.0,1515.0,1238.0,1399.0,1384.0,-0.1577557755775577,1.34,1263.7462686567164,5.06,6.97,5.57,1.46,19.06,22.48
193,2001,12,Uttar Pradesh,Ghaziabad,1.03,1.03,1000.0,1276.0,1515.0,1238.0,1343.0,-0.2163009404388715,0.98,1174.7910447761194,4.93,6.42,4.42,1.49,17.259999999999998,21.34
193,2002,12,Uttar Pradesh,Ghaziabad,0.73,0.92,1260.0,1000.0,1276.0,1515.0,1263.6666666666667,0.26,1.03,1196.323076923077,1.8,0.86,5.42,6.48,14.56,21.28
193,2003,12,Uttar Pradesh,Ghaziabad,0.58,0.82,1414.0,1260.0,1000.0,1276.0,1178.6666666666667,0.12222222222222223,0.73,1157.3809523809523,4.07,16.47,7.01,4.49,32.04,35.83
193,2004,12,Uttar Pradesh,Ghaziabad,4.97,7.53,1515.0,1414.0,1260.0,1000.0,1224.6666666666667,0.0714285714285714,0.58,1357.09375,3.53,3.52,8.97,0.65,16.669999999999998,23.15
193,2005,12,Uttar Pradesh,Ghaziabad,0.3,0.42,1400.0,1515.0,1414.0,1260.0,1396.3333333333333,-0.07590759075907594,4.97,1305.0819672131147,2.39,7.9,4.55,8.25,23.09,26.89
193,2006,12,Uttar Pradesh,Ghaziabad,0.29,0.4,1379.0,1400.0,1515.0,1414.0,1443.0,-0.015000000000000013,0.3,1386.5333333333333,3.53,8.81,4.04,3.55,19.93,24.08
193,2007,12,Uttar Pradesh,Ghaziabad,0.3,0.45,1500.0,1379.0,1400.0,1515.0,1431.3333333333333,0.08774474256707765,0.29,1324.3125,4.5,7.68,8.08,3.43,23.69,30.33
193,2008,12,Uttar Pradesh,Ghaziabad,0.33,0.57,1727.0,1500.0,1379.0,1400.0,1426.3333333333333,0.15133333333333332,0.3,1478.2131147540983,5.4,7.92,9.28,5.93,28.53,33.98
193,2009,12,Uttar Pradesh,Ghaziabad,0.41,0.8,1951.0,1727.0,1500.0,1379.0,1535.3333333333333,0.12970469021424424,0.33,1416.9333333333334,1.33,5.67,7.04,6.33,20.37,24.78
193,2010,12,Uttar Pradesh,Ghaziabad,0.38,0.7,1842.0,1951.0,1727.0,1500.0,1726.0,-0.05586878523833927,0.41,1360.1186440677966,0.93,11.42,12.34,11.25,35.94,38.84
193,2011,12,Uttar Pradesh,Ghaziabad,0.34,0.62,1824.0,1842.0,1951.0,1727.0,1840.0,-0.009771986970684043,0.38,1526.8095238095239,4.69,6.85,8.24,7.62,27.4,31.0
193,2012,12,Uttar Pradesh,Ghaziabad,0.24,0.55,2292.0,1824.0,1842.0,1951.0,1872.3333333333333,0.256578947368421,0.34,1586.5967741935483,0.7,5.45,12.08,3.67,21.9,24.13
193,2013,12,Uttar Pradesh,Ghaziabad,0.19,0.25,1316.0,2292.0,1824.0,1842.0,1986.0,-0.4258289703315882,0.24,1458.9322033898304,7.9,11.68,11.0,3.75,34.33,41.98
193,2015,12,Uttar Pradesh,Ghaziabad,0.02,0.05,2500.0,1316.0,2292.0,1824.0,1810.6666666666667,0.8996960486322187,0.19,1426.6896551724137,3.59,8.79,7.63,1.67,21.68,28.09
193,2016,12,Uttar Pradesh,Ghaziabad,0.21,0.25,1171.0,2500.0,1316.0,2292.0,2036.0,-0.5316000000000001,0.02,1464.7166666666667,2.08,10.62,4.33,1.66,18.69,21.39
193,2017,12,Uttar Pradesh,Ghaziabad,0.17,0.32,1952.0,1171.0,2500.0,1316.0,1662.3333333333333,0.6669513236549958,0.21,1620.1724137931035,4.1,4.9,4.54,5.54,19.08,21.48
193,2019,12,Uttar Pradesh,Ghaziabad,0.42,0.8,1891.0,1952.0,1171.0,2500.0,1874.3333333333333,-0.03125,0.17,1894.1833333333334,0.37,6.86,5.32,2.54,15.09,20.89
194,1993,12,Uttar Pradesh,Aligarh,86.39,109.17,1264.0,1337.0,1071.0,1328.0,1245.3333333333333,-0.05459985041136872,90.01,1126.1132075471698,4.15,6.04,3.36,6.91,20.46,22.16
194,1994,12,Uttar Pradesh,Aligarh,95.6,123.59,1293.0,1264.0,1337.0,1071.0,1224.0,0.022943037974683556,86.39,1007.6603773584906,2.59,11.86,8.63,0.53,23.61,25.96
194,1995,12,Uttar Pradesh,Aligarh,96.46,132.06,1369.0,1293.0,1264.0,1337.0,1298.0,0.05877803557617933,95.6,1217.4285714285713,2.3,3.28,11.31,4.3,21.19,23.91
194,1996,12,Uttar Pradesh,Aligarh,97.62,162.77,1667.0,1369.0,1293.0,1264.0,1308.6666666666667,0.21767713659605548,96.46,1118.625,4.75,6.54,10.04,4.98,26.31,30.47
194,1997,12,Uttar Pradesh,Aligarh,73.17,135.41,1851.0,1667.0,1369.0,1293.0,1443.0,0.11037792441511707,97.62,1335.6029411764705,3.38,3.65,4.56,1.44,13.03,18.23
194,1998,12,Uttar Pradesh,Aligarh,72.09,87.3,1211.0,1851.0,1667.0,1369.0,1629.0,-0.3457590491626148,73.17,1130.3970588235295,2.99,5.46,6.66,4.89,20.0,25.68
194,1999,12,Uttar Pradesh,Aligarh,75.2,130.91,1741.0,1211.0,1851.0,1667.0,1576.3333333333333,0.4376548307184145,72.09,1361.2424242424242,0.93,6.63,4.55,4.56,16.669999999999998,18.34
194,2000,12,Uttar Pradesh,Aligarh,83.0,137.69,1659.0,1741.0,1211.0,1851.0,1601.0,-0.047099368179207346,75.2,1263.7462686567164,4.73,5.78,6.9,0.81,18.22,21.28
194,2001,12,Uttar Pradesh,Aligarh,82.75,106.73,1290.0,1659.0,1741.0,1211.0,1537.0,-0.22242314647377937,83.0,1174.7910447761194,3.41,8.3,2.23,0.92,14.86,17.150000000000002
194,2002,12,Uttar Pradesh,Aligarh,75.68,116.69,1542.0,1290.0,1659.0,1741.0,1563.3333333333333,0.1953488372093024,82.75,1196.323076923077,1.17,0.31,6.88,6.31,14.669999999999998,20.59
194,2003,12,Uttar Pradesh,Aligarh,85.57,133.29,1558.0,1542.0,1290.0,1659.0,1497.0,0.01037613488975353,75.68,1157.3809523809523,2.46,9.99,7.06,6.65,26.16,29.01
194,2004,12,Uttar Pradesh,Aligarh,75.86,142.18,1874.0,1558.0,1542.0,1290.0,1463.3333333333333,0.2028241335044929,85.57,1357.09375,3.33,5.14,7.23,1.83,17.53,22.47
194,2005,12,Uttar Pradesh,Aligarh,81.67,143.24,1754.0,1874.0,1558.0,1542.0,1658.0,-0.06403415154749204,75.86,1305.0819672131147,2.13,8.02,2.93,7.64,20.72,23.29
194,2006,12,Uttar Pradesh,Aligarh,85.97,147.7,1718.0,1754.0,1874.0,1558.0,1728.6666666666667,-0.02052451539338651,81.67,1386.5333333333333,3.05,8.4,2.57,2.53,16.55,19.1
194,2007,12,Uttar Pradesh,Aligarh,89.11,171.18,1921.0,1718.0,1754.0,1874.0,1782.0,0.11816065192083824,85.97,1324.3125,4.37,7.58,5.39,3.45,20.79,25.43
194,2008,12,Uttar Pradesh,Aligarh,86.85,178.99,2061.0,1921.0,1718.0,1754.0,1797.6666666666667,0.07287870900572613,89.11,1478.2131147540983,4.99,9.88,7.8,5.95,28.62,31.16
194,2009,12,Uttar Pradesh,Aligarh,84.08,152.85,1818.0,2061.0,1921.0,1718.0,1900.0,-0.11790393013100442,86.85,1416.9333333333334,1.5,4.94,6.91,5.35,18.700000000000003,23.34
194,2010,12,Uttar Pradesh,Aligarh,91.57,181.12,1978.0,1818.0,2061.0,1921.0,1933.3333333333333,0.08800880088008811,84.08,1360.1186440677966,0.42,9.51,7.64,9.77,27.34,29.78
194,2011,12,Uttar Pradesh,Aligarh,90.7,175.42,1934.0,1978.0,1818.0,2061.0,1952.3333333333333,-0.022244691607684497,91.57,1526.8095238095239,5.76,6.17,8.75,5.58,26.26,28.9
194,2012,12,Uttar Pradesh,Aligarh,91.31,227.82,2495.0,1934.0,1978.0,1818.0,1910.0,0.2900723888314374,90.7,1586.5967741935483,0.42,6.83,10.14,3.87,21.26,23.1
194,2013,12,Uttar Pradesh,Aligarh,86.3,269.6,3124.0,2495.0,1934.0,1978.0,2135.6666666666665,0.2521042084168337,91.31,1458.9322033898304,7.68,10.4,10.86,3.79,32.73,39.85
194,2014,12,Uttar Pradesh,Aligarh,84.04,175.47,2088.0,3124.0,2495.0,1934.0,2517.6666666666665,-0.3316261203585147,86.3,1524.3559322033898,1.0,4.24,4.64,2.43,12.31,17.77
194,2015,12,Uttar Pradesh,Aligarh,89.22,199.76,2239.0,2088.0,3124.0,2495.0,2569.0,0.07231800766283536,84.04,1426.6896551724137,2.09,5.63,5.89,1.17,14.78,20.52
194,2016,12,Uttar Pradesh,Aligarh,88.38,202.91,2296.0,2239.0,2088.0,3124.0,2483.6666666666665,0.025457793657883032,89.22,1464.7166666666667,2.38,11.54,5.35,1.12,20.39,22.25
194,2017,12,Uttar Pradesh,Aligarh,87.17,206.75,2372.0,2296.0,2239.0,2088.0,2207.6666666666665,0.03310104529616731,88.38,1620.1724137931035,4.74,3.8,4.47,3.75,16.759999999999998,19.27
194,2018,12,Uttar Pradesh,Aligarh,81.56,179.18,2197.0,2372.0,2296.0,2239.0,2302.3333333333335,-0.07377740303541314,87.17,1712.9016393442623,1.76,11.46,5.3,5.08,23.6,25.49
194,2019,12,Uttar Pradesh,Aligarh,84.35,196.6,2331.0,2197.0,2372.0,2296.0,2288.3333333333335,0.0609922621756942,81.56,1894.1833333333334,0.28,5.17,6.12,2.93,14.5,19.62
195,1993,12,Uttar Pradesh,Mathura,50.63,54.69,1080.0,1089.0,1183.0,1090.0,1120.6666666666667,-0.008264462809917328,57.28,1126.1132075471698,2.88,6.59,3.36,9.14,21.97,23.46
195,1994,12,Uttar Pradesh,Mathura,51.86,60.21,1161.0,1080.0,1089.0,1183.0,1117.3333333333333,0.07499999999999996,50.63,1007.6603773584906,2.58,11.87,6.01,0.8,21.26,23.11
195,1995,12,Uttar Pradesh,Mathura,52.22,76.76,1470.0,1161.0,1080.0,1089.0,1110.0,0.2661498708010337,51.86,1217.4285714285713,1.6,2.93,11.6,4.85,20.98,23.49
195,1996,12,Uttar Pradesh,Mathura,51.57,72.15,1399.0,1470.0,1161.0,1080.0,1237.0,-0.048299319727891143,52.22,1118.625,3.81,5.76,8.05,4.28,21.9,24.97
195,1997,12,Uttar Pradesh,Mathura,40.06,49.28,1230.0,1399.0,1470.0,1161.0,1343.3333333333333,-0.12080057183702642,51.57,1335.6029411764705,2.19,3.32,3.97,1.62,11.1,16.04
195,1998,12,Uttar Pradesh,Mathura,43.2,37.9,877.0,1230.0,1399.0,1470.0,1366.3333333333333,-0.2869918699186992,40.06,1130.3970588235295,2.78,5.47,5.35,4.96,18.56,21.84
195,1999,12,Uttar Pradesh,Mathura,48.15,60.69,1260.0,877.0,1230.0,1399.0,1168.6666666666667,0.4367160775370582,43.2,1361.2424242424242,0.82,4.34,5.2,2.37,12.73,14.11
195,2000,12,Uttar Pradesh,Mathura,62.26,82.18,1320.0,1260.0,877.0,1230.0,1122.3333333333333,0.04761904761904767,48.15,1263.7462686567164,2.79,4.54,3.15,0.88,11.36,13.01
195,2001,12,Uttar Pradesh,Mathura,55.25,47.25,855.0,1320.0,1260.0,877.0,1152.3333333333333,-0.3522727272727273,62.26,1174.7910447761194,1.95,4.82,2.15,0.99,9.91,11.85
195,2002,12,Uttar Pradesh,Mathura,42.93,44.88,1045.0,855.0,1320.0,1260.0,1145.0,0.22222222222222232,55.25,1196.323076923077,0.71,0.23,4.05,4.77,9.76,14.08
195,2003,12,Uttar Pradesh,Mathura,49.63,60.82,1225.0,1045.0,855.0,1320.0,1073.3333333333333,0.1722488038277512,42.93,1157.3809523809523,2.58,8.25,3.59,3.4,17.82,19.8
195,2004,12,Uttar Pradesh,Mathura,32.25,43.67,1354.0,1225.0,1045.0,855.0,1041.6666666666667,0.10530612244897952,49.63,1357.09375,1.59,3.29,7.49,1.94,14.31,18.28
195,2005,12,Uttar Pradesh,Mathura,43.09,58.6,1360.0,1354.0,1225.0,1045.0,1208.0,0.004431314623338345,32.25,1305.0819672131147,1.37,7.85,1.76,3.41,14.39,15.89
195,2006,12,Uttar Pradesh,Mathura,40.84,38.84,951.0,1360.0,1354.0,1225.0,1313.0,-0.3007352941176471,43.09,1386.5333333333333,3.16,6.46,1.88,1.59,13.09,14.93
195,2007,12,Uttar Pradesh,Mathura,42.8,58.72,1372.0,951.0,1360.0,1354.0,1221.6666666666667,0.4426919032597265,40.84,1324.3125,3.39,4.01,4.73,1.62,13.75,17.41
195,2008,12,Uttar Pradesh,Mathura,41.67,57.28,1375.0,1372.0,951.0,1360.0,1227.6666666666667,0.0021865889212828726,42.8,1478.2131147540983,3.31,6.73,5.5,3.68,19.22,21.63
195,2009,12,Uttar Pradesh,Mathura,40.78,42.94,1053.0,1375.0,1372.0,951.0,1232.6666666666667,-0.23418181818181816,41.67,1416.9333333333334,1.16,3.61,3.62,3.7,12.09,16.68
195,2010,12,Uttar Pradesh,Mathura,41.63,51.04,1226.0,1053.0,1375.0,1372.0,1266.6666666666667,0.16429249762583087,40.78,1360.1186440677966,0.61,4.97,5.72,5.4,16.700000000000003,19.2
195,2011,12,Uttar Pradesh,Mathura,41.23,56.17,1362.0,1226.0,1053.0,1375.0,1218.0,0.11092985318107673,41.63,1526.8095238095239,4.11,3.81,6.96,4.27,19.15,21.13
195,2012,12,Uttar Pradesh,Mathura,38.87,52.43,1349.0,1362.0,1226.0,1053.0,1213.6666666666667,-0.009544787077826689,41.23,1586.5967741935483,0.28,6.94,11.24,3.46,21.92,23.44
195,2013,12,Uttar Pradesh,Mathura,43.28,66.65,1540.0,1349.0,1362.0,1226.0,1312.3333333333333,0.14158636026686433,38.87,1458.9322033898304,5.48,7.36,11.34,3.52,27.7,34.44
195,2014,12,Uttar Pradesh,Mathura,39.39,51.44,1306.0,1540.0,1349.0,1362.0,1417.0,-0.15194805194805194,43.28,1524.3559322033898,0.72,3.54,6.39,1.49,12.14,17.31
195,2015,12,Uttar Pradesh,Mathura,43.47,63.67,1465.0,1306.0,1540.0,1349.0,1398.3333333333333,0.1217457886676876,39.39,1426.6896551724137,1.62,4.12,5.54,1.4,12.68,19.0
195,2016,12,Uttar Pradesh,Mathura,42.31,59.44,1405.0,1465.0,1306.0,1540.0,1437.0,-0.04095563139931746,43.47,1464.7166666666667,2.55,13.5,5.98,1.21,23.24,24.92
195,2017,12,Uttar Pradesh,Mathura,37.59,64.58,1718.0,1405.0,1465.0,1306.0,1392.0,0.22277580071174374,42.31,1620.1724137931035,3.74,3.36,4.01,3.32,14.43,16.64
195,2018,12,Uttar Pradesh,Mathura,41.66,82.4,1978.0,1718.0,1405.0,1465.0,1529.3333333333333,0.15133876600698493,37.59,1712.9016393442623,2.21,12.02,5.99,4.12,24.34,26.55
195,2019,12,Uttar Pradesh,Mathura,41.02,93.97,2291.0,1978.0,1718.0,1405.0,1700.3333333333333,0.15824064711830133,41.66,1894.1833333333334,0.32,4.83,7.27,4.49,16.91,20.62
196,1993,12,Uttar Pradesh,Agra,73.25,81.03,1106.0,1233.0,1086.0,1033.0,1117.3333333333333,-0.10300081103000813,75.27,1126.1132075471698,2.27,4.1,3.21,10.47,20.05,21.36
196,1994,12,Uttar Pradesh,Agra,77.95,93.29,1197.0,1106.0,1233.0,1086.0,1141.6666666666667,0.08227848101265822,73.25,1007.6603773584906,3.57,10.75,6.3,0.81,21.43,23.04
196,1995,12,Uttar Pradesh,Agra,82.82,99.47,1201.0,1197.0,1106.0,1233.0,1178.6666666666667,0.003341687552213868,77.95,1217.4285714285713,2.51,4.59,11.03,5.77,23.9,25.65
196,1996,12,Uttar Pradesh,Agra,87.39,112.09,1283.0,1201.0,1197.0,1106.0,1168.0,0.06827643630308078,82.82,1118.625,3.17,8.05,7.82,4.63,23.67,27.68
196,1997,12,Uttar Pradesh,Agra,99.9,147.99,1481.0,1283.0,1201.0,1197.0,1227.0,0.15432579890880738,87.39,1335.6029411764705,1.92,3.53,4.54,2.31,12.3,18.15
196,1998,12,Uttar Pradesh,Agra,98.53,146.55,1487.0,1481.0,1283.0,1201.0,1321.6666666666667,0.004051316677920358,99.9,1130.3970588235295,2.29,7.24,5.92,4.29,19.74,22.68
196,1999,12,Uttar Pradesh,Agra,101.13,171.62,1697.0,1487.0,1481.0,1283.0,1417.0,0.14122394082044387,98.53,1361.2424242424242,0.54,6.19,6.29,3.5,16.52,17.69
196,2000,12,Uttar Pradesh,Agra,103.22,145.1,1406.0,1697.0,1487.0,1481.0,1555.0,-0.17147908073070128,101.13,1263.7462686567164,1.98,4.78,3.57,0.82,11.15,12.39
196,2001,12,Uttar Pradesh,Agra,107.56,120.86,1124.0,1406.0,1697.0,1487.0,1530.0,-0.20056899004267426,103.22,1174.7910447761194,2.96,6.36,3.66,0.76,13.74,15.95
196,2002,12,Uttar Pradesh,Agra,97.18,154.78,1593.0,1124.0,1406.0,1697.0,1409.0,0.41725978647686834,107.56,1196.323076923077,0.86,0.37,5.45,5.05,11.73,15.34
196,2003,12,Uttar Pradesh,Agra,105.63,150.14,1421.0,1593.0,1124.0,1406.0,1374.3333333333333,-0.10797237915881985,97.18,1157.3809523809523,1.63,5.46,4.23,4.73,16.05,18.19
196,2004,12,Uttar Pradesh,Agra,106.43,205.7,1933.0,1421.0,1593.0,1124.0,1379.3333333333333,0.3603096410978184,105.63,1357.09375,1.57,4.45,7.1,2.7,15.82,18.98
196,2005,12,Uttar Pradesh,Agra,107.76,151.63,1407.0,1933.0,1421.0,1593.0,1649.0,-0.272115882048629,106.43,1305.0819672131147,1.56,8.78,1.63,3.29,15.259999999999998,16.84
196,2006,12,Uttar Pradesh,Agra,107.58,149.25,1387.0,1407.0,1933.0,1421.0,1587.0,-0.014214641080312673,107.76,1386.5333333333333,4.23,6.06,2.07,1.31,13.67,15.38
196,2007,12,Uttar Pradesh,Agra,109.58,136.7,1247.0,1387.0,1407.0,1933.0,1575.6666666666667,-0.10093727469358327,107.58,1324.3125,3.08,4.32,4.19,1.79,13.38,16.37
196,2008,12,Uttar Pradesh,Agra,107.73,169.17,1570.0,1247.0,1387.0,1407.0,1347.0,0.25902165196471527,109.58,1478.2131147540983,4.96,8.25,6.3,4.21,23.72,25.02
196,2009,12,Uttar Pradesh,Agra,109.98,173.61,1579.0,1570.0,1247.0,1387.0,1401.3333333333333,0.005732484076433231,107.73,1416.9333333333334,0.88,3.49,3.34,4.56,12.27,17.939999999999998
196,2010,12,Uttar Pradesh,Agra,115.74,204.66,1768.0,1579.0,1570.0,1247.0,1465.3333333333333,0.11969601013299558,109.98,1360.1186440677966,1.35,4.62,5.2,6.46,17.630000000000003,20.23
196,2011,12,Uttar Pradesh,Agra,115.69,242.04,2092.0,1768.0,1579.0,1570.0,1639.0,0.18325791855203621,115.74,1526.8095238095239,4.96,5.85,7.15,3.94,21.9,23.53
196,2012,12,Uttar Pradesh,Agra,115.95,248.95,2147.0,2092.0,1768.0,1579.0,1813.0,0.026290630975143392,115.69,1586.5967741935483,0.54,7.92,10.67,4.1,23.230000000000004,24.82
196,2013,12,Uttar Pradesh,Agra,118.29,284.15,2402.0,2147.0,2092.0,1768.0,2002.3333333333333,0.11877037727061013,115.95,1458.9322033898304,6.2,6.92,11.41,3.07,27.6,34.54
196,2014,12,Uttar Pradesh,Agra,118.15,246.74,2088.0,2402.0,2147.0,2092.0,2213.6666666666665,-0.13072439633638633,118.29,1524.3559322033898,0.75,4.88,5.87,2.36,13.86,19.35
196,2015,12,Uttar Pradesh,Agra,129.35,245.95,1901.0,2088.0,2402.0,2147.0,2212.3333333333335,-0.08955938697318011,118.15,1426.6896551724137,1.5,4.43,5.01,1.68,12.62,19.17
196,2016,12,Uttar Pradesh,Agra,115.54,282.94,2449.0,1901.0,2088.0,2402.0,2130.3333333333335,0.2882693319305629,129.35,1464.7166666666667,1.84,13.72,6.96,0.97,23.49,24.99
196,2017,12,Uttar Pradesh,Agra,122.63,291.93,2381.0,2449.0,1901.0,2088.0,2146.0,-0.027766435279706014,115.54,1620.1724137931035,2.49,3.56,4.65,2.02,12.72,14.79
196,2018,12,Uttar Pradesh,Agra,113.88,259.86,2282.0,2381.0,2449.0,1901.0,2243.6666666666665,-0.04157916841663167,122.63,1712.9016393442623,2.82,10.23,7.93,4.57,25.55,27.96
196,2019,12,Uttar Pradesh,Agra,118.49,293.96,2481.0,2282.0,2381.0,2449.0,2370.6666666666665,0.08720420683610874,113.88,1894.1833333333334,0.64,5.56,7.66,6.01,19.87,22.83
197,1993,12,Uttar Pradesh,Mainpuri,15.76,22.72,1442.0,1412.0,1206.0,1049.0,1222.3333333333333,0.021246458923512845,15.99,1126.1132075471698,2.82,3.71,2.8,8.99,18.32,19.99
197,1994,12,Uttar Pradesh,Mainpuri,16.45,18.12,1102.0,1442.0,1412.0,1206.0,1353.3333333333333,-0.23578363384188628,15.76,1007.6603773584906,3.26,10.46,6.96,0.78,21.46,23.33
197,1995,12,Uttar Pradesh,Mainpuri,16.07,16.84,1048.0,1102.0,1442.0,1412.0,1318.6666666666667,-0.0490018148820327,16.45,1217.4285714285713,3.35,4.48,9.94,5.38,23.15,24.76
197,1996,12,Uttar Pradesh,Mainpuri,16.64,10.71,644.0,1048.0,1102.0,1442.0,1197.3333333333333,-0.3854961832061069,16.07,1118.625,3.04,7.74,8.21,4.83,23.82,28.790000000000003
197,1997,12,Uttar Pradesh,Mainpuri,14.97,26.84,1793.0,644.0,1048.0,1102.0,931.3333333333334,1.7841614906832297,16.64,1335.6029411764705,2.05,4.1,4.49,2.99,13.63,19.67
197,1998,12,Uttar Pradesh,Mainpuri,15.15,18.6,1228.0,1793.0,644.0,1048.0,1161.6666666666667,-0.31511433351924145,14.97,1130.3970588235295,2.26,8.03,6.42,3.69,20.4,23.95
197,1999,12,Uttar Pradesh,Mainpuri,15.95,24.21,1518.0,1228.0,1793.0,644.0,1221.6666666666667,0.23615635179153105,15.15,1361.2424242424242,0.59,6.65,5.48,5.1,17.82,19.18
197,2000,12,Uttar Pradesh,Mainpuri,17.09,26.85,1571.0,1518.0,1228.0,1793.0,1513.0,0.03491436100131762,15.95,1263.7462686567164,3.0,5.19,6.5,1.03,15.72,17.6
197,2001,12,Uttar Pradesh,Mainpuri,13.31,19.23,1445.0,1571.0,1518.0,1228.0,1439.0,-0.0802036919159771,17.09,1174.7910447761194,3.66,7.17,4.18,0.69,15.7,18.7
197,2002,12,Uttar Pradesh,Mainpuri,21.27,26.7,1255.0,1445.0,1571.0,1518.0,1511.3333333333333,-0.13148788927335642,13.31,1196.323076923077,1.21,1.13,5.81,6.02,14.169999999999998,17.93
197,2003,12,Uttar Pradesh,Mainpuri,11.02,10.56,958.0,1255.0,1445.0,1571.0,1423.6666666666667,-0.2366533864541832,21.27,1157.3809523809523,1.6,5.63,5.81,6.79,19.83,22.66
197,2004,12,Uttar Pradesh,Mainpuri,12.44,23.45,1885.0,958.0,1255.0,1445.0,1219.3333333333333,0.9676409185803758,11.02,1357.09375,3.15,5.0,6.27,3.11,17.53,20.94
197,2005,12,Uttar Pradesh,Mainpuri,13.86,23.97,1729.0,1885.0,958.0,1255.0,1366.0,-0.08275862068965523,12.44,1305.0819672131147,2.06,8.68,2.04,5.12,17.900000000000002,19.96
197,2006,12,Uttar Pradesh,Mainpuri,17.89,34.87,1949.0,1729.0,1885.0,958.0,1524.0,0.12724117987275885,13.86,1386.5333333333333,4.57,7.38,2.59,1.64,16.18,18.47
197,2007,12,Uttar Pradesh,Mainpuri,15.16,26.92,1776.0,1949.0,1729.0,1885.0,1854.3333333333333,-0.08876346844535654,17.89,1324.3125,3.16,5.86,4.71,2.54,16.27,19.94
197,2008,12,Uttar Pradesh,Mainpuri,14.85,28.56,1923.0,1776.0,1949.0,1729.0,1818.0,0.08277027027027017,15.16,1478.2131147540983,5.81,10.5,7.94,5.87,30.12,31.71
197,2009,12,Uttar Pradesh,Mainpuri,18.05,32.32,1791.0,1923.0,1776.0,1949.0,1882.6666666666667,-0.06864274570982842,14.85,1416.9333333333334,0.96,4.05,5.26,6.07,16.34,21.97
197,2010,12,Uttar Pradesh,Mainpuri,15.73,28.42,1807.0,1791.0,1923.0,1776.0,1830.0,0.008933556672250154,18.05,1360.1186440677966,1.22,5.91,5.8,7.13,20.06,22.67
197,2011,12,Uttar Pradesh,Mainpuri,18.25,42.19,2312.0,1807.0,1791.0,1923.0,1840.3333333333333,0.2794687327061427,15.73,1526.8095238095239,5.53,6.23,7.99,3.79,23.54,25.01
197,2012,12,Uttar Pradesh,Mainpuri,17.87,42.41,2373.0,2312.0,1807.0,1791.0,1970.0,0.02638408304498263,18.25,1586.5967741935483,0.5,6.83,9.32,4.08,20.73,22.46
197,2013,12,Uttar Pradesh,Mainpuri,18.33,41.82,2282.0,2373.0,2312.0,1807.0,2164.0,-0.03834808259587019,17.87,1458.9322033898304,6.53,7.43,9.39,2.85,26.200000000000003,32.56
197,2014,12,Uttar Pradesh,Mainpuri,21.43,51.06,2383.0,2282.0,2373.0,2312.0,2322.3333333333335,0.04425942156003515,18.33,1524.3559322033898,0.73,5.09,4.2,3.09,13.11,18.12
197,2015,12,Uttar Pradesh,Mainpuri,17.97,45.12,2511.0,2383.0,2282.0,2373.0,2346.0,0.053713806126731045,21.43,1426.6896551724137,2.67,5.6,4.19,2.64,15.1,21.1
197,2016,12,Uttar Pradesh,Mainpuri,18.21,48.45,2660.0,2511.0,2383.0,2282.0,2392.0,0.05933890880127435,17.97,1464.7166666666667,2.06,11.35,6.26,1.54,21.21,23.26
197,2017,12,Uttar Pradesh,Mainpuri,18.47,47.38,2565.0,2660.0,2511.0,2383.0,2518.0,-0.0357142857142857,18.21,1620.1724137931035,2.3,5.69,6.22,2.44,16.650000000000002,18.54
197,2018,12,Uttar Pradesh,Mainpuri,18.1,47.38,2617.0,2565.0,2660.0,2511.0,2578.6666666666665,0.020272904483430887,18.47,1712.9016393442623,1.89,12.46,9.29,3.46,27.1,28.57
197,2019,12,Uttar Pradesh,Mainpuri,18.7,56.58,3026.0,2617.0,2565.0,2660.0,2614.0,0.15628582346197928,18.1,1894.1833333333334,1.26,8.2,7.71,5.51,22.68,25.84
198,1993,12,Uttar Pradesh,Etah,73.01,81.06,1110.0,1360.0,1049.0,1204.0,1204.3333333333333,-0.18382352941176472,71.56,1126.1132075471698,3.01,5.59,3.23,9.11,20.94,22.43
198,1994,12,Uttar Pradesh,Etah,68.5,87.15,1272.0,1110.0,1360.0,1049.0,1173.0,0.145945945945946,73.01,1007.6603773584906,2.85,11.75,6.48,0.66,21.74,23.7
198,1995,12,Uttar Pradesh,Etah,71.54,103.37,1445.0,1272.0,1110.0,1360.0,1247.3333333333333,0.13600628930817615,68.5,1217.4285714285713,2.17,3.2,11.14,4.79,21.3,23.630000000000003
198,1996,12,Uttar Pradesh,Etah,70.11,110.16,1571.0,1445.0,1272.0,1110.0,1275.6666666666667,0.08719723183391004,71.54,1118.625,3.78,6.28,8.4,4.35,22.81,26.42
198,1997,12,Uttar Pradesh,Etah,76.05,125.62,1652.0,1571.0,1445.0,1272.0,1429.3333333333333,0.05155951623169952,70.11,1335.6029411764705,2.43,3.44,3.94,1.67,11.48,16.46
198,1998,12,Uttar Pradesh,Etah,71.24,88.28,1239.0,1652.0,1571.0,1445.0,1556.0,-0.25,76.05,1130.3970588235295,2.64,5.89,5.76,4.52,18.81,22.6
198,1999,12,Uttar Pradesh,Etah,71.09,111.9,1574.0,1239.0,1652.0,1571.0,1487.3333333333333,0.2703793381759483,71.24,1361.2424242424242,0.7,5.28,5.52,3.09,14.59,15.9
198,2000,12,Uttar Pradesh,Etah,70.24,122.47,1744.0,1574.0,1239.0,1652.0,1488.3333333333333,0.10800508259212194,71.09,1263.7462686567164,3.15,4.77,4.24,0.86,13.02,14.91
198,2001,12,Uttar Pradesh,Etah,70.55,104.21,1477.0,1744.0,1574.0,1239.0,1519.0,-0.1530963302752294,70.24,1174.7910447761194,2.29,5.98,2.31,0.94,11.52,13.48
198,2002,12,Uttar Pradesh,Etah,66.42,96.67,1455.0,1477.0,1744.0,1574.0,1598.3333333333333,-0.014895057549085933,70.55,1196.323076923077,0.75,0.31,5.07,5.27,11.4,15.89
198,2003,12,Uttar Pradesh,Etah,77.94,95.25,1222.0,1455.0,1477.0,1744.0,1558.6666666666667,-0.16013745704467353,66.42,1157.3809523809523,2.28,7.55,4.38,4.56,18.77,20.94
198,2004,12,Uttar Pradesh,Etah,61.04,100.04,1639.0,1222.0,1455.0,1477.0,1384.6666666666667,0.34124386252045835,77.94,1357.09375,2.05,4.1,7.03,2.24,15.42,19.34
198,2005,12,Uttar Pradesh,Etah,82.2,135.68,1651.0,1639.0,1222.0,1455.0,1438.6666666666667,0.007321537522879895,61.04,1305.0819672131147,1.48,8.21,1.97,4.23,15.890000000000002,17.560000000000002
198,2006,12,Uttar Pradesh,Etah,78.18,141.49,1810.0,1651.0,1639.0,1222.0,1504.0,0.09630526953361596,82.2,1386.5333333333333,3.32,6.95,1.97,1.62,13.86,15.8
198,2007,12,Uttar Pradesh,Etah,81.88,158.49,1936.0,1810.0,1651.0,1639.0,1700.0,0.0696132596685084,78.18,1324.3125,3.53,4.9,4.63,1.99,15.05,18.71
198,2008,12,Uttar Pradesh,Etah,38.05,69.55,1828.0,1936.0,1810.0,1651.0,1799.0,-0.05578512396694213,81.88,1478.2131147540983,3.91,8.04,6.13,4.27,22.35,24.37
198,2009,12,Uttar Pradesh,Etah,37.01,75.05,2028.0,1828.0,1936.0,1810.0,1858.0,0.10940919037199115,38.05,1416.9333333333334,1.18,3.85,4.27,4.25,13.55,18.5
198,2010,12,Uttar Pradesh,Etah,44.17,85.37,1933.0,2028.0,1828.0,1936.0,1930.6666666666667,-0.04684418145956604,37.01,1360.1186440677966,0.66,5.68,5.44,6.34,18.12,20.56
198,2011,12,Uttar Pradesh,Etah,46.02,118.5,2575.0,1933.0,2028.0,1828.0,1929.6666666666667,0.3321262286601139,44.17,1526.8095238095239,4.77,4.54,7.53,4.2,21.04,23.03
198,2012,12,Uttar Pradesh,Etah,48.68,136.49,2804.0,2575.0,1933.0,2028.0,2178.6666666666665,0.08893203883495149,46.02,1586.5967741935483,0.33,7.31,10.62,3.74,22.0,23.63
198,2013,12,Uttar Pradesh,Etah,42.92,127.99,2982.0,2804.0,2575.0,1933.0,2437.3333333333335,0.06348074179743235,48.68,1458.9322033898304,6.2,7.87,11.22,3.59,28.88,35.82
198,2014,12,Uttar Pradesh,Etah,47.46,148.17,3122.0,2982.0,2804.0,2575.0,2787.0,0.04694835680751175,42.92,1524.3559322033898,0.72,3.83,5.8,1.78,12.13,17.33
198,2015,12,Uttar Pradesh,Etah,57.32,148.68,2594.0,3122.0,2982.0,2804.0,2969.3333333333335,-0.16912235746316462,47.46,1426.6896551724137,2.56,4.82,5.64,1.98,15.0,21.28
198,2016,12,Uttar Pradesh,Etah,46.09,105.81,2296.0,2594.0,3122.0,2982.0,2899.3333333333335,-0.11488049344641482,57.32,1464.7166666666667,2.5,13.08,6.12,1.6,23.3,25.22
198,2017,12,Uttar Pradesh,Etah,49.03,119.64,2440.0,2296.0,2594.0,3122.0,2670.6666666666665,0.06271777003484313,46.09,1620.1724137931035,3.4,4.35,4.5,3.64,15.89,18.0
198,2018,12,Uttar Pradesh,Etah,45.29,116.98,2583.0,2440.0,2296.0,2594.0,2443.3333333333335,0.05860655737704912,49.03,1712.9016393442623,2.0,12.34,7.5,3.88,25.72,27.72
198,2019,12,Uttar Pradesh,Etah,45.88,126.57,2759.0,2583.0,2440.0,2296.0,2439.6666666666665,0.06813782423538517,45.29,1894.1833333333334,0.54,6.17,7.04,4.45,18.2,21.85
199,1993,12,Uttar Pradesh,Bareilly,14.81,15.17,1024.0,977.0,940.0,643.0,853.3333333333334,0.048106448311156624,15.97,1126.1132075471698,6.07,5.81,3.46,4.63,19.97,22.11
199,1994,12,Uttar Pradesh,Bareilly,11.12,10.98,987.0,1024.0,977.0,940.0,980.3333333333334,-0.0361328125,14.81,1007.6603773584906,2.46,11.89,12.56,0.64,27.550000000000004,30.52
199,1995,12,Uttar Pradesh,Bareilly,11.8,15.88,1346.0,987.0,1024.0,977.0,996.0,0.36372847011144893,11.12,1217.4285714285713,3.21,4.3,11.73,3.87,23.110000000000003,25.96
199,1996,12,Uttar Pradesh,Bareilly,10.6,16.84,1589.0,1346.0,987.0,1024.0,1119.0,0.18053491827637447,11.8,1118.625,5.46,7.85,12.11,6.83,32.25,37.79
199,1997,12,Uttar Pradesh,Bareilly,13.34,14.72,1103.0,1589.0,1346.0,987.0,1307.3333333333333,-0.3058527375707992,10.6,1335.6029411764705,4.86,5.24,5.6,1.3,17.0,22.83
199,1998,12,Uttar Pradesh,Bareilly,9.5,5.87,618.0,1103.0,1589.0,1346.0,1346.0,-0.43970988213961926,13.34,1130.3970588235295,2.28,7.33,8.74,4.3,22.65,30.98
199,1999,12,Uttar Pradesh,Bareilly,9.47,9.31,983.0,618.0,1103.0,1589.0,1103.3333333333333,0.5906148867313916,9.5,1361.2424242424242,1.11,10.12,4.13,7.1,22.46,24.56
199,2000,12,Uttar Pradesh,Bareilly,7.78,11.2,1440.0,983.0,618.0,1103.0,901.3333333333334,0.46490335707019326,9.47,1263.7462686567164,7.23,7.78,11.86,1.02,27.89,32.27
199,2001,12,Uttar Pradesh,Bareilly,6.56,6.59,1005.0,1440.0,983.0,618.0,1013.6666666666666,-0.30208333333333337,7.78,1174.7910447761194,5.6,13.68,2.89,0.78,22.950000000000003,25.74
199,2002,12,Uttar Pradesh,Bareilly,10.23,11.01,1076.0,1005.0,1440.0,983.0,1142.6666666666667,0.07064676616915433,6.56,1196.323076923077,1.93,0.53,10.82,8.1,21.380000000000003,28.61
199,2003,12,Uttar Pradesh,Bareilly,11.63,13.44,1156.0,1076.0,1005.0,1440.0,1173.6666666666667,0.07434944237918217,10.23,1157.3809523809523,2.04,11.96,11.98,11.33,37.31,41.41
199,2004,12,Uttar Pradesh,Bareilly,6.58,7.91,1202.0,1156.0,1076.0,1005.0,1079.0,0.03979238754325265,11.63,1357.09375,6.09,8.86,7.88,2.02,24.85,30.72
199,2005,12,Uttar Pradesh,Bareilly,9.41,8.97,953.0,1202.0,1156.0,1076.0,1144.6666666666667,-0.20715474209650586,6.58,1305.0819672131147,3.57,9.89,4.47,13.02,30.95,34.94
199,2006,12,Uttar Pradesh,Bareilly,9.81,12.84,1309.0,953.0,1202.0,1156.0,1103.6666666666667,0.3735571878279118,9.41,1386.5333333333333,3.5,11.87,3.89,3.62,22.88,26.59
199,2007,12,Uttar Pradesh,Bareilly,11.19,12.77,1141.0,1309.0,953.0,1202.0,1154.6666666666667,-0.12834224598930477,9.81,1324.3125,5.3,13.55,6.99,6.04,31.880000000000003,37.81
199,2008,12,Uttar Pradesh,Bareilly,8.54,10.7,1253.0,1141.0,1309.0,953.0,1134.3333333333333,0.09815950920245409,11.19,1478.2131147540983,8.41,15.09,10.76,9.21,43.47,45.97
199,2009,12,Uttar Pradesh,Bareilly,10.18,14.2,1395.0,1253.0,1141.0,1309.0,1234.3333333333333,0.11332801276935345,8.54,1416.9333333333334,2.26,7.31,11.63,7.1,28.300000000000004,33.38
199,2010,12,Uttar Pradesh,Bareilly,10.08,12.97,1287.0,1395.0,1253.0,1141.0,1263.0,-0.07741935483870965,10.18,1360.1186440677966,0.31,16.47,10.69,15.78,43.25,46.02
199,2011,12,Uttar Pradesh,Bareilly,8.23,12.38,1504.0,1287.0,1395.0,1253.0,1311.6666666666667,0.16860916860916864,10.08,1526.8095238095239,9.22,10.31,12.48,7.72,39.73,43.57
199,2012,12,Uttar Pradesh,Bareilly,8.37,12.01,1435.0,1504.0,1287.0,1395.0,1395.3333333333333,-0.0458776595744681,8.23,1586.5967741935483,0.69,7.97,10.36,5.54,24.56,26.89
199,2013,12,Uttar Pradesh,Bareilly,7.46,9.28,1244.0,1435.0,1504.0,1287.0,1408.6666666666667,-0.1331010452961673,8.37,1458.9322033898304,12.21,15.3,11.22,4.13,42.86000000000001,50.45
199,2014,12,Uttar Pradesh,Bareilly,7.98,8.61,1079.0,1244.0,1435.0,1504.0,1394.3333333333333,-0.132636655948553,7.46,1524.3559322033898,1.35,7.44,3.56,3.73,16.080000000000002,22.45
199,2015,12,Uttar Pradesh,Bareilly,8.6,18.04,2098.0,1079.0,1244.0,1435.0,1252.6666666666667,0.9443929564411493,7.98,1426.6896551724137,8.69,9.44,8.57,3.95,30.65,37.74
199,2016,12,Uttar Pradesh,Bareilly,6.69,9.84,1470.0,2098.0,1079.0,1244.0,1473.6666666666667,-0.29933269780743565,8.6,1464.7166666666667,3.67,15.31,7.75,3.98,30.71,34.74
199,2017,12,Uttar Pradesh,Bareilly,7.21,11.59,1608.0,1470.0,2098.0,1079.0,1549.0,0.09387755102040818,6.69,1620.1724137931035,2.89,11.37,6.66,7.21,28.130000000000003,30.63
199,2018,12,Uttar Pradesh,Bareilly,6.54,10.38,1587.0,1608.0,1470.0,2098.0,1725.3333333333333,-0.013059701492537323,7.21,1712.9016393442623,2.23,13.65,17.75,5.22,38.85,41.12
199,2019,12,Uttar Pradesh,Bareilly,7.83,12.45,1591.0,1587.0,1608.0,1470.0,1555.0,0.002520478890989386,6.54,1894.1833333333334,2.27,11.88,7.04,4.09,25.28,31.06
200,1993,12,Uttar Pradesh,Budaun,115.22,97.16,843.0,1313.0,950.0,1105.0,1122.6666666666667,-0.357958872810358,130.97,1126.1132075471698,5.19,4.69,3.02,5.33,18.23,20.09
200,1994,12,Uttar Pradesh,Budaun,114.97,105.51,918.0,843.0,1313.0,950.0,1035.3333333333333,0.08896797153024916,115.22,1007.6603773584906,2.66,11.35,10.67,0.65,25.33,27.94
200,1995,12,Uttar Pradesh,Budaun,122.01,137.24,1125.0,918.0,843.0,1313.0,1024.6666666666667,0.22549019607843146,114.97,1217.4285714285713,3.51,4.01,10.89,3.74,22.15,24.54
200,1996,12,Uttar Pradesh,Budaun,119.21,129.62,1087.0,1125.0,918.0,843.0,962.0,-0.033777777777777795,122.01,1118.625,4.74,7.41,10.76,5.9,28.81,34.0
200,1997,12,Uttar Pradesh,Budaun,125.24,172.48,1377.0,1087.0,1125.0,918.0,1043.3333333333333,0.266789328426863,119.21,1335.6029411764705,3.99,4.43,4.91,1.58,14.91,20.32
200,1998,12,Uttar Pradesh,Budaun,110.09,113.79,1034.0,1377.0,1087.0,1125.0,1196.3333333333333,-0.24909222948438636,125.24,1130.3970588235295,2.28,6.89,7.71,3.9,20.78,27.7
200,1999,12,Uttar Pradesh,Budaun,113.25,138.22,1220.0,1034.0,1377.0,1087.0,1166.0,0.17988394584139256,110.09,1361.2424242424242,0.73,8.95,4.51,6.5,20.69,22.45
200,2000,12,Uttar Pradesh,Budaun,117.91,209.7,1778.0,1220.0,1034.0,1377.0,1210.3333333333333,0.45737704918032795,113.25,1263.7462686567164,6.13,6.7,10.25,0.83,23.91,27.63
200,2001,12,Uttar Pradesh,Budaun,111.94,124.9,1116.0,1778.0,1220.0,1034.0,1344.0,-0.3723284589426322,117.91,1174.7910447761194,4.66,11.53,2.7,0.73,19.62,22.21
200,2002,12,Uttar Pradesh,Budaun,120.95,153.22,1267.0,1116.0,1778.0,1220.0,1371.3333333333333,0.1353046594982079,111.94,1196.323076923077,1.5,0.58,9.24,7.37,18.69,24.86
200,2003,12,Uttar Pradesh,Budaun,147.3,256.83,1744.0,1267.0,1116.0,1778.0,1387.0,0.37647987371744285,120.95,1157.3809523809523,1.88,9.69,9.99,9.94,31.5,35.0
200,2004,12,Uttar Pradesh,Budaun,117.96,164.25,1392.0,1744.0,1267.0,1116.0,1375.6666666666667,-0.2018348623853211,147.3,1357.09375,5.08,7.46,7.1,2.26,21.9,26.97
200,2005,12,Uttar Pradesh,Budaun,142.93,196.79,1377.0,1392.0,1744.0,1267.0,1467.6666666666667,-0.010775862068965525,117.96,1305.0819672131147,2.97,8.93,3.6,10.76,26.26,29.46
200,2006,12,Uttar Pradesh,Budaun,150.3,216.24,1439.0,1377.0,1392.0,1744.0,1504.3333333333333,0.04502541757443712,142.93,1386.5333333333333,3.45,10.31,3.2,3.0,19.96,23.04
200,2007,12,Uttar Pradesh,Budaun,159.97,238.77,1493.0,1439.0,1377.0,1392.0,1402.6666666666667,0.037526059763724806,150.3,1324.3125,4.63,10.99,5.95,4.96,26.53,31.64
200,2008,12,Uttar Pradesh,Budaun,138.82,208.35,1501.0,1493.0,1439.0,1377.0,1436.3333333333333,0.005358338914936311,159.97,1478.2131147540983,7.12,13.47,9.54,8.17,38.3,40.37
200,2009,12,Uttar Pradesh,Budaun,165.91,314.68,1897.0,1501.0,1493.0,1439.0,1477.6666666666667,0.2638241172551632,138.82,1416.9333333333334,1.9,6.16,9.74,6.53,24.33,29.31
200,2010,12,Uttar Pradesh,Budaun,156.62,280.95,1794.0,1897.0,1501.0,1493.0,1630.3333333333333,-0.054296257248286794,165.91,1360.1186440677966,0.37,12.96,8.56,12.95,34.84,37.36
200,2011,12,Uttar Pradesh,Budaun,101.14,173.14,1712.0,1794.0,1897.0,1501.0,1730.6666666666667,-0.04570791527313267,156.62,1526.8095238095239,7.89,8.5,11.11,6.4,33.9,36.85
200,2012,12,Uttar Pradesh,Budaun,99.76,185.03,1855.0,1712.0,1794.0,1897.0,1801.0,0.08352803738317749,101.14,1586.5967741935483,0.53,7.55,9.74,4.84,22.66,24.77
200,2013,12,Uttar Pradesh,Budaun,109.95,207.14,1884.0,1855.0,1712.0,1794.0,1787.0,0.01563342318059302,99.76,1458.9322033898304,10.16,12.72,10.58,3.89,37.35,44.34
200,2014,12,Uttar Pradesh,Budaun,121.78,206.45,1695.0,1884.0,1855.0,1712.0,1817.0,-0.10031847133757965,109.95,1524.3559322033898,1.01,5.92,3.47,3.38,13.78,19.24
200,2015,12,Uttar Pradesh,Budaun,120.48,201.08,1669.0,1695.0,1884.0,1855.0,1811.3333333333333,-0.015339233038348055,121.78,1426.6896551724137,6.94,8.01,7.56,3.64,26.15,32.54
200,2016,12,Uttar Pradesh,Budaun,93.01,175.94,1892.0,1669.0,1695.0,1884.0,1749.3333333333333,0.13361294188136608,120.48,1464.7166666666667,2.92,14.66,7.49,3.52,28.59,31.71
200,2017,12,Uttar Pradesh,Budaun,93.43,144.24,1544.0,1892.0,1669.0,1695.0,1752.0,-0.18393234672304437,93.01,1620.1724137931035,2.8,8.73,5.85,5.8,23.180000000000003,25.23
200,2018,12,Uttar Pradesh,Budaun,82.3,130.85,1590.0,1544.0,1892.0,1669.0,1701.6666666666667,0.029792746113989743,93.43,1712.9016393442623,1.73,14.06,14.62,4.28,34.69,36.64
200,2019,12,Uttar Pradesh,Budaun,101.98,162.66,1595.0,1590.0,1544.0,1892.0,1675.3333333333333,0.003144654088050425,82.3,1894.1833333333334,1.25,11.52,6.34,3.72,22.83,27.25
201,1993,12,Uttar Pradesh,Moradabad,53.04,47.64,898.0,1202.0,1235.0,761.0,1066.0,-0.2529118136439268,52.6,1126.1132075471698,4.94,9.4,5.59,6.46,26.39,29.32
201,1994,12,Uttar Pradesh,Moradabad,47.75,36.58,766.0,898.0,1202.0,1235.0,1111.6666666666667,-0.14699331848552344,53.04,1007.6603773584906,2.6,13.23,11.26,0.62,27.71,30.78
201,1995,12,Uttar Pradesh,Moradabad,48.44,51.57,1065.0,766.0,898.0,1202.0,955.3333333333334,0.39033942558746726,47.75,1217.4285714285713,2.01,4.08,12.7,5.38,24.17,28.02
201,1996,12,Uttar Pradesh,Moradabad,45.74,48.83,1068.0,1065.0,766.0,898.0,909.6666666666666,0.0028169014084507005,48.44,1118.625,5.77,6.93,12.3,6.04,31.04,36.22
201,1997,12,Uttar Pradesh,Moradabad,39.67,45.26,1141.0,1068.0,1065.0,766.0,966.3333333333334,0.06835205992509352,45.74,1335.6029411764705,4.45,5.52,6.14,2.01,18.12,25.52
201,1998,12,Uttar Pradesh,Moradabad,36.3,37.54,1034.0,1141.0,1068.0,1065.0,1091.3333333333333,-0.09377738825591586,39.67,1130.3970588235295,3.9,6.89,9.4,5.48,25.67,33.3
201,1999,12,Uttar Pradesh,Moradabad,37.28,32.37,868.0,1034.0,1141.0,1068.0,1081.0,-0.160541586073501,36.3,1361.2424242424242,2.39,6.86,3.19,5.26,17.7,20.09
201,2000,12,Uttar Pradesh,Moradabad,36.39,43.82,1204.0,868.0,1034.0,1141.0,1014.3333333333334,0.3870967741935485,37.28,1263.7462686567164,5.7,7.42,7.77,1.61,22.5,26.28
201,2001,12,Uttar Pradesh,Moradabad,34.92,36.34,1041.0,1204.0,868.0,1034.0,1035.3333333333333,-0.13538205980066442,36.39,1174.7910447761194,5.57,9.66,4.47,1.38,21.08,24.95
201,2002,12,Uttar Pradesh,Moradabad,35.92,34.9,972.0,1041.0,1204.0,868.0,1037.6666666666667,-0.06628242074927959,34.92,1196.323076923077,2.03,0.93,7.68,7.15,17.79,25.01
201,2003,12,Uttar Pradesh,Moradabad,43.21,56.16,1300.0,972.0,1041.0,1204.0,1072.3333333333333,0.3374485596707819,35.92,1157.3809523809523,3.45,15.01,9.1,7.09,34.650000000000006,38.8
201,2004,12,Uttar Pradesh,Moradabad,37.61,33.3,885.0,1300.0,972.0,1041.0,1104.3333333333333,-0.3192307692307692,43.21,1357.09375,4.71,6.09,8.94,1.13,20.87,27.41
201,2005,12,Uttar Pradesh,Moradabad,37.3,35.88,962.0,885.0,1300.0,972.0,1052.3333333333333,0.08700564971751423,37.61,1305.0819672131147,2.77,9.15,4.99,10.07,26.98,31.040000000000003
201,2006,12,Uttar Pradesh,Moradabad,36.73,35.99,980.0,962.0,885.0,1300.0,1049.0,0.018711018711018657,37.3,1386.5333333333333,3.6,10.36,4.43,3.67,22.06,26.5
201,2007,12,Uttar Pradesh,Moradabad,36.15,45.78,1266.0,980.0,962.0,885.0,942.3333333333334,0.2918367346938775,36.73,1324.3125,4.69,10.55,8.61,4.58,28.43,34.93
201,2008,12,Uttar Pradesh,Moradabad,34.12,36.5,1070.0,1266.0,980.0,962.0,1069.3333333333333,-0.15481832543443919,36.15,1478.2131147540983,6.73,11.02,10.23,6.93,34.91,39.44
201,2009,12,Uttar Pradesh,Moradabad,40.97,51.41,1255.0,1070.0,1266.0,980.0,1105.3333333333333,0.17289719626168232,34.12,1416.9333333333334,1.73,6.56,8.79,6.62,23.7,28.6
201,2010,12,Uttar Pradesh,Moradabad,36.31,41.02,1130.0,1255.0,1070.0,1266.0,1197.0,-0.09960159362549803,40.97,1360.1186440677966,0.87,13.84,12.69,13.55,40.95,44.0
201,2011,12,Uttar Pradesh,Moradabad,3.37,4.24,1258.0,1130.0,1255.0,1070.0,1151.6666666666667,0.11327433628318584,36.31,1526.8095238095239,6.18,9.31,10.19,7.81,33.49,37.42
201,2012,12,Uttar Pradesh,Moradabad,3.34,3.49,1045.0,1258.0,1130.0,1255.0,1214.3333333333333,-0.1693163751987281,3.37,1586.5967741935483,0.77,6.86,12.22,4.72,24.57,27.01
201,2013,12,Uttar Pradesh,Moradabad,3.11,4.1,1318.0,1045.0,1258.0,1130.0,1144.3333333333333,0.26124401913875595,3.34,1458.9322033898304,10.51,13.43,11.62,4.04,39.6,47.63
201,2014,12,Uttar Pradesh,Moradabad,4.48,6.21,1386.0,1318.0,1045.0,1258.0,1207.0,0.05159332321699539,3.11,1524.3559322033898,1.57,5.93,5.93,3.0,16.43,23.9
201,2015,12,Uttar Pradesh,Moradabad,3.16,5.82,1842.0,1386.0,1318.0,1045.0,1249.6666666666667,0.32900432900432897,4.48,1426.6896551724137,5.77,9.49,8.42,2.6,26.28,33.27
201,2016,12,Uttar Pradesh,Moradabad,2.94,3.79,1291.0,1842.0,1386.0,1318.0,1515.3333333333333,-0.2991313789359392,3.16,1464.7166666666667,2.89,11.95,5.16,2.4,22.4,25.93
201,2017,12,Uttar Pradesh,Moradabad,2.52,3.8,1508.0,1291.0,1842.0,1386.0,1506.3333333333333,0.16808675445391175,2.94,1620.1724137931035,3.59,7.53,5.55,6.66,23.33,26.0
201,2018,12,Uttar Pradesh,Moradabad,2.61,1.95,746.0,1508.0,1291.0,1842.0,1547.0,-0.5053050397877984,2.52,1712.9016393442623,2.25,11.14,11.18,5.38,29.95,31.65
201,2019,12,Uttar Pradesh,Moradabad,3.67,6.03,1644.0,746.0,1508.0,1291.0,1181.6666666666667,1.2037533512064345,2.61,1894.1833333333334,1.39,8.2,6.29,3.08,18.96,25.23
202,1993,12,Uttar Pradesh,Shahjahanpur,7.08,6.66,941.0,788.0,920.0,313.0,673.6666666666666,0.1941624365482233,9.31,1126.1132075471698,6.39,4.3,2.64,4.39,17.72,20.1
202,1994,12,Uttar Pradesh,Shahjahanpur,6.88,6.79,987.0,941.0,788.0,920.0,883.0,0.0488841657810839,7.08,1007.6603773584906,2.58,10.61,11.48,1.15,25.82,28.59
202,1995,12,Uttar Pradesh,Shahjahanpur,6.36,6.85,1077.0,987.0,941.0,788.0,905.3333333333334,0.09118541033434657,6.88,1217.4285714285713,4.72,4.21,10.29,3.51,22.73,24.76
202,1996,12,Uttar Pradesh,Shahjahanpur,6.22,6.89,1108.0,1077.0,987.0,941.0,1001.6666666666666,0.02878365831012064,6.36,1118.625,4.34,7.49,10.35,6.74,28.92,34.98
202,1997,12,Uttar Pradesh,Shahjahanpur,5.19,7.17,1382.0,1108.0,1077.0,987.0,1057.3333333333333,0.24729241877256314,6.22,1335.6029411764705,4.23,5.13,4.5,2.35,16.21,21.82
202,1998,12,Uttar Pradesh,Shahjahanpur,5.25,3.24,617.0,1382.0,1108.0,1077.0,1189.0,-0.5535455861070911,5.19,1130.3970588235295,1.76,8.57,8.51,2.79,21.63,28.93
202,1999,12,Uttar Pradesh,Shahjahanpur,4.34,4.27,984.0,617.0,1382.0,1108.0,1035.6666666666667,0.5948136142625609,5.25,1361.2424242424242,0.89,9.65,4.26,7.3,22.1,24.19
202,2000,12,Uttar Pradesh,Shahjahanpur,4.62,6.65,1439.0,984.0,617.0,1382.0,994.3333333333334,0.46239837398373984,4.34,1263.7462686567164,7.49,7.32,13.32,1.14,29.270000000000003,33.46
202,2001,12,Uttar Pradesh,Shahjahanpur,3.55,1.17,330.0,1439.0,984.0,617.0,1013.3333333333334,-0.7706740792216817,4.62,1174.7910447761194,5.91,12.67,3.74,0.79,23.11,26.36
202,2002,12,Uttar Pradesh,Shahjahanpur,5.17,3.85,745.0,330.0,1439.0,984.0,917.6666666666666,1.2575757575757578,3.55,1196.323076923077,1.98,1.4,9.6,8.03,21.01,26.81
202,2003,12,Uttar Pradesh,Shahjahanpur,6.17,7.23,1172.0,745.0,330.0,1439.0,838.0,0.5731543624161073,5.17,1157.3809523809523,1.69,9.88,11.24,11.79,34.6,38.64
202,2004,12,Uttar Pradesh,Shahjahanpur,4.86,4.38,901.0,1172.0,745.0,330.0,749.0,-0.23122866894197958,6.17,1357.09375,6.93,9.46,6.85,3.24,26.480000000000004,31.86
202,2005,12,Uttar Pradesh,Shahjahanpur,3.66,2.96,809.0,901.0,1172.0,745.0,939.3333333333334,-0.10210876803551605,4.86,1305.0819672131147,3.86,10.61,5.33,12.16,31.96,36.07
202,2006,12,Uttar Pradesh,Shahjahanpur,3.69,4.25,1152.0,809.0,901.0,1172.0,960.6666666666666,0.4239802224969098,3.66,1386.5333333333333,4.9,12.59,4.48,3.33,25.300000000000004,29.35
202,2007,12,Uttar Pradesh,Shahjahanpur,3.2,3.75,1172.0,1152.0,809.0,901.0,954.0,0.01736111111111116,3.69,1324.3125,5.12,14.13,7.47,6.03,32.75,39.16
202,2008,12,Uttar Pradesh,Shahjahanpur,3.31,4.55,1375.0,1172.0,1152.0,809.0,1044.3333333333333,0.17320819112627994,3.2,1478.2131147540983,9.5,16.69,11.33,10.06,47.580000000000005,49.940000000000005
202,2009,12,Uttar Pradesh,Shahjahanpur,5.05,6.8,1347.0,1375.0,1172.0,1152.0,1233.0,-0.02036363636363636,3.31,1416.9333333333334,2.05,7.51,12.14,8.18,29.88,35.65
202,2010,12,Uttar Pradesh,Shahjahanpur,4.91,6.4,1303.0,1347.0,1375.0,1172.0,1298.0,-0.03266518188567191,5.05,1360.1186440677966,0.5,15.75,9.46,14.94,40.65,43.72
202,2011,12,Uttar Pradesh,Shahjahanpur,3.69,4.52,1225.0,1303.0,1347.0,1375.0,1341.6666666666667,-0.059861857252494266,4.91,1526.8095238095239,10.35,10.85,13.93,7.34,42.47,45.8
202,2012,12,Uttar Pradesh,Shahjahanpur,3.58,3.43,958.0,1225.0,1303.0,1347.0,1291.6666666666667,-0.21795918367346934,3.69,1586.5967741935483,0.64,8.83,10.77,6.8,27.040000000000003,29.72
202,2013,12,Uttar Pradesh,Shahjahanpur,3.2,4.01,1253.0,958.0,1225.0,1303.0,1162.0,0.3079331941544885,3.58,1458.9322033898304,12.93,14.97,10.35,4.18,42.43,49.68
202,2014,12,Uttar Pradesh,Shahjahanpur,4.17,6.8,1631.0,1253.0,958.0,1225.0,1145.3333333333333,0.3016759776536313,3.2,1524.3559322033898,1.33,9.21,3.85,4.35,18.74,24.61
202,2015,12,Uttar Pradesh,Shahjahanpur,2.93,4.5,1536.0,1631.0,1253.0,958.0,1280.6666666666667,-0.05824647455548748,4.17,1426.6896551724137,7.87,8.63,7.67,3.3,27.47,34.6
202,2016,12,Uttar Pradesh,Shahjahanpur,3.57,5.06,1418.0,1536.0,1631.0,1253.0,1473.3333333333333,-0.07682291666666663,2.93,1464.7166666666667,2.82,16.25,7.51,3.94,30.52,33.78
202,2017,12,Uttar Pradesh,Shahjahanpur,3.38,5.26,1556.0,1418.0,1536.0,1631.0,1528.3333333333333,0.09732016925246834,3.57,1620.1724137931035,2.63,10.16,8.06,5.39,26.24,28.81
202,2018,12,Uttar Pradesh,Shahjahanpur,3.85,5.71,1485.0,1556.0,1418.0,1536.0,1503.3333333333333,-0.045629820051413916,3.38,1712.9016393442623,2.03,16.7,15.25,3.73,37.71,39.92
202,2019,12,Uttar Pradesh,Shahjahanpur,3.61,6.05,1674.0,1485.0,1556.0,1418.0,1486.3333333333333,0.1272727272727272,3.85,1894.1833333333334,1.99,14.08,6.62,4.85,27.54,32.39
203,1993,12,Uttar Pradesh,Pilibhit,0.06,0.06,1000.0,750.0,1000.0,333.0,694.3333333333334,0.33333333333333326,0.08,1126.1132075471698,7.53,4.89,2.82,3.73,18.97,21.47
203,1994,12,Uttar Pradesh,Pilibhit,0.03,0.03,1000.0,1000.0,750.0,1000.0,916.6666666666666,0.0,0.06,1007.6603773584906,2.34,10.5,13.15,1.19,27.180000000000003,30.23
203,1995,12,Uttar Pradesh,Pilibhit,0.03,0.03,1000.0,1000.0,1000.0,750.0,916.6666666666666,0.0,0.03,1217.4285714285713,4.32,4.5,11.22,3.52,23.56,26.07
203,1996,12,Uttar Pradesh,Pilibhit,0.06,0.06,1000.0,1000.0,1000.0,1000.0,1000.0,0.0,0.03,1118.625,5.05,7.91,11.13,7.98,32.07000000000001,38.23
203,1997,12,Uttar Pradesh,Pilibhit,0.1,0.13,1300.0,1000.0,1000.0,1000.0,1000.0,0.30000000000000004,0.06,1335.6029411764705,5.35,5.62,4.89,1.5,17.36,22.87
203,1998,12,Uttar Pradesh,Pilibhit,0.01,0.01,1000.0,1300.0,1000.0,1000.0,1100.0,-0.23076923076923073,0.1,1130.3970588235295,1.45,8.59,8.77,2.85,21.66,30.08
203,1999,12,Uttar Pradesh,Pilibhit,0.03,0.03,1000.0,1000.0,1300.0,1000.0,1100.0,0.0,0.01,1361.2424242424242,1.14,10.73,4.02,6.66,22.55,24.88
203,2000,12,Uttar Pradesh,Pilibhit,0.04,0.06,1500.0,1000.0,1000.0,1300.0,1100.0,0.5,0.03,1263.7462686567164,8.66,8.31,14.13,1.06,32.160000000000004,37.11
203,2002,12,Uttar Pradesh,Pilibhit,0.02,0.03,1500.0,1500.0,1000.0,1000.0,1166.6666666666667,0.0,0.04,1196.323076923077,2.22,0.91,11.29,8.21,22.630000000000003,29.52
203,2003,12,Uttar Pradesh,Pilibhit,0.02,0.04,2000.0,1500.0,1500.0,1000.0,1333.3333333333333,0.33333333333333326,0.02,1157.3809523809523,1.74,12.47,12.71,12.44,39.36,43.75
203,2004,12,Uttar Pradesh,Pilibhit,0.07,0.12,1714.0,2000.0,1500.0,1500.0,1666.6666666666667,-0.14300000000000002,0.02,1357.09375,7.52,11.52,7.71,2.83,29.58,35.86
203,2005,12,Uttar Pradesh,Pilibhit,0.01,0.01,1000.0,1714.0,2000.0,1500.0,1738.0,-0.41656942823803966,0.07,1305.0819672131147,4.56,12.68,6.49,13.78,37.51,42.48
203,2007,12,Uttar Pradesh,Pilibhit,0.02,0.02,1000.0,1000.0,1714.0,2000.0,1571.3333333333333,0.0,0.01,1324.3125,6.2,17.42,8.4,7.0,39.02,46.42
203,2009,12,Uttar Pradesh,Pilibhit,0.01,0.01,1000.0,1000.0,1000.0,1714.0,1238.0,0.0,0.02,1416.9333333333334,2.47,9.04,13.77,8.47,33.75,39.9
204,1993,12,Uttar Pradesh,Rampur,4.27,3.19,747.0,1424.0,511.0,856.0,930.3333333333334,-0.4754213483146067,4.74,1126.1132075471698,6.39,7.22,4.67,5.19,23.47,26.28
204,1994,12,Uttar Pradesh,Rampur,3.84,4.52,1177.0,747.0,1424.0,511.0,894.0,0.5756358768406962,4.27,1007.6603773584906,2.58,12.76,13.86,0.77,29.97,33.44
204,1995,12,Uttar Pradesh,Rampur,3.93,7.43,1891.0,1177.0,747.0,1424.0,1116.0,0.606627017841971,3.84,1217.4285714285713,2.92,4.93,12.64,4.53,25.020000000000003,28.43
204,1996,12,Uttar Pradesh,Rampur,3.76,3.95,1051.0,1891.0,1177.0,747.0,1271.6666666666667,-0.44420941300899,3.93,1118.625,5.94,8.27,13.54,7.73,35.480000000000004,41.69
204,1997,12,Uttar Pradesh,Rampur,3.44,2.91,846.0,1051.0,1891.0,1177.0,1373.0,-0.1950523311132255,3.76,1335.6029411764705,5.64,7.31,6.44,1.38,20.77,27.63
204,1998,12,Uttar Pradesh,Rampur,3.64,2.54,698.0,846.0,1051.0,1891.0,1262.6666666666667,-0.1749408983451537,3.44,1130.3970588235295,2.27,9.04,9.93,4.41,25.65,34.96
204,1999,12,Uttar Pradesh,Rampur,3.91,2.58,660.0,698.0,846.0,1051.0,865.0,-0.054441260744985676,3.64,1361.2424242424242,1.85,10.14,3.87,6.84,22.7,25.1
204,2000,12,Uttar Pradesh,Rampur,3.94,3.55,901.0,660.0,698.0,846.0,734.6666666666666,0.3651515151515152,3.91,1263.7462686567164,7.54,8.64,12.17,1.74,30.09,34.72
204,2001,12,Uttar Pradesh,Rampur,3.83,5.12,1337.0,901.0,660.0,698.0,753.0,0.48390677025527196,3.94,1174.7910447761194,6.66,15.37,4.22,1.08,27.33,30.79
204,2002,12,Uttar Pradesh,Rampur,3.45,2.73,791.0,1337.0,901.0,660.0,966.0,-0.4083769633507853,3.83,1196.323076923077,2.35,0.89,11.67,8.44,23.35,31.2
204,2003,12,Uttar Pradesh,Rampur,3.48,3.54,1017.0,791.0,1337.0,901.0,1009.6666666666666,0.2857142857142858,3.45,1157.3809523809523,2.43,13.78,13.02,11.71,40.94,45.7
204,2004,12,Uttar Pradesh,Rampur,3.42,3.43,1003.0,1017.0,791.0,1337.0,1048.3333333333333,-0.013765978367748288,3.48,1357.09375,6.98,10.47,8.98,1.99,28.42,35.15
204,2005,12,Uttar Pradesh,Rampur,2.75,2.92,1062.0,1003.0,1017.0,791.0,937.0,0.05882352941176472,3.42,1305.0819672131147,3.89,11.74,5.87,13.79,35.29,40.08
204,2006,12,Uttar Pradesh,Rampur,2.66,3.94,1481.0,1062.0,1003.0,1017.0,1027.3333333333333,0.3945386064030132,2.75,1386.5333333333333,3.97,13.44,5.05,4.0,26.46,31.32
204,2007,12,Uttar Pradesh,Rampur,2.37,4.29,1810.0,1481.0,1062.0,1003.0,1182.0,0.2221471978392977,2.66,1324.3125,5.4,15.97,9.15,6.75,37.27,44.14
204,2008,12,Uttar Pradesh,Rampur,2.03,2.89,1424.0,1810.0,1481.0,1062.0,1451.0,-0.21325966850828726,2.37,1478.2131147540983,9.69,16.45,12.12,9.36,47.62,50.91
204,2009,12,Uttar Pradesh,Rampur,3.0,3.44,1147.0,1424.0,1810.0,1481.0,1571.6666666666667,-0.1945224719101124,2.03,1416.9333333333334,2.5,8.47,12.53,7.66,31.16,36.98
204,2010,12,Uttar Pradesh,Rampur,2.64,1.57,595.0,1147.0,1424.0,1810.0,1460.3333333333333,-0.4812554489973845,3.0,1360.1186440677966,0.69,19.18,13.25,17.76,50.88000000000001,54.18
204,2011,12,Uttar Pradesh,Rampur,2.22,2.37,1068.0,595.0,1147.0,1424.0,1055.3333333333333,0.7949579831932774,2.64,1526.8095238095239,9.76,13.15,13.85,8.79,45.55,50.34
204,2012,12,Uttar Pradesh,Rampur,5.98,2.66,445.0,1068.0,595.0,1147.0,936.6666666666666,-0.5833333333333333,2.22,1586.5967741935483,0.95,8.92,12.27,6.94,29.08,31.86
204,2013,12,Uttar Pradesh,Rampur,2.35,1.41,600.0,445.0,1068.0,595.0,702.6666666666666,0.348314606741573,5.98,1458.9322033898304,14.73,17.38,12.28,4.22,48.61,57.42
204,2014,12,Uttar Pradesh,Rampur,2.03,2.0,985.0,600.0,445.0,1068.0,704.3333333333334,0.6416666666666666,2.35,1524.3559322033898,1.7,10.06,4.91,3.82,20.49,28.61
204,2015,12,Uttar Pradesh,Rampur,1.63,1.78,1092.0,985.0,600.0,445.0,676.6666666666666,0.10862944162436539,2.03,1426.6896551724137,9.14,10.42,8.91,3.47,31.94,40.38
204,2016,12,Uttar Pradesh,Rampur,2.37,2.96,1251.0,1092.0,985.0,600.0,892.3333333333334,0.14560439560439553,1.63,1464.7166666666667,3.94,15.06,6.9,3.76,29.66,34.3
204,2017,12,Uttar Pradesh,Rampur,2.69,2.68,996.0,1251.0,1092.0,985.0,1109.3333333333333,-0.20383693045563545,2.37,1620.1724137931035,3.46,12.03,7.84,8.09,31.42,35.35
204,2018,12,Uttar Pradesh,Rampur,3.29,3.81,1157.0,996.0,1251.0,1092.0,1113.0,0.16164658634538154,2.69,1712.9016393442623,3.45,12.45,16.58,5.43,37.91,40.77
204,2019,12,Uttar Pradesh,Rampur,4.4,7.36,1674.0,1157.0,996.0,1251.0,1134.6666666666667,0.4468452895419188,3.29,1894.1833333333334,3.59,10.35,8.47,4.51,26.92,34.85
205,1993,12,Uttar Pradesh,Bijnor,0.07,0.05,714.0,1444.0,533.0,853.0,943.3333333333334,-0.5055401662049861,0.09,1126.1132075471698,5.05,10.38,8.65,7.6,31.68,36.01
205,1994,12,Uttar Pradesh,Bijnor,0.02,0.03,1500.0,714.0,1444.0,533.0,897.0,1.1008403361344539,0.07,1007.6603773584906,3.33,13.29,13.46,1.0,31.08,34.95
205,1995,12,Uttar Pradesh,Bijnor,0.09,0.17,1889.0,1500.0,714.0,1444.0,1219.3333333333333,0.2593333333333334,0.02,1217.4285714285713,2.13,6.17,12.91,6.06,27.27,31.61
205,1996,12,Uttar Pradesh,Bijnor,0.06,0.06,1000.0,1889.0,1500.0,714.0,1367.6666666666667,-0.47061937533086284,0.09,1118.625,6.13,7.43,14.16,6.57,34.29,41.0
205,1997,12,Uttar Pradesh,Bijnor,0.11,0.1,909.0,1000.0,1889.0,1500.0,1463.0,-0.09099999999999997,0.06,1335.6029411764705,5.23,8.76,7.49,2.41,23.89,33.46
205,1998,12,Uttar Pradesh,Bijnor,0.05,0.04,800.0,909.0,1000.0,1889.0,1266.0,-0.11991199119911988,0.11,1130.3970588235295,3.36,10.43,12.3,5.36,31.45,40.81
205,2000,12,Uttar Pradesh,Bijnor,0.01,0.01,1000.0,800.0,909.0,1000.0,903.0,0.25,0.05,1263.7462686567164,5.14,7.96,7.41,2.67,23.18,27.01
205,2001,12,Uttar Pradesh,Bijnor,0.02,0.02,1000.0,1000.0,800.0,909.0,903.0,0.0,0.01,1174.7910447761194,7.43,12.52,7.48,1.83,29.26,34.25
205,2003,12,Uttar Pradesh,Bijnor,0.01,0.01,1000.0,1000.0,1000.0,800.0,933.3333333333334,0.0,0.02,1157.3809523809523,3.31,13.97,10.35,7.74,35.370000000000005,40.45
205,2009,12,Uttar Pradesh,Bijnor,0.02,0.02,1000.0,1000.0,1000.0,1000.0,1000.0,0.0,0.01,1416.9333333333334,2.17,7.84,9.24,6.84,26.09,32.1
206,1993,12,Uttar Pradesh,Farrukhabad,12.34,9.82,796.0,949.0,1034.0,792.0,925.0,-0.16122233930453111,13.11,1126.1132075471698,3.89,3.95,2.8,7.07,17.71,19.47
206,1994,12,Uttar Pradesh,Farrukhabad,11.79,14.79,1254.0,796.0,949.0,1034.0,926.3333333333334,0.5753768844221105,12.34,1007.6603773584906,2.92,10.86,8.28,0.68,22.74,24.98
206,1995,12,Uttar Pradesh,Farrukhabad,12.08,15.65,1296.0,1254.0,796.0,949.0,999.6666666666666,0.03349282296650724,11.79,1217.4285714285713,3.56,3.89,10.09,4.19,21.73,23.67
206,1996,12,Uttar Pradesh,Farrukhabad,11.22,14.55,1297.0,1296.0,1254.0,796.0,1115.3333333333333,0.0007716049382715529,12.08,1118.625,3.73,7.04,9.21,5.06,25.04,29.97
206,1997,12,Uttar Pradesh,Farrukhabad,6.54,9.44,1443.0,1297.0,1296.0,1254.0,1282.3333333333333,0.11256746337702395,11.22,1335.6029411764705,2.9,4.15,4.32,2.14,13.510000000000002,18.93
206,1998,12,Uttar Pradesh,Farrukhabad,6.23,7.35,1180.0,1443.0,1297.0,1296.0,1345.3333333333333,-0.18225918225918225,6.54,1130.3970588235295,2.24,7.21,6.71,3.49,19.65,24.7
206,1999,12,Uttar Pradesh,Farrukhabad,5.86,7.11,1213.0,1180.0,1443.0,1297.0,1306.6666666666667,0.027966101694915313,6.23,1361.2424242424242,0.57,7.24,5.0,5.39,18.2,19.67
206,2000,12,Uttar Pradesh,Farrukhabad,5.11,6.35,1243.0,1213.0,1180.0,1443.0,1278.6666666666667,0.024732069249793875,5.86,1263.7462686567164,4.5,5.61,8.02,0.9,19.03,21.8
206,2001,12,Uttar Pradesh,Farrukhabad,4.16,4.41,1060.0,1243.0,1213.0,1180.0,1212.0,-0.14722445695897024,5.11,1174.7910447761194,3.71,8.78,3.1,0.74,16.33,18.95
206,2002,12,Uttar Pradesh,Farrukhabad,3.29,3.88,1179.0,1060.0,1243.0,1213.0,1172.0,0.11226415094339615,4.16,1196.323076923077,1.19,0.84,7.05,6.46,15.54,20.32
206,2003,12,Uttar Pradesh,Farrukhabad,4.12,3.7,898.0,1179.0,1060.0,1243.0,1160.6666666666667,-0.23833757421543678,3.29,1157.3809523809523,1.79,7.26,7.29,7.87,24.21,27.21
206,2004,12,Uttar Pradesh,Farrukhabad,4.06,6.8,1675.0,898.0,1179.0,1060.0,1045.6666666666667,0.8652561247216035,4.12,1357.09375,3.93,5.95,6.4,2.69,18.97,23.15
206,2005,12,Uttar Pradesh,Farrukhabad,4.38,4.98,1137.0,1675.0,898.0,1179.0,1250.6666666666667,-0.3211940298507463,4.06,1305.0819672131147,2.32,8.51,2.68,7.44,20.95,23.38
206,2006,12,Uttar Pradesh,Farrukhabad,4.29,5.41,1261.0,1137.0,1675.0,898.0,1236.6666666666667,0.10905892700087949,4.38,1386.5333333333333,3.86,8.62,2.68,2.16,17.32,19.89
206,2007,12,Uttar Pradesh,Farrukhabad,4.39,5.74,1308.0,1261.0,1137.0,1675.0,1357.6666666666667,0.03727200634417138,4.29,1324.3125,3.73,7.91,5.14,3.48,20.26,24.55
206,2008,12,Uttar Pradesh,Farrukhabad,4.3,9.06,2107.0,1308.0,1261.0,1137.0,1235.3333333333333,0.6108562691131498,4.39,1478.2131147540983,5.94,11.5,8.25,6.65,32.34,34.13
206,2009,12,Uttar Pradesh,Farrukhabad,3.64,7.32,2011.0,2107.0,1308.0,1261.0,1558.6666666666667,-0.04556241101091596,4.3,1416.9333333333334,1.37,4.86,7.1,6.0,19.33,24.56
206,2010,12,Uttar Pradesh,Farrukhabad,4.01,5.11,1274.0,2011.0,2107.0,1308.0,1808.6666666666667,-0.3664843361511686,3.64,1360.1186440677966,0.68,8.73,6.48,9.17,25.06,27.54
206,2011,12,Uttar Pradesh,Farrukhabad,3.83,4.57,1193.0,1274.0,2011.0,2107.0,1797.3333333333333,-0.06357927786499218,4.01,1526.8095238095239,6.56,6.52,9.3,4.78,27.16,29.28
206,2012,12,Uttar Pradesh,Farrukhabad,4.01,6.13,1529.0,1193.0,1274.0,2011.0,1492.6666666666667,0.28164291701592625,3.83,1586.5967741935483,0.43,7.16,9.49,4.38,21.46,23.36
206,2013,12,Uttar Pradesh,Farrukhabad,4.34,5.67,1306.0,1529.0,1193.0,1274.0,1332.0,-0.14584695879659904,4.01,1458.9322033898304,7.98,9.55,9.85,3.41,30.790000000000003,37.41
206,2014,12,Uttar Pradesh,Farrukhabad,3.79,5.84,1541.0,1306.0,1529.0,1193.0,1342.6666666666667,0.17993874425727419,4.34,1524.3559322033898,0.75,5.08,3.89,2.9,12.62,17.65
206,2015,12,Uttar Pradesh,Farrukhabad,4.2,6.68,1590.0,1541.0,1306.0,1529.0,1458.6666666666667,0.031797534068786604,3.79,1426.6896551724137,4.37,6.26,5.71,2.83,19.17,25.28
206,2016,12,Uttar Pradesh,Farrukhabad,4.1,8.81,2150.0,1590.0,1541.0,1306.0,1479.0,0.35220125786163514,4.2,1464.7166666666667,2.28,12.7,6.41,2.4,23.79,26.04
206,2017,12,Uttar Pradesh,Farrukhabad,3.9,6.18,1584.0,2150.0,1590.0,1541.0,1760.3333333333333,-0.2632558139534884,4.1,1620.1724137931035,2.62,6.31,5.94,3.87,18.74,20.74
206,2018,12,Uttar Pradesh,Farrukhabad,3.87,8.23,2124.0,1584.0,2150.0,1590.0,1774.6666666666667,0.34090909090909083,3.9,1712.9016393442623,1.64,13.37,10.25,3.37,28.63,30.26
206,2019,12,Uttar Pradesh,Farrukhabad,4.07,10.52,2582.0,2124.0,1584.0,2150.0,1952.6666666666667,0.21563088512241047,3.87,1894.1833333333334,0.94,9.43,6.67,4.21,21.25,24.89
207,1993,12,Uttar Pradesh,Etawah,57.55,79.92,1389.0,1491.0,1124.0,1522.0,1379.0,-0.06841046277665996,59.45,1126.1132075471698,2.31,3.64,2.91,9.98,18.84,20.42
207,1994,12,Uttar Pradesh,Etawah,57.64,61.88,1074.0,1389.0,1491.0,1124.0,1334.6666666666667,-0.2267818574514039,57.55,1007.6603773584906,3.62,9.91,7.05,0.93,21.51,23.12
207,1995,12,Uttar Pradesh,Etawah,59.34,96.57,1627.0,1074.0,1389.0,1491.0,1318.0,0.5148975791433892,57.64,1217.4285714285713,3.11,5.67,10.27,6.64,25.69,27.13
207,1996,12,Uttar Pradesh,Etawah,56.76,77.1,1358.0,1627.0,1074.0,1389.0,1363.3333333333333,-0.16533497234173322,59.34,1118.625,2.89,9.37,7.96,5.06,25.28,30.46
207,1997,12,Uttar Pradesh,Etawah,33.28,57.6,1731.0,1358.0,1627.0,1074.0,1353.0,0.27466863033873334,56.76,1335.6029411764705,1.74,4.06,5.65,3.93,15.38,22.26
207,1998,12,Uttar Pradesh,Etawah,35.07,40.36,1151.0,1731.0,1358.0,1627.0,1572.0,-0.3350664355863663,33.28,1130.3970588235295,2.3,8.71,6.6,4.17,21.78,24.42
207,1999,12,Uttar Pradesh,Etawah,34.54,58.94,1706.0,1151.0,1731.0,1358.0,1413.3333333333333,0.4821894005212859,35.07,1361.2424242424242,0.72,7.2,5.69,5.63,19.24,20.68
207,2000,12,Uttar Pradesh,Etawah,37.07,54.03,1458.0,1706.0,1151.0,1731.0,1529.3333333333333,-0.14536928487690504,34.54,1263.7462686567164,1.96,5.3,5.74,1.05,14.05,15.4
207,2001,12,Uttar Pradesh,Etawah,34.86,45.98,1319.0,1458.0,1706.0,1151.0,1438.3333333333333,-0.09533607681755829,37.07,1174.7910447761194,4.54,7.46,5.68,0.55,18.23,21.8
207,2002,12,Uttar Pradesh,Etawah,35.99,49.23,1368.0,1319.0,1458.0,1706.0,1494.3333333333333,0.0371493555724034,34.86,1196.323076923077,1.49,1.31,5.97,5.9,14.67,17.93
207,2003,12,Uttar Pradesh,Etawah,41.12,36.18,880.0,1368.0,1319.0,1458.0,1381.6666666666667,-0.35672514619883045,35.99,1157.3809523809523,1.29,5.0,5.94,6.98,19.21,22.22
207,2004,12,Uttar Pradesh,Etawah,37.35,75.56,2023.0,880.0,1368.0,1319.0,1189.0,1.2988636363636363,41.12,1357.09375,2.81,4.81,6.62,3.21,17.45,20.44
207,2005,12,Uttar Pradesh,Etawah,38.48,66.11,1718.0,2023.0,880.0,1368.0,1423.6666666666667,-0.1507661888284726,37.35,1305.0819672131147,2.24,9.2,2.0,4.33,17.77,19.92
207,2006,12,Uttar Pradesh,Etawah,39.41,67.66,1717.0,1718.0,2023.0,880.0,1540.3333333333333,-0.0005820721769499437,38.48,1386.5333333333333,5.04,6.65,2.87,1.53,16.090000000000003,18.29
207,2007,12,Uttar Pradesh,Etawah,40.17,69.51,1730.0,1717.0,1718.0,2023.0,1819.3333333333333,0.007571345369831173,39.41,1324.3125,2.95,5.16,4.54,2.39,15.04,18.45
207,2008,12,Uttar Pradesh,Etawah,33.84,73.37,2168.0,1730.0,1717.0,1718.0,1721.6666666666667,0.2531791907514451,40.17,1478.2131147540983,6.7,10.31,8.53,5.79,31.33,32.79
207,2009,12,Uttar Pradesh,Etawah,36.79,73.17,1989.0,2168.0,1730.0,1717.0,1871.6666666666667,-0.08256457564575648,33.84,1416.9333333333334,0.7,3.78,4.42,6.6,15.499999999999998,21.57
207,2010,12,Uttar Pradesh,Etawah,38.09,79.38,2084.0,1989.0,2168.0,1730.0,1962.3333333333333,0.0477626948215184,36.79,1360.1186440677966,1.83,5.04,6.52,7.24,20.630000000000003,23.44
207,2011,12,Uttar Pradesh,Etawah,36.38,73.41,2018.0,2084.0,1989.0,2168.0,2080.3333333333335,-0.03166986564299423,38.09,1526.8095238095239,5.32,7.38,7.29,3.62,23.61,24.7
207,2012,12,Uttar Pradesh,Etawah,35.46,84.64,2387.0,2018.0,2084.0,1989.0,2030.3333333333333,0.18285431119920714,36.38,1586.5967741935483,0.72,6.58,9.06,3.9,20.26,21.85
207,2013,12,Uttar Pradesh,Etawah,35.24,87.42,2481.0,2387.0,2018.0,2084.0,2163.0,0.039379974863845923,35.46,1458.9322033898304,6.05,6.7,9.24,2.24,24.230000000000004,30.41
207,2014,12,Uttar Pradesh,Etawah,37.71,73.96,1961.0,2481.0,2387.0,2018.0,2295.3333333333335,-0.20959290608625558,35.24,1524.3559322033898,0.72,5.76,4.3,3.88,14.66,20.15
207,2015,12,Uttar Pradesh,Etawah,39.34,90.88,2310.0,1961.0,2481.0,2387.0,2276.3333333333335,0.17797042325344203,37.71,1426.6896551724137,2.25,6.21,3.52,3.15,15.13,21.11
207,2016,12,Uttar Pradesh,Etawah,35.81,83.43,2330.0,2310.0,1961.0,2481.0,2250.6666666666665,0.008658008658008587,39.34,1464.7166666666667,2.07,10.11,7.13,1.14,20.45,22.92
207,2017,12,Uttar Pradesh,Etawah,38.48,84.95,2208.0,2330.0,2310.0,1961.0,2200.3333333333335,-0.05236051502145922,35.81,1620.1724137931035,2.1,5.54,5.98,1.96,15.580000000000002,17.3
207,2018,12,Uttar Pradesh,Etawah,37.38,104.2,2788.0,2208.0,2330.0,2310.0,2282.6666666666665,0.2626811594202898,38.48,1712.9016393442623,2.19,12.32,9.48,3.93,27.92,29.3
207,2019,12,Uttar Pradesh,Etawah,35.24,89.09,2528.0,2788.0,2208.0,2330.0,2442.0,-0.09325681492109039,37.38,1894.1833333333334,1.82,7.85,8.63,6.36,24.66,27.62
209,1993,12,Uttar Pradesh,Fatehpur,6.87,11.66,1697.0,1333.0,1208.0,876.0,1139.0,0.2730682670667668,6.27,1126.1132075471698,3.29,3.17,2.48,8.57,17.509999999999998,19.68
209,1994,12,Uttar Pradesh,Fatehpur,8.02,7.09,884.0,1697.0,1333.0,1208.0,1412.6666666666667,-0.47908073070123747,6.87,1007.6603773584906,2.94,10.43,7.81,1.72,22.9,25.11
209,1995,12,Uttar Pradesh,Fatehpur,8.11,7.7,949.0,884.0,1697.0,1333.0,1304.6666666666667,0.07352941176470584,8.02,1217.4285714285713,3.07,4.48,7.72,4.83,20.1,22.12
209,1996,12,Uttar Pradesh,Fatehpur,7.9,5.46,691.0,949.0,884.0,1697.0,1176.6666666666667,-0.2718651211801897,8.11,1118.625,3.89,5.87,8.49,4.31,22.56,28.73
209,1997,12,Uttar Pradesh,Fatehpur,7.9,4.75,601.0,691.0,949.0,884.0,841.3333333333334,-0.13024602026049203,7.9,1335.6029411764705,2.12,7.01,4.63,6.58,20.34,26.51
209,1998,12,Uttar Pradesh,Fatehpur,7.28,5.11,702.0,601.0,691.0,949.0,747.0,0.16805324459234616,7.9,1130.3970588235295,2.09,9.17,9.63,3.62,24.51,26.61
209,1999,12,Uttar Pradesh,Fatehpur,6.99,7.02,1004.0,702.0,601.0,691.0,664.6666666666666,0.4301994301994303,7.28,1361.2424242424242,1.95,8.21,4.85,6.27,21.28,23.51
209,2000,12,Uttar Pradesh,Fatehpur,7.62,6.43,844.0,1004.0,702.0,601.0,769.0,-0.15936254980079678,6.99,1263.7462686567164,3.87,4.92,9.12,2.82,20.73,22.66
209,2001,12,Uttar Pradesh,Fatehpur,7.09,5.46,770.0,844.0,1004.0,702.0,850.0,-0.08767772511848337,7.62,1174.7910447761194,4.73,9.02,5.86,1.5,21.11,26.34
209,2002,12,Uttar Pradesh,Fatehpur,6.78,5.55,819.0,770.0,844.0,1004.0,872.6666666666666,0.06363636363636371,7.09,1196.323076923077,1.89,3.67,6.66,7.39,19.61,23.97
209,2003,12,Uttar Pradesh,Fatehpur,6.82,6.84,1003.0,819.0,770.0,844.0,811.0,0.22466422466422475,6.78,1157.3809523809523,1.95,4.87,7.11,12.1,26.03,29.49
209,2004,12,Uttar Pradesh,Fatehpur,5.05,5.94,1176.0,1003.0,819.0,770.0,864.0,0.17248255234297116,6.82,1357.09375,7.05,4.56,4.97,4.65,21.23,23.87
209,2005,12,Uttar Pradesh,Fatehpur,5.8,8.76,1510.0,1176.0,1003.0,819.0,999.3333333333334,0.2840136054421769,5.05,1305.0819672131147,3.13,10.57,4.79,4.85,23.34,26.39
209,2006,12,Uttar Pradesh,Fatehpur,6.68,7.94,1189.0,1510.0,1176.0,1003.0,1229.6666666666667,-0.21258278145695364,5.8,1386.5333333333333,3.72,10.06,3.42,1.37,18.570000000000004,21.84
209,2007,12,Uttar Pradesh,Fatehpur,8.47,8.11,957.0,1189.0,1510.0,1176.0,1291.6666666666667,-0.19512195121951215,6.68,1324.3125,2.32,6.38,7.31,3.71,19.72,24.39
209,2008,12,Uttar Pradesh,Fatehpur,7.21,7.49,1039.0,957.0,1189.0,1510.0,1218.6666666666667,0.0856844305120168,8.47,1478.2131147540983,8.29,13.1,10.54,5.71,37.64,39.93
209,2009,12,Uttar Pradesh,Fatehpur,8.66,8.09,934.0,1039.0,957.0,1189.0,1061.6666666666667,-0.10105871029836377,7.21,1416.9333333333334,1.07,5.18,5.3,7.73,19.28,24.62
209,2010,12,Uttar Pradesh,Fatehpur,8.62,8.16,947.0,934.0,1039.0,957.0,976.6666666666666,0.013918629550321304,8.66,1360.1186440677966,0.8,6.3,5.32,4.17,16.59,19.28
209,2011,12,Uttar Pradesh,Fatehpur,7.68,8.28,1078.0,947.0,934.0,1039.0,973.3333333333334,0.13833157338965152,8.62,1526.8095238095239,6.67,7.0,9.04,4.65,27.36,28.3
209,2012,12,Uttar Pradesh,Fatehpur,6.99,8.96,1282.0,1078.0,947.0,934.0,986.3333333333334,0.18923933209647492,7.68,1586.5967741935483,0.35,8.02,8.18,6.89,23.44,25.3
209,2013,12,Uttar Pradesh,Fatehpur,6.48,6.21,958.0,1282.0,1078.0,947.0,1102.3333333333333,-0.2527301092043682,6.99,1458.9322033898304,7.95,7.05,7.09,2.13,24.22,32.01
209,2014,12,Uttar Pradesh,Fatehpur,5.16,3.94,764.0,958.0,1282.0,1078.0,1106.0,-0.20250521920668063,6.48,1524.3559322033898,0.92,5.72,2.55,4.16,13.35,19.16
209,2015,12,Uttar Pradesh,Fatehpur,5.47,4.48,819.0,764.0,958.0,1282.0,1001.3333333333334,0.07198952879581144,5.16,1426.6896551724137,2.13,4.81,3.16,1.76,11.86,17.57
209,2016,12,Uttar Pradesh,Fatehpur,8.12,7.79,959.0,819.0,764.0,958.0,847.0,0.170940170940171,5.47,1464.7166666666667,2.85,12.66,8.6,2.81,26.92,29.74
209,2017,12,Uttar Pradesh,Fatehpur,7.4,8.83,1194.0,959.0,819.0,764.0,847.3333333333334,0.2450469238790407,8.12,1620.1724137931035,2.23,10.17,6.63,2.26,21.29,22.6
209,2018,12,Uttar Pradesh,Fatehpur,7.87,8.73,1109.0,1194.0,959.0,819.0,990.6666666666666,-0.0711892797319933,7.4,1712.9016393442623,2.21,12.56,10.88,4.93,30.58,31.8
209,2019,12,Uttar Pradesh,Fatehpur,6.59,12.9,1957.0,1109.0,1194.0,959.0,1087.3333333333333,0.7646528403967539,7.87,1894.1833333333334,1.44,10.63,7.95,10.22,30.24,33.65
210,1993,12,Uttar Pradesh,Allahabad,45.35,64.32,1418.0,1336.0,947.0,1303.0,1195.3333333333333,0.06137724550898205,35.79,1126.1132075471698,3.08,2.12,2.99,9.08,17.270000000000003,19.24
210,1994,12,Uttar Pradesh,Allahabad,51.34,38.49,750.0,1418.0,1336.0,947.0,1233.6666666666667,-0.47108603667136817,45.35,1007.6603773584906,3.33,10.35,8.87,2.59,25.14,27.31
210,1995,12,Uttar Pradesh,Allahabad,53.43,51.2,958.0,750.0,1418.0,1336.0,1168.0,0.27733333333333343,51.34,1217.4285714285713,2.19,4.55,8.18,4.49,19.41,22.34
210,1996,12,Uttar Pradesh,Allahabad,51.7,48.07,930.0,958.0,750.0,1418.0,1042.0,-0.029227557411273475,53.43,1118.625,5.88,5.97,9.02,4.08,24.95,30.15
210,1997,12,Uttar Pradesh,Allahabad,33.28,28.58,859.0,930.0,958.0,750.0,879.3333333333334,-0.07634408602150533,51.7,1335.6029411764705,2.8,8.02,4.93,7.2,22.95,28.43
210,1998,12,Uttar Pradesh,Allahabad,33.75,31.54,935.0,859.0,930.0,958.0,915.6666666666666,0.08847497089639123,33.28,1130.3970588235295,1.74,7.46,11.92,4.53,25.65,27.1
210,1999,12,Uttar Pradesh,Allahabad,27.47,41.09,1496.0,935.0,859.0,930.0,908.0,0.6000000000000001,33.75,1361.2424242424242,3.33,10.55,5.55,4.72,24.15,26.65
210,2000,12,Uttar Pradesh,Allahabad,31.64,18.58,587.0,1496.0,935.0,859.0,1096.6666666666667,-0.607620320855615,27.47,1263.7462686567164,2.94,4.04,6.04,4.08,17.1,18.23
210,2001,12,Uttar Pradesh,Allahabad,34.5,31.8,922.0,587.0,1496.0,935.0,1006.0,0.5706984667802386,31.64,1174.7910447761194,4.85,11.34,6.29,2.3,24.78,29.48
210,2002,12,Uttar Pradesh,Allahabad,33.93,30.21,890.0,922.0,587.0,1496.0,1001.6666666666666,-0.03470715835141003,34.5,1196.323076923077,1.68,3.52,9.16,6.69,21.05,26.2
210,2003,12,Uttar Pradesh,Allahabad,31.06,18.9,608.0,890.0,922.0,587.0,799.6666666666666,-0.31685393258426964,33.93,1157.3809523809523,1.79,4.86,6.66,13.54,26.85,29.51
210,2004,12,Uttar Pradesh,Allahabad,28.71,28.04,977.0,608.0,890.0,922.0,806.6666666666666,0.606907894736842,31.06,1357.09375,6.52,4.2,5.42,4.05,20.19,22.32
210,2005,12,Uttar Pradesh,Allahabad,27.76,31.76,1144.0,977.0,608.0,890.0,825.0,0.17093142272262019,28.71,1305.0819672131147,3.42,11.22,7.24,3.79,25.67,29.0
210,2006,12,Uttar Pradesh,Allahabad,28.24,25.83,915.0,1144.0,977.0,608.0,909.6666666666666,-0.2001748251748252,27.76,1386.5333333333333,1.65,9.45,2.88,1.21,15.19,18.33
210,2007,12,Uttar Pradesh,Allahabad,27.75,30.87,1112.0,915.0,1144.0,977.0,1012.0,0.2153005464480875,28.24,1324.3125,1.65,5.65,8.22,4.78,20.3,24.74
210,2008,12,Uttar Pradesh,Allahabad,27.69,28.39,1025.0,1112.0,915.0,1144.0,1057.0,-0.0782374100719424,27.75,1478.2131147540983,9.81,11.68,9.84,3.03,34.36,36.35
210,2009,12,Uttar Pradesh,Allahabad,27.09,25.39,937.0,1025.0,1112.0,915.0,1017.3333333333334,-0.08585365853658533,27.69,1416.9333333333334,1.06,5.65,2.47,5.92,15.1,19.91
210,2010,12,Uttar Pradesh,Allahabad,28.47,27.6,969.0,937.0,1025.0,1112.0,1024.6666666666667,0.03415154749199578,27.09,1360.1186440677966,0.43,6.38,4.59,3.32,14.72,17.16
210,2011,12,Uttar Pradesh,Allahabad,28.36,26.17,923.0,969.0,937.0,1025.0,977.0,-0.047471620227038214,28.47,1526.8095238095239,8.57,7.69,9.0,7.73,32.99,34.14
210,2012,12,Uttar Pradesh,Allahabad,28.88,26.47,917.0,923.0,969.0,937.0,943.0,-0.00650054171180936,28.36,1586.5967741935483,0.46,12.13,8.68,11.09,32.36,34.19
210,2013,12,Uttar Pradesh,Allahabad,27.07,19.79,731.0,917.0,923.0,969.0,936.3333333333334,-0.20283533260632503,28.88,1458.9322033898304,10.5,7.95,8.75,2.08,29.28,39.32
210,2014,12,Uttar Pradesh,Allahabad,25.67,17.77,692.0,731.0,917.0,923.0,857.0,-0.05335157318741446,27.07,1524.3559322033898,1.18,6.71,4.35,3.96,16.2,23.67
210,2015,12,Uttar Pradesh,Allahabad,28.82,26.02,903.0,692.0,731.0,917.0,780.0,0.3049132947976878,25.67,1426.6896551724137,3.26,7.09,5.42,1.0,16.77,22.24
210,2016,12,Uttar Pradesh,Allahabad,27.34,26.07,953.0,903.0,692.0,731.0,775.3333333333334,0.05537098560354381,28.82,1464.7166666666667,1.61,11.89,11.44,7.69,32.629999999999995,34.8
210,2017,12,Uttar Pradesh,Allahabad,18.17,13.55,746.0,953.0,903.0,692.0,849.3333333333334,-0.21720881427072403,27.34,1620.1724137931035,1.98,15.02,4.95,2.64,24.59,25.46
210,2018,12,Uttar Pradesh,Allahabad,23.92,32.15,1344.0,746.0,953.0,903.0,867.3333333333334,0.8016085790884719,18.17,1712.9016393442623,2.57,8.74,8.66,4.69,24.66,25.87
210,2019,12,Uttar Pradesh,Allahabad,27.04,33.32,1232.0,1344.0,746.0,953.0,1014.3333333333334,-0.08333333333333337,23.92,1894.1833333333334,0.98,9.53,7.62,14.67,32.8,36.37
211,1993,12,Uttar Pradesh,Jhansi,0.06,0.04,667.0,1000.0,750.0,1000.0,916.6666666666666,-0.33299999999999996,0.04,1126.1132075471698,1.89,3.95,3.41,10.46,19.71,20.9
211,1994,12,Uttar Pradesh,Jhansi,0.12,0.06,500.0,667.0,1000.0,750.0,805.6666666666666,-0.2503748125937032,0.06,1007.6603773584906,4.06,8.96,7.66,1.73,22.41,23.57
211,1995,12,Uttar Pradesh,Jhansi,0.01,0.01,1000.0,500.0,667.0,1000.0,722.3333333333334,1.0,0.12,1217.4285714285713,2.19,8.08,11.61,8.06,29.94,31.75
211,1996,12,Uttar Pradesh,Jhansi,0.01,0.01,1000.0,1000.0,500.0,667.0,722.3333333333334,0.0,0.01,1118.625,2.46,12.69,9.29,5.13,29.57,33.64
211,1997,12,Uttar Pradesh,Jhansi,0.01,0.02,2000.0,1000.0,1000.0,500.0,833.3333333333334,1.0,0.01,1335.6029411764705,1.96,3.96,10.25,4.09,20.26,27.8
211,1998,12,Uttar Pradesh,Jhansi,0.01,0.01,1000.0,2000.0,1000.0,1000.0,1333.3333333333333,-0.5,0.01,1130.3970588235295,2.54,8.39,6.29,4.39,21.61,22.97
211,1999,12,Uttar Pradesh,Jhansi,0.14,0.17,1214.0,1000.0,2000.0,1000.0,1333.3333333333333,0.21399999999999997,0.01,1361.2424242424242,1.32,8.59,5.72,6.04,21.67,23.16
211,2000,12,Uttar Pradesh,Jhansi,0.15,0.16,1067.0,1214.0,1000.0,2000.0,1404.6666666666667,-0.12108731466227352,0.14,1263.7462686567164,0.55,4.68,3.2,1.0,9.43,10.03
211,2001,12,Uttar Pradesh,Jhansi,0.1,0.09,900.0,1067.0,1214.0,1000.0,1093.6666666666667,-0.1565135895032802,0.15,1174.7910447761194,5.83,9.81,7.23,0.51,23.380000000000003,27.0
211,2002,12,Uttar Pradesh,Jhansi,0.06,0.06,1000.0,900.0,1067.0,1214.0,1060.3333333333333,0.11111111111111116,0.1,1196.323076923077,1.62,0.82,9.2,3.96,15.599999999999998,17.849999999999998
211,2003,12,Uttar Pradesh,Jhansi,0.04,0.02,500.0,1000.0,900.0,1067.0,989.0,-0.5,0.06,1157.3809523809523,1.3,5.24,6.61,6.83,19.98,22.58
211,2004,12,Uttar Pradesh,Jhansi,0.02,0.02,1000.0,500.0,1000.0,900.0,800.0,1.0,0.04,1357.09375,1.41,5.85,9.28,2.09,18.63,21.24
211,2005,12,Uttar Pradesh,Jhansi,0.04,0.04,1000.0,1000.0,500.0,1000.0,833.3333333333334,0.0,0.02,1305.0819672131147,2.84,11.29,1.86,3.8,19.79,21.58
211,2006,12,Uttar Pradesh,Jhansi,0.1,0.19,1900.0,1000.0,1000.0,500.0,833.3333333333334,0.8999999999999999,0.04,1386.5333333333333,4.14,6.5,5.16,2.42,18.22,20.44
211,2007,12,Uttar Pradesh,Jhansi,0.31,0.16,516.0,1900.0,1000.0,1000.0,1300.0,-0.728421052631579,0.1,1324.3125,2.91,6.02,5.57,3.21,17.71,20.46
211,2008,12,Uttar Pradesh,Jhansi,0.04,0.02,500.0,516.0,1900.0,1000.0,1138.6666666666667,-0.03100775193798455,0.31,1478.2131147540983,9.3,8.17,7.86,5.01,30.34,31.49
211,2009,12,Uttar Pradesh,Jhansi,0.06,0.06,1000.0,500.0,516.0,1900.0,972.0,1.0,0.04,1416.9333333333334,1.43,3.61,3.67,5.15,13.86,19.17
211,2010,12,Uttar Pradesh,Jhansi,0.02,0.02,1000.0,1000.0,500.0,516.0,672.0,0.0,0.06,1360.1186440677966,2.96,6.4,7.74,6.93,24.03,27.52
211,2011,12,Uttar Pradesh,Jhansi,0.01,0.01,1000.0,1000.0,1000.0,500.0,833.3333333333334,0.0,0.02,1526.8095238095239,9.72,11.94,7.51,5.07,34.24,35.18
211,2012,12,Uttar Pradesh,Jhansi,0.04,0.08,2000.0,1000.0,1000.0,1000.0,1000.0,1.0,0.01,1586.5967741935483,1.0,8.76,9.51,4.13,23.4,24.54
211,2014,12,Uttar Pradesh,Jhansi,4.92,3.95,803.0,2000.0,1000.0,1000.0,1333.3333333333333,-0.5985,0.04,1524.3559322033898,1.06,7.56,7.5,4.41,20.53,26.61
211,2015,12,Uttar Pradesh,Jhansi,0.02,0.02,1000.0,803.0,2000.0,1000.0,1267.6666666666667,0.24533001245330022,4.92,1426.6896551724137,3.38,9.38,6.31,3.43,22.5,28.59
211,2016,12,Uttar Pradesh,Jhansi,0.01,0.02,1154.0,1000.0,803.0,2000.0,1267.6666666666667,0.15399999999999991,0.02,1464.7166666666667,2.76,11.14,9.55,0.58,24.03,26.64
211,2018,12,Uttar Pradesh,Jhansi,0.01,0.01,1429.0,1154.0,1000.0,803.0,985.6666666666666,0.23830155979202772,0.01,1712.9016393442623,2.39,11.21,9.39,5.93,28.92,29.72
211,2019,12,Uttar Pradesh,Jhansi,0.02,0.04,1870.0,1429.0,1154.0,1000.0,1194.3333333333333,0.3086074177746676,0.01,1894.1833333333334,2.38,7.86,7.42,6.85,24.51,26.97
212,1998,12,Uttar Pradesh,Lalitpur,0.03,0.04,1333.0,1400.0,727.0,692.0,939.6666666666666,-0.04785714285714282,0.05,1130.3970588235295,3.81,8.28,7.99,4.53,24.61,26.25
212,1999,12,Uttar Pradesh,Lalitpur,0.02,0.02,1000.0,1333.0,1400.0,727.0,1153.3333333333333,-0.24981245311327827,0.03,1361.2424242424242,2.66,12.11,5.9,7.47,28.14,30.03
212,2001,12,Uttar Pradesh,Lalitpur,0.17,0.15,882.0,1000.0,1333.0,1400.0,1244.3333333333333,-0.118,0.02,1174.7910447761194,6.99,12.71,7.73,0.79,28.22,32.0
212,2007,12,Uttar Pradesh,Lalitpur,0.09,0.04,444.0,882.0,1000.0,1333.0,1071.6666666666667,-0.4965986394557823,0.17,1324.3125,3.3,10.31,9.04,5.17,27.82,30.77
213,1993,12,Uttar Pradesh,Jalaun,15.56,11.29,726.0,927.0,746.0,976.0,883.0,-0.21682847896440127,17.6,1126.1132075471698,2.21,3.61,3.09,10.48,19.39,20.9
213,1994,12,Uttar Pradesh,Jalaun,13.26,10.28,775.0,726.0,927.0,746.0,799.6666666666666,0.06749311294765836,15.56,1007.6603773584906,3.86,9.39,7.81,1.2,22.26,23.77
213,1995,12,Uttar Pradesh,Jalaun,14.68,18.46,1257.0,775.0,726.0,927.0,809.3333333333334,0.6219354838709676,13.26,1217.4285714285713,2.84,6.7,10.55,7.25,27.34,28.9
213,1996,12,Uttar Pradesh,Jalaun,12.3,12.09,983.0,1257.0,775.0,726.0,919.3333333333334,-0.21797931583134444,14.68,1118.625,3.01,10.54,8.21,5.17,26.93,32.03
213,1997,12,Uttar Pradesh,Jalaun,12.92,18.33,1419.0,983.0,1257.0,775.0,1005.0,0.44354018311291954,12.3,1335.6029411764705,1.76,4.4,7.18,4.53,17.87,25.29
213,1998,12,Uttar Pradesh,Jalaun,12.89,14.95,1160.0,1419.0,983.0,1257.0,1219.6666666666667,-0.18252290345313604,12.92,1130.3970588235295,2.29,8.84,6.91,4.5,22.54,24.58
213,1999,12,Uttar Pradesh,Jalaun,11.99,15.41,1285.0,1160.0,1419.0,983.0,1187.3333333333333,0.10775862068965525,12.89,1361.2424242424242,0.92,8.03,5.74,5.99,20.68,22.23
213,2000,12,Uttar Pradesh,Jalaun,12.93,13.38,1035.0,1285.0,1160.0,1419.0,1288.0,-0.19455252918287935,11.99,1263.7462686567164,1.41,5.39,5.21,1.06,13.07,14.16
213,2001,12,Uttar Pradesh,Jalaun,11.77,10.58,899.0,1035.0,1285.0,1160.0,1160.0,-0.13140096618357489,12.93,1174.7910447761194,5.41,8.85,6.75,0.49,21.5,25.49
213,2002,12,Uttar Pradesh,Jalaun,12.06,11.98,993.0,899.0,1035.0,1285.0,1073.0,0.1045606229143492,11.77,1196.323076923077,1.73,1.44,6.98,5.75,15.9,18.96
213,2003,12,Uttar Pradesh,Jalaun,15.94,7.33,460.0,993.0,899.0,1035.0,975.6666666666666,-0.5367573011077542,12.06,1157.3809523809523,1.15,4.92,6.68,7.75,20.5,23.69
213,2004,12,Uttar Pradesh,Jalaun,13.79,11.65,845.0,460.0,993.0,899.0,784.0,0.8369565217391304,15.94,1357.09375,2.77,5.03,7.25,3.06,18.11,20.91
213,2005,12,Uttar Pradesh,Jalaun,12.49,13.09,1048.0,845.0,460.0,993.0,766.0,0.24023668639053253,13.79,1305.0819672131147,2.53,10.32,2.41,4.21,19.47,21.75
213,2006,12,Uttar Pradesh,Jalaun,14.39,26.29,1827.0,1048.0,845.0,460.0,784.3333333333334,0.7433206106870229,12.49,1386.5333333333333,4.92,6.58,3.34,1.61,16.45,18.73
213,2007,12,Uttar Pradesh,Jalaun,17.34,8.69,501.0,1827.0,1048.0,845.0,1240.0,-0.7257799671592775,14.39,1324.3125,2.87,5.12,4.65,2.58,15.22,18.56
213,2008,12,Uttar Pradesh,Jalaun,12.95,8.9,687.0,501.0,1827.0,1048.0,1125.3333333333333,0.37125748502994016,17.34,1478.2131147540983,7.63,9.98,8.89,5.56,32.06,33.49
213,2009,12,Uttar Pradesh,Jalaun,17.3,15.23,880.0,687.0,501.0,1827.0,1005.0,0.28093158660844253,12.95,1416.9333333333334,0.68,3.75,3.91,6.7,15.04,21.3
213,2010,12,Uttar Pradesh,Jalaun,15.39,13.17,856.0,880.0,687.0,501.0,689.3333333333334,-0.027272727272727226,17.3,1360.1186440677966,2.24,5.16,7.25,7.59,22.24,25.18
213,2011,12,Uttar Pradesh,Jalaun,14.07,13.09,930.0,856.0,880.0,687.0,807.6666666666666,0.08644859813084116,15.39,1526.8095238095239,5.92,8.71,7.01,3.83,25.47,26.41
213,2012,12,Uttar Pradesh,Jalaun,13.11,23.4,1785.0,930.0,856.0,880.0,888.6666666666666,0.9193548387096775,14.07,1586.5967741935483,0.9,6.84,9.09,3.95,20.78,22.26
213,2013,12,Uttar Pradesh,Jalaun,11.92,8.0,671.0,1785.0,930.0,856.0,1190.3333333333333,-0.6240896358543417,13.11,1458.9322033898304,6.18,6.97,9.66,1.8,24.61,30.85
213,2014,12,Uttar Pradesh,Jalaun,15.68,12.93,825.0,671.0,1785.0,930.0,1128.6666666666667,0.2295081967213115,11.92,1524.3559322033898,0.72,6.37,4.55,4.47,16.11,22.15
213,2015,12,Uttar Pradesh,Jalaun,13.2,11.66,883.0,825.0,671.0,1785.0,1093.6666666666667,0.07030303030303031,15.68,1426.6896551724137,2.44,6.99,3.78,3.49,16.7,22.85
213,2016,12,Uttar Pradesh,Jalaun,14.76,16.98,1150.0,883.0,825.0,671.0,793.0,0.30237825594563983,13.2,1464.7166666666667,2.17,10.17,8.59,1.09,22.02,24.79
213,2017,12,Uttar Pradesh,Jalaun,15.03,24.31,1617.0,1150.0,883.0,825.0,952.6666666666666,0.4060869565217391,14.76,1620.1724137931035,2.06,5.27,5.13,2.23,14.69,16.29
213,2018,12,Uttar Pradesh,Jalaun,15.33,23.52,1535.0,1617.0,1150.0,883.0,1216.6666666666667,-0.05071119356833642,15.03,1712.9016393442623,2.27,12.65,9.58,4.55,29.05,30.34
213,2019,12,Uttar Pradesh,Jalaun,14.66,27.73,1891.0,1535.0,1617.0,1150.0,1434.0,0.23192182410423445,15.33,1894.1833333333334,2.24,8.12,8.99,6.79,26.14,29.15
214,1993,12,Uttar Pradesh,Hamirpur,0.78,0.52,667.0,935.0,750.0,679.0,788.0,-0.28663101604278074,0.46,1126.1132075471698,2.87,3.43,2.58,9.66,18.54,20.5
214,1994,12,Uttar Pradesh,Hamirpur,0.41,0.21,512.0,667.0,935.0,750.0,784.0,-0.23238380809595205,0.78,1007.6603773584906,3.16,9.85,7.83,1.39,22.23,24.2
214,1995,12,Uttar Pradesh,Hamirpur,0.55,0.41,745.0,512.0,667.0,935.0,704.6666666666666,0.455078125,0.41,1217.4285714285713,3.14,5.18,8.43,5.63,22.38,24.1
214,1996,12,Uttar Pradesh,Hamirpur,0.86,0.6,698.0,745.0,512.0,667.0,641.3333333333334,-0.06308724832214763,0.55,1118.625,3.18,7.23,8.11,4.56,23.08,28.82
214,1997,12,Uttar Pradesh,Hamirpur,0.38,0.3,789.0,698.0,745.0,512.0,651.6666666666666,0.1303724928366763,0.86,1335.6029411764705,1.79,5.99,5.84,5.5,19.12,25.79
214,1998,12,Uttar Pradesh,Hamirpur,0.58,0.32,552.0,789.0,698.0,745.0,744.0,-0.30038022813688214,0.38,1130.3970588235295,2.12,8.93,7.97,3.84,22.86,25.12
214,1999,12,Uttar Pradesh,Hamirpur,0.61,0.26,426.0,552.0,789.0,698.0,679.6666666666666,-0.2282608695652174,0.58,1361.2424242424242,1.19,7.65,4.93,6.34,20.11,21.89
214,2000,12,Uttar Pradesh,Hamirpur,0.41,0.35,854.0,426.0,552.0,789.0,589.0,1.004694835680751,0.61,1263.7462686567164,3.07,5.26,8.21,1.79,18.33,20.07
214,2001,12,Uttar Pradesh,Hamirpur,0.32,0.23,719.0,854.0,426.0,552.0,610.6666666666666,-0.15807962529274,0.41,1174.7910447761194,4.88,8.86,5.94,0.82,20.5,25.32
214,2002,12,Uttar Pradesh,Hamirpur,0.48,0.21,438.0,719.0,854.0,426.0,666.3333333333334,-0.3908205841446454,0.32,1196.323076923077,1.9,2.86,6.47,6.99,18.22,21.88
214,2003,12,Uttar Pradesh,Hamirpur,0.55,0.47,855.0,438.0,719.0,854.0,670.3333333333334,0.952054794520548,0.48,1157.3809523809523,1.73,4.83,7.27,10.48,24.31,27.96
214,2004,12,Uttar Pradesh,Hamirpur,0.24,0.33,1375.0,855.0,438.0,719.0,670.6666666666666,0.6081871345029239,0.55,1357.09375,5.51,4.75,5.77,4.15,20.18,23.04
214,2005,12,Uttar Pradesh,Hamirpur,0.56,0.58,1036.0,1375.0,855.0,438.0,889.3333333333334,-0.2465454545454545,0.24,1305.0819672131147,2.79,10.76,3.39,4.99,21.93,24.46
214,2006,12,Uttar Pradesh,Hamirpur,0.31,0.35,1129.0,1036.0,1375.0,855.0,1088.6666666666667,0.08976833976833976,0.56,1386.5333333333333,4.4,8.99,3.45,1.46,18.3,21.21
214,2007,12,Uttar Pradesh,Hamirpur,0.6,0.69,1150.0,1129.0,1036.0,1375.0,1180.0,0.01860053144375562,0.31,1324.3125,2.66,5.89,5.81,2.86,17.22,21.41
214,2008,12,Uttar Pradesh,Hamirpur,0.32,0.39,1219.0,1150.0,1129.0,1036.0,1105.0,0.06000000000000005,0.6,1478.2131147540983,7.19,11.8,9.65,6.08,34.72,36.72
214,2009,12,Uttar Pradesh,Hamirpur,0.55,0.34,618.0,1219.0,1150.0,1129.0,1166.0,-0.49302707136997537,0.32,1416.9333333333334,0.92,4.36,5.27,7.49,18.04,24.21
214,2010,12,Uttar Pradesh,Hamirpur,0.54,0.32,593.0,618.0,1219.0,1150.0,995.6666666666666,-0.04045307443365698,0.55,1360.1186440677966,1.28,5.43,6.09,5.23,18.03,20.73
214,2011,12,Uttar Pradesh,Hamirpur,0.32,0.25,781.0,593.0,618.0,1219.0,810.0,0.31703204047217537,0.54,1526.8095238095239,5.67,6.78,7.44,2.92,22.81,23.5
214,2012,12,Uttar Pradesh,Hamirpur,0.32,0.54,1688.0,781.0,593.0,618.0,664.0,1.1613316261203583,0.32,1586.5967741935483,0.51,5.35,7.24,3.73,16.83,18.39
214,2013,12,Uttar Pradesh,Hamirpur,0.36,0.62,1722.0,1688.0,781.0,593.0,1020.6666666666666,0.020142180094786744,0.32,1458.9322033898304,5.83,6.85,7.25,2.18,22.11,28.11
214,2014,12,Uttar Pradesh,Hamirpur,0.39,0.28,718.0,1722.0,1688.0,781.0,1397.0,-0.5830429732868757,0.36,1524.3559322033898,0.77,4.92,2.46,4.38,12.529999999999998,17.64
214,2015,12,Uttar Pradesh,Hamirpur,0.69,0.24,348.0,718.0,1722.0,1688.0,1376.0,-0.5153203342618384,0.39,1426.6896551724137,1.89,4.99,2.58,2.53,11.99,17.53
214,2016,12,Uttar Pradesh,Hamirpur,0.19,0.15,789.0,348.0,718.0,1722.0,929.3333333333334,1.2672413793103448,0.69,1464.7166666666667,2.33,11.56,8.4,1.75,24.04,26.93
214,2017,12,Uttar Pradesh,Hamirpur,0.65,0.68,1041.0,789.0,348.0,718.0,618.3333333333334,0.31939163498098866,0.19,1620.1724137931035,1.59,7.13,4.96,1.73,15.41,16.86
214,2018,12,Uttar Pradesh,Hamirpur,0.18,0.09,486.0,1041.0,789.0,348.0,726.0,-0.5331412103746398,0.65,1712.9016393442623,1.87,12.76,9.07,4.16,27.86,29.07
214,2019,12,Uttar Pradesh,Hamirpur,0.51,0.95,1846.0,486.0,1041.0,789.0,772.0,2.7983539094650207,0.18,1894.1833333333334,1.89,9.1,8.53,7.79,27.31,30.51
215,1993,12,Uttar Pradesh,Banda,11.61,9.46,815.0,733.0,699.0,903.0,778.3333333333334,0.11186903137789894,12.45,1126.1132075471698,3.01,2.68,3.04,10.95,19.68,21.63
215,1994,12,Uttar Pradesh,Banda,10.55,5.45,517.0,815.0,733.0,699.0,749.0,-0.3656441717791411,11.61,1007.6603773584906,3.34,10.14,9.59,2.49,25.56,27.72
215,1995,12,Uttar Pradesh,Banda,11.03,8.31,753.0,517.0,815.0,733.0,688.3333333333334,0.4564796905222437,10.55,1217.4285714285713,2.37,5.19,8.06,4.46,20.08,22.630000000000003
215,1996,12,Uttar Pradesh,Banda,11.79,8.19,695.0,753.0,517.0,815.0,695.0,-0.0770252324037185,11.03,1118.625,5.13,6.06,8.62,4.07,23.88,29.03
215,1997,12,Uttar Pradesh,Banda,2.94,2.3,782.0,695.0,753.0,517.0,655.0,0.12517985611510785,11.79,1335.6029411764705,2.35,8.28,6.42,6.83,23.879999999999995,30.07
215,1998,12,Uttar Pradesh,Banda,3.36,1.85,551.0,782.0,695.0,753.0,743.3333333333334,-0.2953964194373402,2.94,1130.3970588235295,1.65,7.65,10.68,4.55,24.53,26.13
215,1999,12,Uttar Pradesh,Banda,2.99,1.29,431.0,551.0,782.0,695.0,676.0,-0.21778584392014522,3.36,1361.2424242424242,2.47,10.08,5.41,5.0,22.96,25.09
215,2000,12,Uttar Pradesh,Banda,2.79,2.35,842.0,431.0,551.0,782.0,588.0,0.9535962877030162,2.99,1263.7462686567164,3.05,4.71,6.72,3.04,17.52,18.82
215,2001,12,Uttar Pradesh,Banda,3.8,2.75,724.0,842.0,431.0,551.0,608.0,-0.14014251781472686,2.79,1174.7910447761194,5.26,12.42,6.17,1.64,25.49,30.53
215,2002,12,Uttar Pradesh,Banda,2.68,0.92,343.0,724.0,842.0,431.0,665.6666666666666,-0.5262430939226519,3.8,1196.323076923077,1.95,3.6,9.28,7.3,22.13,26.83
215,2003,12,Uttar Pradesh,Banda,2.79,2.03,728.0,343.0,724.0,842.0,636.3333333333334,1.1224489795918369,2.68,1157.3809523809523,2.01,4.97,7.94,14.44,29.36,32.68
215,2004,12,Uttar Pradesh,Banda,2.03,2.16,1064.0,728.0,343.0,724.0,598.3333333333334,0.46153846153846145,2.79,1357.09375,6.84,4.72,6.25,4.39,22.2,24.57
215,2005,12,Uttar Pradesh,Banda,2.16,2.16,1000.0,1064.0,728.0,343.0,711.6666666666666,-0.06015037593984962,2.03,1305.0819672131147,3.43,13.74,6.39,4.63,28.19,31.16
215,2006,12,Uttar Pradesh,Banda,2.09,1.75,837.0,1000.0,1064.0,728.0,930.6666666666666,-0.16300000000000003,2.16,1386.5333333333333,2.32,10.3,3.33,1.25,17.200000000000003,20.3
215,2007,12,Uttar Pradesh,Banda,3.14,2.61,831.0,837.0,1000.0,1064.0,967.0,-0.007168458781361964,2.09,1324.3125,2.11,5.72,7.31,3.84,18.98,23.34
215,2008,12,Uttar Pradesh,Banda,3.13,2.58,824.0,831.0,837.0,1000.0,889.3333333333334,-0.008423586040914532,3.14,1478.2131147540983,8.43,11.0,9.36,3.76,32.55,34.55
215,2009,12,Uttar Pradesh,Banda,4.53,2.99,660.0,824.0,831.0,837.0,830.6666666666666,-0.19902912621359226,3.13,1416.9333333333334,1.17,5.14,3.07,6.27,15.65,21.81
215,2010,12,Uttar Pradesh,Banda,4.25,3.19,751.0,660.0,824.0,831.0,771.6666666666666,0.13787878787878793,4.53,1360.1186440677966,0.71,6.41,5.28,4.06,16.46,18.89
215,2011,12,Uttar Pradesh,Banda,3.92,3.68,939.0,751.0,660.0,824.0,745.0,0.25033288948069243,4.25,1526.8095238095239,7.98,7.63,8.09,5.56,29.26,30.3
215,2012,12,Uttar Pradesh,Banda,2.68,3.82,1425.0,939.0,751.0,660.0,783.3333333333334,0.5175718849840256,3.92,1586.5967741935483,0.53,9.66,9.32,8.03,27.54,29.13
215,2013,12,Uttar Pradesh,Banda,1.04,1.27,1221.0,1425.0,939.0,751.0,1038.3333333333333,-0.14315789473684215,2.68,1458.9322033898304,8.79,8.21,9.25,2.31,28.56,37.2
215,2014,12,Uttar Pradesh,Banda,3.96,3.67,927.0,1221.0,1425.0,939.0,1195.0,-0.24078624078624078,1.04,1524.3559322033898,1.15,5.74,3.29,4.33,14.51,21.31
215,2015,12,Uttar Pradesh,Banda,3.33,1.49,447.0,927.0,1221.0,1425.0,1191.0,-0.5177993527508091,3.96,1426.6896551724137,2.76,5.12,5.11,2.08,15.07,21.95
215,2016,12,Uttar Pradesh,Banda,3.69,3.55,963.0,447.0,927.0,1221.0,865.0,1.1543624161073827,3.33,1464.7166666666667,2.19,15.78,12.03,4.33,34.33,36.82
215,2017,12,Uttar Pradesh,Banda,3.25,6.09,1874.0,963.0,447.0,927.0,779.0,0.9460020768431983,3.69,1620.1724137931035,2.08,10.48,5.23,2.31,20.1,21.05
215,2018,12,Uttar Pradesh,Banda,3.59,3.63,1013.0,1874.0,963.0,447.0,1094.6666666666667,-0.45944503735325504,3.25,1712.9016393442623,2.14,11.75,9.0,4.91,27.8,29.29
215,2019,12,Uttar Pradesh,Banda,3.27,5.99,1833.0,1013.0,1874.0,963.0,1283.3333333333333,0.8094768015794669,3.59,1894.1833333333334,1.27,9.87,9.27,10.79,31.2,34.8
216,1993,12,Uttar Pradesh,Varanasi,18.25,25.65,1405.0,1604.0,693.0,1450.0,1249.0,-0.12406483790523692,16.9,1126.1132075471698,3.53,3.35,7.08,8.64,22.6,24.99
216,1994,12,Uttar Pradesh,Varanasi,17.31,20.13,1163.0,1405.0,1604.0,693.0,1234.0,-0.17224199288256226,18.25,1007.6603773584906,3.21,8.67,9.24,4.59,25.71,28.89
216,1995,12,Uttar Pradesh,Varanasi,9.29,11.51,1239.0,1163.0,1405.0,1604.0,1390.6666666666667,0.0653482373172829,17.31,1217.4285714285713,2.0,4.0,8.33,6.18,20.51,24.4
216,1996,12,Uttar Pradesh,Varanasi,8.96,8.7,971.0,1239.0,1163.0,1405.0,1269.0,-0.2163034705407587,9.29,1118.625,5.96,5.76,11.15,4.69,27.56,32.910000000000004
216,1997,12,Uttar Pradesh,Varanasi,5.36,5.69,1062.0,971.0,1239.0,1163.0,1124.3333333333333,0.09371781668383106,8.96,1335.6029411764705,3.38,10.18,5.76,6.86,26.18,30.94
216,1998,12,Uttar Pradesh,Varanasi,5.25,6.74,1284.0,1062.0,971.0,1239.0,1090.6666666666667,0.20903954802259883,5.36,1130.3970588235295,1.68,9.9,14.22,4.82,30.62,33.95
216,1999,12,Uttar Pradesh,Varanasi,5.26,5.01,952.0,1284.0,1062.0,971.0,1105.6666666666667,-0.25856697819314645,5.25,1361.2424242424242,3.75,9.19,6.23,3.53,22.700000000000003,26.61
216,2000,12,Uttar Pradesh,Varanasi,5.2,5.07,975.0,952.0,1284.0,1062.0,1099.3333333333333,0.024159663865546133,5.26,1263.7462686567164,5.45,5.96,6.66,7.59,25.66,27.02
216,2001,12,Uttar Pradesh,Varanasi,4.17,3.76,902.0,975.0,952.0,1284.0,1070.3333333333333,-0.07487179487179485,5.2,1174.7910447761194,4.02,8.85,5.67,4.2,22.74,27.32
216,2002,12,Uttar Pradesh,Varanasi,4.76,4.51,947.0,902.0,975.0,952.0,943.0,0.04988913525498884,4.17,1196.323076923077,2.79,3.97,7.84,5.2,19.8,24.35
216,2003,12,Uttar Pradesh,Varanasi,4.0,4.43,1108.0,947.0,902.0,975.0,941.3333333333334,0.1700105596620909,4.76,1157.3809523809523,3.1,5.08,4.63,5.52,18.33,21.12
216,2004,12,Uttar Pradesh,Varanasi,2.98,2.78,933.0,1108.0,947.0,902.0,985.6666666666666,-0.15794223826714804,4.0,1357.09375,5.27,4.01,4.66,1.49,15.43,17.86
216,2005,12,Uttar Pradesh,Varanasi,4.34,5.8,1336.0,933.0,1108.0,947.0,996.0,0.43193997856377275,2.98,1305.0819672131147,1.92,7.59,7.33,2.97,19.81,23.2
216,2006,12,Uttar Pradesh,Varanasi,4.43,6.21,1402.0,1336.0,933.0,1108.0,1125.6666666666667,0.04940119760479034,4.34,1386.5333333333333,3.96,7.99,4.74,3.06,19.75,22.66
216,2007,12,Uttar Pradesh,Varanasi,4.3,4.64,1079.0,1402.0,1336.0,933.0,1223.6666666666667,-0.23038516405135523,4.43,1324.3125,2.23,6.61,6.79,5.84,21.47,26.84
216,2008,12,Uttar Pradesh,Varanasi,4.34,4.74,1092.0,1079.0,1402.0,1336.0,1272.3333333333333,0.012048192771084265,4.3,1478.2131147540983,10.64,13.22,8.84,3.0,35.7,37.69
216,2009,12,Uttar Pradesh,Varanasi,5.56,6.6,1187.0,1092.0,1079.0,1402.0,1191.0,0.08699633699633691,4.34,1416.9333333333334,0.66,6.27,3.95,4.44,15.32,17.92
216,2010,12,Uttar Pradesh,Varanasi,5.39,6.22,1154.0,1187.0,1092.0,1079.0,1119.3333333333333,-0.02780117944397642,5.56,1360.1186440677966,0.67,6.99,6.63,4.21,18.5,21.51
216,2011,12,Uttar Pradesh,Varanasi,5.47,8.67,1585.0,1154.0,1187.0,1092.0,1144.3333333333333,0.37348353552859614,5.39,1526.8095238095239,7.28,6.17,8.03,7.98,29.46,31.19
216,2012,12,Uttar Pradesh,Varanasi,5.47,6.87,1256.0,1585.0,1154.0,1187.0,1308.6666666666667,-0.20757097791798107,5.47,1586.5967741935483,0.91,11.27,5.18,6.68,24.04,26.83
216,2013,12,Uttar Pradesh,Varanasi,5.28,5.55,1051.0,1256.0,1585.0,1154.0,1331.6666666666667,-0.16321656050955413,5.47,1458.9322033898304,7.97,4.63,5.04,2.98,20.62,28.67
216,2014,12,Uttar Pradesh,Varanasi,5.43,5.9,1087.0,1051.0,1256.0,1585.0,1297.3333333333333,0.03425309229305418,5.28,1524.3559322033898,1.59,8.55,7.83,3.71,21.68,28.91
216,2015,12,Uttar Pradesh,Varanasi,5.25,3.96,754.0,1087.0,1051.0,1256.0,1131.3333333333333,-0.30634774609015636,5.43,1426.6896551724137,3.41,8.13,5.77,0.92,18.230000000000004,23.21
216,2016,12,Uttar Pradesh,Varanasi,5.05,3.55,704.0,754.0,1087.0,1051.0,964.0,-0.06631299734748008,5.25,1464.7166666666667,1.61,11.65,9.97,8.29,31.52,33.85
216,2017,12,Uttar Pradesh,Varanasi,6.2,5.89,950.0,704.0,754.0,1087.0,848.3333333333334,0.3494318181818181,5.05,1620.1724137931035,1.79,14.6,5.05,2.38,23.82,24.84
216,2018,12,Uttar Pradesh,Varanasi,4.92,8.72,1773.0,950.0,704.0,754.0,802.6666666666666,0.8663157894736842,6.2,1712.9016393442623,2.51,8.06,8.14,4.8,23.51,24.85
216,2019,12,Uttar Pradesh,Varanasi,5.54,8.11,1463.0,1773.0,950.0,704.0,1142.3333333333333,-0.1748448956570784,4.92,1894.1833333333334,1.12,9.4,6.69,14.18,31.39,34.730000000000004
218,1993,12,Uttar Pradesh,Jaunpur,6.11,6.88,1126.0,1089.0,929.0,929.0,982.3333333333334,0.03397612488521573,5.51,1126.1132075471698,3.52,2.75,5.0,7.4,18.67,20.78
218,1994,12,Uttar Pradesh,Jaunpur,6.14,5.27,858.0,1126.0,1089.0,929.0,1048.0,-0.2380106571936057,6.11,1007.6603773584906,3.34,9.99,7.84,3.41,24.58,26.87
218,1995,12,Uttar Pradesh,Jaunpur,5.0,5.96,1192.0,858.0,1126.0,1089.0,1024.3333333333333,0.3892773892773893,6.14,1217.4285714285713,2.45,3.89,8.3,4.71,19.35,22.41
218,1996,12,Uttar Pradesh,Jaunpur,4.86,4.51,928.0,1192.0,858.0,1126.0,1058.6666666666667,-0.2214765100671141,5.0,1118.625,5.33,5.69,10.42,4.34,25.78,31.98
218,1997,12,Uttar Pradesh,Jaunpur,5.44,5.77,1061.0,928.0,1192.0,858.0,992.6666666666666,0.14331896551724133,4.86,1335.6029411764705,2.9,7.44,3.79,7.36,21.49,26.47
218,1998,12,Uttar Pradesh,Jaunpur,5.85,5.28,903.0,1061.0,928.0,1192.0,1060.3333333333333,-0.14891611687087658,5.44,1130.3970588235295,1.73,10.26,14.12,3.71,29.82,32.19
218,1999,12,Uttar Pradesh,Jaunpur,5.36,5.11,953.0,903.0,1061.0,928.0,964.0,0.05537098560354381,5.85,1361.2424242424242,3.44,9.06,5.74,4.56,22.8,26.02
218,2000,12,Uttar Pradesh,Jaunpur,4.9,7.54,1539.0,953.0,903.0,1061.0,972.3333333333334,0.6149003147953831,5.36,1263.7462686567164,4.5,4.97,7.72,5.61,22.8,24.19
218,2001,12,Uttar Pradesh,Jaunpur,5.14,3.33,648.0,1539.0,953.0,903.0,1131.6666666666667,-0.5789473684210527,4.9,1174.7910447761194,4.2,9.24,6.39,3.23,23.06,27.7
218,2002,12,Uttar Pradesh,Jaunpur,4.56,5.19,1138.0,648.0,1539.0,953.0,1046.6666666666667,0.7561728395061729,5.14,1196.323076923077,2.16,3.61,7.3,6.07,19.14,23.8
218,2003,12,Uttar Pradesh,Jaunpur,5.02,3.87,771.0,1138.0,648.0,1539.0,1108.3333333333333,-0.32249560632688923,4.56,1157.3809523809523,2.22,4.81,5.19,9.09,21.31,23.49
218,2004,12,Uttar Pradesh,Jaunpur,5.43,5.92,1090.0,771.0,1138.0,648.0,852.3333333333334,0.41374837872892356,5.02,1357.09375,6.21,4.38,4.59,2.75,17.93,20.3
218,2005,12,Uttar Pradesh,Jaunpur,5.29,6.61,1250.0,1090.0,771.0,1138.0,999.6666666666666,0.14678899082568808,5.43,1305.0819672131147,2.72,8.98,7.49,3.37,22.56,26.58
218,2006,12,Uttar Pradesh,Jaunpur,5.49,6.6,1202.0,1250.0,1090.0,771.0,1037.0,-0.03839999999999999,5.29,1386.5333333333333,3.06,8.63,3.62,1.96,17.270000000000003,20.53
218,2007,12,Uttar Pradesh,Jaunpur,5.71,6.22,1089.0,1202.0,1250.0,1090.0,1180.6666666666667,-0.09400998336106492,5.49,1324.3125,1.86,6.36,8.44,5.71,22.37,27.33
218,2008,12,Uttar Pradesh,Jaunpur,5.55,5.27,950.0,1089.0,1202.0,1250.0,1180.3333333333333,-0.12764003673094582,5.71,1478.2131147540983,10.83,13.98,10.22,3.87,38.9,40.96
218,2009,12,Uttar Pradesh,Jaunpur,5.58,7.88,1412.0,950.0,1089.0,1202.0,1080.3333333333333,0.48631578947368426,5.55,1416.9333333333334,0.87,6.83,4.09,5.61,17.4,20.9
218,2010,12,Uttar Pradesh,Jaunpur,6.12,8.27,1351.0,1412.0,950.0,1089.0,1150.3333333333333,-0.043201133144475934,5.58,1360.1186440677966,0.68,7.6,5.89,4.44,18.61,21.3
218,2011,12,Uttar Pradesh,Jaunpur,6.04,9.51,1575.0,1351.0,1412.0,950.0,1237.6666666666667,0.16580310880829008,6.12,1526.8095238095239,7.59,7.72,9.57,7.76,32.64,34.26
218,2012,12,Uttar Pradesh,Jaunpur,5.5,7.78,1415.0,1575.0,1351.0,1412.0,1446.0,-0.10158730158730156,6.04,1586.5967741935483,0.48,12.08,6.95,10.39,29.9,32.24
218,2013,12,Uttar Pradesh,Jaunpur,10.29,8.96,871.0,1415.0,1575.0,1351.0,1447.0,-0.384452296819788,5.5,1458.9322033898304,11.15,6.35,6.83,2.3,26.63,35.910000000000004
218,2014,12,Uttar Pradesh,Jaunpur,6.63,8.22,1240.0,871.0,1415.0,1575.0,1287.0,0.42365097588978196,10.29,1524.3559322033898,1.69,7.83,6.24,3.89,19.65,26.86
218,2015,12,Uttar Pradesh,Jaunpur,5.91,6.6,1117.0,1240.0,871.0,1415.0,1175.3333333333333,-0.09919354838709682,6.63,1426.6896551724137,3.12,6.48,5.0,0.88,15.480000000000002,21.17
218,2016,12,Uttar Pradesh,Jaunpur,6.75,7.83,1160.0,1117.0,1240.0,871.0,1076.0,0.038495971351835356,5.91,1464.7166666666667,2.32,11.83,9.78,6.15,30.08,32.73
218,2017,12,Uttar Pradesh,Jaunpur,4.94,5.8,1174.0,1160.0,1117.0,1240.0,1172.3333333333333,0.012068965517241459,6.75,1620.1724137931035,2.57,14.14,7.52,3.04,27.27,28.52
218,2018,12,Uttar Pradesh,Jaunpur,5.96,7.51,1261.0,1174.0,1160.0,1117.0,1150.3333333333333,0.07410562180579205,4.94,1712.9016393442623,2.83,10.63,11.48,4.94,29.880000000000003,31.23
218,2019,12,Uttar Pradesh,Jaunpur,7.09,11.04,1556.0,1261.0,1174.0,1160.0,1198.3333333333333,0.23394131641554328,5.96,1894.1833333333334,1.26,11.76,7.15,13.26,33.43,36.95
219,1993,12,Uttar Pradesh,Ghazipur,13.92,18.22,1309.0,1222.0,962.0,1112.0,1098.6666666666667,0.07119476268412428,12.39,1126.1132075471698,3.95,4.61,8.54,9.92,27.020000000000003,29.93
219,1994,12,Uttar Pradesh,Ghazipur,11.16,6.83,612.0,1309.0,1222.0,962.0,1164.3333333333333,-0.5324675324675325,13.92,1007.6603773584906,3.14,7.11,10.65,5.32,26.22,30.540000000000003
219,1995,12,Uttar Pradesh,Ghazipur,12.96,11.23,867.0,612.0,1309.0,1222.0,1047.6666666666667,0.41666666666666674,11.16,1217.4285714285713,2.72,6.28,8.02,7.86,24.88,29.29
219,1996,12,Uttar Pradesh,Ghazipur,12.71,12.44,979.0,867.0,612.0,1309.0,929.3333333333334,0.12918108419838514,12.96,1118.625,6.21,6.52,11.05,4.94,28.72,33.1
219,1997,12,Uttar Pradesh,Ghazipur,11.39,6.89,605.0,979.0,867.0,612.0,819.3333333333334,-0.3820224719101124,12.71,1335.6029411764705,3.71,14.77,7.81,5.46,31.75,36.56
219,1998,12,Uttar Pradesh,Ghazipur,11.52,12.35,1072.0,605.0,979.0,867.0,817.0,0.771900826446281,11.39,1130.3970588235295,2.05,9.87,12.04,6.31,30.27,34.76
219,1999,12,Uttar Pradesh,Ghazipur,10.92,10.42,954.0,1072.0,605.0,979.0,885.3333333333334,-0.1100746268656716,11.52,1361.2424242424242,3.82,9.19,6.47,2.87,22.35,27.29
219,2000,12,Uttar Pradesh,Ghazipur,9.89,12.2,1234.0,954.0,1072.0,605.0,877.0,0.29350104821802936,10.92,1263.7462686567164,7.57,7.18,6.89,7.99,29.630000000000003,31.68
219,2001,12,Uttar Pradesh,Ghazipur,9.76,9.51,974.0,1234.0,954.0,1072.0,1086.6666666666667,-0.21069692058346845,9.89,1174.7910447761194,6.63,7.65,5.8,5.49,25.57,31.22
219,2002,12,Uttar Pradesh,Ghazipur,9.83,10.31,1049.0,974.0,1234.0,954.0,1054.0,0.07700205338809041,9.76,1196.323076923077,2.92,5.76,7.45,4.16,20.29,26.17
219,2003,12,Uttar Pradesh,Ghazipur,11.29,10.7,948.0,1049.0,974.0,1234.0,1085.6666666666667,-0.09628217349857005,9.83,1157.3809523809523,5.03,7.17,5.33,4.53,22.06,26.65
219,2004,12,Uttar Pradesh,Ghazipur,10.81,15.28,1414.0,948.0,1049.0,974.0,990.3333333333334,0.49156118143459926,11.29,1357.09375,6.53,5.47,5.91,1.81,19.72,22.67
219,2005,12,Uttar Pradesh,Ghazipur,13.98,19.02,1361.0,1414.0,948.0,1049.0,1137.0,-0.0374823196605375,10.81,1305.0819672131147,1.96,8.91,6.91,2.98,20.76,24.63
219,2006,12,Uttar Pradesh,Ghazipur,14.14,19.98,1413.0,1361.0,1414.0,948.0,1241.0,0.038207200587803136,13.98,1386.5333333333333,6.23,9.65,6.35,4.73,26.96,29.78
219,2007,12,Uttar Pradesh,Ghazipur,13.89,19.97,1438.0,1413.0,1361.0,1414.0,1396.0,0.017692852087756616,14.14,1324.3125,2.75,11.06,8.01,7.8,29.62,35.58
219,2008,12,Uttar Pradesh,Ghazipur,13.69,19.35,1413.0,1438.0,1413.0,1361.0,1404.0,-0.017385257301808066,13.89,1478.2131147540983,12.79,13.12,10.59,3.98,40.48,43.72
219,2009,12,Uttar Pradesh,Ghazipur,14.44,23.92,1657.0,1413.0,1438.0,1413.0,1421.3333333333333,0.17268223637650393,13.69,1416.9333333333334,1.52,6.49,6.06,4.62,18.69,21.74
219,2010,12,Uttar Pradesh,Ghazipur,13.84,19.55,1413.0,1657.0,1413.0,1438.0,1502.6666666666667,-0.1472540736270368,14.44,1360.1186440677966,1.41,7.66,6.96,4.42,20.450000000000003,24.25
219,2011,12,Uttar Pradesh,Ghazipur,14.57,22.48,1543.0,1413.0,1657.0,1413.0,1494.3333333333333,0.0920028308563341,13.84,1526.8095238095239,8.42,5.28,7.88,8.21,29.79,32.38
219,2012,12,Uttar Pradesh,Ghazipur,16.15,24.46,1515.0,1543.0,1413.0,1657.0,1537.6666666666667,-0.018146467919637033,14.57,1586.5967741935483,1.71,10.72,7.45,6.59,26.47,29.53
219,2013,12,Uttar Pradesh,Ghazipur,14.99,11.0,734.0,1515.0,1543.0,1413.0,1490.3333333333333,-0.5155115511551155,16.15,1458.9322033898304,6.46,3.78,5.34,5.59,21.17,30.45
219,2014,12,Uttar Pradesh,Ghazipur,13.04,23.38,1793.0,734.0,1515.0,1543.0,1264.0,1.4427792915531334,14.99,1524.3559322033898,2.37,7.74,9.5,5.51,25.12,32.57
219,2015,12,Uttar Pradesh,Ghazipur,17.32,30.0,1732.0,1793.0,734.0,1515.0,1347.3333333333333,-0.03402119353039601,13.04,1426.6896551724137,3.87,10.46,6.9,1.26,22.49000000000001,26.76
219,2016,12,Uttar Pradesh,Ghazipur,15.53,10.54,679.0,1732.0,1793.0,734.0,1419.6666666666667,-0.6079676674364896,17.32,1464.7166666666667,1.57,11.77,6.77,9.26,29.37,32.57
219,2017,12,Uttar Pradesh,Ghazipur,14.76,15.48,1049.0,679.0,1732.0,1793.0,1401.3333333333333,0.544918998527246,15.53,1620.1724137931035,1.66,11.93,6.07,1.76,21.42,22.86
219,2018,12,Uttar Pradesh,Ghazipur,15.85,28.36,1790.0,1049.0,679.0,1732.0,1153.3333333333333,0.7063870352716872,14.76,1712.9016393442623,2.36,7.0,7.47,4.49,21.32,23.44
219,2019,12,Uttar Pradesh,Ghazipur,14.57,19.53,1340.0,1790.0,1049.0,679.0,1172.6666666666667,-0.25139664804469275,15.85,1894.1833333333334,1.47,9.04,5.11,10.9,26.520000000000003,29.43
220,1993,12,Uttar Pradesh,Ballia,2.7,3.04,1126.0,1092.0,929.0,931.0,984.0,0.031135531135531025,2.83,1126.1132075471698,4.86,4.27,8.44,9.91,27.48,30.35
220,1994,12,Uttar Pradesh,Ballia,3.26,2.8,859.0,1126.0,1092.0,929.0,1049.0,-0.2371225577264654,2.7,1007.6603773584906,3.19,6.81,9.33,6.06,25.39,29.04
220,1995,12,Uttar Pradesh,Ballia,3.21,3.83,1193.0,859.0,1126.0,1092.0,1025.6666666666667,0.3888242142025611,3.26,1217.4285714285713,3.27,9.57,8.71,6.74,28.29,32.52
220,1996,12,Uttar Pradesh,Ballia,1.54,1.43,929.0,1193.0,859.0,1126.0,1059.3333333333333,-0.2212908633696563,3.21,1118.625,6.4,8.0,10.61,5.78,30.79,34.51
220,1997,12,Uttar Pradesh,Ballia,1.72,1.76,1023.0,929.0,1193.0,859.0,993.6666666666666,0.10118406889128084,1.54,1335.6029411764705,2.8,17.12,8.42,4.57,32.910000000000004,37.61
220,1998,12,Uttar Pradesh,Ballia,1.92,2.38,1240.0,1023.0,929.0,1193.0,1048.3333333333333,0.21212121212121215,1.72,1130.3970588235295,1.94,9.85,10.29,7.38,29.46,34.1
220,1999,12,Uttar Pradesh,Ballia,0.82,1.32,1610.0,1240.0,1023.0,929.0,1064.0,0.2983870967741935,1.92,1361.2424242424242,4.26,8.38,6.0,2.91,21.55,26.65
220,2000,12,Uttar Pradesh,Ballia,1.49,1.17,785.0,1610.0,1240.0,1023.0,1291.0,-0.5124223602484472,0.82,1263.7462686567164,10.22,6.55,7.73,7.3,31.8,34.71
220,2001,12,Uttar Pradesh,Ballia,1.85,2.19,1184.0,785.0,1610.0,1240.0,1211.6666666666667,0.5082802547770702,1.49,1174.7910447761194,9.22,6.3,6.33,7.75,29.6,35.83
220,2002,12,Uttar Pradesh,Ballia,1.59,2.13,1340.0,1184.0,785.0,1610.0,1193.0,0.1317567567567568,1.85,1196.323076923077,3.04,7.01,6.12,3.37,19.540000000000003,27.02
220,2003,12,Uttar Pradesh,Ballia,1.65,2.22,1345.0,1340.0,1184.0,785.0,1103.0,0.003731343283582156,1.59,1157.3809523809523,7.92,7.78,5.3,4.57,25.57,31.03
220,2004,12,Uttar Pradesh,Ballia,1.59,2.62,1648.0,1345.0,1340.0,1184.0,1289.6666666666667,0.22527881040892184,1.65,1357.09375,6.99,7.96,7.68,2.15,24.78,29.21
220,2005,12,Uttar Pradesh,Ballia,1.92,2.98,1552.0,1648.0,1345.0,1340.0,1444.3333333333333,-0.058252427184465994,1.59,1305.0819672131147,2.17,11.84,7.56,2.53,24.1,29.36
220,2006,12,Uttar Pradesh,Ballia,2.1,3.26,1552.0,1552.0,1648.0,1345.0,1515.0,0.0,1.92,1386.5333333333333,6.26,11.07,7.37,6.69,31.39,34.61
220,2007,12,Uttar Pradesh,Ballia,1.75,2.72,1554.0,1552.0,1552.0,1648.0,1584.0,0.0012886597938144284,2.1,1324.3125,4.01,16.18,9.69,10.31,40.19,46.82
220,2008,12,Uttar Pradesh,Ballia,1.19,2.04,1714.0,1554.0,1552.0,1552.0,1552.6666666666667,0.10296010296010305,1.75,1478.2131147540983,15.96,14.99,13.79,6.61,51.35,56.38
220,2009,12,Uttar Pradesh,Ballia,1.89,3.21,1698.0,1714.0,1554.0,1552.0,1606.6666666666667,-0.009334889148191361,1.19,1416.9333333333334,2.77,6.87,9.59,3.66,22.89,26.86
220,2010,12,Uttar Pradesh,Ballia,1.89,2.02,1069.0,1698.0,1714.0,1554.0,1655.3333333333333,-0.3704358068315665,1.89,1360.1186440677966,2.09,8.49,8.11,4.97,23.66,28.53
220,2011,12,Uttar Pradesh,Ballia,1.9,2.46,1295.0,1069.0,1698.0,1714.0,1493.6666666666667,0.21141253507951352,1.89,1526.8095238095239,9.65,5.12,7.84,8.86,31.47,35.52
220,2012,12,Uttar Pradesh,Ballia,2.06,3.96,1922.0,1295.0,1069.0,1698.0,1354.0,0.48416988416988427,1.9,1586.5967741935483,1.65,11.63,8.08,8.38,29.74,32.34
220,2013,12,Uttar Pradesh,Ballia,1.77,2.25,1271.0,1922.0,1295.0,1069.0,1428.6666666666667,-0.33870967741935487,2.06,1458.9322033898304,6.08,3.74,6.45,8.04,24.31,35.29
220,2014,12,Uttar Pradesh,Ballia,2.01,4.0,1990.0,1271.0,1922.0,1295.0,1496.0,0.5656963021243115,1.77,1524.3559322033898,3.86,7.11,11.29,7.95,30.21,37.19
220,2015,12,Uttar Pradesh,Ballia,2.27,4.11,1811.0,1990.0,1271.0,1922.0,1727.6666666666667,-0.08994974874371864,2.01,1426.6896551724137,3.74,10.1,8.85,1.98,24.67,28.4
220,2016,12,Uttar Pradesh,Ballia,1.95,3.71,1901.0,1811.0,1990.0,1271.0,1690.6666666666667,0.049696300386526726,2.27,1464.7166666666667,1.64,9.17,3.91,7.96,22.68,26.99
220,2017,12,Uttar Pradesh,Ballia,1.98,3.83,1931.0,1901.0,1811.0,1990.0,1900.6666666666667,0.015781167806417695,1.95,1620.1724137931035,2.22,10.35,9.21,2.01,23.79,26.06
220,2018,12,Uttar Pradesh,Ballia,1.8,3.75,2080.0,1931.0,1901.0,1811.0,1881.0,0.07716209218021741,1.98,1712.9016393442623,2.28,6.66,6.15,3.43,18.52,21.51
220,2019,12,Uttar Pradesh,Ballia,0.46,0.99,2159.0,2080.0,1931.0,1901.0,1970.6666666666667,0.03798076923076921,1.8,1894.1833333333334,1.94,11.63,3.65,9.55,26.77,29.860000000000003
221,1993,12,Uttar Pradesh,Gorakhpur,0.56,0.85,1518.0,1560.0,1216.0,1107.0,1294.3333333333333,-0.02692307692307694,0.5,1126.1132075471698,4.21,3.99,9.68,6.89,24.77,26.92
221,1994,12,Uttar Pradesh,Gorakhpur,0.41,0.55,1341.0,1518.0,1560.0,1216.0,1431.3333333333333,-0.11660079051383399,0.56,1007.6603773584906,2.99,8.49,6.91,6.45,24.84,27.45
221,1995,12,Uttar Pradesh,Gorakhpur,0.35,0.63,1800.0,1341.0,1518.0,1560.0,1473.0,0.34228187919463093,0.41,1217.4285714285713,3.26,5.31,8.89,5.15,22.61,26.07
221,1996,12,Uttar Pradesh,Gorakhpur,0.6,0.92,1533.0,1800.0,1341.0,1518.0,1553.0,-0.14833333333333332,0.35,1118.625,5.69,5.11,13.36,3.61,27.77,34.58
221,1997,12,Uttar Pradesh,Gorakhpur,0.63,1.06,1683.0,1533.0,1800.0,1341.0,1558.0,0.09784735812133083,0.6,1335.6029411764705,2.89,6.73,4.73,7.13,21.48,26.03
221,1998,12,Uttar Pradesh,Gorakhpur,0.27,0.43,1593.0,1683.0,1533.0,1800.0,1672.0,-0.053475935828877,0.63,1130.3970588235295,0.95,14.62,17.25,2.95,35.77,40.05
221,1999,12,Uttar Pradesh,Gorakhpur,0.38,0.68,1789.0,1593.0,1683.0,1533.0,1603.0,0.1230382925298179,0.27,1361.2424242424242,3.33,6.53,6.41,2.46,18.73,23.39
221,2000,12,Uttar Pradesh,Gorakhpur,0.28,0.47,1679.0,1789.0,1593.0,1683.0,1688.3333333333333,-0.061486864169927324,0.38,1263.7462686567164,7.26,7.81,10.09,6.97,32.13,33.77
221,2001,12,Uttar Pradesh,Gorakhpur,0.14,0.19,1357.0,1679.0,1789.0,1593.0,1687.0,-0.1917808219178082,0.28,1174.7910447761194,4.73,7.73,7.31,6.37,26.14,31.76
221,2002,12,Uttar Pradesh,Gorakhpur,0.21,0.31,1476.0,1357.0,1679.0,1789.0,1608.3333333333333,0.08769344141488578,0.14,1196.323076923077,2.83,4.2,4.26,4.98,16.27,20.57
221,2003,12,Uttar Pradesh,Gorakhpur,0.15,0.23,1533.0,1476.0,1357.0,1679.0,1504.0,0.03861788617886175,0.21,1157.3809523809523,3.48,6.22,3.88,5.02,18.6,20.73
221,2004,12,Uttar Pradesh,Gorakhpur,0.37,0.62,1676.0,1533.0,1476.0,1357.0,1455.3333333333333,0.09328114807566856,0.15,1357.09375,7.46,7.48,5.18,1.65,21.77,25.36
221,2005,12,Uttar Pradesh,Gorakhpur,0.11,0.18,1636.0,1676.0,1533.0,1476.0,1561.6666666666667,-0.023866348448687402,0.37,1305.0819672131147,2.44,11.38,9.66,3.05,26.53,33.28
221,2006,12,Uttar Pradesh,Gorakhpur,0.09,0.14,1556.0,1636.0,1676.0,1533.0,1615.0,-0.0488997555012225,0.11,1386.5333333333333,6.61,9.62,5.7,3.51,25.44,29.76
221,2007,12,Uttar Pradesh,Gorakhpur,0.05,0.08,1600.0,1556.0,1636.0,1676.0,1622.6666666666667,0.028277634961439535,0.09,1324.3125,2.39,10.06,11.87,8.84,33.16,39.56
221,2008,12,Uttar Pradesh,Gorakhpur,0.02,0.03,1500.0,1600.0,1556.0,1636.0,1597.3333333333333,-0.0625,0.05,1478.2131147540983,13.63,17.78,12.29,5.7,49.400000000000006,52.35
221,2009,12,Uttar Pradesh,Gorakhpur,0.04,0.06,1500.0,1500.0,1600.0,1556.0,1552.0,0.0,0.02,1416.9333333333334,1.53,11.2,7.59,4.38,24.7,29.59
221,2010,12,Uttar Pradesh,Gorakhpur,0.02,0.04,2000.0,1500.0,1500.0,1600.0,1533.3333333333333,0.33333333333333326,0.04,1360.1186440677966,2.3,11.86,9.29,8.45,31.9,34.69
221,2011,12,Uttar Pradesh,Gorakhpur,0.01,0.01,1000.0,2000.0,1500.0,1500.0,1666.6666666666667,-0.5,0.02,1526.8095238095239,6.35,9.9,10.24,5.95,32.440000000000005,35.95
221,2012,12,Uttar Pradesh,Gorakhpur,0.01,0.01,1000.0,1000.0,2000.0,1500.0,1500.0,0.0,0.01,1586.5967741935483,1.01,10.66,6.65,12.39,30.71,33.28
221,2013,12,Uttar Pradesh,Gorakhpur,0.01,0.01,1000.0,1000.0,1000.0,2000.0,1333.3333333333333,0.0,0.01,1458.9322033898304,16.29,6.09,7.41,4.94,34.73,44.68
221,2015,12,Uttar Pradesh,Gorakhpur,0.02,0.03,1500.0,1000.0,1000.0,1000.0,1000.0,0.5,0.01,1426.6896551724137,4.21,7.61,7.41,0.84,20.07,25.62
221,2016,12,Uttar Pradesh,Gorakhpur,0.01,0.02,1875.0,1500.0,1000.0,1000.0,1166.6666666666667,0.25,0.02,1464.7166666666667,2.54,12.64,6.74,8.21,30.130000000000003,34.36
221,2017,12,Uttar Pradesh,Gorakhpur,0.01,0.02,1889.0,1875.0,1500.0,1000.0,1458.3333333333333,0.0074666666666667325,0.01,1620.1724137931035,3.16,14.66,10.04,3.6,31.46,33.68
221,2018,12,Uttar Pradesh,Gorakhpur,0.01,0.02,2143.0,1889.0,1875.0,1500.0,1754.6666666666667,0.13446267866596084,0.01,1712.9016393442623,4.24,10.96,11.25,4.05,30.500000000000004,33.13
221,2019,12,Uttar Pradesh,Gorakhpur,0.01,0.02,2125.0,2143.0,1889.0,1875.0,1969.0,-0.008399440037330841,0.01,1894.1833333333334,2.16,15.63,4.79,13.19,35.77,39.46
222,1993,12,Uttar Pradesh,Deoria,0.7,1.08,1543.0,1575.0,1200.0,1114.0,1296.3333333333333,-0.02031746031746029,0.73,1126.1132075471698,4.39,4.4,9.27,7.01,25.07,27.42
222,1994,12,Uttar Pradesh,Deoria,0.82,1.09,1329.0,1543.0,1575.0,1200.0,1439.3333333333333,-0.13869086195722613,0.7,1007.6603773584906,3.04,7.58,6.89,7.03,24.540000000000003,27.31
222,1995,12,Uttar Pradesh,Deoria,0.68,1.23,1809.0,1329.0,1543.0,1575.0,1482.3333333333333,0.3611738148984198,0.82,1217.4285714285713,3.61,6.89,9.04,5.4,24.94,28.65
222,1996,12,Uttar Pradesh,Deoria,0.56,0.85,1518.0,1809.0,1329.0,1543.0,1560.3333333333333,-0.16086235489220568,0.68,1118.625,5.93,5.87,12.97,3.82,28.590000000000003,34.54
222,1997,12,Uttar Pradesh,Deoria,1.17,1.97,1684.0,1518.0,1809.0,1329.0,1552.0,0.10935441370223975,0.56,1335.6029411764705,2.91,9.1,5.9,6.07,23.98,28.31
222,1998,12,Uttar Pradesh,Deoria,0.54,0.86,1593.0,1684.0,1518.0,1809.0,1670.3333333333333,-0.05403800475059384,1.17,1130.3970588235295,1.16,13.43,15.21,4.05,33.85,38.41
222,1999,12,Uttar Pradesh,Deoria,0.41,0.73,1780.0,1593.0,1684.0,1518.0,1598.3333333333333,0.11738857501569355,0.54,1361.2424242424242,3.86,6.2,6.31,2.07,18.44,23.35
222,2000,12,Uttar Pradesh,Deoria,0.38,0.64,1684.0,1780.0,1593.0,1684.0,1685.6666666666667,-0.053932584269662964,0.41,1263.7462686567164,8.49,7.96,9.5,7.29,33.24,35.25
222,2001,12,Uttar Pradesh,Deoria,0.24,0.34,1417.0,1684.0,1780.0,1593.0,1685.6666666666667,-0.15855106888361048,0.38,1174.7910447761194,5.82,7.0,7.31,7.49,27.62,33.48
222,2002,12,Uttar Pradesh,Deoria,0.28,0.42,1500.0,1417.0,1684.0,1780.0,1627.0,0.05857445306986597,0.24,1196.323076923077,2.98,5.03,3.88,4.2,16.09,21.25
222,2003,12,Uttar Pradesh,Deoria,0.35,0.52,1486.0,1500.0,1417.0,1684.0,1533.6666666666667,-0.009333333333333305,0.28,1157.3809523809523,4.85,6.97,3.95,4.14,19.91,22.95
222,2004,12,Uttar Pradesh,Deoria,0.26,0.43,1654.0,1486.0,1500.0,1417.0,1467.6666666666667,0.11305518169582762,0.35,1357.09375,7.72,8.83,6.15,1.93,24.630000000000003,29.29
222,2005,12,Uttar Pradesh,Deoria,0.22,0.36,1636.0,1654.0,1486.0,1500.0,1546.6666666666667,-0.010882708585247869,0.26,1305.0819672131147,2.59,12.29,9.69,2.82,27.39,34.87
222,2006,12,Uttar Pradesh,Deoria,0.18,0.28,1556.0,1636.0,1654.0,1486.0,1592.0,-0.0488997555012225,0.22,1386.5333333333333,7.45,10.36,6.6,4.91,29.32,33.88
222,2007,12,Uttar Pradesh,Deoria,0.17,0.26,1529.0,1556.0,1636.0,1654.0,1615.3333333333333,-0.01735218508997427,0.18,1324.3125,3.2,12.55,12.16,9.95,37.86,44.81
222,2008,12,Uttar Pradesh,Deoria,0.12,0.2,1667.0,1529.0,1556.0,1636.0,1573.6666666666667,0.0902550686723349,0.17,1478.2131147540983,15.1,17.99,13.33,6.48,52.89999999999999,56.94
222,2009,12,Uttar Pradesh,Deoria,0.25,0.42,1680.0,1667.0,1529.0,1556.0,1584.0,0.007798440311937549,0.12,1416.9333333333334,2.25,11.29,9.14,3.79,26.47,31.5
222,2010,12,Uttar Pradesh,Deoria,0.16,0.27,1688.0,1680.0,1667.0,1529.0,1625.3333333333333,0.004761904761904745,0.25,1360.1186440677966,2.8,11.65,9.84,8.46,32.75,36.19
222,2011,12,Uttar Pradesh,Deoria,0.16,0.31,1938.0,1688.0,1680.0,1667.0,1678.3333333333333,0.1481042654028435,0.16,1526.8095238095239,7.04,9.42,10.06,6.39,32.910000000000004,37.21
222,2012,12,Uttar Pradesh,Deoria,0.05,0.1,2000.0,1938.0,1688.0,1680.0,1768.6666666666667,0.031991744066047545,0.16,1586.5967741935483,1.42,10.96,6.86,12.12,31.36,33.95
222,2013,12,Uttar Pradesh,Deoria,0.21,0.44,2095.0,2000.0,1938.0,1688.0,1875.3333333333333,0.0475000000000001,0.05,1458.9322033898304,14.54,5.88,7.97,6.48,34.87,45.57
222,2014,12,Uttar Pradesh,Deoria,0.16,0.32,2000.0,2095.0,2000.0,1938.0,2011.0,-0.04534606205250602,0.21,1524.3559322033898,5.52,6.7,10.04,6.76,29.02,36.85
222,2015,12,Uttar Pradesh,Deoria,0.25,0.45,1800.0,2000.0,2095.0,2000.0,2031.6666666666667,-0.09999999999999998,0.16,1426.6896551724137,4.56,8.46,8.79,1.53,23.34,28.56
222,2016,12,Uttar Pradesh,Deoria,0.24,0.45,1831.0,1800.0,2000.0,2095.0,1965.0,0.01722222222222225,0.25,1464.7166666666667,2.63,11.64,5.18,8.88,28.33,32.93
222,2017,12,Uttar Pradesh,Deoria,0.15,0.29,1932.0,1831.0,1800.0,2000.0,1877.0,0.055161114145275914,0.24,1620.1724137931035,3.31,13.53,10.98,3.41,31.23,33.74
222,2018,12,Uttar Pradesh,Deoria,0.19,0.41,2215.0,1932.0,1831.0,1800.0,1854.3333333333333,0.1464803312629399,0.15,1712.9016393442623,4.63,9.45,9.0,3.79,26.87,30.2
222,2019,12,Uttar Pradesh,Deoria,0.14,0.31,2194.0,2215.0,1932.0,1831.0,1992.6666666666667,-0.00948081264108347,0.19,1894.1833333333334,2.38,15.73,3.95,12.19,34.25,38.08
223,1993,12,Uttar Pradesh,Basti,0.1,0.16,1600.0,1588.0,1167.0,1111.0,1288.6666666666667,0.007556675062972307,0.17,1126.1132075471698,4.58,4.31,5.71,6.5,21.1,23.63
223,1994,12,Uttar Pradesh,Basti,0.25,0.33,1320.0,1600.0,1588.0,1167.0,1451.6666666666667,-0.17500000000000004,0.1,1007.6603773584906,3.19,9.64,6.39,4.19,23.41,25.69
223,1995,12,Uttar Pradesh,Basti,0.19,0.34,1789.0,1320.0,1600.0,1588.0,1502.6666666666667,0.35530303030303023,0.25,1217.4285714285713,3.83,4.17,8.09,3.84,19.93,22.43
223,1996,12,Uttar Pradesh,Basti,0.26,0.4,1538.0,1789.0,1320.0,1600.0,1569.6666666666667,-0.1403018446059251,0.19,1118.625,4.09,5.37,10.33,3.34,23.13,30.01
223,1997,12,Uttar Pradesh,Basti,0.08,0.15,1875.0,1538.0,1789.0,1320.0,1549.0,0.21911573472041623,0.26,1335.6029411764705,2.12,5.85,3.66,5.84,17.47,22.44
223,1998,12,Uttar Pradesh,Basti,0.01,0.02,2000.0,1875.0,1538.0,1789.0,1734.0,0.06666666666666665,0.08,1130.3970588235295,1.7,12.88,12.98,2.71,30.270000000000003,34.1
223,1999,12,Uttar Pradesh,Basti,0.01,0.02,2000.0,2000.0,1875.0,1538.0,1804.3333333333333,0.0,0.01,1361.2424242424242,2.33,5.57,5.32,4.12,17.34,21.14
223,2000,12,Uttar Pradesh,Basti,0.01,0.01,1000.0,2000.0,2000.0,1875.0,1958.3333333333333,-0.5,0.01,1263.7462686567164,6.21,6.71,12.46,4.81,30.19,32.54
223,2001,12,Uttar Pradesh,Basti,0.05,0.09,1800.0,1000.0,2000.0,2000.0,1666.6666666666667,0.8,0.01,1174.7910447761194,4.84,7.01,6.58,4.24,22.67,27.92
223,2002,12,Uttar Pradesh,Basti,0.02,0.03,1500.0,1800.0,1000.0,2000.0,1600.0,-0.16666666666666663,0.05,1196.323076923077,2.47,4.32,3.65,5.92,16.36,20.2
223,2003,12,Uttar Pradesh,Basti,0.05,0.08,1600.0,1500.0,1800.0,1000.0,1433.3333333333333,0.06666666666666665,0.02,1157.3809523809523,2.71,5.98,5.26,7.02,20.97,23.63
223,2004,12,Uttar Pradesh,Basti,0.05,0.09,1800.0,1600.0,1500.0,1800.0,1633.3333333333333,0.125,0.05,1357.09375,8.45,8.15,4.6,3.8,25.000000000000004,28.86
223,2005,12,Uttar Pradesh,Basti,0.04,0.07,1750.0,1800.0,1600.0,1500.0,1633.3333333333333,-0.02777777777777779,0.05,1305.0819672131147,3.0,12.58,7.85,4.25,27.68,34.11
223,2006,12,Uttar Pradesh,Basti,0.04,0.07,1750.0,1750.0,1800.0,1600.0,1716.6666666666667,0.0,0.04,1386.5333333333333,7.2,11.07,5.81,3.16,27.24,32.38
223,2007,12,Uttar Pradesh,Basti,0.04,0.06,1500.0,1750.0,1750.0,1800.0,1766.6666666666667,-0.1428571428571429,0.04,1324.3125,2.92,11.13,10.89,7.5,32.44,39.49
223,2008,12,Uttar Pradesh,Basti,0.04,0.07,1750.0,1500.0,1750.0,1750.0,1666.6666666666667,0.16666666666666674,0.04,1478.2131147540983,12.99,18.16,12.93,6.87,50.95,54.33
224,1993,12,Uttar Pradesh,Azamgarh,0.47,0.71,1511.0,1548.0,1194.0,1112.0,1284.6666666666667,-0.02390180878552972,0.31,1126.1132075471698,3.83,3.55,8.73,7.63,23.74,25.97
224,1994,12,Uttar Pradesh,Azamgarh,0.68,0.91,1338.0,1511.0,1548.0,1194.0,1417.6666666666667,-0.11449371277299802,0.47,1007.6603773584906,3.09,8.48,8.02,5.56,25.15,28.01
224,1995,12,Uttar Pradesh,Azamgarh,0.38,0.45,1184.0,1338.0,1511.0,1548.0,1465.6666666666667,-0.1150971599402093,0.68,1217.4285714285713,2.48,4.6,8.65,5.59,21.32,24.97
224,1996,12,Uttar Pradesh,Azamgarh,0.39,0.37,949.0,1184.0,1338.0,1511.0,1344.3333333333333,-0.19847972972972971,0.38,1118.625,5.81,5.47,12.45,4.42,28.15,34.32
224,1997,12,Uttar Pradesh,Azamgarh,0.21,0.22,1048.0,949.0,1184.0,1338.0,1157.0,0.10432033719704958,0.39,1335.6029411764705,3.13,8.47,5.09,7.3,23.99,28.65
224,1998,12,Uttar Pradesh,Azamgarh,0.21,0.26,1238.0,1048.0,949.0,1184.0,1060.3333333333333,0.18129770992366412,0.21,1130.3970588235295,1.25,12.57,16.17,3.75,33.74,37.49
224,1999,12,Uttar Pradesh,Azamgarh,0.19,0.31,1632.0,1238.0,1048.0,949.0,1078.3333333333333,0.31825525040387714,0.21,1361.2424242424242,3.63,7.86,6.24,3.06,20.79,25.08
224,2000,12,Uttar Pradesh,Azamgarh,0.13,0.1,769.0,1632.0,1238.0,1048.0,1306.0,-0.5287990196078431,0.19,1263.7462686567164,6.59,6.84,8.33,7.4,29.16,30.6
224,2001,12,Uttar Pradesh,Azamgarh,0.12,0.14,1167.0,769.0,1632.0,1238.0,1213.0,0.5175552665799741,0.13,1174.7910447761194,4.38,8.44,6.49,5.22,24.53,29.69
224,2002,12,Uttar Pradesh,Azamgarh,0.06,0.08,1333.0,1167.0,769.0,1632.0,1189.3333333333333,0.14224507283633248,0.12,1196.323076923077,2.92,4.05,6.5,5.16,18.63,23.12
224,2003,12,Uttar Pradesh,Azamgarh,0.19,0.26,1368.0,1333.0,1167.0,769.0,1089.6666666666667,0.026256564141035277,0.06,1157.3809523809523,3.33,5.4,4.15,5.25,18.130000000000003,20.48
224,2004,12,Uttar Pradesh,Azamgarh,0.4,0.66,1650.0,1368.0,1333.0,1167.0,1289.3333333333333,0.20614035087719307,0.19,1357.09375,6.06,5.25,4.92,1.35,17.58,20.47
224,2005,12,Uttar Pradesh,Azamgarh,0.11,0.17,1545.0,1650.0,1368.0,1333.0,1450.3333333333333,-0.0636363636363636,0.4,1305.0819672131147,2.09,8.93,8.5,2.98,22.5,27.27
224,2006,12,Uttar Pradesh,Azamgarh,0.11,0.18,1636.0,1545.0,1650.0,1368.0,1521.0,0.05889967637540461,0.11,1386.5333333333333,4.98,8.6,5.01,3.15,21.74,25.11
224,2007,12,Uttar Pradesh,Azamgarh,0.1,0.16,1600.0,1636.0,1545.0,1650.0,1610.3333333333333,-0.022004889975550168,0.11,1324.3125,2.26,7.88,8.98,7.09,26.21,31.93
224,2008,12,Uttar Pradesh,Azamgarh,0.06,0.1,1667.0,1600.0,1636.0,1545.0,1593.6666666666667,0.04187500000000011,0.1,1478.2131147540983,11.81,15.42,10.29,4.26,41.78,44.15
224,2009,12,Uttar Pradesh,Azamgarh,0.13,0.21,1615.0,1667.0,1600.0,1636.0,1634.3333333333333,-0.031193761247750418,0.06,1416.9333333333334,0.97,8.4,5.43,4.3,19.1,22.53
224,2010,12,Uttar Pradesh,Azamgarh,0.11,0.12,1091.0,1615.0,1667.0,1600.0,1627.3333333333333,-0.32445820433436534,0.13,1360.1186440677966,1.28,9.12,7.67,5.86,23.93,26.87
224,2011,12,Uttar Pradesh,Azamgarh,0.06,0.08,1333.0,1091.0,1615.0,1667.0,1457.6666666666667,0.22181484876260305,0.11,1526.8095238095239,6.81,7.65,8.87,7.1,30.43,32.87
224,2012,12,Uttar Pradesh,Azamgarh,0.07,0.13,1857.0,1333.0,1091.0,1615.0,1346.3333333333333,0.3930982745686422,0.06,1586.5967741935483,0.85,11.0,5.5,9.16,26.51,29.11
224,2013,12,Uttar Pradesh,Azamgarh,0.12,0.15,1250.0,1857.0,1333.0,1091.0,1427.0,-0.32687129779213786,0.07,1458.9322033898304,11.44,5.06,5.7,3.87,26.07,34.86
224,2014,12,Uttar Pradesh,Azamgarh,0.07,0.14,2000.0,1250.0,1857.0,1333.0,1480.0,0.6000000000000001,0.12,1524.3559322033898,2.78,7.7,7.99,4.68,23.15,30.48
224,2015,12,Uttar Pradesh,Azamgarh,0.03,0.06,2000.0,2000.0,1250.0,1857.0,1702.3333333333333,0.0,0.07,1426.6896551724137,3.62,7.74,5.98,0.8,18.14,23.23
224,2016,12,Uttar Pradesh,Azamgarh,0.11,0.2,1896.0,2000.0,2000.0,1250.0,1750.0,-0.052000000000000046,0.03,1464.7166666666667,1.81,11.44,8.44,8.25,29.94,32.82
224,2017,12,Uttar Pradesh,Azamgarh,0.11,0.22,1929.0,1896.0,2000.0,2000.0,1965.3333333333333,0.017405063291139333,0.11,1620.1724137931035,2.2,14.52,7.17,2.83,26.72,28.14
224,2018,12,Uttar Pradesh,Azamgarh,0.11,0.22,2076.0,1929.0,1896.0,2000.0,1941.6666666666667,0.07620528771384127,0.11,1712.9016393442623,3.15,8.86,8.91,4.73,25.65,27.42
224,2019,12,Uttar Pradesh,Azamgarh,0.11,0.24,2161.0,2076.0,1929.0,1896.0,1967.0,0.040944123314065495,0.11,1894.1833333333334,1.5,11.96,5.52,13.78,32.76,35.98
225,1993,12,Uttar Pradesh,Lucknow,1.93,1.89,979.0,779.0,532.0,605.0,638.6666666666666,0.25673940949935825,1.99,1126.1132075471698,4.16,4.4,2.13,6.9,17.590000000000003,20.24
225,1994,12,Uttar Pradesh,Lucknow,1.96,1.87,954.0,979.0,779.0,532.0,763.3333333333334,-0.025536261491317713,1.93,1007.6603773584906,2.62,11.03,6.95,1.22,21.82,24.2
225,1995,12,Uttar Pradesh,Lucknow,1.97,1.92,975.0,954.0,979.0,779.0,904.0,0.022012578616352307,1.96,1217.4285714285713,4.12,3.44,7.56,4.41,19.53,20.89
225,1996,12,Uttar Pradesh,Lucknow,2.22,2.09,941.0,975.0,954.0,979.0,969.3333333333334,-0.034871794871794926,1.97,1118.625,2.59,5.66,8.45,4.64,21.34,28.5
225,1997,12,Uttar Pradesh,Lucknow,2.13,2.35,1103.0,941.0,975.0,954.0,956.6666666666666,0.17215727948990445,2.22,1335.6029411764705,1.74,6.13,3.59,5.91,17.37,23.82
225,1998,12,Uttar Pradesh,Lucknow,1.83,0.92,503.0,1103.0,941.0,975.0,1006.3333333333334,-0.543970988213962,2.13,1130.3970588235295,2.54,11.07,8.19,2.62,24.42,28.16
225,1999,12,Uttar Pradesh,Lucknow,1.87,2.03,1086.0,503.0,1103.0,941.0,849.0,1.159045725646123,1.83,1361.2424242424242,1.02,5.92,4.18,7.87,18.99,21.19
225,2000,12,Uttar Pradesh,Lucknow,1.57,1.23,783.0,1086.0,503.0,1103.0,897.3333333333334,-0.27900552486187846,1.87,1263.7462686567164,5.59,5.92,13.43,2.33,27.27,30.24
225,2001,12,Uttar Pradesh,Lucknow,1.56,1.29,827.0,783.0,1086.0,503.0,790.6666666666666,0.056194125159642505,1.57,1174.7910447761194,4.83,6.42,5.57,1.09,17.91,23.42
225,2002,12,Uttar Pradesh,Lucknow,1.44,1.05,729.0,827.0,783.0,1086.0,898.6666666666666,-0.1185006045949214,1.56,1196.323076923077,2.24,4.05,4.5,8.13,18.92,22.48
225,2003,12,Uttar Pradesh,Lucknow,1.71,1.36,795.0,729.0,827.0,783.0,779.6666666666666,0.09053497942386834,1.44,1157.3809523809523,2.19,5.56,7.41,10.16,25.32,29.29
225,2004,12,Uttar Pradesh,Lucknow,1.47,1.57,1068.0,795.0,729.0,827.0,783.6666666666666,0.34339622641509426,1.71,1357.09375,8.07,5.91,4.23,5.34,23.55,27.18
225,2005,12,Uttar Pradesh,Lucknow,1.51,1.12,742.0,1068.0,795.0,729.0,864.0,-0.30524344569288386,1.47,1305.0819672131147,3.1,9.62,3.41,6.58,22.71,26.23
225,2006,12,Uttar Pradesh,Lucknow,1.34,1.62,1209.0,742.0,1068.0,795.0,868.3333333333334,0.6293800539083558,1.51,1386.5333333333333,6.34,11.4,4.44,2.05,24.230000000000004,28.07
225,2007,12,Uttar Pradesh,Lucknow,1.36,1.3,956.0,1209.0,742.0,1068.0,1006.3333333333334,-0.20926385442514472,1.34,1324.3125,3.39,8.73,7.34,3.73,23.19,28.96
225,2008,12,Uttar Pradesh,Lucknow,0.82,0.87,1061.0,956.0,1209.0,742.0,969.0,0.10983263598326354,1.36,1478.2131147540983,8.12,16.86,12.16,9.14,46.28,49.22
225,2009,12,Uttar Pradesh,Lucknow,0.91,0.78,857.0,1061.0,956.0,1209.0,1075.3333333333333,-0.19227144203581525,0.82,1416.9333333333334,1.2,5.66,9.37,9.75,25.98,31.22
225,2010,12,Uttar Pradesh,Lucknow,0.91,1.02,1121.0,857.0,1061.0,956.0,958.0,0.308051341890315,0.91,1360.1186440677966,1.09,8.88,6.21,6.9,23.08,26.43
225,2011,12,Uttar Pradesh,Lucknow,0.9,0.97,1078.0,1121.0,857.0,1061.0,1013.0,-0.038358608385370196,0.91,1526.8095238095239,6.91,8.03,12.83,4.59,32.36,34.01
225,2012,12,Uttar Pradesh,Lucknow,0.81,0.7,864.0,1078.0,1121.0,857.0,1018.6666666666666,-0.1985157699443414,0.9,1586.5967741935483,0.28,9.0,11.39,7.13,27.8,30.44
225,2013,12,Uttar Pradesh,Lucknow,0.79,0.63,797.0,864.0,1078.0,1121.0,1021.0,-0.07754629629629628,0.81,1458.9322033898304,9.65,7.32,6.84,2.35,26.16,33.14
225,2014,12,Uttar Pradesh,Lucknow,0.63,0.67,1063.0,797.0,864.0,1078.0,913.0,0.3337515683814303,0.79,1524.3559322033898,1.07,7.97,3.12,4.17,16.33,21.72
225,2015,12,Uttar Pradesh,Lucknow,0.55,0.64,1164.0,1063.0,797.0,864.0,908.0,0.09501411100658519,0.63,1426.6896551724137,3.0,6.13,4.22,1.11,14.459999999999996,20.53
225,2016,12,Uttar Pradesh,Lucknow,0.87,1.24,1423.0,1164.0,1063.0,797.0,1008.0,0.2225085910652922,0.55,1464.7166666666667,3.41,11.97,6.54,2.77,24.69,28.26
225,2017,12,Uttar Pradesh,Lucknow,0.8,0.9,1128.0,1423.0,1164.0,1063.0,1216.6666666666667,-0.20730850316233307,0.87,1620.1724137931035,3.54,11.23,10.48,3.51,28.76,31.19
225,2018,12,Uttar Pradesh,Lucknow,0.71,0.64,904.0,1128.0,1423.0,1164.0,1238.3333333333333,-0.1985815602836879,0.8,1712.9016393442623,2.45,14.55,16.53,4.48,38.010000000000005,39.5
225,2019,12,Uttar Pradesh,Lucknow,0.91,1.46,1597.0,904.0,1128.0,1423.0,1151.6666666666667,0.7665929203539823,0.71,1894.1833333333334,1.76,15.05,7.76,8.22,32.79,36.7
226,1993,12,Uttar Pradesh,Unnao,1.55,1.52,981.0,779.0,535.0,606.0,640.0,0.25930680359435176,1.81,1126.1132075471698,3.7,3.96,2.19,7.53,17.38,19.81
226,1994,12,Uttar Pradesh,Unnao,1.52,1.45,954.0,981.0,779.0,535.0,765.0,-0.02752293577981646,1.55,1007.6603773584906,2.64,10.95,6.92,1.23,21.74,24.05
226,1995,12,Uttar Pradesh,Unnao,1.43,1.4,979.0,954.0,981.0,779.0,904.6666666666666,0.026205450733752578,1.52,1217.4285714285713,3.69,3.9,7.45,4.88,19.92,21.44
226,1996,12,Uttar Pradesh,Unnao,1.43,1.35,944.0,979.0,954.0,981.0,971.3333333333334,-0.035750766087844776,1.43,1118.625,2.88,5.67,8.44,4.52,21.51,28.55
226,1997,12,Uttar Pradesh,Unnao,1.1,1.21,1100.0,944.0,979.0,954.0,959.0,0.1652542372881356,1.43,1335.6029411764705,1.79,6.43,3.91,6.37,18.5,24.97
226,1998,12,Uttar Pradesh,Unnao,0.9,0.45,500.0,1100.0,944.0,979.0,1007.6666666666666,-0.5454545454545454,1.1,1130.3970588235295,2.45,10.6,8.63,2.91,24.59,27.46
226,1999,12,Uttar Pradesh,Unnao,0.98,1.07,1092.0,500.0,1100.0,944.0,848.0,1.1840000000000002,0.9,1361.2424242424242,1.29,6.66,4.38,7.57,19.9,22.07
226,2000,12,Uttar Pradesh,Unnao,0.87,0.69,793.0,1092.0,500.0,1100.0,897.3333333333334,-0.27380952380952384,0.98,1263.7462686567164,4.85,5.53,11.78,2.51,24.669999999999995,27.24
226,2001,12,Uttar Pradesh,Unnao,0.7,0.58,829.0,793.0,1092.0,500.0,795.0,0.045397225725094525,0.87,1174.7910447761194,4.61,6.87,5.68,1.17,18.33,23.97
226,2002,12,Uttar Pradesh,Unnao,1.09,0.79,725.0,829.0,793.0,1092.0,904.6666666666666,-0.12545235223160434,0.7,1196.323076923077,2.08,3.98,4.89,7.93,18.88,22.68
226,2003,12,Uttar Pradesh,Unnao,1.55,1.23,794.0,725.0,829.0,793.0,782.3333333333334,0.09517241379310337,1.09,1157.3809523809523,2.13,5.05,7.12,10.73,25.03,28.86
226,2004,12,Uttar Pradesh,Unnao,0.45,0.49,1089.0,794.0,725.0,829.0,782.6666666666666,0.371536523929471,1.55,1357.09375,7.73,4.98,4.27,5.1,22.08,25.15
226,2005,12,Uttar Pradesh,Unnao,1.36,1.01,743.0,1089.0,794.0,725.0,869.3333333333334,-0.317722681359045,0.45,1305.0819672131147,3.0,9.47,3.41,5.65,21.53,24.66
226,2006,12,Uttar Pradesh,Unnao,1.48,1.78,1203.0,743.0,1089.0,794.0,875.3333333333334,0.6191117092866756,1.36,1386.5333333333333,5.36,10.68,3.92,1.66,21.62,25.16
226,2007,12,Uttar Pradesh,Unnao,1.8,1.72,956.0,1203.0,743.0,1089.0,1011.6666666666666,-0.20532003325020787,1.48,1324.3125,2.85,7.39,7.12,3.44,20.8,25.92
226,2008,12,Uttar Pradesh,Unnao,1.47,1.55,1054.0,956.0,1203.0,743.0,967.3333333333334,0.10251046025104604,1.8,1478.2131147540983,7.83,15.41,11.55,7.95,42.74000000000001,45.38
226,2009,12,Uttar Pradesh,Unnao,1.36,1.18,868.0,1054.0,956.0,1203.0,1071.0,-0.17647058823529416,1.47,1416.9333333333334,1.08,5.3,7.75,9.23,23.36,28.43
226,2010,12,Uttar Pradesh,Unnao,1.46,1.63,1116.0,868.0,1054.0,956.0,959.3333333333334,0.2857142857142858,1.36,1360.1186440677966,0.97,7.33,5.67,5.27,19.24,22.26
226,2011,12,Uttar Pradesh,Unnao,1.41,1.51,1071.0,1116.0,868.0,1054.0,1012.6666666666666,-0.040322580645161255,1.46,1526.8095238095239,6.23,7.12,10.89,4.13,28.37,29.53
226,2012,12,Uttar Pradesh,Unnao,0.81,0.7,864.0,1071.0,1116.0,868.0,1018.3333333333334,-0.19327731092436973,1.41,1586.5967741935483,0.27,7.86,9.49,6.39,24.01,26.25
226,2013,12,Uttar Pradesh,Unnao,0.96,0.77,802.0,864.0,1071.0,1116.0,1017.0,-0.0717592592592593,0.81,1458.9322033898304,8.33,6.56,6.34,2.06,23.29,30.23
226,2014,12,Uttar Pradesh,Unnao,1.12,1.25,1116.0,802.0,864.0,1071.0,912.3333333333334,0.3915211970074812,0.96,1524.3559322033898,0.91,6.67,2.43,4.09,14.1,19.43
226,2015,12,Uttar Pradesh,Unnao,1.11,1.51,1360.0,1116.0,802.0,864.0,927.3333333333334,0.21863799283154117,1.12,1426.6896551724137,2.19,5.31,3.11,1.33,11.94,17.509999999999998
226,2016,12,Uttar Pradesh,Unnao,1.22,1.66,1366.0,1360.0,1116.0,802.0,1092.6666666666667,0.004411764705882337,1.11,1464.7166666666667,3.55,10.75,7.07,2.4,23.77,26.96
226,2017,12,Uttar Pradesh,Unnao,1.17,0.74,633.0,1366.0,1360.0,1116.0,1280.6666666666667,-0.5366032210834553,1.22,1620.1724137931035,3.17,11.1,9.06,2.88,26.21,27.92
226,2018,12,Uttar Pradesh,Unnao,1.16,1.05,905.0,633.0,1366.0,1360.0,1119.6666666666667,0.429699842022117,1.17,1712.9016393442623,2.54,13.37,14.27,5.19,35.37,36.55
226,2019,12,Uttar Pradesh,Unnao,1.42,2.27,1597.0,905.0,633.0,1366.0,968.0,0.7646408839779006,1.16,1894.1833333333334,1.46,12.96,7.84,9.3,31.56,35.06
228,1993,12,Uttar Pradesh,Sitapur,3.36,3.29,979.0,779.0,533.0,605.0,639.0,0.25673940949935825,3.89,1126.1132075471698,5.03,4.41,2.22,5.67,17.330000000000002,20.22
228,1994,12,Uttar Pradesh,Sitapur,2.81,2.67,950.0,979.0,779.0,533.0,763.6666666666666,-0.02962206332992845,3.36,1007.6603773584906,2.74,10.08,7.77,1.65,22.24,24.7
228,1995,12,Uttar Pradesh,Sitapur,1.89,1.85,979.0,950.0,979.0,779.0,902.6666666666666,0.030526315789473735,2.81,1217.4285714285713,4.51,3.22,8.01,3.52,19.26,20.76
228,1996,12,Uttar Pradesh,Sitapur,1.92,1.81,943.0,979.0,950.0,979.0,969.3333333333334,-0.036772216547497405,1.89,1118.625,2.92,5.8,8.13,4.82,21.67,28.21
228,1997,12,Uttar Pradesh,Sitapur,2.97,3.28,1104.0,943.0,979.0,950.0,957.3333333333334,0.1707317073170731,1.92,1335.6029411764705,2.25,5.52,3.28,4.59,15.64,21.49
228,1998,12,Uttar Pradesh,Sitapur,2.77,1.39,502.0,1104.0,943.0,979.0,1008.6666666666666,-0.5452898550724637,2.97,1130.3970588235295,2.22,10.12,7.9,2.47,22.71,27.52
228,1999,12,Uttar Pradesh,Sitapur,3.55,3.86,1087.0,502.0,1104.0,943.0,849.6666666666666,1.1653386454183265,2.77,1361.2424242424242,1.16,6.02,3.98,6.83,17.990000000000002,20.37
228,2000,12,Uttar Pradesh,Sitapur,3.51,2.75,783.0,1087.0,502.0,1104.0,897.6666666666666,-0.27966881324747006,3.55,1263.7462686567164,6.35,6.01,14.03,2.17,28.56,31.89
228,2001,12,Uttar Pradesh,Sitapur,3.16,2.62,829.0,783.0,1087.0,502.0,790.6666666666666,0.05874840357598976,3.51,1174.7910447761194,5.33,7.46,5.2,1.22,19.21,23.81
228,2002,12,Uttar Pradesh,Sitapur,4.26,2.94,690.0,829.0,783.0,1087.0,899.6666666666666,-0.16767189384800962,3.16,1196.323076923077,2.31,3.51,5.18,7.49,18.49,22.44
228,2003,12,Uttar Pradesh,Sitapur,5.41,4.72,872.0,690.0,829.0,783.0,767.3333333333334,0.2637681159420291,4.26,1157.3809523809523,2.05,6.68,7.74,9.53,26.0,29.87
228,2004,12,Uttar Pradesh,Sitapur,1.69,1.74,1030.0,872.0,690.0,829.0,797.0,0.1811926605504588,5.41,1357.09375,7.77,7.68,4.83,5.02,25.3,29.85
228,2005,12,Uttar Pradesh,Sitapur,4.46,2.92,655.0,1030.0,872.0,690.0,864.0,-0.36407766990291257,1.69,1305.0819672131147,3.55,10.31,5.21,7.66,26.73,31.09
228,2006,12,Uttar Pradesh,Sitapur,4.6,3.49,759.0,655.0,1030.0,872.0,852.3333333333334,0.15877862595419856,4.46,1386.5333333333333,6.82,11.96,4.97,2.56,26.31,30.790000000000003
228,2007,12,Uttar Pradesh,Sitapur,5.02,3.38,673.0,759.0,655.0,1030.0,814.6666666666666,-0.11330698287220031,4.6,1324.3125,4.18,11.03,8.04,4.72,27.97,34.89
228,2008,12,Uttar Pradesh,Sitapur,3.2,2.64,825.0,673.0,759.0,655.0,695.6666666666666,0.22585438335809815,5.02,1478.2131147540983,9.33,17.16,11.93,9.23,47.650000000000006,50.94
228,2009,12,Uttar Pradesh,Sitapur,3.74,2.12,567.0,825.0,673.0,759.0,752.3333333333334,-0.31272727272727274,3.2,1416.9333333333334,1.4,6.42,10.54,9.03,27.39,33.23
228,2010,12,Uttar Pradesh,Sitapur,3.11,2.54,817.0,567.0,825.0,673.0,688.3333333333334,0.44091710758377434,3.74,1360.1186440677966,1.14,10.95,7.27,9.33,28.69,32.36
228,2011,12,Uttar Pradesh,Sitapur,2.24,2.11,942.0,817.0,567.0,825.0,736.3333333333334,0.15299877600979195,3.11,1526.8095238095239,8.66,9.62,13.99,5.53,37.8,40.23
228,2012,12,Uttar Pradesh,Sitapur,1.99,1.69,849.0,942.0,817.0,567.0,775.3333333333334,-0.0987261146496815,2.24,1586.5967741935483,0.41,9.87,11.96,7.84,30.08,33.08
228,2013,12,Uttar Pradesh,Sitapur,1.87,1.52,813.0,849.0,942.0,817.0,869.3333333333334,-0.04240282685512364,1.99,1458.9322033898304,11.55,10.21,8.19,3.45,33.400000000000006,40.64
228,2014,12,Uttar Pradesh,Sitapur,2.48,2.58,1040.0,813.0,849.0,942.0,868.0,0.27921279212792127,1.87,1524.3559322033898,1.44,9.59,4.67,4.49,20.19,25.88
228,2015,12,Uttar Pradesh,Sitapur,2.7,2.57,952.0,1040.0,813.0,849.0,900.6666666666666,-0.08461538461538465,2.48,1426.6896551724137,4.86,6.96,5.88,1.41,19.11,25.85
228,2016,12,Uttar Pradesh,Sitapur,2.52,1.6,637.0,952.0,1040.0,813.0,935.0,-0.3308823529411765,2.7,1464.7166666666667,2.95,15.29,6.15,3.22,27.61,31.69
228,2017,12,Uttar Pradesh,Sitapur,2.36,2.03,862.0,637.0,952.0,1040.0,876.3333333333334,0.3532182103610675,2.52,1620.1724137931035,3.14,10.9,10.32,3.96,28.32,31.68
228,2018,12,Uttar Pradesh,Sitapur,2.9,2.68,922.0,862.0,637.0,952.0,817.0,0.06960556844547572,2.36,1712.9016393442623,2.03,16.52,16.92,3.29,38.76,40.91
228,2019,12,Uttar Pradesh,Sitapur,2.35,1.87,797.0,922.0,862.0,637.0,807.0,-0.13557483731019526,2.9,1894.1833333333334,2.57,16.11,7.27,7.09,33.04,37.72
229,1993,12,Uttar Pradesh,Hardoi,5.69,5.57,979.0,778.0,533.0,606.0,639.0,0.25835475578406175,5.64,1126.1132075471698,4.79,3.97,2.36,5.83,16.95,19.27
229,1994,12,Uttar Pradesh,Hardoi,4.98,4.74,952.0,979.0,778.0,533.0,763.3333333333334,-0.02757916241062308,5.69,1007.6603773584906,2.68,10.69,9.03,0.94,23.34,25.79
229,1995,12,Uttar Pradesh,Hardoi,5.59,5.45,975.0,952.0,979.0,778.0,903.0,0.024159663865546133,4.98,1217.4285714285713,4.65,3.87,9.1,4.01,21.629999999999995,23.26
229,1996,12,Uttar Pradesh,Hardoi,5.13,4.83,942.0,975.0,952.0,979.0,968.6666666666666,-0.03384615384615386,5.59,1118.625,3.36,6.81,9.33,5.59,25.09,31.25
229,1997,12,Uttar Pradesh,Hardoi,6.03,6.65,1103.0,942.0,975.0,952.0,956.3333333333334,0.1709129511677283,5.13,1335.6029411764705,2.86,5.17,4.13,3.58,15.74,21.66
229,1998,12,Uttar Pradesh,Hardoi,5.84,2.94,503.0,1103.0,942.0,975.0,1006.6666666666666,-0.543970988213962,6.03,1130.3970588235295,2.16,9.19,7.74,2.75,21.84,27.36
229,1999,12,Uttar Pradesh,Hardoi,4.68,5.1,1090.0,503.0,1103.0,942.0,849.3333333333334,1.1669980119284293,5.84,1361.2424242424242,0.73,7.72,4.35,7.34,20.14,21.99
229,2000,12,Uttar Pradesh,Hardoi,5.1,3.99,782.0,1090.0,503.0,1103.0,898.6666666666666,-0.28256880733944956,4.68,1263.7462686567164,5.91,6.3,12.1,1.36,25.67,29.04
229,2001,12,Uttar Pradesh,Hardoi,4.55,3.77,829.0,782.0,1090.0,503.0,791.6666666666666,0.06010230179028131,5.1,1174.7910447761194,4.91,9.36,4.36,0.73,19.36,23.16
229,2002,12,Uttar Pradesh,Hardoi,2.41,2.01,834.0,829.0,782.0,1090.0,900.3333333333334,0.006031363088057962,4.55,1196.323076923077,1.84,2.16,7.12,7.75,18.87,23.42
229,2003,12,Uttar Pradesh,Hardoi,5.04,3.45,685.0,834.0,829.0,782.0,815.0,-0.17865707434052758,2.41,1157.3809523809523,1.79,7.4,9.0,10.41,28.6,32.4
229,2004,12,Uttar Pradesh,Hardoi,4.48,4.83,1078.0,685.0,834.0,829.0,782.6666666666666,0.5737226277372263,5.04,1357.09375,6.37,7.19,5.66,3.88,23.1,27.52
229,2005,12,Uttar Pradesh,Hardoi,3.97,3.31,834.0,1078.0,685.0,834.0,865.6666666666666,-0.22634508348794058,4.48,1305.0819672131147,3.2,9.3,3.66,9.36,25.52,28.75
229,2006,12,Uttar Pradesh,Hardoi,4.47,7.46,1669.0,834.0,1078.0,685.0,865.6666666666666,1.001199040767386,3.97,1386.5333333333333,5.17,10.93,3.85,2.59,22.540000000000003,26.05
229,2007,12,Uttar Pradesh,Hardoi,5.72,6.9,1206.0,1669.0,834.0,1078.0,1193.6666666666667,-0.2774116237267825,4.47,1324.3125,4.02,10.37,6.52,4.5,25.41,30.88
229,2008,12,Uttar Pradesh,Hardoi,4.83,5.77,1195.0,1206.0,1669.0,834.0,1236.3333333333333,-0.009121061359867344,5.72,1478.2131147540983,7.81,15.3,10.81,9.16,43.08,45.43
229,2009,12,Uttar Pradesh,Hardoi,4.37,4.82,1103.0,1195.0,1206.0,1669.0,1356.6666666666667,-0.07698744769874477,4.83,1416.9333333333334,1.53,5.91,9.88,8.26,25.58,31.1
229,2010,12,Uttar Pradesh,Hardoi,3.8,4.46,1174.0,1103.0,1195.0,1206.0,1168.0,0.06436990027198553,4.37,1360.1186440677966,0.75,10.92,7.39,10.49,29.55,32.54
229,2011,12,Uttar Pradesh,Hardoi,4.04,3.94,975.0,1174.0,1103.0,1195.0,1157.3333333333333,-0.16950596252129468,3.8,1526.8095238095239,8.1,8.14,12.01,5.35,33.6,35.8
229,2012,12,Uttar Pradesh,Hardoi,4.03,4.85,1203.0,975.0,1174.0,1103.0,1084.0,0.23384615384615381,4.04,1586.5967741935483,0.43,7.84,10.2,5.82,24.29,26.67
229,2013,12,Uttar Pradesh,Hardoi,3.78,4.49,1188.0,1203.0,975.0,1174.0,1117.3333333333333,-0.012468827930174564,4.03,1458.9322033898304,9.73,10.53,8.53,3.3,32.09,38.72
229,2014,12,Uttar Pradesh,Hardoi,3.83,3.79,990.0,1188.0,1203.0,975.0,1122.0,-0.16666666666666663,3.78,1524.3559322033898,0.93,7.21,3.16,3.94,15.24,20.32
229,2015,12,Uttar Pradesh,Hardoi,3.59,5.1,1421.0,990.0,1188.0,1203.0,1127.0,0.4353535353535354,3.83,1426.6896551724137,4.88,6.89,5.54,2.53,19.84,26.11
229,2016,12,Uttar Pradesh,Hardoi,3.48,4.71,1353.0,1421.0,990.0,1188.0,1199.6666666666667,-0.04785362420830397,3.59,1464.7166666666667,2.4,13.34,6.34,2.83,24.91,27.47
229,2017,12,Uttar Pradesh,Hardoi,3.39,4.39,1292.0,1353.0,1421.0,990.0,1254.6666666666667,-0.04508499630450846,3.48,1620.1724137931035,2.65,8.09,8.26,3.63,22.63,24.9
229,2018,12,Uttar Pradesh,Hardoi,3.47,4.66,1342.0,1292.0,1353.0,1421.0,1355.3333333333333,0.03869969040247678,3.39,1712.9016393442623,1.67,15.14,12.22,3.11,32.14,33.71
229,2019,12,Uttar Pradesh,Hardoi,3.43,6.91,2013.0,1342.0,1292.0,1353.0,1329.0,0.5,3.47,1894.1833333333334,1.37,12.3,7.13,5.04,25.84,29.83
230,1993,12,Uttar Pradesh,Kheri,0.3,0.29,967.0,780.0,533.0,604.0,639.0,0.23974358974358978,0.5,1126.1132075471698,6.63,4.46,2.34,4.05,17.48,20.58
230,1994,12,Uttar Pradesh,Kheri,0.39,0.37,949.0,967.0,780.0,533.0,760.0,-0.018614270941054833,0.3,1007.6603773584906,2.67,8.58,8.97,2.19,22.41,25.01
230,1995,12,Uttar Pradesh,Kheri,0.4,0.39,975.0,949.0,967.0,780.0,898.6666666666666,0.027397260273972712,0.39,1217.4285714285713,4.86,3.71,8.53,2.88,19.98,21.79
230,1996,12,Uttar Pradesh,Kheri,0.27,0.26,963.0,975.0,949.0,967.0,963.6666666666666,-0.012307692307692353,0.4,1118.625,3.52,6.04,7.57,5.39,22.520000000000003,28.36
230,1997,12,Uttar Pradesh,Kheri,0.23,0.25,1087.0,963.0,975.0,949.0,962.3333333333334,0.12876427829698867,0.27,1335.6029411764705,3.33,4.85,3.05,2.83,14.06,19.14
230,1998,12,Uttar Pradesh,Kheri,0.2,0.1,500.0,1087.0,963.0,975.0,1008.3333333333334,-0.5400183992640295,0.23,1130.3970588235295,1.66,8.43,7.59,2.12,19.8,25.77
230,1999,12,Uttar Pradesh,Kheri,0.21,0.23,1095.0,500.0,1087.0,963.0,850.0,1.19,0.2,1361.2424242424242,1.54,6.88,3.67,5.2,17.29,19.97
230,2000,12,Uttar Pradesh,Kheri,0.23,0.18,783.0,1095.0,500.0,1087.0,894.0,-0.2849315068493151,0.21,1263.7462686567164,7.43,6.2,13.93,1.95,29.51,33.48
230,2001,12,Uttar Pradesh,Kheri,0.41,0.34,829.0,783.0,1095.0,500.0,792.6666666666666,0.05874840357598976,0.23,1174.7910447761194,6.22,9.42,4.68,1.4,21.72,25.31
230,2002,12,Uttar Pradesh,Kheri,0.4,0.29,725.0,829.0,783.0,1095.0,902.3333333333334,-0.12545235223160434,0.41,1196.323076923077,2.41,2.58,6.3,6.45,17.74,22.43
230,2003,12,Uttar Pradesh,Kheri,0.43,0.35,814.0,725.0,829.0,783.0,779.0,0.12275862068965515,0.4,1157.3809523809523,1.84,8.73,8.19,8.81,27.57,31.4
230,2004,12,Uttar Pradesh,Kheri,0.65,0.69,1062.0,814.0,725.0,829.0,789.3333333333334,0.30466830466830475,0.43,1357.09375,7.2,10.19,5.79,4.35,27.53,33.41
230,2005,12,Uttar Pradesh,Kheri,0.36,0.27,750.0,1062.0,814.0,725.0,867.0,-0.29378531073446323,0.65,1305.0819672131147,4.05,11.92,8.17,8.68,32.82,38.32
230,2006,12,Uttar Pradesh,Kheri,0.36,0.43,1194.0,750.0,1062.0,814.0,875.3333333333334,0.5920000000000001,0.36,1386.5333333333333,7.25,12.97,5.87,2.97,29.06,34.46
230,2007,12,Uttar Pradesh,Kheri,0.28,0.27,964.0,1194.0,750.0,1062.0,1002.0,-0.19262981574539362,0.36,1324.3125,5.51,14.69,9.26,5.83,35.29,43.86
230,2008,12,Uttar Pradesh,Kheri,0.25,0.26,1040.0,964.0,1194.0,750.0,969.3333333333334,0.07883817427385886,0.28,1478.2131147540983,11.38,17.21,11.26,8.95,48.8,52.38
230,2009,12,Uttar Pradesh,Kheri,0.15,0.13,867.0,1040.0,964.0,1194.0,1066.0,-0.1663461538461538,0.25,1416.9333333333334,1.58,7.85,11.9,8.26,29.59,36.19
230,2010,12,Uttar Pradesh,Kheri,0.33,0.37,1121.0,867.0,1040.0,964.0,957.0,0.29296424452133785,0.15,1360.1186440677966,1.12,14.65,8.92,12.76,37.45,41.47
230,2011,12,Uttar Pradesh,Kheri,0.42,0.45,1071.0,1121.0,867.0,1040.0,1009.3333333333334,-0.044603033006244464,0.33,1526.8095238095239,11.62,12.31,15.05,6.99,45.970000000000006,49.6
230,2012,12,Uttar Pradesh,Kheri,0.53,0.45,849.0,1071.0,1121.0,867.0,1019.6666666666666,-0.20728291316526615,0.42,1586.5967741935483,0.73,10.49,12.14,8.79,32.15,35.62
230,2013,12,Uttar Pradesh,Kheri,0.55,0.44,800.0,849.0,1071.0,1121.0,1013.6666666666666,-0.05771495877502941,0.53,1458.9322033898304,14.56,15.21,9.94,4.84,44.55,52.28
230,2014,12,Uttar Pradesh,Kheri,0.28,0.31,1107.0,800.0,849.0,1071.0,906.6666666666666,0.38375000000000004,0.55,1524.3559322033898,2.06,12.4,6.75,4.98,26.19,32.52
230,2015,12,Uttar Pradesh,Kheri,0.28,0.32,1143.0,1107.0,800.0,849.0,918.6666666666666,0.03252032520325199,0.28,1426.6896551724137,7.72,8.07,7.66,1.78,25.23,33.08
230,2016,12,Uttar Pradesh,Kheri,0.56,0.8,1424.0,1143.0,1107.0,800.0,1016.6666666666666,0.24584426946631677,0.28,1464.7166666666667,3.37,18.34,6.33,3.76,31.8,36.28
230,2017,12,Uttar Pradesh,Kheri,0.64,0.72,1128.0,1424.0,1143.0,1107.0,1224.6666666666667,-0.2078651685393258,0.56,1620.1724137931035,2.88,12.22,10.12,4.78,30.0,33.84
230,2018,12,Uttar Pradesh,Kheri,0.43,0.39,904.0,1128.0,1424.0,1143.0,1231.6666666666667,-0.1985815602836879,0.64,1712.9016393442623,2.38,18.6,16.8,3.2,40.98,44.43
230,2019,12,Uttar Pradesh,Kheri,0.75,1.2,1597.0,904.0,1128.0,1424.0,1152.0,0.7665929203539823,0.43,1894.1833333333334,3.6,16.35,6.69,6.95,33.59,39.690000000000005
231,1993,12,Uttar Pradesh,Faizabad,0.15,0.17,1133.0,971.0,842.0,885.0,899.3333333333334,0.16683831101956748,0.35,1126.1132075471698,4.38,4.5,2.97,6.77,18.62,21.33
231,1994,12,Uttar Pradesh,Faizabad,0.36,0.4,1111.0,1133.0,971.0,842.0,982.0,-0.01941747572815533,0.15,1007.6603773584906,2.9,10.77,6.81,2.07,22.55,24.95
231,1995,12,Uttar Pradesh,Faizabad,0.17,0.2,1176.0,1111.0,1133.0,971.0,1071.6666666666667,0.058505850585058417,0.36,1217.4285714285713,3.76,3.33,7.62,3.97,18.68,20.41
231,1996,12,Uttar Pradesh,Faizabad,0.01,0.01,1000.0,1176.0,1111.0,1133.0,1140.0,-0.1496598639455783,0.17,1118.625,3.03,5.52,8.79,4.23,21.57,28.74
231,1997,12,Uttar Pradesh,Faizabad,0.09,0.1,1111.0,1000.0,1176.0,1111.0,1095.6666666666667,0.11099999999999999,0.01,1335.6029411764705,1.84,6.32,3.38,6.18,17.72,23.82
231,1998,12,Uttar Pradesh,Faizabad,0.01,0.01,1000.0,1111.0,1000.0,1176.0,1095.6666666666667,-0.09990999099909992,0.09,1130.3970588235295,2.41,11.69,9.7,2.62,26.42,29.98
231,1999,12,Uttar Pradesh,Faizabad,0.02,0.04,2000.0,1000.0,1111.0,1000.0,1037.0,1.0,0.01,1361.2424242424242,1.53,5.7,4.45,6.86,18.54,21.33
231,2000,12,Uttar Pradesh,Faizabad,0.02,0.03,1500.0,2000.0,1000.0,1111.0,1370.3333333333333,-0.25,0.02,1263.7462686567164,5.88,6.02,13.62,3.21,28.73,31.56
231,2001,12,Uttar Pradesh,Faizabad,0.02,0.03,1500.0,1500.0,2000.0,1000.0,1500.0,0.0,0.02,1174.7910447761194,5.02,6.55,5.91,1.95,19.43,25.02
231,2002,12,Uttar Pradesh,Faizabad,0.01,0.01,1000.0,1500.0,1500.0,2000.0,1666.6666666666667,-0.33333333333333337,0.02,1196.323076923077,2.39,4.43,4.26,7.59,18.67,22.34
231,2007,12,Uttar Pradesh,Faizabad,0.02,0.03,1500.0,1000.0,1500.0,1500.0,1333.3333333333333,0.5,0.01,1324.3125,3.32,9.46,8.61,4.78,26.17,32.55
231,2008,12,Uttar Pradesh,Faizabad,0.02,0.03,1500.0,1500.0,1000.0,1500.0,1333.3333333333333,0.0,0.02,1478.2131147540983,9.76,17.66,12.6,8.42,48.440000000000005,51.64
231,2011,12,Uttar Pradesh,Faizabad,0.01,0.02,2000.0,1500.0,1500.0,1000.0,1333.3333333333333,0.33333333333333326,0.02,1526.8095238095239,7.49,9.34,13.82,5.63,36.28,38.43
231,2012,12,Uttar Pradesh,Faizabad,0.01,0.01,1000.0,2000.0,1500.0,1500.0,1666.6666666666667,-0.5,0.01,1586.5967741935483,0.37,11.18,12.24,9.42,33.21,36.09
231,2014,12,Uttar Pradesh,Faizabad,0.02,0.02,1000.0,1000.0,2000.0,1500.0,1500.0,0.0,0.01,1524.3559322033898,1.74,9.01,4.86,4.5,20.11,26.53
231,2018,12,Uttar Pradesh,Faizabad,0.07,0.14,2075.0,1000.0,1000.0,2000.0,1333.3333333333333,1.0750000000000002,0.02,1712.9016393442623,4.35,15.72,16.28,3.77,40.120000000000005,43.38
232,1993,12,Uttar Pradesh,Gonda,0.13,0.15,1154.0,1000.0,769.0,903.0,890.6666666666666,0.15399999999999991,0.12,1126.1132075471698,4.38,4.5,2.97,6.77,18.62,21.33
232,1994,12,Uttar Pradesh,Gonda,0.12,0.13,1083.0,1154.0,1000.0,769.0,974.3333333333334,-0.06152512998266901,0.13,1007.6603773584906,2.9,10.77,6.81,2.07,22.55,24.95
232,1995,12,Uttar Pradesh,Gonda,0.1,0.12,1200.0,1083.0,1154.0,1000.0,1079.0,0.10803324099723,0.12,1217.4285714285713,3.76,3.33,7.62,3.97,18.68,20.41
232,1996,12,Uttar Pradesh,Gonda,0.11,0.09,818.0,1200.0,1083.0,1154.0,1145.6666666666667,-0.31833333333333336,0.1,1118.625,3.03,5.52,8.79,4.23,21.57,28.74
232,1997,12,Uttar Pradesh,Gonda,0.1,0.18,1800.0,818.0,1200.0,1083.0,1033.6666666666667,1.2004889975550124,0.11,1335.6029411764705,1.84,6.32,3.38,6.18,17.72,23.82
232,1998,12,Uttar Pradesh,Gonda,0.1,0.15,1500.0,1800.0,818.0,1200.0,1272.6666666666667,-0.16666666666666663,0.1,1130.3970588235295,2.41,11.69,9.7,2.62,26.42,29.98
232,1999,12,Uttar Pradesh,Gonda,0.11,0.19,1727.0,1500.0,1800.0,818.0,1372.6666666666667,0.15133333333333332,0.1,1361.2424242424242,1.53,5.7,4.45,6.86,18.54,21.33
232,2000,12,Uttar Pradesh,Gonda,0.13,0.22,1692.0,1727.0,1500.0,1800.0,1675.6666666666667,-0.020266357845975635,0.11,1263.7462686567164,5.88,6.02,13.62,3.21,28.73,31.56
232,2001,12,Uttar Pradesh,Gonda,0.1,0.17,1700.0,1692.0,1727.0,1500.0,1639.6666666666667,0.004728132387706863,0.13,1174.7910447761194,5.02,6.55,5.91,1.95,19.43,25.02
232,2002,12,Uttar Pradesh,Gonda,0.03,0.05,1667.0,1700.0,1692.0,1727.0,1706.3333333333333,-0.01941176470588235,0.1,1196.323076923077,2.39,4.43,4.26,7.59,18.67,22.34
232,2003,12,Uttar Pradesh,Gonda,0.08,0.12,1500.0,1667.0,1700.0,1692.0,1686.3333333333333,-0.10017996400719853,0.03,1157.3809523809523,2.37,5.61,6.74,9.45,24.17,27.73
232,2004,12,Uttar Pradesh,Gonda,0.03,0.05,1667.0,1500.0,1667.0,1700.0,1622.3333333333333,0.11133333333333328,0.08,1357.09375,8.56,6.53,4.24,5.11,24.44,28.07
232,2005,12,Uttar Pradesh,Gonda,0.06,0.11,1833.0,1667.0,1500.0,1667.0,1611.3333333333333,0.09958008398320328,0.03,1305.0819672131147,3.18,10.61,5.0,5.67,24.46,29.09
233,1993,12,Uttar Pradesh,Bahraich,0.24,0.28,1167.0,963.0,800.0,900.0,887.6666666666666,0.21183800623052962,0.27,1126.1132075471698,5.16,4.44,3.38,5.49,18.47,21.5
233,1994,12,Uttar Pradesh,Bahraich,0.24,0.26,1083.0,1167.0,963.0,800.0,976.6666666666666,-0.07197943444730082,0.24,1007.6603773584906,3.16,9.22,6.43,3.08,21.89,24.2
233,1995,12,Uttar Pradesh,Bahraich,0.27,0.32,1185.0,1083.0,1167.0,963.0,1071.0,0.09418282548476453,0.24,1217.4285714285713,4.33,3.31,7.7,2.83,18.17,20.11
233,1996,12,Uttar Pradesh,Bahraich,0.31,0.26,839.0,1185.0,1083.0,1167.0,1145.0,-0.29198312236286916,0.27,1118.625,3.2,5.37,7.8,3.45,19.82,26.22
233,1997,12,Uttar Pradesh,Bahraich,0.32,0.56,1750.0,839.0,1185.0,1083.0,1035.6666666666667,1.0858164481525625,0.31,1335.6029411764705,1.91,5.17,2.99,4.32,14.39,19.4
233,1998,12,Uttar Pradesh,Bahraich,0.28,0.42,1500.0,1750.0,839.0,1185.0,1258.0,-0.1428571428571429,0.32,1130.3970588235295,1.96,10.54,9.18,2.44,24.12,28.33
233,1999,12,Uttar Pradesh,Bahraich,0.29,0.49,1690.0,1500.0,1750.0,839.0,1363.0,0.1266666666666667,0.28,1361.2424242424242,1.83,4.68,4.2,4.63,15.34,18.6
233,2000,12,Uttar Pradesh,Bahraich,0.29,0.5,1724.0,1690.0,1500.0,1750.0,1646.6666666666667,0.020118343195266286,0.29,1263.7462686567164,6.43,5.96,13.94,3.49,29.82,32.83
233,2001,12,Uttar Pradesh,Bahraich,0.21,0.34,1619.0,1724.0,1690.0,1500.0,1638.0,-0.06090487238979114,0.29,1174.7910447761194,5.33,6.46,5.83,2.87,20.49,25.1
233,2002,12,Uttar Pradesh,Bahraich,0.02,0.04,2000.0,1619.0,1724.0,1690.0,1677.6666666666667,0.23533045089561466,0.21,1196.323076923077,2.54,4.1,3.64,5.97,16.25,19.98
233,2003,12,Uttar Pradesh,Bahraich,0.09,0.13,1444.0,2000.0,1619.0,1724.0,1781.0,-0.278,0.02,1157.3809523809523,2.32,6.28,5.99,7.09,21.68,24.97
233,2004,12,Uttar Pradesh,Bahraich,0.01,0.01,1000.0,1444.0,2000.0,1619.0,1687.6666666666667,-0.30747922437673125,0.09,1357.09375,8.42,9.16,4.66,4.8,27.04,31.9
233,2005,12,Uttar Pradesh,Bahraich,0.03,0.05,1667.0,1000.0,1444.0,2000.0,1481.3333333333333,0.667,0.01,1305.0819672131147,3.51,12.59,7.63,5.44,29.17,35.45
233,2006,12,Uttar Pradesh,Bahraich,0.03,0.05,1667.0,1667.0,1000.0,1444.0,1370.3333333333333,0.0,0.03,1386.5333333333333,8.18,12.06,6.06,3.0,29.3,35.05
233,2007,12,Uttar Pradesh,Bahraich,0.01,0.02,2000.0,1667.0,1667.0,1000.0,1444.6666666666667,0.1997600479904018,0.03,1324.3125,4.05,12.52,10.01,6.34,32.92,41.3
233,2008,12,Uttar Pradesh,Bahraich,0.01,0.02,2000.0,2000.0,1667.0,1667.0,1778.0,0.0,0.01,1478.2131147540983,12.53,18.19,12.6,7.86,51.18,55.14
233,2009,12,Uttar Pradesh,Bahraich,0.02,0.03,1500.0,2000.0,2000.0,1667.0,1889.0,-0.25,0.01,1416.9333333333334,1.74,8.04,10.68,7.73,28.19,34.66
233,2010,12,Uttar Pradesh,Bahraich,0.03,0.05,1667.0,1500.0,2000.0,2000.0,1833.3333333333333,0.11133333333333328,0.02,1360.1186440677966,1.93,11.33,8.47,9.33,31.06,34.97
233,2011,12,Uttar Pradesh,Bahraich,0.02,0.04,2000.0,1667.0,1500.0,2000.0,1722.3333333333333,0.1997600479904018,0.03,1526.8095238095239,8.93,11.62,14.31,5.74,40.6,43.89
233,2012,12,Uttar Pradesh,Bahraich,0.02,0.04,2000.0,2000.0,1667.0,1500.0,1722.3333333333333,0.0,0.02,1586.5967741935483,0.71,11.91,12.0,10.53,35.15,38.48
233,2013,12,Uttar Pradesh,Bahraich,0.02,0.05,2500.0,2000.0,2000.0,1667.0,1889.0,0.25,0.02,1458.9322033898304,14.71,10.75,9.21,4.18,38.85,47.54
233,2014,12,Uttar Pradesh,Bahraich,0.03,0.05,1667.0,2500.0,2000.0,2000.0,2166.6666666666665,-0.33320000000000005,0.02,1524.3559322033898,3.05,10.72,8.16,5.26,27.19,34.03
233,2015,12,Uttar Pradesh,Bahraich,0.01,0.01,1000.0,1667.0,2500.0,2000.0,2055.6666666666665,-0.4001199760047991,0.03,1426.6896551724137,5.59,7.25,7.88,0.83,21.55,28.82
233,2016,12,Uttar Pradesh,Bahraich,0.02,0.03,1875.0,1000.0,1667.0,2500.0,1722.3333333333333,0.875,0.01,1464.7166666666667,3.5,18.77,5.87,4.14,32.28,38.45
233,2017,12,Uttar Pradesh,Bahraich,0.01,0.03,1929.0,1875.0,1000.0,1667.0,1514.0,0.028799999999999937,0.02,1620.1724137931035,3.37,13.67,11.52,4.8,33.36,38.17
233,2018,12,Uttar Pradesh,Bahraich,0.03,0.06,2033.0,1929.0,1875.0,1000.0,1601.3333333333333,0.05391394504924829,0.01,1712.9016393442623,2.62,18.6,20.78,3.08,45.08,48.32
233,2019,12,Uttar Pradesh,Bahraich,0.03,0.06,2133.0,2033.0,1929.0,1875.0,1945.6666666666667,0.049188391539596754,0.03,1894.1833333333334,4.17,20.05,6.79,9.06,40.07,45.59
234,1993,12,Uttar Pradesh,Sultanpur,0.65,0.75,1154.0,946.0,812.0,886.0,881.3333333333334,0.2198731501057083,0.74,1126.1132075471698,4.0,3.69,5.79,7.03,20.51,22.8
234,1994,12,Uttar Pradesh,Sultanpur,0.54,0.6,1111.0,1154.0,946.0,812.0,970.6666666666666,-0.03726169844020799,0.65,1007.6603773584906,3.19,9.85,7.11,3.86,24.01,26.36
234,1995,12,Uttar Pradesh,Sultanpur,0.63,0.73,1159.0,1111.0,1154.0,946.0,1070.3333333333333,0.04320432043204314,0.54,1217.4285714285713,3.13,4.13,8.18,4.49,19.93,22.66
234,1996,12,Uttar Pradesh,Sultanpur,0.63,0.52,825.0,1159.0,1111.0,1154.0,1141.3333333333333,-0.28817946505608283,0.63,1118.625,4.6,5.45,10.84,4.02,24.91,31.73
234,1997,12,Uttar Pradesh,Sultanpur,0.53,0.55,1038.0,825.0,1159.0,1111.0,1031.6666666666667,0.2581818181818183,0.63,1335.6029411764705,2.52,6.71,3.76,6.99,19.98,25.16
234,1998,12,Uttar Pradesh,Sultanpur,0.51,0.64,1255.0,1038.0,825.0,1159.0,1007.3333333333334,0.2090558766859345,0.53,1130.3970588235295,1.7,12.31,14.04,3.03,31.08,34.28
234,1999,12,Uttar Pradesh,Sultanpur,0.56,0.86,1536.0,1255.0,1038.0,825.0,1039.3333333333333,0.22390438247011946,0.51,1361.2424242424242,2.8,7.25,5.57,4.57,20.19,23.79
234,2000,12,Uttar Pradesh,Sultanpur,0.62,0.96,1548.0,1536.0,1255.0,1038.0,1276.3333333333333,0.0078125,0.56,1263.7462686567164,5.62,6.12,10.44,5.23,27.41,29.27
234,2001,12,Uttar Pradesh,Sultanpur,0.5,0.63,1260.0,1548.0,1536.0,1255.0,1446.3333333333333,-0.18604651162790697,0.62,1174.7910447761194,4.55,8.1,6.6,3.73,22.98,28.21
234,2002,12,Uttar Pradesh,Sultanpur,0.4,0.55,1375.0,1260.0,1548.0,1536.0,1448.0,0.09126984126984117,0.5,1196.323076923077,2.38,4.02,5.35,6.21,17.96,22.2
234,2003,12,Uttar Pradesh,Sultanpur,0.26,0.36,1385.0,1375.0,1260.0,1548.0,1394.3333333333333,0.0072727272727273196,0.4,1157.3809523809523,2.54,5.41,5.23,8.12,21.3,23.75
234,2004,12,Uttar Pradesh,Sultanpur,1.0,1.6,1600.0,1385.0,1375.0,1260.0,1340.0,0.15523465703971118,0.26,1357.09375,7.38,5.95,4.58,3.1,21.01,24.02
234,2005,12,Uttar Pradesh,Sultanpur,0.35,0.53,1514.0,1600.0,1385.0,1375.0,1453.3333333333333,-0.053749999999999964,1.0,1305.0819672131147,2.79,10.4,7.47,3.89,24.55,29.68
234,2006,12,Uttar Pradesh,Sultanpur,0.25,0.38,1520.0,1514.0,1600.0,1385.0,1499.6666666666667,0.003963011889035695,0.35,1386.5333333333333,5.15,9.84,4.72,2.48,22.19,26.18
234,2007,12,Uttar Pradesh,Sultanpur,0.24,0.37,1542.0,1520.0,1514.0,1600.0,1544.6666666666667,0.014473684210526416,0.25,1324.3125,2.33,8.37,9.69,6.52,26.91,32.61
234,2008,12,Uttar Pradesh,Sultanpur,0.25,0.42,1680.0,1542.0,1520.0,1514.0,1525.3333333333333,0.08949416342412442,0.24,1478.2131147540983,11.48,16.25,11.6,5.68,45.01,47.61
234,2009,12,Uttar Pradesh,Sultanpur,0.27,0.45,1667.0,1680.0,1542.0,1520.0,1580.6666666666667,-0.007738095238095211,0.25,1416.9333333333334,1.2,8.27,6.58,6.34,22.39,26.8
234,2010,12,Uttar Pradesh,Sultanpur,0.15,0.13,867.0,1667.0,1680.0,1542.0,1629.6666666666667,-0.47990401919616077,0.27,1360.1186440677966,1.34,9.68,7.19,6.52,24.73,27.57
234,2011,12,Uttar Pradesh,Sultanpur,0.15,0.28,1867.0,867.0,1667.0,1680.0,1404.6666666666667,1.1534025374855825,0.15,1526.8095238095239,7.13,9.01,11.0,6.59,33.730000000000004,36.03
234,2012,12,Uttar Pradesh,Sultanpur,0.14,0.12,857.0,1867.0,867.0,1667.0,1467.0,-0.5409748259239422,0.15,1586.5967741935483,0.57,11.5,8.42,11.01,31.5,34.03
234,2013,12,Uttar Pradesh,Sultanpur,0.16,0.15,938.0,857.0,1867.0,867.0,1197.0,0.09451575262543765,0.14,1458.9322033898304,13.34,6.67,7.33,3.09,30.43,39.66
234,2014,12,Uttar Pradesh,Sultanpur,0.17,0.21,1235.0,938.0,857.0,1867.0,1220.6666666666667,0.3166311300639659,0.16,1524.3559322033898,2.68,7.59,6.6,4.73,21.6,28.83
234,2015,12,Uttar Pradesh,Sultanpur,0.13,0.07,538.0,1235.0,938.0,857.0,1010.0,-0.5643724696356276,0.17,1426.6896551724137,3.41,6.92,5.68,0.71,16.72,22.57
234,2016,12,Uttar Pradesh,Sultanpur,0.13,0.11,799.0,538.0,1235.0,938.0,903.6666666666666,0.4851301115241635,0.13,1464.7166666666667,2.98,12.82,7.76,5.58,29.14,32.96
234,2017,12,Uttar Pradesh,Sultanpur,0.13,0.26,1970.0,799.0,538.0,1235.0,857.3333333333334,1.4655819774718397,0.13,1620.1724137931035,3.26,14.18,10.11,3.78,31.33,33.55
234,2018,12,Uttar Pradesh,Sultanpur,0.2,0.42,2069.0,1970.0,799.0,538.0,1102.3333333333333,0.05025380710659899,0.13,1712.9016393442623,3.3,12.95,15.29,4.69,36.23,38.07
234,2019,12,Uttar Pradesh,Sultanpur,0.21,0.46,2164.0,2069.0,1970.0,799.0,1612.6666666666667,0.045915901401643255,0.2,1894.1833333333334,1.99,15.49,6.53,12.21,36.22,39.98
235,1993,12,Uttar Pradesh,Pratapgarh,16.12,15.85,983.0,1170.0,756.0,900.0,942.0,-0.15982905982905982,16.31,1126.1132075471698,3.41,2.86,2.9,7.69,16.86,19.03
235,1994,12,Uttar Pradesh,Pratapgarh,15.73,16.84,1071.0,983.0,1170.0,756.0,969.6666666666666,0.08952187182095628,16.12,1007.6603773584906,3.09,10.6,7.79,2.14,23.62,25.85
235,1995,12,Uttar Pradesh,Pratapgarh,15.44,23.82,1543.0,1071.0,983.0,1170.0,1074.6666666666667,0.4407096171802054,15.73,1217.4285714285713,2.81,4.21,7.92,4.65,19.59,22.07
235,1996,12,Uttar Pradesh,Pratapgarh,14.32,17.8,1243.0,1543.0,1071.0,983.0,1199.0,-0.19442644199611148,15.44,1118.625,4.66,5.81,9.07,4.29,23.83,30.01
235,1997,12,Uttar Pradesh,Pratapgarh,14.32,17.91,1251.0,1243.0,1543.0,1071.0,1285.6666666666667,0.006436041834271933,14.32,1335.6029411764705,2.53,7.25,3.78,7.07,20.63,26.32
235,1998,12,Uttar Pradesh,Pratapgarh,19.82,12.36,624.0,1251.0,1243.0,1543.0,1345.6666666666667,-0.5011990407673861,14.32,1130.3970588235295,2.04,9.27,11.37,3.69,26.37,28.33
235,1999,12,Uttar Pradesh,Pratapgarh,13.99,11.31,808.0,624.0,1251.0,1243.0,1039.3333333333333,0.29487179487179493,19.82,1361.2424242424242,2.76,8.96,5.16,5.72,22.6,25.26
235,2000,12,Uttar Pradesh,Pratapgarh,13.95,14.43,1034.0,808.0,624.0,1251.0,894.3333333333334,0.27970297029702973,13.99,1263.7462686567164,3.93,4.57,8.41,3.84,20.75,22.49
235,2001,12,Uttar Pradesh,Pratapgarh,14.04,16.31,1162.0,1034.0,808.0,624.0,822.0,0.12379110251450687,13.95,1174.7910447761194,4.62,9.16,6.12,2.18,22.08,27.11
235,2002,12,Uttar Pradesh,Pratapgarh,15.01,14.09,939.0,1162.0,1034.0,808.0,1001.3333333333334,-0.19191049913941483,14.04,1196.323076923077,1.8,3.74,7.13,6.93,19.6,24.38
235,2003,12,Uttar Pradesh,Pratapgarh,13.44,16.51,1228.0,939.0,1162.0,1034.0,1045.0,0.30777422790202347,15.01,1157.3809523809523,1.92,4.9,6.35,11.86,25.03,27.87
235,2004,12,Uttar Pradesh,Pratapgarh,14.57,11.67,801.0,1228.0,939.0,1162.0,1109.6666666666667,-0.34771986970684043,13.44,1357.09375,6.99,4.38,4.7,4.21,20.28,22.67
235,2005,12,Uttar Pradesh,Pratapgarh,12.84,12.14,945.0,801.0,1228.0,939.0,989.3333333333334,0.1797752808988764,14.57,1305.0819672131147,3.2,9.78,6.08,4.16,23.22,26.78
235,2006,12,Uttar Pradesh,Pratapgarh,10.16,9.48,933.0,945.0,801.0,1228.0,991.3333333333334,-0.012698412698412653,12.84,1386.5333333333333,3.04,9.7,3.27,1.42,17.43,20.78
235,2007,12,Uttar Pradesh,Pratapgarh,10.08,7.46,740.0,933.0,945.0,801.0,893.0,-0.20685959271168275,10.16,1324.3125,1.97,6.39,8.26,4.67,21.29,26.02
235,2008,12,Uttar Pradesh,Pratapgarh,10.98,7.67,699.0,740.0,933.0,945.0,872.6666666666666,-0.055405405405405395,10.08,1478.2131147540983,9.72,13.47,10.79,4.76,38.74,40.99
235,2009,12,Uttar Pradesh,Pratapgarh,10.62,6.63,624.0,699.0,740.0,933.0,790.6666666666666,-0.10729613733905574,10.98,1416.9333333333334,1.04,5.87,4.51,7.12,18.54,22.88
235,2010,12,Uttar Pradesh,Pratapgarh,10.44,7.92,759.0,624.0,699.0,740.0,687.6666666666666,0.21634615384615374,10.62,1360.1186440677966,0.62,6.98,4.97,4.01,16.58,19.27
235,2011,12,Uttar Pradesh,Pratapgarh,10.31,7.85,761.0,759.0,624.0,699.0,694.0,0.0026350461133068936,10.44,1526.8095238095239,7.66,7.64,10.14,6.92,32.36,33.63
235,2012,12,Uttar Pradesh,Pratapgarh,10.95,8.42,769.0,761.0,759.0,624.0,714.6666666666666,0.010512483574244502,10.31,1586.5967741935483,0.36,11.21,8.89,10.19,30.65,32.75
235,2013,12,Uttar Pradesh,Pratapgarh,10.82,8.85,818.0,769.0,761.0,759.0,763.0,0.06371911573472033,10.95,1458.9322033898304,10.29,7.09,7.5,1.98,26.86,36.34
235,2014,12,Uttar Pradesh,Pratapgarh,9.86,7.73,784.0,818.0,769.0,761.0,782.6666666666666,-0.041564792176039145,10.82,1524.3559322033898,1.14,6.99,3.88,3.93,15.94,22.77
235,2015,12,Uttar Pradesh,Pratapgarh,9.28,6.68,720.0,784.0,818.0,769.0,790.3333333333334,-0.08163265306122447,9.86,1426.6896551724137,3.38,7.06,5.4,0.82,16.66,22.08
235,2016,12,Uttar Pradesh,Pratapgarh,10.28,8.54,831.0,720.0,784.0,818.0,774.0,0.15416666666666656,9.28,1464.7166666666667,1.94,11.5,9.43,7.34,30.21,32.9
235,2017,12,Uttar Pradesh,Pratapgarh,9.44,7.4,784.0,831.0,720.0,784.0,778.3333333333334,-0.056558363417569146,10.28,1620.1724137931035,2.35,14.75,7.15,3.01,27.26,28.55
235,2018,12,Uttar Pradesh,Pratapgarh,10.27,14.38,1400.0,784.0,831.0,720.0,778.3333333333334,0.7857142857142858,9.44,1712.9016393442623,3.04,9.64,9.8,4.78,27.26,28.790000000000003
235,2019,12,Uttar Pradesh,Pratapgarh,11.48,14.07,1226.0,1400.0,784.0,831.0,1005.0,-0.12428571428571433,10.27,1894.1833333333334,1.37,11.91,6.37,13.98,33.63,37.02
236,1993,12,Uttar Pradesh,Barabanki,0.85,0.98,1153.0,952.0,815.0,886.0,884.3333333333334,0.21113445378151252,0.83,1126.1132075471698,4.46,4.4,3.83,6.68,19.37,22.04
236,1994,12,Uttar Pradesh,Barabanki,0.7,0.77,1100.0,1153.0,952.0,815.0,973.3333333333334,-0.04596704249783179,0.85,1007.6603773584906,3.01,10.4,6.67,2.76,22.84,25.19
236,1995,12,Uttar Pradesh,Barabanki,0.83,0.97,1169.0,1100.0,1153.0,952.0,1068.3333333333333,0.06272727272727274,0.7,1217.4285714285713,3.83,3.57,7.77,3.87,19.04,21.03
236,1996,12,Uttar Pradesh,Barabanki,0.88,0.73,830.0,1169.0,1100.0,1153.0,1140.6666666666667,-0.2899914456800684,0.83,1118.625,3.37,5.5,9.23,3.92,22.020000000000003,29.05
236,1997,12,Uttar Pradesh,Barabanki,0.84,0.88,1048.0,830.0,1169.0,1100.0,1033.0,0.26265060240963845,0.88,1335.6029411764705,1.93,6.15,3.46,6.01,17.549999999999997,23.23
236,1998,12,Uttar Pradesh,Barabanki,0.89,1.1,1236.0,1048.0,830.0,1169.0,1015.6666666666666,0.17938931297709915,0.84,1130.3970588235295,2.18,12.0,10.74,2.69,27.610000000000003,31.24
236,1999,12,Uttar Pradesh,Barabanki,0.79,1.2,1519.0,1236.0,1048.0,830.0,1038.0,0.22896440129449847,0.89,1361.2424242424242,1.8,5.67,4.72,5.9,18.09,21.24
236,2000,12,Uttar Pradesh,Barabanki,0.82,1.28,1561.0,1519.0,1236.0,1048.0,1267.6666666666667,0.02764976958525356,0.79,1263.7462686567164,5.94,6.19,13.29,3.72,29.14,31.79
236,2001,12,Uttar Pradesh,Barabanki,0.9,1.13,1256.0,1561.0,1519.0,1236.0,1438.6666666666667,-0.19538757206918644,0.82,1174.7910447761194,4.97,6.77,6.14,2.69,20.57,26.0
236,2002,12,Uttar Pradesh,Barabanki,1.11,1.53,1378.0,1256.0,1561.0,1519.0,1445.3333333333333,0.09713375796178347,0.9,1196.323076923077,2.4,4.39,4.08,7.01,17.88,21.63
236,2003,12,Uttar Pradesh,Barabanki,0.97,1.33,1371.0,1378.0,1256.0,1561.0,1398.3333333333333,-0.005079825834542806,1.11,1157.3809523809523,2.45,5.74,6.25,8.67,23.11,26.35
236,2004,12,Uttar Pradesh,Barabanki,0.85,1.36,1600.0,1371.0,1378.0,1256.0,1335.0,0.16703136396790663,0.97,1357.09375,8.5,7.11,4.38,4.68,24.67,28.39
236,2005,12,Uttar Pradesh,Barabanki,0.86,1.3,1512.0,1600.0,1371.0,1378.0,1449.6666666666667,-0.05500000000000005,0.85,1305.0819672131147,3.11,11.37,6.01,5.2,25.69,30.93
236,2006,12,Uttar Pradesh,Barabanki,0.93,1.4,1505.0,1512.0,1600.0,1371.0,1494.3333333333333,-0.00462962962962965,0.86,1386.5333333333333,6.83,11.44,5.33,2.6,26.200000000000003,30.83
236,2007,12,Uttar Pradesh,Barabanki,0.91,1.41,1549.0,1505.0,1512.0,1600.0,1539.0,0.0292358803986712,0.93,1324.3125,3.18,10.07,9.37,5.77,28.39,35.01
236,2008,12,Uttar Pradesh,Barabanki,0.72,1.2,1667.0,1549.0,1505.0,1512.0,1522.0,0.07617817947062622,0.91,1478.2131147540983,10.89,17.76,12.68,7.84,49.17,52.440000000000005
236,2009,12,Uttar Pradesh,Barabanki,0.7,1.18,1686.0,1667.0,1549.0,1505.0,1573.6666666666667,0.01139772045590881,0.72,1416.9333333333334,1.45,7.63,9.18,8.36,26.62,32.01
236,2010,12,Uttar Pradesh,Barabanki,0.64,0.55,859.0,1686.0,1667.0,1549.0,1634.0,-0.49051008303677346,0.7,1360.1186440677966,1.54,10.36,7.42,7.72,27.04,30.39
236,2011,12,Uttar Pradesh,Barabanki,0.61,1.13,1852.0,859.0,1686.0,1667.0,1404.0,1.1559953434225845,0.64,1526.8095238095239,7.51,9.83,13.32,5.71,36.37,38.82
236,2012,12,Uttar Pradesh,Barabanki,0.52,0.34,654.0,1852.0,859.0,1686.0,1465.6666666666667,-0.6468682505399568,0.61,1586.5967741935483,0.5,11.3,11.33,10.19,33.32,36.12
236,2013,12,Uttar Pradesh,Barabanki,0.48,0.45,938.0,654.0,1852.0,859.0,1121.6666666666667,0.43425076452599387,0.52,1458.9322033898304,13.28,7.87,7.95,3.08,32.18,40.8
236,2014,12,Uttar Pradesh,Barabanki,0.58,0.71,1224.0,938.0,654.0,1852.0,1148.0,0.3049040511727079,0.48,1524.3559322033898,2.44,8.7,6.05,4.83,22.02,28.76
236,2015,12,Uttar Pradesh,Barabanki,0.45,0.24,533.0,1224.0,938.0,654.0,938.6666666666666,-0.5645424836601307,0.58,1426.6896551724137,3.84,6.94,6.15,0.7,17.63,24.06
236,2016,12,Uttar Pradesh,Barabanki,0.42,0.31,736.0,533.0,1224.0,938.0,898.3333333333334,0.38086303939962485,0.45,1464.7166666666667,3.51,14.82,6.62,4.2,29.15,34.15
236,2017,12,Uttar Pradesh,Barabanki,0.55,1.09,1973.0,736.0,533.0,1224.0,831.0,1.6807065217391304,0.42,1620.1724137931035,3.73,13.58,11.53,4.47,33.309999999999995,36.67
236,2018,12,Uttar Pradesh,Barabanki,0.64,1.33,2069.0,1973.0,736.0,533.0,1080.6666666666667,0.048656867714140795,0.55,1712.9016393442623,2.96,15.96,19.51,4.23,42.66000000000001,44.84
236,2019,12,Uttar Pradesh,Barabanki,0.44,0.96,2160.0,2069.0,1973.0,736.0,1592.6666666666667,0.04398260028999523,0.64,1894.1833333333334,2.76,18.33,7.02,10.11,38.22,42.55
501,2018,14,Chhattisgarh,Rajnandgaon,0.01,0.01,1250.0,1433.0,1000.0,1000.0,1144.3333333333333,-0.1277041172365666,1.34,684.0,5.72,12.46,10.74,3.38,32.300000000000004,36.52
503,1993,1,Andhra Pradesh,Vizianagaram,5.0,4.0,800.0,873.0,929.0,1072.0,958.0,-0.08361970217640324,5.42,1079.5454545454545,4.58,3.49,5.35,8.87,22.29,33.88
503,1994,1,Andhra Pradesh,Vizianagaram,6.0,7.0,1167.0,800.0,873.0,929.0,867.3333333333334,0.45875,5.0,1245.9,1.22,10.68,5.08,4.09,21.07,39.96
503,1995,1,Andhra Pradesh,Vizianagaram,5.0,5.0,1000.0,1167.0,800.0,873.0,946.6666666666666,-0.14310197086546705,6.0,1337.2,4.89,8.82,4.89,7.58,26.18,56.02
503,1996,1,Andhra Pradesh,Vizianagaram,5.0,6.0,1200.0,1000.0,1167.0,800.0,989.0,0.19999999999999996,5.0,1181.7,14.91,3.76,8.27,6.55,33.49,48.13
503,1997,1,Andhra Pradesh,Vizianagaram,5.0,4.0,800.0,1200.0,1000.0,1167.0,1122.3333333333333,-0.33333333333333337,5.0,1110.6,1.75,5.91,9.84,8.53,26.03,38.77
503,1998,1,Andhra Pradesh,Vizianagaram,4.0,5.0,1250.0,800.0,1200.0,1000.0,1000.0,0.5625,5.0,1243.7,6.66,7.08,7.56,10.15,31.450000000000003,55.68
503,1999,1,Andhra Pradesh,Vizianagaram,3.91,3.72,951.0,1250.0,800.0,1200.0,1083.3333333333333,-0.23919999999999997,4.0,1046.5454545454545,6.36,2.5,8.77,3.36,20.99,29.21
503,2000,1,Andhra Pradesh,Vizianagaram,3.62,4.08,1127.0,951.0,1250.0,800.0,1000.3333333333334,0.18506834910620396,3.91,1221.3636363636363,5.95,2.52,7.91,7.38,23.76,31.2
503,2001,1,Andhra Pradesh,Vizianagaram,2.72,2.96,1088.0,1127.0,951.0,1250.0,1109.3333333333333,-0.034605146406388676,3.62,1064.2727272727273,2.94,3.21,6.29,7.59,20.03,33.47
503,2002,1,Andhra Pradesh,Vizianagaram,3.0,3.0,1000.0,1088.0,1127.0,951.0,1055.3333333333333,-0.08088235294117652,2.72,953.9090909090909,5.6,3.49,6.22,1.55,16.86,24.3
503,2003,1,Andhra Pradesh,Vizianagaram,1.57,2.04,1299.0,1000.0,1088.0,1127.0,1071.6666666666667,0.29899999999999993,3.0,1247.2307692307693,1.61,10.55,4.99,5.67,22.82,43.26
503,2004,1,Andhra Pradesh,Vizianagaram,1.69,1.3,769.0,1299.0,1000.0,1088.0,1129.0,-0.40800615858352574,1.57,1120.75,6.21,9.62,4.02,5.88,25.73,34.95
503,2005,1,Andhra Pradesh,Vizianagaram,0.97,0.68,701.0,769.0,1299.0,1000.0,1022.6666666666666,-0.08842652795838757,1.69,1101.25,3.1,5.43,3.3,20.95,32.78,54.17
503,2006,1,Andhra Pradesh,Vizianagaram,1.61,1.88,1168.0,701.0,769.0,1299.0,923.0,0.666191155492154,0.97,972.1818181818181,4.91,5.88,12.39,11.67,34.85,48.89
503,2007,1,Andhra Pradesh,Vizianagaram,1.46,2.41,1651.0,1168.0,701.0,769.0,879.3333333333334,0.413527397260274,1.61,1586.4,12.42,3.95,5.43,9.67,31.47,43.35
503,2008,1,Andhra Pradesh,Vizianagaram,1.35,1.37,1015.0,1651.0,1168.0,701.0,1173.3333333333333,-0.38522107813446393,1.46,1445.7,4.71,7.08,7.39,7.24,26.42,38.02
503,2009,1,Andhra Pradesh,Vizianagaram,0.85,0.9,1059.0,1015.0,1651.0,1168.0,1278.0,0.04334975369458127,1.35,1599.0,4.23,6.41,4.89,4.92,20.450000000000003,28.39
503,2010,1,Andhra Pradesh,Vizianagaram,0.62,0.36,581.0,1059.0,1015.0,1651.0,1241.6666666666667,-0.45136921624173754,0.85,1570.8181818181818,7.1,9.08,9.32,6.16,31.66,63.9
503,2011,1,Andhra Pradesh,Vizianagaram,0.15,0.11,733.0,581.0,1059.0,1015.0,885.0,0.26161790017211706,0.62,1540.090909090909,1.86,8.01,5.8,4.69,20.36,30.02
503,2012,1,Andhra Pradesh,Vizianagaram,0.35,0.28,800.0,733.0,581.0,1059.0,791.0,0.09140518417462484,0.15,1697.090909090909,2.93,8.31,7.66,10.61,29.51,44.81
503,2013,1,Andhra Pradesh,Vizianagaram,0.21,0.19,905.0,800.0,733.0,581.0,704.6666666666666,0.1312500000000001,0.35,1620.1818181818182,5.2,4.75,4.7,6.67,21.32,45.83
503,2014,1,Andhra Pradesh,Vizianagaram,0.13,0.1,769.0,905.0,800.0,733.0,812.6666666666666,-0.15027624309392262,0.21,1561.909090909091,4.36,8.8,9.28,7.71,30.15,43.56
503,2015,1,Andhra Pradesh,Vizianagaram,0.2,0.36,1800.0,769.0,905.0,800.0,824.6666666666666,1.3407022106631992,0.13,1891.8181818181818,15.69,4.69,10.34,10.46,41.18,52.78
503,2016,1,Andhra Pradesh,Vizianagaram,0.09,0.11,1222.0,1800.0,769.0,905.0,1158.0,-0.3211111111111111,0.2,1743.909090909091,9.75,10.02,7.77,9.26,36.8,46.67
503,2017,1,Andhra Pradesh,Vizianagaram,0.11,0.16,1455.0,1222.0,1800.0,769.0,1263.6666666666667,0.19067103109656292,0.09,1854.7272727272727,8.53,12.12,8.92,4.53,34.1,44.51
503,2018,1,Andhra Pradesh,Vizianagaram,0.08,0.09,1122.0,1455.0,1222.0,1800.0,1492.3333333333333,-0.22886597938144326,0.11,1301.090909090909,4.0,8.58,13.73,6.04,32.35,42.4
503,2019,1,Andhra Pradesh,Vizianagaram,0.03,0.04,1206.0,1122.0,1455.0,1222.0,1266.3333333333333,0.07486631016042788,0.08,2004.0,5.46,9.14,10.6,10.0,35.2,49.23
504,1993,1,Andhra Pradesh,Prakasam,19.0,26.0,1368.0,1095.0,1078.0,1178.0,1117.0,0.24931506849315066,30.31,1079.5454545454545,0.69,3.22,3.96,2.44,10.31,26.77
504,1994,1,Andhra Pradesh,Prakasam,15.0,15.0,1000.0,1368.0,1095.0,1078.0,1180.3333333333333,-0.26900584795321636,19.0,1245.9,0.97,4.74,4.04,1.01,10.76,38.93
504,1995,1,Andhra Pradesh,Prakasam,17.0,31.0,1824.0,1000.0,1368.0,1095.0,1154.3333333333333,0.8240000000000001,15.0,1337.2,1.09,3.7,3.37,4.27,12.43,29.88
504,1996,1,Andhra Pradesh,Prakasam,20.0,30.0,1500.0,1824.0,1000.0,1368.0,1397.3333333333333,-0.17763157894736847,17.0,1181.7,8.99,3.28,3.81,3.27,19.35,36.14
504,1997,1,Andhra Pradesh,Prakasam,13.0,13.0,1000.0,1500.0,1824.0,1000.0,1441.3333333333333,-0.33333333333333337,20.0,1110.6,1.27,3.94,2.72,8.64,16.57,35.92
504,1998,1,Andhra Pradesh,Prakasam,17.0,25.0,1471.0,1000.0,1500.0,1824.0,1441.3333333333333,0.4710000000000001,13.0,1243.7,1.49,2.66,4.26,6.47,14.88,27.56
504,1999,1,Andhra Pradesh,Prakasam,16.12,21.63,1342.0,1471.0,1000.0,1500.0,1323.6666666666667,-0.08769544527532291,17.0,1046.5454545454545,1.2,2.17,2.77,2.17,8.31,15.77
504,2000,1,Andhra Pradesh,Prakasam,30.35,45.59,1502.0,1342.0,1471.0,1000.0,1271.0,0.11922503725782407,16.12,1221.3636363636363,4.02,4.01,8.28,3.9,20.21,31.24
504,2001,1,Andhra Pradesh,Prakasam,8.69,10.67,1228.0,1502.0,1342.0,1471.0,1438.3333333333333,-0.18242343541944073,30.35,1064.2727272727273,1.5,1.54,3.49,4.77,11.3,27.65
504,2002,1,Andhra Pradesh,Prakasam,10.0,9.0,900.0,1228.0,1502.0,1342.0,1357.3333333333333,-0.2671009771986971,8.69,953.9090909090909,1.1,1.43,4.3,1.81,8.64,25.48
504,2003,1,Andhra Pradesh,Prakasam,26.63,37.42,1405.0,900.0,1228.0,1502.0,1210.0,0.5611111111111111,10.0,1247.2307692307693,1.29,6.2,2.48,3.68,13.65,25.08
504,2004,1,Andhra Pradesh,Prakasam,17.79,21.13,1188.0,1405.0,900.0,1228.0,1177.6666666666667,-0.1544483985765125,26.63,1120.75,1.32,3.17,1.21,4.98,10.68,24.44
504,2005,1,Andhra Pradesh,Prakasam,16.68,27.28,1635.0,1188.0,1405.0,900.0,1164.3333333333333,0.3762626262626263,17.79,1101.25,0.96,3.63,2.43,5.51,12.53,34.57
504,2006,1,Andhra Pradesh,Prakasam,9.48,11.07,1168.0,1635.0,1188.0,1405.0,1409.3333333333333,-0.28562691131498474,16.68,972.1818181818181,2.71,2.65,1.86,4.64,11.86,35.15
504,2007,1,Andhra Pradesh,Prakasam,18.54,37.85,2042.0,1168.0,1635.0,1188.0,1330.3333333333333,0.7482876712328768,9.48,1586.4,6.73,5.89,4.85,3.88,21.35,33.64
504,2008,1,Andhra Pradesh,Prakasam,12.23,13.81,1129.0,2042.0,1168.0,1635.0,1615.0,-0.4471106758080313,18.54,1445.7,1.31,3.63,5.38,3.51,13.83,29.38
504,2009,1,Andhra Pradesh,Prakasam,5.34,13.53,2534.0,1129.0,2042.0,1168.0,1446.3333333333333,1.2444641275465012,12.23,1599.0,2.25,1.32,6.06,4.78,14.41,27.51
504,2010,1,Andhra Pradesh,Prakasam,19.82,42.87,2163.0,2534.0,1129.0,2042.0,1901.6666666666667,-0.14640883977900554,5.34,1570.8181818181818,3.47,5.77,5.12,6.42,20.78,42.54
504,2011,1,Andhra Pradesh,Prakasam,10.12,21.24,2099.0,2163.0,2534.0,1129.0,1942.0,-0.029588534442903325,19.82,1540.090909090909,1.35,3.07,4.43,1.47,10.32,20.41
504,2012,1,Andhra Pradesh,Prakasam,29.43,60.68,2062.0,2099.0,2163.0,2534.0,2265.3333333333335,-0.01762744163887564,10.12,1697.090909090909,1.97,3.03,3.06,4.48,12.54,27.86
504,2013,1,Andhra Pradesh,Prakasam,25.93,46.9,1809.0,2062.0,2099.0,2163.0,2108.0,-0.12269641125121244,29.43,1620.1818181818182,2.55,4.18,5.53,4.39,16.65,31.34
504,2014,1,Andhra Pradesh,Prakasam,11.78,12.09,1026.0,1809.0,2062.0,2099.0,1990.0,-0.4328358208955224,25.93,1561.909090909091,0.56,3.66,2.7,3.87,10.79,23.33
504,2015,1,Andhra Pradesh,Prakasam,11.68,26.15,2239.0,1026.0,1809.0,2062.0,1632.3333333333333,1.182261208576998,11.78,1891.8181818181818,4.33,1.63,4.55,3.02,13.53,25.32
504,2016,1,Andhra Pradesh,Prakasam,16.96,33.69,1986.0,2239.0,1026.0,1809.0,1691.3333333333333,-0.11299687360428767,11.68,1743.909090909091,4.01,2.1,4.52,6.08,16.71,23.86
504,2017,1,Andhra Pradesh,Prakasam,17.83,36.21,2031.0,1986.0,2239.0,1026.0,1750.3333333333333,0.0226586102719033,16.96,1854.7272727272727,3.39,4.78,6.45,4.93,19.55,25.38
504,2018,1,Andhra Pradesh,Prakasam,6.64,5.3,798.0,2031.0,1986.0,2239.0,2085.3333333333335,-0.6070901033973413,17.83,1301.090909090909,2.17,2.69,3.94,1.92,10.72,16.24
504,2019,1,Andhra Pradesh,Prakasam,7.43,17.06,2298.0,798.0,2031.0,1986.0,1605.0,1.8796992481203008,6.64,2004.0,2.23,4.55,5.12,6.76,18.66,32.09
506,1993,11,Tamil Nadu,Dharmapuri,12.0,23.0,1917.0,1504.0,1842.0,1417.0,1587.6666666666667,0.27460106382978733,5.85,1526.9375,3.22,2.48,2.13,3.76,11.59,32.09
506,1994,11,Tamil Nadu,Dharmapuri,10.47,28.0,2674.0,1917.0,1504.0,1842.0,1754.3333333333333,0.394887845592071,12.0,1371.2380952380952,0.97,3.03,1.38,2.34,7.72,23.69
506,1995,11,Tamil Nadu,Dharmapuri,4.35,10.17,2338.0,2674.0,1917.0,1504.0,2031.6666666666667,-0.12565445026178013,10.47,1302.4,1.66,2.56,4.24,3.82,12.28,24.46
506,1996,11,Tamil Nadu,Dharmapuri,2.56,5.64,2203.0,2338.0,2674.0,1917.0,2309.6666666666665,-0.05774165953806676,4.35,1290.76,5.96,1.05,5.75,5.8,18.56,35.0
506,1997,11,Tamil Nadu,Dharmapuri,2.67,4.6,1723.0,2203.0,2338.0,2674.0,2405.0,-0.21788470267816618,2.56,1471.1363636363637,1.95,1.52,2.43,4.37,10.27,33.13
506,1998,11,Tamil Nadu,Dharmapuri,2.46,3.6,1463.0,1723.0,2203.0,2338.0,2088.0,-0.150899593731863,2.67,1540.1818181818182,1.02,3.65,6.26,5.09,16.02,32.54
506,1999,11,Tamil Nadu,Dharmapuri,3.74,7.23,1933.0,1463.0,1723.0,2203.0,1796.3333333333333,0.32125768967874224,2.46,1686.5416666666667,2.16,1.87,1.83,3.42,9.28,27.03
506,2000,11,Tamil Nadu,Dharmapuri,3.43,5.71,1665.0,1933.0,1463.0,1723.0,1706.3333333333333,-0.1386445938954992,3.74,1490.8333333333333,1.42,3.39,3.57,5.19,13.57,30.67
506,2001,11,Tamil Nadu,Dharmapuri,3.39,5.1,1504.0,1665.0,1933.0,1463.0,1687.0,-0.09669669669669667,3.43,1411.7083333333333,1.26,3.7,1.72,5.29,11.97,28.01
506,2002,11,Tamil Nadu,Dharmapuri,3.28,3.8,1159.0,1504.0,1665.0,1933.0,1700.6666666666667,-0.22938829787234039,3.39,1024.6818181818182,3.34,0.72,1.11,2.51,7.68,21.7
506,2003,11,Tamil Nadu,Dharmapuri,0.61,0.99,1623.0,1159.0,1504.0,1665.0,1442.6666666666667,0.4003451251078516,3.28,1060.8,1.36,2.5,3.53,2.71,10.1,24.11
506,2004,11,Tamil Nadu,Dharmapuri,1.81,2.05,1133.0,1623.0,1159.0,1504.0,1428.6666666666667,-0.30191004313000613,0.61,1259.4615384615386,1.0,4.39,1.6,8.44,15.43,36.51
506,2005,11,Tamil Nadu,Dharmapuri,1.08,1.39,1287.0,1133.0,1623.0,1159.0,1305.0,0.13592233009708732,1.81,1316.625,0.61,2.08,3.4,4.21,10.3,43.5
506,2006,11,Tamil Nadu,Dharmapuri,0.91,1.57,1725.0,1287.0,1133.0,1623.0,1347.6666666666667,0.34032634032634035,1.08,1589.5652173913043,2.12,1.07,2.63,2.43,8.25,25.59
506,2007,11,Tamil Nadu,Dharmapuri,0.87,1.4,1609.0,1725.0,1287.0,1133.0,1381.6666666666667,-0.06724637681159418,0.91,1603.8695652173913,1.31,3.86,4.66,3.95,13.78,31.57
506,2008,11,Tamil Nadu,Dharmapuri,0.56,2.19,3911.0,1609.0,1725.0,1287.0,1540.3333333333333,1.4307022995649472,0.87,1738.4166666666667,1.33,4.74,5.55,2.03,13.65,37.95
506,2009,11,Tamil Nadu,Dharmapuri,0.87,0.67,770.0,3911.0,1609.0,1725.0,2415.0,-0.8031194068013296,0.56,1623.92,1.37,1.7,2.66,5.11,10.84,24.25
506,2010,11,Tamil Nadu,Dharmapuri,1.38,1.9,1377.0,770.0,3911.0,1609.0,2096.6666666666665,0.7883116883116883,0.87,1499.9583333333333,3.45,3.12,5.93,3.5,16.0,37.06
506,2011,11,Tamil Nadu,Dharmapuri,1.52,3.54,2329.0,1377.0,770.0,3911.0,2019.3333333333333,0.691358024691358,1.38,2250.72,0.64,2.84,3.54,4.06,11.079999999999998,28.33
506,2012,11,Tamil Nadu,Dharmapuri,0.61,1.13,1852.0,2329.0,1377.0,770.0,1492.0,-0.20480893087161867,1.52,1478.6153846153845,1.8,2.46,2.91,4.4,11.57,25.08
506,2013,11,Tamil Nadu,Dharmapuri,0.47,1.04,2213.0,1852.0,2329.0,1377.0,1852.6666666666667,0.19492440604751615,0.61,2170.25,2.75,1.63,4.6,6.7,15.68,25.65
506,2014,11,Tamil Nadu,Dharmapuri,0.64,2.76,4313.0,2213.0,1852.0,2329.0,2131.3333333333335,0.9489380930863083,0.47,3069.8846153846152,2.77,0.81,2.68,4.43,10.69,22.9
506,2015,11,Tamil Nadu,Dharmapuri,1.54,6.86,4455.0,4313.0,2213.0,1852.0,2792.6666666666665,0.032923718989102735,0.64,2671.75,2.71,0.87,2.46,3.17,9.21,29.01
506,2016,11,Tamil Nadu,Dharmapuri,0.44,1.26,2874.0,4455.0,4313.0,2213.0,3660.3333333333335,-0.3548821548821549,1.54,2170.375,3.03,3.51,1.59,0.72,8.85,16.34
506,2017,11,Tamil Nadu,Dharmapuri,0.43,0.51,1193.0,2874.0,4455.0,4313.0,3880.6666666666665,-0.5848990953375087,0.44,2231.28,0.89,1.67,4.48,7.98,15.02,30.26
506,2018,11,Tamil Nadu,Dharmapuri,0.63,1.78,2820.0,1193.0,2874.0,4455.0,2840.6666666666665,1.3637887678122382,0.43,2474.84,1.97,2.63,1.54,3.87,10.01,21.56
506,2019,11,Tamil Nadu,Dharmapuri,0.39,1.08,2784.0,2820.0,1193.0,2874.0,2295.6666666666665,-0.012765957446808529,0.63,2837.84,2.32,2.27,5.03,6.57,16.19,30.69
507,1993,11,Tamil Nadu,Periyar(Erode),5.0,6.0,1200.0,1001.0,868.0,888.0,919.0,0.19880119880119884,7.05,1526.9375,2.8,1.75,1.69,2.16,8.4,26.54
507,1994,11,Tamil Nadu,Periyar(Erode),3.22,4.5,1398.0,1200.0,1001.0,868.0,1023.0,0.16500000000000004,5.0,1371.2380952380952,0.86,2.96,0.62,1.94,6.379999999999999,21.95
507,1995,11,Tamil Nadu,Periyar(Erode),2.73,3.37,1234.0,1398.0,1200.0,1001.0,1199.6666666666667,-0.11731044349070097,3.22,1302.4,1.68,1.94,2.29,2.24,8.15,19.26
507,1996,11,Tamil Nadu,Periyar(Erode),2.32,2.45,1056.0,1234.0,1398.0,1200.0,1277.3333333333333,-0.14424635332252833,2.73,1290.76,3.45,1.18,4.32,3.91,12.86,26.53
507,1997,11,Tamil Nadu,Periyar(Erode),1.99,2.89,1452.0,1056.0,1234.0,1398.0,1229.3333333333333,0.375,2.32,1471.1363636363637,1.63,1.22,1.44,2.8,7.089999999999999,26.35
507,1998,11,Tamil Nadu,Periyar(Erode),1.56,2.56,1641.0,1452.0,1056.0,1234.0,1247.3333333333333,0.1301652892561984,1.99,1540.1818181818182,1.04,2.73,4.1,3.77,11.64,24.62
507,1999,11,Tamil Nadu,Periyar(Erode),1.32,2.28,1727.0,1641.0,1452.0,1056.0,1383.0,0.05240706886045099,1.56,1686.5416666666667,1.38,1.3,1.02,1.85,5.55,21.85
507,2000,11,Tamil Nadu,Periyar(Erode),1.18,1.36,1153.0,1727.0,1641.0,1452.0,1606.6666666666667,-0.33236826867400115,1.32,1490.8333333333333,0.89,2.27,3.53,3.93,10.62,23.85
507,2001,11,Tamil Nadu,Periyar(Erode),0.68,0.74,1088.0,1153.0,1727.0,1641.0,1507.0,-0.056374674761491717,1.18,1411.7083333333333,1.06,2.39,1.0,3.73,8.18,23.21
507,2002,11,Tamil Nadu,Periyar(Erode),1.58,1.35,854.0,1088.0,1153.0,1727.0,1322.6666666666667,-0.21507352941176472,0.68,1024.6818181818182,2.51,0.47,0.84,1.25,5.069999999999999,16.52
507,2003,11,Tamil Nadu,Periyar(Erode),1.57,1.7,1083.0,854.0,1088.0,1153.0,1031.6666666666667,0.26814988290398123,1.58,1060.8,1.13,1.65,2.02,1.6,6.4,19.34
507,2004,11,Tamil Nadu,Periyar(Erode),1.33,1.67,1256.0,1083.0,854.0,1088.0,1008.3333333333334,0.159741458910434,1.57,1259.4615384615386,0.91,3.07,1.12,6.75,11.85,28.26
507,2005,11,Tamil Nadu,Periyar(Erode),0.47,0.57,1213.0,1256.0,1083.0,854.0,1064.3333333333333,-0.03423566878980888,1.33,1316.625,0.66,1.78,2.14,2.43,7.01,33.41
507,2006,11,Tamil Nadu,Periyar(Erode),0.48,0.7,1458.0,1213.0,1256.0,1083.0,1184.0,0.2019785655399835,0.47,1589.5652173913043,1.77,0.55,1.93,2.23,6.48,21.76
507,2007,11,Tamil Nadu,Periyar(Erode),0.46,0.73,1587.0,1458.0,1213.0,1256.0,1309.0,0.08847736625514413,0.48,1603.8695652173913,1.4,2.81,3.08,2.46,9.75,25.04
507,2008,11,Tamil Nadu,Periyar(Erode),0.24,0.43,1792.0,1587.0,1458.0,1213.0,1419.3333333333333,0.12917454316320098,0.46,1738.4166666666667,0.79,3.46,4.25,1.28,9.78,28.21
507,2009,11,Tamil Nadu,Periyar(Erode),0.22,0.34,1545.0,1792.0,1587.0,1458.0,1612.3333333333333,-0.1378348214285714,0.24,1623.92,1.14,1.29,2.18,2.83,7.439999999999999,18.32
507,2010,11,Tamil Nadu,Periyar(Erode),0.24,0.3,1250.0,1545.0,1792.0,1587.0,1641.3333333333333,-0.1909385113268608,0.22,1499.9583333333333,2.54,2.25,4.35,2.2,11.34,29.74
507,2011,11,Tamil Nadu,Periyar(Erode),0.08,0.18,2250.0,1250.0,1545.0,1792.0,1529.0,0.8,0.24,2250.72,1.02,1.75,2.2,2.53,7.5,24.28
507,2012,11,Tamil Nadu,Periyar(Erode),0.06,0.09,1500.0,2250.0,1250.0,1545.0,1681.6666666666667,-0.33333333333333337,0.08,1478.6153846153845,1.26,1.4,1.79,3.31,7.76,18.3
507,2013,11,Tamil Nadu,Periyar(Erode),0.1,0.22,2200.0,1500.0,2250.0,1250.0,1666.6666666666667,0.46666666666666656,0.06,2170.25,1.98,1.18,2.74,4.22,10.12,19.83
507,2014,11,Tamil Nadu,Periyar(Erode),0.1,0.3,3000.0,2200.0,1500.0,2250.0,1983.3333333333333,0.36363636363636354,0.1,3069.8846153846152,1.96,0.9,2.05,3.58,8.49,19.73
507,2015,11,Tamil Nadu,Periyar(Erode),0.04,0.1,2500.0,3000.0,2200.0,1500.0,2233.3333333333335,-0.16666666666666663,0.1,2671.75,2.58,0.69,2.39,2.95,8.61,29.05
507,2016,11,Tamil Nadu,Periyar(Erode),0.06,0.16,2825.0,2500.0,3000.0,2200.0,2566.6666666666665,0.1299999999999999,0.04,2170.375,1.96,2.76,1.4,0.44,6.56,13.84
507,2017,11,Tamil Nadu,Periyar(Erode),0.27,0.6,2227.0,2825.0,2500.0,3000.0,2775.0,-0.21168141592920353,0.06,2231.28,0.92,1.6,3.4,7.17,13.09,27.44
507,2018,11,Tamil Nadu,Periyar(Erode),0.18,0.48,2760.0,2227.0,2825.0,2500.0,2517.3333333333335,0.23933542882801984,0.27,2474.84,1.93,2.78,1.45,4.05,10.21,22.72
507,2019,11,Tamil Nadu,Periyar(Erode),0.11,0.29,2738.0,2760.0,2227.0,2825.0,2604.0,-0.007971014492753614,0.18,2837.84,2.43,1.9,4.62,6.14,15.09,28.76
508,1994,11,Tamil Nadu,Pudukkottai,0.1,0.11,1100.0,1143.0,1314.0,976.0,1144.3333333333333,-0.03762029746281714,0.14,1371.2380952380952,0.39,2.43,0.47,3.8,7.09,28.39
508,1995,11,Tamil Nadu,Pudukkottai,0.04,0.04,1000.0,1100.0,1143.0,1314.0,1185.6666666666667,-0.09090909090909094,0.1,1302.4,2.16,2.01,2.05,2.07,8.29,21.34
508,1996,11,Tamil Nadu,Pudukkottai,0.03,0.04,1333.0,1000.0,1100.0,1143.0,1081.0,0.33299999999999996,0.04,1290.76,3.67,1.09,4.27,3.91,12.94,29.99
508,1997,11,Tamil Nadu,Pudukkottai,0.02,0.04,2000.0,1333.0,1000.0,1100.0,1144.3333333333333,0.5003750937734435,0.03,1471.1363636363637,2.65,1.1,0.59,3.21,7.55,27.95
508,1998,11,Tamil Nadu,Pudukkottai,0.02,0.07,3500.0,2000.0,1333.0,1000.0,1444.3333333333333,0.75,0.02,1540.1818181818182,0.41,1.54,5.13,4.29,11.37,27.72
508,1999,11,Tamil Nadu,Pudukkottai,0.05,0.1,2000.0,3500.0,2000.0,1333.0,2277.6666666666665,-0.4285714285714286,0.02,1686.5416666666667,1.29,0.59,1.3,1.34,4.52,23.96
508,2000,11,Tamil Nadu,Pudukkottai,0.03,0.06,2000.0,2000.0,3500.0,2000.0,2500.0,0.0,0.05,1490.8333333333333,0.42,3.98,1.57,5.28,11.25,30.11
508,2001,11,Tamil Nadu,Pudukkottai,0.03,0.04,1333.0,2000.0,2000.0,3500.0,2500.0,-0.3335,0.03,1411.7083333333333,0.98,4.12,1.19,3.95,10.239999999999998,25.33
508,2002,11,Tamil Nadu,Pudukkottai,0.01,0.01,1000.0,1333.0,2000.0,2000.0,1777.6666666666667,-0.24981245311327827,0.03,1024.6818181818182,3.36,0.15,0.6,1.43,5.539999999999999,20.4
508,2003,11,Tamil Nadu,Pudukkottai,0.04,0.04,1000.0,1000.0,1333.0,2000.0,1444.3333333333333,0.0,0.01,1060.8,0.59,2.5,3.33,3.55,9.97,28.12
508,2004,11,Tamil Nadu,Pudukkottai,0.04,0.04,1000.0,1000.0,1000.0,1333.0,1111.0,0.0,0.04,1259.4615384615386,0.64,3.92,0.73,9.12,14.409999999999998,35.15
508,2005,11,Tamil Nadu,Pudukkottai,0.04,0.05,1250.0,1000.0,1000.0,1000.0,1000.0,0.25,0.04,1316.625,0.3,0.93,1.48,2.99,5.7,39.92
508,2006,11,Tamil Nadu,Pudukkottai,0.06,0.08,1333.0,1250.0,1000.0,1000.0,1083.3333333333333,0.06640000000000001,0.04,1589.5652173913043,0.77,0.23,4.75,3.05,8.8,27.12
508,2007,11,Tamil Nadu,Pudukkottai,0.01,0.03,3000.0,1333.0,1250.0,1000.0,1194.3333333333333,1.2505626406601649,0.06,1603.8695652173913,1.48,2.17,2.93,1.45,8.03,26.21
508,2011,11,Tamil Nadu,Pudukkottai,0.01,0.02,2000.0,3000.0,1333.0,1250.0,1861.0,-0.33333333333333337,0.01,2250.72,0.43,1.71,2.2,4.37,8.71,28.12
508,2012,11,Tamil Nadu,Pudukkottai,0.05,0.08,1600.0,2000.0,3000.0,1333.0,2111.0,-0.19999999999999996,0.01,1478.6153846153845,1.8,0.95,2.6,2.87,8.219999999999999,21.86
508,2013,11,Tamil Nadu,Pudukkottai,0.02,0.05,2500.0,1600.0,2000.0,3000.0,2200.0,0.5625,0.05,2170.25,0.57,0.23,3.52,3.38,7.7,20.87
508,2017,11,Tamil Nadu,Pudukkottai,0.01,0.02,2300.0,2500.0,1600.0,2000.0,2033.3333333333333,-0.07999999999999996,0.02,2231.28,1.37,1.43,4.23,4.52,11.55,26.31
508,2018,11,Tamil Nadu,Pudukkottai,0.01,0.01,1857.0,2300.0,2500.0,1600.0,2133.3333333333335,-0.19260869565217387,0.01,2474.84,1.27,1.5,1.14,3.12,7.03,22.63
509,1993,11,Tamil Nadu,Dindigul Anna,10.0,19.0,1900.0,1506.0,1675.0,1652.0,1611.0,0.26162018592297476,6.13,1526.9375,7.6,6.46,1.71,1.24,17.009999999999998,46.39
509,1994,11,Tamil Nadu,Dindigul Anna,8.22,16.08,1956.0,1900.0,1506.0,1675.0,1693.6666666666667,0.02947368421052632,10.0,1371.2380952380952,5.29,6.8,4.56,3.47,20.12,47.09
509,1995,11,Tamil Nadu,Dindigul Anna,7.19,14.35,1996.0,1956.0,1900.0,1506.0,1787.3333333333333,0.020449897750511203,8.22,1302.4,4.34,3.69,3.22,2.61,13.86,31.37
509,1996,11,Tamil Nadu,Dindigul Anna,5.11,8.62,1687.0,1996.0,1956.0,1900.0,1950.6666666666667,-0.15480961923847691,7.19,1290.76,7.4,6.13,4.71,4.62,22.860000000000003,40.84
509,1997,11,Tamil Nadu,Dindigul Anna,7.89,15.87,2011.0,1687.0,1996.0,1956.0,1879.6666666666667,0.1920569057498518,5.11,1471.1363636363637,7.82,6.85,4.26,6.27,25.2,47.4
509,1998,11,Tamil Nadu,Dindigul Anna,9.87,18.58,1882.0,2011.0,1687.0,1996.0,1898.0,-0.06414719045251116,7.89,1540.1818181818182,5.24,3.13,5.73,8.57,22.67,44.25
509,1999,11,Tamil Nadu,Dindigul Anna,9.16,20.66,2255.0,1882.0,2011.0,1687.0,1860.0,0.1981934112646122,9.87,1686.5416666666667,6.35,2.91,1.75,1.05,12.06,38.89
509,2000,11,Tamil Nadu,Dindigul Anna,5.62,12.42,2210.0,2255.0,1882.0,2011.0,2049.3333333333335,-0.019955654101995512,9.16,1490.8333333333333,4.14,2.56,6.51,3.89,17.099999999999998,35.39
509,2001,11,Tamil Nadu,Dindigul Anna,5.04,6.04,1198.0,2210.0,2255.0,1882.0,2115.6666666666665,-0.45791855203619913,5.62,1411.7083333333333,7.19,6.5,2.38,7.17,23.24,46.79
509,2002,11,Tamil Nadu,Dindigul Anna,5.06,5.14,1016.0,1198.0,2210.0,2255.0,1887.6666666666667,-0.1519198664440734,5.04,1024.6818181818182,5.48,1.83,4.43,1.73,13.47,35.23
509,2003,11,Tamil Nadu,Dindigul Anna,4.61,5.61,1217.0,1016.0,1198.0,2210.0,1474.6666666666667,0.19783464566929143,5.06,1060.8,5.18,4.53,4.22,1.77,15.7,40.94
509,2004,11,Tamil Nadu,Dindigul Anna,4.0,5.35,1338.0,1217.0,1016.0,1198.0,1143.6666666666667,0.09942481511914547,4.61,1259.4615384615386,5.17,5.56,2.94,8.39,22.06,52.26
509,2005,11,Tamil Nadu,Dindigul Anna,4.34,4.36,1005.0,1338.0,1217.0,1016.0,1190.3333333333333,-0.2488789237668162,4.0,1316.625,6.14,5.38,2.31,5.13,18.96,54.39
509,2006,11,Tamil Nadu,Dindigul Anna,3.63,6.12,1686.0,1005.0,1338.0,1217.0,1186.6666666666667,0.6776119402985075,4.34,1589.5652173913043,5.37,4.01,5.44,7.72,22.54,51.86
509,2007,11,Tamil Nadu,Dindigul Anna,3.38,2.7,799.0,1686.0,1005.0,1338.0,1343.0,-0.5260972716488731,3.63,1603.8695652173913,4.35,5.34,3.43,4.68,17.799999999999997,35.03
509,2008,11,Tamil Nadu,Dindigul Anna,2.24,3.94,1759.0,799.0,1686.0,1005.0,1163.3333333333333,1.2015018773466832,3.38,1738.4166666666667,1.89,4.55,4.34,2.91,13.69,35.96
509,2009,11,Tamil Nadu,Dindigul Anna,2.05,2.89,1410.0,1759.0,799.0,1686.0,1414.6666666666667,-0.19840818646958502,2.24,1623.92,3.15,3.39,2.24,2.92,11.7,27.83
509,2010,11,Tamil Nadu,Dindigul Anna,1.99,3.21,1613.0,1410.0,1759.0,799.0,1322.6666666666667,0.1439716312056738,2.05,1499.9583333333333,4.03,3.19,2.28,4.08,13.58,37.57
509,2011,11,Tamil Nadu,Dindigul Anna,2.04,5.6,2745.0,1613.0,1410.0,1759.0,1594.0,0.7017978921264725,1.99,2250.72,2.33,2.55,2.52,3.29,10.69,29.67
509,2012,11,Tamil Nadu,Dindigul Anna,1.28,1.38,1078.0,2745.0,1613.0,1410.0,1922.6666666666667,-0.6072859744990893,2.04,1478.6153846153845,1.81,1.26,3.19,1.93,8.19,22.0
509,2013,11,Tamil Nadu,Dindigul Anna,0.75,1.53,2040.0,1078.0,2745.0,1613.0,1812.0,0.8923933209647494,1.28,2170.25,3.57,2.14,4.69,2.22,12.62,27.49
509,2014,11,Tamil Nadu,Dindigul Anna,0.95,3.67,3863.0,2040.0,1078.0,2745.0,1954.3333333333333,0.8936274509803921,0.75,3069.8846153846152,1.75,1.63,5.44,3.21,12.03,31.65
509,2015,11,Tamil Nadu,Dindigul Anna,0.85,2.15,2529.0,3863.0,2040.0,1078.0,2327.0,-0.345327465700233,0.95,2671.75,3.58,1.41,2.16,4.89,12.04,36.67
509,2016,11,Tamil Nadu,Dindigul Anna,0.66,0.51,771.0,2529.0,3863.0,2040.0,2810.6666666666665,-0.6951364175563464,0.85,2170.375,2.12,5.09,2.37,0.92,10.5,21.94
509,2017,11,Tamil Nadu,Dindigul Anna,0.43,0.87,2016.0,771.0,2529.0,3863.0,2387.6666666666665,1.6147859922178989,0.66,2231.28,3.36,2.61,5.63,6.7,18.3,37.7
509,2018,11,Tamil Nadu,Dindigul Anna,0.32,0.52,1621.0,2016.0,771.0,2529.0,1772.0,-0.19593253968253965,0.43,2474.84,2.29,3.17,3.84,3.97,13.27,31.69
509,2019,11,Tamil Nadu,Dindigul Anna,0.22,0.59,2635.0,1621.0,2016.0,771.0,1469.3333333333333,0.6255397902529303,0.32,2837.84,2.3,2.23,4.88,7.15,16.560000000000002,36.5
514,1993,7,Maharashtra,Jalna,72.3,72.1,997.0,1038.0,510.0,626.0,724.6666666666666,-0.039499036608863225,73.2,750.1904761904761,4.02,6.83,7.01,5.96,23.82,32.09
514,1994,7,Maharashtra,Jalna,79.7,48.9,614.0,997.0,1038.0,510.0,848.3333333333334,-0.38415245737211634,72.3,660.3636363636364,3.53,5.36,4.85,4.14,17.88,24.01
514,1995,7,Maharashtra,Jalna,89.1,60.2,676.0,614.0,997.0,1038.0,883.0,0.10097719869706845,79.7,632.1904761904761,3.29,4.29,2.3,5.12,15.0,18.4
514,1996,7,Maharashtra,Jalna,96.9,123.3,1272.0,676.0,614.0,997.0,762.3333333333334,0.8816568047337279,89.1,856.9545454545455,1.18,7.63,4.1,5.69,18.6,22.03
514,1997,7,Maharashtra,Jalna,81.1,63.2,779.0,1272.0,676.0,614.0,854.0,-0.38757861635220126,96.9,597.0434782608696,2.55,4.93,4.74,4.37,16.59,22.62
514,1998,7,Maharashtra,Jalna,80.8,64.4,797.0,779.0,1272.0,676.0,909.0,0.02310654685494229,81.1,740.7916666666666,7.31,4.81,9.15,5.41,26.68,32.76
514,1999,7,Maharashtra,Jalna,84.8,61.7,728.0,797.0,779.0,1272.0,949.3333333333334,-0.0865746549560853,80.8,649.28,6.15,3.28,2.65,5.23,17.310000000000002,21.56
514,2000,7,Maharashtra,Jalna,93.2,76.2,818.0,728.0,797.0,779.0,768.0,0.12362637362637363,84.8,584.7272727272727,3.3,3.89,9.56,2.27,19.02,24.81
514,2001,7,Maharashtra,Jalna,76.7,54.9,716.0,818.0,728.0,797.0,781.0,-0.12469437652811732,93.2,515.7272727272727,4.0,1.47,7.04,3.6,16.11,20.76
514,2002,7,Maharashtra,Jalna,86.4,83.9,971.0,716.0,818.0,728.0,754.0,0.3561452513966481,76.7,676.7727272727273,6.94,1.67,6.87,3.22,18.7,20.16
514,2003,7,Maharashtra,Jalna,74.5,75.6,1015.0,971.0,716.0,818.0,835.0,0.04531410916580847,86.4,582.6363636363636,6.58,6.25,3.69,2.05,18.57,20.13
514,2004,7,Maharashtra,Jalna,73.3,65.1,888.0,1015.0,971.0,716.0,900.6666666666666,-0.1251231527093596,74.5,622.1363636363636,2.29,5.23,3.48,8.19,19.19,22.76
514,2005,7,Maharashtra,Jalna,76.2,77.3,1014.0,888.0,1015.0,971.0,958.0,0.14189189189189189,73.3,596.3181818181819,4.22,11.96,4.44,9.52,30.14,34.1
514,2006,7,Maharashtra,Jalna,72.6,76.6,1055.0,1014.0,888.0,1015.0,972.3333333333334,0.04043392504930976,76.2,632.8571428571429,5.14,6.51,10.72,9.38,31.75,39.98
514,2007,7,Maharashtra,Jalna,51.7,55.38,1071.0,1055.0,1014.0,888.0,985.6666666666666,0.01516587677725112,72.6,736.9090909090909,6.17,6.58,7.36,6.18,26.29,27.16
514,2008,7,Maharashtra,Jalna,31.8,21.9,689.0,1071.0,1055.0,1014.0,1046.6666666666667,-0.3566760037348272,51.7,642.4545454545455,1.7,2.46,4.83,9.94,18.93,20.71
514,2009,7,Maharashtra,Jalna,39.1,36.43,932.0,689.0,1071.0,1055.0,938.3333333333334,0.3526850507982584,31.8,685.7142857142857,1.52,6.5,5.13,5.66,18.81,25.87
514,2010,7,Maharashtra,Jalna,41.3,44.3,1073.0,932.0,689.0,1071.0,897.3333333333334,0.15128755364806867,39.1,847.1428571428571,5.0,9.18,7.15,3.26,24.59,30.91
514,2011,7,Maharashtra,Jalna,26.4,27.2,1030.0,1073.0,932.0,689.0,898.0,-0.040074557315936676,41.3,833.2380952380952,3.25,7.77,6.87,3.27,21.16,24.12
514,2012,7,Maharashtra,Jalna,26.1,14.15,542.0,1030.0,1073.0,932.0,1011.6666666666666,-0.4737864077669903,26.4,665.85,4.63,5.34,3.58,3.77,17.32,20.09
514,2013,7,Maharashtra,Jalna,16.7,20.1,1204.0,542.0,1030.0,1073.0,881.6666666666666,1.2214022140221403,26.1,844.578947368421,6.36,7.5,2.46,6.09,22.41,28.54
514,2014,7,Maharashtra,Jalna,23.3,7.7,330.0,1204.0,542.0,1030.0,925.3333333333334,-0.7259136212624584,16.7,504.88235294117646,1.7,6.11,5.8,2.96,16.57,22.37
514,2015,7,Maharashtra,Jalna,22.7,5.8,256.0,330.0,1204.0,542.0,692.0,-0.22424242424242424,23.3,369.5625,7.41,1.3,4.36,7.93,21.0,26.44
514,2016,7,Maharashtra,Jalna,21.9,18.5,845.0,256.0,330.0,1204.0,596.6666666666666,2.30078125,22.7,650.1818181818181,3.95,9.19,3.51,6.73,23.38,26.35
514,2017,7,Maharashtra,Jalna,19.5,12.3,631.0,845.0,256.0,330.0,477.0,-0.2532544378698225,21.9,609.0952380952381,5.84,4.29,6.55,8.65,25.33,27.94
514,2018,7,Maharashtra,Jalna,12.36,4.27,345.0,631.0,845.0,256.0,577.3333333333334,-0.4532488114104596,19.5,423.63157894736844,4.48,4.54,6.98,1.5,17.5,18.18
514,2019,7,Maharashtra,Jalna,14.57,18.76,1288.0,345.0,631.0,845.0,607.0,2.7333333333333334,12.36,578.837,3.38,6.38,4.94,7.26,21.96,27.82
515,1993,7,Maharashtra,Latur,8.8,7.7,875.0,658.0,231.0,411.0,433.3333333333333,0.32978723404255317,7.9,750.1904761904761,2.77,8.21,6.14,6.68,23.8,32.47
515,1994,7,Maharashtra,Latur,8.2,4.6,561.0,875.0,658.0,231.0,588.0,-0.3588571428571429,8.8,660.3636363636364,3.56,5.2,5.58,2.42,16.759999999999998,24.58
515,1995,7,Maharashtra,Latur,7.5,5.3,707.0,561.0,875.0,658.0,698.0,0.26024955436720143,8.2,632.1904761904761,6.36,6.28,3.94,5.83,22.410000000000004,33.21
515,1996,7,Maharashtra,Latur,8.3,5.9,711.0,707.0,561.0,875.0,714.3333333333334,0.005657708628005631,7.5,856.9545454545455,3.31,4.86,8.05,7.56,23.78,30.33
515,1997,7,Maharashtra,Latur,10.1,3.6,356.0,711.0,707.0,561.0,659.6666666666666,-0.4992967651195499,8.3,597.0434782608696,3.33,4.38,4.03,2.7,14.44,22.39
515,1998,7,Maharashtra,Latur,9.9,4.7,475.0,356.0,711.0,707.0,591.3333333333334,0.3342696629213484,10.1,740.7916666666666,4.74,5.89,8.35,10.41,29.39,38.29
515,1999,7,Maharashtra,Latur,10.1,5.7,564.0,475.0,356.0,711.0,514.0,0.18736842105263163,9.9,649.28,4.33,3.52,2.82,4.41,15.08,19.82
515,2000,7,Maharashtra,Latur,10.1,7.7,762.0,564.0,475.0,356.0,465.0,0.35106382978723394,10.1,584.7272727272727,5.0,3.69,10.62,2.23,21.54,26.44
515,2001,7,Maharashtra,Latur,9.5,3.1,326.0,762.0,564.0,475.0,600.3333333333334,-0.5721784776902887,10.1,515.7272727272727,4.29,2.36,5.33,7.69,19.67,26.08
515,2002,7,Maharashtra,Latur,9.3,5.7,613.0,326.0,762.0,564.0,550.6666666666666,0.8803680981595092,9.5,676.7727272727273,5.49,3.07,7.03,3.31,18.9,24.23
515,2003,7,Maharashtra,Latur,8.1,3.6,444.0,613.0,326.0,762.0,567.0,-0.27569331158238175,9.3,582.6363636363636,2.79,5.07,5.87,2.58,16.310000000000002,20.03
515,2004,7,Maharashtra,Latur,7.4,3.9,527.0,444.0,613.0,326.0,461.0,0.18693693693693691,8.1,622.1363636363636,3.18,7.93,2.14,6.94,20.19,26.46
515,2005,7,Maharashtra,Latur,6.0,3.3,550.0,527.0,444.0,613.0,528.0,0.0436432637571158,7.4,596.3181818181819,3.28,11.08,6.76,6.83,27.95,35.23
515,2006,7,Maharashtra,Latur,5.9,2.4,407.0,550.0,527.0,444.0,507.0,-0.26,6.0,632.8571428571429,5.11,4.71,6.4,9.08,25.3,34.02
515,2007,7,Maharashtra,Latur,5.6,3.08,550.0,407.0,550.0,527.0,494.6666666666667,0.3513513513513513,5.9,736.9090909090909,5.46,3.74,7.11,8.8,25.11,26.19
515,2008,7,Maharashtra,Latur,5.0,2.3,460.0,550.0,407.0,550.0,502.3333333333333,-0.1636363636363637,5.6,642.4545454545455,1.52,4.56,8.89,8.84,23.81,29.82
515,2009,7,Maharashtra,Latur,4.0,1.54,385.0,460.0,550.0,407.0,472.3333333333333,-0.1630434782608695,5.0,685.7142857142857,3.65,3.31,6.5,6.1,19.56,26.3
515,2010,7,Maharashtra,Latur,4.3,2.2,512.0,385.0,460.0,550.0,465.0,0.32987012987012987,4.0,847.1428571428571,5.58,8.85,9.13,5.15,28.71,34.27
515,2011,7,Maharashtra,Latur,3.8,2.1,553.0,512.0,385.0,460.0,452.3333333333333,0.080078125,4.3,833.2380952380952,2.29,7.8,6.15,2.47,18.71,22.23
515,2012,7,Maharashtra,Latur,3.8,2.68,705.0,553.0,512.0,385.0,483.3333333333333,0.274864376130199,3.8,665.85,3.9,5.04,4.44,4.93,18.31,22.01
515,2013,7,Maharashtra,Latur,2.7,1.3,481.0,705.0,553.0,512.0,590.0,-0.3177304964539007,3.8,844.578947368421,6.0,11.18,2.51,5.75,25.44,31.71
515,2014,7,Maharashtra,Latur,2.5,0.4,160.0,481.0,705.0,553.0,579.6666666666666,-0.6673596673596673,2.7,504.88235294117646,2.03,4.49,7.09,3.22,16.83,24.74
515,2015,7,Maharashtra,Latur,2.3,0.3,130.0,160.0,481.0,705.0,448.6666666666667,-0.1875,2.5,369.5625,3.21,1.78,4.95,4.49,14.43,19.36
515,2016,7,Maharashtra,Latur,2.2,0.3,136.0,130.0,160.0,481.0,257.0,0.04615384615384621,2.3,650.1818181818181,4.56,6.78,1.45,9.64,22.43,25.03
515,2017,7,Maharashtra,Latur,1.5,0.3,200.0,136.0,130.0,160.0,142.0,0.47058823529411775,2.2,609.0952380952381,4.72,3.87,5.01,3.56,17.16,20.92
515,2018,7,Maharashtra,Latur,1.55,0.38,244.0,200.0,136.0,130.0,155.33333333333334,0.21999999999999997,1.5,423.63157894736844,4.55,2.62,5.84,1.17,14.18,16.24
515,2019,7,Maharashtra,Latur,1.67,0.37,222.0,244.0,200.0,136.0,193.33333333333334,-0.0901639344262295,1.55,578.837,2.21,3.69,3.95,5.77,15.62,20.9
518,1993,3,Gujarat,Gandhinagar,13.0,12.2,938.0,1226.0,961.0,1101.0,1096.0,-0.234910277324633,16.4,692.0588235294117,0.57,12.97,1.75,3.01,18.3,19.29
518,1994,3,Gujarat,Gandhinagar,14.0,20.0,1429.0,938.0,1226.0,961.0,1041.6666666666667,0.523454157782516,13.0,1062.4705882352941,3.28,13.19,8.94,12.01,37.42,37.68
518,1995,3,Gujarat,Gandhinagar,13.6,24.5,1801.0,1429.0,938.0,1226.0,1197.6666666666667,0.2603219034289712,14.0,990.3529411764706,0.38,6.63,2.38,1.98,11.37,11.88
518,1996,3,Gujarat,Gandhinagar,8.8,15.6,1773.0,1801.0,1429.0,938.0,1389.3333333333333,-0.015546918378678498,13.6,1330.125,2.78,9.38,6.71,2.01,20.880000000000003,21.94
518,1997,3,Gujarat,Gandhinagar,13.1,19.0,1450.0,1773.0,1801.0,1429.0,1667.6666666666667,-0.1821771009588269,8.8,1369.6470588235295,17.31,4.0,8.28,2.8,32.38999999999999,33.239999999999995
518,1998,3,Gujarat,Gandhinagar,13.2,19.2,1455.0,1450.0,1773.0,1801.0,1674.6666666666667,0.0034482758620688614,13.1,1224.1176470588234,3.28,10.07,5.67,4.05,23.07,24.72
518,1999,3,Gujarat,Gandhinagar,11.6,27.4,2362.0,1455.0,1450.0,1773.0,1559.3333333333333,0.6233676975945017,13.2,914.5294117647059,3.03,7.57,0.59,1.21,12.4,14.36
518,2000,3,Gujarat,Gandhinagar,41.4,45.6,1101.0,2362.0,1455.0,1450.0,1755.6666666666667,-0.5338696020321761,11.6,935.5909090909091,1.54,11.07,3.25,0.16,16.02,17.79
518,2001,3,Gujarat,Gandhinagar,39.8,71.8,1804.0,1101.0,2362.0,1455.0,1639.3333333333333,0.6385104450499546,41.4,1448.6666666666667,4.24,5.5,3.71,0.21,13.66,15.62
518,2002,3,Gujarat,Gandhinagar,40.4,73.5,1819.0,1804.0,1101.0,2362.0,1755.6666666666667,0.008314855875831473,39.8,1155.590909090909,4.38,1.6,3.79,1.83,11.6,12.01
518,2003,3,Gujarat,Gandhinagar,39.8,68.8,1729.0,1819.0,1804.0,1101.0,1574.6666666666667,-0.04947773501924135,40.4,1547.4545454545455,4.6,10.03,12.57,0.98,28.18,28.99
518,2004,3,Gujarat,Gandhinagar,25.6,43.2,1688.0,1729.0,1819.0,1804.0,1784.0,-0.023713128976286857,39.8,1259.3181818181818,3.52,7.2,12.0,0.92,23.64,24.77
518,2005,3,Gujarat,Gandhinagar,27.1,40.4,1491.0,1688.0,1729.0,1819.0,1745.3333333333333,-0.11670616113744081,25.6,1396.1363636363637,10.06,6.52,4.84,10.15,31.57,31.69
518,2006,3,Gujarat,Gandhinagar,26.0,33.1,1273.0,1491.0,1688.0,1729.0,1636.0,-0.1462105969148223,27.1,1213.952380952381,4.52,10.62,12.35,4.42,31.91,32.1
518,2007,3,Gujarat,Gandhinagar,23.4,41.3,1765.0,1273.0,1491.0,1688.0,1484.0,0.3864886095836606,26.0,1595.952380952381,3.81,12.81,13.23,3.37,33.22,33.58
518,2008,3,Gujarat,Gandhinagar,24.3,46.8,1926.0,1765.0,1273.0,1491.0,1509.6666666666667,0.09121813031161463,23.4,1624.4761904761904,2.39,4.05,8.45,4.99,19.88,20.26
518,2009,3,Gujarat,Gandhinagar,15.7,26.6,1694.0,1926.0,1765.0,1273.0,1654.6666666666667,-0.12045690550363453,24.3,1447.090909090909,0.32,10.51,4.88,0.76,16.470000000000002,18.76
518,2010,3,Gujarat,Gandhinagar,15.1,29.8,1974.0,1694.0,1926.0,1765.0,1795.0,0.165289256198347,15.7,1734.9545454545455,2.14,13.05,15.14,4.66,34.99,37.38
518,2011,3,Gujarat,Gandhinagar,25.1,55.1,2195.0,1974.0,1694.0,1926.0,1864.6666666666667,0.11195542046605866,15.1,1943.95,0.51,9.3,9.78,3.84,23.43,23.44
518,2012,3,Gujarat,Gandhinagar,17.8,38.4,2157.0,2195.0,1974.0,1694.0,1954.3333333333333,-0.017312072892938457,25.1,1657.095238095238,1.15,2.5,6.08,8.07,17.8,17.9
518,2013,3,Gujarat,Gandhinagar,13.92,36.92,2652.0,2157.0,2195.0,1974.0,2108.6666666666665,0.22948539638386656,17.8,2143.2727272727275,4.61,12.72,5.23,8.55,31.110000000000003,32.65
518,2014,3,Gujarat,Gandhinagar,14.28,36.9,2584.0,2652.0,2157.0,2195.0,2334.6666666666665,-0.02564102564102566,13.92,2152.9666666666667,0.1,15.32,3.52,5.49,24.43,25.21
518,2015,3,Gujarat,Gandhinagar,10.99,30.48,2773.0,2584.0,2652.0,2157.0,2464.3333333333335,0.07314241486068118,14.28,2088.689655172414,5.4,9.68,1.38,3.32,19.78,21.53
518,2016,3,Gujarat,Gandhinagar,8.06,21.59,2679.0,2773.0,2584.0,2652.0,2669.6666666666665,-0.03389830508474578,10.99,2088.7586206896553,0.61,4.89,8.25,2.53,16.28,17.9
518,2017,3,Gujarat,Gandhinagar,8.33,26.39,3168.0,2679.0,2773.0,2584.0,2678.6666666666665,0.18253079507278835,8.06,2351.5172413793102,3.23,17.45,4.67,2.2,27.55,27.95
518,2018,3,Gujarat,Gandhinagar,7.92,23.33,2946.0,3168.0,2679.0,2773.0,2873.3333333333335,-0.07007575757575757,8.33,2204.777777777778,0.75,7.25,6.02,1.44,15.46,15.46
518,2019,3,Gujarat,Gandhinagar,8.35,23.94,2865.0,2946.0,3168.0,2679.0,2931.0,-0.027494908350305547,7.92,2517.0666666666666,2.97,5.34,12.89,9.53,30.730000000000004,31.93
519,1993,10,Rajasthan,Dholpur,46.0,37.4,813.0,974.0,684.0,769.0,809.0,-0.1652977412731006,49.76,448.8965517241379,1.89,3.77,3.31,10.89,19.86,21.11
519,1994,10,Rajasthan,Dholpur,44.88,53.63,1195.0,813.0,974.0,684.0,823.6666666666666,0.46986469864698654,46.0,649.0666666666667,4.03,9.91,6.88,0.96,21.78,23.08
519,1995,10,Rajasthan,Dholpur,38.89,34.43,885.0,1195.0,813.0,974.0,994.0,-0.2594142259414226,44.88,366.48275862068965,2.57,6.33,11.54,7.26,27.7,29.19
519,1996,10,Rajasthan,Dholpur,47.36,60.58,1279.0,885.0,1195.0,813.0,964.3333333333334,0.4451977401129943,38.89,558.4666666666667,2.99,10.68,7.83,5.21,26.71,31.19
519,1997,10,Rajasthan,Dholpur,55.29,55.96,1012.0,1279.0,885.0,1195.0,1119.6666666666667,-0.2087568412822518,47.36,600.3666666666667,1.72,3.38,6.22,3.41,14.73,21.8
519,1998,10,Rajasthan,Dholpur,55.28,65.74,1189.0,1012.0,1279.0,885.0,1058.6666666666667,0.17490118577075098,55.29,567.0967741935484,2.33,8.35,6.18,4.67,21.53,23.78
519,1999,10,Rajasthan,Dholpur,53.82,68.09,1265.0,1189.0,1012.0,1279.0,1160.0,0.063919259882254,55.28,468.3333333333333,0.67,7.33,6.41,4.72,19.13,20.43
519,2000,10,Rajasthan,Dholpur,68.22,97.51,1429.0,1265.0,1189.0,1012.0,1155.3333333333333,0.12964426877470347,53.82,567.96875,0.99,5.15,3.28,0.79,10.21,11.05
519,2001,10,Rajasthan,Dholpur,58.45,87.98,1505.0,1429.0,1265.0,1189.0,1294.3333333333333,0.05318404478656413,68.22,849.96875,4.49,7.36,5.75,0.53,18.130000000000003,21.01
519,2002,10,Rajasthan,Dholpur,61.76,101.92,1650.0,1505.0,1429.0,1265.0,1399.6666666666667,0.09634551495016619,58.45,301.6333333333333,1.3,0.51,6.18,5.04,13.03,16.05
519,2003,10,Rajasthan,Dholpur,67.46,119.95,1778.0,1650.0,1505.0,1429.0,1528.0,0.07757575757575763,61.76,1253.84375,1.11,4.97,5.12,5.35,16.549999999999997,19.01
519,2004,10,Rajasthan,Dholpur,61.32,150.2,2449.0,1778.0,1650.0,1505.0,1644.3333333333333,0.37739032620922375,67.46,842.9677419354839,1.3,4.78,7.6,2.69,16.37,19.19
519,2005,10,Rajasthan,Dholpur,68.53,113.1,1650.0,2449.0,1778.0,1650.0,1959.0,-0.3262556145365455,61.32,567.75,2.0,9.29,1.65,3.3,16.24,18.08
519,2006,10,Rajasthan,Dholpur,67.48,114.03,1690.0,1650.0,2449.0,1778.0,1959.0,0.024242424242424176,68.53,907.28125,5.02,5.31,2.62,1.44,14.39,16.08
519,2007,10,Rajasthan,Dholpur,76.44,142.46,1864.0,1690.0,1650.0,2449.0,1929.6666666666667,0.1029585798816568,67.48,1043.3548387096773,2.98,4.34,4.04,2.08,13.44,16.22
519,2008,10,Rajasthan,Dholpur,69.92,121.08,1732.0,1864.0,1690.0,1650.0,1734.6666666666667,-0.07081545064377681,76.44,1079.8181818181818,6.68,8.71,7.55,4.77,27.71,28.84
519,2009,10,Rajasthan,Dholpur,86.38,167.78,1942.0,1732.0,1864.0,1690.0,1762.0,0.1212471131639723,69.92,594.258064516129,0.61,3.41,3.03,5.6,12.65,18.69
519,2010,10,Rajasthan,Dholpur,86.25,155.13,1799.0,1942.0,1732.0,1864.0,1846.0,-0.07363542739443873,86.38,1232.6060606060605,2.25,4.63,6.75,7.93,21.56,24.52
519,2011,10,Rajasthan,Dholpur,82.91,184.95,2231.0,1799.0,1942.0,1732.0,1824.3333333333333,0.24013340744858258,86.25,1307.6363636363637,5.41,8.23,6.98,4.38,25.0,26.37
519,2012,10,Rajasthan,Dholpur,80.45,160.95,2001.0,2231.0,1799.0,1942.0,1990.6666666666667,-0.1030927835051546,82.91,1154.1818181818182,0.9,8.22,10.89,4.43,24.44,25.99
519,2013,10,Rajasthan,Dholpur,81.18,158.47,1952.0,2001.0,2231.0,1799.0,2010.3333333333333,-0.024487756121938986,80.45,1063.7878787878788,6.4,6.66,11.41,2.21,26.68,33.6
519,2014,10,Rajasthan,Dholpur,83.52,177.85,2129.0,1952.0,2001.0,2231.0,2061.3333333333335,0.09067622950819665,81.18,1185.75,0.76,6.54,6.02,3.5,16.82,23.05
519,2015,10,Rajasthan,Dholpur,85.05,178.14,2095.0,2129.0,1952.0,2001.0,2027.3333333333333,-0.015969938938468764,83.52,928.65625,2.15,6.39,4.96,2.67,16.17,22.88
519,2016,10,Rajasthan,Dholpur,81.99,164.8,2010.0,2095.0,2129.0,1952.0,2058.6666666666665,-0.04057279236276845,85.05,1111.3939393939395,1.93,11.71,8.22,0.69,22.55,24.28
519,2017,10,Rajasthan,Dholpur,84.38,199.42,2363.0,2010.0,2095.0,2129.0,2078.0,0.17562189054726374,81.99,1012.3333333333334,2.48,4.26,5.85,2.21,14.8,16.65
519,2018,10,Rajasthan,Dholpur,91.5,205.25,2243.0,2363.0,2010.0,2095.0,2156.0,-0.05078290308929323,84.38,1085.6875,2.95,9.55,8.81,5.24,26.550000000000004,28.37
519,2019,10,Rajasthan,Dholpur,94.1,209.39,2225.0,2243.0,2363.0,2010.0,2205.3333333333335,-0.00802496656263929,91.5,1246.3870967741937,1.54,6.61,7.58,6.91,22.64,24.97
520,1993,20,Telangana,Rangareddy,2.0,1.0,500.0,306.36,298.78,396.83,333.99,0.6320668494581538,1.73,654.5233333333333,1.9,5.34,6.49,4.34,18.07,25.61
520,1994,20,Telangana,Rangareddy,2.0,1.0,500.0,500.0,306.36,298.78,368.38000000000005,0.0,2.0,507.4666666666667,2.65,3.94,5.3,1.25,13.14,23.86
520,1995,20,Telangana,Rangareddy,1.0,1.0,1000.0,500.0,500.0,306.36,435.4533333333334,1.0,2.0,580.302,4.45,6.61,6.39,5.13,22.58,34.97
520,1996,20,Telangana,Rangareddy,1.0,1.0,1000.0,1000.0,500.0,500.0,666.6666666666666,0.0,1.0,623.376,4.17,4.55,9.53,5.65,23.9,32.23
520,1998,20,Telangana,Rangareddy,1.0,1.0,1000.0,1000.0,1000.0,500.0,833.3333333333334,0.0,1.0,606.58,2.57,5.99,6.52,8.41,23.49,32.22
520,1999,20,Telangana,Rangareddy,1.22,0.72,590.16,1000.0,1000.0,1000.0,1000.0,-0.40984,1.0,613.8822222222223,1.63,3.33,3.81,3.71,12.48,16.85
520,2000,20,Telangana,Rangareddy,1.14,0.68,596.49,590.16,1000.0,1000.0,863.3866666666667,0.010725904839365752,1.22,608.6266666666666,7.78,2.52,12.0,2.44,24.74,29.84
520,2001,20,Telangana,Rangareddy,0.74,0.35,472.97,596.49,590.16,1000.0,728.8833333333333,-0.20707807339603346,1.14,468.0055555555556,4.7,2.47,5.36,6.02,18.55,25.29
520,2003,20,Telangana,Rangareddy,0.97,0.59,608.25,472.97,596.49,590.16,553.2066666666666,0.28602236928346403,0.74,610.1088888888889,2.53,5.81,4.93,2.64,15.91,21.91
520,2004,20,Telangana,Rangareddy,0.97,0.31,319.59,608.25,472.97,596.49,559.2366666666667,-0.47457459926017265,0.97,321.30111111111114,1.44,6.64,1.65,4.97,14.7,22.68
520,2005,20,Telangana,Rangareddy,0.52,0.33,634.62,319.59,608.25,472.97,466.93666666666667,0.9857317187646675,0.97,644.60625,3.39,10.59,5.24,6.18,25.4,36.54
520,2006,20,Telangana,Rangareddy,0.35,0.13,371.43,634.62,319.59,608.25,520.82,-0.4147206202136712,0.52,358.52666666666664,4.05,4.66,4.48,7.43,20.62,29.87
520,2007,20,Telangana,Rangareddy,0.38,0.24,631.58,371.43,634.62,319.59,441.87999999999994,0.7004011523032605,0.35,641.1233333333333,9.78,3.0,7.75,8.11,28.64,31.42
520,2008,20,Telangana,Rangareddy,0.33,0.21,636.36,631.58,371.43,634.62,545.8766666666667,0.007568320719465449,0.38,634.9442857142857,1.63,4.02,10.59,5.91,22.15,32.12
520,2009,20,Telangana,Rangareddy,0.17,0.08,470.59,636.36,631.58,371.43,546.4566666666666,-0.2604972028411592,0.33,513.03625,3.41,1.57,7.7,5.06,17.74,23.61
520,2010,20,Telangana,Rangareddy,0.33,0.24,727.27,470.59,636.36,631.58,579.51,0.5454429545889203,0.17,756.24375,4.36,8.98,7.33,5.91,26.58,31.44
520,2011,20,Telangana,Rangareddy,0.09,0.06,666.67,727.27,470.59,636.36,611.4066666666666,-0.08332531246992181,0.33,650.4328571428571,1.69,5.49,5.35,1.56,14.09,17.11
520,2012,20,Telangana,Rangareddy,0.2,0.18,900.0,666.67,727.27,470.59,621.5100000000001,0.3499932500337499,0.09,1222.4828571428573,2.87,5.72,4.02,3.85,16.46,21.04
520,2013,20,Telangana,Rangareddy,0.15,0.14,933.33,900.0,666.67,727.27,764.6466666666666,0.037033333333333474,0.2,957.04125,3.88,6.56,3.11,7.0,20.55,28.06
520,2014,20,Telangana,Rangareddy,0.06,0.06,1000.0,933.33,900.0,666.67,833.3333333333334,0.07143239797284995,0.15,899.5875,1.86,4.65,9.76,2.66,18.93,25.65
520,2015,20,Telangana,Rangareddy,0.07,0.06,857.14,1000.0,933.33,900.0,944.4433333333333,-0.14286,0.06,881.95125,1.92,1.71,3.05,5.67,12.35,17.55
520,2016,20,Telangana,Rangareddy,0.14,0.12,870.5,857.14,1000.0,933.33,930.1566666666666,0.015586718622395468,0.07,850.6381818181818,4.77,5.36,2.48,9.49,22.1,25.08
520,2017,20,Telangana,Rangareddy,0.07,0.07,1060.61,870.5,857.14,1000.0,909.2133333333333,0.21839172889144165,0.14,1030.3625,5.0,3.59,4.37,6.11,19.07,24.18
520,2018,20,Telangana,Rangareddy,0.06,0.03,482.0,1060.61,870.5,857.14,929.4166666666666,-0.545544545120261,0.07,495.3333333333333,1.98,2.84,3.84,3.03,11.69,14.85
520,2019,20,Telangana,Rangareddy,0.13,0.15,1212.6,482.0,1060.61,870.5,804.37,1.5157676348547717,0.06,1174.3999999999999,1.68,2.6,4.45,5.65,14.38,19.29
521,1993,11,Tamil Nadu,Thiruvannamalai,12.0,7.0,583.0,467.0,1037.0,1063.0,855.6666666666666,0.24839400428265535,9.79,1526.9375,10.39,9.0,1.64,1.3,22.33,58.85
521,1994,11,Tamil Nadu,Thiruvannamalai,9.07,8.99,991.0,583.0,467.0,1037.0,695.6666666666666,0.6998284734133791,12.0,1371.2380952380952,7.9,8.76,6.62,3.9,27.18,58.91
521,1995,11,Tamil Nadu,Thiruvannamalai,8.53,10.57,1239.0,991.0,583.0,467.0,680.3333333333334,0.2502522704339052,9.07,1302.4,5.16,4.05,3.38,2.82,15.41,37.45
521,1996,11,Tamil Nadu,Thiruvannamalai,9.79,8.44,862.0,1239.0,991.0,583.0,937.6666666666666,-0.30427764326069406,8.53,1290.76,10.22,8.37,5.1,5.36,29.05,50.33
521,1997,11,Tamil Nadu,Thiruvannamalai,10.98,8.06,734.0,862.0,1239.0,991.0,1030.6666666666667,-0.14849187935034802,9.79,1471.1363636363637,11.57,9.07,5.65,9.68,35.97,60.61
521,1998,11,Tamil Nadu,Thiruvannamalai,12.61,11.96,948.0,734.0,862.0,1239.0,945.0,0.29155313351498635,10.98,1540.1818181818182,7.96,3.78,7.1,11.91,30.75,61.07
521,1999,11,Tamil Nadu,Thiruvannamalai,13.47,13.37,993.0,948.0,734.0,862.0,848.0,0.04746835443037978,12.61,1686.5416666666667,10.09,4.14,2.18,1.2,17.61,51.57
521,2000,11,Tamil Nadu,Thiruvannamalai,11.25,9.62,855.0,993.0,948.0,734.0,891.6666666666666,-0.13897280966767367,13.47,1490.8333333333333,6.3,2.51,9.16,4.39,22.36,43.37
521,2001,11,Tamil Nadu,Thiruvannamalai,14.14,13.74,972.0,855.0,993.0,948.0,932.0,0.13684210526315788,11.25,1411.7083333333333,9.93,9.3,3.76,11.44,34.43,63.69
521,2002,11,Tamil Nadu,Thiruvannamalai,6.27,3.49,557.0,972.0,855.0,993.0,940.0,-0.42695473251028804,14.14,1024.6818181818182,6.57,2.33,5.33,1.78,16.01,46.31
521,2003,11,Tamil Nadu,Thiruvannamalai,18.06,12.25,678.0,557.0,972.0,855.0,794.6666666666666,0.21723518850987422,6.27,1060.8,7.45,5.41,4.84,1.46,19.16,51.12
521,2004,11,Tamil Nadu,Thiruvannamalai,6.05,1.97,326.0,678.0,557.0,972.0,735.6666666666666,-0.5191740412979351,18.06,1259.4615384615386,7.71,7.63,4.0,10.11,29.45,66.02
521,2005,11,Tamil Nadu,Thiruvannamalai,4.91,3.02,615.0,326.0,678.0,557.0,520.3333333333334,0.8865030674846626,6.05,1316.625,9.0,7.58,2.44,6.95,25.97,68.16
521,2006,11,Tamil Nadu,Thiruvannamalai,3.72,2.76,742.0,615.0,326.0,678.0,539.6666666666666,0.20650406504065044,4.91,1589.5652173913043,7.22,5.68,6.03,11.53,30.46,69.33
521,2007,11,Tamil Nadu,Thiruvannamalai,4.0,4.16,1040.0,742.0,615.0,326.0,561.0,0.40161725067385445,3.72,1603.8695652173913,6.08,6.89,3.78,6.21,22.96,42.95
521,2008,11,Tamil Nadu,Thiruvannamalai,5.62,6.67,1187.0,1040.0,742.0,615.0,799.0,0.1413461538461538,4.0,1738.4166666666667,2.46,5.37,4.66,3.77,16.26,43.09
521,2009,11,Tamil Nadu,Thiruvannamalai,2.6,1.8,692.0,1187.0,1040.0,742.0,989.6666666666666,-0.4170176916596462,5.62,1623.92,4.3,4.23,2.33,3.34,14.2,33.59
521,2010,11,Tamil Nadu,Thiruvannamalai,3.33,2.15,646.0,692.0,1187.0,1040.0,973.0,-0.06647398843930641,2.6,1499.9583333333333,4.24,3.64,2.11,4.3,14.29,41.14
521,2011,11,Tamil Nadu,Thiruvannamalai,2.87,5.24,1826.0,646.0,692.0,1187.0,841.6666666666666,1.8266253869969042,3.33,2250.72,2.76,2.49,2.42,2.83,10.5,30.71
521,2012,11,Tamil Nadu,Thiruvannamalai,2.84,5.01,1764.0,1826.0,646.0,692.0,1054.6666666666667,-0.033953997809419545,2.87,1478.6153846153845,1.67,1.49,3.23,1.79,8.18,24.97
521,2013,11,Tamil Nadu,Thiruvannamalai,4.14,9.56,2309.0,1764.0,1826.0,646.0,1412.0,0.30895691609977316,2.84,2170.25,4.68,2.72,4.71,2.2,14.31,32.51
521,2014,11,Tamil Nadu,Thiruvannamalai,6.12,20.04,3275.0,2309.0,1764.0,1826.0,1966.3333333333333,0.41836292767431793,4.14,3069.8846153846152,1.89,1.77,6.22,3.59,13.47,38.24
521,2015,11,Tamil Nadu,Thiruvannamalai,4.84,9.63,1990.0,3275.0,2309.0,1764.0,2449.3333333333335,-0.39236641221374047,6.12,2671.75,3.81,1.53,1.79,5.17,12.3,41.620000000000005
521,2016,11,Tamil Nadu,Thiruvannamalai,3.16,7.61,2407.0,1990.0,3275.0,2309.0,2524.6666666666665,0.20954773869346743,4.84,2170.375,2.82,4.19,1.88,0.83,9.72,23.75
521,2017,11,Tamil Nadu,Thiruvannamalai,6.08,13.91,2286.0,2407.0,1990.0,3275.0,2557.3333333333335,-0.050270045700041566,3.16,2231.28,3.68,2.52,4.64,6.23,17.07,38.95
521,2018,11,Tamil Nadu,Thiruvannamalai,2.44,5.93,2430.0,2286.0,2407.0,1990.0,2227.6666666666665,0.06299212598425208,6.08,2474.84,2.79,3.53,4.71,3.29,14.32,32.1
521,2019,11,Tamil Nadu,Thiruvannamalai,4.06,16.94,4170.0,2430.0,2286.0,2407.0,2374.3333333333335,0.7160493827160495,2.44,2837.84,2.45,2.0,5.2,6.19,15.84,37.2
523,1993,4,Haryana,Yamunanagar,1.8,1.0,556.0,1176.0,667.0,833.0,892.0,-0.5272108843537415,1.7,765.4666666666667,4.49,12.19,11.03,8.97,36.68,42.51
523,1994,4,Haryana,Yamunanagar,1.6,3.0,1875.0,556.0,1176.0,667.0,799.6666666666666,2.3723021582733814,1.8,1379.2857142857142,4.01,14.77,14.32,1.53,34.63,39.02
523,1995,4,Haryana,Yamunanagar,1.6,1.0,625.0,1875.0,556.0,1176.0,1202.3333333333333,-0.6666666666666667,1.6,751.8571428571429,2.41,7.73,13.3,6.64,30.08,35.03
523,1996,4,Haryana,Yamunanagar,1.6,2.0,1250.0,625.0,1875.0,556.0,1018.6666666666666,1.0,1.6,1211.8,6.8,6.96,14.94,6.69,35.39,43.28
523,1997,4,Haryana,Yamunanagar,1.4,1.0,714.0,1250.0,625.0,1875.0,1250.0,-0.42879999999999996,1.6,1298.9444444444443,5.12,10.14,9.44,3.05,27.750000000000004,39.21
523,1998,4,Haryana,Yamunanagar,1.0,1.0,1000.0,714.0,1250.0,625.0,863.0,0.40056022408963576,1.4,1128.5,3.55,12.68,14.45,5.68,36.36,46.26
523,1999,4,Haryana,Yamunanagar,1.2,1.0,833.0,1000.0,714.0,1250.0,988.0,-0.16700000000000004,1.0,1117.9375,4.54,5.98,3.43,5.4,19.35,21.950000000000003
523,2000,4,Haryana,Yamunanagar,1.5,1.0,667.0,833.0,1000.0,714.0,849.0,-0.1992797118847539,1.2,1177.8666666666666,4.76,8.84,5.57,3.5,22.67,26.44
523,2001,4,Haryana,Yamunanagar,1.1,1.0,909.0,667.0,833.0,1000.0,833.3333333333334,0.3628185907046477,1.5,1347.8666666666666,8.42,13.0,10.3,2.23,33.95,40.08
523,2002,4,Haryana,Yamunanagar,1.0,1.0,1000.0,909.0,667.0,833.0,803.0,0.10011001100110017,1.1,1085.235294117647,2.62,2.93,8.93,6.62,21.1,28.8
523,2003,4,Haryana,Yamunanagar,0.8,2.0,2500.0,1000.0,909.0,667.0,858.6666666666666,1.5,1.0,1915.235294117647,3.31,13.07,10.45,6.97,33.8,39.56
523,2004,4,Haryana,Yamunanagar,0.98,2.0,2041.0,2500.0,1000.0,909.0,1469.6666666666667,-0.18359999999999999,0.8,1851.0,6.17,10.03,12.2,1.19,29.59,37.26
523,2005,4,Haryana,Yamunanagar,0.9,1.0,1111.0,2041.0,2500.0,1000.0,1847.0,-0.4556589906908378,0.98,1555.1666666666667,2.72,12.65,7.95,8.98,32.3,37.81
523,2006,4,Haryana,Yamunanagar,1.0,2.0,2000.0,1111.0,2041.0,2500.0,1884.0,0.8001800180018002,0.9,2087.3333333333335,3.64,11.63,7.92,3.36,26.55,34.14
523,2007,4,Haryana,Yamunanagar,0.7,2.0,2857.0,2000.0,1111.0,2041.0,1717.3333333333333,0.4285000000000001,1.0,2267.8888888888887,3.41,14.25,15.38,4.53,37.57,45.36
523,2008,4,Haryana,Yamunanagar,0.9,2.0,2222.0,2857.0,2000.0,1111.0,1989.3333333333333,-0.22226111305565277,0.7,2155.5263157894738,10.94,13.25,13.21,6.29,43.69,49.55
523,2009,4,Haryana,Yamunanagar,1.2,2.0,1667.0,2222.0,2857.0,2000.0,2359.6666666666665,-0.2497749774977498,0.9,1876.388888888889,2.31,8.53,8.41,6.95,26.2,33.12
523,2010,4,Haryana,Yamunanagar,0.9,2.0,2222.0,1667.0,2222.0,2857.0,2248.6666666666665,0.3329334133173365,1.2,1996.1666666666667,3.27,18.18,17.06,16.58,55.09,59.21
523,2011,4,Haryana,Yamunanagar,0.6,2.0,3333.0,2222.0,1667.0,2222.0,2037.0,0.5,0.9,2137.5,9.01,13.81,14.3,9.21,46.330000000000005,51.95
523,2012,4,Haryana,Yamunanagar,0.61,2.0,3279.0,3333.0,2222.0,1667.0,2407.3333333333335,-0.016201620162016206,0.6,2085.5555555555557,1.52,10.49,17.43,7.89,37.33,40.79
523,2018,4,Haryana,Yamunanagar,0.1,0.2,2000.0,3279.0,3333.0,2222.0,2944.6666666666665,-0.390057944495273,0.61,2226.7,5.48,12.64,12.49,7.11,37.72,41.3
523,2019,4,Haryana,Yamunanagar,0.1,0.2,2000.0,2000.0,3279.0,3333.0,2870.6666666666665,0.0,0.1,2225.5714285714284,1.29,8.9,8.53,6.04,24.76,32.55
524,1993,4,Haryana,Kaithal,9.0,10.0,1111.0,1413.0,899.0,847.0,1053.0,-0.21372965322009907,9.2,765.4666666666667,1.44,7.83,0.93,4.04,14.239999999999998,17.63
524,1994,4,Haryana,Kaithal,7.9,12.0,1519.0,1111.0,1413.0,899.0,1141.0,0.36723672367236726,9.0,1379.2857142857142,1.77,9.02,8.47,1.7,20.96,23.22
524,1995,4,Haryana,Kaithal,8.4,4.0,476.0,1519.0,1111.0,1413.0,1347.6666666666667,-0.6866359447004609,7.9,751.8571428571429,2.64,3.21,9.15,3.39,18.39,22.68
524,1996,4,Haryana,Kaithal,7.4,9.0,1216.0,476.0,1519.0,1111.0,1035.3333333333333,1.5546218487394956,8.4,1211.8,5.16,2.64,5.15,3.78,16.73,22.35
524,1997,4,Haryana,Kaithal,5.7,11.0,1930.0,1216.0,476.0,1519.0,1070.3333333333333,0.587171052631579,7.4,1298.9444444444443,2.09,3.48,8.53,0.51,14.61,20.97
524,1998,4,Haryana,Kaithal,4.0,5.0,1250.0,1930.0,1216.0,476.0,1207.3333333333333,-0.3523316062176166,5.7,1128.5,2.8,4.13,3.52,4.15,14.6,19.29
524,1999,4,Haryana,Kaithal,4.7,5.0,1064.0,1250.0,1930.0,1216.0,1465.3333333333333,-0.14880000000000004,4.0,1117.9375,1.7,3.12,1.92,1.46,8.2,9.83
524,2000,4,Haryana,Kaithal,5.4,5.0,926.0,1064.0,1250.0,1930.0,1414.6666666666667,-0.12969924812030076,4.7,1177.8666666666666,4.68,6.22,1.44,1.31,13.65,16.05
524,2001,4,Haryana,Kaithal,6.1,9.0,1475.0,926.0,1064.0,1250.0,1080.0,0.5928725701943844,5.4,1347.8666666666666,3.16,4.26,4.89,0.86,13.169999999999998,17.43
524,2002,4,Haryana,Kaithal,9.7,9.0,928.0,1475.0,926.0,1064.0,1155.0,-0.3708474576271187,6.1,1085.235294117647,0.77,1.32,2.96,3.82,8.87,12.81
524,2003,4,Haryana,Kaithal,10.9,14.0,1284.0,928.0,1475.0,926.0,1109.6666666666667,0.3836206896551724,9.7,1915.235294117647,1.51,10.2,4.96,2.46,19.13,22.6
524,2004,4,Haryana,Kaithal,10.83,17.0,1570.0,1284.0,928.0,1475.0,1229.0,0.22274143302180693,10.9,1851.0,1.97,0.84,8.07,0.42,11.3,16.96
524,2005,4,Haryana,Kaithal,11.8,23.0,1949.0,1570.0,1284.0,928.0,1260.6666666666667,0.24140127388535038,10.83,1555.1666666666667,2.46,5.06,1.63,5.05,14.2,18.73
524,2006,4,Haryana,Kaithal,13.0,27.0,2077.0,1949.0,1570.0,1284.0,1601.0,0.0656747049769113,11.8,2087.3333333333335,1.77,4.49,2.14,1.76,10.16,13.67
524,2007,4,Haryana,Kaithal,14.0,46.0,3286.0,2077.0,1949.0,1570.0,1865.3333333333333,0.5820895522388059,13.0,2267.8888888888887,3.24,1.9,3.95,1.61,10.7,17.0
524,2008,4,Haryana,Kaithal,13.5,31.0,2296.0,3286.0,2077.0,1949.0,2437.3333333333335,-0.3012781497261108,14.0,2155.5263157894738,8.23,3.52,6.78,5.78,24.31,29.33
524,2009,4,Haryana,Kaithal,10.9,20.0,1835.0,2296.0,3286.0,2077.0,2553.0,-0.20078397212543553,13.5,1876.388888888889,1.47,3.82,2.52,4.96,12.77,16.53
524,2010,4,Haryana,Kaithal,9.2,14.0,1522.0,1835.0,2296.0,3286.0,2472.3333333333335,-0.17057220708446863,10.9,1996.1666666666667,3.21,7.76,5.23,6.56,22.76,24.56
524,2011,4,Haryana,Kaithal,5.8,15.0,2586.0,1522.0,1835.0,2296.0,1884.3333333333333,0.6990801576872536,9.2,2137.5,4.01,3.51,5.51,7.28,20.31,23.4
524,2012,4,Haryana,Kaithal,4.59,13.0,2832.0,2586.0,1522.0,1835.0,1981.0,0.09512761020881677,5.8,2085.5555555555557,0.73,3.34,5.6,3.47,13.14,15.26
524,2013,4,Haryana,Kaithal,4.0,10.0,2500.0,2832.0,2586.0,1522.0,2313.3333333333335,-0.11723163841807904,4.59,2006.7058823529412,4.01,7.3,7.13,2.01,20.45,25.44
524,2014,4,Haryana,Kaithal,2.0,5.0,2500.0,2500.0,2832.0,2586.0,2639.3333333333335,0.0,4.0,1869.235294117647,0.77,1.91,1.86,5.01,9.55,15.36
524,2015,4,Haryana,Kaithal,2.5,4.0,1600.0,2500.0,2500.0,2832.0,2610.6666666666665,-0.36,2.0,1843.8235294117646,3.38,8.1,4.55,1.83,17.86,25.21
524,2016,4,Haryana,Kaithal,3.0,6.0,2000.0,1600.0,2500.0,2500.0,2200.0,0.25,2.5,2084.4,2.28,6.44,4.23,0.94,13.89,17.27
524,2017,4,Haryana,Kaithal,2.5,6.0,2400.0,2000.0,1600.0,2500.0,2033.3333333333333,0.19999999999999996,3.0,1821.235294117647,5.22,3.39,6.24,3.74,18.59,23.45
524,2018,4,Haryana,Kaithal,1.0,2.0,2000.0,2400.0,2000.0,1600.0,2000.0,-0.16666666666666663,2.5,2226.7,5.34,8.93,4.56,8.01,26.84,29.78
524,2019,4,Haryana,Kaithal,0.6,1.2,2000.0,2000.0,2400.0,2000.0,2133.3333333333335,0.0,1.0,2225.5714285714284,1.58,8.19,6.28,3.78,19.83,26.56
525,1993,4,Haryana,Panipat,0.7,1.0,1429.0,1111.0,1111.0,417.0,879.6666666666666,0.2862286228622861,0.9,765.4666666666667,2.67,9.13,3.51,5.55,20.86,24.23
525,1997,4,Haryana,Panipat,0.6,1.0,1667.0,1429.0,1111.0,1111.0,1217.0,0.16655003498950305,0.7,1298.9444444444443,2.77,4.37,8.05,1.38,16.57,24.05
525,2002,4,Haryana,Panipat,0.6,1.0,1667.0,1667.0,1429.0,1111.0,1402.3333333333333,0.0,0.6,1085.235294117647,1.32,1.17,4.1,4.93,11.52,17.009999999999998
525,2003,4,Haryana,Panipat,0.6,2.0,3333.0,1667.0,1667.0,1429.0,1587.6666666666667,0.9994001199760048,0.6,1915.235294117647,2.77,13.5,6.1,3.23,25.6,29.37
525,2004,4,Haryana,Panipat,0.7,3.0,4286.0,3333.0,1667.0,1667.0,2222.3333333333335,0.28592859285928585,0.6,1851.0,2.78,2.17,9.0,0.52,14.47,20.68
525,2005,4,Haryana,Panipat,0.6,2.0,3333.0,4286.0,3333.0,1667.0,3095.3333333333335,-0.22235184321045265,0.7,1555.1666666666667,2.48,6.9,3.2,6.66,19.24,23.62
525,2006,4,Haryana,Panipat,0.7,2.0,2857.0,3333.0,4286.0,3333.0,3650.6666666666665,-0.1428142814281428,0.6,2087.3333333333335,2.54,6.42,3.29,2.51,14.76,18.85
525,2007,4,Haryana,Panipat,0.7,2.0,2857.0,2857.0,3333.0,4286.0,3492.0,0.0,0.7,2267.8888888888887,3.89,4.78,6.51,2.4,17.58,24.28
525,2008,4,Haryana,Panipat,0.5,2.0,4000.0,2857.0,2857.0,3333.0,3015.6666666666665,0.40007000350017496,0.7,2155.5263157894738,7.24,5.58,8.12,5.79,26.73,32.1
525,2010,4,Haryana,Panipat,0.5,2.0,4000.0,4000.0,2857.0,2857.0,3238.0,0.0,0.5,1996.1666666666667,2.28,9.88,9.0,9.05,30.21,32.71
525,2018,4,Haryana,Panipat,0.4,0.7,1750.0,4000.0,4000.0,2857.0,3619.0,-0.5625,0.5,2226.7,4.56,11.49,5.63,7.15,28.83,30.88
525,2019,4,Haryana,Panipat,0.3,0.4,1333.0,1750.0,4000.0,4000.0,3250.0,-0.23828571428571432,0.4,2225.5714285714284,0.84,7.29,5.7,2.94,16.770000000000003,22.66
526,1993,4,Haryana,Rewari,45.3,24.0,530.0,1223.0,608.0,1255.0,1028.6666666666667,-0.5666394112837285,59.7,765.4666666666667,3.34,7.9,3.3,5.94,20.48,22.2
526,1994,4,Haryana,Rewari,55.3,66.0,1193.0,530.0,1223.0,608.0,787.0,1.2509433962264151,45.3,1379.2857142857142,1.83,10.75,6.85,1.06,20.49,22.34
526,1995,4,Haryana,Rewari,45.3,30.0,662.0,1193.0,530.0,1223.0,982.0,-0.4450963956412406,55.3,751.8571428571429,1.14,2.58,11.59,4.56,19.87,23.1
526,1996,4,Haryana,Rewari,53.6,53.0,989.0,662.0,1193.0,530.0,795.0,0.4939577039274925,45.3,1211.8,4.31,4.77,7.87,4.48,21.43,24.2
526,1997,4,Haryana,Rewari,49.0,53.0,1082.0,989.0,662.0,1193.0,948.0,0.09403437815975724,53.6,1298.9444444444443,2.26,3.18,5.06,1.62,12.12,17.97
526,1998,4,Haryana,Rewari,55.0,60.0,1091.0,1082.0,989.0,662.0,911.0,0.008317929759704246,49.0,1128.5,3.52,4.12,4.77,5.57,17.98,21.8
526,1999,4,Haryana,Rewari,54.3,56.0,1031.0,1091.0,1082.0,989.0,1054.0,-0.05499541704857924,55.0,1117.9375,1.43,3.05,2.54,2.03,9.05,10.96
526,2000,4,Haryana,Rewari,54.4,59.0,1085.0,1031.0,1091.0,1082.0,1068.0,0.05237633365664407,54.3,1177.8666666666666,3.22,4.85,3.29,0.75,12.11,14.33
526,2001,4,Haryana,Rewari,58.7,91.0,1550.0,1085.0,1031.0,1091.0,1069.0,0.4285714285714286,54.4,1347.8666666666666,2.99,3.89,2.89,0.98,10.750000000000002,13.82
526,2002,4,Haryana,Rewari,38.0,26.0,684.0,1550.0,1085.0,1031.0,1222.0,-0.5587096774193548,58.7,1085.235294117647,1.13,0.23,2.95,4.24,8.55,13.34
526,2003,4,Haryana,Rewari,60.5,101.0,1669.0,684.0,1550.0,1085.0,1106.3333333333333,1.4400584795321638,38.0,1915.235294117647,3.49,12.77,4.45,2.38,23.09,25.57
526,2004,4,Haryana,Rewari,50.38,78.0,1548.0,1669.0,684.0,1550.0,1301.0,-0.0724985020970641,60.5,1851.0,1.79,1.63,8.12,0.71,12.25,17.25
526,2005,4,Haryana,Rewari,55.4,48.0,866.0,1548.0,1669.0,684.0,1300.3333333333333,-0.44056847545219635,50.38,1555.1666666666667,2.12,6.09,2.22,5.03,15.46,17.94
526,2006,4,Haryana,Rewari,57.6,82.0,1424.0,866.0,1548.0,1669.0,1361.0,0.6443418013856812,55.4,2087.3333333333335,3.18,5.86,2.29,2.57,13.900000000000002,16.3
526,2007,4,Haryana,Rewari,64.1,101.0,1576.0,1424.0,866.0,1548.0,1279.3333333333333,0.10674157303370779,57.6,2267.8888888888887,3.76,3.91,5.42,2.24,15.33,20.4
526,2008,4,Haryana,Rewari,62.6,121.0,1933.0,1576.0,1424.0,866.0,1288.6666666666667,0.226522842639594,64.1,2155.5263157894738,3.52,4.89,6.03,4.12,18.56,22.86
526,2009,4,Haryana,Rewari,58.6,97.0,1655.0,1933.0,1576.0,1424.0,1644.3333333333333,-0.14381789963786862,62.6,1876.388888888889,0.93,3.72,4.33,4.45,13.43,16.87
526,2010,4,Haryana,Rewari,66.7,126.0,1889.0,1655.0,1933.0,1576.0,1721.3333333333333,0.14138972809667671,58.6,1996.1666666666667,0.52,6.96,8.93,6.42,22.83,25.35
526,2011,4,Haryana,Rewari,62.8,147.0,2341.0,1889.0,1655.0,1933.0,1825.6666666666667,0.23928004235044997,66.7,2137.5,2.95,3.5,5.7,6.1,18.25,20.68
526,2012,4,Haryana,Rewari,49.47,98.0,1981.0,2341.0,1889.0,1655.0,1961.6666666666667,-0.15378043571123456,62.8,2085.5555555555557,0.36,3.91,11.18,2.47,17.919999999999998,19.46
526,2013,4,Haryana,Rewari,60.0,140.0,2333.0,1981.0,2341.0,1889.0,2070.3333333333335,0.1776880363452802,49.47,2006.7058823529412,4.27,7.82,9.46,2.97,24.52,30.34
526,2014,4,Haryana,Rewari,59.0,135.0,2288.0,2333.0,1981.0,2341.0,2218.3333333333335,-0.01928846978139731,60.0,1869.235294117647,0.94,3.41,5.1,1.94,11.39,16.49
526,2015,4,Haryana,Rewari,62.0,132.0,2129.0,2288.0,2333.0,1981.0,2200.6666666666665,-0.06949300699300698,59.0,1843.8235294117646,1.92,5.6,5.39,0.83,13.74,19.24
526,2016,4,Haryana,Rewari,68.2,149.0,2185.0,2129.0,2288.0,2333.0,2250.0,0.026303428839830945,62.0,2084.4,1.9,10.87,5.36,0.86,18.99,20.68
526,2017,4,Haryana,Rewari,67.7,133.0,1965.0,2185.0,2129.0,2288.0,2200.6666666666665,-0.10068649885583525,68.2,1821.235294117647,4.48,3.35,4.23,2.8,14.86,17.61
526,2018,4,Haryana,Rewari,65.0,136.0,2092.0,1965.0,2185.0,2129.0,2093.0,0.06463104325699742,67.7,2226.7,1.84,9.53,4.61,4.98,20.96,22.87
526,2019,4,Haryana,Rewari,67.2,145.0,2158.0,2092.0,1965.0,2185.0,2080.6666666666665,0.031548757170172026,65.0,2225.5714285714284,0.39,5.22,5.76,2.39,13.76,18.98
527,1993,16,Uttarakhand,Haridwar,0.04,0.02,500.0,1250.0,1333.0,900.0,1161.0,-0.6,0.04,500.0,5.05,10.96,12.04,8.92,36.97,42.71
527,1994,16,Uttarakhand,Haridwar,0.02,0.01,500.0,500.0,1250.0,1333.0,1027.6666666666667,0.0,0.04,500.0,4.13,13.58,14.15,1.28,33.14,37.83
527,1995,16,Uttarakhand,Haridwar,0.04,0.02,500.0,500.0,500.0,1250.0,750.0,0.0,0.02,500.0,2.05,8.2,12.85,6.75,29.85,34.65
527,1996,16,Uttarakhand,Haridwar,0.02,0.03,1500.0,500.0,500.0,500.0,500.0,2.0,0.04,1500.0,6.25,7.74,15.71,6.76,36.46,44.61
527,1997,16,Uttarakhand,Haridwar,0.02,0.02,1000.0,1500.0,500.0,500.0,833.3333333333334,-0.33333333333333337,0.02,1000.0,5.89,11.63,8.2,2.91,28.63,40.5
527,1998,16,Uttarakhand,Haridwar,0.02,0.02,1000.0,1000.0,1500.0,500.0,1000.0,0.0,0.02,1000.0,3.26,13.32,15.21,5.38,37.17,48.16
527,1999,16,Uttarakhand,Haridwar,0.02,0.03,1500.0,1000.0,1000.0,1500.0,1166.6666666666667,0.5,0.02,1500.0,4.75,6.52,3.44,6.0,20.71,23.32
527,2000,16,Uttarakhand,Haridwar,0.01,0.02,2000.0,1500.0,1000.0,1000.0,1166.6666666666667,0.33333333333333326,0.02,2000.0,4.25,7.75,6.56,3.58,22.14,25.94
527,2001,16,Uttarakhand,Haridwar,0.04,0.05,1250.0,2000.0,1500.0,1000.0,1500.0,-0.375,0.01,1125.0,9.27,14.82,10.29,2.33,36.71,42.75
528,1993,12,Uttar Pradesh,Firozabad,48.69,71.32,1465.0,1111.0,1307.0,971.0,1129.6666666666667,0.31863186318631853,48.86,1126.1132075471698,2.25,4.52,3.23,10.61,20.61,21.93
528,1994,12,Uttar Pradesh,Firozabad,48.18,60.96,1265.0,1465.0,1111.0,1307.0,1294.3333333333333,-0.13651877133105805,48.69,1007.6603773584906,3.42,10.97,6.02,0.84,21.25,22.85
528,1995,12,Uttar Pradesh,Firozabad,46.9,65.94,1406.0,1265.0,1465.0,1111.0,1280.3333333333333,0.1114624505928854,48.18,1217.4285714285713,2.33,4.31,11.11,5.66,23.41,25.23
528,1996,12,Uttar Pradesh,Firozabad,50.08,63.88,1276.0,1406.0,1265.0,1465.0,1378.6666666666667,-0.09246088193456614,46.9,1118.625,3.14,7.55,7.64,4.53,22.86,26.62
528,1997,12,Uttar Pradesh,Firozabad,56.68,103.63,1828.0,1276.0,1406.0,1265.0,1315.6666666666667,0.432601880877743,50.08,1335.6029411764705,1.83,3.57,4.4,2.23,12.03,17.69
528,1998,12,Uttar Pradesh,Firozabad,54.47,77.72,1427.0,1828.0,1276.0,1406.0,1503.3333333333333,-0.21936542669584247,56.68,1130.3970588235295,2.28,7.14,5.83,4.4,19.65,22.4
528,1999,12,Uttar Pradesh,Firozabad,59.22,92.59,1563.0,1427.0,1828.0,1276.0,1510.3333333333333,0.09530483531885081,54.47,1361.2424242424242,0.55,5.82,6.29,3.18,15.84,16.990000000000002
528,2000,12,Uttar Pradesh,Firozabad,61.5,106.54,1732.0,1563.0,1427.0,1828.0,1606.0,0.10812539987204084,59.22,1263.7462686567164,1.96,4.65,3.23,0.86,10.7,11.82
528,2001,12,Uttar Pradesh,Firozabad,62.05,65.96,1063.0,1732.0,1563.0,1427.0,1574.0,-0.3862586605080831,61.5,1174.7910447761194,2.63,5.85,3.39,0.8,12.670000000000002,14.77
528,2002,12,Uttar Pradesh,Firozabad,59.1,75.17,1272.0,1063.0,1732.0,1563.0,1452.6666666666667,0.19661335841956729,62.05,1196.323076923077,0.81,0.38,5.04,4.91,11.14,14.65
528,2003,12,Uttar Pradesh,Firozabad,65.02,57.98,892.0,1272.0,1063.0,1732.0,1355.6666666666667,-0.2987421383647799,59.1,1157.3809523809523,1.74,5.49,3.84,4.36,15.43,17.43
528,2004,12,Uttar Pradesh,Firozabad,66.9,127.07,1899.0,892.0,1272.0,1063.0,1075.6666666666667,1.1289237668161434,65.02,1357.09375,1.51,4.22,7.16,2.69,15.58,18.7
528,2005,12,Uttar Pradesh,Firozabad,65.73,124.25,1890.0,1899.0,892.0,1272.0,1354.3333333333333,-0.004739336492891044,66.9,1305.0819672131147,1.46,8.76,1.5,2.94,14.659999999999998,16.08
528,2006,12,Uttar Pradesh,Firozabad,65.62,121.32,1849.0,1890.0,1899.0,892.0,1560.3333333333333,-0.021693121693121653,65.73,1386.5333333333333,4.11,6.07,1.98,1.24,13.4,15.04
528,2007,12,Uttar Pradesh,Firozabad,63.58,113.8,1790.0,1849.0,1890.0,1899.0,1879.3333333333333,-0.03190914007571666,65.62,1324.3125,3.03,4.04,4.23,1.61,12.91,15.88
528,2008,12,Uttar Pradesh,Firozabad,63.65,133.88,2103.0,1790.0,1849.0,1890.0,1843.0,0.17486033519553068,63.58,1478.2131147540983,4.58,7.92,5.93,3.97,22.4,23.77
528,2009,12,Uttar Pradesh,Firozabad,64.62,134.0,2074.0,2103.0,1790.0,1849.0,1914.0,-0.013789824060865485,63.65,1416.9333333333334,0.99,3.42,3.15,4.19,11.75,17.3
528,2010,12,Uttar Pradesh,Firozabad,66.12,134.98,2041.0,2074.0,2103.0,1790.0,1989.0,-0.015911282545805205,64.62,1360.1186440677966,1.22,4.24,4.9,5.85,16.21,18.83
528,2011,12,Uttar Pradesh,Firozabad,72.72,163.49,2248.0,2041.0,2074.0,2103.0,2072.6666666666665,0.10142087212150908,66.12,1526.8095238095239,4.79,5.29,7.11,3.79,20.98,22.6
528,2012,12,Uttar Pradesh,Firozabad,63.33,143.64,2268.0,2248.0,2041.0,2074.0,2121.0,0.008896797153024938,72.72,1586.5967741935483,0.47,7.92,10.84,4.01,23.24,24.78
528,2013,12,Uttar Pradesh,Firozabad,70.41,166.54,2365.0,2268.0,2248.0,2041.0,2185.6666666666665,0.0427689594356262,63.33,1458.9322033898304,5.99,6.72,11.51,3.17,27.39,34.32
528,2014,12,Uttar Pradesh,Firozabad,75.37,160.02,2123.0,2365.0,2268.0,2248.0,2293.6666666666665,-0.10232558139534886,70.41,1524.3559322033898,0.7,4.58,6.13,2.12,13.53,18.98
528,2015,12,Uttar Pradesh,Firozabad,70.89,148.69,2097.0,2123.0,2365.0,2268.0,2252.0,-0.01224682053697601,75.37,1426.6896551724137,1.98,5.02,5.0,2.34,14.34,20.94
528,2016,12,Uttar Pradesh,Firozabad,70.89,165.02,2328.0,2097.0,2123.0,2365.0,2195.0,0.11015736766809736,70.89,1464.7166666666667,1.97,13.11,6.7,1.19,22.97,24.75
528,2017,12,Uttar Pradesh,Firozabad,83.42,196.0,2350.0,2328.0,2097.0,2123.0,2182.6666666666665,0.009450171821305808,70.89,1620.1724137931035,2.56,4.35,5.42,2.46,14.79,16.81
528,2018,12,Uttar Pradesh,Firozabad,72.04,161.86,2247.0,2350.0,2328.0,2097.0,2258.3333333333335,-0.043829787234042517,83.42,1712.9016393442623,2.57,11.22,8.46,4.08,26.33,28.34
528,2019,12,Uttar Pradesh,Firozabad,76.5,179.83,2351.0,2247.0,2350.0,2328.0,2308.3333333333335,0.04628393413440146,72.04,1894.1833333333334,0.98,6.14,7.86,6.46,21.44,24.34
529,1993,12,Uttar Pradesh,Sonbhadra,0.27,0.3,1111.0,1100.0,1000.0,920.0,1006.6666666666666,0.010000000000000009,0.1,1126.1132075471698,3.66,4.68,6.04,11.5,25.88,29.04
529,1994,12,Uttar Pradesh,Sonbhadra,0.5,0.43,860.0,1111.0,1100.0,1000.0,1070.3333333333333,-0.22592259225922595,0.27,1007.6603773584906,4.95,9.75,11.64,4.42,30.76,35.28
529,1995,12,Uttar Pradesh,Sonbhadra,0.4,0.5,1250.0,860.0,1111.0,1100.0,1023.6666666666666,0.4534883720930232,0.5,1217.4285714285713,2.48,4.93,8.31,7.68,23.4,28.31
529,1996,12,Uttar Pradesh,Sonbhadra,0.35,0.34,971.0,1250.0,860.0,1111.0,1073.6666666666667,-0.22319999999999995,0.4,1118.625,6.34,6.64,10.31,4.15,27.44,31.92
529,1997,12,Uttar Pradesh,Sonbhadra,0.18,0.27,1500.0,971.0,1250.0,860.0,1027.0,0.544799176107106,0.35,1335.6029411764705,4.68,12.5,8.63,5.89,31.700000000000003,38.04
529,1998,12,Uttar Pradesh,Sonbhadra,0.18,0.24,1333.0,1500.0,971.0,1250.0,1240.3333333333333,-0.11133333333333328,0.18,1130.3970588235295,2.62,6.98,10.87,7.23,27.7,32.52
529,1999,12,Uttar Pradesh,Sonbhadra,0.14,0.19,1357.0,1333.0,1500.0,971.0,1268.0,0.018004501125281402,0.18,1361.2424242424242,4.23,10.55,7.67,4.28,26.730000000000004,30.55
529,2000,12,Uttar Pradesh,Sonbhadra,0.07,0.08,1143.0,1357.0,1333.0,1500.0,1396.6666666666667,-0.15770081061164332,0.14,1263.7462686567164,4.39,6.24,4.89,7.23,22.75,24.35
529,2001,12,Uttar Pradesh,Sonbhadra,0.64,0.81,1266.0,1143.0,1357.0,1333.0,1277.6666666666667,0.1076115485564304,0.07,1174.7910447761194,5.38,10.61,6.2,3.16,25.35,29.89
529,2002,12,Uttar Pradesh,Sonbhadra,0.49,0.67,1367.0,1266.0,1143.0,1357.0,1255.3333333333333,0.07977883096366511,0.64,1196.323076923077,3.11,4.4,9.35,5.68,22.54,27.36
529,2003,12,Uttar Pradesh,Sonbhadra,0.54,0.62,1148.0,1367.0,1266.0,1143.0,1258.6666666666667,-0.16020482809070957,0.49,1157.3809523809523,3.18,6.52,6.72,7.99,24.41,29.35
529,2004,12,Uttar Pradesh,Sonbhadra,0.63,0.57,905.0,1148.0,1367.0,1266.0,1260.3333333333333,-0.2116724738675958,0.54,1357.09375,6.84,4.67,6.21,2.62,20.34,23.34
529,2005,12,Uttar Pradesh,Sonbhadra,0.36,0.48,1333.0,905.0,1148.0,1367.0,1140.0,0.4729281767955802,0.63,1305.0819672131147,2.78,7.95,7.49,3.69,21.91,24.93
529,2006,12,Uttar Pradesh,Sonbhadra,0.37,0.39,1054.0,1333.0,905.0,1148.0,1128.6666666666667,-0.2093023255813954,0.36,1386.5333333333333,3.67,8.76,6.35,3.22,22.0,25.55
529,2007,12,Uttar Pradesh,Sonbhadra,0.33,0.33,1000.0,1054.0,1333.0,905.0,1097.3333333333333,-0.05123339658444026,0.37,1324.3125,2.57,6.79,6.83,6.44,22.63,27.73
529,2008,12,Uttar Pradesh,Sonbhadra,0.29,0.29,1000.0,1000.0,1054.0,1333.0,1129.0,0.0,0.33,1478.2131147540983,10.37,9.89,8.69,2.28,31.23,33.24
529,2009,12,Uttar Pradesh,Sonbhadra,0.13,0.18,1385.0,1000.0,1000.0,1054.0,1018.0,0.385,0.29,1416.9333333333334,0.93,6.08,4.11,5.87,16.990000000000002,20.35
529,2010,12,Uttar Pradesh,Sonbhadra,0.29,0.38,1310.0,1385.0,1000.0,1000.0,1128.3333333333333,-0.054151624548736454,0.13,1360.1186440677966,1.18,6.13,5.61,4.87,17.79,20.65
529,2011,12,Uttar Pradesh,Sonbhadra,0.29,0.45,1552.0,1310.0,1385.0,1000.0,1231.6666666666667,0.18473282442748085,0.29,1526.8095238095239,9.34,5.98,8.37,8.99,32.68,34.83
529,2012,12,Uttar Pradesh,Sonbhadra,0.29,0.25,862.0,1552.0,1310.0,1385.0,1415.6666666666667,-0.44458762886597936,0.29,1586.5967741935483,1.63,11.62,9.13,6.3,28.680000000000003,32.35
529,2013,12,Uttar Pradesh,Sonbhadra,0.18,0.29,1611.0,862.0,1552.0,1310.0,1241.3333333333333,0.8689095127610209,0.29,1458.9322033898304,6.01,6.28,8.4,4.66,25.35,34.69
529,2014,12,Uttar Pradesh,Sonbhadra,0.17,0.26,1529.0,1611.0,862.0,1552.0,1341.6666666666667,-0.05090006207324638,0.18,1524.3559322033898,1.82,7.52,7.78,3.87,20.99,29.48
529,2015,12,Uttar Pradesh,Sonbhadra,0.02,0.02,1000.0,1529.0,1611.0,862.0,1334.0,-0.34597776324395024,0.17,1426.6896551724137,4.3,12.61,8.88,2.0,27.79,33.36
529,2016,12,Uttar Pradesh,Sonbhadra,0.56,0.8,1427.0,1000.0,1529.0,1611.0,1380.0,0.42700000000000005,0.02,1464.7166666666667,1.5,13.21,13.35,8.05,36.11,39.07
529,2018,12,Uttar Pradesh,Sonbhadra,0.19,0.31,1599.0,1427.0,1000.0,1529.0,1318.6666666666667,0.12053258584442883,0.56,1712.9016393442623,2.51,10.13,9.22,3.9,25.76,27.43
529,2019,12,Uttar Pradesh,Sonbhadra,0.19,0.26,1379.0,1599.0,1427.0,1000.0,1342.0,-0.13758599124452786,0.19,1894.1833333333334,1.61,7.52,9.56,11.47,30.16,33.910000000000004
530,1993,12,Uttar Pradesh,Mau,0.47,0.71,1511.0,1558.0,1213.0,1123.0,1298.0,-0.030166880616174563,0.52,1126.1132075471698,4.24,4.31,9.33,8.56,26.440000000000005,28.95
530,1994,12,Uttar Pradesh,Mau,0.37,0.5,1351.0,1511.0,1558.0,1213.0,1427.3333333333333,-0.10589013898080746,0.47,1007.6603773584906,2.99,7.28,8.73,6.3,25.3,28.7
530,1995,12,Uttar Pradesh,Mau,0.31,0.37,1194.0,1351.0,1511.0,1558.0,1473.3333333333333,-0.1162102146558105,0.37,1217.4285714285713,2.93,6.77,8.62,6.45,24.77,28.77
530,1996,12,Uttar Pradesh,Mau,0.56,0.52,929.0,1194.0,1351.0,1511.0,1352.0,-0.22194304857621439,0.31,1118.625,6.09,6.47,12.2,4.77,29.53,34.69
530,1997,12,Uttar Pradesh,Mau,0.24,0.25,1042.0,929.0,1194.0,1351.0,1158.0,0.12163616792249732,0.56,1335.6029411764705,3.11,12.13,6.85,6.06,28.15,32.78
530,1998,12,Uttar Pradesh,Mau,0.42,0.52,1238.0,1042.0,929.0,1194.0,1055.0,0.18809980806142024,0.24,1130.3970588235295,1.44,11.98,13.91,5.22,32.55,37.09
530,1999,12,Uttar Pradesh,Mau,0.36,0.58,1611.0,1238.0,1042.0,929.0,1069.6666666666667,0.301292407108239,0.42,1361.2424242424242,3.88,7.65,6.25,2.55,20.33,25.27
530,2000,12,Uttar Pradesh,Mau,0.23,0.18,783.0,1611.0,1238.0,1042.0,1297.0,-0.5139664804469274,0.36,1263.7462686567164,8.51,7.39,8.34,7.66,31.9,33.96
530,2001,12,Uttar Pradesh,Mau,0.17,0.2,1176.0,783.0,1611.0,1238.0,1210.6666666666667,0.5019157088122606,0.23,1174.7910447761194,6.43,7.29,6.56,6.65,26.93,32.8
530,2002,12,Uttar Pradesh,Mau,0.14,0.19,1357.0,1176.0,783.0,1611.0,1190.0,0.15391156462585043,0.17,1196.323076923077,3.04,5.41,5.89,4.2,18.54,24.18
530,2003,12,Uttar Pradesh,Mau,0.14,0.18,1286.0,1357.0,1176.0,783.0,1105.3333333333333,-0.052321296978629306,0.14,1157.3809523809523,5.3,6.79,4.48,4.34,20.91,24.59
530,2004,12,Uttar Pradesh,Mau,0.17,0.27,1588.0,1286.0,1357.0,1176.0,1273.0,0.234836702954899,0.14,1357.09375,6.69,6.64,6.12,1.49,20.94,24.5
530,2005,12,Uttar Pradesh,Mau,0.09,0.14,1556.0,1588.0,1286.0,1357.0,1410.3333333333333,-0.02015113350125941,0.17,1305.0819672131147,2.05,10.3,8.21,2.77,23.33,28.72
530,2006,12,Uttar Pradesh,Mau,0.08,0.12,1500.0,1556.0,1588.0,1286.0,1476.6666666666667,-0.03598971722365041,0.09,1386.5333333333333,6.3,9.81,6.41,4.71,27.23,30.59
530,2007,12,Uttar Pradesh,Mau,0.07,0.1,1429.0,1500.0,1556.0,1588.0,1548.0,-0.04733333333333334,0.08,1324.3125,2.93,11.78,9.75,8.82,33.28,39.47
530,2008,12,Uttar Pradesh,Mau,0.07,0.13,1857.0,1429.0,1500.0,1556.0,1495.0,0.29951014695591316,0.07,1478.2131147540983,13.67,15.67,11.92,5.32,46.58,50.12
530,2009,12,Uttar Pradesh,Mau,0.09,0.15,1667.0,1857.0,1429.0,1500.0,1595.3333333333333,-0.10231556273559506,0.07,1416.9333333333334,1.77,8.45,7.47,3.92,21.61,25.37
530,2010,12,Uttar Pradesh,Mau,0.07,0.08,1143.0,1667.0,1857.0,1429.0,1651.0,-0.3143371325734853,0.09,1360.1186440677966,1.84,9.46,8.14,6.01,25.450000000000003,29.14
530,2011,12,Uttar Pradesh,Mau,0.08,0.1,1250.0,1143.0,1667.0,1857.0,1555.6666666666667,0.09361329833770782,0.07,1526.8095238095239,7.64,6.83,8.48,7.4,30.35,33.61
530,2012,12,Uttar Pradesh,Mau,0.09,0.17,1889.0,1250.0,1143.0,1667.0,1353.3333333333333,0.5112000000000001,0.08,1586.5967741935483,1.34,10.74,6.67,9.0,27.75,30.38
530,2013,12,Uttar Pradesh,Mau,0.04,0.05,1250.0,1889.0,1250.0,1143.0,1427.3333333333333,-0.3382742191635786,0.09,1458.9322033898304,9.86,4.36,6.0,6.08,26.3,36.02
530,2014,12,Uttar Pradesh,Mau,0.07,0.13,1857.0,1250.0,1889.0,1250.0,1463.0,0.48560000000000003,0.04,1524.3559322033898,3.58,7.06,9.56,6.21,26.410000000000004,33.74
530,2015,12,Uttar Pradesh,Mau,0.01,0.02,2000.0,1857.0,1250.0,1889.0,1665.3333333333333,0.07700592353257951,0.07,1426.6896551724137,3.89,9.12,7.21,1.19,21.41,25.88
530,2016,12,Uttar Pradesh,Mau,0.05,0.1,1904.0,2000.0,1857.0,1250.0,1702.3333333333333,-0.04800000000000004,0.01,1464.7166666666667,1.68,11.05,5.93,8.73,27.39,30.91
530,2017,12,Uttar Pradesh,Mau,0.05,0.09,1938.0,1904.0,2000.0,1857.0,1920.3333333333333,0.017857142857142794,0.05,1620.1724137931035,2.13,12.27,8.02,2.27,24.69,26.45
530,2018,12,Uttar Pradesh,Mau,0.02,0.05,2091.0,1938.0,1904.0,2000.0,1947.3333333333333,0.07894736842105265,0.05,1712.9016393442623,3.04,7.53,7.61,4.32,22.5,25.07
530,2019,12,Uttar Pradesh,Mau,0.05,0.1,2167.0,2091.0,1938.0,1904.0,1977.6666666666667,0.03634624581539936,0.02,1894.1833333333334,1.75,11.75,4.14,11.41,29.05,32.03
533,2007,12,Uttar Pradesh,Mahoba,0.01,0.01,1000.0,1500.0,1000.0,667.0,1055.6666666666667,-0.33333333333333337,0.04,1324.3125,2.59,5.63,5.97,2.97,17.159999999999997,21.17
533,2008,12,Uttar Pradesh,Mahoba,0.01,0.01,1000.0,1000.0,1500.0,1000.0,1166.6666666666667,0.0,0.01,1478.2131147540983,7.42,10.13,8.67,4.57,30.79,32.59
533,2011,12,Uttar Pradesh,Mahoba,0.01,0.01,1000.0,1000.0,1000.0,1500.0,1166.6666666666667,0.0,0.01,1526.8095238095239,7.16,7.89,7.07,3.74,25.86,26.74
533,2018,12,Uttar Pradesh,Mahoba,0.12,0.06,484.0,1000.0,1000.0,1000.0,1000.0,-0.516,0.01,1712.9016393442623,1.91,12.44,8.38,5.2,27.93,29.35
533,2019,12,Uttar Pradesh,Mahoba,0.03,0.05,1857.0,484.0,1000.0,1000.0,828.0,2.8367768595041323,0.12,1894.1833333333334,1.62,9.4,9.84,9.71,30.57,34.0
536,1994,10,Rajasthan,Baran,1.94,1.18,608.0,295.0,579.0,233.0,369.0,1.0610169491525423,2.07,649.0666666666667,3.77,9.23,6.91,3.22,23.13,24.39
536,1995,10,Rajasthan,Baran,2.02,0.64,317.0,608.0,295.0,579.0,494.0,-0.4786184210526315,1.94,366.48275862068965,1.28,10.12,11.85,6.39,29.64,31.79
536,1996,10,Rajasthan,Baran,2.0,0.98,490.0,317.0,608.0,295.0,406.6666666666667,0.5457413249211356,2.02,558.4666666666667,1.16,12.66,12.2,3.63,29.65,32.01
536,1997,10,Rajasthan,Baran,2.08,1.11,534.0,490.0,317.0,608.0,471.6666666666667,0.0897959183673469,2.0,600.3666666666667,2.28,4.69,13.01,2.78,22.76,27.93
536,1998,10,Rajasthan,Baran,2.23,0.96,430.0,534.0,490.0,317.0,447.0,-0.19475655430711614,2.08,567.0967741935484,2.56,7.77,5.18,3.84,19.35,20.11
536,1999,10,Rajasthan,Baran,1.7,0.58,341.0,430.0,534.0,490.0,484.6666666666667,-0.2069767441860465,2.23,468.3333333333333,1.97,8.38,3.66,5.35,19.36,21.09
536,2000,10,Rajasthan,Baran,1.85,0.82,443.0,341.0,430.0,534.0,435.0,0.29912023460410553,1.7,567.96875,0.96,4.06,3.13,1.24,9.39,10.34
536,2001,10,Rajasthan,Baran,2.11,1.57,744.0,443.0,341.0,430.0,404.6666666666667,0.6794582392776525,1.85,849.96875,5.65,13.02,5.77,0.43,24.87,28.04
536,2002,10,Rajasthan,Baran,3.35,0.75,224.0,744.0,443.0,341.0,509.3333333333333,-0.6989247311827957,2.11,301.6333333333333,1.44,1.2,10.97,1.89,15.5,17.09
536,2003,10,Rajasthan,Baran,5.01,5.69,1136.0,224.0,744.0,443.0,470.3333333333333,4.071428571428571,3.35,1253.84375,2.59,6.36,6.0,5.66,20.61,22.82
536,2004,10,Rajasthan,Baran,2.43,1.59,654.0,1136.0,224.0,744.0,701.3333333333334,-0.42429577464788737,5.01,842.9677419354839,1.18,6.14,13.62,0.98,21.92,24.05
536,2005,10,Rajasthan,Baran,2.42,1.05,434.0,654.0,1136.0,224.0,671.3333333333334,-0.33639143730886845,2.43,567.75,2.98,13.12,1.23,4.32,21.65,22.59
536,2006,10,Rajasthan,Baran,2.82,2.27,805.0,434.0,654.0,1136.0,741.3333333333334,0.8548387096774193,2.42,907.28125,2.53,8.87,10.68,4.05,26.13,28.47
536,2007,10,Rajasthan,Baran,3.15,4.19,1330.0,805.0,434.0,654.0,631.0,0.6521739130434783,2.82,1043.3548387096773,3.04,9.68,7.96,4.77,25.45,27.79
536,2008,10,Rajasthan,Baran,3.21,3.93,1224.0,1330.0,805.0,434.0,856.3333333333334,-0.07969924812030071,3.15,1079.8181818181818,10.33,6.61,5.77,4.51,27.22,28.64
536,2009,10,Rajasthan,Baran,3.59,2.94,819.0,1224.0,1330.0,805.0,1119.6666666666667,-0.3308823529411765,3.21,594.258064516129,2.81,5.56,4.4,2.03,14.8,18.1
536,2010,10,Rajasthan,Baran,3.47,3.85,1110.0,819.0,1224.0,1330.0,1124.3333333333333,0.3553113553113554,3.59,1232.6060606060605,2.56,8.08,8.29,3.02,21.95,25.58
536,2011,10,Rajasthan,Baran,2.85,3.74,1312.0,1110.0,819.0,1224.0,1051.0,0.1819819819819819,3.47,1307.6363636363637,15.67,13.66,9.78,5.87,44.98,45.42
536,2012,10,Rajasthan,Baran,2.22,2.51,1131.0,1312.0,1110.0,819.0,1080.3333333333333,-0.13795731707317072,2.85,1154.1818181818182,0.78,9.09,8.63,4.32,22.82,23.8
536,2013,10,Rajasthan,Baran,0.56,0.28,500.0,1131.0,1312.0,1110.0,1184.3333333333333,-0.5579133510167993,2.22,1063.7878787878788,6.64,16.82,13.13,2.19,38.78,44.41
536,2014,10,Rajasthan,Baran,1.09,0.72,661.0,500.0,1131.0,1312.0,981.0,0.32200000000000006,0.56,1185.75,0.94,8.68,11.57,3.78,24.97,29.37
536,2015,10,Rajasthan,Baran,1.1,0.87,791.0,661.0,500.0,1131.0,764.0,0.19667170953101354,1.09,928.65625,4.07,11.03,9.68,1.11,25.89,30.12
536,2016,10,Rajasthan,Baran,1.12,1.34,1195.0,791.0,661.0,500.0,650.6666666666666,0.5107458912768648,1.1,1111.3939393939395,3.08,14.83,14.58,0.98,33.47,35.15
536,2017,10,Rajasthan,Baran,0.55,0.49,881.0,1195.0,791.0,661.0,882.3333333333334,-0.2627615062761506,1.12,1012.3333333333334,2.97,6.07,3.3,4.02,16.36,17.47
536,2018,10,Rajasthan,Baran,0.97,0.87,892.0,881.0,1195.0,791.0,955.6666666666666,0.012485811577752637,0.55,1085.6875,2.37,7.12,5.51,4.89,19.89,20.07
536,2019,10,Rajasthan,Baran,1.24,1.47,1186.0,892.0,881.0,1195.0,989.3333333333334,0.32959641255605376,0.97,1246.3870967741937,1.69,7.92,13.1,7.19,29.9,31.63
537,1994,10,Rajasthan,Dausa,80.66,68.02,843.0,514.0,927.0,733.0,724.6666666666666,0.6400778210116731,75.53,649.0666666666667,1.92,7.34,8.01,3.22,20.49,22.23
537,1995,10,Rajasthan,Dausa,70.08,29.81,425.0,843.0,514.0,927.0,761.3333333333334,-0.49584816132858833,80.66,366.48275862068965,0.62,7.24,12.87,1.43,22.16,24.09
537,1996,10,Rajasthan,Dausa,84.62,56.04,662.0,425.0,843.0,514.0,594.0,0.5576470588235294,70.08,558.4666666666667,3.6,5.35,7.86,5.87,22.68,25.4
537,1997,10,Rajasthan,Dausa,82.8,58.13,702.0,662.0,425.0,843.0,643.3333333333334,0.06042296072507547,84.62,600.3666666666667,1.02,6.01,6.76,1.75,15.54,21.63
537,1998,10,Rajasthan,Dausa,83.85,102.57,1223.0,702.0,662.0,425.0,596.3333333333334,0.7421652421652423,82.8,567.0967741935484,1.06,8.01,2.32,5.32,16.71,18.7
537,1999,10,Rajasthan,Dausa,79.24,82.98,1047.0,1223.0,702.0,662.0,862.3333333333334,-0.14390842191332787,83.85,468.3333333333333,0.53,2.52,2.44,1.48,6.970000000000001,8.55
537,2000,10,Rajasthan,Dausa,87.43,100.47,1149.0,1047.0,1223.0,702.0,990.6666666666666,0.09742120343839544,79.24,567.96875,0.76,4.81,2.68,0.55,8.8,10.25
537,2001,10,Rajasthan,Dausa,91.19,142.56,1563.0,1149.0,1047.0,1223.0,1139.6666666666667,0.360313315926893,87.43,849.96875,2.99,7.15,3.24,0.27,13.65,16.53
537,2002,10,Rajasthan,Dausa,95.84,47.17,492.0,1563.0,1149.0,1047.0,1253.0,-0.6852207293666026,91.19,301.6333333333333,1.37,0.32,2.29,0.94,4.92,7.37
537,2003,10,Rajasthan,Dausa,120.01,222.79,1856.0,492.0,1563.0,1149.0,1068.0,2.772357723577236,95.84,1253.84375,2.8,6.03,4.55,2.45,15.829999999999998,17.89
537,2004,10,Rajasthan,Dausa,103.66,117.82,1137.0,1856.0,492.0,1563.0,1303.6666666666667,-0.3873922413793104,120.01,842.9677419354839,1.09,4.15,12.33,0.96,18.53,22.42
537,2005,10,Rajasthan,Dausa,107.95,89.92,833.0,1137.0,1856.0,492.0,1161.6666666666667,-0.2673702726473175,103.66,567.75,3.46,5.86,0.5,2.82,12.64,14.23
537,2006,10,Rajasthan,Dausa,111.35,205.27,1843.0,833.0,1137.0,1856.0,1275.3333333333333,1.2124849939975992,107.95,907.28125,4.02,4.29,2.91,1.72,12.94,14.93
537,2007,10,Rajasthan,Dausa,124.26,218.09,1755.0,1843.0,833.0,1137.0,1271.0,-0.04774823657080851,111.35,1043.3548387096773,1.25,4.29,6.34,2.84,14.72,17.669999999999998
537,2008,10,Rajasthan,Dausa,119.58,211.09,1765.0,1755.0,1843.0,833.0,1477.0,0.005698005698005604,124.26,1079.8181818181818,5.4,4.73,2.69,3.36,16.18,18.32
537,2009,10,Rajasthan,Dausa,138.52,184.64,1333.0,1765.0,1755.0,1843.0,1787.6666666666667,-0.24475920679886687,119.58,594.258064516129,1.56,3.63,3.75,1.69,10.63,13.15
537,2010,10,Rajasthan,Dausa,140.58,200.85,1429.0,1333.0,1765.0,1755.0,1617.6666666666667,0.07201800450112539,138.52,1232.6060606060605,0.95,6.88,10.58,3.62,22.03,24.96
537,2011,10,Rajasthan,Dausa,138.71,228.03,1644.0,1429.0,1333.0,1765.0,1509.0,0.15045486354093773,140.58,1307.6363636363637,3.49,5.41,5.91,6.45,21.26,22.62
537,2012,10,Rajasthan,Dausa,134.49,250.33,1861.0,1644.0,1429.0,1333.0,1468.6666666666667,0.13199513381995143,138.71,1154.1818181818182,0.14,3.93,15.58,3.35,23.0,23.93
537,2013,10,Rajasthan,Dausa,131.56,228.25,1735.0,1861.0,1644.0,1429.0,1644.6666666666667,-0.0677055346587856,134.49,1063.7878787878788,4.99,5.98,10.15,2.04,23.16,26.59
537,2014,10,Rajasthan,Dausa,136.27,247.74,1818.0,1735.0,1861.0,1644.0,1746.6666666666667,0.04783861671469736,131.56,1185.75,0.31,6.1,7.17,2.57,16.15,19.67
537,2015,10,Rajasthan,Dausa,146.6,168.36,1148.0,1818.0,1735.0,1861.0,1804.6666666666667,-0.3685368536853685,136.27,928.65625,2.09,5.51,3.71,0.7,12.009999999999998,17.349999999999998
537,2016,10,Rajasthan,Dausa,149.55,242.83,1624.0,1148.0,1818.0,1735.0,1567.0,0.41463414634146334,146.6,1111.3939393939395,1.32,10.48,7.86,0.79,20.45,21.72
537,2017,10,Rajasthan,Dausa,150.64,207.99,1381.0,1624.0,1148.0,1818.0,1530.0,-0.14963054187192115,149.55,1012.3333333333334,2.48,3.62,4.1,1.22,11.42,13.82
537,2018,10,Rajasthan,Dausa,153.93,267.11,1735.0,1381.0,1624.0,1148.0,1384.3333333333333,0.2563359884141927,150.64,1085.6875,2.11,8.89,5.35,5.09,21.44,23.07
537,2019,10,Rajasthan,Dausa,155.05,305.93,1973.0,1735.0,1381.0,1624.0,1580.0,0.13717579250720457,153.93,1246.3870967741937,0.78,8.5,7.71,3.17,20.16,23.04
538,1994,10,Rajasthan,Rajsamand,0.27,0.17,630.0,294.0,579.0,235.0,369.3333333333333,1.1428571428571428,0.17,649.0666666666667,1.14,7.54,8.4,2.45,19.53,20.86
538,1995,10,Rajasthan,Rajsamand,0.16,0.05,313.0,630.0,294.0,579.0,501.0,-0.5031746031746032,0.27,366.48275862068965,0.62,5.77,3.82,0.49,10.7,12.14
538,1996,10,Rajasthan,Rajsamand,0.18,0.09,500.0,313.0,630.0,294.0,412.3333333333333,0.5974440894568691,0.16,558.4666666666667,5.18,6.03,5.03,1.08,17.32,19.21
538,1997,10,Rajasthan,Rajsamand,0.18,0.1,556.0,500.0,313.0,630.0,481.0,0.1120000000000001,0.18,600.3666666666667,2.56,3.79,8.86,2.85,18.06,20.59
538,1998,10,Rajasthan,Rajsamand,0.15,0.06,400.0,556.0,500.0,313.0,456.3333333333333,-0.28057553956834536,0.18,567.0967741935484,3.88,3.38,2.8,5.21,15.27,16.87
538,1999,10,Rajasthan,Rajsamand,0.19,0.07,368.0,400.0,556.0,500.0,485.3333333333333,-0.07999999999999996,0.15,468.3333333333333,1.84,4.69,2.24,0.45,9.22,10.75
538,2000,10,Rajasthan,Rajsamand,0.24,0.11,458.0,368.0,400.0,556.0,441.3333333333333,0.24456521739130443,0.19,567.96875,0.61,6.06,0.94,0.22,7.829999999999999,8.889999999999999
538,2001,10,Rajasthan,Rajsamand,0.38,0.28,737.0,458.0,368.0,400.0,408.6666666666667,0.6091703056768558,0.24,849.96875,2.56,5.61,4.0,0.62,12.79,14.05
538,2002,10,Rajasthan,Rajsamand,0.67,0.15,224.0,737.0,458.0,368.0,521.0,-0.6960651289009498,0.38,301.6333333333333,1.65,0.17,2.77,0.95,5.54,6.21
538,2003,10,Rajasthan,Rajsamand,0.98,1.11,1133.0,224.0,737.0,458.0,473.0,4.058035714285714,0.67,1253.84375,1.71,5.94,1.66,1.25,10.56,11.48
538,2004,10,Rajasthan,Rajsamand,0.65,0.43,662.0,1133.0,224.0,737.0,698.0,-0.4157105030891438,0.98,842.9677419354839,1.64,5.22,4.9,1.62,13.38,14.08
538,2005,10,Rajasthan,Rajsamand,0.57,0.25,439.0,662.0,1133.0,224.0,673.0,-0.3368580060422961,0.65,567.75,1.78,3.65,2.55,4.3,12.28,13.48
538,2006,10,Rajasthan,Rajsamand,0.52,0.37,712.0,439.0,662.0,1133.0,744.6666666666666,0.6218678815489749,0.57,907.28125,1.82,2.87,6.76,1.55,13.0,13.45
538,2007,10,Rajasthan,Rajsamand,0.41,0.34,829.0,712.0,439.0,662.0,604.3333333333334,0.1643258426966292,0.52,1043.3548387096773,2.3,3.97,3.9,1.21,11.38,13.12
538,2008,10,Rajasthan,Rajsamand,0.5,0.41,820.0,829.0,712.0,439.0,660.0,-0.010856453558504175,0.41,1079.8181818181818,3.58,4.06,5.35,1.97,14.96,16.65
538,2009,10,Rajasthan,Rajsamand,0.46,0.18,391.0,820.0,829.0,712.0,787.0,-0.5231707317073171,0.5,594.258064516129,1.34,6.55,2.97,0.59,11.45,12.7
538,2010,10,Rajasthan,Rajsamand,0.45,0.5,1111.0,391.0,820.0,829.0,680.0,1.8414322250639388,0.46,1232.6060606060605,1.28,6.55,6.62,4.75,19.2,21.45
538,2011,10,Rajasthan,Rajsamand,0.43,0.54,1256.0,1111.0,391.0,820.0,774.0,0.13051305130513047,0.45,1307.6363636363637,1.4,4.64,6.84,3.84,16.72,17.2
538,2012,10,Rajasthan,Rajsamand,0.37,0.36,973.0,1256.0,1111.0,391.0,919.3333333333334,-0.22531847133757965,0.43,1154.1818181818182,0.36,4.24,8.51,5.32,18.43,19.3
538,2013,10,Rajasthan,Rajsamand,0.33,0.3,909.0,973.0,1256.0,1111.0,1113.3333333333333,-0.06577595066803699,0.37,1063.7878787878788,1.88,7.48,3.63,3.51,16.5,18.24
538,2014,10,Rajasthan,Rajsamand,0.32,0.35,1094.0,909.0,973.0,1256.0,1046.0,0.20352035203520358,0.33,1185.75,0.33,4.17,3.82,5.1,13.42,14.7
538,2015,10,Rajasthan,Rajsamand,0.36,0.28,778.0,1094.0,909.0,973.0,992.0,-0.2888482632541134,0.32,928.65625,2.4,5.83,3.8,0.9,12.93,14.62
538,2016,10,Rajasthan,Rajsamand,0.36,0.36,997.0,778.0,1094.0,909.0,927.0,0.28149100257069404,0.36,1111.3939393939395,1.73,6.29,14.4,0.37,22.790000000000003,24.68
538,2017,10,Rajasthan,Rajsamand,0.32,0.28,883.0,997.0,778.0,1094.0,956.3333333333334,-0.1143430290872618,0.36,1012.3333333333334,3.22,11.27,2.61,0.88,17.98,20.07
538,2018,10,Rajasthan,Rajsamand,0.35,0.31,891.0,883.0,997.0,778.0,886.0,0.009060022650056565,0.32,1085.6875,1.76,5.02,3.34,1.87,11.989999999999998,12.1
538,2019,10,Rajasthan,Rajsamand,0.32,0.38,1187.0,891.0,883.0,997.0,923.6666666666666,0.3322109988776656,0.35,1246.3870967741937,1.4,6.4,10.37,3.17,21.340000000000003,22.94
539,1997,10,Rajasthan,Hanumangarh,68.29,44.65,654.0,691.0,623.0,791.0,701.6666666666666,-0.05354558610709115,58.21,600.3666666666667,1.83,2.93,5.55,0.21,10.52,16.27
539,1998,10,Rajasthan,Hanumangarh,54.43,35.8,658.0,654.0,691.0,623.0,656.0,0.006116207951070374,68.29,567.0967741935484,1.44,2.61,1.02,3.41,8.48,12.48
539,1999,10,Rajasthan,Hanumangarh,53.88,16.15,300.0,658.0,654.0,691.0,667.6666666666666,-0.5440729483282675,54.43,468.3333333333333,1.03,1.48,0.56,0.28,3.35,4.63
539,2000,10,Rajasthan,Hanumangarh,51.85,8.45,163.0,300.0,658.0,654.0,537.3333333333334,-0.45666666666666667,53.88,567.96875,1.27,1.81,0.79,0.33,4.2,5.32
539,2001,10,Rajasthan,Hanumangarh,96.46,74.77,775.0,163.0,300.0,658.0,373.6666666666667,3.7546012269938647,51.85,849.96875,2.03,2.45,3.0,0.33,7.81,10.63
539,2002,10,Rajasthan,Hanumangarh,59.71,4.52,76.0,775.0,163.0,300.0,412.6666666666667,-0.9019354838709678,96.46,301.6333333333333,0.39,0.17,1.25,0.92,2.73,5.19
539,2003,10,Rajasthan,Hanumangarh,116.15,109.91,946.0,76.0,775.0,163.0,338.0,11.447368421052632,59.71,1253.84375,0.63,6.93,2.22,1.8,11.58,13.3
539,2004,10,Rajasthan,Hanumangarh,69.22,33.47,484.0,946.0,76.0,775.0,599.0,-0.4883720930232558,116.15,842.9677419354839,2.07,0.37,2.48,0.24,5.16,8.54
539,2005,10,Rajasthan,Hanumangarh,78.77,74.23,942.0,484.0,946.0,76.0,502.0,0.9462809917355373,69.22,567.75,1.06,2.65,0.32,2.69,6.720000000000001,11.11
539,2006,10,Rajasthan,Hanumangarh,97.27,88.15,906.0,942.0,484.0,946.0,790.6666666666666,-0.03821656050955413,78.77,907.28125,2.56,1.64,0.7,1.32,6.220000000000001,8.74
539,2007,10,Rajasthan,Hanumangarh,86.57,136.16,1573.0,906.0,942.0,484.0,777.3333333333334,0.7362030905077264,97.27,1043.3548387096773,3.62,1.26,1.38,2.42,8.68,12.88
539,2008,10,Rajasthan,Hanumangarh,80.11,129.12,1612.0,1573.0,906.0,942.0,1140.3333333333333,0.024793388429751984,86.57,1079.8181818181818,4.4,2.77,4.14,1.63,12.939999999999998,15.2
539,2009,10,Rajasthan,Hanumangarh,53.34,24.01,450.0,1612.0,1573.0,906.0,1363.6666666666667,-0.7208436724565757,80.11,594.258064516129,0.83,2.0,1.89,2.66,7.38,9.75
539,2010,10,Rajasthan,Hanumangarh,91.09,79.36,871.0,450.0,1612.0,1573.0,1211.6666666666667,0.9355555555555555,53.34,1232.6060606060605,1.68,3.85,4.87,3.65,14.05,15.06
539,2011,10,Rajasthan,Hanumangarh,72.88,100.79,1383.0,871.0,450.0,1612.0,977.6666666666666,0.5878300803673937,91.09,1307.6363636363637,1.07,1.57,3.47,6.21,12.32,15.29
539,2012,10,Rajasthan,Hanumangarh,33.66,54.75,1627.0,1383.0,871.0,450.0,901.3333333333334,0.17642805495300062,72.88,1154.1818181818182,0.49,1.64,3.72,4.32,10.17,11.82
539,2013,10,Rajasthan,Hanumangarh,32.95,33.8,1026.0,1627.0,1383.0,871.0,1293.6666666666667,-0.36939151813153037,33.66,1063.7878787878788,1.86,3.69,2.96,0.94,9.45,12.49
539,2014,10,Rajasthan,Hanumangarh,34.17,44.63,1306.0,1026.0,1627.0,1383.0,1345.3333333333333,0.2729044834307992,32.95,1185.75,0.64,1.78,0.63,5.03,8.08,11.11
539,2015,10,Rajasthan,Hanumangarh,29.2,23.07,790.0,1306.0,1026.0,1627.0,1319.6666666666667,-0.39509954058192953,34.17,928.65625,1.64,3.68,2.69,2.41,10.42,14.49
539,2016,10,Rajasthan,Hanumangarh,41.71,18.42,442.0,790.0,1306.0,1026.0,1040.6666666666667,-0.44050632911392407,29.2,1111.3939393939395,1.28,3.97,3.54,0.28,9.07,10.91
539,2017,10,Rajasthan,Hanumangarh,36.99,18.95,512.0,442.0,790.0,1306.0,846.0,0.158371040723982,41.71,1012.3333333333334,3.26,2.3,1.21,1.18,7.949999999999999,10.27
539,2018,10,Rajasthan,Hanumangarh,30.47,19.71,647.0,512.0,442.0,790.0,581.3333333333334,0.263671875,36.99,1085.6875,2.73,4.64,0.78,1.42,9.57,10.38
539,2019,10,Rajasthan,Hanumangarh,31.72,16.44,518.0,647.0,512.0,442.0,533.6666666666666,-0.19938176197836166,30.47,1246.3870967741937,1.19,3.23,1.8,0.89,7.109999999999999,11.79
542,1996,11,Tamil Nadu,Nagapattinam,0.01,0.02,2000.0,1500.0,2000.0,3000.0,2166.6666666666665,0.33333333333333326,0.02,1290.76,4.97,1.59,2.45,3.65,12.66,33.980000000000004
542,2004,11,Tamil Nadu,Nagapattinam,0.01,0.01,1000.0,2000.0,1500.0,2000.0,1833.3333333333333,-0.5,0.01,1259.4615384615386,1.12,2.14,0.88,7.07,11.21,39.08
542,2012,11,Tamil Nadu,Nagapattinam,0.01,0.01,1000.0,1000.0,2000.0,1500.0,1500.0,0.0,0.01,1478.6153846153845,0.99,1.12,1.84,3.6,7.550000000000001,31.45
542,2013,11,Tamil Nadu,Nagapattinam,0.01,0.01,1000.0,1000.0,1000.0,2000.0,1333.3333333333333,0.0,0.01,2170.25,1.46,1.56,2.55,3.8,9.37,31.03
542,2014,11,Tamil Nadu,Nagapattinam,0.01,0.02,2000.0,1000.0,1000.0,1000.0,1000.0,1.0,0.01,3069.8846153846152,1.12,0.81,2.4,2.27,6.6,37.87
543,1997,11,Tamil Nadu,Villupuram,58.19,51.29,881.0,1048.0,1298.0,1034.0,1126.6666666666667,-0.15935114503816794,59.07,1471.1363636363637,1.6,2.32,2.64,3.48,10.04,40.66
543,1998,11,Tamil Nadu,Villupuram,51.07,62.9,1232.0,881.0,1048.0,1298.0,1075.6666666666667,0.398410896708286,58.19,1540.1818181818182,0.57,2.99,4.7,4.85,13.11,36.2
543,1999,11,Tamil Nadu,Villupuram,44.39,64.66,1457.0,1232.0,881.0,1048.0,1053.6666666666667,0.1826298701298701,51.07,1686.5416666666667,2.5,1.75,2.04,3.28,9.57,30.14
543,2000,11,Tamil Nadu,Villupuram,41.49,62.24,1500.0,1457.0,1232.0,881.0,1190.0,0.02951269732326689,44.39,1490.8333333333333,1.76,3.2,2.55,4.17,11.68,32.92
543,2001,11,Tamil Nadu,Villupuram,42.11,53.36,1267.0,1500.0,1457.0,1232.0,1396.3333333333333,-0.15533333333333332,41.49,1411.7083333333333,1.6,3.98,2.1,4.61,12.29,30.53
543,2002,11,Tamil Nadu,Villupuram,27.29,10.77,395.0,1267.0,1500.0,1457.0,1408.0,-0.6882399368587213,42.11,1024.6818181818182,3.09,0.83,1.44,3.17,8.53,26.02
543,2003,11,Tamil Nadu,Villupuram,67.29,75.92,1128.0,395.0,1267.0,1500.0,1054.0,1.8556962025316457,27.29,1060.8,1.32,2.73,3.89,2.78,10.72,27.29
543,2004,11,Tamil Nadu,Villupuram,20.44,19.55,956.0,1128.0,395.0,1267.0,930.0,-0.15248226950354615,67.29,1259.4615384615386,1.09,2.97,1.95,8.05,14.060000000000002,43.96
543,2005,11,Tamil Nadu,Villupuram,14.81,12.81,865.0,956.0,1128.0,395.0,826.3333333333334,-0.09518828451882844,20.44,1316.625,0.35,1.4,3.1,4.24,9.09,50.98
543,2006,11,Tamil Nadu,Villupuram,11.83,9.69,819.0,865.0,956.0,1128.0,983.0,-0.05317919075144506,14.81,1589.5652173913043,1.78,1.62,2.37,2.56,8.33,31.9
543,2007,11,Tamil Nadu,Villupuram,15.17,17.24,1136.0,819.0,865.0,956.0,880.0,0.387057387057387,11.83,1603.8695652173913,1.18,3.52,5.08,3.74,13.52,36.13
543,2008,11,Tamil Nadu,Villupuram,12.57,13.59,1081.0,1136.0,819.0,865.0,940.0,-0.0484154929577465,15.17,1738.4166666666667,1.75,3.22,3.74,1.89,10.6,45.58
543,2009,11,Tamil Nadu,Villupuram,11.33,12.08,1066.0,1081.0,1136.0,819.0,1012.0,-0.013876040703052706,12.57,1623.92,0.8,2.92,2.29,4.72,10.73,33.26
543,2010,11,Tamil Nadu,Villupuram,10.73,12.89,1201.0,1066.0,1081.0,1136.0,1094.3333333333333,0.12664165103189484,11.33,1499.9583333333333,3.56,2.53,5.8,4.21,16.1,43.21
543,2011,11,Tamil Nadu,Villupuram,12.82,29.87,2330.0,1201.0,1066.0,1081.0,1116.0,0.9400499583680266,10.73,2250.72,0.63,3.18,3.64,5.14,12.59,37.86
543,2012,11,Tamil Nadu,Villupuram,8.57,10.72,1251.0,2330.0,1201.0,1066.0,1532.3333333333333,-0.4630901287553648,12.82,1478.6153846153845,1.67,2.78,3.3,3.65,11.4,29.97
543,2013,11,Tamil Nadu,Villupuram,15.83,40.49,2558.0,1251.0,2330.0,1201.0,1594.0,1.0447641886490806,8.57,2170.25,2.96,1.89,5.39,6.1,16.339999999999996,28.6
543,2014,11,Tamil Nadu,Villupuram,17.4,48.09,2764.0,2558.0,1251.0,2330.0,2046.3333333333333,0.08053166536356526,15.83,3069.8846153846152,2.62,0.94,3.81,4.33,11.7,31.12
543,2015,11,Tamil Nadu,Villupuram,16.39,39.07,2384.0,2764.0,2558.0,1251.0,2191.0,-0.13748191027496381,17.4,2671.75,2.28,1.84,3.71,2.99,10.82,49.62
543,2016,11,Tamil Nadu,Villupuram,16.79,47.37,2821.0,2384.0,2764.0,2558.0,2568.6666666666665,0.18330536912751683,16.39,2170.375,3.55,3.02,3.11,2.25,11.93,22.14
543,2017,11,Tamil Nadu,Villupuram,29.07,62.64,2155.0,2821.0,2384.0,2764.0,2656.3333333333335,-0.23608649415101024,16.79,2231.28,1.64,2.97,5.99,4.75,15.35,37.05
543,2018,11,Tamil Nadu,Villupuram,17.8,50.49,2836.0,2155.0,2821.0,2384.0,2453.3333333333335,0.3160092807424595,29.07,2474.84,2.19,1.96,2.62,3.37,10.14,27.4
543,2019,11,Tamil Nadu,Villupuram,37.11,94.03,2534.0,2836.0,2155.0,2821.0,2604.0,-0.10648801128349783,17.8,2837.84,1.45,3.44,6.35,6.65,17.89,35.31
545,1996,9,Punjab,Mansa,1.0,1.0,1000.0,1167.0,1000.0,1270.0,1145.6666666666667,-0.14310197086546705,0.6,969.6666666666666,4.26,2.24,4.36,2.43,13.29,17.8
545,1998,9,Punjab,Mansa,1.1,1.0,909.0,1000.0,1167.0,1000.0,1055.6666666666667,-0.09099999999999997,1.0,1043.6666666666667,1.93,3.07,1.9,3.87,10.77,15.1
545,1999,9,Punjab,Mansa,1.8,1.3,722.0,909.0,1000.0,1167.0,1025.3333333333333,-0.20572057205720573,1.1,741.75,1.46,2.1,1.43,0.77,5.76,7.21
545,2000,9,Punjab,Mansa,2.0,1.4,700.0,722.0,909.0,1000.0,877.0,-0.030470914127423865,1.8,875.0,2.8,3.6,1.03,0.8,8.23,9.99
545,2001,9,Punjab,Mansa,1.3,1.2,923.0,700.0,722.0,909.0,777.0,0.3185714285714285,2.0,950.0,2.63,3.76,3.99,0.62,10.999999999999998,14.64
545,2002,9,Punjab,Mansa,1.7,1.4,824.0,923.0,700.0,722.0,781.6666666666666,-0.10725893824485377,1.3,877.8888888888889,0.59,0.72,2.16,2.25,5.720000000000001,8.9
545,2003,9,Punjab,Mansa,2.7,2.7,1000.0,824.0,923.0,700.0,815.6666666666666,0.21359223300970864,1.7,989.625,1.03,8.39,3.51,1.83,14.76,17.6
545,2004,9,Punjab,Mansa,2.0,2.0,1000.0,1000.0,824.0,923.0,915.6666666666666,0.0,2.7,1000.0,2.07,0.77,4.85,0.33,8.02,12.59
545,2005,9,Punjab,Mansa,1.0,1.0,1000.0,1000.0,1000.0,824.0,941.3333333333334,0.0,2.0,1000.0,1.94,4.06,0.95,3.88,10.83,15.71
545,2006,9,Punjab,Mansa,1.0,1.0,1000.0,1000.0,1000.0,1000.0,1000.0,0.0,1.0,1000.0,2.23,3.19,1.49,1.92,8.83,11.98
545,2007,9,Punjab,Mansa,1.0,1.0,1000.0,1000.0,1000.0,1000.0,1000.0,0.0,1.0,1000.0,3.74,1.42,2.49,2.08,9.73,15.06
545,2008,9,Punjab,Mansa,1.0,1.0,1000.0,1000.0,1000.0,1000.0,1000.0,0.0,1.0,1000.0,5.99,3.37,5.94,3.45,18.75,22.25
545,2009,9,Punjab,Mansa,1.0,1.0,1000.0,1000.0,1000.0,1000.0,1000.0,0.0,1.0,1333.3333333333333,1.09,2.55,2.11,3.79,9.54,12.67
545,2010,9,Punjab,Mansa,1.0,1.0,1000.0,1000.0,1000.0,1000.0,1000.0,0.0,1.0,1000.0,2.17,5.65,5.08,4.9,17.8,19.12
545,2011,9,Punjab,Mansa,1.0,1.0,1000.0,1000.0,1000.0,1000.0,1000.0,0.0,1.0,1000.0,2.4,2.19,4.68,6.65,15.92,19.01
545,2012,9,Punjab,Mansa,1.0,1.0,1000.0,1000.0,1000.0,1000.0,1000.0,0.0,1.0,1000.0,0.58,2.29,4.68,4.05,11.6,13.6
545,2013,9,Punjab,Mansa,0.2,0.2,1000.0,1000.0,1000.0,1000.0,1000.0,0.0,1.0,1000.0,2.78,5.25,5.24,1.51,14.78,18.81
545,2016,9,Punjab,Mansa,1.0,0.6,600.0,1000.0,1000.0,1000.0,1000.0,-0.4,0.2,550.0,2.29,5.65,3.35,0.47,11.760000000000002,14.62
545,2017,9,Punjab,Mansa,0.5,0.3,600.0,600.0,1000.0,1000.0,866.6666666666666,0.0,1.0,650.0,5.36,2.63,4.03,2.27,14.29,18.62
545,2018,9,Punjab,Mansa,0.4,0.2,500.0,600.0,600.0,1000.0,733.3333333333334,-0.16666666666666663,0.5,800.0,4.18,6.6,2.36,5.86,19.0,21.01
545,2019,9,Punjab,Mansa,0.3,0.2,667.0,500.0,600.0,600.0,566.6666666666666,0.3340000000000001,0.4,583.5,1.71,6.31,4.88,2.85,15.749999999999998,21.95
547,1993,12,Uttar Pradesh,Kanpur Nagar,0.14,0.22,1571.0,1909.0,1700.0,1286.0,1631.6666666666667,-0.177056050288109,0.11,1126.1132075471698,3.14,3.7,2.22,8.35,17.41,19.53
547,1994,12,Uttar Pradesh,Kanpur Nagar,0.16,0.19,1188.0,1571.0,1909.0,1700.0,1726.6666666666667,-0.24379376193507318,0.14,1007.6603773584906,2.84,10.29,6.91,0.95,20.99,23.06
547,1995,12,Uttar Pradesh,Kanpur Nagar,0.05,0.06,1200.0,1188.0,1571.0,1909.0,1556.0,0.010101010101010166,0.16,1217.4285714285713,3.75,4.44,8.18,5.48,21.85,23.21
547,1996,12,Uttar Pradesh,Kanpur Nagar,0.07,0.1,1429.0,1200.0,1188.0,1571.0,1319.6666666666667,0.1908333333333334,0.05,1118.625,2.64,6.79,8.07,4.7,22.2,28.5
547,1997,12,Uttar Pradesh,Kanpur Nagar,1.05,1.73,1648.0,1429.0,1200.0,1188.0,1272.3333333333333,0.15325402379286213,0.07,1335.6029411764705,1.68,5.37,4.64,5.16,16.85,23.4
547,1998,12,Uttar Pradesh,Kanpur Nagar,1.09,1.29,1183.0,1648.0,1429.0,1200.0,1425.6666666666667,-0.28216019417475724,1.05,1130.3970588235295,2.34,9.6,7.28,3.28,22.5,25.44
547,1999,12,Uttar Pradesh,Kanpur Nagar,1.27,1.54,1213.0,1183.0,1648.0,1429.0,1420.0,0.025359256128486996,1.09,1361.2424242424242,0.85,6.63,4.58,7.06,19.12,20.82
547,2000,12,Uttar Pradesh,Kanpur Nagar,1.26,1.57,1246.0,1213.0,1183.0,1648.0,1348.0,0.027205276174773196,1.27,1263.7462686567164,3.77,5.42,9.77,1.68,20.64,22.86
547,2001,12,Uttar Pradesh,Kanpur Nagar,0.83,0.88,1060.0,1246.0,1213.0,1183.0,1214.0,-0.1492776886035313,1.26,1174.7910447761194,4.46,6.97,5.48,0.7,17.61,22.43
547,2002,12,Uttar Pradesh,Kanpur Nagar,0.68,0.86,1265.0,1060.0,1246.0,1213.0,1173.0,0.19339622641509435,0.83,1196.323076923077,1.84,2.88,5.15,7.28,17.150000000000002,20.66
547,2003,12,Uttar Pradesh,Kanpur Nagar,0.83,0.99,1193.0,1265.0,1060.0,1246.0,1190.3333333333333,-0.056916996047430835,0.68,1157.3809523809523,1.77,4.97,6.91,9.41,23.06,26.8
547,2004,12,Uttar Pradesh,Kanpur Nagar,0.77,1.29,1675.0,1193.0,1265.0,1060.0,1172.6666666666667,0.4040234702430847,0.83,1357.09375,5.75,4.82,4.99,4.4,19.96,23.14
547,2005,12,Uttar Pradesh,Kanpur Nagar,0.89,1.39,1562.0,1675.0,1193.0,1265.0,1377.6666666666667,-0.06746268656716414,0.77,1305.0819672131147,2.65,9.1,2.46,5.57,19.78,22.28
547,2006,12,Uttar Pradesh,Kanpur Nagar,0.98,1.65,1684.0,1562.0,1675.0,1193.0,1476.6666666666667,0.07810499359795142,0.89,1386.5333333333333,5.23,9.15,3.41,1.6,19.39,22.380000000000003
547,2007,12,Uttar Pradesh,Kanpur Nagar,0.93,1.65,1774.0,1684.0,1562.0,1675.0,1640.3333333333333,0.05344418052256539,0.98,1324.3125,2.91,6.51,5.72,2.81,17.95,22.39
547,2008,12,Uttar Pradesh,Kanpur Nagar,1.04,2.27,2183.0,1774.0,1684.0,1562.0,1673.3333333333333,0.23055242390078923,0.93,1478.2131147540983,6.81,13.25,10.2,7.47,37.73,39.9
547,2009,12,Uttar Pradesh,Kanpur Nagar,1.2,2.41,2008.0,2183.0,1774.0,1684.0,1880.3333333333333,-0.08016491067338527,1.04,1416.9333333333334,0.93,4.46,6.78,8.32,20.49,26.22
547,2010,12,Uttar Pradesh,Kanpur Nagar,1.98,3.88,1960.0,2008.0,2183.0,1774.0,1988.3333333333333,-0.0239043824701195,1.2,1360.1186440677966,1.19,5.84,5.95,5.64,18.62,21.46
547,2011,12,Uttar Pradesh,Kanpur Nagar,1.52,2.74,1803.0,1960.0,2008.0,2183.0,2050.3333333333335,-0.08010204081632655,1.98,1526.8095238095239,5.4,6.33,8.5,2.83,23.06,23.88
547,2012,12,Uttar Pradesh,Kanpur Nagar,1.56,2.07,1327.0,1803.0,1960.0,2008.0,1923.6666666666667,-0.26400443704936216,1.52,1586.5967741935483,0.4,5.23,7.54,3.76,16.93,18.72
547,2013,12,Uttar Pradesh,Kanpur Nagar,1.17,2.07,1769.0,1327.0,1803.0,1960.0,1696.6666666666667,0.3330821401657875,1.56,1458.9322033898304,6.09,6.57,6.49,2.25,21.4,26.9
547,2014,12,Uttar Pradesh,Kanpur Nagar,1.02,1.26,1235.0,1769.0,1327.0,1803.0,1633.0,-0.30186546071226683,1.17,1524.3559322033898,0.72,5.25,2.27,4.12,12.36,16.94
547,2015,12,Uttar Pradesh,Kanpur Nagar,1.21,1.27,1050.0,1235.0,1769.0,1327.0,1443.6666666666667,-0.1497975708502024,1.02,1426.6896551724137,1.88,5.0,2.35,2.25,11.48,16.72
547,2016,12,Uttar Pradesh,Kanpur Nagar,1.17,1.89,1608.0,1050.0,1235.0,1769.0,1351.3333333333333,0.5314285714285714,1.21,1464.7166666666667,2.71,10.16,6.58,1.54,20.99,23.76
547,2017,12,Uttar Pradesh,Kanpur Nagar,1.17,2.06,1757.0,1608.0,1050.0,1235.0,1297.6666666666667,0.09266169154228865,1.17,1620.1724137931035,2.11,7.85,6.51,1.93,18.4,20.08
547,2018,12,Uttar Pradesh,Kanpur Nagar,1.0,2.83,2827.0,1757.0,1608.0,1050.0,1471.6666666666667,0.6089926010244735,1.17,1712.9016393442623,1.95,12.98,10.62,4.09,29.64,30.74
547,2019,12,Uttar Pradesh,Kanpur Nagar,1.16,2.03,1750.0,2827.0,1757.0,1608.0,2064.0,-0.380969225327202,1.0,1894.1833333333334,1.64,10.03,8.27,6.92,26.86,30.06
548,1993,12,Uttar Pradesh,Kanpur Dehat,9.24,15.57,1685.0,1754.0,1224.0,1368.0,1448.6666666666667,-0.03933865450399088,9.96,1126.1132075471698,3.14,3.7,2.22,8.35,17.41,19.53
548,1994,12,Uttar Pradesh,Kanpur Dehat,14.3,7.53,527.0,1685.0,1754.0,1224.0,1554.3333333333333,-0.687240356083086,9.24,1007.6603773584906,2.84,10.29,6.91,0.95,20.99,23.06
548,1995,12,Uttar Pradesh,Kanpur Dehat,14.45,14.56,1008.0,527.0,1685.0,1754.0,1322.0,0.9127134724857684,14.3,1217.4285714285713,3.75,4.44,8.18,5.48,21.85,23.21
548,1996,12,Uttar Pradesh,Kanpur Dehat,15.94,17.34,1088.0,1008.0,527.0,1685.0,1073.3333333333333,0.0793650793650793,14.45,1118.625,2.64,6.79,8.07,4.7,22.2,28.5
548,1997,12,Uttar Pradesh,Kanpur Dehat,12.79,17.12,1339.0,1088.0,1008.0,527.0,874.3333333333334,0.23069852941176472,15.94,1335.6029411764705,1.68,5.37,4.64,5.16,16.85,23.4
548,1998,12,Uttar Pradesh,Kanpur Dehat,12.49,12.45,997.0,1339.0,1088.0,1008.0,1145.0,-0.2554144884241971,12.79,1130.3970588235295,2.34,9.6,7.28,3.28,22.5,25.44
548,1999,12,Uttar Pradesh,Kanpur Dehat,9.46,14.21,1502.0,997.0,1339.0,1088.0,1141.3333333333333,0.506519558676028,12.49,1361.2424242424242,0.85,6.63,4.58,7.06,19.12,20.82
548,2000,12,Uttar Pradesh,Kanpur Dehat,9.47,12.29,1298.0,1502.0,997.0,1339.0,1279.3333333333333,-0.1358189081225033,9.46,1263.7462686567164,3.77,5.42,9.77,1.68,20.64,22.86
548,2001,12,Uttar Pradesh,Kanpur Dehat,11.48,15.02,1308.0,1298.0,1502.0,997.0,1265.6666666666667,0.007704160246533087,9.47,1174.7910447761194,4.46,6.97,5.48,0.7,17.61,22.43
548,2002,12,Uttar Pradesh,Kanpur Dehat,13.34,15.84,1187.0,1308.0,1298.0,1502.0,1369.3333333333333,-0.09250764525993882,11.48,1196.323076923077,1.84,2.88,5.15,7.28,17.150000000000002,20.66
548,2003,12,Uttar Pradesh,Kanpur Dehat,14.0,14.86,1061.0,1187.0,1308.0,1298.0,1264.3333333333333,-0.10614995787700088,13.34,1157.3809523809523,1.77,4.97,6.91,9.41,23.06,26.8
548,2004,12,Uttar Pradesh,Kanpur Dehat,13.65,17.89,1311.0,1061.0,1187.0,1308.0,1185.3333333333333,0.23562676720075393,14.0,1357.09375,5.75,4.82,4.99,4.4,19.96,23.14
548,2005,12,Uttar Pradesh,Kanpur Dehat,15.05,19.48,1294.0,1311.0,1061.0,1187.0,1186.3333333333333,-0.012967200610221163,13.65,1305.0819672131147,2.65,9.1,2.46,5.57,19.78,22.28
548,2006,12,Uttar Pradesh,Kanpur Dehat,16.23,25.41,1566.0,1294.0,1311.0,1061.0,1222.0,0.21020092735703244,15.05,1386.5333333333333,5.23,9.15,3.41,1.6,19.39,22.380000000000003
548,2007,12,Uttar Pradesh,Kanpur Dehat,17.14,32.76,1911.0,1566.0,1294.0,1311.0,1390.3333333333333,0.22030651340996177,16.23,1324.3125,2.91,6.51,5.72,2.81,17.95,22.39
548,2008,12,Uttar Pradesh,Kanpur Dehat,17.33,34.18,1972.0,1911.0,1566.0,1294.0,1590.3333333333333,0.03192046049188901,17.14,1478.2131147540983,6.81,13.25,10.2,7.47,37.73,39.9
548,2009,12,Uttar Pradesh,Kanpur Dehat,16.74,24.21,1446.0,1972.0,1911.0,1566.0,1816.3333333333333,-0.2667342799188641,17.33,1416.9333333333334,0.93,4.46,6.78,8.32,20.49,26.22
548,2010,12,Uttar Pradesh,Kanpur Dehat,16.81,31.82,1893.0,1446.0,1972.0,1911.0,1776.3333333333333,0.3091286307053942,16.74,1360.1186440677966,1.19,5.84,5.95,5.64,18.62,21.46
548,2011,12,Uttar Pradesh,Kanpur Dehat,16.92,33.02,1952.0,1893.0,1446.0,1972.0,1770.3333333333333,0.031167459059693536,16.81,1526.8095238095239,5.4,6.33,8.5,2.83,23.06,23.88
548,2012,12,Uttar Pradesh,Kanpur Dehat,16.92,41.07,2427.0,1952.0,1893.0,1446.0,1763.6666666666667,0.24334016393442615,16.92,1586.5967741935483,0.4,5.23,7.54,3.76,16.93,18.72
548,2013,12,Uttar Pradesh,Kanpur Dehat,16.56,41.12,2483.0,2427.0,1952.0,1893.0,2090.6666666666665,0.023073753605274083,16.92,1458.9322033898304,6.09,6.57,6.49,2.25,21.4,26.9
548,2014,12,Uttar Pradesh,Kanpur Dehat,18.13,38.68,2133.0,2483.0,2427.0,1952.0,2287.3333333333335,-0.14095851792186875,16.56,1524.3559322033898,0.72,5.25,2.27,4.12,12.36,16.94
548,2015,12,Uttar Pradesh,Kanpur Dehat,22.7,37.64,1658.0,2133.0,2483.0,2427.0,2347.6666666666665,-0.2226910454758556,18.13,1426.6896551724137,1.88,5.0,2.35,2.25,11.48,16.72
548,2016,12,Uttar Pradesh,Kanpur Dehat,17.45,43.2,2475.0,1658.0,2133.0,2483.0,2091.3333333333335,0.4927623642943306,22.7,1464.7166666666667,2.71,10.16,6.58,1.54,20.99,23.76
548,2017,12,Uttar Pradesh,Kanpur Dehat,17.29,31.95,1848.0,2475.0,1658.0,2133.0,2088.6666666666665,-0.2533333333333333,17.45,1620.1724137931035,2.11,7.85,6.51,1.93,18.4,20.08
548,2018,12,Uttar Pradesh,Kanpur Dehat,15.3,46.46,3037.0,1848.0,2475.0,1658.0,1993.6666666666667,0.6433982683982684,17.29,1712.9016393442623,1.95,12.98,10.62,4.09,29.64,30.74
548,2019,12,Uttar Pradesh,Kanpur Dehat,17.56,45.2,2574.0,3037.0,1848.0,2475.0,2453.3333333333335,-0.1524530786960817,15.3,1894.1833333333334,1.64,10.03,8.27,6.92,26.86,30.06
549,2016,5,Karnataka,Bangalore(Rural),0.01,0.01,1000.0,1000.0,1000.0,667.0,889.0,0.0,0.01,919.8888888888889,4.62,4.59,1.35,1.12,11.68,19.11
549,2018,5,Karnataka,Bangalore(Rural),0.01,0.01,909.0,1000.0,1000.0,1000.0,1000.0,-0.09099999999999997,0.01,968.64,1.89,1.9,1.76,3.77,9.32,19.17
549,2019,5,Karnataka,Bangalore(Rural),0.01,0.01,1125.0,909.0,1000.0,1000.0,969.6666666666666,0.2376237623762376,0.01,1106.3633333333335,1.84,1.82,4.31,5.38,13.35,26.78
628,2014,18,Himachal Pradesh,Hamirpur,0.12,0.08,666.67,666.67,500.0,1000.0,722.2233333333334,0.0,0.12,511.628,2.15,4.49,3.1,13.37,23.11,31.97
629,1997,18,Himachal Pradesh,Kangra,0.34,0.19,558.82,555.56,666.67,600.0,607.41,0.005867953056375663,0.09,552.94,3.37,7.22,10.08,0.31,20.98,28.67
629,1998,18,Himachal Pradesh,Kangra,0.44,0.24,545.45,558.82,555.56,666.67,593.6833333333333,-0.023925414265774325,0.34,681.8166666666667,1.5,4.88,4.22,1.31,11.91,15.45
629,1999,18,Himachal Pradesh,Kangra,0.09,0.05,555.56,545.45,558.82,555.56,553.2766666666668,0.018535154459620395,0.44,740.7433333333333,2.54,2.83,5.52,2.84,13.73,16.32
629,2000,18,Himachal Pradesh,Kangra,0.07,0.02,285.71,555.56,545.45,558.82,553.2766666666666,-0.48572611419108647,0.09,392.855,3.36,7.18,4.51,2.57,17.619999999999997,21.75
629,2001,18,Himachal Pradesh,Kangra,0.06,0.04,666.67,285.71,555.56,545.45,462.24,1.3333800007000107,0.07,833.335,4.01,12.32,2.72,1.06,20.11,24.33
629,2003,18,Himachal Pradesh,Kangra,0.22,0.12,545.45,666.67,285.71,555.56,502.6466666666666,-0.18182909085454557,0.06,609.0899999999999,2.58,8.42,7.21,3.54,21.75,30.53
629,2004,18,Himachal Pradesh,Kangra,0.21,0.11,523.81,545.45,666.67,285.71,499.27666666666664,-0.03967366394719973,0.22,619.05,2.48,5.24,8.73,0.26,16.710000000000004,23.59
629,2008,18,Himachal Pradesh,Kangra,0.15,0.08,533.33,523.81,545.45,666.67,578.6433333333333,0.01817452893224658,0.21,516.665,10.01,10.14,14.32,4.69,39.16,46.27
629,2009,18,Himachal Pradesh,Kangra,0.15,0.08,533.33,533.33,523.81,545.45,534.1966666666667,0.0,0.15,466.665,1.07,5.47,5.58,2.89,15.010000000000002,21.18
629,2010,18,Himachal Pradesh,Kangra,0.14,0.08,571.43,533.33,533.33,523.81,530.1566666666666,0.07143794648716528,0.15,585.7149999999999,2.64,14.06,8.16,6.82,31.68,35.43
629,2011,18,Himachal Pradesh,Kangra,0.15,0.09,600.0,571.43,533.33,533.33,546.0300000000001,0.04999737500656254,0.14,700.0,5.43,7.36,11.77,4.82,29.38,33.92
629,2012,18,Himachal Pradesh,Kangra,0.56,0.28,500.0,600.0,571.43,533.33,568.2533333333334,-0.16666666666666663,0.15,498.31375,0.44,6.48,5.74,5.06,17.72,23.38
629,2013,18,Himachal Pradesh,Kangra,0.32,0.18,562.5,500.0,600.0,571.43,557.1433333333333,0.125,0.56,528.1279999999999,5.68,9.77,15.46,1.5,32.41,41.31
629,2014,18,Himachal Pradesh,Kangra,0.25,0.12,480.0,562.5,500.0,600.0,554.1666666666666,-0.1466666666666666,0.32,511.628,2.64,5.35,3.35,14.73,26.07,35.39
629,2015,18,Himachal Pradesh,Kangra,0.05,0.03,600.0,480.0,562.5,500.0,514.1666666666666,0.25,0.25,550.0,3.92,11.12,6.25,3.56,24.85,39.48
629,2016,18,Himachal Pradesh,Kangra,0.12,0.06,482.76,600.0,480.0,562.5,547.5,-0.19540000000000002,0.05,498.955,3.07,12.22,11.45,2.88,29.62,41.0
629,2017,18,Himachal Pradesh,Kangra,0.05,0.04,750.0,482.76,600.0,480.0,520.9200000000001,0.5535669898086006,0.12,744.565,5.76,8.0,10.41,2.91,27.08,40.63
629,2018,18,Himachal Pradesh,Kangra,0.06,0.05,820.0,750.0,482.76,600.0,610.9200000000001,0.09333333333333327,0.05,643.5,4.82,12.4,11.78,11.55,40.55,48.95
629,2019,18,Himachal Pradesh,Kangra,0.08,0.08,1027.0,820.0,750.0,482.76,684.2533333333334,0.2524390243902439,0.06,1009.0,1.55,9.2,11.56,5.14,27.450000000000003,45.18
634,1999,18,Himachal Pradesh,Mandi,0.03,0.02,666.67,500.0,500.0,1000.0,666.6666666666666,0.33333999999999997,0.02,740.7433333333333,3.44,4.97,5.08,3.65,17.14,19.53
634,2000,18,Himachal Pradesh,Mandi,0.02,0.01,500.0,666.67,500.0,500.0,555.5566666666667,-0.2500037499812501,0.03,392.855,6.09,11.08,3.81,3.16,24.14,28.22
634,2003,18,Himachal Pradesh,Mandi,0.03,0.01,333.33,500.0,666.67,500.0,555.5566666666667,-0.3333400000000001,0.02,609.0899999999999,2.94,11.14,8.64,5.04,27.76,34.59
634,2004,18,Himachal Pradesh,Mandi,0.03,0.02,666.67,333.33,500.0,666.67,500.0,1.0000300003000029,0.03,619.05,3.96,5.65,12.57,0.66,22.84,30.61
634,2008,18,Himachal Pradesh,Mandi,0.04,0.02,500.0,666.67,333.33,500.0,500.0,-0.2500037499812501,0.03,516.665,13.81,9.15,13.66,7.75,44.370000000000005,51.88
634,2009,18,Himachal Pradesh,Mandi,0.05,0.02,400.0,500.0,666.67,333.33,500.0,-0.19999999999999996,0.04,466.665,2.09,7.26,6.42,5.4,21.17,27.71
634,2010,18,Himachal Pradesh,Mandi,0.05,0.03,600.0,400.0,500.0,666.67,522.2233333333334,0.5,0.05,585.7149999999999,4.63,15.65,10.11,11.26,41.65,45.02
634,2011,18,Himachal Pradesh,Mandi,0.06,0.03,500.0,600.0,400.0,500.0,500.0,-0.16666666666666663,0.05,700.0,7.97,9.7,12.39,8.24,38.3,43.13
634,2012,18,Himachal Pradesh,Mandi,0.27,0.14,518.52,500.0,600.0,400.0,500.0,0.03703999999999996,0.06,498.31375,1.05,8.22,9.11,6.52,24.9,29.07
634,2013,18,Himachal Pradesh,Mandi,0.13,0.07,538.46,518.52,500.0,600.0,539.5066666666667,0.03845560441255902,0.27,528.1279999999999,11.24,12.8,14.8,2.59,41.43000000000001,50.32
634,2014,18,Himachal Pradesh,Mandi,0.13,0.07,538.46,538.46,518.52,500.0,518.9933333333333,0.0,0.13,511.628,2.03,5.1,5.54,11.21,23.88,34.42
634,2015,18,Himachal Pradesh,Mandi,0.02,0.01,500.0,538.46,538.46,518.52,531.8133333333334,-0.07142591835976686,0.13,550.0,4.23,12.98,7.98,2.98,28.17,39.7
634,2016,18,Himachal Pradesh,Mandi,0.03,0.02,515.15,500.0,538.46,538.46,525.64,0.030299999999999994,0.02,498.955,3.82,8.57,8.47,1.69,22.55,33.76
634,2017,18,Himachal Pradesh,Mandi,0.02,0.02,739.13,515.15,500.0,538.46,517.87,0.4347859846646609,0.03,744.565,5.56,7.75,8.44,3.85,25.6,38.99
634,2018,18,Himachal Pradesh,Mandi,0.02,0.01,467.0,739.13,515.15,500.0,584.7599999999999,-0.368176098927117,0.02,643.5,4.93,10.47,12.38,10.12,37.9,46.23
634,2019,18,Himachal Pradesh,Mandi,0.02,0.02,1000.0,467.0,739.13,515.15,573.7599999999999,1.1413276231263385,0.02,1009.0,1.9,7.21,10.6,3.65,23.36,39.63
636,1995,18,Himachal Pradesh,Sirmaur,0.05,0.01,200.0,600.0,250.0,500.0,450.0,-0.6666666666666667,0.05,200.0,2.69,8.55,13.31,6.51,31.06,36.39
636,1996,18,Himachal Pradesh,Sirmaur,0.06,0.06,1000.0,200.0,600.0,250.0,350.0,4.0,0.05,851.8533333333334,7.36,6.99,15.46,6.88,36.690000000000005,45.67
636,1997,18,Himachal Pradesh,Sirmaur,0.05,0.03,600.0,1000.0,200.0,600.0,600.0,-0.4,0.06,552.94,5.35,10.99,10.2,3.17,29.71,42.21
636,1998,18,Himachal Pradesh,Sirmaur,0.01,0.01,1000.0,600.0,1000.0,200.0,600.0,0.6666666666666667,0.05,681.8166666666667,3.7,13.75,15.4,5.52,38.370000000000005,48.81
636,1999,18,Himachal Pradesh,Sirmaur,0.01,0.01,1000.0,1000.0,600.0,1000.0,866.6666666666666,0.0,0.01,740.7433333333333,4.96,6.12,3.75,5.56,20.39,23.05
636,2003,18,Himachal Pradesh,Sirmaur,0.03,0.02,666.67,1000.0,1000.0,600.0,866.6666666666666,-0.33333,0.01,609.0899999999999,3.2,12.1,11.02,7.45,33.77,40.2
636,2004,18,Himachal Pradesh,Sirmaur,0.03,0.02,666.67,666.67,1000.0,1000.0,888.89,0.0,0.03,619.05,6.72,11.14,13.12,1.29,32.27,40.37
636,2012,18,Himachal Pradesh,Sirmaur,0.29,0.16,551.72,666.67,666.67,1000.0,777.7800000000001,-0.17242413787931055,0.03,498.31375,1.7,11.58,17.92,8.74,39.940000000000005,43.77
636,2013,18,Himachal Pradesh,Sirmaur,0.09,0.04,444.44,551.72,666.67,666.67,628.3533333333334,-0.19444645834843766,0.29,528.1279999999999,20.93,15.75,16.01,4.67,57.36,67.36
636,2014,18,Himachal Pradesh,Sirmaur,0.09,0.04,444.44,444.44,551.72,666.67,554.2766666666666,0.0,0.09,511.628,2.12,8.23,12.29,5.31,27.95,39.74
705,1993,8,Orissa,Ganjam,2.45,1.24,506.0,694.0,749.0,800.0,747.6666666666666,-0.27089337175792505,0.49,586.6666666666666,8.55,9.23,12.98,7.46,38.22,47.89
705,1994,8,Orissa,Ganjam,2.41,1.13,469.0,506.0,694.0,749.0,649.6666666666666,-0.0731225296442688,2.45,528.6,4.52,8.65,14.29,9.36,36.82,45.74
705,1995,8,Orissa,Ganjam,0.52,0.36,692.0,469.0,506.0,694.0,556.3333333333334,0.47547974413646066,2.41,659.6,3.08,5.54,6.59,7.29,22.5,56.82
705,1996,8,Orissa,Ganjam,0.4,0.2,500.0,692.0,469.0,506.0,555.6666666666666,-0.2774566473988439,0.52,507.6363636363636,6.22,5.85,7.94,2.73,22.74,32.08
705,1997,8,Orissa,Ganjam,0.43,0.26,605.0,500.0,692.0,469.0,553.6666666666666,0.20999999999999996,0.4,565.7272727272727,4.8,6.62,13.48,8.23,33.129999999999995,45.54
705,1998,8,Orissa,Ganjam,0.04,0.02,500.0,605.0,500.0,692.0,599.0,-0.17355371900826444,0.43,615.1,6.63,9.8,6.45,8.48,31.36,48.71
705,1999,8,Orissa,Ganjam,0.41,0.26,634.0,500.0,605.0,500.0,535.0,0.268,0.04,586.1818181818181,6.71,5.74,9.27,5.15,26.87,37.49
705,2000,8,Orissa,Ganjam,0.56,0.35,625.0,634.0,500.0,605.0,579.6666666666666,-0.014195583596214534,0.41,563.8,8.33,8.17,6.77,3.87,27.14,34.45
705,2001,8,Orissa,Ganjam,0.43,0.3,698.0,625.0,634.0,500.0,586.3333333333334,0.11680000000000001,0.56,549.6363636363636,10.91,18.79,9.7,6.78,46.18,57.98
705,2002,8,Orissa,Ganjam,0.37,0.18,486.0,698.0,625.0,634.0,652.3333333333334,-0.3037249283667621,0.43,528.6666666666666,5.62,9.97,10.38,6.35,32.32,40.92
705,2003,8,Orissa,Ganjam,0.33,0.2,606.0,486.0,698.0,625.0,603.0,0.24691358024691357,0.37,537.6666666666666,7.79,9.82,11.92,7.04,36.57,58.24
705,2004,8,Orissa,Ganjam,0.27,0.17,630.0,606.0,486.0,698.0,596.6666666666666,0.03960396039603964,0.33,486.46153846153845,4.53,7.02,7.57,3.72,22.84,33.86
705,2005,8,Orissa,Ganjam,0.31,0.19,613.0,630.0,606.0,486.0,574.0,-0.026984126984127,0.27,542.5,4.38,8.46,6.23,17.72,36.79,53.0
705,2006,8,Orissa,Ganjam,0.08,0.05,625.0,613.0,630.0,606.0,616.3333333333334,0.019575856443719397,0.31,576.6666666666666,7.43,10.4,17.74,11.04,46.60999999999999,55.09
705,2007,8,Orissa,Ganjam,0.11,0.07,636.0,625.0,613.0,630.0,622.6666666666666,0.01760000000000006,0.08,615.6666666666666,6.49,6.0,11.16,16.59,40.24,50.72
705,2008,8,Orissa,Ganjam,0.1,0.07,700.0,636.0,625.0,613.0,624.6666666666666,0.10062893081761004,0.11,600.6363636363636,10.44,7.5,10.61,15.31,43.86,54.37
705,2009,8,Orissa,Ganjam,0.08,0.05,625.0,700.0,636.0,625.0,653.6666666666666,-0.1071428571428571,0.1,597.9090909090909,3.11,12.07,9.68,6.0,30.86,37.66
705,2010,8,Orissa,Ganjam,0.04,0.03,750.0,625.0,700.0,636.0,653.6666666666666,0.19999999999999996,0.08,606.8181818181819,7.43,7.81,9.46,8.76,33.46,51.92
705,2011,8,Orissa,Ganjam,0.05,0.04,800.0,750.0,625.0,700.0,691.6666666666666,0.06666666666666665,0.04,575.0909090909091,5.22,10.19,11.48,7.7,34.59,43.33
705,2012,8,Orissa,Ganjam,0.08,0.05,625.0,800.0,750.0,625.0,725.0,-0.21875,0.05,662.0,6.23,14.12,6.93,6.14,33.42,46.58
705,2013,8,Orissa,Ganjam,0.08,0.05,625.0,625.0,800.0,750.0,725.0,0.0,0.08,649.2727272727273,7.07,6.41,4.42,8.88,26.78,50.57
705,2014,8,Orissa,Ganjam,0.09,0.05,556.0,625.0,625.0,800.0,683.3333333333334,-0.11040000000000005,0.08,672.0,3.32,12.2,8.48,9.76,33.76,46.78
705,2015,8,Orissa,Ganjam,0.1,0.07,700.0,556.0,625.0,625.0,602.0,0.2589928057553956,0.09,659.2727272727273,5.72,6.51,8.37,6.16,26.76,37.87
705,2016,8,Orissa,Ganjam,0.04,0.02,500.0,700.0,556.0,625.0,627.0,-0.2857142857142857,0.1,704.1818181818181,6.19,7.11,8.35,7.48,29.13,39.98
705,2017,8,Orissa,Ganjam,0.05,0.03,600.0,500.0,700.0,556.0,585.3333333333334,0.19999999999999996,0.04,695.4545454545455,6.7,13.16,8.66,5.77,34.29,51.31
705,2019,8,Orissa,Ganjam,0.11,0.07,636.0,600.0,500.0,700.0,600.0,0.06000000000000005,0.05,676.5,4.75,9.31,10.79,13.76,38.61,59.9
706,1993,8,Orissa,Kalahandi,0.07,0.03,429.0,607.0,520.0,525.0,550.6666666666666,-0.2932454695222405,0.28,586.6666666666666,6.66,10.89,8.87,7.76,34.18,41.78
706,1994,8,Orissa,Kalahandi,0.09,0.03,333.0,429.0,607.0,520.0,518.6666666666666,-0.22377622377622375,0.07,528.6,6.11,16.76,10.49,7.24,40.6,47.56
706,1995,8,Orissa,Kalahandi,0.07,0.03,429.0,333.0,429.0,607.0,456.3333333333333,0.28828828828828823,0.09,659.6,4.36,13.02,8.07,7.37,32.82,46.3
706,1996,8,Orissa,Kalahandi,0.06,0.03,500.0,429.0,333.0,429.0,397.0,0.16550116550116556,0.07,507.6363636363636,4.96,9.16,8.93,4.15,27.200000000000003,32.25
706,1997,8,Orissa,Kalahandi,0.03,0.02,667.0,500.0,429.0,333.0,420.6666666666667,0.3340000000000001,0.06,565.7272727272727,3.6,9.77,10.86,4.74,28.97,38.38
706,1998,8,Orissa,Kalahandi,0.03,0.02,667.0,667.0,500.0,429.0,532.0,0.0,0.03,615.1,6.22,8.76,6.5,5.92,27.4,40.17
706,1999,8,Orissa,Kalahandi,0.1,0.06,600.0,667.0,667.0,500.0,611.3333333333334,-0.1004497751124438,0.03,586.1818181818181,6.27,5.33,16.1,6.43,34.13,38.41
706,2000,8,Orissa,Kalahandi,0.04,0.02,500.0,600.0,667.0,667.0,644.6666666666666,-0.16666666666666663,0.1,563.8,9.68,7.1,8.5,3.97,29.25,33.54
706,2001,8,Orissa,Kalahandi,0.13,0.08,615.0,500.0,600.0,667.0,589.0,0.22999999999999998,0.04,549.6363636363636,7.38,11.35,11.01,4.69,34.43,42.31
706,2002,8,Orissa,Kalahandi,0.06,0.04,667.0,615.0,500.0,600.0,571.6666666666666,0.08455284552845521,0.13,528.6666666666666,5.56,5.9,9.15,2.93,23.54,28.72
706,2003,8,Orissa,Kalahandi,0.07,0.05,714.0,667.0,615.0,500.0,594.0,0.0704647676161918,0.06,537.6666666666666,3.93,12.9,11.9,7.58,36.31,48.31
706,2004,8,Orissa,Kalahandi,0.06,0.03,500.0,714.0,667.0,615.0,665.3333333333334,-0.2997198879551821,0.07,486.46153846153845,8.04,10.73,8.82,7.65,35.24,42.19
706,2005,8,Orissa,Kalahandi,0.07,0.05,714.0,500.0,714.0,667.0,627.0,0.42799999999999994,0.06,542.5,5.27,11.38,8.17,11.14,35.96,46.96
706,2006,8,Orissa,Kalahandi,0.06,0.04,667.0,714.0,500.0,714.0,642.6666666666666,-0.06582633053221287,0.07,576.6666666666666,4.05,11.98,11.65,8.92,36.6,44.89
706,2007,8,Orissa,Kalahandi,0.06,0.04,667.0,667.0,714.0,500.0,627.0,0.0,0.06,615.6666666666666,12.04,6.73,9.58,8.0,36.35,41.92
706,2008,8,Orissa,Kalahandi,0.06,0.04,667.0,667.0,667.0,714.0,682.6666666666666,0.0,0.06,600.6363636363636,8.2,9.68,9.23,10.21,37.32,43.37
706,2009,8,Orissa,Kalahandi,0.07,0.05,714.0,667.0,667.0,667.0,667.0,0.0704647676161918,0.06,597.9090909090909,2.99,15.19,8.21,3.74,30.130000000000003,36.06
706,2010,8,Orissa,Kalahandi,0.07,0.05,714.0,714.0,667.0,667.0,682.6666666666666,0.0,0.07,606.8181818181819,7.37,12.49,10.83,8.73,39.42,51.29
706,2011,8,Orissa,Kalahandi,0.05,0.03,600.0,714.0,714.0,667.0,698.3333333333334,-0.15966386554621848,0.07,575.0909090909091,3.88,9.9,10.56,9.31,33.650000000000006,40.55
706,2012,8,Orissa,Kalahandi,0.06,0.04,667.0,600.0,714.0,714.0,676.0,0.11166666666666658,0.05,662.0,6.53,15.93,13.65,8.78,44.89,52.84
706,2013,8,Orissa,Kalahandi,0.01,0.01,1000.0,667.0,600.0,714.0,660.3333333333334,0.4992503748125936,0.06,649.2727272727273,9.99,10.59,7.67,5.94,34.19,45.71
706,2014,8,Orissa,Kalahandi,0.01,0.01,1000.0,1000.0,667.0,600.0,755.6666666666666,0.0,0.01,672.0,3.9,14.17,8.83,10.54,37.44,45.04
706,2015,8,Orissa,Kalahandi,0.01,0.01,1000.0,1000.0,1000.0,667.0,889.0,0.0,0.01,659.2727272727273,11.72,6.54,10.88,11.07,40.21,45.4
706,2016,8,Orissa,Kalahandi,0.01,0.01,1000.0,1000.0,1000.0,1000.0,1000.0,0.0,0.01,704.1818181818181,5.7,10.1,8.28,9.88,33.96,40.45
706,2019,8,Orissa,Kalahandi,0.06,0.04,667.0,1000.0,1000.0,1000.0,1000.0,-0.33299999999999996,0.01,676.5,3.12,13.83,15.11,9.81,41.870000000000005,48.86
707,1993,8,Orissa,Keonjhar,0.28,0.21,750.0,690.0,885.0,778.0,784.3333333333334,0.08695652173913038,0.29,586.6666666666666,8.5,10.44,11.36,9.64,39.94,48.96
707,1994,8,Orissa,Keonjhar,0.28,0.21,750.0,750.0,690.0,885.0,775.0,0.0,0.28,528.6,10.25,18.23,13.29,7.79,49.56,57.39
707,1995,8,Orissa,Keonjhar,0.2,0.15,750.0,750.0,750.0,690.0,730.0,0.0,0.28,659.6,3.85,8.1,8.95,8.56,29.46,50.53
707,1996,8,Orissa,Keonjhar,0.29,0.15,517.0,750.0,750.0,750.0,750.0,-0.31066666666666665,0.2,507.6363636363636,6.64,11.46,10.65,3.57,32.32,37.82
707,1997,8,Orissa,Keonjhar,0.26,0.15,577.0,517.0,750.0,750.0,672.3333333333334,0.11605415860735002,0.29,565.7272727272727,8.09,9.13,16.44,6.41,40.06999999999999,50.39
707,1998,8,Orissa,Keonjhar,0.26,0.15,577.0,577.0,517.0,750.0,614.6666666666666,0.0,0.26,615.1,6.57,8.54,7.28,9.18,31.57,45.93
707,1999,8,Orissa,Keonjhar,0.29,0.19,655.0,577.0,577.0,517.0,557.0,0.13518197573656843,0.26,586.1818181818181,7.92,9.05,11.12,7.86,35.95,45.86
707,2000,8,Orissa,Keonjhar,0.26,0.13,500.0,655.0,577.0,577.0,603.0,-0.23664122137404575,0.29,563.8,7.47,7.83,5.68,6.3,27.28,34.19
707,2001,8,Orissa,Keonjhar,0.21,0.11,524.0,500.0,655.0,577.0,577.3333333333334,0.04800000000000004,0.26,549.6363636363636,10.58,18.41,10.3,5.29,44.580000000000005,54.92
707,2002,8,Orissa,Keonjhar,0.1,0.05,500.0,524.0,500.0,655.0,559.6666666666666,-0.04580152671755722,0.21,528.6666666666666,5.88,7.29,9.14,8.59,30.9,38.06
707,2003,8,Orissa,Keonjhar,0.07,0.04,571.0,500.0,524.0,500.0,508.0,0.1419999999999999,0.1,537.6666666666666,9.38,10.47,10.31,8.44,38.6,54.78
707,2004,8,Orissa,Keonjhar,0.1,0.05,500.0,571.0,500.0,524.0,531.6666666666666,-0.12434325744308228,0.07,486.46153846153845,6.29,9.3,13.36,5.11,34.06,43.47
707,2005,8,Orissa,Keonjhar,0.1,0.06,600.0,500.0,571.0,500.0,523.6666666666666,0.19999999999999996,0.1,542.5,6.43,11.51,7.47,11.83,37.24,48.7
707,2006,8,Orissa,Keonjhar,0.1,0.06,600.0,600.0,500.0,571.0,557.0,0.0,0.1,576.6666666666666,8.49,13.57,14.6,9.58,46.24,53.52
707,2007,8,Orissa,Keonjhar,0.03,0.02,667.0,600.0,600.0,500.0,566.6666666666666,0.11166666666666658,0.1,615.6666666666666,7.11,10.93,12.94,15.7,46.67999999999999,54.79
707,2008,8,Orissa,Keonjhar,0.05,0.03,600.0,667.0,600.0,600.0,622.3333333333334,-0.1004497751124438,0.03,600.6363636363636,14.82,11.25,11.68,11.63,49.38,56.99
707,2009,8,Orissa,Keonjhar,0.05,0.03,600.0,600.0,667.0,600.0,622.3333333333334,0.0,0.05,597.9090909090909,2.73,14.42,8.77,7.77,33.69,42.5
707,2010,8,Orissa,Keonjhar,0.04,0.03,750.0,600.0,600.0,667.0,622.3333333333334,0.25,0.05,606.8181818181819,5.67,7.08,7.34,8.03,28.12,37.94
707,2011,8,Orissa,Keonjhar,0.05,0.03,600.0,750.0,600.0,600.0,650.0,-0.19999999999999996,0.04,575.0909090909091,8.76,8.6,12.34,13.51,43.21,50.86
707,2012,8,Orissa,Keonjhar,0.03,0.02,667.0,600.0,750.0,600.0,650.0,0.11166666666666658,0.05,662.0,6.83,12.04,11.59,6.53,36.99,46.38
707,2013,8,Orissa,Keonjhar,0.02,0.01,500.0,667.0,600.0,750.0,672.3333333333334,-0.2503748125937032,0.03,649.2727272727273,8.09,8.85,9.22,9.73,35.89,55.43
707,2014,8,Orissa,Keonjhar,0.02,0.01,500.0,500.0,667.0,600.0,589.0,0.0,0.02,672.0,5.7,12.74,11.29,7.59,37.32,49.34
707,2015,8,Orissa,Keonjhar,0.02,0.01,500.0,500.0,500.0,667.0,555.6666666666666,0.0,0.02,659.2727272727273,6.73,14.65,8.9,4.76,35.04,43.69
707,2016,8,Orissa,Keonjhar,0.01,0.01,1000.0,500.0,500.0,500.0,500.0,1.0,0.02,704.1818181818181,6.37,7.93,11.96,9.58,35.84,45.67
707,2017,8,Orissa,Keonjhar,0.01,0.01,1000.0,1000.0,500.0,500.0,666.6666666666666,0.0,0.01,695.4545454545455,6.54,16.35,9.47,7.6,39.96,54.17
707,2019,8,Orissa,Keonjhar,0.01,0.01,1000.0,1000.0,1000.0,500.0,833.3333333333334,0.0,0.01,676.5,4.61,9.18,9.6,11.3,34.69,52.23
708,1993,8,Orissa,Koraput,3.09,1.89,612.0,677.0,992.0,947.0,872.0,-0.09601181683899562,3.99,586.6666666666666,6.27,7.82,7.11,9.61,30.81,43.42
708,1994,8,Orissa,Koraput,2.86,1.53,535.0,612.0,677.0,992.0,760.3333333333334,-0.12581699346405228,3.09,528.6,2.77,15.9,8.55,5.51,32.730000000000004,46.76
708,1995,8,Orissa,Koraput,1.1,1.02,927.0,535.0,612.0,677.0,608.0,0.7327102803738317,2.86,659.6,6.38,14.0,7.89,8.39,36.66,58.72
708,1996,8,Orissa,Koraput,0.92,0.65,707.0,927.0,535.0,612.0,691.3333333333334,-0.2373247033441208,1.1,507.6363636363636,10.03,8.18,9.58,5.92,33.71,43.13
708,1997,8,Orissa,Koraput,0.76,0.44,579.0,707.0,927.0,535.0,723.0,-0.18104667609618108,0.92,565.7272727272727,3.37,9.83,9.36,7.21,29.77,42.1
708,1998,8,Orissa,Koraput,0.71,0.42,592.0,579.0,707.0,927.0,737.6666666666666,0.022452504317789224,0.76,615.1,7.58,10.44,8.15,8.53,34.7,55.7
708,1999,8,Orissa,Koraput,0.62,0.37,597.0,592.0,579.0,707.0,626.0,0.008445945945946054,0.71,586.1818181818181,7.35,4.63,17.56,5.6,35.14,42.32
708,2000,8,Orissa,Koraput,0.62,0.39,629.0,597.0,592.0,579.0,589.3333333333334,0.05360134003350092,0.62,563.8,10.23,5.41,12.69,6.04,34.37,41.01
708,2001,8,Orissa,Koraput,0.59,0.34,576.0,629.0,597.0,592.0,606.0,-0.0842607313195548,0.62,549.6363636363636,5.88,7.57,11.62,6.75,31.82,43.27
708,2002,8,Orissa,Koraput,0.49,0.27,551.0,576.0,629.0,597.0,600.6666666666666,-0.04340277777777779,0.59,528.6666666666666,6.48,5.64,9.68,2.43,24.23,31.68
708,2003,8,Orissa,Koraput,0.43,0.24,558.0,551.0,576.0,629.0,585.3333333333334,0.012704174228675091,0.49,537.6666666666666,2.34,15.27,9.63,6.34,33.58,50.26
708,2004,8,Orissa,Koraput,0.42,0.24,571.0,558.0,551.0,576.0,561.6666666666666,0.023297491039426577,0.43,486.46153846153845,9.19,12.45,8.31,9.62,39.57,49.23
708,2005,8,Orissa,Koraput,0.39,0.25,641.0,571.0,558.0,551.0,560.0,0.12259194395796857,0.42,542.5,5.45,8.71,6.71,16.62,37.49,54.760000000000005
708,2006,8,Orissa,Koraput,0.4,0.26,650.0,641.0,571.0,558.0,590.0,0.014040561622464809,0.39,576.6666666666666,5.19,11.69,13.47,11.81,42.16,56.17
708,2007,8,Orissa,Koraput,0.41,0.25,610.0,650.0,641.0,571.0,620.6666666666666,-0.06153846153846154,0.4,615.6666666666666,13.15,6.05,9.79,9.02,38.01,47.11
708,2008,8,Orissa,Koraput,0.42,0.26,619.0,610.0,650.0,641.0,633.6666666666666,0.014754098360655776,0.41,600.6363636363636,8.04,10.92,9.68,8.44,37.08,46.87
708,2009,8,Orissa,Koraput,0.42,0.23,548.0,619.0,610.0,650.0,626.3333333333334,-0.11470113085621969,0.42,597.9090909090909,4.11,12.45,8.08,5.21,29.85,37.74
708,2010,8,Orissa,Koraput,0.32,0.18,563.0,548.0,619.0,610.0,592.3333333333334,0.027372262773722733,0.42,606.8181818181819,8.73,14.2,14.48,9.96,47.37,70.99
708,2011,8,Orissa,Koraput,0.21,0.14,667.0,563.0,548.0,619.0,576.6666666666666,0.18472468916518658,0.32,575.0909090909091,2.97,9.29,9.66,7.68,29.6,39.47
708,2012,8,Orissa,Koraput,0.11,0.07,636.0,667.0,563.0,548.0,592.6666666666666,-0.046476761619190454,0.21,662.0,4.55,14.23,14.06,12.72,45.56,57.95
708,2013,8,Orissa,Koraput,0.12,0.08,667.0,636.0,667.0,563.0,622.0,0.04874213836477992,0.11,649.2727272727273,11.64,8.42,6.47,6.98,33.510000000000005,51.45
708,2014,8,Orissa,Koraput,0.11,0.07,636.0,667.0,636.0,667.0,656.6666666666666,-0.046476761619190454,0.12,672.0,5.14,12.84,10.89,11.7,40.57,52.1
708,2015,8,Orissa,Koraput,0.12,0.07,583.0,636.0,667.0,636.0,646.3333333333334,-0.08333333333333337,0.11,659.2727272727273,18.11,5.51,13.27,13.12,50.01,58.62
708,2016,8,Orissa,Koraput,0.13,0.07,538.0,583.0,636.0,667.0,628.6666666666666,-0.07718696397941682,0.12,704.1818181818181,12.58,12.4,11.34,10.66,46.98,54.89
708,2017,8,Orissa,Koraput,0.12,0.08,667.0,538.0,583.0,636.0,585.6666666666666,0.2397769516728625,0.13,695.4545454545455,10.05,19.18,11.35,5.96,46.54,56.09
708,2019,8,Orissa,Koraput,0.2,0.13,650.0,667.0,538.0,583.0,596.0,-0.025487256371814038,0.12,676.5,6.86,15.06,16.23,12.78,50.93000000000001,62.63
710,2004,8,Orissa,Phulbani(Kandhamal),0.2,0.07,350.0,333.0,333.0,333.0,333.0,0.05105105105105112,0.18,486.46153846153845,5.63,9.35,12.04,4.64,31.66,40.76
710,2005,8,Orissa,Phulbani(Kandhamal),0.49,0.17,347.0,350.0,333.0,333.0,338.6666666666667,-0.008571428571428563,0.2,542.5,6.05,11.55,7.93,14.17,39.7,51.88
710,2006,8,Orissa,Phulbani(Kandhamal),0.2,0.07,350.0,347.0,350.0,333.0,343.3333333333333,0.008645533141210304,0.49,576.6666666666666,6.98,12.56,17.22,9.26,46.02,53.5
710,2007,8,Orissa,Phulbani(Kandhamal),0.19,0.08,421.0,350.0,347.0,350.0,349.0,0.20285714285714285,0.2,615.6666666666666,6.78,7.33,12.16,16.02,42.29,50.77
710,2008,8,Orissa,Phulbani(Kandhamal),0.19,0.08,421.0,421.0,350.0,347.0,372.6666666666667,0.0,0.19,600.6363636363636,12.22,10.37,12.85,15.08,50.52,59.11
710,2009,8,Orissa,Phulbani(Kandhamal),0.2,0.08,400.0,421.0,421.0,350.0,397.3333333333333,-0.049881235154394354,0.19,597.9090909090909,3.17,15.94,10.11,5.71,34.93,42.13
710,2010,8,Orissa,Phulbani(Kandhamal),0.2,0.08,400.0,400.0,421.0,421.0,414.0,0.0,0.2,606.8181818181819,7.46,9.37,9.38,8.04,34.25,46.57
710,2011,8,Orissa,Phulbani(Kandhamal),0.24,0.1,417.0,400.0,400.0,421.0,407.0,0.04249999999999998,0.2,575.0909090909091,6.97,10.78,12.63,11.7,42.08,49.19
710,2012,8,Orissa,Phulbani(Kandhamal),0.24,0.13,542.0,417.0,400.0,400.0,405.6666666666667,0.2997601918465227,0.24,662.0,7.65,14.65,11.7,6.49,40.49,50.06
710,2013,8,Orissa,Phulbani(Kandhamal),0.23,0.13,565.0,542.0,417.0,400.0,453.0,0.04243542435424352,0.24,649.2727272727273,8.17,8.93,6.91,8.97,32.980000000000004,51.58
710,2014,8,Orissa,Phulbani(Kandhamal),0.28,0.16,571.0,565.0,542.0,417.0,508.0,0.010619469026548645,0.23,672.0,4.3,14.02,9.97,9.69,37.98,48.66
710,2015,8,Orissa,Phulbani(Kandhamal),0.07,0.03,429.0,571.0,565.0,542.0,559.3333333333334,-0.24868651488616467,0.28,659.2727272727273,6.25,11.6,12.44,6.65,36.94,43.39
710,2016,8,Orissa,Phulbani(Kandhamal),0.07,0.04,571.0,429.0,571.0,565.0,521.6666666666666,0.3310023310023309,0.07,704.1818181818181,4.7,8.04,11.86,7.52,32.12,39.62
710,2017,8,Orissa,Phulbani(Kandhamal),0.07,0.05,714.0,571.0,429.0,571.0,523.6666666666666,0.2504378283712785,0.07,695.4545454545455,6.98,14.17,8.81,7.58,37.54,45.620000000000005
710,2019,8,Orissa,Phulbani(Kandhamal),0.07,0.04,571.0,714.0,571.0,429.0,571.3333333333334,-0.20028011204481788,0.07,676.5,4.02,9.82,11.43,11.34,36.61,47.85
713,1993,8,Orissa,Sundargarh,0.47,0.3,638.0,638.0,630.0,643.0,637.0,0.0,0.47,586.6666666666666,7.62,13.52,8.72,9.83,39.69,46.15
713,1996,8,Orissa,Sundargarh,0.04,0.02,500.0,638.0,638.0,630.0,635.3333333333334,-0.2163009404388715,0.47,507.6363636363636,5.9,17.2,11.9,5.47,40.47,43.9
713,1997,8,Orissa,Sundargarh,0.02,0.01,500.0,500.0,638.0,638.0,592.0,0.0,0.04,565.7272727272727,5.98,9.57,18.14,4.66,38.35,47.9
713,1998,8,Orissa,Sundargarh,0.03,0.02,667.0,500.0,500.0,638.0,546.0,0.3340000000000001,0.02,615.1,8.34,7.44,9.22,8.07,33.07,44.15
713,1999,8,Orissa,Sundargarh,0.03,0.01,333.0,667.0,500.0,500.0,555.6666666666666,-0.5007496251874063,0.03,586.1818181818181,6.95,9.5,13.46,9.35,39.26,43.86
713,2000,8,Orissa,Sundargarh,0.15,0.06,400.0,333.0,667.0,500.0,500.0,0.20120120120120122,0.03,563.8,5.25,6.17,4.79,4.71,20.92,23.69
713,2001,8,Orissa,Sundargarh,0.08,0.04,500.0,400.0,333.0,667.0,466.6666666666667,0.25,0.15,549.6363636363636,6.25,19.6,9.92,3.95,39.720000000000006,46.05
713,2002,8,Orissa,Sundargarh,0.04,0.03,750.0,500.0,400.0,333.0,411.0,0.5,0.08,528.6666666666666,4.03,6.03,7.58,5.65,23.29,27.8
713,2003,8,Orissa,Sundargarh,0.04,0.02,500.0,750.0,500.0,400.0,550.0,-0.33333333333333337,0.04,537.6666666666666,12.06,10.54,11.98,11.07,45.65,55.29
713,2004,8,Orissa,Sundargarh,0.04,0.02,500.0,500.0,750.0,500.0,583.3333333333334,0.0,0.04,486.46153846153845,7.04,12.84,18.14,5.09,43.11,49.12
713,2005,8,Orissa,Sundargarh,0.08,0.04,500.0,500.0,500.0,750.0,583.3333333333334,0.0,0.04,542.5,7.55,15.14,9.31,6.55,38.55,45.18
713,2006,8,Orissa,Sundargarh,0.02,0.01,500.0,500.0,500.0,500.0,500.0,0.0,0.08,576.6666666666666,4.54,12.6,12.01,5.05,34.2,40.63
713,2007,8,Orissa,Sundargarh,0.02,0.01,500.0,500.0,500.0,500.0,500.0,0.0,0.02,615.6666666666666,6.56,7.97,9.89,12.53,36.95,41.96
713,2009,8,Orissa,Sundargarh,0.05,0.03,600.0,500.0,500.0,500.0,500.0,0.19999999999999996,0.02,597.9090909090909,2.4,18.52,8.4,3.72,33.04,39.62
713,2010,8,Orissa,Sundargarh,0.03,0.02,667.0,600.0,500.0,500.0,533.3333333333334,0.11166666666666658,0.05,606.8181818181819,6.31,9.54,7.61,4.96,28.42,33.02
713,2011,8,Orissa,Sundargarh,0.05,0.03,600.0,667.0,600.0,500.0,589.0,-0.1004497751124438,0.03,575.0909090909091,6.75,9.06,10.45,16.65,42.91,47.45
713,2012,8,Orissa,Sundargarh,0.04,0.03,750.0,600.0,667.0,600.0,622.3333333333334,0.25,0.05,662.0,7.36,13.39,19.07,7.2,47.02,53.5
713,2013,8,Orissa,Sundargarh,0.02,0.01,500.0,750.0,600.0,667.0,672.3333333333334,-0.33333333333333337,0.04,649.2727272727273,6.86,11.71,11.14,6.36,36.07,49.08
713,2015,8,Orissa,Sundargarh,0.03,0.02,667.0,500.0,750.0,600.0,616.6666666666666,0.3340000000000001,0.02,659.2727272727273,5.99,16.99,14.95,6.79,44.71999999999999,48.93
713,2016,8,Orissa,Sundargarh,0.03,0.02,667.0,667.0,500.0,750.0,639.0,0.0,0.03,704.1818181818181,2.89,9.24,13.41,8.31,33.85,37.8
713,2017,8,Orissa,Sundargarh,0.03,0.02,667.0,667.0,667.0,500.0,611.3333333333334,0.0,0.03,695.4545454545455,6.31,17.0,9.51,6.54,39.36,43.26
713,2019,8,Orissa,Sundargarh,0.01,0.01,1000.0,667.0,667.0,667.0,667.0,0.4992503748125936,0.03,676.5,4.04,8.69,13.35,13.19,39.27,45.39
720,1998,8,Orissa,Gajapati,1.14,0.51,447.0,447.0,399.0,408.0,418.0,0.0,1.14,615.1,6.48,8.31,6.48,8.67,29.940000000000005,50.06
720,1999,8,Orissa,Gajapati,1.16,0.56,483.0,447.0,447.0,399.0,431.0,0.08053691275167796,1.14,586.1818181818181,6.48,3.96,8.77,4.18,23.39,32.72
720,2000,8,Orissa,Gajapati,1.14,0.63,553.0,483.0,447.0,447.0,459.0,0.14492753623188404,1.16,563.8,7.15,5.4,7.04,5.34,24.93,32.22
720,2001,8,Orissa,Gajapati,1.17,0.56,479.0,553.0,483.0,447.0,494.3333333333333,-0.13381555153707048,1.14,549.6363636363636,6.99,11.34,8.03,6.86,33.22,45.7
720,2002,8,Orissa,Gajapati,1.17,0.54,462.0,479.0,553.0,483.0,505.0,-0.035490605427975,1.17,528.6666666666666,5.5,6.97,8.31,4.13,24.91,32.78
720,2003,8,Orissa,Gajapati,1.05,0.48,457.0,462.0,479.0,553.0,498.0,-0.010822510822510845,1.17,537.6666666666666,4.67,9.84,8.75,6.1,29.36,51.34
720,2004,8,Orissa,Gajapati,0.98,0.45,459.0,457.0,462.0,479.0,466.0,0.004376367614879584,1.05,486.46153846153845,5.08,8.08,5.44,4.33,22.93,33.31
720,2005,8,Orissa,Gajapati,0.68,0.39,574.0,459.0,457.0,462.0,459.3333333333333,0.2505446623093681,0.98,542.5,3.52,6.76,4.69,19.04,34.01,52.56
720,2006,8,Orissa,Gajapati,0.72,0.44,611.0,574.0,459.0,457.0,496.6666666666667,0.06445993031358888,0.68,576.6666666666666,6.29,8.02,15.17,11.21,40.69,50.8
720,2007,8,Orissa,Gajapati,1.03,0.63,612.0,611.0,574.0,459.0,548.0,0.0016366612111293755,0.72,615.6666666666666,9.01,4.81,8.28,13.19,35.29,46.37
720,2008,8,Orissa,Gajapati,1.18,0.74,627.0,612.0,611.0,574.0,599.0,0.02450980392156854,1.03,600.6363636363636,7.38,7.18,8.59,11.93,35.08,45.81
720,2009,8,Orissa,Gajapati,1.16,0.71,612.0,627.0,612.0,611.0,616.6666666666666,-0.02392344497607657,1.18,597.9090909090909,3.61,9.03,7.24,4.86,24.74,31.41
720,2010,8,Orissa,Gajapati,1.98,1.25,631.0,612.0,627.0,612.0,617.0,0.031045751633986818,1.16,606.8181818181819,7.74,7.27,9.23,7.52,31.76,54.92
720,2011,8,Orissa,Gajapati,1.93,1.24,642.0,631.0,612.0,627.0,623.3333333333334,0.017432646592709933,1.98,575.0909090909091,2.86,9.29,8.09,5.19,25.43,34.47
720,2012,8,Orissa,Gajapati,1.82,1.11,610.0,642.0,631.0,612.0,628.3333333333334,-0.049844236760124616,1.93,662.0,5.53,13.82,5.86,7.16,32.370000000000005,48.49
720,2013,8,Orissa,Gajapati,1.76,1.08,614.0,610.0,642.0,631.0,627.6666666666666,0.006557377049180246,1.82,649.2727272727273,5.08,5.88,4.32,6.93,22.21,48.36
720,2014,8,Orissa,Gajapati,1.29,0.8,620.0,614.0,610.0,642.0,622.0,0.009771986970684043,1.76,672.0,2.89,11.47,7.99,8.08,30.43,42.53
720,2015,8,Orissa,Gajapati,1.31,0.81,618.0,620.0,614.0,610.0,614.6666666666666,-0.003225806451612856,1.29,659.2727272727273,9.62,5.2,9.0,8.75,32.57,42.31
720,2016,8,Orissa,Gajapati,1.15,0.71,617.0,618.0,620.0,614.0,617.3333333333334,-0.0016181229773463146,1.31,704.1818181818181,6.67,7.56,6.81,8.87,29.91,41.63
720,2017,8,Orissa,Gajapati,0.99,0.6,606.0,617.0,618.0,620.0,618.3333333333334,-0.017828200972447306,1.15,695.4545454545455,6.72,13.11,7.66,4.55,32.04,46.42
720,2019,8,Orissa,Gajapati,0.99,0.63,636.0,606.0,617.0,618.0,613.6666666666666,0.04950495049504955,0.99,676.5,4.17,8.16,10.47,13.67,36.47,54.39
721,1999,8,Orissa,Nuapada,0.02,0.01,500.0,500.0,333.0,600.0,477.6666666666667,0.0,0.02,586.1818181818181,5.44,5.57,16.24,6.99,34.24,37.09
721,2003,8,Orissa,Nuapada,0.02,0.01,500.0,500.0,500.0,333.0,444.3333333333333,0.0,0.02,537.6666666666666,2.75,12.79,14.86,9.41,39.81,49.33
721,2006,8,Orissa,Nuapada,0.02,0.01,500.0,500.0,500.0,500.0,500.0,0.0,0.02,576.6666666666666,3.05,12.32,10.66,9.08,35.11,41.89
721,2007,8,Orissa,Nuapada,0.07,0.05,714.0,500.0,500.0,500.0,500.0,0.42799999999999994,0.02,615.6666666666666,17.99,9.23,9.45,6.61,43.28,46.9
721,2008,8,Orissa,Nuapada,0.06,0.04,667.0,714.0,500.0,500.0,571.3333333333334,-0.06582633053221287,0.07,600.6363636363636,8.12,7.59,8.44,11.0,35.15,38.87
721,2009,8,Orissa,Nuapada,0.09,0.04,444.0,667.0,714.0,500.0,627.0,-0.3343328335832084,0.06,597.9090909090909,2.46,18.62,8.86,3.15,33.09,37.98
721,2010,8,Orissa,Nuapada,0.1,0.05,500.0,444.0,667.0,714.0,608.3333333333334,0.12612612612612617,0.09,606.8181818181819,6.09,14.72,8.97,9.55,39.33,47.79
721,2011,8,Orissa,Nuapada,0.05,0.02,400.0,500.0,444.0,667.0,537.0,-0.19999999999999996,0.1,575.0909090909091,5.47,11.29,13.64,11.53,41.93,48.27
721,2012,8,Orissa,Nuapada,0.08,0.04,500.0,400.0,500.0,444.0,448.0,0.25,0.05,662.0,7.84,18.09,16.33,8.36,50.62,55.64
721,2013,8,Orissa,Nuapada,0.09,0.05,556.0,500.0,400.0,500.0,466.6666666666667,0.1120000000000001,0.08,649.2727272727273,12.14,15.25,10.8,5.67,43.86,51.83
721,2014,8,Orissa,Nuapada,0.11,0.06,545.0,556.0,500.0,400.0,485.3333333333333,-0.01978417266187049,0.09,672.0,3.51,15.89,7.86,10.48,37.74,44.55
721,2015,8,Orissa,Nuapada,0.11,0.05,455.0,545.0,556.0,500.0,533.6666666666666,-0.1651376146788991,0.11,659.2727272727273,11.23,7.11,9.71,10.07,38.120000000000005,41.93
721,2016,8,Orissa,Nuapada,0.09,0.05,556.0,455.0,545.0,556.0,518.6666666666666,0.22197802197802208,0.11,704.1818181818181,6.45,11.95,8.51,11.73,38.64,43.87
721,2017,8,Orissa,Nuapada,0.14,0.09,643.0,556.0,455.0,545.0,518.6666666666666,0.1564748201438848,0.09,695.4545454545455,6.48,14.13,9.55,7.03,37.19,41.47
721,2019,8,Orissa,Nuapada,0.11,0.06,545.0,643.0,556.0,455.0,551.3333333333334,-0.15241057542768277,0.14,676.5,4.01,14.26,15.58,14.6,48.45,54.22
722,1998,8,Orissa,Malkangiri,0.46,0.29,630.0,635.0,660.0,609.0,634.6666666666666,-0.007874015748031482,0.52,615.1,6.9,10.35,8.18,7.73,33.16,50.66
722,1999,8,Orissa,Malkangiri,0.69,0.45,652.0,630.0,635.0,660.0,641.6666666666666,0.03492063492063502,0.46,586.1818181818181,6.64,5.24,17.95,5.7,35.53,41.78
722,2000,8,Orissa,Malkangiri,0.55,0.28,509.0,652.0,630.0,635.0,639.0,-0.21932515337423308,0.69,563.8,10.18,6.09,12.34,4.78,33.39,39.14
722,2001,8,Orissa,Malkangiri,0.47,0.3,638.0,509.0,652.0,630.0,597.0,0.25343811394891946,0.55,549.6363636363636,6.23,8.23,11.85,5.79,32.1,42.18
722,2002,8,Orissa,Malkangiri,0.32,0.18,563.0,638.0,509.0,652.0,599.6666666666666,-0.11755485893416928,0.47,528.6666666666666,6.06,5.57,10.25,2.56,24.44,31.55
722,2003,8,Orissa,Malkangiri,0.33,0.18,545.0,563.0,638.0,509.0,570.0,-0.03197158081705154,0.32,537.6666666666666,2.84,14.96,10.11,5.97,33.88,47.47
722,2004,8,Orissa,Malkangiri,0.2,0.08,400.0,545.0,563.0,638.0,582.0,-0.2660550458715596,0.33,486.46153846153845,8.82,11.66,8.96,9.47,38.91,47.74
722,2005,8,Orissa,Malkangiri,0.21,0.09,429.0,400.0,545.0,563.0,502.6666666666667,0.07250000000000001,0.2,542.5,5.97,9.34,7.14,13.79,36.24,50.45
722,2006,8,Orissa,Malkangiri,0.15,0.07,467.0,429.0,400.0,545.0,458.0,0.08857808857808869,0.21,576.6666666666666,4.66,12.1,12.49,10.96,40.21,53.49
722,2007,8,Orissa,Malkangiri,0.16,0.07,438.0,467.0,429.0,400.0,432.0,-0.062098501070663836,0.15,615.6666666666666,11.53,6.3,10.03,8.66,36.52,43.54
722,2008,8,Orissa,Malkangiri,0.17,0.09,529.0,438.0,467.0,429.0,444.6666666666667,0.2077625570776256,0.16,600.6363636363636,8.58,10.78,9.92,7.95,37.23,46.05
722,2009,8,Orissa,Malkangiri,0.03,0.02,667.0,529.0,438.0,467.0,478.0,0.26086956521739135,0.17,597.9090909090909,3.52,13.02,8.59,4.66,29.79,37.14
722,2010,8,Orissa,Malkangiri,0.04,0.02,500.0,667.0,529.0,438.0,544.6666666666666,-0.2503748125937032,0.03,606.8181818181819,7.48,14.42,14.82,10.23,46.95,65.49
722,2011,8,Orissa,Malkangiri,0.04,0.02,500.0,500.0,667.0,529.0,565.3333333333334,0.0,0.04,575.0909090909091,3.42,8.27,10.78,7.07,29.54,38.12
722,2012,8,Orissa,Malkangiri,0.03,0.02,667.0,500.0,500.0,667.0,555.6666666666666,0.3340000000000001,0.04,662.0,4.82,14.86,14.41,12.19,46.28,56.72
722,2013,8,Orissa,Malkangiri,0.04,0.02,500.0,667.0,500.0,500.0,555.6666666666666,-0.2503748125937032,0.03,649.2727272727273,12.36,9.74,6.52,6.12,34.74,50.01
722,2014,8,Orissa,Malkangiri,0.03,0.02,667.0,500.0,667.0,500.0,555.6666666666666,0.3340000000000001,0.04,672.0,4.42,11.93,9.55,10.82,36.72,46.5
722,2015,8,Orissa,Malkangiri,0.03,0.02,667.0,667.0,500.0,667.0,611.3333333333334,0.0,0.03,659.2727272727273,17.82,5.66,13.48,13.27,50.23,58.38
722,2016,8,Orissa,Malkangiri,0.03,0.02,667.0,667.0,667.0,500.0,611.3333333333334,0.0,0.03,704.1818181818181,12.62,12.5,11.42,10.9,47.44,55.15
722,2017,8,Orissa,Malkangiri,0.03,0.02,667.0,667.0,667.0,667.0,667.0,0.0,0.03,695.4545454545455,10.19,19.88,11.37,5.95,47.39,56.98
722,2019,8,Orissa,Malkangiri,0.06,0.03,500.0,667.0,667.0,667.0,667.0,-0.2503748125937032,0.03,676.5,6.84,15.39,16.44,12.2,50.870000000000005,62.0
724,1998,8,Orissa,Rayagada,0.38,0.19,500.0,463.0,568.0,681.0,570.6666666666666,0.079913606911447,0.54,615.1,6.91,9.22,6.84,7.72,30.69,48.28
724,1999,8,Orissa,Rayagada,0.45,0.25,556.0,500.0,463.0,568.0,510.3333333333333,0.1120000000000001,0.38,586.1818181818181,6.92,4.62,12.6,5.34,29.48,36.52
724,2000,8,Orissa,Rayagada,0.55,0.29,527.0,556.0,500.0,463.0,506.3333333333333,-0.05215827338129497,0.45,563.8,8.21,5.91,8.63,5.16,27.91,34.010000000000005
724,2001,8,Orissa,Rayagada,0.6,0.36,600.0,527.0,556.0,500.0,527.6666666666666,0.13851992409867164,0.55,549.6363636363636,6.77,11.49,9.82,6.07,34.15,44.81
724,2002,8,Orissa,Rayagada,0.66,0.26,394.0,600.0,527.0,556.0,561.0,-0.3433333333333334,0.6,528.6666666666666,5.58,6.86,8.86,3.67,24.97,31.8
724,2003,8,Orissa,Rayagada,0.62,0.37,597.0,394.0,600.0,527.0,507.0,0.515228426395939,0.66,537.6666666666666,4.56,11.81,9.83,6.75,32.95,50.8
724,2004,8,Orissa,Rayagada,0.62,0.37,597.0,597.0,394.0,600.0,530.3333333333334,0.0,0.62,486.46153846153845,6.55,9.86,7.48,6.29,30.18,39.35
724,2005,8,Orissa,Rayagada,0.49,0.29,592.0,597.0,597.0,394.0,529.3333333333334,-0.008375209380234505,0.62,542.5,4.48,8.35,6.08,16.29,35.2,50.78
724,2006,8,Orissa,Rayagada,0.6,0.37,617.0,592.0,597.0,597.0,595.3333333333334,0.042229729729729826,0.49,576.6666666666666,5.65,10.01,14.41,10.47,40.54,50.36
724,2007,8,Orissa,Rayagada,0.61,0.38,623.0,617.0,592.0,597.0,602.0,0.009724473257698651,0.6,615.6666666666666,10.22,5.37,9.13,11.38,36.1,45.190000000000005
724,2008,8,Orissa,Rayagada,0.59,0.36,610.0,623.0,617.0,592.0,610.6666666666666,-0.020866773675762396,0.61,600.6363636363636,7.9,8.96,9.25,11.41,37.52,46.67
724,2009,8,Orissa,Rayagada,0.6,0.42,700.0,610.0,623.0,617.0,616.6666666666666,0.14754098360655732,0.59,597.9090909090909,3.74,11.5,7.76,4.51,27.51,34.37
724,2010,8,Orissa,Rayagada,0.5,0.35,700.0,700.0,610.0,623.0,644.3333333333334,0.0,0.6,606.8181818181819,8.4,9.66,10.65,8.17,36.88,55.79
724,2011,8,Orissa,Rayagada,0.4,0.24,600.0,700.0,700.0,610.0,670.0,-0.1428571428571429,0.5,575.0909090909091,3.18,10.23,9.35,6.21,28.97,37.15
724,2012,8,Orissa,Rayagada,0.34,0.21,618.0,600.0,700.0,700.0,666.6666666666666,0.030000000000000027,0.4,662.0,6.38,15.04,8.98,8.49,38.89,51.64
724,2013,8,Orissa,Rayagada,0.65,0.4,615.0,618.0,600.0,700.0,639.3333333333334,-0.004854368932038833,0.34,649.2727272727273,6.78,7.53,5.61,6.85,26.770000000000003,46.49
724,2014,8,Orissa,Rayagada,0.4,0.25,625.0,615.0,618.0,600.0,611.0,0.016260162601626105,0.65,672.0,3.67,13.19,9.28,9.13,35.27,45.4
724,2015,8,Orissa,Rayagada,0.3,0.19,633.0,625.0,615.0,618.0,619.3333333333334,0.012799999999999923,0.4,659.2727272727273,11.25,5.85,10.83,10.32,38.25,44.92
724,2016,8,Orissa,Rayagada,0.27,0.17,630.0,633.0,625.0,615.0,624.3333333333334,-0.004739336492891044,0.3,704.1818181818181,6.06,8.55,7.52,9.54,31.67,40.82
724,2017,8,Orissa,Rayagada,0.29,0.17,586.0,630.0,633.0,625.0,629.3333333333334,-0.06984126984126982,0.27,695.4545454545455,6.4,14.15,8.65,5.0,34.2,44.91
724,2019,8,Orissa,Rayagada,0.25,0.14,560.0,586.0,630.0,633.0,616.3333333333334,-0.04436860068259385,0.29,676.5,3.5,10.72,12.17,10.54,36.93,48.35
804,1993,13,West Bengal,Murshidabad,0.05,0.03,600.0,1077.0,1091.0,1000.0,1056.0,-0.4428969359331476,0.13,474.25,3.74,3.96,3.38,3.8,14.88,23.16
804,1994,13,West Bengal,Murshidabad,0.03,0.01,333.0,600.0,1077.0,1091.0,922.6666666666666,-0.44499999999999995,0.05,455.25,4.82,3.7,3.04,1.96,13.52,18.26
804,1995,13,West Bengal,Murshidabad,0.03,0.01,333.0,333.0,600.0,1077.0,670.0,0.0,0.03,422.0,3.34,3.57,4.97,6.41,18.29,23.23
804,1996,13,West Bengal,Murshidabad,0.02,0.01,500.0,333.0,333.0,600.0,422.0,0.5015015015015014,0.03,458.3333333333333,4.92,3.23,6.3,1.79,16.24,20.14
805,2003,13,West Bengal,Burdwan,0.1,0.11,1100.0,1100.0,1100.0,1100.0,1100.0,0.0,0.1,676.3333333333334,9.21,6.65,5.09,4.13,25.08,41.39
806,1993,13,West Bengal,Birbhum,0.17,0.11,647.0,588.0,647.0,611.0,615.3333333333334,0.10034013605442182,0.17,474.25,4.6,4.42,4.88,5.58,19.48,27.76
806,1994,13,West Bengal,Birbhum,0.17,0.1,588.0,647.0,588.0,647.0,627.3333333333334,-0.09119010819165374,0.17,455.25,6.0,6.86,4.79,2.5,20.15,26.06
806,1995,13,West Bengal,Birbhum,0.1,0.06,600.0,588.0,647.0,588.0,607.6666666666666,0.020408163265306145,0.17,422.0,3.81,4.16,6.48,7.29,21.74,27.73
806,1996,13,West Bengal,Birbhum,0.04,0.02,500.0,600.0,588.0,647.0,611.6666666666666,-0.16666666666666663,0.1,458.3333333333333,5.53,4.19,7.65,2.09,19.46,23.22
806,1997,13,West Bengal,Birbhum,0.03,0.02,667.0,500.0,600.0,588.0,562.6666666666666,0.3340000000000001,0.04,552.5,6.21,10.92,9.14,5.74,32.01,39.92
806,1998,13,West Bengal,Birbhum,0.03,0.02,667.0,667.0,500.0,600.0,589.0,0.0,0.03,564.5,3.66,10.08,7.46,7.42,28.62,43.56
807,1994,13,West Bengal,Bankura,0.1,0.04,400.0,400.0,500.0,444.0,448.0,0.0,0.05,455.25,8.44,10.61,8.04,3.23,30.32,39.12
807,1995,13,West Bengal,Bankura,0.09,0.03,333.0,400.0,400.0,500.0,433.3333333333333,-0.16749999999999998,0.1,422.0,4.95,6.19,7.41,10.58,29.130000000000003,41.92
807,1996,13,West Bengal,Bankura,0.16,0.06,375.0,333.0,400.0,400.0,377.6666666666667,0.12612612612612617,0.09,458.3333333333333,6.35,5.68,11.31,2.57,25.91,31.64
807,1997,13,West Bengal,Bankura,0.16,0.07,438.0,375.0,333.0,400.0,369.3333333333333,0.16799999999999993,0.16,552.5,6.76,10.7,13.38,5.57,36.41,47.09
807,1998,13,West Bengal,Bankura,0.13,0.06,462.0,438.0,375.0,333.0,382.0,0.0547945205479452,0.16,564.5,3.92,7.7,6.62,7.44,25.680000000000003,43.81
807,1999,13,West Bengal,Bankura,0.09,0.04,444.0,462.0,438.0,375.0,425.0,-0.038961038961038974,0.13,722.0,7.03,9.67,10.3,10.47,37.47,47.99
807,2000,13,West Bengal,Bankura,0.19,0.12,632.0,444.0,462.0,438.0,448.0,0.4234234234234233,0.09,808.0,6.6,8.22,5.99,6.61,27.42,39.79
807,2001,13,West Bengal,Bankura,0.2,0.13,650.0,632.0,444.0,462.0,512.6666666666666,0.028481012658227778,0.19,801.25,10.88,8.46,7.68,6.08,33.1,47.18
807,2002,13,West Bengal,Bankura,0.15,0.11,733.0,650.0,632.0,444.0,575.3333333333334,0.12769230769230777,0.2,722.0,8.02,6.09,9.22,6.94,30.27,40.8
807,2003,13,West Bengal,Bankura,0.08,0.04,500.0,733.0,650.0,632.0,671.6666666666666,-0.3178717598908595,0.15,676.3333333333334,7.74,7.34,5.33,4.99,25.4,41.11
807,2004,13,West Bengal,Bankura,0.02,0.01,500.0,500.0,733.0,650.0,627.6666666666666,0.0,0.08,432.0,8.15,6.52,8.75,8.28,31.700000000000003,41.77
816,2016,13,West Bengal,Cooch Behar,0.11,0.03,254.0,273.0,250.0,273.0,265.3333333333333,-0.06959706959706957,0.11,315.5,20.79,23.3,8.47,13.39,65.95,89.19
817,1993,13,West Bengal,Purulia,0.04,0.01,250.0,500.0,333.0,333.0,388.6666666666667,-0.5,0.02,474.25,7.63,6.07,9.46,10.13,33.29,42.29
817,1994,13,West Bengal,Purulia,0.04,0.02,500.0,250.0,500.0,333.0,361.0,1.0,0.04,455.25,10.46,20.1,10.33,4.54,45.43,53.75
817,2000,13,West Bengal,Purulia,0.02,0.01,500.0,500.0,250.0,500.0,416.6666666666667,0.0,0.04,808.0,6.82,7.42,5.01,7.32,26.57,33.47
817,2001,13,West Bengal,Purulia,0.11,0.05,455.0,500.0,500.0,250.0,416.6666666666667,-0.08999999999999997,0.02,801.25,12.78,12.73,9.1,4.58,39.19,47.95
817,2002,13,West Bengal,Purulia,0.09,0.03,333.0,455.0,500.0,500.0,485.0,-0.2681318681318682,0.11,722.0,9.25,6.18,9.39,9.31,34.13,40.8
817,2003,13,West Bengal,Purulia,0.07,0.03,429.0,333.0,455.0,500.0,429.3333333333333,0.28828828828828823,0.09,676.3333333333334,4.99,9.88,7.88,7.88,30.63,44.72
817,2004,13,West Bengal,Purulia,0.11,0.04,364.0,429.0,333.0,455.0,405.6666666666667,-0.1515151515151515,0.07,432.0,7.47,7.62,14.23,5.2,34.52,42.49
817,2005,13,West Bengal,Purulia,0.05,0.02,400.0,364.0,429.0,333.0,375.3333333333333,0.098901098901099,0.11,400.0,4.85,8.39,5.29,6.03,24.56,34.42
817,2010,13,West Bengal,Purulia,0.06,0.02,333.0,400.0,364.0,429.0,397.6666666666667,-0.16749999999999998,0.05,333.0,2.75,4.79,4.45,8.54,20.53,28.34
817,2011,13,West Bengal,Purulia,0.06,0.02,333.0,333.0,400.0,364.0,365.6666666666667,0.0,0.06,333.0,14.67,7.07,13.96,13.26,48.96,57.96
817,2012,13,West Bengal,Purulia,0.06,0.02,333.0,333.0,333.0,400.0,355.3333333333333,0.0,0.06,333.0,5.19,11.74,10.74,8.61,36.28,45.94
817,2013,13,West Bengal,Purulia,0.03,0.01,333.0,333.0,333.0,333.0,333.0,0.0,0.06,303.0,10.27,9.19,10.07,8.51,38.04,56.64
817,2014,13,West Bengal,Purulia,0.05,0.02,400.0,333.0,333.0,333.0,333.0,0.20120120120120122,0.03,325.0,6.25,9.11,10.1,5.38,30.84,40.5
817,2015,13,West Bengal,Purulia,0.05,0.02,400.0,400.0,333.0,333.0,355.3333333333333,0.0,0.05,336.5,6.21,16.85,6.53,4.51,34.1,42.57
817,2016,13,West Bengal,Purulia,0.05,0.02,377.0,400.0,400.0,333.0,377.6666666666667,-0.057499999999999996,0.05,315.5,5.36,12.42,17.51,13.43,48.720000000000006,55.36
817,2017,13,West Bengal,Purulia,0.03,0.01,400.0,377.0,400.0,400.0,392.3333333333333,0.0610079575596818,0.05,400.0,7.77,23.89,12.87,7.47,52.0,67.6
817,2018,13,West Bengal,Purulia,0.07,0.03,408.0,400.0,377.0,400.0,392.3333333333333,0.020000000000000018,0.03,408.0,6.54,11.67,13.43,6.0,37.64,48.19
817,2019,13,West Bengal,Purulia,0.07,0.03,397.0,408.0,400.0,377.0,395.0,-0.026960784313725505,0.07,397.0,3.96,8.86,11.06,11.18,35.06,51.23
902,1995,2,Bihar,Muzaffarpur,0.03,0.02,667.0,1000.0,667.0,500.0,722.3333333333334,-0.33299999999999996,0.01,623.0,3.46,10.41,8.89,6.33,29.090000000000003,33.46
902,1996,2,Bihar,Muzaffarpur,0.06,0.04,667.0,667.0,1000.0,667.0,778.0,0.0,0.03,619.5833333333334,6.35,8.34,9.55,5.96,30.200000000000003,33.24
902,1997,2,Bihar,Muzaffarpur,0.13,0.08,615.0,667.0,667.0,1000.0,778.0,-0.07796101949025491,0.06,662.2857142857143,2.65,18.44,8.62,3.87,33.58,38.18
902,1998,2,Bihar,Muzaffarpur,0.05,0.03,600.0,615.0,667.0,667.0,649.6666666666666,-0.024390243902439046,0.13,579.8666666666667,2.06,9.02,8.73,7.71,27.520000000000003,32.1
903,1994,2,Bihar,Darbhanga,0.2,0.02,100.0,563.0,526.0,1000.0,696.3333333333334,-0.822380106571936,0.16,615.2307692307693,3.31,5.46,6.53,4.11,19.41,23.0
903,1995,2,Bihar,Darbhanga,0.04,0.02,500.0,100.0,563.0,526.0,396.3333333333333,4.0,0.2,623.0,3.42,9.14,8.79,4.91,26.26,30.89
903,1996,2,Bihar,Darbhanga,0.06,0.03,500.0,500.0,100.0,563.0,387.6666666666667,0.0,0.04,619.5833333333334,5.24,7.27,7.13,4.83,24.47,27.02
903,2002,2,Bihar,Darbhanga,0.05,0.05,1000.0,500.0,500.0,100.0,366.6666666666667,1.0,0.06,983.0,2.97,6.41,6.76,4.17,20.31,27.4
906,1993,2,Bihar,Saran,0.02,0.01,500.0,667.0,500.0,1000.0,722.3333333333334,-0.2503748125937032,0.03,611.0,5.07,4.2,8.23,10.26,27.76,30.73
906,1994,2,Bihar,Saran,0.02,0.01,500.0,500.0,667.0,500.0,555.6666666666666,0.0,0.02,615.2307692307693,3.26,6.76,9.38,5.99,25.39,29.05
906,1996,2,Bihar,Saran,0.03,0.02,667.0,500.0,500.0,667.0,555.6666666666666,0.3340000000000001,0.02,619.5833333333334,6.52,8.39,10.2,6.09,31.2,34.53
906,1997,2,Bihar,Saran,0.02,0.02,1000.0,667.0,500.0,500.0,555.6666666666666,0.4992503748125936,0.03,662.2857142857143,2.7,18.37,8.76,4.21,34.04,38.76
906,1998,2,Bihar,Saran,0.03,0.01,333.0,1000.0,667.0,500.0,722.3333333333334,-0.667,0.02,579.8666666666667,2.06,9.36,9.45,7.88,28.75,33.41
906,1999,2,Bihar,Saran,0.03,0.01,333.0,333.0,1000.0,667.0,666.6666666666666,0.0,0.03,601.4545454545455,4.35,8.59,5.93,3.02,21.89,27.01
906,2000,2,Bihar,Saran,0.03,0.01,333.0,333.0,333.0,1000.0,555.3333333333334,0.0,0.03,748.3636363636364,10.73,6.28,7.57,7.18,31.76,34.89
906,2001,2,Bihar,Saran,0.03,0.02,667.0,333.0,333.0,333.0,333.0,1.0030030030030028,0.03,780.4444444444445,10.01,6.05,6.26,8.06,30.380000000000003,36.67
906,2002,2,Bihar,Saran,0.03,0.02,667.0,667.0,333.0,333.0,444.3333333333333,0.0,0.03,983.0,3.08,7.41,6.21,3.19,19.89,27.83
906,2003,2,Bihar,Saran,0.1,0.1,1000.0,667.0,667.0,333.0,555.6666666666666,0.4992503748125936,0.03,1042.7,8.66,7.98,5.45,4.63,26.72,32.7
906,2004,2,Bihar,Saran,0.01,0.01,1000.0,1000.0,667.0,667.0,778.0,0.0,0.1,1096.2222222222222,7.03,8.38,8.1,2.31,25.82,30.56
906,2005,2,Bihar,Saran,0.05,0.06,1200.0,1000.0,1000.0,667.0,889.0,0.19999999999999996,0.01,1086.3636363636363,2.21,12.29,7.49,2.47,24.46,29.68
906,2006,2,Bihar,Saran,0.04,0.04,1000.0,1200.0,1000.0,1000.0,1066.6666666666667,-0.16666666666666663,0.05,1035.3333333333333,6.23,11.39,7.55,7.3,32.47,35.660000000000004
906,2007,2,Bihar,Saran,6.04,6.71,1111.0,1000.0,1200.0,1000.0,1066.6666666666667,0.11099999999999999,0.04,1052.2727272727273,4.35,17.32,9.65,10.68,42.0,48.79
906,2009,2,Bihar,Saran,0.01,0.01,1000.0,1111.0,1000.0,1200.0,1103.6666666666667,-0.09990999099909992,6.04,1040.75,3.05,6.46,10.2,3.56,23.27,27.38
907,2006,2,Bihar,Patna,0.27,0.28,1037.0,1029.0,1065.0,1032.0,1042.0,0.007774538386783325,0.35,1035.3333333333333,6.99,10.83,7.04,6.9,31.76,34.230000000000004
907,2007,2,Bihar,Patna,0.22,0.25,1136.0,1037.0,1029.0,1065.0,1043.6666666666667,0.09546769527483123,0.27,1052.2727272727273,3.39,16.16,8.95,9.95,38.45,44.96
907,2017,2,Bihar,Patna,0.01,0.02,1143.0,1136.0,1037.0,1029.0,1067.3333333333333,0.0061619718309859906,0.22,1129.4,2.34,10.86,9.04,2.62,24.86,27.41
909,2002,2,Bihar,Bhagalpur,0.01,0.01,1000.0,800.0,600.0,500.0,633.3333333333334,0.25,0.1,983.0,3.52,6.06,8.58,6.51,24.67,30.96
909,2005,2,Bihar,Bhagalpur,0.01,0.01,1000.0,1000.0,800.0,600.0,800.0,0.0,0.01,1086.3636363636363,2.54,11.77,11.14,3.56,29.01,35.6
909,2007,2,Bihar,Bhagalpur,0.01,0.01,1000.0,1000.0,1000.0,800.0,933.3333333333334,0.0,0.01,1052.2727272727273,4.19,12.62,6.28,8.99,32.08,39.96
909,2010,2,Bihar,Bhagalpur,0.01,0.01,1000.0,1000.0,1000.0,1000.0,1000.0,0.0,0.01,1233.0,4.85,8.55,6.7,5.34,25.44,30.43
909,2011,2,Bihar,Bhagalpur,0.01,0.01,1000.0,1000.0,1000.0,1000.0,1000.0,0.0,0.01,1056.1666666666667,10.76,7.65,10.21,6.33,34.95,42.25
909,2012,2,Bihar,Bhagalpur,0.01,0.01,1000.0,1000.0,1000.0,1000.0,1000.0,0.0,0.01,1089.142857142857,2.3,11.25,4.64,4.34,22.53,26.25
909,2013,2,Bihar,Bhagalpur,0.01,0.01,1000.0,1000.0,1000.0,1000.0,1000.0,0.0,0.01,1139.3333333333333,4.33,6.52,4.36,2.75,17.96,30.94
909,2014,2,Bihar,Bhagalpur,0.01,0.01,1000.0,1000.0,1000.0,1000.0,1000.0,0.0,0.01,1234.1666666666667,4.88,10.65,5.75,4.66,25.94,31.67
909,2015,2,Bihar,Bhagalpur,0.01,0.01,1000.0,1000.0,1000.0,1000.0,1000.0,0.0,0.01,1095.75,5.11,7.46,8.48,6.21,27.26,34.46
909,2017,2,Bihar,Bhagalpur,0.01,0.01,1100.0,1000.0,1000.0,1000.0,1000.0,0.10000000000000009,0.01,1129.4,3.37,12.27,11.59,4.9,32.13,44.53
909,2018,2,Bihar,Bhagalpur,0.01,0.01,1091.0,1100.0,1000.0,1000.0,1033.3333333333333,-0.008181818181818179,0.01,1125.4,4.57,8.24,7.57,4.2,24.58,32.94
909,2019,2,Bihar,Bhagalpur,0.01,0.02,1143.0,1091.0,1100.0,1000.0,1063.6666666666667,0.04766269477543528,0.01,1134.0,4.77,14.33,4.75,13.48,37.33,44.2
912,2003,2,Bihar,Gaya,0.06,0.06,1000.0,600.0,833.0,600.0,677.6666666666666,0.6666666666666667,0.05,1042.7,5.56,9.81,7.68,5.03,28.08,36.05
912,2005,2,Bihar,Gaya,0.01,0.01,1000.0,1000.0,600.0,833.0,811.0,0.0,0.06,1086.3636363636363,2.54,9.25,5.94,3.65,21.38,24.98
912,2006,2,Bihar,Gaya,0.03,0.03,1000.0,1000.0,1000.0,600.0,866.6666666666666,0.0,0.01,1035.3333333333333,9.24,10.66,6.67,6.71,33.28,35.75
912,2007,2,Bihar,Gaya,0.01,0.01,1000.0,1000.0,1000.0,1000.0,1000.0,0.0,0.03,1052.2727272727273,2.77,13.97,8.8,8.99,34.53,41.17
912,2012,2,Bihar,Gaya,0.02,0.02,1000.0,1000.0,1000.0,1000.0,1000.0,0.0,0.01,1089.142857142857,3.31,9.7,11.5,5.93,30.44,34.56
912,2014,2,Bihar,Gaya,0.01,0.02,2000.0,1000.0,1000.0,1000.0,1000.0,1.0,0.02,1234.1666666666667,2.66,7.95,11.14,6.64,28.39,36.01
913,1993,15,Jharkhand,Hazaribagh,0.41,0.24,585.0,524.0,520.0,546.0,530.0,0.11641221374045796,0.42,624.5333333333333,6.15,6.08,7.04,11.55,30.82,37.13
913,1994,15,Jharkhand,Hazaribagh,0.38,0.23,605.0,585.0,524.0,520.0,543.0,0.03418803418803429,0.41,617.6153846153846,7.02,14.22,14.13,4.73,40.10000000000001,48.99
913,2019,15,Jharkhand,Hazaribagh,0.01,0.01,538.0,605.0,585.0,524.0,571.3333333333334,-0.11074380165289255,0.38,620.1111111111111,3.39,8.35,9.73,10.26,31.73,40.68
914,1993,15,Jharkhand,Dhanbad,0.25,0.14,560.0,538.0,500.0,500.0,512.6666666666666,0.040892193308550207,0.13,624.5333333333333,6.33,5.64,7.82,10.65,30.44,37.07
914,1994,15,Jharkhand,Dhanbad,0.15,0.09,600.0,560.0,538.0,500.0,532.6666666666666,0.0714285714285714,0.25,617.6153846153846,7.57,15.07,12.08,4.44,39.16,47.25
914,2017,15,Jharkhand,Dhanbad,0.01,0.01,571.0,600.0,560.0,538.0,566.0,-0.04833333333333334,0.15,594.25,6.41,20.28,10.44,6.07,43.2,54.8
915,1993,15,Jharkhand,Palamau,0.1,0.06,600.0,400.0,421.0,419.0,413.3333333333333,0.5,0.05,624.5333333333333,5.7,6.67,6.82,11.97,31.160000000000004,37.09
915,1994,15,Jharkhand,Palamau,0.27,0.16,593.0,600.0,400.0,421.0,473.6666666666667,-0.011666666666666714,0.1,617.6153846153846,6.59,13.25,15.09,4.92,39.85,48.62
916,1993,15,Jharkhand,Ranchi,0.51,0.29,569.0,526.0,308.0,421.0,418.3333333333333,0.08174904942965777,0.19,624.5333333333333,7.79,5.97,7.37,11.39,32.52,39.92
916,1994,15,Jharkhand,Ranchi,0.2,0.12,600.0,569.0,526.0,308.0,467.6666666666667,0.054481546572934914,0.51,617.6153846153846,8.88,18.93,13.57,5.18,46.56,55.71
919,2009,2,Bihar,Nawada,0.03,0.03,1000.0,1200.0,1000.0,1000.0,1066.6666666666667,-0.16666666666666663,0.05,1040.75,2.45,6.43,7.45,6.14,22.47,26.97
919,2013,2,Bihar,Nawada,0.16,0.18,1125.0,1000.0,1200.0,1000.0,1066.6666666666667,0.125,0.03,1139.3333333333333,3.65,3.36,5.21,6.75,18.97,30.49
921,1993,2,Bihar,Bhojpur,1.15,0.67,583.0,500.0,413.0,494.0,469.0,0.16599999999999993,0.24,611.0,4.4,4.75,8.62,11.21,28.98,32.24
921,1994,2,Bihar,Bhojpur,0.62,0.37,597.0,583.0,500.0,413.0,498.6666666666667,0.02401372212692965,1.15,615.2307692307693,3.22,6.58,11.38,5.39,26.57,31.39
921,1995,2,Bihar,Bhojpur,0.68,0.38,559.0,597.0,583.0,500.0,560.0,-0.06365159128978226,0.62,623.0,3.28,8.53,7.99,8.59,28.39,33.13
921,1996,2,Bihar,Bhojpur,0.61,0.35,574.0,559.0,597.0,583.0,579.6666666666666,0.02683363148479434,0.68,619.5833333333334,6.59,7.4,10.21,5.58,29.78,33.01
921,1997,2,Bihar,Bhojpur,0.83,0.51,614.0,574.0,559.0,597.0,576.6666666666666,0.06968641114982588,0.61,662.2857142857143,3.6,18.56,9.03,4.43,35.62,40.49
921,1998,2,Bihar,Bhojpur,1.0,0.59,590.0,614.0,574.0,559.0,582.3333333333334,-0.039087947882736174,0.83,579.8666666666667,2.4,8.7,9.72,7.88,28.7,33.64
921,1999,2,Bihar,Bhojpur,0.26,0.16,615.0,590.0,614.0,574.0,592.6666666666666,0.04237288135593231,1.0,601.4545454545455,3.99,9.93,6.42,3.0,23.34,28.7
921,2000,2,Bihar,Bhojpur,0.3,0.26,867.0,615.0,590.0,614.0,606.3333333333334,0.40975609756097553,0.26,748.3636363636364,9.03,6.88,6.6,7.69,30.2,32.9
921,2001,2,Bihar,Bhojpur,0.15,0.11,733.0,867.0,615.0,590.0,690.6666666666666,-0.15455594002306805,0.3,780.4444444444445,9.57,6.61,5.85,6.72,28.75,35.12
921,2002,2,Bihar,Bhojpur,0.15,0.15,1000.0,733.0,867.0,615.0,738.3333333333334,0.36425648021828105,0.15,983.0,2.84,7.26,7.51,3.41,21.02,28.58
921,2003,2,Bihar,Bhojpur,0.47,0.46,979.0,1000.0,733.0,867.0,866.6666666666666,-0.02100000000000002,0.15,1042.7,7.19,8.39,6.23,4.78,26.590000000000003,32.96
921,2004,2,Bihar,Bhojpur,0.13,0.13,1000.0,979.0,1000.0,733.0,904.0,0.021450459652706755,0.47,1096.2222222222222,7.45,6.66,7.27,2.38,23.76,27.13
921,2005,2,Bihar,Bhojpur,1.18,1.16,983.0,1000.0,979.0,1000.0,993.0,-0.017000000000000015,0.13,1086.3636363636363,2.01,10.52,6.46,2.83,21.82,25.86
921,2006,2,Bihar,Bhojpur,0.59,0.58,983.0,983.0,1000.0,979.0,987.3333333333334,0.0,1.18,1035.3333333333333,6.83,10.65,7.0,6.42,30.9,33.43
921,2007,2,Bihar,Bhojpur,0.85,0.95,1118.0,983.0,983.0,1000.0,988.6666666666666,0.1373346897253307,0.59,1052.2727272727273,3.26,15.25,8.85,9.6,36.96,43.33
921,2008,2,Bihar,Bhojpur,1.18,1.42,1203.0,1118.0,983.0,983.0,1028.0,0.07602862254025045,0.85,1099.6666666666667,15.0,12.68,12.57,5.25,45.5,50.09
921,2009,2,Bihar,Bhojpur,1.18,1.31,1110.0,1203.0,1118.0,983.0,1101.3333333333333,-0.07730673316708225,1.18,1040.75,2.44,5.75,8.06,4.65,20.9,24.59
921,2010,2,Bihar,Bhojpur,1.34,1.5,1119.0,1110.0,1203.0,1118.0,1143.6666666666667,0.008108108108108025,1.18,1233.0,1.88,7.58,7.09,3.95,20.5,25.2
921,2011,2,Bihar,Bhojpur,1.32,1.48,1121.0,1119.0,1110.0,1203.0,1144.0,0.0017873100983021306,1.34,1056.1666666666667,9.77,4.05,7.65,9.05,30.52,33.87
921,2012,2,Bihar,Bhojpur,0.88,1.0,1136.0,1121.0,1119.0,1110.0,1116.6666666666667,0.01338090990187335,1.32,1089.142857142857,2.16,10.68,9.32,6.82,28.98,32.05
921,2013,2,Bihar,Bhojpur,0.44,0.5,1136.0,1136.0,1121.0,1119.0,1125.3333333333333,0.0,0.88,1139.3333333333333,4.24,3.0,5.55,7.56,20.35,31.12
921,2014,2,Bihar,Bhojpur,0.25,0.29,1160.0,1136.0,1136.0,1121.0,1131.0,0.021126760563380254,0.44,1234.1666666666667,2.82,7.25,11.22,7.41,28.7,35.83
921,2015,2,Bihar,Bhojpur,1.17,1.32,1128.0,1160.0,1136.0,1136.0,1144.0,-0.02758620689655178,0.25,1095.75,4.04,11.82,8.06,1.88,25.8,29.23
921,2016,2,Bihar,Bhojpur,0.93,1.05,1135.0,1128.0,1160.0,1136.0,1141.3333333333333,0.00620567375886516,1.17,1126.5,1.55,10.58,5.07,9.94,27.14,31.68
921,2017,2,Bihar,Bhojpur,0.98,1.11,1134.0,1135.0,1128.0,1160.0,1141.0,-0.0008810572687224516,0.93,1129.4,1.85,10.82,8.09,1.97,22.73,24.56
921,2018,2,Bihar,Bhojpur,0.29,0.33,1134.0,1134.0,1135.0,1128.0,1132.3333333333333,0.0,0.98,1125.4,2.11,6.63,6.85,3.33,18.92,21.51
921,2019,2,Bihar,Bhojpur,0.34,0.39,1134.0,1134.0,1134.0,1135.0,1134.3333333333333,0.0,0.29,1134.0,1.82,9.79,4.55,9.81,25.97,28.79
922,1997,2,Bihar,Rohtas,0.02,0.01,500.0,1000.0,409.0,500.0,636.3333333333334,-0.5,0.01,662.2857142857143,4.68,16.52,8.89,4.97,35.06,40.24
922,1998,2,Bihar,Rohtas,0.04,0.02,500.0,500.0,1000.0,409.0,636.3333333333334,0.0,0.02,579.8666666666667,2.82,8.15,10.69,7.13,28.79,33.58
922,1999,2,Bihar,Rohtas,0.05,0.03,600.0,500.0,500.0,1000.0,666.6666666666666,0.19999999999999996,0.04,601.4545454545455,3.9,10.64,7.12,3.01,24.67,29.7
922,2000,2,Bihar,Rohtas,0.05,0.04,800.0,600.0,500.0,500.0,533.3333333333334,0.33333333333333326,0.05,748.3636363636364,6.17,7.68,5.8,8.43,28.08,29.99
922,2001,2,Bihar,Rohtas,0.01,0.01,1000.0,800.0,600.0,500.0,633.3333333333334,0.25,0.05,780.4444444444445,6.89,8.35,5.46,4.37,25.07,30.55
922,2002,2,Bihar,Rohtas,0.01,0.01,1000.0,1000.0,800.0,600.0,800.0,0.0,0.01,983.0,2.89,6.14,8.83,4.4,22.26,28.16
922,2003,2,Bihar,Rohtas,0.03,0.03,1000.0,1000.0,1000.0,800.0,933.3333333333334,0.0,0.01,1042.7,4.25,8.32,6.53,4.99,24.090000000000003,29.87
922,2004,2,Bihar,Rohtas,0.02,0.03,1500.0,1000.0,1000.0,1000.0,1000.0,0.5,0.03,1096.2222222222222,7.4,5.27,6.02,2.52,21.21,24.0
922,2005,2,Bihar,Rohtas,0.02,0.03,1500.0,1500.0,1000.0,1000.0,1166.6666666666667,0.0,0.02,1086.3636363636363,2.35,7.85,6.6,3.42,20.22,23.35
922,2008,2,Bihar,Rohtas,0.01,0.01,1000.0,1500.0,1500.0,1000.0,1333.3333333333333,-0.33333333333333337,0.02,1099.6666666666667,12.26,10.65,9.71,2.74,35.36000000000001,38.36
922,2009,2,Bihar,Rohtas,0.01,0.01,1000.0,1000.0,1500.0,1500.0,1333.3333333333333,0.0,0.01,1040.75,1.46,6.17,5.17,5.99,18.79,21.7
922,2010,2,Bihar,Rohtas,0.01,0.01,1000.0,1000.0,1000.0,1500.0,1166.6666666666667,0.0,0.01,1233.0,1.6,6.84,6.19,4.15,18.78,22.42
923,1994,2,Bihar,Siwan,0.06,0.03,500.0,1000.0,1000.0,375.0,791.6666666666666,-0.5,0.01,615.2307692307693,3.19,6.81,9.33,6.06,25.39,29.04
923,1995,2,Bihar,Siwan,0.06,0.04,667.0,500.0,1000.0,1000.0,833.3333333333334,0.3340000000000001,0.06,623.0,3.27,9.57,8.71,6.74,28.29,32.52
923,1996,2,Bihar,Siwan,0.13,0.07,538.0,667.0,500.0,1000.0,722.3333333333334,-0.1934032983508246,0.06,619.5833333333334,6.4,8.0,10.61,5.78,30.79,34.51
923,1997,2,Bihar,Siwan,0.1,0.06,600.0,538.0,667.0,500.0,568.3333333333334,0.11524163568773238,0.13,662.2857142857143,2.8,17.12,8.42,4.57,32.910000000000004,37.61
923,1998,2,Bihar,Siwan,0.16,0.04,250.0,600.0,538.0,667.0,601.6666666666666,-0.5833333333333333,0.1,579.8666666666667,1.94,9.85,10.29,7.38,29.46,34.1
923,1999,2,Bihar,Siwan,0.05,0.03,600.0,250.0,600.0,538.0,462.6666666666667,1.4,0.16,601.4545454545455,4.26,8.38,6.0,2.91,21.55,26.65
923,2000,2,Bihar,Siwan,0.01,0.01,1000.0,600.0,250.0,600.0,483.3333333333333,0.6666666666666667,0.05,748.3636363636364,10.22,6.55,7.73,7.3,31.8,34.71
923,2001,2,Bihar,Siwan,0.02,0.01,500.0,1000.0,600.0,250.0,616.6666666666666,-0.5,0.01,780.4444444444445,9.22,6.3,6.33,7.75,29.6,35.83
923,2002,2,Bihar,Siwan,0.02,0.02,1000.0,500.0,1000.0,600.0,700.0,1.0,0.02,983.0,3.04,7.01,6.12,3.37,19.540000000000003,27.02
923,2003,2,Bihar,Siwan,0.02,0.02,1000.0,1000.0,500.0,1000.0,833.3333333333334,0.0,0.02,1042.7,7.92,7.78,5.3,4.57,25.57,31.03
923,2004,2,Bihar,Siwan,0.06,0.07,1167.0,1000.0,1000.0,500.0,833.3333333333334,0.16700000000000004,0.02,1096.2222222222222,6.99,7.96,7.68,2.15,24.78,29.21
923,2005,2,Bihar,Siwan,0.03,0.03,1000.0,1167.0,1000.0,1000.0,1055.6666666666667,-0.14310197086546705,0.06,1086.3636363636363,2.17,11.84,7.56,2.53,24.1,29.36
923,2006,2,Bihar,Siwan,0.03,0.03,1000.0,1000.0,1167.0,1000.0,1055.6666666666667,0.0,0.03,1035.3333333333333,6.26,11.07,7.37,6.69,31.39,34.61
923,2007,2,Bihar,Siwan,0.02,0.02,1000.0,1000.0,1000.0,1167.0,1055.6666666666667,0.0,0.03,1052.2727272727273,4.01,16.18,9.69,10.31,40.19,46.82
923,2008,2,Bihar,Siwan,0.02,0.02,1000.0,1000.0,1000.0,1000.0,1000.0,0.0,0.02,1099.6666666666667,15.96,14.99,13.79,6.61,51.35,56.38
923,2009,2,Bihar,Siwan,0.02,0.02,1000.0,1000.0,1000.0,1000.0,1000.0,0.0,0.02,1040.75,2.77,6.87,9.59,3.66,22.89,26.86
923,2010,2,Bihar,Siwan,0.07,0.08,1143.0,1000.0,1000.0,1000.0,1000.0,0.14300000000000002,0.02,1233.0,2.09,8.49,8.11,4.97,23.66,28.53
923,2011,2,Bihar,Siwan,0.11,0.12,1091.0,1143.0,1000.0,1000.0,1047.6666666666667,-0.045494313210848625,0.07,1056.1666666666667,9.65,5.12,7.84,8.86,31.47,35.52
923,2012,2,Bihar,Siwan,0.1,0.11,1100.0,1091.0,1143.0,1000.0,1078.0,0.008249312557286892,0.11,1089.142857142857,1.65,11.63,8.08,8.38,29.74,32.34
923,2013,2,Bihar,Siwan,0.1,0.11,1100.0,1100.0,1091.0,1143.0,1111.3333333333333,0.0,0.1,1139.3333333333333,6.08,3.74,6.45,8.04,24.31,35.29
923,2014,2,Bihar,Siwan,0.09,0.1,1111.0,1100.0,1100.0,1091.0,1097.0,0.010000000000000009,0.1,1234.1666666666667,3.86,7.11,11.29,7.95,30.21,37.19
923,2015,2,Bihar,Siwan,0.08,0.09,1125.0,1111.0,1100.0,1100.0,1103.6666666666667,0.012601260126012592,0.09,1095.75,3.74,10.1,8.85,1.98,24.67,28.4
923,2016,2,Bihar,Siwan,0.08,0.09,1136.0,1125.0,1111.0,1100.0,1112.0,0.009777777777777885,0.08,1126.5,1.64,9.17,3.91,7.96,22.68,26.99
923,2017,2,Bihar,Siwan,0.08,0.09,1136.0,1136.0,1125.0,1111.0,1124.0,0.0,0.08,1129.4,2.22,10.35,9.21,2.01,23.79,26.06
923,2018,2,Bihar,Siwan,0.08,0.09,1138.0,1136.0,1136.0,1125.0,1132.3333333333333,0.0017605633802817433,0.08,1125.4,2.28,6.66,6.15,3.43,18.52,21.51
923,2019,2,Bihar,Siwan,0.08,0.09,1125.0,1138.0,1136.0,1136.0,1136.6666666666667,-0.011423550087873435,0.08,1134.0,1.94,11.63,3.65,9.55,26.77,29.860000000000003
924,1993,2,Bihar,Gopalganj,0.02,0.01,500.0,583.0,375.0,500.0,486.0,-0.14236706689536882,0.12,611.0,4.75,4.36,6.88,7.45,23.44,26.44
924,1994,2,Bihar,Gopalganj,0.03,0.02,667.0,500.0,583.0,375.0,486.0,0.3340000000000001,0.02,615.2307692307693,3.33,6.71,6.74,6.19,22.97,25.81
924,1995,2,Bihar,Gopalganj,0.06,0.04,667.0,667.0,500.0,583.0,583.3333333333334,0.0,0.03,623.0,3.82,9.14,8.9,5.08,26.94,30.65
924,1997,2,Bihar,Gopalganj,0.02,0.01,500.0,667.0,667.0,500.0,611.3333333333334,-0.2503748125937032,0.06,662.2857142857143,2.66,13.67,7.2,4.15,27.68,31.97
924,2000,2,Bihar,Gopalganj,0.03,0.01,333.0,500.0,667.0,667.0,611.3333333333334,-0.33399999999999996,0.02,748.3636363636364,9.72,6.67,8.37,6.88,31.64,34.42
924,2003,2,Bihar,Gopalganj,0.08,0.08,1000.0,333.0,500.0,667.0,500.0,2.003003003003003,0.03,1042.7,6.84,7.42,4.47,3.99,22.72,27.43
924,2004,2,Bihar,Gopalganj,0.1,0.11,1100.0,1000.0,333.0,500.0,611.0,0.10000000000000009,0.08,1096.2222222222222,7.16,10.16,7.55,2.98,27.85,34.53
924,2006,2,Bihar,Gopalganj,0.03,0.03,1000.0,1100.0,1000.0,333.0,811.0,-0.09090909090909094,0.1,1035.3333333333333,7.39,11.45,7.27,7.05,33.16,37.92
924,2007,2,Bihar,Gopalganj,0.1,0.11,1100.0,1000.0,1100.0,1000.0,1033.3333333333333,0.10000000000000009,0.03,1052.2727272727273,5.07,15.21,10.74,10.19,41.21,48.71
924,2008,2,Bihar,Gopalganj,0.09,0.11,1222.0,1100.0,1000.0,1100.0,1066.6666666666667,0.11090909090909085,0.1,1099.6666666666667,16.01,16.57,13.83,7.35,53.76,59.59
924,2009,2,Bihar,Gopalganj,0.1,0.11,1100.0,1222.0,1100.0,1000.0,1107.3333333333333,-0.09983633387888702,0.09,1040.75,3.19,9.09,10.81,3.34,26.43,31.23
924,2010,2,Bihar,Gopalganj,0.01,0.02,2000.0,1100.0,1222.0,1100.0,1140.6666666666667,0.8181818181818181,0.1,1233.0,2.88,9.58,9.5,6.58,28.54,33.37
924,2011,2,Bihar,Gopalganj,0.01,0.01,1000.0,2000.0,1100.0,1222.0,1440.6666666666667,-0.5,0.01,1056.1666666666667,9.43,7.29,9.3,8.18,34.2,39.35
924,2012,2,Bihar,Gopalganj,0.04,0.05,1250.0,1000.0,2000.0,1100.0,1366.6666666666667,0.25,0.01,1089.142857142857,1.77,12.39,7.43,10.15,31.74,34.28
925,2002,2,Bihar,Champaran(East),0.07,0.07,1000.0,600.0,600.0,500.0,566.6666666666666,0.6666666666666667,0.05,983.0,3.28,6.69,4.9,3.1,17.970000000000002,25.4
926,1993,2,Bihar,Champaran(West),0.12,0.07,583.0,444.0,429.0,500.0,457.6666666666667,0.3130630630630631,0.09,611.0,4.33,4.98,4.92,5.14,19.37,22.87
926,1994,2,Bihar,Champaran(West),0.09,0.06,667.0,583.0,444.0,429.0,485.3333333333333,0.1440823327615781,0.12,615.2307692307693,3.38,6.35,4.33,5.84,19.9,22.08
926,1995,2,Bihar,Champaran(West),0.02,0.01,500.0,667.0,583.0,444.0,564.6666666666666,-0.2503748125937032,0.09,623.0,4.57,7.68,8.53,3.53,24.31,27.54
926,1996,2,Bihar,Champaran(West),0.02,0.01,500.0,500.0,667.0,583.0,583.3333333333334,0.0,0.02,619.5833333333334,4.84,6.15,9.74,3.42,24.15,29.01
926,1999,2,Bihar,Champaran(West),0.06,0.04,667.0,500.0,500.0,667.0,555.6666666666666,0.3340000000000001,0.02,601.4545454545455,4.3,4.62,5.3,2.16,16.38,20.59
926,2000,2,Bihar,Champaran(West),0.14,0.09,643.0,667.0,500.0,500.0,555.6666666666666,-0.0359820089955023,0.06,748.3636363636364,8.18,6.56,8.06,6.13,28.93,31.53
926,2001,2,Bihar,Champaran(West),0.07,0.05,714.0,643.0,667.0,500.0,603.3333333333334,0.11041990668740276,0.14,780.4444444444445,5.05,6.19,6.63,6.75,24.62,29.28
926,2002,2,Bihar,Champaran(West),0.04,0.04,1000.0,714.0,643.0,667.0,674.6666666666666,0.40056022408963576,0.07,983.0,3.14,5.32,3.06,3.07,14.590000000000002,20.55
926,2003,2,Bihar,Champaran(West),0.04,0.05,1250.0,1000.0,714.0,643.0,785.6666666666666,0.25,0.04,1042.7,5.01,6.78,3.7,3.11,18.6,22.75
926,2004,2,Bihar,Champaran(West),0.05,0.05,1000.0,1250.0,1000.0,714.0,988.0,-0.19999999999999996,0.04,1096.2222222222222,7.5,12.34,6.99,4.35,31.18,40.87
926,2005,2,Bihar,Champaran(West),0.14,0.15,1071.0,1000.0,1250.0,1000.0,1083.3333333333333,0.07099999999999995,0.05,1086.3636363636363,4.56,12.77,9.92,3.07,30.32,39.58
926,2006,2,Bihar,Champaran(West),0.05,0.06,1200.0,1071.0,1000.0,1250.0,1107.0,0.1204481792717087,0.14,1035.3333333333333,8.83,11.62,6.94,7.29,34.68,41.51
926,2007,2,Bihar,Champaran(West),0.05,0.05,1000.0,1200.0,1071.0,1000.0,1090.3333333333333,-0.16666666666666663,0.05,1052.2727272727273,6.26,13.63,11.1,9.39,40.38,49.11
926,2008,2,Bihar,Champaran(West),0.05,0.05,1000.0,1000.0,1200.0,1071.0,1090.3333333333333,0.0,0.05,1099.6666666666667,15.14,16.71,13.13,7.81,52.790000000000006,59.49
926,2009,2,Bihar,Champaran(West),0.05,0.05,1000.0,1000.0,1000.0,1200.0,1066.6666666666667,0.0,0.05,1040.75,3.72,10.42,11.65,3.1,28.89,34.99
926,2011,2,Bihar,Champaran(West),0.06,0.06,1000.0,1000.0,1000.0,1000.0,1000.0,0.0,0.05,1056.1666666666667,8.63,9.79,10.7,7.09,36.21,42.62
926,2012,2,Bihar,Champaran(West),0.02,0.02,1000.0,1000.0,1000.0,1000.0,1000.0,0.0,0.06,1089.142857142857,2.14,12.78,7.43,11.74,34.09,36.94
926,2013,2,Bihar,Champaran(West),0.03,0.04,1333.0,1000.0,1000.0,1000.0,1000.0,0.33299999999999996,0.02,1139.3333333333333,12.02,7.31,10.86,7.4,37.59,50.08
927,2006,2,Bihar,Vaishali,0.01,0.01,1000.0,500.0,500.0,500.0,500.0,1.0,0.02,1035.3333333333333,7.23,10.89,6.9,7.61,32.63,35.28
927,2007,2,Bihar,Vaishali,0.01,0.01,1000.0,1000.0,500.0,500.0,666.6666666666666,0.0,0.01,1052.2727272727273,3.49,15.97,8.64,9.93,38.03,44.53
927,2008,2,Bihar,Vaishali,0.01,0.01,1000.0,1000.0,1000.0,500.0,833.3333333333334,0.0,0.01,1099.6666666666667,15.16,11.98,12.31,5.74,45.190000000000005,50.14
928,1999,2,Bihar,Sitamarhi,0.02,0.01,500.0,1000.0,1000.0,500.0,833.3333333333334,-0.5,0.01,601.4545454545455,4.25,6.26,5.32,2.72,18.55,23.14
928,2008,2,Bihar,Sitamarhi,0.35,0.37,1057.0,500.0,1000.0,1000.0,833.3333333333334,1.1139999999999999,0.02,1099.6666666666667,15.8,14.76,13.22,7.46,51.24,58.0
928,2010,2,Bihar,Sitamarhi,0.04,0.05,1250.0,1057.0,500.0,1000.0,852.3333333333334,0.18259224219489112,0.35,1233.0,3.07,8.71,9.44,5.75,26.97,32.43
929,1993,2,Bihar,Madhubani,0.03,0.02,667.0,571.0,1000.0,556.0,709.0,0.1681260945709282,0.07,611.0,4.11,3.34,4.88,6.62,18.95,22.88
929,1994,2,Bihar,Madhubani,0.03,0.03,1000.0,667.0,571.0,1000.0,746.0,0.4992503748125936,0.03,615.2307692307693,3.65,4.57,4.17,3.27,15.66,18.6
929,1995,2,Bihar,Madhubani,0.13,0.07,538.0,1000.0,667.0,571.0,746.0,-0.46199999999999997,0.03,623.0,3.25,8.9,7.91,3.28,23.340000000000003,27.78
929,1997,2,Bihar,Madhubani,0.01,0.01,1000.0,538.0,1000.0,667.0,735.0,0.8587360594795539,0.13,662.2857142857143,2.34,12.43,5.59,1.97,22.33,26.2
929,1998,2,Bihar,Madhubani,0.21,0.15,714.0,1000.0,538.0,1000.0,846.0,-0.28600000000000003,0.01,579.8666666666667,1.52,7.19,5.84,4.88,19.43,23.74
929,2000,2,Bihar,Madhubani,0.07,0.05,714.0,714.0,1000.0,538.0,750.6666666666666,0.0,0.21,748.3636363636364,7.39,4.4,5.76,5.41,22.96,26.38
929,2001,2,Bihar,Madhubani,0.02,0.02,1000.0,714.0,714.0,1000.0,809.3333333333334,0.40056022408963576,0.07,780.4444444444445,6.06,4.89,4.28,5.97,21.2,25.73
932,1994,2,Bihar,Katihar,0.04,0.03,750.0,400.0,500.0,500.0,466.6666666666667,0.875,0.05,615.2307692307693,3.5,2.83,3.63,2.31,12.27,15.59
932,1995,2,Bihar,Katihar,0.03,0.02,667.0,750.0,400.0,500.0,550.0,-0.11066666666666669,0.04,623.0,3.23,5.21,7.07,3.4,18.91,22.99
932,1996,2,Bihar,Katihar,0.02,0.01,500.0,667.0,750.0,400.0,605.6666666666666,-0.2503748125937032,0.03,619.5833333333334,3.26,6.15,4.74,2.56,16.71,20.25
932,1997,2,Bihar,Katihar,0.04,0.02,500.0,500.0,667.0,750.0,639.0,0.0,0.02,662.2857142857143,3.81,9.3,5.95,5.87,24.930000000000003,30.23
932,1998,2,Bihar,Katihar,0.05,0.03,600.0,500.0,500.0,667.0,555.6666666666666,0.19999999999999996,0.04,579.8666666666667,3.86,11.96,8.37,5.84,30.03,40.7
932,1999,2,Bihar,Katihar,0.01,0.01,1000.0,600.0,500.0,500.0,533.3333333333334,0.6666666666666667,0.05,601.4545454545455,3.8,6.93,11.88,4.28,26.89,36.18
932,2018,2,Bihar,Katihar,0.08,0.09,1130.0,1000.0,600.0,500.0,700.0,0.1299999999999999,0.01,1125.4,4.51,8.19,7.22,4.34,24.26,32.77
933,1993,15,Jharkhand,Giridih,1.5,0.87,580.0,520.0,519.0,544.0,527.6666666666666,0.11538461538461542,1.0,624.5333333333333,5.09,5.38,7.46,10.77,28.7,33.88
933,1994,15,Jharkhand,Giridih,1.27,0.75,591.0,580.0,520.0,519.0,539.6666666666666,0.018965517241379404,1.5,617.6153846153846,5.61,10.87,12.06,4.39,32.93,40.14
933,2018,15,Jharkhand,Giridih,0.01,0.01,857.0,591.0,580.0,520.0,563.6666666666666,0.45008460236886627,1.27,590.3333333333334,4.52,8.71,8.36,3.82,25.41,31.42
933,2019,15,Jharkhand,Giridih,0.02,0.02,773.0,857.0,591.0,580.0,676.0,-0.09801633605600935,0.01,620.1111111111111,2.89,9.49,6.44,11.63,30.450000000000003,38.03
937,1993,15,Jharkhand,Godda,0.57,0.33,579.0,508.0,409.0,500.0,472.3333333333333,0.13976377952755903,0.59,624.5333333333333,3.69,2.84,3.16,4.41,14.1,19.1
937,1994,15,Jharkhand,Godda,0.33,0.2,606.0,579.0,508.0,409.0,498.6666666666667,0.04663212435233155,0.57,617.6153846153846,3.77,3.42,3.3,2.28,12.769999999999998,16.66
937,2019,15,Jharkhand,Godda,0.02,0.01,529.0,606.0,579.0,508.0,564.3333333333334,-0.1270627062706271,0.33,620.1111111111111,3.8,11.25,4.33,13.22,32.6,40.75
938,1993,15,Jharkhand,Sahebganj,1.06,0.62,585.0,521.0,414.0,496.0,477.0,0.12284069097888684,0.96,624.5333333333333,3.69,2.84,3.16,4.41,14.1,19.1
938,1994,15,Jharkhand,Sahebganj,1.0,0.59,590.0,585.0,521.0,414.0,506.6666666666667,0.008547008547008517,1.06,617.6153846153846,3.77,3.42,3.3,2.28,12.769999999999998,16.66
938,2017,15,Jharkhand,Sahebganj,0.01,0.01,692.0,590.0,585.0,521.0,565.3333333333334,0.17288135593220333,1.0,594.25,2.84,13.41,9.82,5.28,31.35,45.24
942,1993,15,Jharkhand,Gumla,0.49,0.28,571.0,526.0,303.0,424.0,417.6666666666667,0.08555133079847899,0.19,624.5333333333333,8.44,8.08,7.37,11.19,35.08,42.39
942,1994,15,Jharkhand,Gumla,0.4,0.24,600.0,571.0,526.0,303.0,466.6666666666667,0.05078809106830118,0.49,617.6153846153846,10.34,22.51,14.25,6.4,53.5,61.91
943,1993,15,Jharkhand,Singhbhum East,0.01,0.01,1000.0,500.0,333.0,500.0,444.3333333333333,1.0,0.02,624.5333333333333,7.63,6.07,9.46,10.13,33.29,42.29
943,1994,15,Jharkhand,Singhbhum East,0.02,0.01,500.0,1000.0,500.0,333.0,611.0,-0.5,0.01,617.6153846153846,10.46,20.1,10.33,4.54,45.43,53.75
943,2017,15,Jharkhand,Singhbhum East,0.33,0.18,541.0,500.0,1000.0,500.0,666.6666666666666,0.08200000000000007,0.02,594.25,7.77,23.89,12.87,7.47,52.0,67.6
944,1993,15,Jharkhand,Singhbhum West,0.52,0.3,577.0,526.0,268.0,431.0,408.3333333333333,0.09695817490494307,0.57,624.5333333333333,8.28,7.75,9.07,10.5,35.6,44.04
944,1994,15,Jharkhand,Singhbhum West,0.56,0.33,589.0,577.0,526.0,268.0,457.0,0.020797227036395194,0.52,617.6153846153846,10.99,22.17,12.16,5.87,51.190000000000005,59.440000000000005
944,2017,15,Jharkhand,Singhbhum West,0.04,0.02,417.0,589.0,577.0,526.0,564.0,-0.2920203735144312,0.56,594.25,6.1,22.07,11.74,7.86,47.77,61.38
944,2018,15,Jharkhand,Singhbhum West,0.01,0.01,417.0,417.0,589.0,577.0,527.6666666666666,0.0,0.04,590.3333333333334,4.9,12.53,12.65,7.36,37.44,48.81
944,2019,15,Jharkhand,Singhbhum West,0.02,0.01,429.0,417.0,417.0,589.0,474.3333333333333,0.02877697841726623,0.01,620.1111111111111,4.42,10.67,11.22,12.29,38.6,55.23
947,1995,2,Bihar,Buxar,0.8,0.45,563.0,593.0,587.0,512.0,564.0,-0.050590219224283306,0.81,623.0,3.28,8.53,7.99,8.59,28.39,33.13
947,1996,2,Bihar,Buxar,0.78,0.45,577.0,563.0,593.0,587.0,581.0,0.0248667850799289,0.8,619.5833333333334,6.59,7.4,10.21,5.58,29.78,33.01
947,1997,2,Bihar,Buxar,0.36,0.22,611.0,577.0,563.0,593.0,577.6666666666666,0.05892547660311953,0.78,662.2857142857143,3.6,18.56,9.03,4.43,35.62,40.49
947,1998,2,Bihar,Buxar,0.79,0.46,582.0,611.0,577.0,563.0,583.6666666666666,-0.04746317512274956,0.36,579.8666666666667,2.4,8.7,9.72,7.88,28.7,33.64
947,1999,2,Bihar,Buxar,0.64,0.39,609.0,582.0,611.0,577.0,590.0,0.046391752577319645,0.79,601.4545454545455,3.99,9.93,6.42,3.0,23.34,28.7
947,2000,2,Bihar,Buxar,0.64,0.56,875.0,609.0,582.0,611.0,600.6666666666666,0.4367816091954022,0.64,748.3636363636364,9.03,6.88,6.6,7.69,30.2,32.9
947,2001,2,Bihar,Buxar,0.36,0.26,722.0,875.0,609.0,582.0,688.6666666666666,-0.17485714285714282,0.64,780.4444444444445,9.57,6.61,5.85,6.72,28.75,35.12
947,2002,2,Bihar,Buxar,0.31,0.34,1097.0,722.0,875.0,609.0,735.3333333333334,0.5193905817174516,0.36,983.0,2.84,7.26,7.51,3.41,21.02,28.58
947,2003,2,Bihar,Buxar,0.3,0.34,1133.0,1097.0,722.0,875.0,898.0,0.03281677301731989,0.31,1042.7,7.19,8.39,6.23,4.78,26.590000000000003,32.96
947,2004,2,Bihar,Buxar,0.81,0.89,1099.0,1133.0,1097.0,722.0,984.0,-0.030008826125330956,0.3,1096.2222222222222,7.45,6.66,7.27,2.38,23.76,27.13
947,2005,2,Bihar,Buxar,2.39,2.62,1096.0,1099.0,1133.0,1097.0,1109.6666666666667,-0.0027297543221109777,0.81,1086.3636363636363,2.01,10.52,6.46,2.83,21.82,25.86
947,2006,2,Bihar,Buxar,3.06,3.36,1098.0,1096.0,1099.0,1133.0,1109.3333333333333,0.0018248175182482562,2.39,1035.3333333333333,6.83,10.65,7.0,6.42,30.9,33.43
947,2007,2,Bihar,Buxar,1.64,1.82,1110.0,1098.0,1096.0,1099.0,1097.6666666666667,0.010928961748633892,3.06,1052.2727272727273,3.26,15.25,8.85,9.6,36.96,43.33
947,2008,2,Bihar,Buxar,1.21,1.47,1215.0,1110.0,1098.0,1096.0,1101.3333333333333,0.09459459459459452,1.64,1099.6666666666667,15.0,12.68,12.57,5.25,45.5,50.09
947,2009,2,Bihar,Buxar,1.55,1.73,1116.0,1215.0,1110.0,1098.0,1141.0,-0.08148148148148149,1.21,1040.75,2.44,5.75,8.06,4.65,20.9,24.59
947,2010,2,Bihar,Buxar,3.37,3.77,1119.0,1116.0,1215.0,1110.0,1147.0,0.0026881720430107503,1.55,1233.0,1.88,7.58,7.09,3.95,20.5,25.2
947,2011,2,Bihar,Buxar,2.95,3.32,1125.0,1119.0,1116.0,1215.0,1150.0,0.00536193029490617,3.37,1056.1666666666667,9.77,4.05,7.65,9.05,30.52,33.87
947,2012,2,Bihar,Buxar,3.19,3.63,1138.0,1125.0,1119.0,1116.0,1120.0,0.011555555555555541,2.95,1089.142857142857,2.16,10.68,9.32,6.82,28.98,32.05
947,2013,2,Bihar,Buxar,1.9,2.17,1142.0,1138.0,1125.0,1119.0,1127.3333333333333,0.0035149384885764245,3.19,1139.3333333333333,4.24,3.0,5.55,7.56,20.35,31.12
947,2014,2,Bihar,Buxar,2.91,3.3,1134.0,1142.0,1138.0,1125.0,1135.0,-0.007005253940455369,1.9,1234.1666666666667,2.82,7.25,11.22,7.41,28.7,35.83
947,2015,2,Bihar,Buxar,2.84,3.21,1130.0,1134.0,1142.0,1138.0,1138.0,-0.003527336860670194,2.91,1095.75,4.04,11.82,8.06,1.88,25.8,29.23
947,2016,2,Bihar,Buxar,2.55,2.89,1135.0,1130.0,1134.0,1142.0,1135.3333333333333,0.004424778761061843,2.84,1126.5,1.55,10.58,5.07,9.94,27.14,31.68
947,2017,2,Bihar,Buxar,3.3,3.74,1134.0,1135.0,1130.0,1134.0,1133.0,-0.0008810572687224516,2.55,1129.4,1.85,10.82,8.09,1.97,22.73,24.56
947,2018,2,Bihar,Buxar,2.65,3.01,1134.0,1134.0,1135.0,1130.0,1133.0,0.0,3.3,1125.4,2.11,6.63,6.85,3.33,18.92,21.51
947,2019,2,Bihar,Buxar,2.72,3.09,1134.0,1134.0,1134.0,1135.0,1134.3333333333333,0.0,2.65,1134.0,1.82,9.79,4.55,9.81,25.97,28.79
949,2003,2,Bihar,Banka,0.02,0.02,1000.0,1000.0,750.0,500.0,750.0,0.0,0.01,1042.7,5.11,8.47,2.96,4.97,21.51,31.26
949,2004,2,Bihar,Banka,0.01,0.01,1000.0,1000.0,1000.0,750.0,916.6666666666666,0.0,0.02,1096.2222222222222,6.33,11.08,5.99,3.89,27.29,33.93
953,2017,15,Jharkhand,Bokaro,0.04,0.01,325.0,578.0,569.0,519.0,555.3333333333334,-0.4377162629757786,0.45,594.25,7.93,23.17,11.76,6.79,49.65,63.15
953,2018,15,Jharkhand,Bokaro,0.02,0.01,318.0,325.0,578.0,569.0,490.6666666666667,-0.021538461538461506,0.04,590.3333333333334,6.56,11.32,12.01,5.54,35.43,44.13
953,2019,15,Jharkhand,Bokaro,0.09,0.08,906.0,318.0,325.0,578.0,407.0,1.849056603773585,0.02,620.1111111111111,3.73,8.04,10.51,10.27,32.55,45.89
1001,2003,3,Gujarat,Anand,58.2,99.3,1706.0,1479.0,1660.0,1405.0,1514.6666666666667,0.15348208248816775,51.1,1547.4545454545455,5.79,10.6,11.66,1.69,29.74,30.84
1001,2004,3,Gujarat,Anand,54.0,87.8,1626.0,1706.0,1479.0,1660.0,1615.0,-0.04689331770222738,58.2,1259.3181818181818,4.57,8.51,12.66,0.93,26.67,27.95
1001,2005,3,Gujarat,Anand,51.5,81.3,1579.0,1626.0,1706.0,1479.0,1603.6666666666667,-0.02890528905289058,54.0,1396.1363636363637,13.03,6.89,5.13,10.25,35.3,35.4
1001,2006,3,Gujarat,Anand,50.2,81.0,1614.0,1579.0,1626.0,1706.0,1637.0,0.02216592780240667,51.5,1213.952380952381,5.08,12.47,11.1,4.09,32.739999999999995,33.02
1001,2007,3,Gujarat,Anand,52.7,103.9,1972.0,1614.0,1579.0,1626.0,1606.3333333333333,0.2218091697645601,50.2,1595.952380952381,4.13,12.33,14.86,4.84,36.16,36.52
1001,2008,3,Gujarat,Anand,48.2,93.1,1932.0,1972.0,1614.0,1579.0,1721.6666666666667,-0.020283975659229236,52.7,1624.4761904761904,3.8,4.82,8.51,5.81,22.94,23.28
1001,2009,3,Gujarat,Anand,53.8,111.1,2065.0,1932.0,1972.0,1614.0,1839.3333333333333,0.06884057971014501,48.2,1447.090909090909,0.5,13.01,4.97,1.06,19.54,21.65
1001,2010,3,Gujarat,Anand,70.7,155.3,2197.0,2065.0,1932.0,1972.0,1989.6666666666667,0.06392251815980621,53.8,1734.9545454545455,2.41,13.61,14.42,6.08,36.52,39.57
1001,2011,3,Gujarat,Anand,79.6,175.9,2210.0,2197.0,2065.0,1932.0,2064.6666666666665,0.00591715976331364,70.7,1943.95,0.62,9.88,10.02,4.78,25.3,25.3
1001,2012,3,Gujarat,Anand,61.8,136.4,2207.0,2210.0,2197.0,2065.0,2157.3333333333335,-0.0013574660633484115,79.6,1657.095238095238,1.37,2.72,5.03,8.82,17.94,18.05
1001,2013,3,Gujarat,Anand,62.51,163.2,2611.0,2207.0,2210.0,2197.0,2204.6666666666665,0.18305391934753068,61.8,2143.2727272727275,7.27,12.88,5.68,10.17,36.0,37.58
1001,2014,3,Gujarat,Anand,45.18,109.95,2434.0,2611.0,2207.0,2210.0,2342.6666666666665,-0.06779011872845653,62.51,2152.9666666666667,0.2,14.04,3.85,5.27,23.36,24.16
1001,2015,3,Gujarat,Anand,47.35,137.44,2903.0,2434.0,2611.0,2207.0,2417.3333333333335,0.19268693508627766,45.18,2088.689655172414,7.47,8.9,1.24,5.28,22.89,24.43
1001,2016,3,Gujarat,Anand,44.48,110.7,2489.0,2903.0,2434.0,2611.0,2649.3333333333335,-0.14261109197382016,47.35,2088.7586206896553,0.98,5.81,7.47,3.79,18.05,19.55
1001,2017,3,Gujarat,Anand,39.6,104.28,2633.0,2489.0,2903.0,2434.0,2608.6666666666665,0.0578545600642828,44.48,2351.5172413793102,4.12,15.5,6.02,2.12,27.76,28.29
1001,2018,3,Gujarat,Anand,34.84,97.92,2810.0,2633.0,2489.0,2903.0,2675.0,0.06722369920243065,39.6,2204.777777777778,1.07,10.72,6.06,1.3,19.15,19.15
1001,2019,3,Gujarat,Anand,35.02,96.02,2742.0,2810.0,2633.0,2489.0,2644.0,-0.024199288256227747,34.84,2517.0666666666666,5.13,7.87,14.72,10.42,38.14,39.6
1002,2004,3,Gujarat,Dahod,0.1,0.1,1000.0,1667.0,1000.0,1000.0,1222.3333333333333,-0.4001199760047991,0.3,1259.3181818181818,2.66,8.88,10.58,3.43,25.55,27.02
1002,2005,3,Gujarat,Dahod,0.1,0.2,2000.0,1000.0,1667.0,1000.0,1222.3333333333333,1.0,0.1,1396.1363636363637,5.38,9.49,4.22,9.13,28.22,28.77
1002,2015,3,Gujarat,Dahod,0.01,0.02,2000.0,2000.0,1000.0,1667.0,1555.6666666666667,0.0,0.1,2088.689655172414,6.32,11.55,5.56,2.69,26.12,28.6
1002,2016,3,Gujarat,Dahod,0.02,0.04,2467.0,2000.0,2000.0,1000.0,1666.6666666666667,0.23350000000000004,0.01,2088.7586206896553,2.97,8.46,12.79,3.05,27.27,29.09
1002,2017,3,Gujarat,Dahod,0.01,0.02,3000.0,2467.0,2000.0,2000.0,2155.6666666666665,0.2160518848804216,0.02,2351.5172413793102,4.16,13.7,5.97,2.69,26.52,27.16
1002,2018,3,Gujarat,Dahod,0.02,0.06,2900.0,3000.0,2467.0,2000.0,2489.0,-0.033333333333333326,0.01,2204.777777777778,3.97,9.21,6.54,2.29,22.01,22.08
1002,2019,3,Gujarat,Dahod,0.09,0.25,2872.0,2900.0,3000.0,2467.0,2789.0,-0.0096551724137931,0.02,2517.0666666666666,4.97,9.38,14.88,9.85,39.080000000000005,41.21
1003,2003,3,Gujarat,Narmada,0.9,1.5,1667.0,926.0,1296.0,795.0,1005.6666666666666,0.8002159827213824,2.7,1547.4545454545455,12.19,17.37,10.3,6.6,46.46,48.83
1003,2004,3,Gujarat,Narmada,0.5,0.6,1200.0,1667.0,926.0,1296.0,1296.3333333333333,-0.28014397120575885,0.9,1259.3181818181818,9.05,16.0,19.51,2.5,47.06,48.67
1003,2005,3,Gujarat,Narmada,0.5,0.8,1600.0,1200.0,1667.0,926.0,1264.3333333333333,0.33333333333333326,0.5,1396.1363636363637,23.67,12.95,8.16,13.18,57.96,59.29
1003,2006,3,Gujarat,Narmada,1.3,2.8,2154.0,1600.0,1200.0,1667.0,1489.0,0.34624999999999995,0.5,1213.952380952381,8.33,20.32,16.85,5.12,50.62,52.79
1003,2007,3,Gujarat,Narmada,1.3,2.9,2231.0,2154.0,1600.0,1200.0,1651.3333333333333,0.03574744661095641,1.3,1595.952380952381,6.41,13.11,19.02,9.55,48.09,48.99
1003,2008,3,Gujarat,Narmada,1.0,2.4,2400.0,2231.0,2154.0,1600.0,1995.0,0.07575078440161365,1.3,1624.4761904761904,8.39,10.2,11.69,9.44,39.72,40.36
1003,2009,3,Gujarat,Narmada,1.1,2.5,2273.0,2400.0,2231.0,2154.0,2261.6666666666665,-0.05291666666666661,1.0,1447.090909090909,1.45,23.37,6.03,3.4,34.25,38.68
1003,2010,3,Gujarat,Narmada,1.5,3.6,2400.0,2273.0,2400.0,2231.0,2301.3333333333335,0.05587329520457551,1.1,1734.9545454545455,4.62,15.18,12.52,10.78,43.1,49.2
1003,2011,3,Gujarat,Narmada,1.7,4.3,2529.0,2400.0,2273.0,2400.0,2357.6666666666665,0.053749999999999964,1.5,1943.95,1.99,11.4,14.73,7.27,35.39,35.87
1003,2012,3,Gujarat,Narmada,0.2,0.6,3000.0,2529.0,2400.0,2273.0,2400.6666666666665,0.18623962040332143,1.7,1657.095238095238,2.52,6.76,4.91,12.5,26.69,27.82
1003,2013,3,Gujarat,Narmada,1.3,3.61,2777.0,3000.0,2529.0,2400.0,2643.0,-0.07433333333333336,0.2,2143.2727272727275,17.61,19.2,8.8,6.85,52.46,54.77
1003,2014,3,Gujarat,Narmada,0.75,1.24,1653.0,2777.0,3000.0,2529.0,2768.6666666666665,-0.4047533309326612,1.3,2152.9666666666667,0.67,16.38,6.67,7.1,30.82,32.89
1003,2015,3,Gujarat,Narmada,0.46,0.82,1783.0,1653.0,2777.0,3000.0,2476.6666666666665,0.07864488808227454,0.75,2088.689655172414,13.39,7.09,2.66,12.44,35.58,37.46
1003,2016,3,Gujarat,Narmada,0.33,0.57,1705.0,1783.0,1653.0,2777.0,2071.0,-0.04374649467190128,0.46,2088.7586206896553,2.73,12.45,8.15,5.86,29.19,31.82
1003,2017,3,Gujarat,Narmada,0.11,0.28,2676.0,1705.0,1783.0,1653.0,1713.6666666666667,0.5695014662756599,0.33,2351.5172413793102,6.35,14.3,8.21,2.38,31.24,32.72
1003,2018,3,Gujarat,Narmada,0.2,0.55,2725.0,2676.0,1705.0,1783.0,2054.6666666666665,0.018310911808669728,0.11,2204.777777777778,3.54,16.09,5.75,1.82,27.2,27.26
1003,2019,3,Gujarat,Narmada,0.55,1.23,2241.0,2725.0,2676.0,1705.0,2368.6666666666665,-0.17761467889908256,0.2,2517.0666666666666,6.95,15.24,17.54,11.95,51.68000000000001,54.78
1005,2003,3,Gujarat,Patan,86.8,85.0,979.0,918.0,1322.0,725.0,988.3333333333334,0.06644880174291945,89.9,1547.4545454545455,2.38,10.6,7.53,0.44,20.950000000000003,21.71
1005,2004,3,Gujarat,Patan,67.7,53.6,792.0,979.0,918.0,1322.0,1073.0,-0.1910112359550562,86.8,1259.3181818181818,2.11,4.26,7.19,0.95,14.509999999999998,15.83
1005,2005,3,Gujarat,Patan,95.0,63.0,663.0,792.0,979.0,918.0,896.3333333333334,-0.16287878787878785,67.7,1396.1363636363637,4.79,3.46,2.95,6.01,17.21,17.77
1005,2006,3,Gujarat,Patan,96.2,32.6,339.0,663.0,792.0,979.0,811.3333333333334,-0.4886877828054299,95.0,1213.952380952381,3.3,7.42,14.43,3.42,28.57,28.94
1005,2007,3,Gujarat,Patan,93.1,55.6,597.0,339.0,663.0,792.0,598.0,0.7610619469026549,96.2,1595.952380952381,2.9,7.42,8.77,2.15,21.24,22.0
1005,2008,3,Gujarat,Patan,63.1,55.7,883.0,597.0,339.0,663.0,533.0,0.47906197654941374,93.1,1624.4761904761904,1.55,3.45,5.89,3.32,14.21,14.81
1005,2009,3,Gujarat,Patan,67.5,38.2,566.0,883.0,597.0,339.0,606.3333333333334,-0.35900339750849375,63.1,1447.090909090909,0.78,7.99,3.87,0.31,12.95,14.34
1005,2010,3,Gujarat,Patan,66.3,64.2,968.0,566.0,883.0,597.0,682.0,0.7102473498233215,67.5,1734.9545454545455,1.71,9.4,10.62,5.22,26.95,29.27
1005,2011,3,Gujarat,Patan,56.7,72.5,1279.0,968.0,566.0,883.0,805.6666666666666,0.32128099173553726,66.3,1943.95,0.29,5.67,9.85,5.59,21.4,21.5
1005,2012,3,Gujarat,Patan,45.2,46.0,1018.0,1279.0,968.0,566.0,937.6666666666666,-0.20406567630961692,56.7,1657.095238095238,0.53,2.01,5.46,8.17,16.17,16.259999999999998
1005,2013,3,Gujarat,Patan,46.15,73.82,1600.0,1018.0,1279.0,968.0,1088.3333333333333,0.5717092337917484,45.2,2143.2727272727275,2.81,7.89,3.77,6.46,20.93,22.59
1005,2014,3,Gujarat,Patan,9.57,23.41,2446.0,1600.0,1018.0,1279.0,1299.0,0.52875,46.15,2152.9666666666667,0.22,9.42,2.52,4.19,16.35,17.3
1005,2015,3,Gujarat,Patan,6.8,16.56,2435.0,2446.0,1600.0,1018.0,1688.0,-0.0044971381847914715,9.57,2088.689655172414,3.7,9.43,1.74,2.14,17.009999999999998,18.44
1005,2016,3,Gujarat,Patan,8.08,18.51,2292.0,2435.0,2446.0,1600.0,2160.3333333333335,-0.058726899383983566,6.8,2088.7586206896553,0.45,4.78,8.0,0.58,13.81,15.48
1005,2017,3,Gujarat,Patan,15.35,14.38,937.0,2292.0,2435.0,2446.0,2391.0,-0.5911867364746946,8.08,2351.5172413793102,2.39,22.66,4.14,1.33,30.520000000000003,30.88
1005,2018,3,Gujarat,Patan,9.54,20.42,2139.0,937.0,2292.0,2435.0,1888.0,1.2828175026680895,15.35,2204.777777777778,1.68,4.55,3.19,1.01,10.43,10.43
1005,2019,3,Gujarat,Patan,6.41,13.95,2175.0,2139.0,937.0,2292.0,1789.3333333333333,0.016830294530154388,9.54,2517.0666666666666,1.78,3.86,10.44,7.58,23.66,25.43
1006,2003,3,Gujarat,Porbandar,3.3,7.6,2303.0,2056.0,2316.0,1706.0,2026.0,0.12013618677042803,5.4,1547.4545454545455,5.06,11.86,9.29,0.94,27.15,27.4
1006,2004,3,Gujarat,Porbandar,3.3,5.8,1758.0,2303.0,2056.0,2316.0,2225.0,-0.23664785062961358,3.3,1259.3181818181818,4.54,7.53,11.96,0.92,24.950000000000003,26.37
1006,2005,3,Gujarat,Porbandar,1.1,2.0,1818.0,1758.0,2303.0,2056.0,2039.0,0.03412969283276457,3.3,1396.1363636363637,8.8,3.95,2.82,6.44,22.01,22.11
1006,2006,3,Gujarat,Porbandar,1.9,3.0,1579.0,1818.0,1758.0,2303.0,1959.6666666666667,-0.13146314631463152,1.1,1213.952380952381,5.2,12.66,5.75,3.14,26.75,26.93
1006,2007,3,Gujarat,Porbandar,1.7,3.9,2294.0,1579.0,1818.0,1758.0,1718.3333333333333,0.45281823939202037,1.9,1595.952380952381,6.83,6.91,27.11,6.81,47.66,48.12
1006,2008,3,Gujarat,Porbandar,0.6,1.3,2167.0,2294.0,1579.0,1818.0,1897.0,-0.05536181342632951,1.7,1624.4761904761904,3.61,10.78,4.11,8.77,27.27,27.47
1006,2009,3,Gujarat,Porbandar,0.3,0.4,1333.0,2167.0,2294.0,1579.0,2013.3333333333333,-0.38486386709736964,0.6,1447.090909090909,3.79,23.6,4.0,0.14,31.53,31.97
1006,2010,3,Gujarat,Porbandar,0.4,0.9,2250.0,1333.0,2167.0,2294.0,1931.3333333333333,0.6879219804951238,0.3,1734.9545454545455,2.13,16.13,18.19,6.19,42.64,46.75
1006,2011,3,Gujarat,Porbandar,0.5,0.9,1800.0,2250.0,1333.0,2167.0,1916.6666666666667,-0.19999999999999996,0.4,1943.95,0.83,11.45,10.09,6.08,28.45,28.47
1006,2012,3,Gujarat,Porbandar,0.3,0.5,1667.0,1800.0,2250.0,1333.0,1794.3333333333333,-0.07388888888888889,0.5,1657.095238095238,0.78,2.4,1.3,6.7,11.18,11.26
1006,2013,3,Gujarat,Porbandar,0.31,0.77,2484.0,1667.0,1800.0,2250.0,1905.6666666666667,0.4901019796040791,0.3,2143.2727272727275,7.27,8.48,3.41,10.26,29.42,31.36
1006,2014,3,Gujarat,Porbandar,0.1,0.18,1800.0,2484.0,1667.0,1800.0,1983.6666666666667,-0.2753623188405797,0.31,2152.9666666666667,1.92,10.44,5.13,3.52,21.01,21.84
1006,2015,3,Gujarat,Porbandar,0.09,0.17,1889.0,1800.0,2484.0,1667.0,1983.6666666666667,0.0494444444444444,0.1,2088.689655172414,8.86,9.02,0.34,3.43,21.65,22.45
1006,2016,3,Gujarat,Porbandar,0.1,0.19,1989.0,1889.0,1800.0,2484.0,2057.6666666666665,0.05293806246691379,0.09,2088.7586206896553,2.62,6.29,6.36,2.23,17.5,19.17
1006,2017,3,Gujarat,Porbandar,0.09,0.26,2920.0,1989.0,1889.0,1800.0,1892.6666666666667,0.46807440925087973,0.1,2351.5172413793102,4.93,10.84,6.47,1.87,24.11,24.41
1006,2018,3,Gujarat,Porbandar,0.02,0.06,2900.0,2920.0,1989.0,1889.0,2266.0,-0.006849315068493178,0.09,2204.777777777778,0.7,13.51,2.66,0.8,17.669999999999998,17.7
1006,2019,3,Gujarat,Porbandar,0.24,0.69,2871.0,2900.0,2920.0,1989.0,2603.0,-0.010000000000000009,0.02,2517.0666666666666,3.55,5.1,8.95,15.05,32.65,34.42
1007,2000,4,Haryana,Fatehabad,10.3,14.0,1359.0,1271.0,1462.0,1518.0,1417.0,0.06923682140047216,11.8,1177.8666666666666,2.14,2.41,1.03,0.57,6.150000000000001,7.63
1007,2001,4,Haryana,Fatehabad,10.1,15.0,1485.0,1359.0,1271.0,1462.0,1364.0,0.0927152317880795,10.3,1347.8666666666666,2.89,3.41,4.59,0.55,11.44,15.45
1007,2002,4,Haryana,Fatehabad,12.9,14.0,1085.0,1485.0,1359.0,1271.0,1371.6666666666667,-0.26936026936026936,10.1,1085.235294117647,0.6,0.33,1.81,1.83,4.57,8.18
1007,2003,4,Haryana,Fatehabad,14.7,18.0,1224.0,1085.0,1485.0,1359.0,1309.6666666666667,0.1281105990783411,12.9,1915.235294117647,0.92,9.35,3.37,1.66,15.3,17.759999999999998
1007,2004,4,Haryana,Fatehabad,11.91,23.0,1931.0,1224.0,1085.0,1485.0,1264.6666666666667,0.5776143790849673,14.7,1851.0,2.02,0.34,4.44,0.39,7.19,11.62
1007,2005,4,Haryana,Fatehabad,14.6,28.0,1918.0,1931.0,1224.0,1085.0,1413.3333333333333,-0.006732263076126399,11.91,1555.1666666666667,1.86,4.48,0.67,4.22,11.23,16.14
1007,2006,4,Haryana,Fatehabad,11.7,26.0,2222.0,1918.0,1931.0,1224.0,1691.0,0.15849843587069867,14.6,2087.3333333333335,2.16,2.58,1.1,1.84,7.68,10.52
1007,2007,4,Haryana,Fatehabad,11.3,30.0,2655.0,2222.0,1918.0,1931.0,2023.6666666666667,0.19486948694869488,11.7,2267.8888888888887,4.41,1.39,2.4,2.22,10.42,15.77
1007,2008,4,Haryana,Fatehabad,10.3,27.0,2621.0,2655.0,2222.0,1918.0,2265.0,-0.012806026365348444,11.3,2155.5263157894738,5.3,3.36,5.33,3.11,17.1,20.06
1007,2009,4,Haryana,Fatehabad,7.8,21.0,2692.0,2621.0,2655.0,2222.0,2499.3333333333335,0.027088897367417042,10.3,1876.388888888889,0.99,2.21,1.53,4.42,9.15,11.95
1007,2010,4,Haryana,Fatehabad,7.9,19.0,2405.0,2692.0,2621.0,2655.0,2656.0,-0.10661218424962848,7.8,1996.1666666666667,1.8,5.28,5.25,4.95,17.28,18.63
1007,2011,4,Haryana,Fatehabad,4.9,11.0,2245.0,2405.0,2692.0,2621.0,2572.6666666666665,-0.06652806652806653,7.9,2137.5,1.64,1.88,4.07,7.04,14.63,18.06
1007,2012,4,Haryana,Fatehabad,3.31,7.0,2115.0,2245.0,2405.0,2692.0,2447.3333333333335,-0.057906458797327365,4.9,2085.5555555555557,0.63,1.75,5.82,3.41,11.61,13.52
1007,2013,4,Haryana,Fatehabad,2.0,4.0,2000.0,2115.0,2245.0,2405.0,2255.0,-0.05437352245862881,3.31,2006.7058823529412,2.72,4.96,5.18,2.01,14.87,18.55
1007,2014,4,Haryana,Fatehabad,2.0,4.0,2000.0,2000.0,2115.0,2245.0,2120.0,0.0,2.0,1869.235294117647,0.74,1.93,1.16,3.98,7.81,11.47
1007,2015,4,Haryana,Fatehabad,1.5,3.0,2000.0,2000.0,2000.0,2115.0,2038.3333333333333,0.0,2.0,1843.8235294117646,3.26,4.9,3.94,1.13,13.23,19.59
1007,2016,4,Haryana,Fatehabad,3.5,9.0,2571.0,2000.0,2000.0,2000.0,2000.0,0.2855000000000001,1.5,2084.4,2.33,6.58,3.19,0.29,12.39,15.07
1007,2017,4,Haryana,Fatehabad,2.4,6.0,2500.0,2571.0,2000.0,2000.0,2190.3333333333335,-0.027615713730066105,3.5,1821.235294117647,6.12,2.04,2.83,1.64,12.63,16.62
1007,2018,4,Haryana,Fatehabad,2.0,5.0,2500.0,2500.0,2571.0,2000.0,2357.0,0.0,2.4,2226.7,3.37,5.52,1.81,4.86,15.560000000000002,17.3
1007,2019,4,Haryana,Fatehabad,2.2,5.2,2364.0,2500.0,2500.0,2571.0,2523.6666666666665,-0.054400000000000004,2.0,2225.5714285714284,1.68,5.67,3.15,1.5,12.0,17.49
1008,2000,4,Haryana,Jhajjar,28.4,31.0,1092.0,538.0,1028.0,1122.0,896.0,1.029739776951673,26.0,1177.8666666666666,3.92,5.18,3.57,0.78,13.45,16.12
1008,2001,4,Haryana,Jhajjar,26.1,32.0,1226.0,1092.0,538.0,1028.0,886.0,0.12271062271062272,28.4,1347.8666666666666,3.57,3.56,3.42,1.13,11.68,15.34
1008,2002,4,Haryana,Jhajjar,27.2,32.0,1176.0,1226.0,1092.0,538.0,952.0,-0.04078303425774876,26.1,1085.235294117647,1.25,0.3,3.12,4.82,9.49,14.96
1008,2003,4,Haryana,Jhajjar,26.8,39.0,1455.0,1176.0,1226.0,1092.0,1164.6666666666667,0.2372448979591837,27.2,1915.235294117647,3.79,15.23,4.85,2.28,26.15,29.01
1008,2004,4,Haryana,Jhajjar,25.43,36.0,1416.0,1455.0,1176.0,1226.0,1285.6666666666667,-0.026804123711340222,26.8,1851.0,2.13,0.96,7.69,0.41,11.19,16.8
1008,2005,4,Haryana,Jhajjar,26.8,34.0,1269.0,1416.0,1455.0,1176.0,1349.0,-0.10381355932203384,25.43,1555.1666666666667,2.18,6.02,2.76,6.22,17.18,20.43
1008,2006,4,Haryana,Jhajjar,30.0,39.0,1300.0,1269.0,1416.0,1455.0,1380.0,0.024428684003152012,26.8,2087.3333333333335,3.11,6.06,2.57,3.03,14.77,17.64
1008,2007,4,Haryana,Jhajjar,31.0,55.0,1774.0,1300.0,1269.0,1416.0,1328.3333333333333,0.36461538461538456,30.0,2267.8888888888887,4.48,4.04,5.52,2.4,16.439999999999998,22.46
1008,2008,4,Haryana,Jhajjar,27.3,44.0,1612.0,1774.0,1300.0,1269.0,1447.6666666666667,-0.09131905298759868,31.0,2155.5263157894738,3.74,4.77,7.03,4.6,20.14,25.34
1008,2009,4,Haryana,Jhajjar,31.0,61.0,1968.0,1612.0,1774.0,1300.0,1562.0,0.22084367245657566,27.3,1876.388888888889,0.87,3.94,4.67,5.49,14.97,18.39
1008,2010,4,Haryana,Jhajjar,45.6,78.0,1711.0,1968.0,1612.0,1774.0,1784.6666666666667,-0.13058943089430897,31.0,1996.1666666666667,0.59,7.89,9.54,7.62,25.64,28.07
1008,2011,4,Haryana,Jhajjar,37.8,73.0,1931.0,1711.0,1968.0,1612.0,1763.6666666666667,0.1285797779076563,45.6,2137.5,2.76,3.5,5.54,6.79,18.59,21.54
1008,2012,4,Haryana,Jhajjar,28.78,56.0,1946.0,1931.0,1711.0,1968.0,1870.0,0.007767995857068888,37.8,2085.5555555555557,0.5,3.24,10.38,2.19,16.310000000000002,18.07
1008,2013,4,Haryana,Jhajjar,30.0,57.0,1900.0,1946.0,1931.0,1711.0,1862.6666666666667,-0.023638232271325776,28.78,2006.7058823529412,4.11,8.57,9.06,3.11,24.85,31.03
1008,2014,4,Haryana,Jhajjar,32.0,56.0,1750.0,1900.0,1946.0,1931.0,1925.6666666666667,-0.07894736842105265,30.0,1869.235294117647,1.16,3.11,4.39,2.09,10.75,16.29
1008,2015,4,Haryana,Jhajjar,35.4,81.0,2288.0,1750.0,1900.0,1946.0,1865.3333333333333,0.3074285714285714,32.0,1843.8235294117646,2.32,6.73,5.85,0.87,15.77,21.21
1008,2016,4,Haryana,Jhajjar,24.2,88.0,3636.0,2288.0,1750.0,1900.0,1979.3333333333333,0.5891608391608392,35.4,2084.4,1.74,10.4,5.15,1.02,18.31,20.31
1008,2017,4,Haryana,Jhajjar,43.1,67.0,1555.0,3636.0,2288.0,1750.0,2558.0,-0.5723322332233223,24.2,1821.235294117647,5.01,3.87,4.71,3.58,17.17,20.03
1008,2018,4,Haryana,Jhajjar,38.0,92.0,2421.0,1555.0,3636.0,2288.0,2493.0,0.5569131832797427,43.1,2226.7,2.04,10.29,4.39,6.08,22.8,24.4
1008,2019,4,Haryana,Jhajjar,38.1,90.5,2375.0,2421.0,1555.0,3636.0,2537.3333333333335,-0.0190004130524577,38.0,2225.5714285714284,0.42,5.93,5.13,2.13,13.61,19.63
1009,1999,4,Haryana,Panchkula,0.4,1.0,2500.0,1000.0,1667.0,1250.0,1305.6666666666667,1.5,1.0,1117.9375,3.09,5.28,3.42,3.59,15.38,17.58
1009,2002,4,Haryana,Panchkula,0.8,1.0,1250.0,2500.0,1000.0,1667.0,1722.3333333333333,-0.5,0.4,1085.235294117647,1.58,3.0,6.17,6.35,17.1,22.71
1009,2003,4,Haryana,Panchkula,0.5,2.0,4000.0,1250.0,2500.0,1000.0,1583.3333333333333,2.2,0.8,1915.235294117647,2.59,12.31,8.51,5.12,28.53,33.87
1009,2004,4,Haryana,Panchkula,0.48,2.0,4167.0,4000.0,1250.0,2500.0,2583.3333333333335,0.041749999999999954,0.5,1851.0,3.81,4.73,13.09,0.75,22.380000000000003,29.88
1009,2005,4,Haryana,Panchkula,0.7,1.0,1429.0,4167.0,4000.0,1250.0,3139.0,-0.6570674346052316,0.48,1555.1666666666667,3.2,8.58,4.64,7.27,23.69,28.9
1009,2006,4,Haryana,Panchkula,0.5,2.0,4000.0,1429.0,4167.0,4000.0,3198.6666666666665,1.7991602519244227,0.7,2087.3333333333335,2.44,8.78,5.19,2.31,18.72,24.73
1009,2007,4,Haryana,Panchkula,0.5,2.0,4000.0,4000.0,1429.0,4167.0,3198.6666666666665,0.0,0.5,2267.8888888888887,2.77,6.78,9.49,2.42,21.46,29.48
1009,2008,4,Haryana,Panchkula,0.7,2.0,2857.0,4000.0,4000.0,1429.0,3143.0,-0.28574999999999995,0.5,2155.5263157894738,12.98,7.5,10.92,8.31,39.71,46.48
1009,2009,4,Haryana,Panchkula,0.7,2.0,2857.0,2857.0,4000.0,4000.0,3619.0,0.0,0.7,1876.388888888889,2.26,7.3,5.72,6.2,21.48,27.42
1009,2010,4,Haryana,Panchkula,1.3,2.0,1538.0,2857.0,2857.0,4000.0,3238.0,-0.4616730836541827,0.7,1996.1666666666667,4.8,14.5,10.05,11.81,41.16,44.23
1009,2011,4,Haryana,Panchkula,1.1,2.0,1818.0,1538.0,2857.0,2857.0,2417.3333333333335,0.1820546163849155,1.3,2137.5,7.93,8.94,10.56,9.27,36.7,40.93
1009,2012,4,Haryana,Panchkula,0.99,2.0,2020.0,1818.0,1538.0,2857.0,2071.0,0.11111111111111116,1.1,2085.5555555555557,1.2,7.81,9.71,6.07,24.79,27.76
1009,2013,4,Haryana,Panchkula,1.0,2.0,2000.0,2020.0,1818.0,1538.0,1792.0,-0.00990099009900991,0.99,2006.7058823529412,10.89,12.6,11.9,2.93,38.32,46.14
1009,2015,4,Haryana,Panchkula,1.0,2.0,2000.0,2000.0,2020.0,1818.0,1946.0,0.0,1.0,1843.8235294117646,3.95,12.49,8.48,2.41,27.33,36.85
1009,2017,4,Haryana,Panchkula,0.9,2.0,2222.0,2000.0,2000.0,2020.0,2006.6666666666667,0.11099999999999999,1.0,1821.235294117647,6.94,8.13,11.29,6.04,32.4,40.27
1009,2018,4,Haryana,Panchkula,1.0,3.0,3000.0,2222.0,2000.0,2000.0,2074.0,0.3501350135013501,0.9,2226.7,6.65,12.94,11.72,10.22,41.53,46.7
1009,2019,4,Haryana,Panchkula,1.2,3.0,2500.0,3000.0,2222.0,2000.0,2407.3333333333335,-0.16666666666666663,1.0,2225.5714285714284,1.88,9.97,9.93,5.9,27.68,37.36
1010,2001,5,Karnataka,Bagalkote,15.17,11.52,759.0,995.0,728.0,1072.0,931.6666666666666,-0.23718592964824126,41.2,511.5,1.64,2.25,2.21,3.68,9.78,14.68
1010,2002,5,Karnataka,Bagalkote,24.01,7.17,299.0,759.0,995.0,728.0,827.3333333333334,-0.6060606060606061,15.17,432.3125,2.43,1.38,3.61,1.31,8.73,13.39
1010,2003,5,Karnataka,Bagalkote,15.45,8.15,528.0,299.0,759.0,995.0,684.3333333333334,0.765886287625418,24.01,547.0666666666667,1.53,1.15,2.19,1.25,6.119999999999999,11.11
1010,2004,5,Karnataka,Bagalkote,50.95,32.97,647.0,528.0,299.0,759.0,528.6666666666666,0.22537878787878785,15.45,593.7333333333333,2.87,3.06,2.19,4.04,12.16,16.81
1010,2005,5,Karnataka,Bagalkote,44.35,54.67,1233.0,647.0,528.0,299.0,491.3333333333333,0.9057187017001544,50.95,812.8125,3.48,6.63,3.85,3.92,17.88,24.28
1010,2006,5,Karnataka,Bagalkote,39.19,13.23,338.0,1233.0,647.0,528.0,802.6666666666666,-0.7258718572587186,44.35,492.8,4.59,2.87,2.41,3.76,13.63,21.39
1010,2007,5,Karnataka,Bagalkote,51.04,58.79,1152.0,338.0,1233.0,647.0,739.3333333333334,2.408284023668639,39.19,896.9333333333333,5.22,3.79,3.46,6.24,18.71,21.65
1010,2008,5,Karnataka,Bagalkote,22.01,24.29,1104.0,1152.0,338.0,1233.0,907.6666666666666,-0.04166666666666663,51.04,644.4285714285714,1.42,2.65,3.84,3.56,11.47,19.76
1010,2009,5,Karnataka,Bagalkote,43.61,17.32,397.0,1104.0,1152.0,338.0,864.6666666666666,-0.6403985507246377,22.01,475.3076923076923,2.66,3.19,2.85,4.81,13.509999999999998,20.14
1010,2010,5,Karnataka,Bagalkote,34.05,52.59,1544.0,397.0,1104.0,1152.0,884.3333333333334,2.889168765743073,43.61,1009.0,2.46,3.85,4.0,3.31,13.62,19.1
1010,2011,5,Karnataka,Bagalkote,33.22,42.89,1291.0,1544.0,397.0,1104.0,1015.0,-0.16386010362694303,34.05,867.625,1.56,3.05,3.79,1.42,9.82,14.39
1010,2012,5,Karnataka,Bagalkote,19.09,18.23,955.0,1291.0,1544.0,397.0,1077.3333333333333,-0.2602633617350891,33.22,988.1,0.91,1.53,1.89,2.21,6.54,10.52
1010,2013,5,Karnataka,Bagalkote,26.52,24.21,913.0,955.0,1291.0,1544.0,1263.3333333333333,-0.043979057591623016,19.09,1081.0555555555557,2.05,2.84,1.69,5.0,11.58,15.88
1010,2014,5,Karnataka,Bagalkote,22.02,24.29,1103.0,913.0,955.0,1291.0,1053.0,0.208105147864184,26.52,981.625,0.73,3.1,4.05,1.44,9.32,16.66
1010,2015,5,Karnataka,Bagalkote,15.9,8.67,545.0,1103.0,913.0,955.0,990.3333333333334,-0.5058930190389845,22.02,714.4705882352941,1.25,0.61,2.96,3.07,7.890000000000001,12.0
1010,2016,5,Karnataka,Bagalkote,29.34,32.81,1118.0,545.0,1103.0,913.0,853.6666666666666,1.0513761467889906,15.9,919.8888888888889,2.83,5.49,1.99,3.71,14.02,16.29
1010,2017,5,Karnataka,Bagalkote,21.83,34.15,1565.0,1118.0,545.0,1103.0,922.0,0.3998211091234347,29.34,1521.235294117647,3.0,2.41,2.82,6.4,14.63,20.07
1010,2018,5,Karnataka,Bagalkote,18.21,27.89,1531.0,1565.0,1118.0,545.0,1076.0,-0.021725239616613434,21.83,968.64,3.68,1.51,2.2,3.51,10.9,15.5
1010,2019,5,Karnataka,Bagalkote,41.95,69.33,1653.0,1531.0,1565.0,1118.0,1404.6666666666667,0.07968647942521234,18.21,1106.3633333333335,2.56,2.94,4.4,3.94,13.84,21.52
1012,2001,5,Karnataka,Davanagere,0.52,0.22,423.0,1667.0,467.0,571.0,901.6666666666666,-0.7462507498500299,0.6,511.5,7.72,11.53,7.21,4.15,30.61,39.59
1012,2002,5,Karnataka,Davanagere,0.41,0.14,341.0,423.0,1667.0,467.0,852.3333333333334,-0.19385342789598103,0.52,432.3125,9.9,4.38,9.89,2.47,26.64,36.32
1012,2003,5,Karnataka,Davanagere,0.91,0.54,593.0,341.0,423.0,1667.0,810.3333333333334,0.7390029325513197,0.41,547.0666666666667,10.34,7.71,6.46,2.23,26.74,34.57
1012,2004,5,Karnataka,Davanagere,0.6,0.33,550.0,593.0,341.0,423.0,452.3333333333333,-0.07251264755480602,0.91,593.7333333333333,8.46,10.87,8.46,4.76,32.55,45.31
1012,2005,5,Karnataka,Davanagere,0.72,0.44,611.0,550.0,593.0,341.0,494.6666666666667,0.11090909090909085,0.6,812.8125,12.03,20.63,8.65,7.46,48.77,58.31
1012,2006,5,Karnataka,Davanagere,0.49,0.37,755.0,611.0,550.0,593.0,584.6666666666666,0.23567921440261874,0.72,492.8,12.73,9.38,7.43,8.87,38.41,53.21
1012,2007,5,Karnataka,Davanagere,0.72,0.72,1000.0,755.0,611.0,550.0,638.6666666666666,0.32450331125827825,0.49,896.9333333333333,17.44,11.64,12.95,13.55,55.58,65.16
1012,2008,5,Karnataka,Davanagere,0.93,0.58,624.0,1000.0,755.0,611.0,788.6666666666666,-0.376,0.72,644.4285714285714,9.56,8.69,11.6,6.17,36.02,47.52
1012,2009,5,Karnataka,Davanagere,0.97,0.65,670.0,624.0,1000.0,755.0,793.0,0.07371794871794868,0.93,475.3076923076923,10.1,17.5,8.02,10.25,45.870000000000005,59.85
1012,2010,5,Karnataka,Davanagere,1.41,2.14,1518.0,670.0,624.0,1000.0,764.6666666666666,1.265671641791045,0.97,1009.0,11.09,20.37,10.46,10.04,51.96,68.51
1012,2011,5,Karnataka,Davanagere,0.89,0.75,843.0,1518.0,670.0,624.0,937.3333333333334,-0.44466403162055335,1.41,867.625,8.97,14.0,14.12,6.27,43.36,50.28
1012,2012,5,Karnataka,Davanagere,0.88,0.64,727.0,843.0,1518.0,670.0,1010.3333333333334,-0.1376037959667853,0.89,988.1,11.74,8.15,13.23,5.46,38.580000000000005,47.52
1012,2013,5,Karnataka,Davanagere,0.65,0.66,1015.0,727.0,843.0,1518.0,1029.3333333333333,0.3961485557083906,0.88,1081.0555555555557,11.7,15.39,7.77,8.29,43.15,53.48
1012,2014,5,Karnataka,Davanagere,0.62,0.62,1000.0,1015.0,727.0,843.0,861.6666666666666,-0.014778325123152691,0.65,981.625,7.14,14.99,17.4,5.11,44.64,56.42
1012,2015,5,Karnataka,Davanagere,0.72,0.61,847.0,1000.0,1015.0,727.0,914.0,-0.15300000000000002,0.62,714.4705882352941,4.56,3.38,6.06,4.92,18.92,28.25
1012,2016,5,Karnataka,Davanagere,0.56,0.38,668.0,847.0,1000.0,1015.0,954.0,-0.21133412042502953,0.72,919.8888888888889,6.05,5.85,2.62,2.59,17.11,21.43
1012,2017,5,Karnataka,Davanagere,1.56,2.33,1490.0,668.0,847.0,1000.0,838.3333333333334,1.2305389221556888,0.56,1521.235294117647,4.16,4.2,3.65,5.45,17.46,24.24
1012,2018,5,Karnataka,Davanagere,0.47,0.28,587.0,1490.0,668.0,847.0,1001.6666666666666,-0.6060402684563758,1.56,968.64,5.15,3.55,3.18,1.5,13.38,20.02
1012,2019,5,Karnataka,Davanagere,0.75,0.57,751.0,587.0,1490.0,668.0,915.0,0.27938671209540034,0.47,1106.3633333333335,4.43,5.28,7.88,6.58,24.17,36.15
1013,2001,5,Karnataka,Gadag,2.03,1.08,532.0,526.0,376.0,504.0,468.6666666666667,0.011406844106463865,1.9,511.5,1.51,2.88,2.43,2.68,9.5,15.67
1013,2002,5,Karnataka,Gadag,1.4,0.81,579.0,532.0,526.0,376.0,478.0,0.08834586466165417,2.03,432.3125,2.23,1.08,4.35,1.15,8.81,13.81
1013,2003,5,Karnataka,Gadag,1.5,0.69,460.0,579.0,532.0,526.0,545.6666666666666,-0.20552677029360966,1.4,547.0666666666667,1.85,1.29,1.85,1.06,6.050000000000001,13.27
1013,2004,5,Karnataka,Gadag,2.02,1.19,589.0,460.0,579.0,532.0,523.6666666666666,0.2804347826086957,1.5,593.7333333333333,2.52,2.93,2.48,4.29,12.22,18.5
1013,2005,5,Karnataka,Gadag,2.48,2.2,887.0,589.0,460.0,579.0,542.6666666666666,0.5059422750424447,2.02,812.8125,4.67,8.78,3.24,3.96,20.65,29.12
1013,2006,5,Karnataka,Gadag,2.0,0.89,445.0,887.0,589.0,460.0,645.3333333333334,-0.49830890642615555,2.48,492.8,5.92,3.17,2.22,3.18,14.49,24.17
1013,2007,5,Karnataka,Gadag,1.95,3.2,1641.0,445.0,887.0,589.0,640.3333333333334,2.6876404494382022,2.0,896.9333333333333,5.74,5.81,3.29,8.51,23.35,29.02
1013,2008,5,Karnataka,Gadag,1.62,0.93,574.0,1641.0,445.0,887.0,991.0,-0.6502132845825717,1.95,644.4285714285714,1.81,2.92,3.64,2.93,11.3,24.25
1013,2009,5,Karnataka,Gadag,1.8,0.91,506.0,574.0,1641.0,445.0,886.6666666666666,-0.11846689895470386,1.62,475.3076923076923,3.81,3.75,3.48,6.44,17.48,26.8
1013,2010,5,Karnataka,Gadag,2.8,2.4,857.0,506.0,574.0,1641.0,907.0,0.6936758893280632,1.8,1009.0,3.35,4.91,5.73,4.36,18.35,28.09
1013,2011,5,Karnataka,Gadag,2.16,1.65,764.0,857.0,506.0,574.0,645.6666666666666,-0.10851808634772464,2.8,867.625,2.05,3.11,5.11,1.55,11.82,17.66
1013,2012,5,Karnataka,Gadag,2.96,2.31,780.0,764.0,857.0,506.0,709.0,0.020942408376963373,2.16,988.1,2.01,2.14,2.42,3.03,9.6,17.35
1013,2013,5,Karnataka,Gadag,2.77,2.17,783.0,780.0,764.0,857.0,800.3333333333334,0.0038461538461538325,2.96,1081.0555555555557,2.93,2.87,1.7,5.44,12.94,20.65
1013,2014,5,Karnataka,Gadag,2.42,1.42,587.0,783.0,780.0,764.0,775.6666666666666,-0.25031928480204346,2.77,981.625,1.62,4.51,6.13,2.17,14.43,24.14
1013,2015,5,Karnataka,Gadag,1.09,0.41,376.0,587.0,783.0,780.0,716.6666666666666,-0.35945485519591136,2.42,714.4705882352941,2.81,1.18,6.54,2.96,13.490000000000002,19.53
1013,2016,5,Karnataka,Gadag,1.28,0.86,676.0,376.0,587.0,783.0,582.0,0.7978723404255319,1.09,919.8888888888889,3.61,4.92,2.45,2.91,13.89,17.71
1013,2017,5,Karnataka,Gadag,2.17,2.88,1327.0,676.0,376.0,587.0,546.3333333333334,0.9630177514792899,1.28,1521.235294117647,3.23,2.6,3.4,6.39,15.62,20.79
1013,2018,5,Karnataka,Gadag,3.62,1.66,458.0,1327.0,676.0,376.0,793.0,-0.6548605877920121,2.17,968.64,4.27,1.97,1.97,3.76,11.97,19.11
1013,2019,5,Karnataka,Gadag,3.04,2.1,690.0,458.0,1327.0,676.0,820.3333333333334,0.5065502183406114,3.62,1106.3633333333335,3.64,3.98,6.83,4.28,18.73,29.34
1014,2002,5,Karnataka,Haveri,0.43,0.16,372.0,500.0,538.0,663.0,567.0,-0.256,0.34,432.3125,9.9,4.38,9.89,2.47,26.64,36.32
1014,2003,5,Karnataka,Haveri,0.04,0.03,750.0,372.0,500.0,538.0,470.0,1.0161290322580645,0.43,547.0666666666667,10.34,7.71,6.46,2.23,26.74,34.57
1014,2004,5,Karnataka,Haveri,0.18,0.1,556.0,750.0,372.0,500.0,540.6666666666666,-0.2586666666666667,0.04,593.7333333333333,8.46,10.87,8.46,4.76,32.55,45.31
1014,2005,5,Karnataka,Haveri,0.07,0.06,857.0,556.0,750.0,372.0,559.3333333333334,0.5413669064748201,0.18,812.8125,12.03,20.63,8.65,7.46,48.77,58.31
1014,2006,5,Karnataka,Haveri,0.07,0.03,429.0,857.0,556.0,750.0,721.0,-0.4994165694282381,0.07,492.8,12.73,9.38,7.43,8.87,38.41,53.21
1014,2007,5,Karnataka,Haveri,0.05,0.03,600.0,429.0,857.0,556.0,614.0,0.39860139860139854,0.07,896.9333333333333,17.44,11.64,12.95,13.55,55.58,65.16
1014,2008,5,Karnataka,Haveri,0.02,0.01,500.0,600.0,429.0,857.0,628.6666666666666,-0.16666666666666663,0.05,644.4285714285714,9.56,8.69,11.6,6.17,36.02,47.52
1014,2011,5,Karnataka,Haveri,0.01,0.01,1000.0,500.0,600.0,429.0,509.6666666666667,1.0,0.02,867.625,8.97,14.0,14.12,6.27,43.36,50.28
1014,2012,5,Karnataka,Haveri,0.06,0.06,1000.0,1000.0,500.0,600.0,700.0,0.0,0.01,988.1,11.74,8.15,13.23,5.46,38.580000000000005,47.52
1014,2016,5,Karnataka,Haveri,0.01,0.01,1000.0,1000.0,1000.0,500.0,833.3333333333334,0.0,0.06,919.8888888888889,6.05,5.85,2.62,2.59,17.11,21.43
1014,2018,5,Karnataka,Haveri,0.01,0.01,833.0,1000.0,1000.0,1000.0,1000.0,-0.16700000000000004,0.01,968.64,5.15,3.55,3.18,1.5,13.38,20.02
1014,2019,5,Karnataka,Haveri,0.07,0.07,1075.0,833.0,1000.0,1000.0,944.3333333333334,0.290516206482593,0.01,1106.3633333333335,4.43,5.28,7.88,6.58,24.17,36.15
1015,2001,5,Karnataka,Koppal,38.28,15.61,408.0,593.0,557.0,498.0,549.3333333333334,-0.311973018549747,59.0,511.5,1.24,2.28,2.14,3.81,9.47,15.82
1015,2002,5,Karnataka,Koppal,50.67,6.02,119.0,408.0,593.0,557.0,519.3333333333334,-0.7083333333333333,38.28,432.3125,1.54,0.96,3.57,1.38,7.45,13.42
1015,2003,5,Karnataka,Koppal,76.3,48.59,637.0,119.0,408.0,593.0,373.3333333333333,4.352941176470588,50.67,547.0666666666667,1.3,1.01,1.94,1.13,5.38,12.38
1015,2004,5,Karnataka,Koppal,73.31,33.52,457.0,637.0,119.0,408.0,388.0,-0.28257456828885397,76.3,593.7333333333333,1.51,2.91,1.59,4.47,10.48,17.24
1015,2005,5,Karnataka,Koppal,94.69,101.39,1071.0,457.0,637.0,119.0,404.3333333333333,1.3435448577680527,73.31,812.8125,3.31,7.69,3.15,3.54,17.69,27.46
1015,2006,5,Karnataka,Koppal,69.1,16.61,240.0,1071.0,457.0,637.0,721.6666666666666,-0.7759103641456583,94.69,492.8,4.61,2.2,1.4,3.3,11.510000000000002,21.12
1015,2007,5,Karnataka,Koppal,72.36,61.35,848.0,240.0,1071.0,457.0,589.3333333333334,2.533333333333333,69.1,896.9333333333333,5.66,4.38,3.02,8.25,21.31,27.41
1015,2008,5,Karnataka,Koppal,64.7,35.84,554.0,848.0,240.0,1071.0,719.6666666666666,-0.3466981132075472,72.36,644.4285714285714,1.39,2.71,3.47,3.04,10.61,23.45
1015,2009,5,Karnataka,Koppal,56.21,18.51,329.0,554.0,848.0,240.0,547.3333333333334,-0.40613718411552346,64.7,475.3076923076923,3.22,1.95,3.81,6.67,15.65,24.01
1015,2010,5,Karnataka,Koppal,66.9,93.36,1396.0,329.0,554.0,848.0,577.0,3.2431610942249236,56.21,1009.0,2.26,4.31,5.02,3.51,15.1,24.33
1015,2011,5,Karnataka,Koppal,65.87,87.11,1322.0,1396.0,329.0,554.0,759.6666666666666,-0.05300859598853869,66.9,867.625,1.46,2.27,3.57,0.89,8.19,13.12
1015,2012,5,Karnataka,Koppal,71.35,97.2,1362.0,1322.0,1396.0,329.0,1015.6666666666666,0.030257186081694476,65.87,988.1,1.07,1.91,1.79,2.82,7.59,15.26
1015,2013,5,Karnataka,Koppal,59.56,99.36,1668.0,1362.0,1322.0,1396.0,1360.0,0.22466960352422904,71.35,1081.0555555555557,2.36,1.8,1.27,5.48,10.91,18.47
1015,2014,5,Karnataka,Koppal,51.34,88.91,1732.0,1668.0,1362.0,1322.0,1450.6666666666667,0.0383693045563549,59.56,981.625,1.11,2.84,5.23,2.24,11.42,20.74
1015,2015,5,Karnataka,Koppal,44.19,31.57,714.0,1732.0,1668.0,1362.0,1587.3333333333333,-0.5877598152424942,51.34,714.4705882352941,1.66,0.89,4.74,3.73,11.02,16.72
1015,2016,5,Karnataka,Koppal,56.14,37.6,670.0,714.0,1732.0,1668.0,1371.3333333333333,-0.06162464985994398,44.19,919.8888888888889,3.24,3.69,1.62,3.53,12.08,15.53
1015,2017,5,Karnataka,Koppal,79.21,144.47,1824.0,670.0,714.0,1732.0,1038.6666666666667,1.7223880597014927,56.14,1521.235294117647,3.34,1.85,2.99,5.51,13.69,19.46
1015,2018,5,Karnataka,Koppal,67.05,45.1,673.0,1824.0,670.0,714.0,1069.3333333333333,-0.6310307017543859,79.21,968.64,3.06,0.84,1.51,2.59,8.0,12.95
1015,2019,5,Karnataka,Koppal,106.68,90.79,851.0,673.0,1824.0,670.0,1055.6666666666667,0.2644873699851411,67.05,1106.3633333333335,2.28,2.08,4.22,4.49,13.07,21.78
1018,2003,9,Punjab,Shri Mukatsar Sahib,0.1,0.1,1000.0,800.0,1000.0,667.0,822.3333333333334,0.25,0.5,989.625,1.09,5.34,2.44,1.67,10.54,13.47
1018,2004,9,Punjab,Shri Mukatsar Sahib,1.0,1.0,1000.0,1000.0,800.0,1000.0,933.3333333333334,0.0,0.1,1000.0,2.29,1.82,2.58,0.19,6.880000000000001,10.28
1018,2013,9,Punjab,Shri Mukatsar Sahib,0.1,0.1,1000.0,1000.0,1000.0,800.0,933.3333333333334,0.0,1.0,1000.0,2.03,3.98,4.13,0.42,10.56,14.42
1019,2002,9,Punjab,Moga,0.2,0.2,1000.0,1000.0,900.0,1000.0,966.6666666666666,0.0,0.8,877.8888888888889,0.78,1.61,3.19,2.77,8.35,10.31
1019,2003,9,Punjab,Moga,0.2,0.2,1000.0,1000.0,1000.0,900.0,966.6666666666666,0.0,0.2,989.625,1.62,4.76,3.1,1.44,10.92,15.54
1019,2019,9,Punjab,Moga,0.2,0.1,500.0,1000.0,1000.0,1000.0,1000.0,-0.5,0.2,583.5,1.22,6.91,5.68,3.2,17.01,24.72
1020,2001,10,Rajasthan,Karoli,111.14,114.62,1031.0,1195.0,1428.0,1330.0,1317.6666666666667,-0.13723849372384933,110.81,849.96875,2.51,4.88,2.78,0.77,10.94,13.51
1020,2002,10,Rajasthan,Karoli,111.29,42.54,382.0,1031.0,1195.0,1428.0,1218.0,-0.6294859359844811,111.14,301.6333333333333,1.03,0.23,2.93,3.34,7.53,11.35
1020,2003,10,Rajasthan,Karoli,134.21,303.8,2264.0,382.0,1031.0,1195.0,869.3333333333334,4.9267015706806285,111.29,1253.84375,2.94,9.19,4.07,2.61,18.81,20.93
1020,2004,10,Rajasthan,Karoli,111.47,183.59,1647.0,2264.0,382.0,1031.0,1225.6666666666667,-0.2725265017667845,134.21,842.9677419354839,1.41,2.81,9.24,1.19,14.65,18.94
1020,2005,10,Rajasthan,Karoli,117.83,149.63,1270.0,1647.0,2264.0,382.0,1431.0,-0.2289010321797207,111.47,567.75,2.21,6.61,1.45,3.58,13.85,15.65
1020,2006,10,Rajasthan,Karoli,119.45,189.3,1585.0,1270.0,1647.0,2264.0,1727.0,0.24803149606299213,117.83,907.28125,3.35,5.52,2.22,1.93,13.02,15.07
1020,2007,10,Rajasthan,Karoli,126.17,221.99,1759.0,1585.0,1270.0,1647.0,1500.6666666666667,0.10977917981072549,119.45,1043.3548387096773,2.77,3.85,5.49,2.11,14.22,18.11
1020,2008,10,Rajasthan,Karoli,117.31,204.26,1741.0,1759.0,1585.0,1270.0,1538.0,-0.01023308698123937,126.17,1079.8181818181818,3.88,5.32,4.76,3.66,17.619999999999997,20.59
1020,2009,10,Rajasthan,Karoli,133.66,247.77,1854.0,1741.0,1759.0,1585.0,1695.0,0.06490522688110278,117.31,594.258064516129,1.16,3.56,3.77,3.26,11.75,15.31
1020,2010,10,Rajasthan,Karoli,133.5,253.93,1902.0,1854.0,1741.0,1759.0,1784.6666666666667,0.025889967637540368,133.66,1232.6060606060605,0.68,5.98,8.28,5.04,19.98,22.64
1020,2011,10,Rajasthan,Karoli,128.62,253.41,1970.0,1902.0,1854.0,1741.0,1832.3333333333333,0.035751840168243953,133.5,1307.6363636363637,3.43,3.99,6.14,5.54,19.1,21.02
1020,2012,10,Rajasthan,Karoli,123.0,227.96,1853.0,1970.0,1902.0,1854.0,1908.6666666666667,-0.059390862944162404,128.62,1154.1818181818182,0.25,4.99,12.68,3.07,20.99,22.3
1020,2013,10,Rajasthan,Karoli,121.91,247.89,2033.0,1853.0,1970.0,1902.0,1908.3333333333333,0.09713977334052881,123.0,1063.7878787878788,4.8,6.93,10.45,2.85,25.03,30.39
1020,2014,10,Rajasthan,Karoli,124.75,258.21,2070.0,2033.0,1853.0,1970.0,1952.0,0.018199704869650724,121.91,1185.75,0.66,4.15,6.24,1.93,12.98,17.650000000000002
1020,2015,10,Rajasthan,Karoli,124.76,226.38,1815.0,2070.0,2033.0,1853.0,1985.3333333333333,-0.12318840579710144,124.75,928.65625,1.55,4.49,4.94,0.88,11.86,17.68
1020,2016,10,Rajasthan,Karoli,127.4,247.18,1940.0,1815.0,2070.0,2033.0,1972.6666666666667,0.06887052341597788,124.76,1111.3939393939395,1.85,12.19,5.94,0.87,20.85,22.29
1020,2017,10,Rajasthan,Karoli,130.93,272.56,2082.0,1940.0,1815.0,2070.0,1941.6666666666667,0.07319587628865976,127.4,1012.3333333333334,3.3,2.96,3.74,2.11,12.11,14.53
1020,2018,10,Rajasthan,Karoli,129.7,250.02,1928.0,2082.0,1940.0,1815.0,1945.6666666666667,-0.07396733909702213,130.93,1085.6875,2.17,9.42,5.7,4.34,21.63,23.9
1020,2019,10,Rajasthan,Karoli,131.44,292.3,2224.0,1928.0,2082.0,1940.0,1983.3333333333333,0.15352697095435675,129.7,1246.3870967741937,0.38,5.13,6.68,3.39,15.58,19.64
1022,1999,11,Tamil Nadu,Karur,12.14,3.82,315.0,243.0,304.0,461.0,336.0,0.2962962962962963,13.06,1686.5416666666667,1.24,0.69,1.19,1.49,4.61,22.39
1022,2000,11,Tamil Nadu,Karur,10.59,2.97,280.0,315.0,243.0,304.0,287.3333333333333,-0.11111111111111116,12.14,1490.8333333333333,0.49,3.27,1.77,4.52,10.05,26.8
1022,2001,11,Tamil Nadu,Karur,7.28,3.06,420.0,280.0,315.0,243.0,279.3333333333333,0.5,10.59,1411.7083333333333,0.9,3.45,1.29,3.66,9.3,22.62
1022,2002,11,Tamil Nadu,Karur,6.23,1.55,249.0,420.0,280.0,315.0,338.3333333333333,-0.40714285714285714,7.28,1024.6818181818182,3.06,0.21,0.62,1.48,5.37,18.2
1022,2003,11,Tamil Nadu,Karur,5.26,1.56,297.0,249.0,420.0,280.0,316.3333333333333,0.19277108433734935,6.23,1060.8,0.6,2.19,3.04,2.97,8.8,24.19
1022,2004,11,Tamil Nadu,Karur,5.19,1.46,281.0,297.0,249.0,420.0,322.0,-0.05387205387205385,5.26,1259.4615384615386,0.59,3.47,0.79,8.19,13.04,31.92
1022,2005,11,Tamil Nadu,Karur,5.73,1.46,255.0,281.0,297.0,249.0,275.6666666666667,-0.09252669039145911,5.19,1316.625,0.25,0.95,1.58,2.86,5.640000000000001,36.18
1022,2006,11,Tamil Nadu,Karur,4.37,1.83,419.0,255.0,281.0,297.0,277.6666666666667,0.6431372549019607,5.73,1589.5652173913043,0.86,0.31,3.94,2.55,7.659999999999999,24.1
1022,2007,11,Tamil Nadu,Karur,2.32,0.65,280.0,419.0,255.0,281.0,318.3333333333333,-0.3317422434367542,4.37,1603.8695652173913,1.33,2.3,2.94,1.47,8.040000000000001,24.94
1022,2008,11,Tamil Nadu,Karur,2.97,1.36,458.0,280.0,419.0,255.0,318.0,0.6357142857142857,2.32,1738.4166666666667,0.62,3.9,4.59,1.08,10.19,33.75
1022,2009,11,Tamil Nadu,Karur,2.4,1.82,758.0,458.0,280.0,419.0,385.6666666666667,0.6550218340611353,2.97,1623.92,0.63,0.76,1.82,2.24,5.45,19.63
1022,2010,11,Tamil Nadu,Karur,1.55,0.72,465.0,758.0,458.0,280.0,498.6666666666667,-0.3865435356200527,2.4,1499.9583333333333,2.49,1.69,3.34,3.01,10.53,32.02
1022,2011,11,Tamil Nadu,Karur,1.56,2.67,1712.0,465.0,758.0,458.0,560.3333333333334,2.681720430107527,1.55,2250.72,0.57,2.02,2.6,4.43,9.62,27.27
1022,2012,11,Tamil Nadu,Karur,0.93,1.45,1559.0,1712.0,465.0,758.0,978.3333333333334,-0.08936915887850472,1.56,1478.6153846153845,1.99,1.43,2.73,3.32,9.47,21.86
1022,2013,11,Tamil Nadu,Karur,0.85,1.9,2235.0,1559.0,1712.0,465.0,1245.3333333333333,0.4336112892880051,0.93,2170.25,1.25,0.49,3.4,4.1,9.239999999999998,20.0
1022,2014,11,Tamil Nadu,Karur,0.52,0.86,1654.0,2235.0,1559.0,1712.0,1835.3333333333333,-0.25995525727069346,0.85,3069.8846153846152,1.33,0.53,2.8,2.43,7.09,21.29
1022,2015,11,Tamil Nadu,Karur,0.83,1.4,1687.0,1654.0,2235.0,1559.0,1816.0,0.019951632406287834,0.52,2671.75,2.26,0.48,2.11,2.91,7.76,28.38
1022,2016,11,Tamil Nadu,Karur,0.23,0.63,2691.0,1687.0,1654.0,2235.0,1858.6666666666667,0.5951393005334915,0.83,2170.375,1.08,2.61,1.22,0.43,5.34,12.4
1022,2017,11,Tamil Nadu,Karur,0.45,1.0,2216.0,2691.0,1687.0,1654.0,2010.6666666666667,-0.17651430694908954,0.23,2231.28,0.98,1.23,3.23,6.18,11.62,25.35
1022,2018,11,Tamil Nadu,Karur,0.34,0.82,2428.0,2216.0,2691.0,1687.0,2198.0,0.09566787003610111,0.45,2474.84,1.32,1.83,1.47,4.18,8.8,22.25
1022,2019,11,Tamil Nadu,Karur,0.52,1.42,2730.0,2428.0,2216.0,2691.0,2445.0,0.12438220757825369,0.34,2837.84,1.58,1.14,3.33,5.38,11.43,25.21
1023,1999,11,Tamil Nadu,Namakkal,0.63,1.22,1937.0,1424.0,1483.0,1137.0,1348.0,0.360252808988764,0.92,1686.5416666666667,1.6,1.13,1.38,2.21,6.319999999999999,24.2
1023,2000,11,Tamil Nadu,Namakkal,0.57,0.88,1544.0,1937.0,1424.0,1483.0,1614.6666666666667,-0.20289106866288076,0.63,1490.8333333333333,0.86,3.19,2.45,4.64,11.14,28.14
1023,2001,11,Tamil Nadu,Namakkal,0.35,0.49,1400.0,1544.0,1937.0,1424.0,1635.0,-0.09326424870466321,0.57,1411.7083333333333,1.03,3.45,1.49,4.18,10.15,24.51
1023,2002,11,Tamil Nadu,Namakkal,0.43,0.45,1047.0,1400.0,1544.0,1937.0,1627.0,-0.2521428571428571,0.35,1024.6818181818182,3.12,0.39,0.76,1.91,6.180000000000001,19.44
1023,2003,11,Tamil Nadu,Namakkal,1.02,1.11,1088.0,1047.0,1400.0,1544.0,1330.3333333333333,0.03915950334288443,0.43,1060.8,0.87,2.2,3.18,2.78,9.03,23.85
1023,2004,11,Tamil Nadu,Namakkal,0.35,0.41,1171.0,1088.0,1047.0,1400.0,1178.3333333333333,0.07628676470588225,1.02,1259.4615384615386,0.71,3.63,1.13,8.18,13.65,33.89
1023,2005,11,Tamil Nadu,Namakkal,0.39,0.54,1385.0,1171.0,1088.0,1047.0,1102.0,0.1827497865072587,0.35,1316.625,0.32,1.28,2.25,3.31,7.16,39.25
1023,2006,11,Tamil Nadu,Namakkal,0.54,0.87,1611.0,1385.0,1171.0,1088.0,1214.6666666666667,0.1631768953068593,0.39,1589.5652173913043,1.28,0.59,3.27,2.43,7.57,24.62
1023,2007,11,Tamil Nadu,Namakkal,0.21,0.36,1714.0,1611.0,1385.0,1171.0,1389.0,0.06393544382371208,0.54,1603.8695652173913,1.21,2.77,3.6,2.34,9.92,27.48
1023,2008,11,Tamil Nadu,Namakkal,0.12,0.24,2000.0,1714.0,1611.0,1385.0,1570.0,0.16686114352392067,0.21,1738.4166666666667,0.93,4.04,4.74,1.35,11.06,35.37
1023,2009,11,Tamil Nadu,Namakkal,0.27,0.44,1630.0,2000.0,1714.0,1611.0,1775.0,-0.18500000000000005,0.12,1623.92,0.83,1.22,2.06,3.1,7.209999999999999,21.03
1023,2010,11,Tamil Nadu,Namakkal,0.09,0.13,1444.0,1630.0,2000.0,1714.0,1781.3333333333333,-0.11411042944785277,0.27,1499.9583333333333,2.94,2.39,4.97,2.94,13.24,34.76
1023,2011,11,Tamil Nadu,Namakkal,0.05,0.12,2400.0,1444.0,1630.0,2000.0,1691.3333333333333,0.6620498614958448,0.09,2250.72,0.62,2.4,3.01,4.17,10.2,28.21
1023,2012,11,Tamil Nadu,Namakkal,0.18,0.27,1500.0,2400.0,1444.0,1630.0,1824.6666666666667,-0.375,0.05,1478.6153846153845,1.86,2.03,2.72,4.3,10.91,24.09
1023,2013,11,Tamil Nadu,Namakkal,0.39,0.85,2179.0,1500.0,2400.0,1444.0,1781.3333333333333,0.4526666666666668,0.18,2170.25,2.11,0.99,3.87,5.36,12.33,22.33
1023,2014,11,Tamil Nadu,Namakkal,0.28,0.85,3036.0,2179.0,1500.0,2400.0,2026.3333333333333,0.3932996787517209,0.39,3069.8846153846152,2.07,0.65,2.68,3.38,8.780000000000001,21.79
1023,2015,11,Tamil Nadu,Namakkal,0.06,0.15,2500.0,3036.0,2179.0,1500.0,2238.3333333333335,-0.17654808959156787,0.28,2671.75,2.51,0.63,2.28,2.81,8.23,28.6
1023,2016,11,Tamil Nadu,Namakkal,0.05,0.16,2907.0,2500.0,3036.0,2179.0,2571.6666666666665,0.16280000000000006,0.06,2170.375,1.8,2.7,1.3,0.45,6.25,13.3
1023,2017,11,Tamil Nadu,Namakkal,0.23,0.54,2357.0,2907.0,2500.0,3036.0,2814.3333333333335,-0.18919848641210868,0.05,2231.28,0.84,1.38,3.32,6.8,12.34,26.55
1023,2018,11,Tamil Nadu,Namakkal,0.17,0.47,2810.0,2357.0,2907.0,2500.0,2588.0,0.192193466270683,0.23,2474.84,1.74,2.39,1.36,4.08,9.57,21.82
1023,2019,11,Tamil Nadu,Namakkal,0.06,0.17,2758.0,2810.0,2357.0,2907.0,2691.3333333333335,-0.0185053380782918,0.17,2837.84,2.07,1.67,4.17,5.8,13.71,27.4
1025,1999,11,Tamil Nadu,Theni,4.46,7.27,1630.0,1524.0,1413.0,1411.0,1449.3333333333333,0.06955380577427817,2.9,1686.5416666666667,6.35,2.91,1.75,1.05,12.06,38.89
1025,2000,11,Tamil Nadu,Theni,3.17,4.06,1281.0,1630.0,1524.0,1413.0,1522.3333333333333,-0.21411042944785275,4.46,1490.8333333333333,4.14,2.56,6.51,3.89,17.099999999999998,35.39
1025,2001,11,Tamil Nadu,Theni,4.1,5.93,1446.0,1281.0,1630.0,1524.0,1478.3333333333333,0.12880562060889922,3.17,1411.7083333333333,7.19,6.5,2.38,7.17,23.24,46.79
1025,2002,11,Tamil Nadu,Theni,4.86,4.14,852.0,1446.0,1281.0,1630.0,1452.3333333333333,-0.4107883817427386,4.1,1024.6818181818182,5.48,1.83,4.43,1.73,13.47,35.23
1025,2003,11,Tamil Nadu,Theni,6.85,3.03,442.0,852.0,1446.0,1281.0,1193.0,-0.48122065727699526,4.86,1060.8,5.18,4.53,4.22,1.77,15.7,40.94
1025,2004,11,Tamil Nadu,Theni,5.34,8.01,1500.0,442.0,852.0,1446.0,913.3333333333334,2.3936651583710407,6.85,1259.4615384615386,5.17,5.56,2.94,8.39,22.06,52.26
1025,2005,11,Tamil Nadu,Theni,3.9,5.9,1513.0,1500.0,442.0,852.0,931.3333333333334,0.0086666666666666,5.34,1316.625,6.14,5.38,2.31,5.13,18.96,54.39
1025,2006,11,Tamil Nadu,Theni,3.13,6.64,2121.0,1513.0,1500.0,442.0,1151.6666666666667,0.4018506278916061,3.9,1589.5652173913043,5.37,4.01,5.44,7.72,22.54,51.86
1025,2007,11,Tamil Nadu,Theni,2.84,4.86,1711.0,2121.0,1513.0,1500.0,1711.3333333333333,-0.19330504479019328,3.13,1603.8695652173913,4.35,5.34,3.43,4.68,17.799999999999997,35.03
1025,2008,11,Tamil Nadu,Theni,2.66,4.57,1718.0,1711.0,2121.0,1513.0,1781.6666666666667,0.004091174751607252,2.84,1738.4166666666667,1.89,4.55,4.34,2.91,13.69,35.96
1025,2009,11,Tamil Nadu,Theni,3.42,8.74,2556.0,1718.0,1711.0,2121.0,1850.0,0.4877764842840513,2.66,1623.92,3.15,3.39,2.24,2.92,11.7,27.83
1025,2010,11,Tamil Nadu,Theni,3.2,10.36,3238.0,2556.0,1718.0,1711.0,1995.0,0.26682316118935834,3.42,1499.9583333333333,4.03,3.19,2.28,4.08,13.58,37.57
1025,2011,11,Tamil Nadu,Theni,3.34,7.49,2243.0,3238.0,2556.0,1718.0,2504.0,-0.3072884496602841,3.2,2250.72,2.33,2.55,2.52,3.29,10.69,29.67
1025,2012,11,Tamil Nadu,Theni,2.5,4.12,1648.0,2243.0,3238.0,2556.0,2679.0,-0.2652697280427998,3.34,1478.6153846153845,1.81,1.26,3.19,1.93,8.19,22.0
1025,2013,11,Tamil Nadu,Theni,1.14,2.82,2474.0,1648.0,2243.0,3238.0,2376.3333333333335,0.5012135922330097,2.5,2170.25,3.57,2.14,4.69,2.22,12.62,27.49
1025,2014,11,Tamil Nadu,Theni,1.48,5.0,3378.0,2474.0,1648.0,2243.0,2121.6666666666665,0.3654001616814875,1.14,3069.8846153846152,1.75,1.63,5.44,3.21,12.03,31.65
1025,2015,11,Tamil Nadu,Theni,1.65,5.35,3242.0,3378.0,2474.0,1648.0,2500.0,-0.04026050917702784,1.48,2671.75,3.58,1.41,2.16,4.89,12.04,36.67
1025,2016,11,Tamil Nadu,Theni,2.94,1.83,622.0,3242.0,3378.0,2474.0,3031.3333333333335,-0.8081431215299197,1.65,2170.375,2.12,5.09,2.37,0.92,10.5,21.94
1025,2017,11,Tamil Nadu,Theni,1.49,2.94,1980.0,622.0,3242.0,3378.0,2414.0,2.1832797427652735,2.94,2231.28,3.36,2.61,5.63,6.7,18.3,37.7
1025,2018,11,Tamil Nadu,Theni,2.36,8.64,3664.0,1980.0,622.0,3242.0,1948.0,0.8505050505050504,1.49,2474.84,2.29,3.17,3.84,3.97,13.27,31.69
1025,2019,11,Tamil Nadu,Theni,1.06,2.19,2076.0,3664.0,1980.0,622.0,2088.6666666666665,-0.4334061135371179,2.36,2837.84,2.3,2.23,4.88,7.15,16.560000000000002,36.5
1027,1999,11,Tamil Nadu,Thiruvallur,0.98,2.28,2327.0,1951.0,2000.0,1295.0,1748.6666666666667,0.1927216811891337,1.03,1686.5416666666667,1.82,1.32,4.12,3.06,10.32,26.76
1027,2000,11,Tamil Nadu,Thiruvallur,1.11,2.09,1883.0,2327.0,1951.0,2000.0,2092.6666666666665,-0.19080360979802324,0.98,1490.8333333333333,1.93,3.85,4.01,4.48,14.27,33.96
1027,2001,11,Tamil Nadu,Thiruvallur,1.32,2.32,1758.0,1883.0,2327.0,1951.0,2053.6666666666665,-0.06638343069569841,1.11,1411.7083333333333,1.7,3.78,1.63,4.94,12.05,40.27
1027,2002,11,Tamil Nadu,Thiruvallur,1.47,1.91,1299.0,1758.0,1883.0,2327.0,1989.3333333333333,-0.26109215017064846,1.32,1024.6818181818182,0.71,1.33,4.26,3.1,9.4,33.89
1027,2003,11,Tamil Nadu,Thiruvallur,1.61,1.8,1118.0,1299.0,1758.0,1883.0,1646.6666666666667,-0.13933795227097767,1.47,1060.8,1.68,6.01,4.13,3.13,14.95,28.51
1027,2004,11,Tamil Nadu,Thiruvallur,1.95,3.68,1887.0,1118.0,1299.0,1758.0,1391.6666666666667,0.6878354203935599,1.61,1259.4615384615386,1.7,2.14,1.1,7.74,12.68,41.41
1027,2005,11,Tamil Nadu,Thiruvallur,1.45,2.34,1614.0,1887.0,1118.0,1299.0,1434.6666666666667,-0.1446740858505564,1.95,1316.625,0.48,2.27,2.41,3.93,9.09,56.93
1027,2006,11,Tamil Nadu,Thiruvallur,1.15,3.4,2957.0,1614.0,1887.0,1118.0,1539.6666666666667,0.8320941759603471,1.45,1589.5652173913043,2.27,3.08,2.55,4.06,11.96,38.11
1027,2007,11,Tamil Nadu,Thiruvallur,0.92,2.43,2641.0,2957.0,1614.0,1887.0,2152.6666666666665,-0.10686506594521472,1.15,1603.8695652173913,3.56,6.15,5.73,3.94,19.380000000000003,40.9
1027,2008,11,Tamil Nadu,Thiruvallur,0.63,1.31,2079.0,2641.0,2957.0,1614.0,2404.0,-0.2127981825066263,0.92,1738.4166666666667,1.14,1.99,3.6,2.99,9.72,41.78
1027,2009,11,Tamil Nadu,Thiruvallur,0.3,0.57,1900.0,2079.0,2641.0,2957.0,2559.0,-0.08609908609908612,0.63,1623.92,1.09,1.75,5.28,5.57,13.69,36.87
1027,2010,11,Tamil Nadu,Thiruvallur,0.28,0.37,1321.0,1900.0,2079.0,2641.0,2206.6666666666665,-0.3047368421052632,0.3,1499.9583333333333,3.41,3.83,5.8,3.72,16.759999999999998,43.4
1027,2011,11,Tamil Nadu,Thiruvallur,0.22,0.29,1318.0,1321.0,1900.0,2079.0,1766.6666666666667,-0.002271006813020393,0.28,2250.72,1.74,4.43,5.26,3.81,15.24,41.87
1027,2012,11,Tamil Nadu,Thiruvallur,0.48,0.73,1521.0,1318.0,1321.0,1900.0,1513.0,0.15402124430955988,0.22,1478.6153846153845,1.88,3.12,3.43,3.22,11.65,30.4
1027,2013,11,Tamil Nadu,Thiruvallur,0.9,2.02,2244.0,1521.0,1318.0,1321.0,1386.6666666666667,0.47534516765285995,0.48,2170.25,3.43,3.74,5.41,5.76,18.34,32.65
1027,2014,11,Tamil Nadu,Thiruvallur,0.77,2.33,3026.0,2244.0,1521.0,1318.0,1694.3333333333333,0.3484848484848484,0.9,3069.8846153846152,3.61,1.54,4.81,3.91,13.87,32.61
1027,2015,11,Tamil Nadu,Thiruvallur,1.09,2.89,2651.0,3026.0,2244.0,1521.0,2263.6666666666665,-0.12392597488433577,0.77,2671.75,2.1,2.88,5.33,3.98,14.29,62.85
1027,2016,11,Tamil Nadu,Thiruvallur,0.93,2.56,2761.0,2651.0,3026.0,2244.0,2640.3333333333335,0.04149377593361003,1.09,2170.375,4.25,3.04,1.35,3.55,12.19,24.32
1027,2017,11,Tamil Nadu,Thiruvallur,0.71,1.67,2348.0,2761.0,2651.0,3026.0,2812.6666666666665,-0.1495834842448388,0.93,2231.28,2.74,4.88,6.67,6.67,20.96,39.42
1027,2018,11,Tamil Nadu,Thiruvallur,0.53,1.48,2819.0,2348.0,2761.0,2651.0,2586.6666666666665,0.20059625212947196,0.71,2474.84,2.03,1.89,3.82,3.31,11.05,24.03
1027,2019,11,Tamil Nadu,Thiruvallur,0.47,1.31,2772.0,2819.0,2348.0,2761.0,2642.6666666666665,-0.016672578928698112,0.53,2837.84,1.75,4.07,5.65,7.75,19.22,36.68
1028,1999,12,Uttar Pradesh,Ambedkar Nagar,0.03,0.05,1667.0,1333.0,1071.0,857.0,1087.0,0.2505626406601651,0.03,1361.2424242424242,2.8,7.25,5.57,4.57,20.19,23.79
1028,2000,12,Uttar Pradesh,Ambedkar Nagar,0.08,0.12,1500.0,1667.0,1333.0,1071.0,1357.0,-0.10017996400719853,0.03,1263.7462686567164,5.62,6.12,10.44,5.23,27.41,29.27
1028,2001,12,Uttar Pradesh,Ambedkar Nagar,0.48,0.6,1250.0,1500.0,1667.0,1333.0,1500.0,-0.16666666666666663,0.08,1174.7910447761194,4.55,8.1,6.6,3.73,22.98,28.21
1028,2002,12,Uttar Pradesh,Ambedkar Nagar,0.04,0.06,1500.0,1250.0,1500.0,1667.0,1472.3333333333333,0.19999999999999996,0.48,1196.323076923077,2.38,4.02,5.35,6.21,17.96,22.2
1028,2003,12,Uttar Pradesh,Ambedkar Nagar,0.07,0.1,1429.0,1500.0,1250.0,1500.0,1416.6666666666667,-0.04733333333333334,0.04,1157.3809523809523,2.54,5.41,5.23,8.12,21.3,23.75
1028,2004,12,Uttar Pradesh,Ambedkar Nagar,0.08,0.13,1625.0,1429.0,1500.0,1250.0,1393.0,0.1371588523442968,0.07,1357.09375,7.38,5.95,4.58,3.1,21.01,24.02
1028,2005,12,Uttar Pradesh,Ambedkar Nagar,0.14,0.21,1500.0,1625.0,1429.0,1500.0,1518.0,-0.07692307692307687,0.08,1305.0819672131147,2.79,10.4,7.47,3.89,24.55,29.68
1028,2006,12,Uttar Pradesh,Ambedkar Nagar,0.04,0.06,1500.0,1500.0,1625.0,1429.0,1518.0,0.0,0.14,1386.5333333333333,5.15,9.84,4.72,2.48,22.19,26.18
1028,2007,12,Uttar Pradesh,Ambedkar Nagar,0.03,0.05,1667.0,1500.0,1500.0,1625.0,1541.6666666666667,0.11133333333333328,0.04,1324.3125,2.33,8.37,9.69,6.52,26.91,32.61
1028,2008,12,Uttar Pradesh,Ambedkar Nagar,0.02,0.03,1500.0,1667.0,1500.0,1500.0,1555.6666666666667,-0.10017996400719853,0.03,1478.2131147540983,11.48,16.25,11.6,5.68,45.01,47.61
1028,2009,12,Uttar Pradesh,Ambedkar Nagar,0.02,0.03,1500.0,1500.0,1667.0,1500.0,1555.6666666666667,0.0,0.02,1416.9333333333334,1.2,8.27,6.58,6.34,22.39,26.8
1028,2010,12,Uttar Pradesh,Ambedkar Nagar,0.01,0.01,1000.0,1500.0,1500.0,1667.0,1555.6666666666667,-0.33333333333333337,0.02,1360.1186440677966,1.34,9.68,7.19,6.52,24.73,27.57
1028,2011,12,Uttar Pradesh,Ambedkar Nagar,0.01,0.02,2000.0,1000.0,1500.0,1500.0,1333.3333333333333,1.0,0.01,1526.8095238095239,7.13,9.01,11.0,6.59,33.730000000000004,36.03
1028,2012,12,Uttar Pradesh,Ambedkar Nagar,0.01,0.01,1000.0,2000.0,1000.0,1500.0,1500.0,-0.5,0.01,1586.5967741935483,0.57,11.5,8.42,11.01,31.5,34.03
1028,2013,12,Uttar Pradesh,Ambedkar Nagar,0.05,0.05,1000.0,1000.0,2000.0,1000.0,1333.3333333333333,0.0,0.01,1458.9322033898304,13.34,6.67,7.33,3.09,30.43,39.66
1028,2014,12,Uttar Pradesh,Ambedkar Nagar,0.01,0.02,2000.0,1000.0,1000.0,2000.0,1333.3333333333333,1.0,0.05,1524.3559322033898,2.68,7.59,6.6,4.73,21.6,28.83
1028,2015,12,Uttar Pradesh,Ambedkar Nagar,0.02,0.01,500.0,2000.0,1000.0,1000.0,1333.3333333333333,-0.75,0.01,1426.6896551724137,3.41,6.92,5.68,0.71,16.72,22.57
1028,2016,12,Uttar Pradesh,Ambedkar Nagar,0.01,0.01,875.0,500.0,2000.0,1000.0,1166.6666666666667,0.75,0.02,1464.7166666666667,2.98,12.82,7.76,5.58,29.14,32.96
1028,2017,12,Uttar Pradesh,Ambedkar Nagar,0.01,0.02,2000.0,875.0,500.0,2000.0,1125.0,1.2857142857142856,0.01,1620.1724137931035,3.26,14.18,10.11,3.78,31.33,33.55
1028,2018,12,Uttar Pradesh,Ambedkar Nagar,0.01,0.02,2111.0,2000.0,875.0,500.0,1125.0,0.055500000000000105,0.01,1712.9016393442623,3.3,12.95,15.29,4.69,36.23,38.07
1028,2019,12,Uttar Pradesh,Ambedkar Nagar,0.01,0.02,2111.0,2111.0,2000.0,875.0,1662.0,0.0,0.01,1894.1833333333334,1.99,15.49,6.53,12.21,36.22,39.98
1031,2000,12,Uttar Pradesh,Auraiya,24.38,35.07,1438.0,1670.0,1628.0,1590.0,1629.3333333333333,-0.13892215568862276,23.21,1263.7462686567164,1.96,5.3,5.74,1.05,14.05,15.4
1031,2001,12,Uttar Pradesh,Auraiya,21.9,29.6,1352.0,1438.0,1670.0,1628.0,1578.6666666666667,-0.0598052851182197,24.38,1174.7910447761194,4.54,7.46,5.68,0.55,18.23,21.8
1031,2002,12,Uttar Pradesh,Auraiya,28.26,39.09,1383.0,1352.0,1438.0,1670.0,1486.6666666666667,0.022928994082840326,21.9,1196.323076923077,1.49,1.31,5.97,5.9,14.67,17.93
1031,2003,12,Uttar Pradesh,Auraiya,29.56,39.69,1343.0,1383.0,1352.0,1438.0,1391.0,-0.028922631959508283,28.26,1157.3809523809523,1.29,5.0,5.94,6.98,19.21,22.22
1031,2004,12,Uttar Pradesh,Auraiya,29.14,44.8,1537.0,1343.0,1383.0,1352.0,1359.3333333333333,0.14445271779597912,29.56,1357.09375,2.81,4.81,6.62,3.21,17.45,20.44
1031,2005,12,Uttar Pradesh,Auraiya,29.0,44.83,1546.0,1537.0,1343.0,1383.0,1421.0,0.005855562784645496,29.14,1305.0819672131147,2.24,9.2,2.0,4.33,17.77,19.92
1031,2006,12,Uttar Pradesh,Auraiya,30.78,53.78,1747.0,1546.0,1537.0,1343.0,1475.3333333333333,0.13001293661060798,29.0,1386.5333333333333,5.04,6.65,2.87,1.53,16.090000000000003,18.29
1031,2007,12,Uttar Pradesh,Auraiya,35.45,65.93,1860.0,1747.0,1546.0,1537.0,1610.0,0.06468231253577561,30.78,1324.3125,2.95,5.16,4.54,2.39,15.04,18.45
1031,2008,12,Uttar Pradesh,Auraiya,33.09,76.95,2325.0,1860.0,1747.0,1546.0,1717.6666666666667,0.25,35.45,1478.2131147540983,6.7,10.31,8.53,5.79,31.33,32.79
1031,2009,12,Uttar Pradesh,Auraiya,35.28,80.17,2272.0,2325.0,1860.0,1747.0,1977.3333333333333,-0.02279569892473121,33.09,1416.9333333333334,0.7,3.78,4.42,6.6,15.499999999999998,21.57
1031,2010,12,Uttar Pradesh,Auraiya,34.97,70.14,2006.0,2272.0,2325.0,1860.0,2152.3333333333335,-0.11707746478873238,35.28,1360.1186440677966,1.83,5.04,6.52,7.24,20.630000000000003,23.44
1031,2011,12,Uttar Pradesh,Auraiya,28.01,52.04,1858.0,2006.0,2272.0,2325.0,2201.0,-0.07377866400797606,34.97,1526.8095238095239,5.32,7.38,7.29,3.62,23.61,24.7
1031,2012,12,Uttar Pradesh,Auraiya,29.94,71.74,2396.0,1858.0,2006.0,2272.0,2045.3333333333333,0.2895586652314317,28.01,1586.5967741935483,0.72,6.58,9.06,3.9,20.26,21.85
1031,2013,12,Uttar Pradesh,Auraiya,28.11,64.29,2287.0,2396.0,1858.0,2006.0,2086.6666666666665,-0.04549248747913193,29.94,1458.9322033898304,6.05,6.7,9.24,2.24,24.230000000000004,30.41
1031,2014,12,Uttar Pradesh,Auraiya,36.54,80.31,2198.0,2287.0,2396.0,1858.0,2180.3333333333335,-0.03891560996939225,28.11,1524.3559322033898,0.72,5.76,4.3,3.88,14.66,20.15
1031,2015,12,Uttar Pradesh,Auraiya,31.98,73.29,2292.0,2198.0,2287.0,2396.0,2293.6666666666665,0.04276615104640591,36.54,1426.6896551724137,2.25,6.21,3.52,3.15,15.13,21.11
1031,2016,12,Uttar Pradesh,Auraiya,31.77,73.74,2321.0,2292.0,2198.0,2287.0,2259.0,0.01265270506108207,31.98,1464.7166666666667,2.07,10.11,7.13,1.14,20.45,22.92
1031,2017,12,Uttar Pradesh,Auraiya,31.17,71.52,2295.0,2321.0,2292.0,2198.0,2270.3333333333335,-0.011202068074105953,31.77,1620.1724137931035,2.1,5.54,5.98,1.96,15.580000000000002,17.3
1031,2018,12,Uttar Pradesh,Auraiya,29.1,71.96,2473.0,2295.0,2321.0,2292.0,2302.6666666666665,0.07755991285403052,31.17,1712.9016393442623,2.19,12.32,9.48,3.93,27.92,29.3
1031,2019,12,Uttar Pradesh,Auraiya,30.68,79.22,2582.0,2473.0,2295.0,2321.0,2363.0,0.044076021027092516,29.1,1894.1833333333334,1.82,7.85,8.63,6.36,24.66,27.62
1033,2000,12,Uttar Pradesh,Bagpat,0.72,0.92,1278.0,1493.0,1250.0,1398.0,1380.3333333333333,-0.14400535833891492,0.75,1263.7462686567164,5.06,6.97,5.57,1.46,19.06,22.48
1033,2001,12,Uttar Pradesh,Bagpat,0.67,0.67,1000.0,1278.0,1493.0,1250.0,1340.3333333333333,-0.21752738654147108,0.72,1174.7910447761194,4.93,6.42,4.42,1.49,17.259999999999998,21.34
1033,2002,12,Uttar Pradesh,Bagpat,0.56,0.71,1268.0,1000.0,1278.0,1493.0,1257.0,0.268,0.67,1196.323076923077,1.8,0.86,5.42,6.48,14.56,21.28
1033,2003,12,Uttar Pradesh,Bagpat,0.91,1.3,1429.0,1268.0,1000.0,1278.0,1182.0,0.12697160883280767,0.56,1157.3809523809523,4.07,16.47,7.01,4.49,32.04,35.83
1033,2004,12,Uttar Pradesh,Bagpat,0.79,1.2,1519.0,1429.0,1268.0,1000.0,1232.3333333333333,0.06298110566829962,0.91,1357.09375,3.53,3.52,8.97,0.65,16.669999999999998,23.15
1033,2005,12,Uttar Pradesh,Bagpat,0.8,1.12,1400.0,1519.0,1429.0,1268.0,1405.3333333333333,-0.07834101382488479,0.79,1305.0819672131147,2.39,7.9,4.55,8.25,23.09,26.89
1033,2006,12,Uttar Pradesh,Bagpat,0.51,0.7,1373.0,1400.0,1519.0,1429.0,1449.3333333333333,-0.01928571428571424,0.8,1386.5333333333333,3.53,8.81,4.04,3.55,19.93,24.08
1033,2007,12,Uttar Pradesh,Bagpat,0.52,0.78,1500.0,1373.0,1400.0,1519.0,1430.6666666666667,0.09249817916970149,0.51,1324.3125,4.5,7.68,8.08,3.43,23.69,30.33
1033,2008,12,Uttar Pradesh,Bagpat,0.37,0.65,1757.0,1500.0,1373.0,1400.0,1424.3333333333333,0.17133333333333334,0.52,1478.2131147540983,5.4,7.92,9.28,5.93,28.53,33.98
1033,2009,12,Uttar Pradesh,Bagpat,0.56,1.08,1929.0,1757.0,1500.0,1373.0,1543.3333333333333,0.09789413773477529,0.37,1416.9333333333334,1.33,5.67,7.04,6.33,20.37,24.78
1033,2010,12,Uttar Pradesh,Bagpat,0.61,1.13,1852.0,1929.0,1757.0,1500.0,1728.6666666666667,-0.03991705546915503,0.56,1360.1186440677966,0.93,11.42,12.34,11.25,35.94,38.84
1033,2011,12,Uttar Pradesh,Bagpat,0.51,0.92,1804.0,1852.0,1929.0,1757.0,1846.0,-0.02591792656587477,0.61,1526.8095238095239,4.69,6.85,8.24,7.62,27.4,31.0
1033,2012,12,Uttar Pradesh,Bagpat,0.44,1.02,2318.0,1804.0,1852.0,1929.0,1861.6666666666667,0.28492239467849223,0.51,1586.5967741935483,0.7,5.45,12.08,3.67,21.9,24.13
1033,2013,12,Uttar Pradesh,Bagpat,0.92,1.24,1348.0,2318.0,1804.0,1852.0,1991.3333333333333,-0.41846419327006035,0.44,1458.9322033898304,7.9,11.68,11.0,3.75,34.33,41.98
1033,2014,12,Uttar Pradesh,Bagpat,0.69,1.39,2014.0,1348.0,2318.0,1804.0,1823.3333333333333,0.4940652818991098,0.92,1524.3559322033898,1.51,4.55,6.12,2.64,14.82,22.1
1033,2015,12,Uttar Pradesh,Bagpat,0.57,1.14,2000.0,2014.0,1348.0,2318.0,1893.3333333333333,-0.006951340615690138,0.69,1426.6896551724137,3.59,8.79,7.63,1.67,21.68,28.09
1033,2016,12,Uttar Pradesh,Bagpat,0.45,0.52,1171.0,2000.0,2014.0,1348.0,1787.3333333333333,-0.4145,0.57,1464.7166666666667,2.08,10.62,4.33,1.66,18.69,21.39
1033,2017,12,Uttar Pradesh,Bagpat,1.78,3.47,1954.0,1171.0,2000.0,2014.0,1728.3333333333333,0.6686592655849701,0.45,1620.1724137931035,4.1,4.9,4.54,5.54,19.08,21.48
1033,2018,12,Uttar Pradesh,Bagpat,0.54,1.27,2351.0,1954.0,1171.0,2000.0,1708.3333333333333,0.20317297850562954,1.78,1712.9016393442623,2.05,11.27,7.03,5.74,26.090000000000003,27.4
1033,2019,12,Uttar Pradesh,Bagpat,0.64,1.21,1891.0,2351.0,1954.0,1171.0,1825.3333333333333,-0.1956614206720545,0.54,1894.1833333333334,0.37,6.86,5.32,2.54,15.09,20.89
1034,2006,12,Uttar Pradesh,Balrampur,0.11,0.18,1636.0,1636.0,1667.0,1692.0,1665.0,0.0,0.11,1386.5333333333333,8.88,11.95,6.62,3.65,31.1,37.7
1034,2007,12,Uttar Pradesh,Balrampur,0.11,0.17,1545.0,1636.0,1636.0,1667.0,1646.3333333333333,-0.05562347188264061,0.11,1324.3125,3.75,14.04,11.54,8.0,37.33,46.31
1036,2000,12,Uttar Pradesh,Chandauli,3.9,4.08,1046.0,954.0,903.0,1062.0,973.0,0.09643605870020955,3.93,1263.7462686567164,4.51,5.78,5.57,7.53,23.39,24.72
1036,2001,12,Uttar Pradesh,Chandauli,3.69,4.77,1293.0,1046.0,954.0,903.0,967.6666666666666,0.2361376673040152,3.9,1174.7910447761194,4.26,9.37,5.46,3.59,22.68,27.06
1036,2002,12,Uttar Pradesh,Chandauli,3.72,6.37,1712.0,1293.0,1046.0,954.0,1097.6666666666667,0.3240525908739367,3.69,1196.323076923077,2.69,4.09,8.6,5.32,20.7,25.34
1036,2003,12,Uttar Pradesh,Chandauli,4.38,4.27,975.0,1712.0,1293.0,1046.0,1350.3333333333333,-0.4304906542056075,3.72,1157.3809523809523,2.93,5.59,5.42,6.42,20.36,23.98
1036,2004,12,Uttar Pradesh,Chandauli,1.49,1.65,1107.0,975.0,1712.0,1293.0,1326.6666666666667,0.13538461538461544,4.38,1357.09375,5.57,3.95,4.95,1.93,16.4,18.8
1036,2005,12,Uttar Pradesh,Chandauli,4.9,6.53,1333.0,1107.0,975.0,1712.0,1264.6666666666667,0.20415537488708213,1.49,1305.0819672131147,2.12,7.39,6.98,3.2,19.69,22.55
1036,2006,12,Uttar Pradesh,Chandauli,4.93,7.69,1560.0,1333.0,1107.0,975.0,1138.3333333333333,0.17029257314328583,4.9,1386.5333333333333,3.62,8.11,5.18,3.09,20.0,22.93
1036,2007,12,Uttar Pradesh,Chandauli,4.91,7.11,1448.0,1560.0,1333.0,1107.0,1333.3333333333333,-0.07179487179487176,4.93,1324.3125,2.26,6.27,6.36,5.68,20.57,25.77
1036,2008,12,Uttar Pradesh,Chandauli,4.87,5.87,1205.0,1448.0,1560.0,1333.0,1447.0,-0.16781767955801108,4.91,1478.2131147540983,10.03,11.41,8.43,2.38,32.25,34.1
1036,2009,12,Uttar Pradesh,Chandauli,5.02,4.54,904.0,1205.0,1448.0,1560.0,1404.3333333333333,-0.24979253112033195,4.87,1416.9333333333334,0.69,5.67,3.57,5.05,14.98,17.669999999999998
1036,2010,12,Uttar Pradesh,Chandauli,4.89,6.39,1307.0,904.0,1205.0,1448.0,1185.6666666666667,0.44579646017699126,5.02,1360.1186440677966,0.7,6.17,6.0,4.01,16.880000000000003,19.78
1036,2011,12,Uttar Pradesh,Chandauli,4.87,7.52,1544.0,1307.0,904.0,1205.0,1138.6666666666667,0.1813312930374904,4.89,1526.8095238095239,7.95,5.72,7.92,8.45,30.04,31.72
1036,2012,12,Uttar Pradesh,Chandauli,4.64,5.8,1250.0,1544.0,1307.0,904.0,1251.6666666666667,-0.19041450777202074,4.87,1586.5967741935483,1.2,11.3,6.51,6.06,25.07,28.18
1036,2013,12,Uttar Pradesh,Chandauli,4.89,5.0,1022.0,1250.0,1544.0,1307.0,1367.0,-0.1824,4.64,1458.9322033898304,6.41,5.08,6.05,3.34,20.88,29.17
1036,2014,12,Uttar Pradesh,Chandauli,8.79,13.82,1572.0,1022.0,1250.0,1544.0,1272.0,0.538160469667319,4.89,1524.3559322033898,1.39,8.27,7.73,3.51,20.9,28.52
1036,2015,12,Uttar Pradesh,Chandauli,5.25,6.78,1291.0,1572.0,1022.0,1250.0,1281.3333333333333,-0.17875318066157764,8.79,1426.6896551724137,3.62,9.66,6.86,1.28,21.42,26.6
1036,2016,12,Uttar Pradesh,Chandauli,6.18,4.77,771.0,1291.0,1572.0,1022.0,1295.0,-0.4027885360185902,5.25,1464.7166666666667,1.61,12.57,11.45,8.3,33.93,36.35
1036,2017,12,Uttar Pradesh,Chandauli,4.15,4.77,1149.0,771.0,1291.0,1572.0,1211.3333333333333,0.49027237354085607,6.18,1620.1724137931035,1.95,14.7,4.41,2.13,23.19,24.07
1036,2018,12,Uttar Pradesh,Chandauli,4.93,5.64,1143.0,1149.0,771.0,1291.0,1070.3333333333333,-0.005221932114882533,4.15,1712.9016393442623,2.31,8.64,8.56,4.37,23.880000000000003,25.18
1036,2019,12,Uttar Pradesh,Chandauli,4.89,4.39,899.0,1143.0,1149.0,771.0,1021.0,-0.21347331583552054,4.93,1894.1833333333334,1.07,8.11,8.05,13.34,30.57,34.11
1037,2000,12,Uttar Pradesh,Chitrakoot,8.12,5.92,729.0,809.0,825.0,782.0,805.3333333333334,-0.09888751545117425,7.59,1263.7462686567164,2.78,4.45,5.21,4.45,16.89,17.73
1037,2001,12,Uttar Pradesh,Chitrakoot,7.36,5.22,709.0,729.0,809.0,825.0,787.6666666666666,-0.027434842249657088,8.12,1174.7910447761194,5.18,13.47,6.35,2.32,27.32,32.0
1037,2002,12,Uttar Pradesh,Chitrakoot,9.73,5.65,581.0,709.0,729.0,809.0,749.0,-0.1805359661495064,7.36,1196.323076923077,2.09,3.59,10.64,6.98,23.3,28.25
1037,2003,12,Uttar Pradesh,Chitrakoot,9.72,7.42,763.0,581.0,709.0,729.0,673.0,0.31325301204819267,9.73,1157.3809523809523,2.13,4.97,7.63,14.36,29.09,32.08
1037,2004,12,Uttar Pradesh,Chitrakoot,8.11,8.92,1100.0,763.0,581.0,709.0,684.3333333333334,0.44167758846657934,9.72,1357.09375,6.68,4.54,6.36,3.72,21.3,23.51
1037,2005,12,Uttar Pradesh,Chitrakoot,7.88,7.87,999.0,1100.0,763.0,581.0,814.6666666666666,-0.0918181818181818,8.11,1305.0819672131147,3.44,13.5,7.76,4.12,28.820000000000004,32.01
1037,2006,12,Uttar Pradesh,Chitrakoot,8.49,7.28,857.0,999.0,1100.0,763.0,954.0,-0.14214214214214216,7.88,1386.5333333333333,1.38,9.85,3.33,1.47,16.03,19.11
1037,2007,12,Uttar Pradesh,Chitrakoot,10.02,7.2,719.0,857.0,999.0,1100.0,985.3333333333334,-0.161026837806301,8.49,1324.3125,1.91,5.43,7.53,4.6,19.47,23.91
1037,2008,12,Uttar Pradesh,Chitrakoot,10.15,11.55,1138.0,719.0,857.0,999.0,858.3333333333334,0.5827538247566064,10.02,1478.2131147540983,9.1,11.15,8.95,2.58,31.78,33.62
1037,2009,12,Uttar Pradesh,Chitrakoot,11.18,7.63,682.0,1138.0,719.0,857.0,904.6666666666666,-0.4007029876977153,10.15,1416.9333333333334,1.06,5.53,2.05,5.27,13.91,19.33
1037,2010,12,Uttar Pradesh,Chitrakoot,11.35,7.57,667.0,682.0,1138.0,719.0,846.3333333333334,-0.021994134897360684,11.18,1360.1186440677966,0.46,6.73,5.21,3.91,16.310000000000002,18.69
1037,2011,12,Uttar Pradesh,Chitrakoot,9.87,9.11,923.0,667.0,682.0,1138.0,829.0,0.38380809595202403,11.35,1526.8095238095239,9.1,7.82,8.45,7.73,33.1,34.34
1037,2012,12,Uttar Pradesh,Chitrakoot,9.87,13.59,1377.0,923.0,667.0,682.0,757.3333333333334,0.49187432286023824,9.87,1586.5967741935483,0.64,12.46,9.5,9.9,32.5,34.44
1037,2013,12,Uttar Pradesh,Chitrakoot,8.16,11.63,1425.0,1377.0,923.0,667.0,989.0,0.034858387799564294,9.87,1458.9322033898304,9.87,8.43,9.88,2.33,30.51,40.6
1037,2014,12,Uttar Pradesh,Chitrakoot,7.27,7.33,1008.0,1425.0,1377.0,923.0,1241.6666666666667,-0.29263157894736846,8.16,1524.3559322033898,1.31,7.33,5.46,4.06,18.16,26.23
1037,2015,12,Uttar Pradesh,Chitrakoot,14.56,5.16,354.0,1008.0,1425.0,1377.0,1270.0,-0.6488095238095238,7.27,1426.6896551724137,3.6,6.51,7.2,1.98,19.29,26.63
1037,2016,12,Uttar Pradesh,Chitrakoot,11.83,12.23,1034.0,354.0,1008.0,1425.0,929.0,1.92090395480226,14.56,1464.7166666666667,1.59,15.07,15.11,7.3,39.07,41.55
1037,2017,12,Uttar Pradesh,Chitrakoot,10.19,8.72,856.0,1034.0,354.0,1008.0,798.6666666666666,-0.17214700193423593,11.83,1620.1724137931035,2.79,13.59,4.11,2.52,23.01,23.75
1037,2018,12,Uttar Pradesh,Chitrakoot,7.85,8.31,1060.0,856.0,1034.0,354.0,748.0,0.23831775700934577,10.19,1712.9016393442623,2.54,10.08,9.67,4.12,26.41,28.12
1037,2019,12,Uttar Pradesh,Chitrakoot,10.81,19.97,1847.0,1060.0,856.0,1034.0,983.3333333333334,0.7424528301886792,7.85,1894.1833333333334,0.93,8.75,10.74,11.73,32.150000000000006,36.14
1038,2000,12,Uttar Pradesh,G.B.Nagar,11.33,16.77,1480.0,1508.0,1240.0,1332.0,1360.0,-0.018567639257294433,11.06,1263.7462686567164,4.86,6.42,5.46,1.04,17.78,20.93
1038,2001,12,Uttar Pradesh,G.B.Nagar,12.66,19.71,1557.0,1480.0,1508.0,1240.0,1409.3333333333333,0.052027027027027106,11.33,1174.7910447761194,3.88,5.24,2.94,1.32,13.38,16.7
1038,2002,12,Uttar Pradesh,G.B.Nagar,7.16,9.0,1257.0,1557.0,1480.0,1508.0,1515.0,-0.19267822736030826,12.66,1196.323076923077,1.5,0.41,4.83,6.41,13.15,19.54
1038,2003,12,Uttar Pradesh,G.B.Nagar,6.02,8.61,1430.0,1257.0,1557.0,1480.0,1431.3333333333333,0.13762927605409714,7.16,1157.3809523809523,4.08,15.93,6.18,4.1,30.29,33.44
1038,2004,12,Uttar Pradesh,G.B.Nagar,6.15,10.42,1694.0,1430.0,1257.0,1557.0,1414.6666666666667,0.18461538461538463,6.02,1357.09375,2.86,2.54,8.35,0.75,14.5,20.47
1038,2005,12,Uttar Pradesh,G.B.Nagar,4.72,5.53,1172.0,1694.0,1430.0,1257.0,1460.3333333333333,-0.30814639905549,6.15,1305.0819672131147,2.17,7.12,3.71,7.57,20.57,23.64
1038,2006,12,Uttar Pradesh,G.B.Nagar,2.93,2.78,949.0,1172.0,1694.0,1430.0,1432.0,-0.19027303754266212,4.72,1386.5333333333333,3.39,8.06,3.24,3.37,18.06,21.22
1038,2007,12,Uttar Pradesh,G.B.Nagar,4.36,6.14,1408.0,949.0,1172.0,1694.0,1271.6666666666667,0.48366701791359334,2.93,1324.3125,4.71,6.23,6.64,3.05,20.630000000000003,26.65
1038,2008,12,Uttar Pradesh,G.B.Nagar,2.42,4.45,1839.0,1408.0,949.0,1172.0,1176.3333333333333,0.3061079545454546,4.36,1478.2131147540983,4.09,7.06,8.33,5.64,25.12,30.2
1038,2009,12,Uttar Pradesh,G.B.Nagar,2.27,3.69,1626.0,1839.0,1408.0,949.0,1398.6666666666667,-0.11582381729200653,2.42,1416.9333333333334,1.08,5.01,6.66,5.9,18.65,22.78
1038,2010,12,Uttar Pradesh,G.B.Nagar,1.66,1.7,1024.0,1626.0,1839.0,1408.0,1624.3333333333333,-0.37023370233702335,2.27,1360.1186440677966,0.43,9.68,10.87,9.77,30.75,33.41
1038,2011,12,Uttar Pradesh,G.B.Nagar,1.97,2.8,1421.0,1024.0,1626.0,1839.0,1496.3333333333333,0.3876953125,1.66,1526.8095238095239,3.95,5.31,7.38,6.91,23.55,26.52
1038,2012,12,Uttar Pradesh,G.B.Nagar,1.95,4.53,2323.0,1421.0,1024.0,1626.0,1357.0,0.6347642505277973,1.97,1586.5967741935483,0.5,5.02,11.41,2.98,19.91,21.85
1038,2013,12,Uttar Pradesh,G.B.Nagar,8.76,11.8,1347.0,2323.0,1421.0,1024.0,1589.3333333333333,-0.42014636246233317,1.95,1458.9322033898304,5.96,10.63,10.63,3.68,30.9,38.23
1038,2014,12,Uttar Pradesh,G.B.Nagar,1.44,2.9,2014.0,1347.0,2323.0,1421.0,1697.0,0.4951744617668894,8.76,1524.3559322033898,1.32,3.88,5.5,2.3,13.0,19.35
1038,2016,12,Uttar Pradesh,G.B.Nagar,8.3,9.72,1170.0,2014.0,1347.0,2323.0,1894.6666666666667,-0.4190665342601787,1.44,1464.7166666666667,2.65,10.45,4.96,1.36,19.42,22.01
1038,2017,12,Uttar Pradesh,G.B.Nagar,8.3,8.34,1004.0,1170.0,2014.0,1347.0,1510.3333333333333,-0.14188034188034193,8.3,1620.1724137931035,4.68,5.13,4.63,5.27,19.71,22.02
1038,2018,12,Uttar Pradesh,G.B.Nagar,2.21,3.0,1356.0,1004.0,1170.0,2014.0,1396.0,0.3505976095617529,8.3,1712.9016393442623,1.56,12.11,6.74,5.68,26.09,27.55
1038,2019,12,Uttar Pradesh,G.B.Nagar,1.54,2.4,1556.0,1356.0,1004.0,1170.0,1176.6666666666667,0.14749262536873164,2.21,1894.1833333333334,0.34,5.92,5.63,2.58,14.47,20.18
1039,2000,12,Uttar Pradesh,Hathras,47.28,83.77,1772.0,1444.0,1452.0,1851.0,1582.3333333333333,0.22714681440443218,37.81,1263.7462686567164,3.31,4.88,4.84,0.78,13.81,15.89
1039,2001,12,Uttar Pradesh,Hathras,44.27,40.38,912.0,1772.0,1444.0,1452.0,1556.0,-0.4853273137697517,47.28,1174.7910447761194,2.55,6.8,2.39,0.88,12.62,14.59
1039,2002,12,Uttar Pradesh,Hathras,37.07,69.33,1870.0,912.0,1772.0,1444.0,1376.0,1.0504385964912282,44.27,1196.323076923077,0.79,0.3,5.7,5.41,12.2,16.81
1039,2003,12,Uttar Pradesh,Hathras,45.51,79.41,1745.0,1870.0,912.0,1772.0,1518.0,-0.0668449197860963,37.07,1157.3809523809523,2.08,7.1,4.92,5.17,19.27,21.55
1039,2004,12,Uttar Pradesh,Hathras,25.37,42.23,1665.0,1745.0,1870.0,912.0,1509.0,-0.045845272206303744,45.51,1357.09375,2.27,4.57,6.86,2.31,16.009999999999998,19.93
1039,2005,12,Uttar Pradesh,Hathras,45.74,73.46,1606.0,1665.0,1745.0,1870.0,1760.0,-0.03543543543543548,25.37,1305.0819672131147,1.59,8.23,2.09,4.78,16.69,18.5
1039,2006,12,Uttar Pradesh,Hathras,47.9,76.92,1606.0,1606.0,1665.0,1745.0,1672.0,0.0,45.74,1386.5333333333333,3.37,7.08,2.02,1.67,14.14,16.14
1039,2007,12,Uttar Pradesh,Hathras,46.82,81.14,1733.0,1606.0,1606.0,1665.0,1625.6666666666667,0.07907845579078465,47.9,1324.3125,3.54,5.42,4.56,2.28,15.8,19.41
1039,2008,12,Uttar Pradesh,Hathras,46.11,67.91,1473.0,1733.0,1606.0,1606.0,1648.3333333333333,-0.15002885170225044,46.82,1478.2131147540983,4.31,8.58,6.37,4.57,23.83,25.63
1039,2009,12,Uttar Pradesh,Hathras,39.94,71.77,1797.0,1473.0,1733.0,1606.0,1604.0,0.21995926680244393,46.11,1416.9333333333334,1.16,3.96,4.65,4.48,14.25,19.36
1039,2010,12,Uttar Pradesh,Hathras,47.67,84.29,1768.0,1797.0,1473.0,1733.0,1667.6666666666667,-0.016138007790762354,39.94,1360.1186440677966,0.7,6.25,5.43,6.99,19.37,21.76
1039,2011,12,Uttar Pradesh,Hathras,43.35,79.46,1833.0,1768.0,1797.0,1473.0,1679.3333333333333,0.03676470588235303,47.67,1526.8095238095239,5.09,5.09,7.7,4.29,22.17,24.22
1039,2012,12,Uttar Pradesh,Hathras,45.39,86.37,1903.0,1833.0,1768.0,1797.0,1799.3333333333333,0.038188761593016984,43.35,1586.5967741935483,0.37,7.35,10.22,3.85,21.790000000000003,23.46
1039,2013,12,Uttar Pradesh,Hathras,45.37,82.76,1824.0,1903.0,1833.0,1768.0,1834.6666666666667,-0.04151339989490277,45.39,1458.9322033898304,6.6,8.16,11.07,3.56,29.39,36.33
1039,2014,12,Uttar Pradesh,Hathras,36.69,80.6,2197.0,1824.0,1903.0,1833.0,1853.3333333333333,0.20449561403508776,45.37,1524.3559322033898,0.72,4.03,5.34,1.97,12.06,17.26
1039,2015,12,Uttar Pradesh,Hathras,42.95,82.81,1928.0,2197.0,1824.0,1903.0,1974.6666666666667,-0.12243969048702774,36.69,1426.6896551724137,1.48,4.17,5.32,1.16,12.13,18.25
1039,2016,12,Uttar Pradesh,Hathras,39.93,73.91,1851.0,1928.0,2197.0,1824.0,1983.0,-0.039937759336099554,42.95,1464.7166666666667,2.18,13.17,5.79,1.08,22.22,23.77
1039,2017,12,Uttar Pradesh,Hathras,48.17,112.72,2340.0,1851.0,1928.0,2197.0,1992.0,0.2641815235008105,39.93,1620.1724137931035,3.47,3.17,3.96,2.69,13.29,15.58
1039,2018,12,Uttar Pradesh,Hathras,37.82,89.81,2375.0,2340.0,1851.0,1928.0,2039.6666666666667,0.014957264957264904,48.17,1712.9016393442623,2.26,10.84,6.15,4.27,23.52,25.85
1039,2019,12,Uttar Pradesh,Hathras,44.21,102.82,2325.0,2375.0,2340.0,1851.0,2188.6666666666665,-0.021052631578947323,37.82,1894.1833333333334,0.32,4.79,6.95,4.17,16.23,20.16
1041,2000,12,Uttar Pradesh,Kannauj,4.1,5.09,1241.0,1212.0,1178.0,1640.0,1343.3333333333333,0.023927392739274023,4.49,1263.7462686567164,4.64,5.69,10.96,1.58,22.87,25.57
1041,2001,12,Uttar Pradesh,Kannauj,3.68,3.9,1060.0,1241.0,1212.0,1178.0,1210.3333333333333,-0.14585012087026594,4.1,1174.7910447761194,4.39,7.11,4.97,0.69,17.16,21.6
1041,2002,12,Uttar Pradesh,Kannauj,3.53,4.03,1142.0,1060.0,1241.0,1212.0,1171.0,0.07735849056603783,3.68,1196.323076923077,1.81,2.73,5.34,7.54,17.419999999999998,21.14
1041,2003,12,Uttar Pradesh,Kannauj,3.28,2.08,634.0,1142.0,1060.0,1241.0,1147.6666666666667,-0.44483362521891423,3.53,1157.3809523809523,1.84,5.7,7.39,9.44,24.37,28.11
1041,2004,12,Uttar Pradesh,Kannauj,3.11,1.96,630.0,634.0,1142.0,1060.0,945.3333333333334,-0.006309148264984188,3.28,1357.09375,6.03,5.51,4.94,4.34,20.82,24.46
1041,2005,12,Uttar Pradesh,Kannauj,2.94,4.61,1568.0,630.0,634.0,1142.0,802.0,1.488888888888889,3.11,1305.0819672131147,2.74,8.81,2.52,6.89,20.96,23.63
1041,2006,12,Uttar Pradesh,Kannauj,2.96,4.94,1669.0,1568.0,630.0,634.0,944.0,0.06441326530612246,2.94,1386.5333333333333,5.42,9.81,3.51,1.94,20.680000000000003,23.81
1041,2007,12,Uttar Pradesh,Kannauj,3.34,5.96,1784.0,1669.0,1568.0,630.0,1289.0,0.06890353505092861,2.96,1324.3125,3.28,7.75,5.92,3.26,20.21,24.98
1041,2008,12,Uttar Pradesh,Kannauj,2.23,4.88,2188.0,1784.0,1669.0,1568.0,1673.6666666666667,0.2264573991031391,3.34,1478.2131147540983,6.87,14.25,10.48,8.34,39.94,42.23
1041,2009,12,Uttar Pradesh,Kannauj,2.06,4.13,2005.0,2188.0,1784.0,1669.0,1880.3333333333333,-0.0836380255941499,2.23,1416.9333333333334,1.12,4.87,8.08,8.5,22.57,28.07
1041,2010,12,Uttar Pradesh,Kannauj,2.26,4.43,1960.0,2005.0,2188.0,1784.0,1992.3333333333333,-0.02244389027431426,2.06,1360.1186440677966,1.01,7.52,6.17,7.13,21.83,24.77
1041,2011,12,Uttar Pradesh,Kannauj,2.64,4.78,1811.0,1960.0,2005.0,2188.0,2051.0,-0.07602040816326527,2.26,1526.8095238095239,6.24,6.74,10.15,3.73,26.860000000000003,28.2
1041,2012,12,Uttar Pradesh,Kannauj,2.57,5.88,2288.0,1811.0,1960.0,2005.0,1925.3333333333333,0.26339039204859205,2.64,1586.5967741935483,0.35,6.53,9.11,4.8,20.79,22.88
1041,2013,12,Uttar Pradesh,Kannauj,1.34,2.37,1769.0,2288.0,1811.0,1960.0,2019.6666666666667,-0.22683566433566438,2.57,1458.9322033898304,7.38,7.56,7.03,2.53,24.5,30.5
1041,2014,12,Uttar Pradesh,Kannauj,1.08,1.18,1093.0,1769.0,2288.0,1811.0,1956.0,-0.38213680045223286,1.34,1524.3559322033898,0.76,6.04,2.57,3.85,13.22,17.87
1041,2015,12,Uttar Pradesh,Kannauj,0.79,1.19,1506.0,1093.0,1769.0,2288.0,1716.6666666666667,0.37785910338517836,1.08,1426.6896551724137,2.75,5.58,3.51,2.05,13.89,19.55
1041,2016,12,Uttar Pradesh,Kannauj,1.25,1.74,1395.0,1506.0,1093.0,1769.0,1456.0,-0.07370517928286857,0.79,1464.7166666666667,2.64,11.06,6.0,1.99,21.69,24.13
1041,2017,12,Uttar Pradesh,Kannauj,1.18,2.06,1757.0,1395.0,1506.0,1093.0,1331.3333333333333,0.25949820788530475,1.25,1620.1724137931035,2.59,8.07,8.02,2.5,21.18,23.14
1041,2018,12,Uttar Pradesh,Kannauj,1.2,2.02,1683.0,1757.0,1395.0,1506.0,1552.6666666666667,-0.04211724530449634,1.18,1712.9016393442623,1.83,13.51,11.59,3.64,30.57,31.83
1041,2019,12,Uttar Pradesh,Kannauj,1.26,2.6,2056.0,1683.0,1757.0,1395.0,1611.6666666666667,0.22162804515745682,1.2,1894.1833333333334,1.31,11.09,7.89,6.12,26.41,29.95
1046,2000,12,Uttar Pradesh,Shravasti,0.03,0.05,1667.0,2000.0,2000.0,2000.0,2000.0,-0.16649999999999998,0.01,1263.7462686567164,6.41,5.73,14.15,3.07,29.36,32.46
1046,2001,12,Uttar Pradesh,Shravasti,0.11,0.18,1636.0,1667.0,2000.0,2000.0,1889.0,-0.018596280743851223,0.03,1174.7910447761194,5.42,6.41,5.55,2.17,19.55,24.22
1046,2002,12,Uttar Pradesh,Shravasti,0.06,0.09,1500.0,1636.0,1667.0,2000.0,1767.6666666666667,-0.08312958435207829,0.11,1196.323076923077,2.52,4.05,3.9,6.38,16.85,20.57
1046,2003,12,Uttar Pradesh,Shravasti,0.01,0.01,1000.0,1500.0,1636.0,1667.0,1601.0,-0.33333333333333337,0.06,1157.3809523809523,2.22,6.21,6.26,7.64,22.33,25.8
1046,2004,12,Uttar Pradesh,Shravasti,0.01,0.01,1000.0,1000.0,1500.0,1636.0,1378.6666666666667,0.0,0.01,1357.09375,8.18,8.47,4.55,5.04,26.24,31.0
1046,2006,12,Uttar Pradesh,Shravasti,0.02,0.03,1500.0,1000.0,1000.0,1500.0,1166.6666666666667,0.5,0.01,1386.5333333333333,7.82,11.99,5.76,2.71,28.28,33.58
1046,2017,12,Uttar Pradesh,Shravasti,0.01,0.02,1900.0,1500.0,1000.0,1000.0,1166.6666666666667,0.2666666666666666,0.02,1620.1724137931035,4.38,15.37,13.81,5.48,39.040000000000006,44.37
1060,2002,6,Madhya Pradesh,Barwani,9.9,2.5,253.0,347.0,297.0,223.0,289.0,-0.27089337175792505,9.8,581.9473684210526,5.98,1.22,8.5,2.85,18.55,19.83
1060,2003,6,Madhya Pradesh,Barwani,10.1,4.1,406.0,253.0,347.0,297.0,299.0,0.6047430830039526,9.9,1085.6315789473683,6.98,10.61,5.79,8.33,31.71,34.04
1060,2004,6,Madhya Pradesh,Barwani,10.23,3.64,356.0,406.0,253.0,347.0,335.3333333333333,-0.12315270935960587,10.1,940.3870967741935,2.66,7.68,8.95,3.93,23.22,25.32
1060,2005,6,Madhya Pradesh,Barwani,9.92,3.41,344.0,356.0,406.0,253.0,338.3333333333333,-0.0337078651685393,10.23,1001.9333333333333,5.63,9.96,3.99,7.89,27.47,28.75
1060,2006,6,Madhya Pradesh,Barwani,9.73,4.06,417.0,344.0,356.0,406.0,368.6666666666667,0.21220930232558133,9.92,1027.1290322580646,3.94,8.98,12.45,6.64,32.01,35.3
1060,2007,6,Madhya Pradesh,Barwani,9.4,3.8,404.0,417.0,344.0,356.0,372.3333333333333,-0.031175059952038398,9.73,859.5,4.45,9.33,9.32,4.82,27.92,29.33
1060,2008,6,Madhya Pradesh,Barwani,9.0,4.3,478.0,404.0,417.0,344.0,388.3333333333333,0.1831683168316831,9.4,1110.0555555555557,3.51,4.45,5.29,5.13,18.38,19.13
1060,2009,6,Madhya Pradesh,Barwani,6.0,2.7,450.0,478.0,404.0,417.0,433.0,-0.05857740585774063,9.0,1051.3157894736842,2.15,11.3,4.57,2.98,21.000000000000004,27.82
1060,2010,6,Madhya Pradesh,Barwani,7.36,4.45,605.0,450.0,478.0,404.0,444.0,0.34444444444444455,6.0,1238.107142857143,3.43,5.57,10.17,5.74,24.910000000000004,29.17
1060,2011,6,Madhya Pradesh,Barwani,6.81,6.24,917.0,605.0,450.0,478.0,511.0,0.515702479338843,7.36,1214.76,2.19,6.89,13.86,3.6,26.54,27.04
1060,2012,6,Madhya Pradesh,Barwani,5.83,10.14,1739.0,917.0,605.0,450.0,657.3333333333334,0.8964013086150491,6.81,1543.9166666666667,1.69,8.68,5.01,7.9,23.28,24.48
1060,2013,6,Madhya Pradesh,Barwani,5.9,6.99,1185.0,1739.0,917.0,605.0,1087.0,-0.31857389304197814,5.83,1295.88,9.94,14.16,7.93,4.26,36.29,40.18
1060,2014,6,Madhya Pradesh,Barwani,9.0,12.0,1333.0,1185.0,1739.0,917.0,1280.3333333333333,0.12489451476793256,5.9,1621.1304347826087,0.37,10.33,5.41,5.62,21.73,24.57
1060,2015,6,Madhya Pradesh,Barwani,7.0,12.0,1714.0,1333.0,1185.0,1739.0,1419.0,0.28582145536384096,9.0,1552.9166666666667,7.68,10.81,6.25,3.63,28.37,31.82
1060,2016,6,Madhya Pradesh,Barwani,9.0,11.0,1222.0,1714.0,1333.0,1185.0,1410.6666666666667,-0.28704784130688443,7.0,2052.0,3.56,8.47,6.2,3.88,22.11,24.16
1060,2017,6,Madhya Pradesh,Barwani,8.5,14.16,1666.0,1222.0,1714.0,1333.0,1423.0,0.3633387888707038,9.0,1603.7391304347825,4.46,9.19,5.85,3.05,22.55,23.72
1060,2018,6,Madhya Pradesh,Barwani,5.27,6.46,1226.0,1666.0,1222.0,1714.0,1534.0,-0.2641056422569028,8.5,1588.7435897435898,3.89,5.42,5.55,2.0,16.86,17.02
1060,2019,6,Madhya Pradesh,Barwani,4.59,4.74,1034.0,1226.0,1666.0,1222.0,1371.3333333333333,-0.1566068515497553,5.27,1341.735294117647,3.29,9.67,13.67,9.94,36.57,39.16
1062,2010,6,Madhya Pradesh,Neemuch,0.02,0.02,1222.0,1000.0,667.0,1000.0,889.0,0.22199999999999998,0.03,1238.107142857143,1.51,7.29,11.1,3.97,23.87,26.63
1062,2011,6,Madhya Pradesh,Neemuch,0.01,0.01,1091.0,1222.0,1000.0,667.0,963.0,-0.10720130932896887,0.02,1214.76,6.11,7.39,11.25,5.6,30.35,30.69
1062,2013,6,Madhya Pradesh,Neemuch,0.01,0.01,1000.0,1091.0,1222.0,1000.0,1104.3333333333333,-0.08340971585701196,0.01,1295.88,3.83,14.32,6.28,3.68,28.11,31.67
1062,2018,6,Madhya Pradesh,Neemuch,0.05,0.08,1689.0,1000.0,1091.0,1222.0,1104.3333333333333,0.6890000000000001,0.01,1588.7435897435898,2.41,9.33,5.41,4.68,21.83,21.97
1062,2019,6,Madhya Pradesh,Neemuch,0.06,0.04,632.0,1689.0,1000.0,1091.0,1260.0,-0.625814091178212,0.05,1341.735294117647,4.25,9.44,16.39,8.94,39.02,41.81
1063,2002,6,Madhya Pradesh,Sheopur Kalan,8.7,2.9,333.0,1083.0,1595.0,1165.0,1281.0,-0.6925207756232687,16.8,581.9473684210526,1.3,1.09,8.24,2.19,12.82,14.73
1063,2003,6,Madhya Pradesh,Sheopur Kalan,22.3,32.0,1435.0,333.0,1083.0,1595.0,1003.6666666666666,3.3093093093093096,8.7,1085.6315789473683,2.32,5.67,5.36,4.68,18.03,20.31
1063,2004,6,Madhya Pradesh,Sheopur Kalan,18.21,20.61,1132.0,1435.0,333.0,1083.0,950.3333333333334,-0.21114982578397212,22.3,940.3870967741935,1.14,5.18,12.92,1.05,20.29,22.58
1063,2005,6,Madhya Pradesh,Sheopur Kalan,16.92,25.23,1491.0,1132.0,1435.0,333.0,966.6666666666666,0.3171378091872792,18.21,1001.9333333333333,2.7,11.19,1.14,3.93,18.96,19.99
1063,2006,6,Madhya Pradesh,Sheopur Kalan,16.77,26.16,1560.0,1491.0,1132.0,1435.0,1352.6666666666667,0.046277665995975825,16.92,1027.1290322580646,3.22,7.33,8.58,3.16,22.290000000000003,24.16
1063,2007,6,Madhya Pradesh,Sheopur Kalan,19.1,26.7,1398.0,1560.0,1491.0,1132.0,1394.3333333333333,-0.10384615384615381,16.77,859.5,2.71,8.16,6.68,4.13,21.68,23.97
1063,2008,6,Madhya Pradesh,Sheopur Kalan,17.5,28.1,1606.0,1398.0,1560.0,1491.0,1483.0,0.14878397711015734,19.1,1110.0555555555557,8.76,6.51,5.32,4.18,24.77,26.17
1063,2009,6,Madhya Pradesh,Sheopur Kalan,14.5,21.3,1469.0,1606.0,1398.0,1560.0,1521.3333333333333,-0.08530510585305107,17.5,1051.3157894736842,2.03,5.18,3.69,2.23,13.13,16.4
1063,2010,6,Madhya Pradesh,Sheopur Kalan,16.74,28.65,1712.0,1469.0,1606.0,1398.0,1491.0,0.16541865214431595,14.5,1238.107142857143,2.12,6.76,8.63,3.69,21.2,24.47
1063,2011,6,Madhya Pradesh,Sheopur Kalan,16.29,28.08,1724.0,1712.0,1469.0,1606.0,1595.6666666666667,0.007009345794392496,16.74,1214.76,11.75,11.02,8.67,5.61,37.05,37.79
1063,2012,6,Madhya Pradesh,Sheopur Kalan,15.44,29.71,1924.0,1724.0,1712.0,1469.0,1635.0,0.11600928074245931,16.29,1543.9166666666667,0.77,7.82,9.93,4.41,22.93,23.97
1063,2013,6,Madhya Pradesh,Sheopur Kalan,13.69,27.2,1987.0,1924.0,1724.0,1712.0,1786.6666666666667,0.03274428274428276,15.44,1295.88,5.84,13.54,11.71,2.39,33.48,39.1
1063,2014,6,Madhya Pradesh,Sheopur Kalan,17.0,18.0,1059.0,1987.0,1924.0,1724.0,1878.3333333333333,-0.467035732259688,13.69,1621.1304347826087,0.8,8.28,10.19,3.43,22.7,27.06
1063,2015,6,Madhya Pradesh,Sheopur Kalan,15.0,19.0,1267.0,1059.0,1987.0,1924.0,1656.6666666666667,0.1964117091595845,17.0,1552.9166666666667,3.37,9.74,7.59,1.82,22.52,27.63
1063,2016,6,Madhya Pradesh,Sheopur Kalan,20.0,45.0,2250.0,1267.0,1059.0,1987.0,1437.6666666666667,0.7758484609313339,15.0,2052.0,2.88,11.61,12.88,0.64,28.01,29.63
1063,2017,6,Madhya Pradesh,Sheopur Kalan,27.0,35.37,1310.0,2250.0,1267.0,1059.0,1525.3333333333333,-0.4177777777777778,20.0,1603.7391304347825,2.05,4.7,3.8,3.3,13.85,15.13
1063,2018,6,Madhya Pradesh,Sheopur Kalan,25.23,45.67,1810.0,1310.0,2250.0,1267.0,1609.0,0.38167938931297707,27.0,1588.7435897435898,2.4,6.22,5.07,5.35,19.04,19.39
1063,2019,6,Madhya Pradesh,Sheopur Kalan,22.38,39.91,1783.0,1810.0,1310.0,2250.0,1790.0,-0.014917127071823244,25.23,1341.735294117647,2.42,7.48,8.56,4.95,23.41,24.99
1066,2003,14,Chhattisgarh,Jashpur,0.03,0.01,333.0,1000.0,333.0,500.0,611.0,-0.667,0.01,333.0,8.12,10.75,10.96,10.24,40.07,50.62
1066,2006,14,Chhattisgarh,Jashpur,0.02,0.01,500.0,333.0,1000.0,333.0,555.3333333333334,0.5015015015015014,0.03,450.0,5.86,12.44,11.27,5.47,35.04,41.26
1066,2007,14,Chhattisgarh,Jashpur,0.02,0.01,500.0,500.0,333.0,1000.0,611.0,0.0,0.02,666.6666666666666,5.4,10.03,9.22,11.16,35.81,41.32
1066,2008,14,Chhattisgarh,Jashpur,0.03,0.01,333.0,500.0,500.0,333.0,444.3333333333333,-0.33399999999999996,0.02,420.6666666666667,12.99,12.52,11.96,6.93,44.4,48.62
1066,2009,14,Chhattisgarh,Jashpur,0.02,0.01,500.0,333.0,500.0,500.0,444.3333333333333,0.5015015015015014,0.03,500.0,2.44,12.59,7.98,6.5,29.51,35.67
1066,2011,14,Chhattisgarh,Jashpur,0.01,0.01,1000.0,500.0,333.0,500.0,444.3333333333333,1.0,0.02,833.25,11.84,7.93,12.16,13.63,45.56,50.27
1066,2012,14,Chhattisgarh,Jashpur,0.02,0.01,500.0,1000.0,500.0,333.0,611.0,-0.5,0.01,723.5,4.77,12.95,16.64,7.51,41.87,48.55
1066,2013,14,Chhattisgarh,Jashpur,0.03,0.01,333.0,500.0,1000.0,500.0,666.6666666666666,-0.33399999999999996,0.02,810.5,7.2,9.91,11.8,7.39,36.3,49.78
1066,2014,14,Chhattisgarh,Jashpur,0.02,0.01,500.0,333.0,500.0,1000.0,611.0,0.5015015015015014,0.03,750.0,4.31,10.48,9.56,5.93,30.28,39.1
1066,2015,14,Chhattisgarh,Jashpur,0.02,0.01,500.0,500.0,333.0,500.0,444.3333333333333,0.0,0.02,666.6666666666666,6.88,20.43,14.31,4.77,46.39,51.7
1066,2016,14,Chhattisgarh,Jashpur,0.04,0.02,409.0,500.0,500.0,333.0,444.3333333333333,-0.18200000000000005,0.02,585.3333333333334,1.73,11.16,18.92,7.84,39.650000000000006,44.66
1066,2017,14,Chhattisgarh,Jashpur,0.02,0.01,435.0,409.0,500.0,500.0,469.6666666666667,0.0635696821515892,0.04,402.0,5.77,22.45,10.18,5.26,43.66,46.7
1066,2018,14,Chhattisgarh,Jashpur,0.01,0.01,385.0,435.0,409.0,500.0,448.0,-0.11494252873563215,0.02,684.0,3.59,14.83,10.72,4.33,33.47,38.16
1066,2019,14,Chhattisgarh,Jashpur,0.01,0.01,500.0,385.0,435.0,409.0,409.6666666666667,0.2987012987012987,0.01,492.0,5.12,9.3,12.21,9.34,35.97,41.98
1073,2002,7,Maharashtra,Hingoli,0.6,0.5,833.0,500.0,500.0,500.0,500.0,0.6659999999999999,0.4,676.7727272727273,7.21,2.81,8.69,3.17,21.880000000000003,24.87
1073,2003,7,Maharashtra,Hingoli,1.1,0.7,636.0,833.0,500.0,500.0,611.0,-0.23649459783913562,0.6,582.6363636363636,5.8,7.58,5.66,2.4,21.44,24.02
1073,2004,7,Maharashtra,Hingoli,0.8,0.4,500.0,636.0,833.0,500.0,656.3333333333334,-0.21383647798742134,1.1,622.1363636363636,2.79,6.85,3.09,6.36,19.09,23.84
1073,2005,7,Maharashtra,Hingoli,0.3,0.1,333.0,500.0,636.0,833.0,656.3333333333334,-0.33399999999999996,0.8,596.3181818181819,2.85,12.41,6.17,8.0,29.43,35.07
1073,2006,7,Maharashtra,Hingoli,0.3,0.2,667.0,333.0,500.0,636.0,489.6666666666667,1.0030030030030028,0.3,632.8571428571429,5.5,7.89,12.31,10.06,35.760000000000005,43.72
1073,2007,7,Maharashtra,Hingoli,0.2,0.11,550.0,667.0,333.0,500.0,500.0,-0.17541229385307344,0.3,736.9090909090909,5.3,6.24,7.99,7.98,27.51,28.37
1073,2008,7,Maharashtra,Hingoli,0.2,0.1,500.0,550.0,667.0,333.0,516.6666666666666,-0.09090909090909094,0.2,642.4545454545455,2.62,3.53,6.32,9.52,21.99,24.97
1073,2009,7,Maharashtra,Hingoli,0.3,0.15,500.0,500.0,550.0,667.0,572.3333333333334,0.0,0.2,685.7142857142857,3.78,7.01,5.35,4.71,20.85,27.61
1073,2010,7,Maharashtra,Hingoli,0.2,0.1,500.0,500.0,500.0,550.0,516.6666666666666,0.0,0.3,847.1428571428571,5.53,10.38,9.98,5.08,30.97,36.0
1073,2011,7,Maharashtra,Hingoli,0.2,0.2,1000.0,500.0,500.0,500.0,500.0,1.0,0.2,833.2380952380952,3.43,9.01,6.55,4.57,23.56,26.14
1073,2016,7,Maharashtra,Hingoli,0.3,0.09,287.0,1000.0,500.0,500.0,666.6666666666666,-0.7130000000000001,0.2,650.1818181818181,4.48,10.07,2.52,6.94,24.01,26.700000000000003
1073,2017,7,Maharashtra,Hingoli,0.3,0.1,333.0,287.0,1000.0,500.0,595.6666666666666,0.16027874564459932,0.3,609.0952380952381,4.93,4.93,5.63,3.63,19.12,21.87
1074,2001,7,Maharashtra,Nandurbar,16.6,18.1,1090.0,415.0,490.0,1054.0,653.0,1.6265060240963853,15.9,515.7272727272727,5.81,4.72,5.18,1.0,16.71,20.07
1074,2002,7,Maharashtra,Nandurbar,16.6,11.8,711.0,1090.0,415.0,490.0,665.0,-0.34770642201834867,16.6,676.7727272727273,7.79,1.61,8.83,2.84,21.07,22.02
1074,2003,7,Maharashtra,Nandurbar,19.1,19.5,1021.0,711.0,1090.0,415.0,738.6666666666666,0.4360056258790437,16.6,582.6363636363636,8.42,11.39,6.5,6.44,32.75,34.96
1074,2004,7,Maharashtra,Nandurbar,17.1,9.7,567.0,1021.0,711.0,1090.0,940.6666666666666,-0.44466209598432904,19.1,622.1363636363636,4.65,9.57,10.9,3.73,28.85,30.93
1074,2005,7,Maharashtra,Nandurbar,13.5,10.3,763.0,567.0,1021.0,711.0,766.3333333333334,0.345679012345679,17.1,596.3181818181819,11.46,10.35,5.51,9.97,37.29,39.12
1074,2006,7,Maharashtra,Nandurbar,13.2,8.3,629.0,763.0,567.0,1021.0,783.6666666666666,-0.17562254259501964,13.5,632.8571428571429,5.57,11.8,13.3,5.92,36.59,39.96
1074,2007,7,Maharashtra,Nandurbar,14.9,21.2,1423.0,629.0,763.0,567.0,653.0,1.262321144674086,13.2,736.9090909090909,5.29,9.47,11.3,6.66,32.72,33.89
1074,2008,7,Maharashtra,Nandurbar,15.0,21.2,1413.0,1423.0,629.0,763.0,938.3333333333334,-0.007027406886858767,14.9,642.4545454545455,4.46,5.73,7.4,7.92,25.510000000000005,26.34
1074,2009,7,Maharashtra,Nandurbar,15.6,12.91,828.0,1413.0,1423.0,629.0,1155.0,-0.4140127388535032,15.0,685.7142857142857,1.56,13.38,4.46,3.21,22.610000000000003,28.47
1074,2010,7,Maharashtra,Nandurbar,16.2,24.1,1488.0,828.0,1413.0,1423.0,1221.3333333333333,0.7971014492753623,15.6,847.1428571428571,4.09,8.79,9.5,6.41,28.79,34.2
1074,2011,7,Maharashtra,Nandurbar,12.6,15.3,1214.0,1488.0,828.0,1413.0,1243.0,-0.1841397849462365,16.2,833.2380952380952,2.2,7.91,11.58,4.57,26.26,27.04
1074,2012,7,Maharashtra,Nandurbar,12.2,15.99,1311.0,1214.0,1488.0,828.0,1176.6666666666667,0.07990115321252067,12.6,665.85,2.28,6.87,4.26,8.07,21.48,22.92
1074,2013,7,Maharashtra,Nandurbar,4.5,5.4,1200.0,1311.0,1214.0,1488.0,1337.6666666666667,-0.08466819221967958,12.2,844.578947368421,11.2,13.37,6.52,4.94,36.03,39.42
1074,2014,7,Maharashtra,Nandurbar,6.2,3.2,516.0,1200.0,1311.0,1214.0,1241.6666666666667,-0.5700000000000001,4.5,504.88235294117646,0.62,11.26,5.62,5.57,23.07,26.11
1074,2015,7,Maharashtra,Nandurbar,5.2,4.3,827.0,516.0,1200.0,1311.0,1009.0,0.6027131782945736,6.2,369.5625,9.38,6.76,3.46,8.67,28.270000000000003,31.16
1074,2016,7,Maharashtra,Nandurbar,4.6,4.8,1043.0,827.0,516.0,1200.0,847.6666666666666,0.2611850060459493,5.2,650.1818181818181,2.56,9.25,5.78,4.89,22.48,24.61
1074,2017,7,Maharashtra,Nandurbar,4.96,3.6,726.0,1043.0,827.0,516.0,795.3333333333334,-0.3039309683604986,4.6,609.0952380952381,4.37,9.63,5.34,2.39,21.73,23.14
1074,2018,7,Maharashtra,Nandurbar,6.69,4.82,720.0,726.0,1043.0,827.0,865.3333333333334,-0.008264462809917328,4.96,423.63157894736844,2.6,7.01,4.45,1.52,15.579999999999998,15.66
1074,2019,7,Maharashtra,Nandurbar,7.45,6.16,826.0,720.0,726.0,1043.0,829.6666666666666,0.14722222222222214,6.69,578.837,4.14,11.41,13.28,8.84,37.67,40.84
1075,2001,7,Maharashtra,Washim,2.3,0.8,348.0,600.0,519.0,500.0,539.6666666666666,-0.42000000000000004,2.5,515.7272727272727,6.6,4.32,6.46,3.81,21.19,28.37
1075,2002,7,Maharashtra,Washim,2.4,1.5,625.0,348.0,600.0,519.0,489.0,0.7959770114942528,2.3,676.7727272727273,8.6,2.8,9.39,2.52,23.31,26.34
1075,2003,7,Maharashtra,Washim,2.0,0.9,450.0,625.0,348.0,600.0,524.3333333333334,-0.28,2.4,582.6363636363636,7.74,9.24,7.47,4.09,28.54,31.79
1075,2004,7,Maharashtra,Washim,1.6,0.7,438.0,450.0,625.0,348.0,474.3333333333333,-0.026666666666666616,2.0,622.1363636363636,3.05,6.7,4.01,3.56,17.32,21.31
1075,2005,7,Maharashtra,Washim,1.4,0.7,500.0,438.0,450.0,625.0,504.3333333333333,0.14155251141552516,1.6,596.3181818181819,3.15,9.97,5.97,7.84,26.93,32.89
1075,2006,7,Maharashtra,Washim,1.6,0.9,563.0,500.0,438.0,450.0,462.6666666666667,0.1259999999999999,1.4,632.8571428571429,4.99,10.31,13.53,8.96,37.79,44.2
1075,2007,7,Maharashtra,Washim,0.9,0.49,544.0,563.0,500.0,438.0,500.3333333333333,-0.03374777975133214,1.6,736.9090909090909,5.1,7.03,7.29,7.56,26.98,28.03
1075,2008,7,Maharashtra,Washim,0.4,0.2,500.0,544.0,563.0,500.0,535.6666666666666,-0.08088235294117652,0.9,642.4545454545455,4.22,4.39,5.59,8.19,22.39,24.37
1075,2009,7,Maharashtra,Washim,0.4,0.28,700.0,500.0,544.0,563.0,535.6666666666666,0.3999999999999999,0.4,685.7142857142857,4.99,8.94,4.53,2.84,21.3,27.93
1075,2010,7,Maharashtra,Washim,0.5,0.2,400.0,700.0,500.0,544.0,581.3333333333334,-0.4285714285714286,0.4,847.1428571428571,5.27,11.06,12.59,5.78,34.7,39.09
1075,2011,7,Maharashtra,Washim,0.3,0.2,667.0,400.0,700.0,500.0,533.3333333333334,0.6675,0.5,833.2380952380952,4.26,7.97,6.48,6.3,25.01,27.08
1075,2012,7,Maharashtra,Washim,0.3,0.19,633.0,667.0,400.0,700.0,589.0,-0.050974512743628186,0.3,665.85,4.75,10.81,5.34,7.89,28.79,30.69
1075,2013,7,Maharashtra,Washim,0.4,0.3,750.0,633.0,667.0,400.0,566.6666666666666,0.18483412322274884,0.3,844.578947368421,11.28,14.26,5.17,4.28,34.99,40.01
1075,2016,7,Maharashtra,Washim,0.3,0.1,333.0,750.0,633.0,667.0,683.3333333333334,-0.556,0.4,650.1818181818181,5.79,15.13,4.43,5.39,30.74,33.78
1075,2017,7,Maharashtra,Washim,0.2,0.1,500.0,333.0,750.0,633.0,572.0,0.5015015015015014,0.3,609.0952380952381,4.9,6.25,5.15,3.92,20.22,23.03
1075,2018,7,Maharashtra,Washim,0.33,0.05,148.0,500.0,333.0,750.0,527.6666666666666,-0.704,0.2,423.63157894736844,8.55,7.85,7.29,2.63,26.32,27.96
1075,2019,7,Maharashtra,Washim,0.36,0.08,227.0,148.0,500.0,333.0,327.0,0.5337837837837838,0.33,578.837,3.52,9.48,6.94,6.67,26.61,29.87
1077,2011,11,Tamil Nadu,Ariyalur,0.6,1.52,2533.0,1290.0,1688.0,1561.0,1513.0,0.9635658914728682,0.69,2250.72,0.47,1.94,2.69,4.48,9.58,33.42
1077,2012,11,Tamil Nadu,Ariyalur,0.61,1.04,1705.0,2533.0,1290.0,1688.0,1837.0,-0.32688511646269247,0.6,1478.6153846153845,1.67,1.56,2.52,4.0,9.75,27.95
1077,2013,11,Tamil Nadu,Ariyalur,0.87,3.08,3540.0,1705.0,2533.0,1290.0,1842.6666666666667,1.0762463343108504,0.61,2170.25,1.37,0.93,3.87,4.65,10.82,25.38
1077,2014,11,Tamil Nadu,Ariyalur,0.72,2.35,3264.0,3540.0,1705.0,2533.0,2592.6666666666665,-0.07796610169491525,0.87,3069.8846153846152,1.3,1.09,2.91,2.15,7.450000000000001,29.27
1077,2015,11,Tamil Nadu,Ariyalur,0.71,2.45,3451.0,3264.0,3540.0,1705.0,2836.3333333333335,0.05729166666666674,0.72,2671.75,2.44,1.05,2.81,2.4,8.700000000000001,46.87
1077,2016,11,Tamil Nadu,Ariyalur,1.01,4.3,4269.0,3451.0,3264.0,3540.0,3418.3333333333335,0.2370327441321356,0.71,2170.375,2.01,2.39,3.1,1.35,8.85,20.88
1077,2017,11,Tamil Nadu,Ariyalur,1.49,3.5,2353.0,4269.0,3451.0,3264.0,3661.3333333333335,-0.4488170531740454,1.01,2231.28,1.51,2.12,4.95,3.47,12.05,36.1
1077,2018,11,Tamil Nadu,Ariyalur,0.83,1.93,2323.0,2353.0,4269.0,3451.0,3357.6666666666665,-0.012749681257968604,1.49,2474.84,1.95,1.72,1.41,2.75,7.83,27.88
1077,2019,11,Tamil Nadu,Ariyalur,1.03,3.38,3281.0,2323.0,2353.0,4269.0,2981.6666666666665,0.41239776151528207,0.83,2837.84,0.8,2.3,4.53,7.06,14.69,35.65
1080,2006,11,Tamil Nadu,Krishnagiri,0.55,0.96,1745.0,897.0,1368.0,361.0,875.3333333333334,0.9453734671125975,0.58,1589.5652173913043,2.98,1.5,2.1,2.41,8.99,25.22
1080,2007,11,Tamil Nadu,Krishnagiri,0.46,0.66,1435.0,1745.0,897.0,1368.0,1336.6666666666667,-0.1776504297994269,0.55,1603.8695652173913,1.63,5.11,5.45,5.47,17.66,34.25
1080,2008,11,Tamil Nadu,Krishnagiri,0.44,0.6,1364.0,1435.0,1745.0,897.0,1359.0,-0.049477351916376255,0.46,1738.4166666666667,1.56,5.57,6.52,2.82,16.47,38.53
1080,2009,11,Tamil Nadu,Krishnagiri,0.52,0.76,1462.0,1364.0,1435.0,1745.0,1514.6666666666667,0.07184750733137824,0.44,1623.92,2.0,1.78,3.43,7.52,14.73,26.99
1080,2010,11,Tamil Nadu,Krishnagiri,0.44,0.57,1295.0,1462.0,1364.0,1435.0,1420.3333333333333,-0.11422708618331057,0.52,1499.9583333333333,3.72,3.5,5.65,4.16,17.03,35.78
1080,2011,11,Tamil Nadu,Krishnagiri,0.34,0.75,2206.0,1295.0,1462.0,1364.0,1373.6666666666667,0.7034749034749035,0.44,2250.72,0.6,3.05,3.94,3.97,11.56,26.32
1080,2012,11,Tamil Nadu,Krishnagiri,0.46,0.71,1543.0,2206.0,1295.0,1462.0,1654.3333333333333,-0.30054397098821395,0.34,1478.6153846153845,1.89,2.58,3.12,3.3,10.89,23.44
1080,2013,11,Tamil Nadu,Krishnagiri,0.51,1.58,3098.0,1543.0,2206.0,1295.0,1681.3333333333333,1.0077770576798444,0.46,2170.25,2.85,2.22,4.81,7.61,17.49,27.49
1080,2014,11,Tamil Nadu,Krishnagiri,0.27,0.81,3000.0,3098.0,1543.0,2206.0,2282.3333333333335,-0.031633311814073584,0.51,3069.8846153846152,3.13,0.94,2.48,4.86,11.41,22.27
1080,2015,11,Tamil Nadu,Krishnagiri,0.52,1.39,2673.0,3000.0,3098.0,1543.0,2547.0,-0.10899999999999999,0.27,2671.75,2.56,1.08,2.53,3.45,9.62,27.81
1080,2016,11,Tamil Nadu,Krishnagiri,0.53,1.54,2897.0,2673.0,3000.0,3098.0,2923.6666666666665,0.08380097268986164,0.52,2170.375,4.38,4.35,1.73,1.08,11.54,19.3
1080,2017,11,Tamil Nadu,Krishnagiri,0.62,1.46,2352.0,2897.0,2673.0,3000.0,2856.6666666666665,-0.18812564722126335,0.53,2231.28,1.08,1.81,6.34,9.49,18.72,34.76
1080,2018,11,Tamil Nadu,Krishnagiri,0.76,2.13,2823.0,2352.0,2897.0,2673.0,2640.6666666666665,0.2002551020408163,0.62,2474.84,1.93,2.35,2.01,4.07,10.36,21.88
1080,2019,11,Tamil Nadu,Krishnagiri,0.43,1.19,2777.0,2823.0,2352.0,2897.0,2690.6666666666665,-0.016294721927027966,0.76,2837.84,2.21,2.37,5.09,6.57,16.240000000000002,31.32
1081,2019,6,Madhya Pradesh,Ashoknagar,0.01,0.01,1833.0,2167.0,863.0,1548.0,1526.0,-0.15413013382556529,0.01,1341.735294117647,2.1,9.13,17.19,10.96,39.38,41.7
1082,2006,6,Madhya Pradesh,Burhanpur,0.11,0.08,727.0,692.0,595.0,1000.0,762.3333333333334,0.050578034682081,0.13,1027.1290322580646,4.16,8.98,14.87,8.21,36.22,41.97
1082,2007,6,Madhya Pradesh,Burhanpur,0.2,0.2,1000.0,727.0,692.0,595.0,671.3333333333334,0.37551581843191206,0.11,859.5,4.34,8.44,8.3,6.3,27.38,28.56
1082,2009,6,Madhya Pradesh,Burhanpur,0.1,0.1,1000.0,1000.0,727.0,692.0,806.3333333333334,0.0,0.2,1051.3157894736842,3.43,9.91,4.47,3.45,21.26,29.72
1082,2010,6,Madhya Pradesh,Burhanpur,0.09,0.1,1075.0,1000.0,1000.0,727.0,909.0,0.07499999999999996,0.1,1238.107142857143,4.4,7.58,10.96,5.14,28.08,32.69
1082,2011,6,Madhya Pradesh,Burhanpur,0.1,0.11,1029.0,1075.0,1000.0,1000.0,1025.0,-0.042790697674418565,0.09,1214.76,3.64,7.84,10.5,5.07,27.05,28.32
1082,2012,6,Madhya Pradesh,Burhanpur,0.11,0.13,1182.0,1029.0,1075.0,1000.0,1034.6666666666667,0.14868804664723023,0.1,1543.9166666666667,3.41,9.96,5.79,7.16,26.32,27.97
1082,2013,6,Madhya Pradesh,Burhanpur,0.07,0.07,1000.0,1182.0,1029.0,1075.0,1095.3333333333333,-0.1539763113367174,0.11,1295.88,10.38,13.19,7.05,4.47,35.09,39.87
1082,2017,6,Madhya Pradesh,Burhanpur,0.1,0.1,1000.0,1000.0,1182.0,1029.0,1070.3333333333333,0.0,0.07,1603.7391304347825,5.45,11.51,9.07,6.28,32.31,34.06
1082,2018,6,Madhya Pradesh,Burhanpur,0.03,0.05,1424.0,1000.0,1000.0,1182.0,1060.6666666666667,0.42399999999999993,0.1,1588.7435897435898,6.23,8.98,7.52,2.26,24.99,25.51
1082,2019,6,Madhya Pradesh,Burhanpur,0.09,0.07,824.0,1424.0,1000.0,1000.0,1141.3333333333333,-0.4213483146067416,0.03,1341.735294117647,2.61,15.95,15.15,14.03,47.74,51.89
2001,2013,3,Gujarat,Tapi,0.13,0.35,2692.0,2000.0,1000.0,2000.0,1666.6666666666667,0.3460000000000001,0.1,2143.2727272727275,17.97,18.76,8.52,6.69,51.94,54.53
2001,2014,3,Gujarat,Tapi,0.09,0.21,2333.0,2692.0,2000.0,1000.0,1897.3333333333333,-0.13335809806835064,0.13,2152.9666666666667,0.93,17.87,8.08,7.67,34.550000000000004,37.51
2001,2015,3,Gujarat,Tapi,0.09,0.15,1667.0,2333.0,2692.0,2000.0,2341.6666666666665,-0.28546935276468066,0.09,2088.689655172414,14.29,6.49,2.89,14.38,38.05,40.33
2001,2019,3,Gujarat,Tapi,0.02,0.04,2867.0,1667.0,2333.0,2692.0,2230.6666666666665,0.719856028794241,0.09,2517.0666666666666,7.49,18.84,15.41,13.56,55.3,59.26
2002,2008,4,Haryana,Mewat,22.6,35.0,1549.0,1630.0,1293.0,1024.0,1315.6666666666667,-0.04969325153374238,27.0,2155.5263157894738,3.52,4.89,6.03,4.12,18.56,22.86
2002,2009,4,Haryana,Mewat,25.6,44.0,1719.0,1549.0,1630.0,1293.0,1490.6666666666667,0.1097482246610717,22.6,1876.388888888889,0.93,3.72,4.33,4.45,13.43,16.87
2002,2010,4,Haryana,Mewat,26.6,38.0,1429.0,1719.0,1549.0,1630.0,1632.6666666666667,-0.16870273414776038,25.6,1996.1666666666667,0.52,6.96,8.93,6.42,22.83,25.35
2002,2011,4,Haryana,Mewat,25.1,47.0,1873.0,1429.0,1719.0,1549.0,1565.6666666666667,0.31070678796361095,26.6,2137.5,2.95,3.5,5.7,6.1,18.25,20.68
2002,2012,4,Haryana,Mewat,22.38,43.0,1921.0,1873.0,1429.0,1719.0,1673.6666666666667,0.02562733582487997,25.1,2085.5555555555557,0.36,3.91,11.18,2.47,17.919999999999998,19.46
2002,2013,4,Haryana,Mewat,23.0,48.0,2087.0,1921.0,1873.0,1429.0,1741.0,0.08641332639250399,22.38,2006.7058823529412,4.27,7.82,9.46,2.97,24.52,30.34
2002,2014,4,Haryana,Mewat,26.0,44.0,1692.0,2087.0,1921.0,1873.0,1960.3333333333333,-0.18926689027311927,23.0,1869.235294117647,0.94,3.41,5.1,1.94,11.39,16.49
2002,2015,4,Haryana,Mewat,26.5,51.0,1925.0,1692.0,2087.0,1921.0,1900.0,0.13770685579196207,26.0,1843.8235294117646,1.92,5.6,5.39,0.83,13.74,19.24
2002,2016,4,Haryana,Mewat,24.7,49.0,1984.0,1925.0,1692.0,2087.0,1901.3333333333333,0.030649350649350593,26.5,2084.4,1.9,10.87,5.36,0.86,18.99,20.68
2002,2017,4,Haryana,Mewat,25.4,59.0,2323.0,1984.0,1925.0,1692.0,1867.0,0.170866935483871,24.7,1821.235294117647,4.48,3.35,4.23,2.8,14.86,17.61
2002,2018,4,Haryana,Mewat,26.0,68.0,2615.0,2323.0,1984.0,1925.0,2077.3333333333335,0.12569952647438654,25.4,2226.7,1.84,9.53,4.61,4.98,20.96,22.87
2002,2019,4,Haryana,Mewat,30.1,83.2,2764.0,2615.0,2323.0,1984.0,2307.3333333333335,0.05697896749521991,26.0,2225.5714285714284,0.39,5.22,5.76,2.39,13.76,18.98
2003,2011,4,Haryana,Palwal,8.0,15.0,1875.0,1786.0,1940.0,1948.0,1891.3333333333333,0.049832026875699986,8.4,2137.5,3.93,4.36,7.13,5.61,21.03,23.46
2003,2012,4,Haryana,Palwal,7.6,15.0,1974.0,1875.0,1786.0,1940.0,1867.0,0.05279999999999996,8.0,2085.5555555555557,0.36,5.76,11.19,3.1,20.41,22.12
2003,2013,4,Haryana,Palwal,8.0,17.0,2125.0,1974.0,1875.0,1786.0,1878.3333333333333,0.0764944275582573,7.6,2006.7058823529412,5.52,9.07,10.81,3.6,29.0,35.96
2003,2014,4,Haryana,Palwal,7.0,13.0,1857.0,2125.0,1974.0,1875.0,1991.3333333333333,-0.12611764705882356,8.0,1869.235294117647,0.98,3.6,5.78,1.87,12.23,17.84
2003,2015,4,Haryana,Palwal,7.4,9.0,1216.0,1857.0,2125.0,1974.0,1985.3333333333333,-0.34518039849219173,7.0,1843.8235294117646,2.5,5.75,6.24,1.57,16.06,22.06
2003,2016,4,Haryana,Palwal,11.1,11.0,991.0,1216.0,1857.0,2125.0,1732.6666666666667,-0.18503289473684215,7.4,2084.4,2.95,11.59,5.3,1.3,21.14,23.24
2003,2017,4,Haryana,Palwal,5.4,13.0,2407.0,991.0,1216.0,1857.0,1354.6666666666667,1.4288597376387489,11.1,1821.235294117647,4.89,4.13,4.36,4.59,17.97,20.3
2003,2018,4,Haryana,Palwal,7.0,19.0,2714.0,2407.0,991.0,1216.0,1538.0,0.1275446614042377,5.4,2226.7,1.61,12.8,5.83,4.84,25.08,26.94
2003,2019,4,Haryana,Palwal,10.5,27.9,2657.0,2714.0,2407.0,991.0,2037.3333333333333,-0.021002210759027307,7.0,2225.5714285714284,0.3,5.16,6.45,3.09,15.0,19.88
2004,2016,5,Karnataka,Ramanagaram,0.01,0.01,1000.0,1000.0,1143.0,1000.0,1047.6666666666667,0.0,0.01,919.8888888888889,4.25,4.28,1.5,0.96,10.990000000000002,18.6
2004,2017,5,Karnataka,Ramanagaram,0.09,0.1,1080.0,1000.0,1000.0,1143.0,1047.6666666666667,0.08000000000000007,0.01,1521.235294117647,1.33,1.98,5.43,8.68,17.42,32.55
2004,2018,5,Karnataka,Ramanagaram,0.01,0.01,857.0,1080.0,1000.0,1000.0,1026.6666666666667,-0.2064814814814815,0.09,968.64,1.7,2.14,1.46,3.56,8.86,18.99
2005,2016,5,Karnataka,Chikkaballapur,0.04,0.04,1050.0,625.0,929.0,1000.0,851.3333333333334,0.6799999999999999,0.08,919.8888888888889,4.62,4.59,1.35,1.12,11.68,19.11
2005,2017,5,Karnataka,Chikkaballapur,0.11,0.17,1594.0,1050.0,625.0,929.0,868.0,0.5180952380952382,0.04,1521.235294117647,2.25,2.21,6.4,9.0,19.86,35.52
2005,2018,5,Karnataka,Chikkaballapur,0.21,0.19,910.0,1594.0,1050.0,625.0,1089.6666666666667,-0.42910915934755334,0.11,968.64,1.89,1.9,1.76,3.77,9.32,19.17
2005,2019,5,Karnataka,Chikkaballapur,0.21,0.22,1082.0,910.0,1594.0,1050.0,1184.6666666666667,0.189010989010989,0.21,1106.3633333333335,1.84,1.82,4.31,5.38,13.35,26.78
2006,2011,6,Madhya Pradesh,Alirajpur,15.63,11.11,711.0,725.0,542.0,692.0,653.0,-0.0193103448275862,16.27,1214.76,1.97,7.93,15.46,4.1,29.46,29.64
2006,2012,6,Madhya Pradesh,Alirajpur,15.58,19.72,1266.0,711.0,725.0,542.0,659.3333333333334,0.7805907172995781,15.63,1543.9166666666667,1.33,8.73,6.18,9.49,25.730000000000004,26.56
2006,2013,6,Madhya Pradesh,Alirajpur,13.62,18.38,1349.0,1266.0,711.0,725.0,900.6666666666666,0.0655608214849921,15.58,1295.88,10.22,16.54,8.75,5.15,40.66,44.1
2006,2014,6,Madhya Pradesh,Alirajpur,11.0,9.0,818.0,1349.0,1266.0,711.0,1108.6666666666667,-0.3936249073387694,13.62,1621.1304347826087,0.25,12.76,5.6,6.53,25.14,27.18
2006,2015,6,Madhya Pradesh,Alirajpur,14.0,16.0,1143.0,818.0,1349.0,1266.0,1144.3333333333333,0.39731051344743284,11.0,1552.9166666666667,7.85,11.56,5.01,4.36,28.78,31.34
2006,2016,6,Madhya Pradesh,Alirajpur,17.0,18.0,1059.0,1143.0,818.0,1349.0,1103.3333333333333,-0.07349081364829402,14.0,2052.0,3.22,8.48,10.07,3.79,25.56,27.39
2006,2017,6,Madhya Pradesh,Alirajpur,17.0,38.85,2285.0,1059.0,1143.0,818.0,1006.6666666666666,1.1576959395656279,17.0,1603.7391304347825,4.83,12.97,6.18,2.39,26.37,27.18
2006,2018,6,Madhya Pradesh,Alirajpur,8.79,11.12,1266.0,2285.0,1059.0,1143.0,1495.6666666666667,-0.4459518599562363,17.0,1588.7435897435898,3.59,9.31,6.17,2.06,21.13,21.21
2006,2019,6,Madhya Pradesh,Alirajpur,8.54,8.71,1020.0,1266.0,2285.0,1059.0,1536.6666666666667,-0.1943127962085308,8.79,1341.735294117647,4.54,10.56,17.02,10.2,42.32000000000001,44.62
2007,2018,6,Madhya Pradesh,Singrauli,0.11,0.14,1228.0,2689.0,619.0,1125.0,1477.6666666666667,-0.5433246560059501,23.6,1588.7435897435898,3.45,11.65,10.91,3.68,29.69,31.9
2007,2019,6,Madhya Pradesh,Singrauli,0.02,0.02,913.0,1228.0,2689.0,619.0,1512.0,-0.25651465798045603,0.11,1341.735294117647,1.56,8.52,11.06,11.17,32.31,36.57
2012,2012,10,Rajasthan,Pratapgarh,0.01,0.01,1000.0,1000.0,2000.0,1000.0,1333.3333333333333,0.0,0.01,1154.1818181818182,0.64,8.64,9.09,7.73,26.1,26.91
2012,2013,10,Rajasthan,Pratapgarh,0.01,0.01,1000.0,1000.0,1000.0,2000.0,1333.3333333333333,0.0,0.01,1063.7878787878788,4.31,13.82,5.45,3.55,27.13,30.24
2012,2016,10,Rajasthan,Pratapgarh,0.01,0.01,1000.0,1000.0,1000.0,1000.0,1000.0,0.0,0.01,1111.3939393939395,2.13,9.15,17.46,1.31,30.05,32.300000000000004
2012,2017,10,Rajasthan,Pratapgarh,0.01,0.01,857.0,1000.0,1000.0,1000.0,1000.0,-0.14300000000000002,0.01,1012.3333333333334,3.61,12.94,5.27,2.24,24.06,24.85
2020,2011,11,Tamil Nadu,Thiruppur,0.08,0.19,2375.0,1444.0,3688.0,4810.0,3314.0,0.644736842105263,0.09,2250.72,0.43,1.71,2.2,4.37,8.71,28.12
2020,2012,11,Tamil Nadu,Thiruppur,0.07,0.09,1286.0,2375.0,1444.0,3688.0,2502.3333333333335,-0.45852631578947367,0.08,1478.6153846153845,1.8,0.95,2.6,2.87,8.219999999999999,21.86
2020,2013,11,Tamil Nadu,Thiruppur,0.04,0.09,2250.0,1286.0,2375.0,1444.0,1701.6666666666667,0.7496111975116642,0.07,2170.25,0.57,0.23,3.52,3.38,7.7,20.87
2020,2014,11,Tamil Nadu,Thiruppur,0.06,0.18,3000.0,2250.0,1286.0,2375.0,1970.3333333333333,0.33333333333333326,0.04,3069.8846153846152,0.87,0.5,3.0,2.19,6.5600000000000005,24.81
2020,2015,11,Tamil Nadu,Thiruppur,0.38,0.96,2526.0,3000.0,2250.0,1286.0,2178.6666666666665,-0.15800000000000003,0.06,2671.75,2.42,0.55,2.52,3.39,8.88,37.4
2020,2016,11,Tamil Nadu,Thiruppur,0.15,0.1,698.0,2526.0,3000.0,2250.0,2592.0,-0.723673792557403,0.38,2170.375,1.0,2.93,1.86,0.72,6.51,15.51
2020,2017,11,Tamil Nadu,Thiruppur,0.39,0.86,2202.0,698.0,2526.0,3000.0,2074.6666666666665,2.154727793696275,0.15,2231.28,1.37,1.43,4.23,4.52,11.55,26.31
2020,2018,11,Tamil Nadu,Thiruppur,0.04,0.1,2366.0,2202.0,698.0,2526.0,1808.6666666666667,0.07447774750227065,0.39,2474.84,1.27,1.5,1.14,3.12,7.03,22.63
2020,2019,11,Tamil Nadu,Thiruppur,0.05,0.15,2741.0,2366.0,2202.0,698.0,1755.3333333333333,0.1584953508030431,0.04,2837.84,0.69,1.19,3.28,6.02,11.18,28.45
2025,2013,5,Karnataka,Yadagiri,19.65,20.53,1045.0,896.0,717.0,849.0,820.6666666666666,0.1662946428571428,21.18,1081.0555555555557,3.07,5.91,2.1,7.22,18.3,24.1
2025,2014,5,Karnataka,Yadagiri,16.16,15.55,962.0,1045.0,896.0,717.0,886.0,-0.07942583732057418,19.65,981.625,1.69,3.61,8.83,2.37,16.5,24.45
2025,2015,5,Karnataka,Yadagiri,15.61,11.19,717.0,962.0,1045.0,896.0,967.6666666666666,-0.25467775467775466,16.16,714.4705882352941,1.35,1.55,3.44,5.98,12.32,17.39
2025,2016,5,Karnataka,Yadagiri,17.86,14.19,795.0,717.0,962.0,1045.0,908.0,0.10878661087866104,15.61,919.8888888888889,5.72,6.45,1.71,9.66,23.54,26.27
2025,2017,5,Karnataka,Yadagiri,13.68,22.56,1650.0,795.0,717.0,962.0,824.6666666666666,1.0754716981132075,17.86,1521.235294117647,5.7,2.94,4.06,6.91,19.61,25.11
2025,2018,5,Karnataka,Yadagiri,8.88,10.63,1197.0,1650.0,795.0,717.0,1054.0,-0.27454545454545454,13.68,968.64,2.31,2.04,3.54,2.7,10.59,14.32
2025,2019,5,Karnataka,Yadagiri,12.87,18.86,1464.81,1197.0,1650.0,795.0,1214.0,0.2237343358395989,8.88,1106.3633333333335,2.47,2.1,4.32,5.77,14.66,19.36
2031,2014,12,Uttar Pradesh,Sambhal,74.35,111.75,1503.0,1386.0,1251.0,1426.0,1354.3333333333333,0.0844155844155845,72.57,1524.3559322033898,1.31,4.68,4.91,2.73,13.63,19.93
2031,2015,12,Uttar Pradesh,Sambhal,71.79,103.45,1441.0,1503.0,1386.0,1251.0,1380.0,-0.041250831669993326,74.35,1426.6896551724137,5.27,8.1,7.55,2.69,23.61,29.83
2031,2016,12,Uttar Pradesh,Sambhal,66.84,102.19,1529.0,1441.0,1503.0,1386.0,1443.3333333333333,0.06106870229007644,71.79,1464.7166666666667,3.18,11.81,5.88,2.29,23.16,26.41
2031,2017,12,Uttar Pradesh,Sambhal,72.91,101.57,1393.0,1529.0,1441.0,1503.0,1491.0,-0.08894702419882272,66.84,1620.1724137931035,3.94,7.48,5.14,6.2,22.76,24.99
2031,2018,12,Uttar Pradesh,Sambhal,78.77,121.46,1542.0,1393.0,1529.0,1441.0,1454.3333333333333,0.10696338837042352,72.91,1712.9016393442623,1.61,12.27,11.18,5.45,30.51,32.18
2031,2019,12,Uttar Pradesh,Sambhal,71.9,100.16,1393.0,1542.0,1393.0,1529.0,1488.0,-0.09662775616083008,78.77,1894.1833333333334,0.95,7.92,6.05,3.0,17.919999999999998,23.55
2050,2017,3,Gujarat,Aravalli,3.54,9.17,2595.0,2232.0,1840.0,1979.0,2017.0,0.1626344086021505,4.12,2351.5172413793102,2.54,19.8,4.12,1.93,28.39,28.73
2050,2018,3,Gujarat,Aravalli,2.85,5.2,1823.0,2595.0,2232.0,1840.0,2222.3333333333335,-0.297495183044316,3.54,2204.777777777778,1.25,6.01,5.18,1.62,14.06,14.06
2050,2019,3,Gujarat,Aravalli,5.1,13.87,2720.0,1823.0,2595.0,2232.0,2216.6666666666665,0.492046077893582,2.85,2517.0666666666666,2.23,4.58,12.25,8.39,27.450000000000003,28.72
2051,2017,3,Gujarat,Botad,0.75,1.35,1802.0,1514.0,2597.0,2550.0,2220.3333333333335,0.190224570673712,0.69,2351.5172413793102,3.94,13.55,6.85,2.19,26.530000000000005,27.39
2051,2018,3,Gujarat,Botad,0.44,0.74,1681.0,1802.0,1514.0,2597.0,1971.0,-0.06714761376248612,0.75,2204.777777777778,1.11,10.31,4.34,1.01,16.77,16.81
2051,2019,3,Gujarat,Botad,1.0,2.49,2483.0,1681.0,1802.0,1514.0,1665.6666666666667,0.47709696609161223,0.44,2517.0666666666666,6.91,5.92,12.56,11.55,36.94,38.84
2052,2019,3,Gujarat,Chhota Udaipur,0.01,0.04,2857.0,2925.0,2500.0,3000.0,2808.3333333333335,-0.02324786324786321,0.05,2517.0666666666666,5.85,13.2,19.56,11.04,49.65,52.11
2053,2017,3,Gujarat,Devbhoomi Dwarka,0.09,0.17,1860.0,1532.0,1647.0,1714.0,1631.0,0.21409921671018273,0.28,2351.5172413793102,5.6,6.73,3.7,0.5,16.53,16.56
2053,2018,3,Gujarat,Devbhoomi Dwarka,0.05,0.07,1396.0,1860.0,1532.0,1647.0,1679.6666666666667,-0.2494623655913979,0.09,2204.777777777778,0.15,8.93,1.41,0.38,10.87,10.87
2053,2019,3,Gujarat,Devbhoomi Dwarka,0.31,0.9,2872.0,1396.0,1860.0,1532.0,1596.0,1.0573065902578795,0.05,2517.0666666666666,2.16,4.05,10.64,21.45,38.3,40.28
2054,2017,3,Gujarat,Gir Somnath,4.54,14.42,3174.0,2157.0,2400.0,3066.0,2541.0,0.47148817802503484,8.11,2351.5172413793102,4.62,11.33,7.02,2.33,25.3,26.2
2054,2018,3,Gujarat,Gir Somnath,5.45,16.05,2946.0,3174.0,2157.0,2400.0,2577.0,-0.07183364839319473,4.54,2204.777777777778,1.1,18.44,2.75,0.66,22.950000000000003,23.01
2054,2019,3,Gujarat,Gir Somnath,8.41,25.67,3054.0,2946.0,3174.0,2157.0,2759.0,0.03665987780040725,5.45,2517.0666666666666,4.34,4.63,7.33,12.12,28.419999999999995,30.65
2056,2017,3,Gujarat,Morbi,0.57,0.93,1631.0,1688.0,1332.0,1468.0,1496.0,-0.03376777251184837,1.6,2351.5172413793102,3.48,15.39,4.85,1.14,24.86,25.07
2056,2018,3,Gujarat,Morbi,7.89,5.58,708.0,1631.0,1688.0,1332.0,1550.3333333333333,-0.5659104843654199,0.57,2204.777777777778,0.72,3.97,4.22,0.49,9.4,9.42
2056,2019,3,Gujarat,Morbi,6.13,4.12,672.0,708.0,1631.0,1688.0,1342.3333333333333,-0.05084745762711862,7.89,2517.0666666666666,1.01,3.7,11.54,9.25,25.5,27.29
2104,2019,20,Telangana,Jagityal,1.23,1.49,1215.62,497.0,1057.01,869.96,807.9900000000001,1.4459154929577465,1.62,1174.3999999999999,2.5,8.55,8.61,6.29,25.95,30.89
2108,2019,20,Telangana,Jogulamba,0.35,0.53,1502.86,503.0,1168.87,1061.07,910.9799999999999,1.9877932405566598,0.32,1174.3999999999999,1.13,1.97,4.1,5.62,12.82,18.15
2111,2019,20,Telangana,Sangareddy,0.12,0.06,466.1,496.0,1060.61,870.83,809.1466666666665,-0.06028225806451604,0.13,1174.3999999999999,2.23,5.21,5.8,6.85,20.09,25.58
