dist_code,year,state_code,state_name,dist_name,area,production,yield_kg_ha,yield_lag1,yield_lag2,yield_lag3,yield_rolling3,yield_yoy_change,area_lag1,state_avg_yield
4,2014,14,Chhattisgarh,Bilaspur,0.02,0.01,500.0,1000.0,1000.0,1000.0,1000.0,-0.5,0.01,750.0
4,2015,14,Chhattisgarh,Bilaspur,0.02,0.01,500.0,500.0,1000.0,1000.0,833.3333333333334,0.0,0.02,666.6666666666666
4,2016,14,Chhattisgarh,Bilaspur,0.02,0.01,400.0,500.0,500.0,1000.0,666.6666666666666,-0.19999999999999996,0.02,585.3333333333334
4,2017,14,Chhattisgarh,Bilaspur,0.02,0.01,438.0,400.0,500.0,500.0,466.6666666666667,0.09499999999999997,0.02,402.0
4,2018,14,Chhattisgarh,Bilaspur,0.01,0.01,417.0,438.0,400.0,500.0,446.0,-0.047945205479452024,0.02,684.0
5,1993,14,Chhattisgarh,Raigarh,0.06,0.03,500.0,600.0,500.0,571.0,557.0,-0.16666666666666663,0.05,750.0
5,2000,14,Chhattisgarh,Raigarh,0.02,0.01,500.0,500.0,600.0,500.0,533.3333333333334,0.0,0.06,625.0
5,2001,14,Chhattisgarh,Raigarh,0.03,0.01,333.0,500.0,500.0,600.0,533.3333333333334,-0.33399999999999996,0.02,333.0
5,2002,14,Chhattisgarh,Raigarh,0.03,0.01,333.0,333.0,500.0,500.0,444.3333333333333,0.0,0.03,666.5
5,2004,14,Chhattisgarh,Raigarh,0.03,0.01,333.0,333.0,333.0,500.0,388.6666666666667,0.0,0.03,333.0
5,2005,14,Chhattisgarh,Raigarh,0.03,0.01,333.0,333.0,333.0,333.0,333.0,0.0,0.03,333.0
5,2006,14,Chhattisgarh,Raigarh,0.05,0.02,400.0,333.0,333.0,333.0,333.0,0.20120120120120122,0.03,450.0
5,2007,14,Chhattisgarh,Raigarh,0.02,0.01,500.0,400.0,333.0,333.0,355.3333333333333,0.25,0.05,666.6666666666666
5,2008,14,Chhattisgarh,Raigarh,0.02,0.01,500.0,500.0,400.0,333.0,411.0,0.0,0.02,420.6666666666667
5,2009,14,Chhattisgarh,Raigarh,0.02,0.01,500.0,500.0,500.0,400.0,466.6666666666667,0.0,0.02,500.0
5,2011,14,Chhattisgarh,Raigarh,0.03,0.01,333.0,500.0,500.0,500.0,500.0,-0.33399999999999996,0.02,833.25
5,2012,14,Chhattisgarh,Raigarh,0.33,0.13,394.0,333.0,500.0,500.0,444.3333333333333,0.18318318318318316,0.03,723.5
5,2013,14,Chhattisgarh,Raigarh,0.01,0.01,1000.0,394.0,333.0,500.0,409.0,1.5380710659898478,0.33,810.5
5,2014,14,Chhattisgarh,Raigarh,0.01,0.01,1000.0,1000.0,394.0,333.0,575.6666666666666,0.0,0.01,750.0
5,2015,14,Chhattisgarh,Raigarh,0.01,0.01,1000.0,1000.0,1000.0,394.0,798.0,0.0,0.01,666.6666666666666
7,1993,6,Madhya Pradesh,Jabalpur,0.02,0.01,500.0,800.0,667.0,1000.0,822.3333333333334,-0.375,0.05,736.7586206896551
7,2005,6,Madhya Pradesh,Jabalpur,0.01,0.01,1000.0,500.0,800.0,667.0,655.6666666666666,1.0,0.02,1001.9333333333333
7,2006,6,Madhya Pradesh,Jabalpur,0.01,0.01,1000.0,1000.0,500.0,800.0,766.6666666666666,0.0,0.01,1027.1290322580646
7,2018,6,Madhya Pradesh,Jabalpur,0.03,0.04,1321.0,1000.0,1000.0,500.0,833.3333333333334,0.32099999999999995,0.01,1588.7435897435898
7,2019,6,Madhya Pradesh,Jabalpur,0.01,0.02,1727.0,1321.0,1000.0,1000.0,1107.0,0.307342922028766,0.03,1341.735294117647
9,1993,6,Madhya Pradesh,Chhindwara,0.17,0.12,706.0,667.0,571.0,625.0,621.0,0.058470764617691184,0.15,736.7586206896551
9,1994,6,Madhya Pradesh,Chhindwara,0.3,0.2,667.0,706.0,667.0,571.0,648.0,-0.055240793201133176,0.17,769.1666666666666
9,1995,6,Madhya Pradesh,Chhindwara,0.2,0.2,1000.0,667.0,706.0,667.0,680.0,0.4992503748125936,0.3,930.3
9,1996,6,Madhya Pradesh,Chhindwara,0.1,0.1,1000.0,1000.0,667.0,706.0,791.0,0.0,0.2,839.2857142857143
9,1997,6,Madhya Pradesh,Chhindwara,0.2,0.2,1000.0,1000.0,1000.0,667.0,889.0,0.0,0.1,925.2631578947369
9,1998,6,Madhya Pradesh,Chhindwara,0.2,0.1,500.0,1000.0,1000.0,1000.0,1000.0,-0.5,0.2,1043.3
9,1999,6,Madhya Pradesh,Chhindwara,0.1,0.1,1000.0,500.0,1000.0,1000.0,833.3333333333334,1.0,0.2,835.1176470588235
9,2000,6,Madhya Pradesh,Chhindwara,0.3,0.2,667.0,1000.0,500.0,1000.0,833.3333333333334,-0.33299999999999996,0.1,973.6666666666666
9,2001,6,Madhya Pradesh,Chhindwara,0.4,0.2,500.0,667.0,1000.0,500.0,722.3333333333334,-0.2503748125937032,0.3,910.6470588235294
9,2002,6,Madhya Pradesh,Chhindwara,0.1,0.1,1000.0,500.0,667.0,1000.0,722.3333333333334,1.0,0.4,581.9473684210526
9,2003,6,Madhya Pradesh,Chhindwara,0.1,0.1,1000.0,1000.0,500.0,667.0,722.3333333333334,0.0,0.1,1085.6315789473683
9,2004,6,Madhya Pradesh,Chhindwara,0.11,0.09,818.0,1000.0,1000.0,500.0,833.3333333333334,-0.18200000000000005,0.1,940.3870967741935
9,2005,6,Madhya Pradesh,Chhindwara,0.08,0.05,625.0,818.0,1000.0,1000.0,939.3333333333334,-0.23594132029339854,0.11,1001.9333333333333
9,2006,6,Madhya Pradesh,Chhindwara,0.11,0.09,818.0,625.0,818.0,1000.0,814.3333333333334,0.30879999999999996,0.08,1027.1290322580646
9,2010,6,Madhya Pradesh,Chhindwara,0.11,0.11,964.0,818.0,625.0,818.0,753.6666666666666,0.1784841075794621,0.11,1238.107142857143
9,2011,6,Madhya Pradesh,Chhindwara,0.11,0.13,1218.0,964.0,818.0,625.0,802.3333333333334,0.2634854771784232,0.11,1214.76
9,2014,6,Madhya Pradesh,Chhindwara,2.0,3.0,1500.0,1218.0,964.0,818.0,1000.0,0.23152709359605916,0.11,1621.1304347826087
9,2018,6,Madhya Pradesh,Chhindwara,0.14,0.17,1169.0,1500.0,1218.0,964.0,1227.3333333333333,-0.22066666666666668,2.0,1588.7435897435898
9,2019,6,Madhya Pradesh,Chhindwara,0.01,0.01,1143.0,1169.0,1500.0,1218.0,1295.6666666666667,-0.022241231822070162,0.14,1341.735294117647
10,1993,6,Madhya Pradesh,Narsinghpur,0.07,0.06,857.0,1111.0,818.0,1000.0,976.3333333333334,-0.22862286228622863,0.09,736.7586206896551
10,1995,6,Madhya Pradesh,Narsinghpur,0.2,0.2,1000.0,857.0,1111.0,818.0,928.6666666666666,0.16686114352392067,0.07,930.3
10,2000,6,Madhya Pradesh,Narsinghpur,0.1,0.1,1000.0,1000.0,857.0,1111.0,989.3333333333334,0.0,0.2,973.6666666666666
10,2004,6,Madhya Pradesh,Narsinghpur,0.02,0.03,1500.0,1000.0,1000.0,857.0,952.3333333333334,0.5,0.1,940.3870967741935
10,2005,6,Madhya Pradesh,Narsinghpur,0.01,0.02,2000.0,1500.0,1000.0,1000.0,1166.6666666666667,0.33333333333333326,0.02,1001.9333333333333
10,2007,6,Madhya Pradesh,Narsinghpur,0.1,0.1,1000.0,2000.0,1500.0,1000.0,1500.0,-0.5,0.01,859.5
10,2011,6,Madhya Pradesh,Narsinghpur,0.02,0.04,1947.0,1000.0,2000.0,1500.0,1500.0,0.9470000000000001,0.1,1214.76
10,2013,6,Madhya Pradesh,Narsinghpur,0.01,0.01,1000.0,1947.0,1000.0,2000.0,1649.0,-0.4863893168977915,0.02,1295.88
10,2014,6,Madhya Pradesh,Narsinghpur,3.0,4.0,1333.0,1000.0,1947.0,1000.0,1315.6666666666667,0.33299999999999996,0.01,1621.1304347826087
10,2017,6,Madhya Pradesh,Narsinghpur,1.0,2.54,2540.0,1333.0,1000.0,1947.0,1426.6666666666667,0.9054763690922731,3.0,1603.7391304347825
10,2018,6,Madhya Pradesh,Narsinghpur,0.01,0.01,1429.0,2540.0,1333.0,1000.0,1624.3333333333333,-0.43740157480314956,1.0,1588.7435897435898
13,1993,6,Madhya Pradesh,Sagar,0.01,0.01,1000.0,1000.0,500.0,667.0,722.3333333333334,0.0,0.01,736.7586206896551
13,2004,6,Madhya Pradesh,Sagar,0.03,0.02,667.0,1000.0,1000.0,500.0,833.3333333333334,-0.33299999999999996,0.01,940.3870967741935
13,2005,6,Madhya Pradesh,Sagar,0.04,0.04,1000.0,667.0,1000.0,1000.0,889.0,0.4992503748125936,0.03,1001.9333333333333
13,2006,6,Madhya Pradesh,Sagar,0.02,0.02,1000.0,1000.0,667.0,1000.0,889.0,0.0,0.04,1027.1290322580646
13,2009,6,Madhya Pradesh,Sagar,0.1,0.1,1000.0,1000.0,1000.0,667.0,889.0,0.0,0.02,1051.3157894736842
13,2010,6,Madhya Pradesh,Sagar,0.02,0.02,1050.0,1000.0,1000.0,1000.0,1000.0,0.050000000000000044,0.1,1238.107142857143
13,2011,6,Madhya Pradesh,Sagar,0.06,0.07,1048.0,1050.0,1000.0,1000.0,1016.6666666666666,-0.0019047619047618536,0.02,1214.76
13,2012,6,Madhya Pradesh,Sagar,0.02,0.07,3500.0,1048.0,1050.0,1000.0,1032.6666666666667,2.3396946564885495,0.06,1543.9166666666667
13,2013,6,Madhya Pradesh,Sagar,0.01,0.01,1000.0,3500.0,1048.0,1050.0,1866.0,-0.7142857142857143,0.02,1295.88
13,2018,6,Madhya Pradesh,Sagar,0.02,0.03,1737.0,1000.0,3500.0,1048.0,1849.3333333333333,0.7370000000000001,0.01,1588.7435897435898
13,2019,6,Madhya Pradesh,Sagar,0.02,0.02,1267.0,1737.0,1000.0,3500.0,2079.0,-0.27058146229130686,0.02,1341.735294117647
14,2003,6,Madhya Pradesh,Damoh,0.2,0.2,1000.0,1000.0,1000.0,1000.0,1000.0,0.0,0.1,1085.6315789473683
14,2004,6,Madhya Pradesh,Damoh,0.06,0.07,1167.0,1000.0,1000.0,1000.0,1000.0,0.16700000000000004,0.2,940.3870967741935
14,2005,6,Madhya Pradesh,Damoh,0.06,0.08,1333.0,1167.0,1000.0,1000.0,1055.6666666666667,0.14224507283633248,0.06,1001.9333333333333
14,2006,6,Madhya Pradesh,Damoh,0.07,0.08,1143.0,1333.0,1167.0,1000.0,1166.6666666666667,-0.14253563390847712,0.06,1027.1290322580646
14,2007,6,Madhya Pradesh,Damoh,0.1,0.1,1000.0,1143.0,1333.0,1167.0,1214.3333333333333,-0.12510936132983375,0.07,859.5
14,2010,6,Madhya Pradesh,Damoh,0.01,0.01,2000.0,1000.0,1143.0,1333.0,1158.6666666666667,1.0,0.1,1238.107142857143
14,2011,6,Madhya Pradesh,Damoh,1.4,2.69,1923.0,2000.0,1000.0,1143.0,1381.0,-0.03849999999999998,0.01,1214.76
14,2012,6,Madhya Pradesh,Damoh,0.01,0.02,2000.0,1923.0,2000.0,1000.0,1641.0,0.04004160166406656,1.4,1543.9166666666667
14,2014,6,Madhya Pradesh,Damoh,2.0,5.0,2500.0,2000.0,1923.0,2000.0,1974.3333333333333,0.25,0.01,1621.1304347826087
16,1993,6,Madhya Pradesh,Chhatarpur,0.04,0.02,500.0,667.0,250.0,500.0,472.3333333333333,-0.2503748125937032,0.06,736.7586206896551
16,2004,6,Madhya Pradesh,Chhatarpur,0.04,0.02,500.0,500.0,667.0,250.0,472.3333333333333,0.0,0.04,940.3870967741935
16,2005,6,Madhya Pradesh,Chhatarpur,0.04,0.02,500.0,500.0,500.0,667.0,555.6666666666666,0.0,0.04,1001.9333333333333
16,2006,6,Madhya Pradesh,Chhatarpur,0.24,0.12,500.0,500.0,500.0,500.0,500.0,0.0,0.04,1027.1290322580646
16,2007,6,Madhya Pradesh,Chhatarpur,0.3,0.1,333.0,500.0,500.0,500.0,500.0,-0.33399999999999996,0.24,859.5
16,2008,6,Madhya Pradesh,Chhatarpur,0.2,0.1,500.0,333.0,500.0,500.0,444.3333333333333,0.5015015015015014,0.3,1110.0555555555557
16,2009,6,Madhya Pradesh,Chhatarpur,0.2,0.1,500.0,500.0,333.0,500.0,444.3333333333333,0.0,0.2,1051.3157894736842
16,2010,6,Madhya Pradesh,Chhatarpur,0.03,0.01,538.0,500.0,500.0,333.0,444.3333333333333,0.07600000000000007,0.2,1238.107142857143
16,2011,6,Madhya Pradesh,Chhatarpur,0.02,0.01,421.0,538.0,500.0,500.0,512.6666666666666,-0.21747211895910779,0.03,1214.76
16,2013,6,Madhya Pradesh,Chhatarpur,0.07,0.05,714.0,421.0,538.0,500.0,486.3333333333333,0.6959619952494063,0.02,1295.88
16,2014,6,Madhya Pradesh,Chhatarpur,2.0,3.0,1500.0,714.0,421.0,538.0,557.6666666666666,1.1008403361344539,0.07,1621.1304347826087
16,2017,6,Madhya Pradesh,Chhatarpur,0.01,0.03,3000.0,1500.0,714.0,421.0,878.3333333333334,1.0,2.0,1603.7391304347825
16,2018,6,Madhya Pradesh,Chhatarpur,0.01,0.01,571.0,3000.0,1500.0,714.0,1738.0,-0.8096666666666666,0.01,1588.7435897435898
16,2019,6,Madhya Pradesh,Chhatarpur,0.01,0.01,571.0,571.0,3000.0,1500.0,1690.3333333333333,0.0,0.01,1341.735294117647
17,1993,6,Madhya Pradesh,Panna,0.04,0.03,750.0,1000.0,667.0,1000.0,889.0,-0.25,0.02,736.7586206896551
17,1995,6,Madhya Pradesh,Panna,0.1,0.1,1000.0,750.0,1000.0,667.0,805.6666666666666,0.33333333333333326,0.04,930.3
17,1997,6,Madhya Pradesh,Panna,0.1,0.1,1000.0,1000.0,750.0,1000.0,916.6666666666666,0.0,0.1,925.2631578947369
17,1998,6,Madhya Pradesh,Panna,0.1,0.1,1000.0,1000.0,1000.0,750.0,916.6666666666666,0.0,0.1,1043.3
17,2002,6,Madhya Pradesh,Panna,0.1,0.1,1000.0,1000.0,1000.0,1000.0,1000.0,0.0,0.1,581.9473684210526
17,2004,6,Madhya Pradesh,Panna,0.04,0.03,750.0,1000.0,1000.0,1000.0,1000.0,-0.25,0.1,940.3870967741935
17,2005,6,Madhya Pradesh,Panna,0.04,0.04,1000.0,750.0,1000.0,1000.0,916.6666666666666,0.33333333333333326,0.04,1001.9333333333333
17,2006,6,Madhya Pradesh,Panna,0.04,0.03,750.0,1000.0,750.0,1000.0,916.6666666666666,-0.25,0.04,1027.1290322580646
17,2009,6,Madhya Pradesh,Panna,0.1,0.1,1000.0,750.0,1000.0,750.0,833.3333333333334,0.33333333333333326,0.04,1051.3157894736842
17,2010,6,Madhya Pradesh,Panna,0.07,0.1,1471.0,1000.0,750.0,1000.0,916.6666666666666,0.4710000000000001,0.1,1238.107142857143
17,2011,6,Madhya Pradesh,Panna,0.08,0.09,1146.0,1471.0,1000.0,750.0,1073.6666666666667,-0.22093813732155,0.07,1214.76
17,2013,6,Madhya Pradesh,Panna,0.01,0.02,2000.0,1146.0,1471.0,1000.0,1205.6666666666667,0.7452006980802792,0.08,1295.88
17,2014,6,Madhya Pradesh,Panna,2.0,3.0,1500.0,2000.0,1146.0,1471.0,1539.0,-0.25,0.01,1621.1304347826087
17,2019,6,Madhya Pradesh,Panna,0.01,0.01,1300.0,1500.0,2000.0,1146.0,1548.6666666666667,-0.1333333333333333,2.0,1341.735294117647
18,1993,6,Madhya Pradesh,Rewa,1.14,0.58,509.0,598.0,373.0,532.0,501.0,-0.1488294314381271,0.97,736.7586206896551
18,1994,6,Madhya Pradesh,Rewa,0.9,0.4,444.0,509.0,598.0,373.0,493.3333333333333,-0.12770137524557956,1.14,769.1666666666666
18,1995,6,Madhya Pradesh,Rewa,0.9,0.5,556.0,444.0,509.0,598.0,517.0,0.25225225225225234,0.9,930.3
18,1996,6,Madhya Pradesh,Rewa,0.6,0.3,500.0,556.0,444.0,509.0,503.0,-0.1007194244604317,0.9,839.2857142857143
18,1997,6,Madhya Pradesh,Rewa,0.7,0.3,429.0,500.0,556.0,444.0,500.0,-0.14200000000000002,0.6,925.2631578947369
18,1998,6,Madhya Pradesh,Rewa,0.7,0.5,714.0,429.0,500.0,556.0,495.0,0.6643356643356644,0.7,1043.3
18,1999,6,Madhya Pradesh,Rewa,0.6,0.3,500.0,714.0,429.0,500.0,547.6666666666666,-0.2997198879551821,0.7,835.1176470588235
18,2000,6,Madhya Pradesh,Rewa,0.6,0.4,667.0,500.0,714.0,429.0,547.6666666666666,0.3340000000000001,0.6,973.6666666666666
18,2001,6,Madhya Pradesh,Rewa,0.5,0.2,400.0,667.0,500.0,714.0,627.0,-0.4002998500749625,0.6,910.6470588235294
18,2002,6,Madhya Pradesh,Rewa,0.6,0.2,333.0,400.0,667.0,500.0,522.3333333333334,-0.16749999999999998,0.5,581.9473684210526
18,2003,6,Madhya Pradesh,Rewa,0.7,0.4,571.0,333.0,400.0,667.0,466.6666666666667,0.7147147147147148,0.6,1085.6315789473683
18,2004,6,Madhya Pradesh,Rewa,0.66,0.35,530.0,571.0,333.0,400.0,434.6666666666667,-0.07180385288966729,0.7,940.3870967741935
18,2005,6,Madhya Pradesh,Rewa,1.11,0.55,495.0,530.0,571.0,333.0,478.0,-0.06603773584905659,0.66,1001.9333333333333
18,2006,6,Madhya Pradesh,Rewa,0.96,0.33,344.0,495.0,530.0,571.0,532.0,-0.305050505050505,1.11,1027.1290322580646
18,2007,6,Madhya Pradesh,Rewa,1.3,0.6,462.0,344.0,495.0,530.0,456.3333333333333,0.34302325581395343,0.96,859.5
18,2008,6,Madhya Pradesh,Rewa,1.0,0.6,600.0,462.0,344.0,495.0,433.6666666666667,0.2987012987012987,1.3,1110.0555555555557
18,2009,6,Madhya Pradesh,Rewa,0.8,0.3,375.0,600.0,462.0,344.0,468.6666666666667,-0.375,1.0,1051.3157894736842
18,2010,6,Madhya Pradesh,Rewa,0.57,0.32,562.0,375.0,600.0,462.0,479.0,0.4986666666666666,0.8,1238.107142857143
18,2011,6,Madhya Pradesh,Rewa,0.47,0.25,522.0,562.0,375.0,600.0,512.3333333333334,-0.07117437722419928,0.57,1214.76
18,2012,6,Madhya Pradesh,Rewa,0.12,0.05,417.0,522.0,562.0,375.0,486.3333333333333,-0.20114942528735635,0.47,1543.9166666666667
18,2013,6,Madhya Pradesh,Rewa,0.29,0.12,414.0,417.0,522.0,562.0,500.3333333333333,-0.007194244604316502,0.12,1295.88
18,2014,6,Madhya Pradesh,Rewa,2.0,3.0,1500.0,414.0,417.0,522.0,451.0,2.6231884057971016,0.29,1621.1304347826087
18,2015,6,Madhya Pradesh,Rewa,2.0,2.0,1000.0,1500.0,414.0,417.0,777.0,-0.33333333333333337,2.0,1552.9166666666667
18,2017,6,Madhya Pradesh,Rewa,8.0,13.24,1655.0,1000.0,1500.0,414.0,971.3333333333334,0.655,2.0,1603.7391304347825
18,2018,6,Madhya Pradesh,Rewa,0.11,0.06,583.0,1655.0,1000.0,1500.0,1385.0,-0.6477341389728097,8.0,1588.7435897435898
18,2019,6,Madhya Pradesh,Rewa,0.05,0.02,469.0,583.0,1655.0,1000.0,1079.3333333333333,-0.19554030874785588,0.11,1341.735294117647
19,2017,6,Madhya Pradesh,Sidhi,8.9,12.68,1425.0,444.0,559.0,500.0,501.0,2.2094594594594597,9.0,1603.7391304347825
19,2019,6,Madhya Pradesh,Sidhi,0.03,0.01,346.0,1425.0,444.0,559.0,809.3333333333334,-0.7571929824561403,8.9,1341.735294117647
20,1993,6,Madhya Pradesh,Satna,0.11,0.06,545.0,640.0,429.0,667.0,578.6666666666666,-0.1484375,0.25,736.7586206896551
20,1994,6,Madhya Pradesh,Satna,0.1,0.1,1000.0,545.0,640.0,429.0,538.0,0.834862385321101,0.11,769.1666666666666
20,1995,6,Madhya Pradesh,Satna,0.1,0.1,1000.0,1000.0,545.0,640.0,728.3333333333334,0.0,0.1,930.3
20,1998,6,Madhya Pradesh,Satna,0.1,0.1,1000.0,1000.0,1000.0,545.0,848.3333333333334,0.0,0.1,1043.3
20,2000,6,Madhya Pradesh,Satna,0.1,0.1,1000.0,1000.0,1000.0,1000.0,1000.0,0.0,0.1,973.6666666666666
20,2001,6,Madhya Pradesh,Satna,0.1,0.1,1000.0,1000.0,1000.0,1000.0,1000.0,0.0,0.1,910.6470588235294
20,2002,6,Madhya Pradesh,Satna,0.1,0.1,1000.0,1000.0,1000.0,1000.0,1000.0,0.0,0.1,581.9473684210526
20,2004,6,Madhya Pradesh,Satna,0.08,0.04,500.0,1000.0,1000.0,1000.0,1000.0,-0.5,0.1,940.3870967741935
20,2005,6,Madhya Pradesh,Satna,0.06,0.04,667.0,500.0,1000.0,1000.0,833.3333333333334,0.3340000000000001,0.08,1001.9333333333333
20,2006,6,Madhya Pradesh,Satna,0.06,0.03,500.0,667.0,500.0,1000.0,722.3333333333334,-0.2503748125937032,0.06,1027.1290322580646
20,2010,6,Madhya Pradesh,Satna,0.04,0.02,686.0,500.0,667.0,500.0,555.6666666666666,0.3720000000000001,0.06,1238.107142857143
20,2011,6,Madhya Pradesh,Satna,0.05,0.03,617.0,686.0,500.0,667.0,617.6666666666666,-0.1005830903790087,0.04,1214.76
20,2013,6,Madhya Pradesh,Satna,0.04,0.03,750.0,617.0,686.0,500.0,601.0,0.21555915721231766,0.05,1295.88
20,2014,6,Madhya Pradesh,Satna,2.0,3.0,1500.0,750.0,617.0,686.0,684.3333333333334,1.0,0.04,1621.1304347826087
20,2017,6,Madhya Pradesh,Satna,0.4,0.54,1350.0,1500.0,750.0,617.0,955.6666666666666,-0.09999999999999998,2.0,1603.7391304347825
20,2018,6,Madhya Pradesh,Satna,0.02,0.01,765.0,1350.0,1500.0,750.0,1200.0,-0.43333333333333335,0.4,1588.7435897435898
20,2019,6,Madhya Pradesh,Satna,0.05,0.03,565.0,765.0,1350.0,1500.0,1205.0,-0.261437908496732,0.02,1341.735294117647
22,1993,6,Madhya Pradesh,Gwalior,1.47,1.81,1231.0,1729.0,1253.0,1206.0,1396.0,-0.2880277617119722,1.66,736.7586206896551
22,1994,6,Madhya Pradesh,Gwalior,1.3,1.9,1462.0,1231.0,1729.0,1253.0,1404.3333333333333,0.18765231519090175,1.47,769.1666666666666
22,1995,6,Madhya Pradesh,Gwalior,1.4,2.6,1857.0,1462.0,1231.0,1729.0,1474.0,0.2701778385772913,1.3,930.3
22,1996,6,Madhya Pradesh,Gwalior,1.7,2.5,1471.0,1857.0,1462.0,1231.0,1516.6666666666667,-0.20786214324178787,1.4,839.2857142857143
22,1997,6,Madhya Pradesh,Gwalior,1.8,3.0,1667.0,1471.0,1857.0,1462.0,1596.6666666666667,0.13324269204622707,1.7,925.2631578947369
22,1998,6,Madhya Pradesh,Gwalior,1.6,3.2,2000.0,1667.0,1471.0,1857.0,1665.0,0.1997600479904018,1.8,1043.3
22,1999,6,Madhya Pradesh,Gwalior,1.4,2.8,2000.0,2000.0,1667.0,1471.0,1712.6666666666667,0.0,1.6,835.1176470588235
22,2000,6,Madhya Pradesh,Gwalior,2.3,5.0,2174.0,2000.0,2000.0,1667.0,1889.0,0.08699999999999997,1.4,973.6666666666666
22,2001,6,Madhya Pradesh,Gwalior,3.9,8.6,2205.0,2174.0,2000.0,2000.0,2058.0,0.014259429622815123,2.3,910.6470588235294
22,2002,6,Madhya Pradesh,Gwalior,5.6,3.0,536.0,2205.0,2174.0,2000.0,2126.3333333333335,-0.7569160997732426,3.9,581.9473684210526
22,2003,6,Madhya Pradesh,Gwalior,13.2,26.4,2000.0,536.0,2205.0,2174.0,1638.3333333333333,2.7313432835820897,5.6,1085.6315789473683
22,2004,6,Madhya Pradesh,Gwalior,6.98,13.69,1961.0,2000.0,536.0,2205.0,1580.3333333333333,-0.019499999999999962,13.2,940.3870967741935
22,2005,6,Madhya Pradesh,Gwalior,5.78,13.56,2346.0,1961.0,2000.0,536.0,1499.0,0.1963284038755737,6.98,1001.9333333333333
22,2006,6,Madhya Pradesh,Gwalior,5.92,13.18,2226.0,2346.0,1961.0,2000.0,2102.3333333333335,-0.051150895140664954,5.78,1027.1290322580646
22,2007,6,Madhya Pradesh,Gwalior,9.7,11.5,1186.0,2226.0,2346.0,1961.0,2177.6666666666665,-0.4672057502246182,5.92,859.5
22,2008,6,Madhya Pradesh,Gwalior,9.7,21.2,2186.0,1186.0,2226.0,2346.0,1919.3333333333333,0.8431703204047218,9.7,1110.0555555555557
22,2009,6,Madhya Pradesh,Gwalior,10.0,22.7,2270.0,2186.0,1186.0,2226.0,1866.0,0.038426349496797796,9.7,1051.3157894736842
22,2010,6,Madhya Pradesh,Gwalior,10.09,25.91,2569.0,2270.0,2186.0,1186.0,1880.6666666666667,0.1317180616740088,10.0,1238.107142857143
22,2011,6,Madhya Pradesh,Gwalior,10.32,27.44,2659.0,2569.0,2270.0,2186.0,2341.6666666666665,0.03503308680420392,10.09,1214.76
22,2012,6,Madhya Pradesh,Gwalior,9.09,22.65,2492.0,2659.0,2569.0,2270.0,2499.3333333333335,-0.06280556600225651,10.32,1543.9166666666667
22,2013,6,Madhya Pradesh,Gwalior,7.05,13.65,1936.0,2492.0,2659.0,2569.0,2573.3333333333335,-0.2231139646869984,9.09,1295.88
22,2014,6,Madhya Pradesh,Gwalior,8.0,14.0,1750.0,1936.0,2492.0,2659.0,2362.3333333333335,-0.09607438016528924,7.05,1621.1304347826087
22,2015,6,Madhya Pradesh,Gwalior,9.0,18.0,2000.0,1750.0,1936.0,2492.0,2059.3333333333335,0.1428571428571428,8.0,1552.9166666666667
22,2016,6,Madhya Pradesh,Gwalior,10.0,28.0,2800.0,2000.0,1750.0,1936.0,1895.3333333333333,0.3999999999999999,9.0,2052.0
22,2017,6,Madhya Pradesh,Gwalior,11.9,19.02,1598.0,2800.0,2000.0,1750.0,2183.3333333333335,-0.42928571428571427,10.0,1603.7391304347825
22,2018,6,Madhya Pradesh,Gwalior,18.78,45.29,2412.0,1598.0,2800.0,2000.0,2132.6666666666665,0.509386733416771,11.9,1588.7435897435898
22,2019,6,Madhya Pradesh,Gwalior,17.1,33.71,1972.0,2412.0,1598.0,2800.0,2270.0,-0.18242122719734655,18.78,1341.735294117647
23,1993,6,Madhya Pradesh,Shivpuri,5.33,4.92,923.0,1100.0,753.0,928.0,927.0,-0.1609090909090909,5.79,736.7586206896551
23,1994,6,Madhya Pradesh,Shivpuri,4.9,4.4,898.0,923.0,1100.0,753.0,925.3333333333334,-0.02708559046587211,5.33,769.1666666666666
23,1995,6,Madhya Pradesh,Shivpuri,5.0,5.3,1060.0,898.0,923.0,1100.0,973.6666666666666,0.18040089086859679,4.9,930.3
23,1996,6,Madhya Pradesh,Shivpuri,4.7,4.7,1000.0,1060.0,898.0,923.0,960.3333333333334,-0.05660377358490565,5.0,839.2857142857143
23,1997,6,Madhya Pradesh,Shivpuri,4.4,4.5,1023.0,1000.0,1060.0,898.0,986.0,0.02299999999999991,4.7,925.2631578947369
23,1998,6,Madhya Pradesh,Shivpuri,4.4,5.8,1318.0,1023.0,1000.0,1060.0,1027.6666666666667,0.2883675464320625,4.4,1043.3
23,1999,6,Madhya Pradesh,Shivpuri,4.0,4.1,1025.0,1318.0,1023.0,1000.0,1113.6666666666667,-0.22230652503793624,4.4,835.1176470588235
23,2000,6,Madhya Pradesh,Shivpuri,4.2,6.8,1619.0,1025.0,1318.0,1023.0,1122.0,0.5795121951219513,4.0,973.6666666666666
23,2001,6,Madhya Pradesh,Shivpuri,4.4,5.2,1182.0,1619.0,1025.0,1318.0,1320.6666666666667,-0.26991970352069183,4.2,910.6470588235294
23,2002,6,Madhya Pradesh,Shivpuri,7.7,2.3,299.0,1182.0,1619.0,1025.0,1275.3333333333333,-0.7470389170896785,4.4,581.9473684210526
23,2003,6,Madhya Pradesh,Shivpuri,15.4,21.9,1422.0,299.0,1182.0,1619.0,1033.3333333333333,3.7558528428093645,7.7,1085.6315789473683
23,2004,6,Madhya Pradesh,Shivpuri,10.49,14.83,1414.0,1422.0,299.0,1182.0,967.6666666666666,-0.005625879043600568,15.4,940.3870967741935
23,2005,6,Madhya Pradesh,Shivpuri,8.76,13.68,1562.0,1414.0,1422.0,299.0,1045.0,0.10466760961810473,10.49,1001.9333333333333
23,2006,6,Madhya Pradesh,Shivpuri,8.97,12.57,1401.0,1562.0,1414.0,1422.0,1466.0,-0.10307298335467352,8.76,1027.1290322580646
23,2007,6,Madhya Pradesh,Shivpuri,11.4,9.8,860.0,1401.0,1562.0,1414.0,1459.0,-0.3861527480371163,8.97,859.5
23,2008,6,Madhya Pradesh,Shivpuri,10.1,15.8,1564.0,860.0,1401.0,1562.0,1274.3333333333333,0.8186046511627907,11.4,1110.0555555555557
23,2009,6,Madhya Pradesh,Shivpuri,11.5,17.5,1522.0,1564.0,860.0,1401.0,1275.0,-0.026854219948849067,10.1,1051.3157894736842
23,2010,6,Madhya Pradesh,Shivpuri,11.11,19.64,1767.0,1522.0,1564.0,860.0,1315.3333333333333,0.16097240473061758,11.5,1238.107142857143
23,2011,6,Madhya Pradesh,Shivpuri,10.3,17.2,1670.0,1767.0,1522.0,1564.0,1617.6666666666667,-0.05489530277306165,11.11,1214.76
23,2012,6,Madhya Pradesh,Shivpuri,9.75,15.45,1585.0,1670.0,1767.0,1522.0,1653.0,-0.050898203592814384,10.3,1543.9166666666667
23,2013,6,Madhya Pradesh,Shivpuri,5.34,7.24,1356.0,1585.0,1670.0,1767.0,1674.0,-0.14447949526813875,9.75,1295.88
23,2014,6,Madhya Pradesh,Shivpuri,9.0,12.0,1333.0,1356.0,1585.0,1670.0,1537.0,-0.016961651917404175,5.34,1621.1304347826087
23,2015,6,Madhya Pradesh,Shivpuri,5.0,7.0,1400.0,1333.0,1356.0,1585.0,1424.6666666666667,0.050262565641410406,9.0,1552.9166666666667
23,2016,6,Madhya Pradesh,Shivpuri,8.0,21.0,2625.0,1400.0,1333.0,1356.0,1363.0,0.875,5.0,2052.0
23,2017,6,Madhya Pradesh,Shivpuri,8.7,12.76,1467.0,2625.0,1400.0,1333.0,1786.0,-0.44114285714285717,8.0,1603.7391304347825
23,2018,6,Madhya Pradesh,Shivpuri,8.91,15.05,1688.0,1467.0,2625.0,1400.0,1830.6666666666667,0.15064758009543278,8.7,1588.7435897435898
23,2019,6,Madhya Pradesh,Shivpuri,5.76,8.8,1529.0,1688.0,1467.0,2625.0,1926.6666666666667,-0.09419431279620849,8.91,1341.735294117647
24,1993,6,Madhya Pradesh,Guna,0.15,0.15,1000.0,1333.0,714.0,903.0,983.3333333333334,-0.24981245311327827,0.09,736.7586206896551
24,1994,6,Madhya Pradesh,Guna,0.2,0.1,500.0,1000.0,1333.0,714.0,1015.6666666666666,-0.5,0.15,769.1666666666666
24,1995,6,Madhya Pradesh,Guna,0.1,0.1,1000.0,500.0,1000.0,1333.0,944.3333333333334,1.0,0.2,930.3
24,1996,6,Madhya Pradesh,Guna,0.2,0.2,1000.0,1000.0,500.0,1000.0,833.3333333333334,0.0,0.1,839.2857142857143
24,1997,6,Madhya Pradesh,Guna,0.1,0.1,1000.0,1000.0,1000.0,500.0,833.3333333333334,0.0,0.2,925.2631578947369
24,1998,6,Madhya Pradesh,Guna,0.1,0.2,2000.0,1000.0,1000.0,1000.0,1000.0,1.0,0.1,1043.3
24,1999,6,Madhya Pradesh,Guna,0.1,0.1,1000.0,2000.0,1000.0,1000.0,1333.3333333333333,-0.5,0.1,835.1176470588235
24,2000,6,Madhya Pradesh,Guna,0.1,0.1,1000.0,1000.0,2000.0,1000.0,1333.3333333333333,0.0,0.1,973.6666666666666
24,2001,6,Madhya Pradesh,Guna,0.2,0.2,1000.0,1000.0,1000.0,2000.0,1333.3333333333333,0.0,0.1,910.6470588235294
24,2002,6,Madhya Pradesh,Guna,0.2,0.1,500.0,1000.0,1000.0,1000.0,1000.0,-0.5,0.2,581.9473684210526
24,2003,6,Madhya Pradesh,Guna,0.3,0.5,1667.0,500.0,1000.0,1000.0,833.3333333333334,2.334,0.2,1085.6315789473683
24,2004,6,Madhya Pradesh,Guna,0.24,0.33,1375.0,1667.0,500.0,1000.0,1055.6666666666667,-0.17516496700659867,0.3,940.3870967741935
24,2005,6,Madhya Pradesh,Guna,0.05,0.08,1600.0,1375.0,1667.0,500.0,1180.6666666666667,0.16363636363636358,0.24,1001.9333333333333
24,2006,6,Madhya Pradesh,Guna,0.16,0.26,1625.0,1600.0,1375.0,1667.0,1547.3333333333333,0.015625,0.05,1027.1290322580646
24,2007,6,Madhya Pradesh,Guna,0.2,0.1,500.0,1625.0,1600.0,1375.0,1533.3333333333333,-0.6923076923076923,0.16,859.5
24,2008,6,Madhya Pradesh,Guna,0.1,0.1,1000.0,500.0,1625.0,1600.0,1241.6666666666667,1.0,0.2,1110.0555555555557
24,2009,6,Madhya Pradesh,Guna,0.2,0.4,2000.0,1000.0,500.0,1625.0,1041.6666666666667,1.0,0.1,1051.3157894736842
24,2010,6,Madhya Pradesh,Guna,0.06,0.12,1871.0,2000.0,1000.0,500.0,1166.6666666666667,-0.0645,0.2,1238.107142857143
24,2011,6,Madhya Pradesh,Guna,0.08,0.13,1613.0,1871.0,2000.0,1000.0,1623.6666666666667,-0.13789417423837524,0.06,1214.76
24,2012,6,Madhya Pradesh,Guna,0.06,0.1,1667.0,1613.0,1871.0,2000.0,1828.0,0.03347799132052076,0.08,1543.9166666666667
24,2013,6,Madhya Pradesh,Guna,0.07,0.09,1286.0,1667.0,1613.0,1871.0,1717.0,-0.22855428914217157,0.06,1295.88
24,2018,6,Madhya Pradesh,Guna,0.03,0.05,2000.0,1286.0,1667.0,1613.0,1522.0,0.5552099533437014,0.07,1588.7435897435898
24,2019,6,Madhya Pradesh,Guna,0.01,0.01,1750.0,2000.0,1286.0,1667.0,1651.0,-0.125,0.03,1341.735294117647
25,1993,6,Madhya Pradesh,Datia,0.7,0.58,829.0,1167.0,750.0,959.0,958.6666666666666,-0.2896315338474722,0.9,736.7586206896551
25,1994,6,Madhya Pradesh,Datia,0.7,0.5,714.0,829.0,1167.0,750.0,915.3333333333334,-0.13872135102533167,0.7,769.1666666666666
25,1995,6,Madhya Pradesh,Datia,0.6,0.7,1167.0,714.0,829.0,1167.0,903.3333333333334,0.634453781512605,0.7,930.3
25,1996,6,Madhya Pradesh,Datia,1.0,1.0,1000.0,1167.0,714.0,829.0,903.3333333333334,-0.14310197086546705,0.6,839.2857142857143
25,1997,6,Madhya Pradesh,Datia,0.2,0.3,1500.0,1000.0,1167.0,714.0,960.3333333333334,0.5,1.0,925.2631578947369
25,1998,6,Madhya Pradesh,Datia,1.9,2.5,1316.0,1500.0,1000.0,1167.0,1222.3333333333333,-0.1226666666666667,0.2,1043.3
25,1999,6,Madhya Pradesh,Datia,0.8,0.8,1000.0,1316.0,1500.0,1000.0,1272.0,-0.2401215805471124,1.9,835.1176470588235
25,2000,6,Madhya Pradesh,Datia,0.7,1.0,1429.0,1000.0,1316.0,1500.0,1272.0,0.42900000000000005,0.8,973.6666666666666
25,2001,6,Madhya Pradesh,Datia,0.6,0.7,1167.0,1429.0,1000.0,1316.0,1248.3333333333333,-0.18334499650104974,0.7,910.6470588235294
25,2002,6,Madhya Pradesh,Datia,1.2,0.7,583.0,1167.0,1429.0,1000.0,1198.6666666666667,-0.5004284490145673,0.6,581.9473684210526
25,2003,6,Madhya Pradesh,Datia,1.2,1.2,1000.0,583.0,1167.0,1429.0,1059.6666666666667,0.7152658662092624,1.2,1085.6315789473683
25,2004,6,Madhya Pradesh,Datia,1.09,0.86,789.0,1000.0,583.0,1167.0,916.6666666666666,-0.21099999999999997,1.2,940.3870967741935
25,2005,6,Madhya Pradesh,Datia,1.01,1.31,1297.0,789.0,1000.0,583.0,790.6666666666666,0.643852978453739,1.09,1001.9333333333333
25,2006,6,Madhya Pradesh,Datia,1.02,1.19,1167.0,1297.0,789.0,1000.0,1028.6666666666667,-0.10023130300693905,1.01,1027.1290322580646
25,2007,6,Madhya Pradesh,Datia,2.2,1.4,636.0,1167.0,1297.0,789.0,1084.3333333333333,-0.4550128534704371,1.02,859.5
25,2008,6,Madhya Pradesh,Datia,0.8,1.6,2000.0,636.0,1167.0,1297.0,1033.3333333333333,2.1446540880503147,2.2,1110.0555555555557
25,2010,6,Madhya Pradesh,Datia,0.91,1.07,1171.0,2000.0,636.0,1167.0,1267.6666666666667,-0.4145,0.8,1238.107142857143
25,2011,6,Madhya Pradesh,Datia,1.09,1.42,1304.0,1171.0,2000.0,636.0,1269.0,0.11357813834329633,0.91,1214.76
25,2012,6,Madhya Pradesh,Datia,0.96,1.66,1729.0,1304.0,1171.0,2000.0,1491.6666666666667,0.32592024539877307,1.09,1543.9166666666667
25,2013,6,Madhya Pradesh,Datia,0.81,0.89,1099.0,1729.0,1304.0,1171.0,1401.3333333333333,-0.3643724696356275,0.96,1295.88
25,2014,6,Madhya Pradesh,Datia,3.0,5.0,1667.0,1099.0,1729.0,1304.0,1377.3333333333333,0.5168334849863512,0.81,1621.1304347826087
25,2015,6,Madhya Pradesh,Datia,1.0,2.0,2000.0,1667.0,1099.0,1729.0,1498.3333333333333,0.1997600479904018,3.0,1552.9166666666667
25,2016,6,Madhya Pradesh,Datia,5.0,7.0,1400.0,2000.0,1667.0,1099.0,1588.6666666666667,-0.30000000000000004,1.0,2052.0
25,2018,6,Madhya Pradesh,Datia,1.98,3.3,1665.0,1400.0,2000.0,1667.0,1689.0,0.18928571428571428,5.0,1588.7435897435898
25,2019,6,Madhya Pradesh,Datia,2.61,3.49,1335.0,1665.0,1400.0,2000.0,1688.3333333333333,-0.19819819819819817,1.98,1341.735294117647
26,1993,6,Madhya Pradesh,Morena,60.91,62.31,1023.0,1040.0,984.0,1182.0,1068.6666666666667,-0.0163461538461539,59.53,736.7586206896551
26,1994,6,Madhya Pradesh,Morena,60.6,73.3,1210.0,1023.0,1040.0,984.0,1015.6666666666666,0.18279569892473124,60.91,769.1666666666666
26,1995,6,Madhya Pradesh,Morena,55.1,54.1,982.0,1210.0,1023.0,1040.0,1091.0,-0.18842975206611567,60.6,930.3
26,1996,6,Madhya Pradesh,Morena,60.9,79.6,1307.0,982.0,1210.0,1023.0,1071.6666666666667,0.3309572301425663,55.1,839.2857142857143
26,1997,6,Madhya Pradesh,Morena,69.7,100.1,1436.0,1307.0,982.0,1210.0,1166.3333333333333,0.09869931140015309,60.9,925.2631578947369
26,1998,6,Madhya Pradesh,Morena,68.2,100.3,1471.0,1436.0,1307.0,982.0,1241.6666666666667,0.024373259052924867,69.7,1043.3
26,1999,6,Madhya Pradesh,Morena,55.0,73.4,1335.0,1471.0,1436.0,1307.0,1404.6666666666667,-0.09245411284840244,68.2,835.1176470588235
26,2000,6,Madhya Pradesh,Morena,73.9,124.0,1678.0,1335.0,1471.0,1436.0,1414.0,0.2569288389513109,55.0,973.6666666666666
26,2001,6,Madhya Pradesh,Morena,70.2,122.0,1738.0,1678.0,1335.0,1471.0,1494.6666666666667,0.035756853396901045,73.9,910.6470588235294
26,2002,6,Madhya Pradesh,Morena,73.3,68.9,940.0,1738.0,1678.0,1335.0,1583.6666666666667,-0.4591484464902187,70.2,581.9473684210526
26,2003,6,Madhya Pradesh,Morena,76.8,131.1,1707.0,940.0,1738.0,1678.0,1452.0,0.8159574468085107,73.3,1085.6315789473683
26,2004,6,Madhya Pradesh,Morena,73.79,129.58,1756.0,1707.0,940.0,1738.0,1461.6666666666667,0.02870533099004091,76.8,940.3870967741935
26,2005,6,Madhya Pradesh,Morena,79.78,156.45,1961.0,1756.0,1707.0,940.0,1467.6666666666667,0.11674259681093391,73.79,1001.9333333333333
26,2006,6,Madhya Pradesh,Morena,82.75,145.73,1761.0,1961.0,1756.0,1707.0,1808.0,-0.1019887812340643,79.78,1027.1290322580646
26,2007,6,Madhya Pradesh,Morena,89.4,168.7,1887.0,1761.0,1961.0,1756.0,1826.0,0.07155025553662697,82.75,859.5
26,2008,6,Madhya Pradesh,Morena,87.5,143.1,1635.0,1887.0,1761.0,1961.0,1869.6666666666667,-0.1335453100158982,89.4,1110.0555555555557
26,2009,6,Madhya Pradesh,Morena,74.8,143.6,1920.0,1635.0,1887.0,1761.0,1761.0,0.17431192660550465,87.5,1051.3157894736842
26,2010,6,Madhya Pradesh,Morena,96.46,238.27,2470.0,1920.0,1635.0,1887.0,1814.0,0.28645833333333326,74.8,1238.107142857143
26,2011,6,Madhya Pradesh,Morena,98.57,238.54,2420.0,2470.0,1920.0,1635.0,2008.3333333333333,-0.020242914979757054,96.46,1214.76
26,2012,6,Madhya Pradesh,Morena,94.71,223.42,2359.0,2420.0,2470.0,1920.0,2270.0,-0.02520661157024795,98.57,1543.9166666666667
26,2013,6,Madhya Pradesh,Morena,111.05,237.85,2142.0,2359.0,2420.0,2470.0,2416.3333333333335,-0.09198813056379818,94.71,1295.88
26,2014,6,Madhya Pradesh,Morena,87.0,196.0,2253.0,2142.0,2359.0,2420.0,2307.0,0.051820728291316565,111.05,1621.1304347826087
26,2015,6,Madhya Pradesh,Morena,135.0,390.0,2889.0,2253.0,2142.0,2359.0,2251.3333333333335,0.2822902796271638,87.0,1552.9166666666667
26,2016,6,Madhya Pradesh,Morena,163.0,480.0,2945.0,2889.0,2253.0,2142.0,2428.0,0.019383869851159474,135.0,2052.0
26,2017,6,Madhya Pradesh,Morena,121.5,361.1,2972.0,2945.0,2889.0,2253.0,2695.6666666666665,0.00916808149405779,163.0,1603.7391304347825
26,2018,6,Madhya Pradesh,Morena,197.85,338.71,1712.0,2972.0,2945.0,2889.0,2935.3333333333335,-0.423956931359354,121.5,1588.7435897435898
26,2019,6,Madhya Pradesh,Morena,202.06,444.32,2199.0,1712.0,2972.0,2945.0,2543.0,0.28446261682243,197.85,1341.735294117647
27,1993,6,Madhya Pradesh,Bhind,32.02,34.25,1070.0,1382.0,938.0,1053.0,1124.3333333333333,-0.22575976845151957,34.98,736.7586206896551
27,1994,6,Madhya Pradesh,Bhind,26.6,22.3,838.0,1070.0,1382.0,938.0,1130.0,-0.2168224299065421,32.02,769.1666666666666
27,1995,6,Madhya Pradesh,Bhind,29.4,37.7,1282.0,838.0,1070.0,1382.0,1096.6666666666667,0.5298329355608591,26.6,930.3
27,1996,6,Madhya Pradesh,Bhind,29.3,33.8,1154.0,1282.0,838.0,1070.0,1063.3333333333333,-0.0998439937597504,29.4,839.2857142857143
27,1997,6,Madhya Pradesh,Bhind,26.1,30.0,1149.0,1154.0,1282.0,838.0,1091.3333333333333,-0.004332755632582286,29.3,925.2631578947369
27,1998,6,Madhya Pradesh,Bhind,25.3,36.0,1423.0,1149.0,1154.0,1282.0,1195.0,0.23846823324630106,26.1,1043.3
27,1999,6,Madhya Pradesh,Bhind,30.3,32.9,1086.0,1423.0,1149.0,1154.0,1242.0,-0.23682361208713987,25.3,835.1176470588235
27,2000,6,Madhya Pradesh,Bhind,34.2,36.9,1079.0,1086.0,1423.0,1149.0,1219.3333333333333,-0.006445672191528584,30.3,973.6666666666666
27,2001,6,Madhya Pradesh,Bhind,29.5,35.1,1190.0,1079.0,1086.0,1423.0,1196.0,0.10287303058387387,34.2,910.6470588235294
27,2002,6,Madhya Pradesh,Bhind,33.3,34.7,1042.0,1190.0,1079.0,1086.0,1118.3333333333333,-0.12436974789915967,29.5,581.9473684210526
27,2003,6,Madhya Pradesh,Bhind,34.8,48.1,1382.0,1042.0,1190.0,1079.0,1103.6666666666667,0.3262955854126679,33.3,1085.6315789473683
27,2004,6,Madhya Pradesh,Bhind,36.11,50.34,1394.0,1382.0,1042.0,1190.0,1204.6666666666667,0.00868306801736618,34.8,940.3870967741935
27,2005,6,Madhya Pradesh,Bhind,33.06,42.46,1284.0,1394.0,1382.0,1042.0,1272.6666666666667,-0.07890961262553797,36.11,1001.9333333333333
27,2006,6,Madhya Pradesh,Bhind,31.69,34.07,1075.0,1284.0,1394.0,1382.0,1353.3333333333333,-0.16277258566978192,33.06,1027.1290322580646
27,2007,6,Madhya Pradesh,Bhind,33.2,38.1,1148.0,1075.0,1284.0,1394.0,1251.0,0.067906976744186,31.69,859.5
27,2008,6,Madhya Pradesh,Bhind,28.3,30.1,1064.0,1148.0,1075.0,1284.0,1169.0,-0.07317073170731703,33.2,1110.0555555555557
27,2009,6,Madhya Pradesh,Bhind,22.2,23.5,1059.0,1064.0,1148.0,1075.0,1095.6666666666667,-0.0046992481203007586,28.3,1051.3157894736842
27,2010,6,Madhya Pradesh,Bhind,35.36,50.22,1420.0,1059.0,1064.0,1148.0,1090.3333333333333,0.3408876298394712,22.2,1238.107142857143
27,2011,6,Madhya Pradesh,Bhind,33.59,51.99,1548.0,1420.0,1059.0,1064.0,1181.0,0.09014084507042264,35.36,1214.76
27,2012,6,Madhya Pradesh,Bhind,36.92,60.86,1648.0,1548.0,1420.0,1059.0,1342.3333333333333,0.06459948320413433,33.59,1543.9166666666667
27,2013,6,Madhya Pradesh,Bhind,29.76,84.76,2848.0,1648.0,1548.0,1420.0,1538.6666666666667,0.7281553398058251,36.92,1295.88
27,2014,6,Madhya Pradesh,Bhind,50.0,112.0,2240.0,2848.0,1648.0,1548.0,2014.6666666666667,-0.2134831460674157,29.76,1621.1304347826087
27,2015,6,Madhya Pradesh,Bhind,46.0,130.0,2826.0,2240.0,2848.0,1648.0,2245.3333333333335,0.2616071428571429,50.0,1552.9166666666667
27,2016,6,Madhya Pradesh,Bhind,45.0,165.0,3667.0,2826.0,2240.0,2848.0,2638.0,0.2975937721160651,46.0,2052.0
27,2017,6,Madhya Pradesh,Bhind,61.9,170.47,2754.0,3667.0,2826.0,2240.0,2911.0,-0.24897736569402784,45.0,1603.7391304347825
27,2018,6,Madhya Pradesh,Bhind,57.62,158.85,2757.0,2754.0,3667.0,2826.0,3082.3333333333335,0.0010893246187364536,61.9,1588.7435897435898
27,2019,6,Madhya Pradesh,Bhind,74.16,238.61,3218.0,2757.0,2754.0,3667.0,3059.3333333333335,0.16721073630758077,57.62,1341.735294117647
28,2019,6,Madhya Pradesh,Indore,0.01,0.02,2714.0,2889.0,1000.0,1000.0,1629.6666666666667,-0.06057459328487369,0.02,1341.735294117647
29,1993,6,Madhya Pradesh,Ratlam,0.89,0.66,742.0,772.0,601.0,690.0,687.6666666666666,-0.03886010362694303,1.14,736.7586206896551
29,1994,6,Madhya Pradesh,Ratlam,0.5,0.4,800.0,742.0,772.0,601.0,705.0,0.07816711590296488,0.89,769.1666666666666
29,1995,6,Madhya Pradesh,Ratlam,0.2,0.2,1000.0,800.0,742.0,772.0,771.3333333333334,0.25,0.5,930.3
29,1996,6,Madhya Pradesh,Ratlam,0.1,0.1,1000.0,1000.0,800.0,742.0,847.3333333333334,0.0,0.2,839.2857142857143
29,1997,6,Madhya Pradesh,Ratlam,0.1,0.1,1000.0,1000.0,1000.0,800.0,933.3333333333334,0.0,0.1,925.2631578947369
29,1998,6,Madhya Pradesh,Ratlam,0.1,0.1,1000.0,1000.0,1000.0,1000.0,1000.0,0.0,0.1,1043.3
29,2002,6,Madhya Pradesh,Ratlam,0.3,0.1,333.0,1000.0,1000.0,1000.0,1000.0,-0.667,0.1,581.9473684210526
29,2003,6,Madhya Pradesh,Ratlam,0.3,0.5,1667.0,333.0,1000.0,1000.0,777.6666666666666,4.006006006006006,0.3,1085.6315789473683
29,2004,6,Madhya Pradesh,Ratlam,0.05,0.07,1400.0,1667.0,333.0,1000.0,1000.0,-0.1601679664067187,0.3,940.3870967741935
29,2005,6,Madhya Pradesh,Ratlam,0.03,0.04,1333.0,1400.0,1667.0,333.0,1133.3333333333333,-0.04785714285714282,0.05,1001.9333333333333
29,2006,6,Madhya Pradesh,Ratlam,0.06,0.09,1500.0,1333.0,1400.0,1667.0,1466.6666666666667,0.12528132033008244,0.03,1027.1290322580646
29,2007,6,Madhya Pradesh,Ratlam,0.9,1.3,1444.0,1500.0,1333.0,1400.0,1411.0,-0.03733333333333333,0.06,859.5
29,2009,6,Madhya Pradesh,Ratlam,0.2,0.3,1500.0,1444.0,1500.0,1333.0,1425.6666666666667,0.03878116343490312,0.9,1051.3157894736842
29,2018,6,Madhya Pradesh,Ratlam,0.02,0.04,2412.0,1500.0,1444.0,1500.0,1481.3333333333333,0.6080000000000001,0.2,1588.7435897435898
29,2019,6,Madhya Pradesh,Ratlam,0.01,0.01,1091.0,2412.0,1500.0,1444.0,1785.3333333333333,-0.5476782752902156,0.02,1341.735294117647
30,1993,6,Madhya Pradesh,Ujjain,0.25,0.16,640.0,778.0,655.0,794.0,742.3333333333334,-0.1773778920308483,0.36,736.7586206896551
30,1994,6,Madhya Pradesh,Ujjain,0.1,0.1,1000.0,640.0,778.0,655.0,691.0,0.5625,0.25,769.1666666666666
30,1995,6,Madhya Pradesh,Ujjain,0.1,0.1,1000.0,1000.0,640.0,778.0,806.0,0.0,0.1,930.3
30,1997,6,Madhya Pradesh,Ujjain,0.1,0.1,1000.0,1000.0,1000.0,640.0,880.0,0.0,0.1,925.2631578947369
30,1998,6,Madhya Pradesh,Ujjain,0.1,0.1,1000.0,1000.0,1000.0,1000.0,1000.0,0.0,0.1,1043.3
30,2004,6,Madhya Pradesh,Ujjain,0.04,0.03,750.0,1000.0,1000.0,1000.0,1000.0,-0.25,0.1,940.3870967741935
30,2005,6,Madhya Pradesh,Ujjain,0.02,0.01,500.0,750.0,1000.0,1000.0,916.6666666666666,-0.33333333333333337,0.04,1001.9333333333333
30,2006,6,Madhya Pradesh,Ujjain,0.01,0.01,1000.0,500.0,750.0,1000.0,750.0,1.0,0.02,1027.1290322580646
30,2010,6,Madhya Pradesh,Ujjain,0.01,0.01,1167.0,1000.0,500.0,750.0,750.0,0.16700000000000004,0.01,1238.107142857143
30,2018,6,Madhya Pradesh,Ujjain,0.03,0.05,1382.0,1167.0,1000.0,500.0,889.0,0.1842330762639246,0.01,1588.7435897435898
30,2019,6,Madhya Pradesh,Ujjain,0.02,0.02,1095.0,1382.0,1167.0,1000.0,1183.0,-0.20767004341534012,0.03,1341.735294117647
31,1993,6,Madhya Pradesh,Mandsaur,0.75,0.51,680.0,893.0,679.0,784.0,785.3333333333334,-0.238521836506159,1.22,736.7586206896551
31,1994,6,Madhya Pradesh,Mandsaur,0.4,0.3,750.0,680.0,893.0,679.0,750.6666666666666,0.10294117647058831,0.75,769.1666666666666
31,1995,6,Madhya Pradesh,Mandsaur,0.3,0.3,1000.0,750.0,680.0,893.0,774.3333333333334,0.33333333333333326,0.4,930.3
31,1996,6,Madhya Pradesh,Mandsaur,0.3,0.2,667.0,1000.0,750.0,680.0,810.0,-0.33299999999999996,0.3,839.2857142857143
31,1997,6,Madhya Pradesh,Mandsaur,0.2,0.2,1000.0,667.0,1000.0,750.0,805.6666666666666,0.4992503748125936,0.3,925.2631578947369
31,1998,6,Madhya Pradesh,Mandsaur,0.2,0.3,1500.0,1000.0,667.0,1000.0,889.0,0.5,0.2,1043.3
31,1999,6,Madhya Pradesh,Mandsaur,0.1,0.1,1000.0,1500.0,1000.0,667.0,1055.6666666666667,-0.33333333333333337,0.2,835.1176470588235
31,2000,6,Madhya Pradesh,Mandsaur,0.1,0.1,1000.0,1000.0,1500.0,1000.0,1166.6666666666667,0.0,0.1,973.6666666666666
31,2003,6,Madhya Pradesh,Mandsaur,0.1,0.1,1000.0,1000.0,1000.0,1500.0,1166.6666666666667,0.0,0.1,1085.6315789473683
31,2004,6,Madhya Pradesh,Mandsaur,0.05,0.04,800.0,1000.0,1000.0,1000.0,1000.0,-0.19999999999999996,0.1,940.3870967741935
31,2005,6,Madhya Pradesh,Mandsaur,0.06,0.04,667.0,800.0,1000.0,1000.0,933.3333333333334,-0.16625,0.05,1001.9333333333333
31,2006,6,Madhya Pradesh,Mandsaur,0.03,0.03,1000.0,667.0,800.0,1000.0,822.3333333333334,0.4992503748125936,0.06,1027.1290322580646
31,2008,6,Madhya Pradesh,Mandsaur,0.1,0.1,1000.0,1000.0,667.0,800.0,822.3333333333334,0.0,0.03,1110.0555555555557
31,2010,6,Madhya Pradesh,Mandsaur,0.04,0.05,1184.0,1000.0,1000.0,667.0,889.0,0.18399999999999994,0.1,1238.107142857143
31,2011,6,Madhya Pradesh,Mandsaur,0.04,0.04,1000.0,1184.0,1000.0,1000.0,1061.3333333333333,-0.15540540540540537,0.04,1214.76
31,2012,6,Madhya Pradesh,Mandsaur,0.04,0.06,1500.0,1000.0,1184.0,1000.0,1061.3333333333333,0.5,0.04,1543.9166666666667
31,2013,6,Madhya Pradesh,Mandsaur,0.03,0.03,1000.0,1500.0,1000.0,1184.0,1228.0,-0.33333333333333337,0.04,1295.88
31,2017,6,Madhya Pradesh,Mandsaur,0.17,0.11,647.0,1000.0,1500.0,1000.0,1166.6666666666667,-0.353,0.03,1603.7391304347825
31,2018,6,Madhya Pradesh,Mandsaur,0.08,0.13,1634.0,647.0,1000.0,1500.0,1049.0,1.525502318392581,0.17,1588.7435897435898
31,2019,6,Madhya Pradesh,Mandsaur,0.12,0.12,1008.0,1634.0,647.0,1000.0,1093.6666666666667,-0.38310893512851896,0.08,1341.735294117647
32,1993,6,Madhya Pradesh,Dewas,0.15,0.09,600.0,769.0,700.0,696.0,721.6666666666666,-0.21976592977893372,0.13,736.7586206896551
32,1997,6,Madhya Pradesh,Dewas,0.1,0.1,1000.0,600.0,769.0,700.0,689.6666666666666,0.6666666666666667,0.15,925.2631578947369
32,1998,6,Madhya Pradesh,Dewas,0.1,0.1,1000.0,1000.0,600.0,769.0,789.6666666666666,0.0,0.1,1043.3
32,2000,6,Madhya Pradesh,Dewas,0.1,0.1,1000.0,1000.0,1000.0,600.0,866.6666666666666,0.0,0.1,973.6666666666666
32,2001,6,Madhya Pradesh,Dewas,0.1,0.1,1000.0,1000.0,1000.0,1000.0,1000.0,0.0,0.1,910.6470588235294
32,2003,6,Madhya Pradesh,Dewas,0.1,0.1,1000.0,1000.0,1000.0,1000.0,1000.0,0.0,0.1,1085.6315789473683
32,2004,6,Madhya Pradesh,Dewas,0.04,0.04,1000.0,1000.0,1000.0,1000.0,1000.0,0.0,0.1,940.3870967741935
32,2005,6,Madhya Pradesh,Dewas,0.06,0.04,667.0,1000.0,1000.0,1000.0,1000.0,-0.33299999999999996,0.04,1001.9333333333333
32,2006,6,Madhya Pradesh,Dewas,0.04,0.04,1000.0,667.0,1000.0,1000.0,889.0,0.4992503748125936,0.06,1027.1290322580646
32,2008,6,Madhya Pradesh,Dewas,0.1,0.1,1000.0,1000.0,667.0,1000.0,889.0,0.0,0.04,1110.0555555555557
32,2018,6,Madhya Pradesh,Dewas,0.01,0.02,1500.0,1000.0,1000.0,667.0,889.0,0.5,0.1,1588.7435897435898
33,1993,6,Madhya Pradesh,Dhar,7.05,2.64,374.0,484.0,258.0,376.0,372.6666666666667,-0.2272727272727273,7.44,736.7586206896551
33,1994,6,Madhya Pradesh,Dhar,6.2,2.6,419.0,374.0,484.0,258.0,372.0,0.1203208556149733,7.05,769.1666666666666
33,1995,6,Madhya Pradesh,Dhar,5.6,2.3,411.0,419.0,374.0,484.0,425.6666666666667,-0.019093078758949833,6.2,930.3
33,1996,6,Madhya Pradesh,Dhar,5.3,1.8,340.0,411.0,419.0,374.0,401.3333333333333,-0.17274939172749393,5.6,839.2857142857143
33,1997,6,Madhya Pradesh,Dhar,5.2,1.9,365.0,340.0,411.0,419.0,390.0,0.07352941176470584,5.3,925.2631578947369
33,1998,6,Madhya Pradesh,Dhar,5.2,2.2,423.0,365.0,340.0,411.0,372.0,0.1589041095890411,5.2,1043.3
33,1999,6,Madhya Pradesh,Dhar,4.7,1.0,213.0,423.0,365.0,340.0,376.0,-0.4964539007092199,5.2,835.1176470588235
33,2000,6,Madhya Pradesh,Dhar,5.6,1.7,304.0,213.0,423.0,365.0,333.6666666666667,0.42723004694835676,4.7,973.6666666666666
33,2001,6,Madhya Pradesh,Dhar,5.9,2.4,407.0,304.0,213.0,423.0,313.3333333333333,0.3388157894736843,5.6,910.6470588235294
33,2002,6,Madhya Pradesh,Dhar,6.3,2.3,365.0,407.0,304.0,213.0,308.0,-0.10319410319410316,5.9,581.9473684210526
33,2003,6,Madhya Pradesh,Dhar,5.7,3.0,526.0,365.0,407.0,304.0,358.6666666666667,0.441095890410959,6.3,1085.6315789473683
33,2004,6,Madhya Pradesh,Dhar,5.61,2.71,483.0,526.0,365.0,407.0,432.6666666666667,-0.08174904942965777,5.7,940.3870967741935
33,2005,6,Madhya Pradesh,Dhar,5.56,2.46,442.0,483.0,526.0,365.0,458.0,-0.08488612836438925,5.61,1001.9333333333333
33,2006,6,Madhya Pradesh,Dhar,5.27,2.48,471.0,442.0,483.0,526.0,483.6666666666667,0.06561085972850678,5.56,1027.1290322580646
33,2007,6,Madhya Pradesh,Dhar,5.2,2.3,442.0,471.0,442.0,483.0,465.3333333333333,-0.06157112526539277,5.27,859.5
33,2008,6,Madhya Pradesh,Dhar,4.7,2.3,489.0,442.0,471.0,442.0,451.6666666666667,0.10633484162895934,5.2,1110.0555555555557
33,2009,6,Madhya Pradesh,Dhar,5.1,2.3,451.0,489.0,442.0,471.0,467.3333333333333,-0.07770961145194277,4.7,1051.3157894736842
33,2010,6,Madhya Pradesh,Dhar,3.74,2.33,623.0,451.0,489.0,442.0,460.6666666666667,0.38137472283813745,5.1,1238.107142857143
33,2011,6,Madhya Pradesh,Dhar,3.67,1.96,534.0,623.0,451.0,489.0,521.0,-0.1428571428571429,3.74,1214.76
33,2012,6,Madhya Pradesh,Dhar,3.26,3.41,1046.0,534.0,623.0,451.0,536.0,0.9588014981273407,3.67,1543.9166666666667
33,2013,6,Madhya Pradesh,Dhar,2.85,3.76,1319.0,1046.0,534.0,623.0,734.3333333333334,0.2609942638623326,3.26,1295.88
33,2014,6,Madhya Pradesh,Dhar,6.0,9.0,1500.0,1319.0,1046.0,534.0,966.3333333333334,0.13722517058377548,2.85,1621.1304347826087
33,2015,6,Madhya Pradesh,Dhar,3.0,4.0,1333.0,1500.0,1319.0,1046.0,1288.3333333333333,-0.11133333333333328,6.0,1552.9166666666667
33,2016,6,Madhya Pradesh,Dhar,2.0,1.0,500.0,1333.0,1500.0,1319.0,1384.0,-0.6249062265566392,3.0,2052.0
33,2017,6,Madhya Pradesh,Dhar,2.9,2.91,1003.0,500.0,1333.0,1500.0,1111.0,1.0059999999999998,2.0,1603.7391304347825
33,2018,6,Madhya Pradesh,Dhar,1.62,2.5,1539.0,1003.0,500.0,1333.0,945.3333333333334,0.5343968095712861,2.9,1588.7435897435898
33,2019,6,Madhya Pradesh,Dhar,1.79,2.69,1504.0,1539.0,1003.0,500.0,1014.0,-0.02274204028589999,1.62,1341.735294117647
34,1993,6,Madhya Pradesh,Jhabua,14.98,7.06,471.0,592.0,354.0,376.0,440.6666666666667,-0.20439189189189189,15.4,736.7586206896551
34,1994,6,Madhya Pradesh,Jhabua,15.7,6.5,414.0,471.0,592.0,354.0,472.3333333333333,-0.12101910828025475,14.98,769.1666666666666
34,1995,6,Madhya Pradesh,Jhabua,14.7,6.4,435.0,414.0,471.0,592.0,492.3333333333333,0.050724637681159424,15.7,930.3
34,1996,6,Madhya Pradesh,Jhabua,15.5,6.2,400.0,435.0,414.0,471.0,440.0,-0.08045977011494254,14.7,839.2857142857143
34,1997,6,Madhya Pradesh,Jhabua,15.1,6.7,444.0,400.0,435.0,414.0,416.3333333333333,0.1100000000000001,15.5,925.2631578947369
34,1998,6,Madhya Pradesh,Jhabua,15.3,6.5,425.0,444.0,400.0,435.0,426.3333333333333,-0.0427927927927928,15.1,1043.3
34,1999,6,Madhya Pradesh,Jhabua,14.7,6.5,442.0,425.0,444.0,400.0,423.0,0.040000000000000036,15.3,835.1176470588235
34,2000,6,Madhya Pradesh,Jhabua,16.0,3.9,244.0,442.0,425.0,444.0,437.0,-0.44796380090497734,14.7,973.6666666666666
34,2001,6,Madhya Pradesh,Jhabua,16.8,7.2,429.0,244.0,442.0,425.0,370.3333333333333,0.7581967213114753,16.0,910.6470588235294
34,2002,6,Madhya Pradesh,Jhabua,17.1,5.7,333.0,429.0,244.0,442.0,371.6666666666667,-0.22377622377622375,16.8,581.9473684210526
34,2003,6,Madhya Pradesh,Jhabua,17.2,10.3,599.0,333.0,429.0,244.0,335.3333333333333,0.7987987987987988,17.1,1085.6315789473683
34,2004,6,Madhya Pradesh,Jhabua,17.32,9.71,561.0,599.0,333.0,429.0,453.6666666666667,-0.06343906510851416,17.2,940.3870967741935
34,2005,6,Madhya Pradesh,Jhabua,17.63,10.94,621.0,561.0,599.0,333.0,497.6666666666667,0.106951871657754,17.32,1001.9333333333333
34,2006,6,Madhya Pradesh,Jhabua,17.27,10.08,584.0,621.0,561.0,599.0,593.6666666666666,-0.05958132045088571,17.63,1027.1290322580646
34,2007,6,Madhya Pradesh,Jhabua,16.4,9.9,604.0,584.0,621.0,561.0,588.6666666666666,0.03424657534246567,17.27,859.5
34,2010,6,Madhya Pradesh,Jhabua,0.01,0.01,625.0,604.0,584.0,621.0,603.0,0.0347682119205297,16.4,1238.107142857143
34,2017,6,Madhya Pradesh,Jhabua,0.04,0.03,750.0,625.0,604.0,584.0,604.3333333333334,0.19999999999999996,0.01,1603.7391304347825
35,1993,6,Madhya Pradesh,Khargone,22.94,8.13,354.0,418.0,233.0,332.0,327.6666666666667,-0.15311004784688997,23.73,736.7586206896551
35,1994,6,Madhya Pradesh,Khargone,20.7,6.8,329.0,354.0,418.0,233.0,335.0,-0.07062146892655363,22.94,769.1666666666666
35,1995,6,Madhya Pradesh,Khargone,18.3,5.7,311.0,329.0,354.0,418.0,367.0,-0.054711246200607855,20.7,930.3
35,1996,6,Madhya Pradesh,Khargone,17.6,4.3,244.0,311.0,329.0,354.0,331.3333333333333,-0.21543408360128613,18.3,839.2857142857143
35,1997,6,Madhya Pradesh,Khargone,16.1,5.5,342.0,244.0,311.0,329.0,294.6666666666667,0.401639344262295,17.6,925.2631578947369
35,1998,6,Madhya Pradesh,Khargone,15.4,6.3,409.0,342.0,244.0,311.0,299.0,0.19590643274853803,16.1,1043.3
35,1999,6,Madhya Pradesh,Khargone,2.4,0.5,208.0,409.0,342.0,244.0,331.6666666666667,-0.49144254278728605,15.4,835.1176470588235
35,2000,6,Madhya Pradesh,Khargone,2.2,0.6,273.0,208.0,409.0,342.0,319.6666666666667,0.3125,2.4,973.6666666666666
35,2001,6,Madhya Pradesh,Khargone,1.8,0.6,333.0,273.0,208.0,409.0,296.6666666666667,0.2197802197802199,2.2,910.6470588235294
35,2002,6,Madhya Pradesh,Khargone,1.8,0.5,278.0,333.0,273.0,208.0,271.3333333333333,-0.16516516516516522,1.8,581.9473684210526
35,2003,6,Madhya Pradesh,Khargone,1.7,0.7,412.0,278.0,333.0,273.0,294.6666666666667,0.4820143884892085,1.8,1085.6315789473683
35,2004,6,Madhya Pradesh,Khargone,1.56,0.54,346.0,412.0,278.0,333.0,341.0,-0.1601941747572816,1.7,940.3870967741935
35,2005,6,Madhya Pradesh,Khargone,1.53,0.56,366.0,346.0,412.0,278.0,345.3333333333333,0.05780346820809257,1.56,1001.9333333333333
35,2006,6,Madhya Pradesh,Khargone,1.36,0.71,522.0,366.0,346.0,412.0,374.6666666666667,0.42622950819672134,1.53,1027.1290322580646
35,2007,6,Madhya Pradesh,Khargone,1.4,0.7,500.0,522.0,366.0,346.0,411.3333333333333,-0.04214559386973182,1.36,859.5
35,2008,6,Madhya Pradesh,Khargone,1.2,0.5,417.0,500.0,522.0,366.0,462.6666666666667,-0.16600000000000004,1.4,1110.0555555555557
35,2009,6,Madhya Pradesh,Khargone,1.2,0.5,417.0,417.0,500.0,522.0,479.6666666666667,0.0,1.2,1051.3157894736842
35,2010,6,Madhya Pradesh,Khargone,1.06,0.61,572.0,417.0,417.0,500.0,444.6666666666667,0.37170263788968816,1.2,1238.107142857143
35,2011,6,Madhya Pradesh,Khargone,1.02,0.42,409.0,572.0,417.0,417.0,468.6666666666667,-0.284965034965035,1.06,1214.76
35,2012,6,Madhya Pradesh,Khargone,0.34,0.2,588.0,409.0,572.0,417.0,466.0,0.4376528117359413,1.02,1543.9166666666667
35,2013,6,Madhya Pradesh,Khargone,0.41,0.21,512.0,588.0,409.0,572.0,523.0,-0.12925170068027214,0.34,1295.88
35,2014,6,Madhya Pradesh,Khargone,2.0,3.0,1500.0,512.0,588.0,409.0,503.0,1.9296875,0.41,1621.1304347826087
35,2017,6,Madhya Pradesh,Khargone,0.41,0.49,1195.0,1500.0,512.0,588.0,866.6666666666666,-0.20333333333333337,2.0,1603.7391304347825
35,2018,6,Madhya Pradesh,Khargone,0.1,0.07,687.0,1195.0,1500.0,512.0,1069.0,-0.4251046025104602,0.41,1588.7435897435898
35,2019,6,Madhya Pradesh,Khargone,0.04,0.02,528.0,687.0,1195.0,1500.0,1127.3333333333333,-0.23144104803493448,0.1,1341.735294117647
36,1993,6,Madhya Pradesh,Khandwa,1.45,0.77,531.0,560.0,442.0,542.0,514.6666666666666,-0.051785714285714324,1.5,736.7586206896551
36,1994,6,Madhya Pradesh,Khandwa,1.0,0.4,400.0,531.0,560.0,442.0,511.0,-0.24670433145009418,1.45,769.1666666666666
36,1995,6,Madhya Pradesh,Khandwa,1.1,0.6,545.0,400.0,531.0,560.0,497.0,0.36250000000000004,1.0,930.3
36,1996,6,Madhya Pradesh,Khandwa,0.9,0.6,667.0,545.0,400.0,531.0,492.0,0.2238532110091742,1.1,839.2857142857143
36,1997,6,Madhya Pradesh,Khandwa,0.8,0.5,625.0,667.0,545.0,400.0,537.3333333333334,-0.06296851574212892,0.9,925.2631578947369
36,1998,6,Madhya Pradesh,Khandwa,1.0,0.7,700.0,625.0,667.0,545.0,612.3333333333334,0.1200000000000001,0.8,1043.3
36,1999,6,Madhya Pradesh,Khandwa,1.6,0.8,500.0,700.0,625.0,667.0,664.0,-0.2857142857142857,1.0,835.1176470588235
36,2000,6,Madhya Pradesh,Khandwa,0.8,0.4,500.0,500.0,700.0,625.0,608.3333333333334,0.0,1.6,973.6666666666666
36,2001,6,Madhya Pradesh,Khandwa,0.6,0.3,500.0,500.0,500.0,700.0,566.6666666666666,0.0,0.8,910.6470588235294
36,2002,6,Madhya Pradesh,Khandwa,0.7,0.3,429.0,500.0,500.0,500.0,500.0,-0.14200000000000002,0.6,581.9473684210526
36,2003,6,Madhya Pradesh,Khandwa,0.6,0.5,833.0,429.0,500.0,500.0,476.3333333333333,0.9417249417249418,0.7,1085.6315789473683
36,2004,6,Madhya Pradesh,Khandwa,0.74,0.45,608.0,833.0,429.0,500.0,587.3333333333334,-0.2701080432172869,0.6,940.3870967741935
36,2005,6,Madhya Pradesh,Khandwa,0.4,0.22,550.0,608.0,833.0,429.0,623.3333333333334,-0.09539473684210531,0.74,1001.9333333333333
36,2006,6,Madhya Pradesh,Khandwa,0.36,0.21,583.0,550.0,608.0,833.0,663.6666666666666,0.06000000000000005,0.4,1027.1290322580646
36,2007,6,Madhya Pradesh,Khandwa,0.3,0.2,667.0,583.0,550.0,608.0,580.3333333333334,0.1440823327615781,0.36,859.5
36,2008,6,Madhya Pradesh,Khandwa,0.4,0.3,750.0,667.0,583.0,550.0,600.0,0.12443778110944526,0.3,1110.0555555555557
36,2009,6,Madhya Pradesh,Khandwa,0.4,0.2,500.0,750.0,667.0,583.0,666.6666666666666,-0.33333333333333337,0.4,1051.3157894736842
36,2010,6,Madhya Pradesh,Khandwa,0.25,0.21,842.0,500.0,750.0,667.0,639.0,0.6839999999999999,0.4,1238.107142857143
36,2011,6,Madhya Pradesh,Khandwa,0.21,0.13,589.0,842.0,500.0,750.0,697.3333333333334,-0.3004750593824228,0.25,1214.76
36,2012,6,Madhya Pradesh,Khandwa,0.29,0.32,1103.0,589.0,842.0,500.0,643.6666666666666,0.8726655348047538,0.21,1543.9166666666667
36,2013,6,Madhya Pradesh,Khandwa,0.16,0.12,750.0,1103.0,589.0,842.0,844.6666666666666,-0.32003626473254765,0.29,1295.88
36,2017,6,Madhya Pradesh,Khandwa,0.2,0.16,800.0,750.0,1103.0,589.0,814.0,0.06666666666666665,0.16,1603.7391304347825
36,2018,6,Madhya Pradesh,Khandwa,0.02,0.02,1118.0,800.0,750.0,1103.0,884.3333333333334,0.39749999999999996,0.2,1588.7435897435898
36,2019,6,Madhya Pradesh,Khandwa,0.02,0.01,526.0,1118.0,800.0,750.0,889.3333333333334,-0.5295169946332737,0.02,1341.735294117647
38,2012,6,Madhya Pradesh,Raisen,0.01,0.01,1000.0,2000.0,1667.0,1000.0,1555.6666666666667,-0.5,0.01,1543.9166666666667
38,2013,6,Madhya Pradesh,Raisen,0.01,0.02,2000.0,1000.0,2000.0,1667.0,1555.6666666666667,1.0,0.01,1295.88
38,2014,6,Madhya Pradesh,Raisen,1.0,2.0,2000.0,2000.0,1000.0,2000.0,1666.6666666666667,0.0,0.01,1621.1304347826087
38,2019,6,Madhya Pradesh,Raisen,0.01,0.02,1538.0,2000.0,2000.0,1000.0,1666.6666666666667,-0.23099999999999998,1.0,1341.735294117647
39,2014,6,Madhya Pradesh,Vidisha,1.0,3.0,3000.0,1000.0,2000.0,1000.0,1333.3333333333333,2.0,0.1,1621.1304347826087
39,2018,6,Madhya Pradesh,Vidisha,0.02,0.05,2722.0,3000.0,1000.0,2000.0,2000.0,-0.09266666666666667,1.0,1588.7435897435898
39,2019,6,Madhya Pradesh,Vidisha,0.02,0.05,2130.0,2722.0,3000.0,1000.0,2240.6666666666665,-0.2174871418074945,0.02,1341.735294117647
40,1993,6,Madhya Pradesh,Betul,0.18,0.09,500.0,526.0,333.0,667.0,508.6666666666667,-0.049429657794676785,0.19,736.7586206896551
40,1994,6,Madhya Pradesh,Betul,0.1,0.1,1000.0,500.0,526.0,333.0,453.0,1.0,0.18,769.1666666666666
40,1995,6,Madhya Pradesh,Betul,0.1,0.1,1000.0,1000.0,500.0,526.0,675.3333333333334,0.0,0.1,930.3
40,1997,6,Madhya Pradesh,Betul,0.5,0.3,600.0,1000.0,1000.0,500.0,833.3333333333334,-0.4,0.1,925.2631578947369
40,1998,6,Madhya Pradesh,Betul,0.3,0.2,667.0,600.0,1000.0,1000.0,866.6666666666666,0.11166666666666658,0.5,1043.3
40,2001,6,Madhya Pradesh,Betul,0.1,0.1,1000.0,667.0,600.0,1000.0,755.6666666666666,0.4992503748125936,0.3,910.6470588235294
40,2002,6,Madhya Pradesh,Betul,0.2,0.1,500.0,1000.0,667.0,600.0,755.6666666666666,-0.5,0.1,581.9473684210526
40,2004,6,Madhya Pradesh,Betul,0.01,0.01,1000.0,500.0,1000.0,667.0,722.3333333333334,1.0,0.2,940.3870967741935
40,2012,6,Madhya Pradesh,Betul,0.04,0.09,2250.0,1000.0,500.0,1000.0,833.3333333333334,1.25,0.01,1543.9166666666667
40,2013,6,Madhya Pradesh,Betul,0.04,0.07,1750.0,2250.0,1000.0,500.0,1250.0,-0.2222222222222222,0.04,1295.88
40,2018,6,Madhya Pradesh,Betul,0.04,0.11,2944.0,1750.0,2250.0,1000.0,1666.6666666666667,0.6822857142857144,0.04,1588.7435897435898
40,2019,6,Madhya Pradesh,Betul,0.01,0.02,2100.0,2944.0,1750.0,2250.0,2314.6666666666665,-0.2866847826086957,0.04,1341.735294117647
42,1993,6,Madhya Pradesh,Shajapur,0.15,0.1,667.0,878.0,610.0,831.0,773.0,-0.2403189066059226,0.41,736.7586206896551
42,1994,6,Madhya Pradesh,Shajapur,0.1,0.1,1000.0,667.0,878.0,610.0,718.3333333333334,0.4992503748125936,0.15,769.1666666666666
42,1995,6,Madhya Pradesh,Shajapur,0.1,0.1,1000.0,1000.0,667.0,878.0,848.3333333333334,0.0,0.1,930.3
42,2004,6,Madhya Pradesh,Shajapur,0.02,0.02,1000.0,1000.0,1000.0,667.0,889.0,0.0,0.1,940.3870967741935
42,2005,6,Madhya Pradesh,Shajapur,0.02,0.01,500.0,1000.0,1000.0,1000.0,1000.0,-0.5,0.02,1001.9333333333333
42,2006,6,Madhya Pradesh,Shajapur,0.01,0.01,1000.0,500.0,1000.0,1000.0,833.3333333333334,1.0,0.02,1027.1290322580646
42,2010,6,Madhya Pradesh,Shajapur,0.01,0.01,1000.0,1000.0,500.0,1000.0,833.3333333333334,0.0,0.01,1238.107142857143
42,2011,6,Madhya Pradesh,Shajapur,0.01,0.01,833.0,1000.0,1000.0,500.0,833.3333333333334,-0.16700000000000004,0.01,1214.76
42,2017,6,Madhya Pradesh,Shajapur,0.04,0.05,1250.0,833.0,1000.0,1000.0,944.3333333333334,0.5006002400960383,0.01,1603.7391304347825
42,2018,6,Madhya Pradesh,Shajapur,0.01,0.01,1167.0,1250.0,833.0,1000.0,1027.6666666666667,-0.06640000000000001,0.04,1588.7435897435898
43,1997,6,Madhya Pradesh,Hoshangabad,0.1,0.1,1000.0,750.0,1000.0,1000.0,916.6666666666666,0.33333333333333326,0.04,925.2631578947369
43,1998,6,Madhya Pradesh,Hoshangabad,0.1,0.1,1000.0,1000.0,750.0,1000.0,916.6666666666666,0.0,0.1,1043.3
43,1999,6,Madhya Pradesh,Hoshangabad,0.3,0.3,1000.0,1000.0,1000.0,750.0,916.6666666666666,0.0,0.1,835.1176470588235
43,2004,6,Madhya Pradesh,Hoshangabad,0.01,0.01,1000.0,1000.0,1000.0,1000.0,1000.0,0.0,0.3,940.3870967741935
43,2005,6,Madhya Pradesh,Hoshangabad,0.01,0.01,1000.0,1000.0,1000.0,1000.0,1000.0,0.0,0.01,1001.9333333333333
43,2006,6,Madhya Pradesh,Hoshangabad,0.02,0.03,1500.0,1000.0,1000.0,1000.0,1000.0,0.5,0.01,1027.1290322580646
43,2008,6,Madhya Pradesh,Hoshangabad,0.1,0.1,1000.0,1500.0,1000.0,1000.0,1166.6666666666667,-0.33333333333333337,0.02,1110.0555555555557
43,2009,6,Madhya Pradesh,Hoshangabad,0.1,0.1,1000.0,1000.0,1500.0,1000.0,1166.6666666666667,0.0,0.1,1051.3157894736842
43,2010,6,Madhya Pradesh,Hoshangabad,0.04,0.07,1651.0,1000.0,1000.0,1500.0,1166.6666666666667,0.651,0.1,1238.107142857143
43,2011,6,Madhya Pradesh,Hoshangabad,0.02,0.03,1476.0,1651.0,1000.0,1000.0,1217.0,-0.1059963658388855,0.04,1214.76
43,2012,6,Madhya Pradesh,Hoshangabad,0.02,0.03,1500.0,1476.0,1651.0,1000.0,1375.6666666666667,0.016260162601626105,0.02,1543.9166666666667
43,2013,6,Madhya Pradesh,Hoshangabad,0.02,0.02,1000.0,1500.0,1476.0,1651.0,1542.3333333333333,-0.33333333333333337,0.02,1295.88
43,2014,6,Madhya Pradesh,Hoshangabad,1.0,1.0,1000.0,1000.0,1500.0,1476.0,1325.3333333333333,0.0,0.02,1621.1304347826087
43,2018,6,Madhya Pradesh,Hoshangabad,0.01,0.02,1636.0,1000.0,1000.0,1500.0,1166.6666666666667,0.6359999999999999,1.0,1588.7435897435898
44,1993,1,Andhra Pradesh,Srikakulam,4.0,5.0,1250.0,1280.0,1857.0,1414.0,1517.0,-0.0234375,3.39,1079.5454545454545
44,1994,1,Andhra Pradesh,Srikakulam,4.0,6.0,1500.0,1250.0,1280.0,1857.0,1462.3333333333333,0.19999999999999996,4.0,1245.9
44,1995,1,Andhra Pradesh,Srikakulam,4.0,6.0,1500.0,1500.0,1250.0,1280.0,1343.3333333333333,0.0,4.0,1337.2
44,1996,1,Andhra Pradesh,Srikakulam,4.0,5.0,1250.0,1500.0,1500.0,1250.0,1416.6666666666667,-0.16666666666666663,4.0,1181.7
44,1997,1,Andhra Pradesh,Srikakulam,3.0,6.0,2000.0,1250.0,1500.0,1500.0,1416.6666666666667,0.6000000000000001,4.0,1110.6
44,1998,1,Andhra Pradesh,Srikakulam,4.0,5.0,1250.0,2000.0,1250.0,1500.0,1583.3333333333333,-0.375,3.0,1243.7
44,1999,1,Andhra Pradesh,Srikakulam,3.67,5.02,1368.0,1250.0,2000.0,1250.0,1500.0,0.09440000000000004,4.0,1046.5454545454545
44,2000,1,Andhra Pradesh,Srikakulam,4.2,7.26,1729.0,1368.0,1250.0,2000.0,1539.3333333333333,0.26388888888888884,3.67,1221.3636363636363
44,2001,1,Andhra Pradesh,Srikakulam,2.91,2.93,1007.0,1729.0,1368.0,1250.0,1449.0,-0.41758241758241754,4.2,1064.2727272727273
44,2002,1,Andhra Pradesh,Srikakulam,4.0,5.0,1250.0,1007.0,1729.0,1368.0,1368.0,0.2413108242303872,2.91,953.9090909090909
44,2003,1,Andhra Pradesh,Srikakulam,3.65,8.63,2364.0,1250.0,1007.0,1729.0,1328.6666666666667,0.8912,4.0,1247.2307692307693
44,2004,1,Andhra Pradesh,Srikakulam,3.71,6.95,1873.0,2364.0,1250.0,1007.0,1540.3333333333333,-0.2076988155668359,3.65,1120.75
44,2005,1,Andhra Pradesh,Srikakulam,4.35,4.66,1071.0,1873.0,2364.0,1250.0,1829.0,-0.4281900694073678,3.71,1101.25
44,2006,1,Andhra Pradesh,Srikakulam,3.99,2.08,521.0,1071.0,1873.0,2364.0,1769.3333333333333,-0.5135387488328664,4.35,972.1818181818181
44,2007,1,Andhra Pradesh,Srikakulam,3.95,4.28,1084.0,521.0,1071.0,1873.0,1155.0,1.0806142034548945,3.99,1586.4
44,2008,1,Andhra Pradesh,Srikakulam,2.92,4.49,1538.0,1084.0,521.0,1071.0,892.0,0.4188191881918819,3.95,1445.7
44,2009,1,Andhra Pradesh,Srikakulam,1.05,1.67,1590.0,1538.0,1084.0,521.0,1047.6666666666667,0.033810143042912966,2.92,1599.0
44,2010,1,Andhra Pradesh,Srikakulam,1.18,2.72,2305.0,1590.0,1538.0,1084.0,1404.0,0.449685534591195,1.05,1570.8181818181818
44,2011,1,Andhra Pradesh,Srikakulam,1.14,1.6,1404.0,2305.0,1590.0,1538.0,1811.0,-0.3908893709327549,1.18,1540.090909090909
44,2012,1,Andhra Pradesh,Srikakulam,0.46,1.17,2543.0,1404.0,2305.0,1590.0,1766.3333333333333,0.8112535612535612,1.14,1697.090909090909
44,2013,1,Andhra Pradesh,Srikakulam,0.21,0.36,1714.0,2543.0,1404.0,2305.0,2084.0,-0.3259929217459693,0.46,1620.1818181818182
44,2014,1,Andhra Pradesh,Srikakulam,0.2,0.52,2600.0,1714.0,2543.0,1404.0,1887.0,0.5169194865810969,0.21,1561.909090909091
44,2015,1,Andhra Pradesh,Srikakulam,0.18,0.44,2444.0,2600.0,1714.0,2543.0,2285.6666666666665,-0.06000000000000005,0.2,1891.8181818181818
44,2016,1,Andhra Pradesh,Srikakulam,0.13,0.42,3360.0,2444.0,2600.0,1714.0,2252.6666666666665,0.3747954173486088,0.18,1743.909090909091
44,2017,1,Andhra Pradesh,Srikakulam,0.09,0.29,3345.0,3360.0,2444.0,2600.0,2801.3333333333335,-0.004464285714285698,0.13,1854.7272727272727
44,2018,1,Andhra Pradesh,Srikakulam,0.08,0.14,1667.0,3345.0,3360.0,2444.0,3049.6666666666665,-0.501644245142003,0.09,1301.090909090909
44,2019,1,Andhra Pradesh,Srikakulam,0.08,0.13,1530.0,1667.0,3345.0,3360.0,2790.6666666666665,-0.08218356328734255,0.08,2004.0
45,1993,1,Andhra Pradesh,Visakhapatnam,23.0,14.0,609.0,778.0,768.0,762.0,769.3333333333334,-0.2172236503856041,36.86,1079.5454545454545
45,1994,1,Andhra Pradesh,Visakhapatnam,29.0,31.0,1069.0,609.0,778.0,768.0,718.3333333333334,0.7553366174055829,23.0,1245.9
45,1995,1,Andhra Pradesh,Visakhapatnam,31.0,30.0,968.0,1069.0,609.0,778.0,818.6666666666666,-0.09448082319925166,29.0,1337.2
45,1996,1,Andhra Pradesh,Visakhapatnam,28.0,24.0,857.0,968.0,1069.0,609.0,882.0,-0.11466942148760328,31.0,1181.7
45,1997,1,Andhra Pradesh,Visakhapatnam,18.0,10.0,556.0,857.0,968.0,1069.0,964.6666666666666,-0.35122520420070014,28.0,1110.6
45,1998,1,Andhra Pradesh,Visakhapatnam,25.0,29.0,1160.0,556.0,857.0,968.0,793.6666666666666,1.0863309352517985,18.0,1243.7
45,1999,1,Andhra Pradesh,Visakhapatnam,18.35,16.96,924.0,1160.0,556.0,857.0,857.6666666666666,-0.20344827586206893,25.0,1046.5454545454545
45,2000,1,Andhra Pradesh,Visakhapatnam,17.75,19.66,1108.0,924.0,1160.0,556.0,880.0,0.19913419913419905,18.35,1221.3636363636363
45,2001,1,Andhra Pradesh,Visakhapatnam,15.69,13.02,830.0,1108.0,924.0,1160.0,1064.0,-0.2509025270758123,17.75,1064.2727272727273
45,2002,1,Andhra Pradesh,Visakhapatnam,14.0,9.0,643.0,830.0,1108.0,924.0,954.0,-0.22530120481927707,15.69,953.9090909090909
45,2003,1,Andhra Pradesh,Visakhapatnam,17.77,20.31,1143.0,643.0,830.0,1108.0,860.3333333333334,0.7776049766718507,14.0,1247.2307692307693
45,2004,1,Andhra Pradesh,Visakhapatnam,12.46,13.09,1051.0,1143.0,643.0,830.0,872.0,-0.08048993875765531,17.77,1120.75
45,2005,1,Andhra Pradesh,Visakhapatnam,8.32,4.63,556.0,1051.0,1143.0,643.0,945.6666666666666,-0.4709800190294957,12.46,1101.25
45,2006,1,Andhra Pradesh,Visakhapatnam,8.2,7.53,918.0,556.0,1051.0,1143.0,916.6666666666666,0.6510791366906474,8.32,972.1818181818181
45,2007,1,Andhra Pradesh,Visakhapatnam,7.14,6.02,843.0,918.0,556.0,1051.0,841.6666666666666,-0.0816993464052288,8.2,1586.4
45,2008,1,Andhra Pradesh,Visakhapatnam,6.29,5.11,812.0,843.0,918.0,556.0,772.3333333333334,-0.03677342823250296,7.14,1445.7
45,2009,1,Andhra Pradesh,Visakhapatnam,4.83,5.38,1114.0,812.0,843.0,918.0,857.6666666666666,0.3719211822660098,6.29,1599.0
45,2010,1,Andhra Pradesh,Visakhapatnam,5.98,5.21,871.0,1114.0,812.0,843.0,923.0,-0.21813285457809695,4.83,1570.8181818181818
45,2011,1,Andhra Pradesh,Visakhapatnam,4.64,5.08,1095.0,871.0,1114.0,812.0,932.3333333333334,0.2571756601607349,5.98,1540.090909090909
45,2012,1,Andhra Pradesh,Visakhapatnam,4.14,3.85,930.0,1095.0,871.0,1114.0,1026.6666666666667,-0.15068493150684936,4.64,1697.090909090909
45,2013,1,Andhra Pradesh,Visakhapatnam,3.18,2.19,689.0,930.0,1095.0,871.0,965.3333333333334,-0.2591397849462366,4.14,1620.1818181818182
45,2014,1,Andhra Pradesh,Visakhapatnam,2.4,2.17,904.0,689.0,930.0,1095.0,904.6666666666666,0.31204644412191573,3.18,1561.909090909091
45,2015,1,Andhra Pradesh,Visakhapatnam,2.51,2.45,976.0,904.0,689.0,930.0,841.0,0.07964601769911495,2.4,1891.8181818181818
45,2016,1,Andhra Pradesh,Visakhapatnam,1.73,1.82,1049.0,976.0,904.0,689.0,856.3333333333334,0.07479508196721318,2.51,1743.909090909091
45,2017,1,Andhra Pradesh,Visakhapatnam,1.7,2.05,1207.0,1049.0,976.0,904.0,976.3333333333334,0.15061963775023823,1.73,1854.7272727272727
45,2018,1,Andhra Pradesh,Visakhapatnam,1.52,1.72,1131.0,1207.0,1049.0,976.0,1077.3333333333333,-0.06296603148301572,1.7,1301.090909090909
45,2019,1,Andhra Pradesh,Visakhapatnam,1.06,1.1,1042.0,1131.0,1207.0,1049.0,1129.0,-0.0786914235190097,1.52,2004.0
46,1993,1,Andhra Pradesh,East Godavari,7.0,5.0,714.0,694.0,736.0,739.0,723.0,0.028818443804034644,9.81,1079.5454545454545
46,1994,1,Andhra Pradesh,East Godavari,9.0,6.0,667.0,714.0,694.0,736.0,714.6666666666666,-0.06582633053221287,7.0,1245.9
46,1995,1,Andhra Pradesh,East Godavari,5.0,3.0,600.0,667.0,714.0,694.0,691.6666666666666,-0.1004497751124438,9.0,1337.2
46,1996,1,Andhra Pradesh,East Godavari,4.0,2.0,500.0,600.0,667.0,714.0,660.3333333333334,-0.16666666666666663,5.0,1181.7
46,1997,1,Andhra Pradesh,East Godavari,2.0,1.0,500.0,500.0,600.0,667.0,589.0,0.0,4.0,1110.6
46,1998,1,Andhra Pradesh,East Godavari,4.0,2.0,500.0,500.0,500.0,600.0,533.3333333333334,0.0,2.0,1243.7
46,1999,1,Andhra Pradesh,East Godavari,3.25,2.34,720.0,500.0,500.0,500.0,500.0,0.43999999999999995,4.0,1046.5454545454545
46,2000,1,Andhra Pradesh,East Godavari,3.04,2.01,661.0,720.0,500.0,500.0,573.3333333333334,-0.08194444444444449,3.25,1221.3636363636363
46,2001,1,Andhra Pradesh,East Godavari,2.22,2.05,923.0,661.0,720.0,500.0,627.0,0.39636913767019677,3.04,1064.2727272727273
46,2002,1,Andhra Pradesh,East Godavari,1.0,1.0,1000.0,923.0,661.0,720.0,768.0,0.08342361863488623,2.22,953.9090909090909
46,2003,1,Andhra Pradesh,East Godavari,2.7,2.3,852.0,1000.0,923.0,661.0,861.3333333333334,-0.14800000000000002,1.0,1247.2307692307693
46,2004,1,Andhra Pradesh,East Godavari,1.84,1.4,761.0,852.0,1000.0,923.0,925.0,-0.10680751173708924,2.7,1120.75
46,2005,1,Andhra Pradesh,East Godavari,1.51,1.04,689.0,761.0,852.0,1000.0,871.0,-0.09461235216819974,1.84,1101.25
46,2006,1,Andhra Pradesh,East Godavari,1.54,0.72,468.0,689.0,761.0,852.0,767.3333333333334,-0.3207547169811321,1.51,972.1818181818181
46,2007,1,Andhra Pradesh,East Godavari,1.2,0.92,767.0,468.0,689.0,761.0,639.3333333333334,0.6388888888888888,1.54,1586.4
46,2008,1,Andhra Pradesh,East Godavari,0.82,0.55,671.0,767.0,468.0,689.0,641.3333333333334,-0.12516297262059972,1.2,1445.7
46,2009,1,Andhra Pradesh,East Godavari,0.38,0.29,763.0,671.0,767.0,468.0,635.3333333333334,0.1371087928464978,0.82,1599.0
46,2010,1,Andhra Pradesh,East Godavari,0.16,0.08,500.0,763.0,671.0,767.0,733.6666666666666,-0.3446920052424639,0.38,1570.8181818181818
46,2011,1,Andhra Pradesh,East Godavari,0.1,0.08,800.0,500.0,763.0,671.0,644.6666666666666,0.6000000000000001,0.16,1540.090909090909
46,2012,1,Andhra Pradesh,East Godavari,0.09,0.1,1111.0,800.0,500.0,763.0,687.6666666666666,0.38874999999999993,0.1,1697.090909090909
46,2013,1,Andhra Pradesh,East Godavari,0.07,0.08,1143.0,1111.0,800.0,500.0,803.6666666666666,0.02880288028802891,0.09,1620.1818181818182
46,2014,1,Andhra Pradesh,East Godavari,0.06,0.08,1333.0,1143.0,1111.0,800.0,1018.0,0.16622922134733153,0.07,1561.909090909091
46,2015,1,Andhra Pradesh,East Godavari,0.07,0.06,857.0,1333.0,1143.0,1111.0,1195.6666666666667,-0.3570892723180795,0.06,1891.8181818181818
46,2016,1,Andhra Pradesh,East Godavari,0.08,0.09,1098.0,857.0,1333.0,1143.0,1111.0,0.2812135355892649,0.07,1743.909090909091
46,2017,1,Andhra Pradesh,East Godavari,0.06,0.07,1115.0,1098.0,857.0,1333.0,1096.0,0.015482695810564717,0.08,1854.7272727272727
46,2018,1,Andhra Pradesh,East Godavari,0.09,0.09,1033.0,1115.0,1098.0,857.0,1023.3333333333334,-0.07354260089686093,0.06,1301.090909090909
46,2019,1,Andhra Pradesh,East Godavari,0.01,0.01,1200.0,1033.0,1115.0,1098.0,1082.0,0.16166505324298153,0.09,2004.0
49,1999,1,Andhra Pradesh,Guntur,0.14,0.16,1143.0,1000.0,1000.0,417.0,805.6666666666666,0.14300000000000002,1.0,1046.5454545454545
49,2000,1,Andhra Pradesh,Guntur,0.44,0.59,1341.0,1143.0,1000.0,1000.0,1047.6666666666667,0.17322834645669283,0.14,1221.3636363636363
49,2001,1,Andhra Pradesh,Guntur,0.12,0.12,1000.0,1341.0,1143.0,1000.0,1161.3333333333333,-0.25428784489187173,0.44,1064.2727272727273
49,2002,1,Andhra Pradesh,Guntur,1.0,1.0,1000.0,1000.0,1341.0,1143.0,1161.3333333333333,0.0,0.12,953.9090909090909
49,2003,1,Andhra Pradesh,Guntur,16.28,22.11,1358.0,1000.0,1000.0,1341.0,1113.6666666666667,0.3580000000000001,1.0,1247.2307692307693
49,2004,1,Andhra Pradesh,Guntur,5.83,1.59,273.0,1358.0,1000.0,1000.0,1119.3333333333333,-0.7989690721649485,16.28,1120.75
49,2005,1,Andhra Pradesh,Guntur,0.8,0.46,575.0,273.0,1358.0,1000.0,877.0,1.1062271062271063,5.83,1101.25
49,2006,1,Andhra Pradesh,Guntur,0.04,0.04,1000.0,575.0,273.0,1358.0,735.3333333333334,0.7391304347826086,0.8,972.1818181818181
49,2009,1,Andhra Pradesh,Guntur,0.32,0.56,1750.0,1000.0,575.0,273.0,616.0,0.75,0.04,1599.0
49,2010,1,Andhra Pradesh,Guntur,1.18,2.2,1864.0,1750.0,1000.0,575.0,1108.3333333333333,0.06514285714285717,0.32,1570.8181818181818
49,2011,1,Andhra Pradesh,Guntur,0.01,0.02,2000.0,1864.0,1750.0,1000.0,1538.0,0.07296137339055786,1.18,1540.090909090909
49,2012,1,Andhra Pradesh,Guntur,1.91,3.72,1948.0,2000.0,1864.0,1750.0,1871.3333333333333,-0.026000000000000023,0.01,1697.090909090909
49,2013,1,Andhra Pradesh,Guntur,3.32,5.81,1750.0,1948.0,2000.0,1864.0,1937.3333333333333,-0.10164271047227924,1.91,1620.1818181818182
49,2014,1,Andhra Pradesh,Guntur,0.75,0.83,1107.0,1750.0,1948.0,2000.0,1899.3333333333333,-0.36742857142857144,3.32,1561.909090909091
49,2015,1,Andhra Pradesh,Guntur,1.56,3.19,2045.0,1107.0,1750.0,1948.0,1601.6666666666667,0.8473351400180669,0.75,1891.8181818181818
49,2016,1,Andhra Pradesh,Guntur,2.22,1.27,571.0,2045.0,1107.0,1750.0,1634.0,-0.7207823960880195,1.56,1743.909090909091
49,2017,1,Andhra Pradesh,Guntur,1.34,1.25,936.0,571.0,2045.0,1107.0,1241.0,0.63922942206655,2.22,1854.7272727272727
49,2018,1,Andhra Pradesh,Guntur,0.07,0.1,1418.0,936.0,571.0,2045.0,1184.0,0.5149572649572649,1.34,1301.090909090909
49,2019,1,Andhra Pradesh,Guntur,0.04,0.09,2000.0,1418.0,936.0,571.0,975.0,0.41043723554301836,0.07,2004.0
50,1993,1,Andhra Pradesh,S.P.S.Nellore,3.0,5.0,1667.0,1715.0,1170.0,1316.0,1400.3333333333333,-0.02798833819241986,3.83,1079.5454545454545
50,1994,1,Andhra Pradesh,S.P.S.Nellore,3.0,5.0,1667.0,1667.0,1715.0,1170.0,1517.3333333333333,0.0,3.0,1245.9
50,1995,1,Andhra Pradesh,S.P.S.Nellore,3.0,5.0,1667.0,1667.0,1667.0,1715.0,1683.0,0.0,3.0,1337.2
50,1996,1,Andhra Pradesh,S.P.S.Nellore,5.0,11.0,2200.0,1667.0,1667.0,1667.0,1667.0,0.31973605278944217,3.0,1181.7
50,1997,1,Andhra Pradesh,S.P.S.Nellore,2.0,5.0,2500.0,2200.0,1667.0,1667.0,1844.6666666666667,0.13636363636363646,5.0,1110.6
50,1998,1,Andhra Pradesh,S.P.S.Nellore,2.0,4.0,2000.0,2500.0,2200.0,1667.0,2122.3333333333335,-0.19999999999999996,2.0,1243.7
50,1999,1,Andhra Pradesh,S.P.S.Nellore,2.15,3.85,1791.0,2000.0,2500.0,2200.0,2233.3333333333335,-0.10450000000000004,2.0,1046.5454545454545
50,2000,1,Andhra Pradesh,S.P.S.Nellore,3.07,5.66,1844.0,1791.0,2000.0,2500.0,2097.0,0.02959240647682848,2.15,1221.3636363636363
50,2001,1,Andhra Pradesh,S.P.S.Nellore,0.98,1.46,1490.0,1844.0,1791.0,2000.0,1878.3333333333333,-0.19197396963123647,3.07,1064.2727272727273
50,2002,1,Andhra Pradesh,S.P.S.Nellore,1.0,2.0,2000.0,1490.0,1844.0,1791.0,1708.3333333333333,0.34228187919463093,0.98,953.9090909090909
50,2003,1,Andhra Pradesh,S.P.S.Nellore,1.23,2.0,1626.0,2000.0,1490.0,1844.0,1778.0,-0.18700000000000006,1.0,1247.2307692307693
50,2004,1,Andhra Pradesh,S.P.S.Nellore,1.48,3.57,2412.0,1626.0,2000.0,1490.0,1705.3333333333333,0.4833948339483394,1.23,1120.75
50,2005,1,Andhra Pradesh,S.P.S.Nellore,0.84,1.14,1357.0,2412.0,1626.0,2000.0,2012.6666666666667,-0.4373963515754561,1.48,1101.25
50,2006,1,Andhra Pradesh,S.P.S.Nellore,0.54,1.15,2130.0,1357.0,2412.0,1626.0,1798.3333333333333,0.5696389093588798,0.84,972.1818181818181
50,2007,1,Andhra Pradesh,S.P.S.Nellore,0.66,1.86,2818.0,2130.0,1357.0,2412.0,1966.3333333333333,0.32300469483568084,0.54,1586.4
50,2008,1,Andhra Pradesh,S.P.S.Nellore,0.46,1.02,2217.0,2818.0,2130.0,1357.0,2101.6666666666665,-0.21327182398864442,0.66,1445.7
50,2009,1,Andhra Pradesh,S.P.S.Nellore,0.86,2.11,2453.0,2217.0,2818.0,2130.0,2388.3333333333335,0.10645015787099688,0.46,1599.0
50,2010,1,Andhra Pradesh,S.P.S.Nellore,1.61,3.82,2373.0,2453.0,2217.0,2818.0,2496.0,-0.032613126783530344,0.86,1570.8181818181818
50,2011,1,Andhra Pradesh,S.P.S.Nellore,0.65,1.55,2385.0,2373.0,2453.0,2217.0,2347.6666666666665,0.005056890012642201,1.61,1540.090909090909
50,2012,1,Andhra Pradesh,S.P.S.Nellore,0.76,2.65,3487.0,2385.0,2373.0,2453.0,2403.6666666666665,0.4620545073375262,0.65,1697.090909090909
50,2013,1,Andhra Pradesh,S.P.S.Nellore,1.15,4.19,3643.0,3487.0,2385.0,2373.0,2748.3333333333335,0.04473759678806988,0.76,1620.1818181818182
50,2014,1,Andhra Pradesh,S.P.S.Nellore,0.64,1.7,2656.0,3643.0,3487.0,2385.0,3171.6666666666665,-0.2709305517430689,1.15,1561.909090909091
50,2015,1,Andhra Pradesh,S.P.S.Nellore,0.42,1.53,3643.0,2656.0,3643.0,3487.0,3262.0,0.37161144578313254,0.64,1891.8181818181818
50,2016,1,Andhra Pradesh,S.P.S.Nellore,1.44,5.36,3737.0,3643.0,2656.0,3643.0,3314.0,0.025802909689816023,0.42,1743.909090909091
50,2017,1,Andhra Pradesh,S.P.S.Nellore,1.83,4.88,2664.0,3737.0,3643.0,2656.0,3345.3333333333335,-0.28712871287128716,1.44,1854.7272727272727
50,2018,1,Andhra Pradesh,S.P.S.Nellore,0.22,0.37,1664.0,2664.0,3737.0,3643.0,3348.0,-0.37537537537537535,1.83,1301.090909090909
50,2019,1,Andhra Pradesh,S.P.S.Nellore,0.24,0.66,2728.0,1664.0,2664.0,3737.0,2688.3333333333335,0.6394230769230769,0.22,2004.0
51,1993,1,Andhra Pradesh,Kurnool,19.0,19.0,1000.0,749.0,553.0,461.0,587.6666666666666,0.33511348464619495,17.71,1079.5454545454545
51,1994,1,Andhra Pradesh,Kurnool,18.0,10.0,556.0,1000.0,749.0,553.0,767.3333333333334,-0.44399999999999995,19.0,1245.9
51,1995,1,Andhra Pradesh,Kurnool,16.0,17.0,1063.0,556.0,1000.0,749.0,768.3333333333334,0.9118705035971224,18.0,1337.2
51,1996,1,Andhra Pradesh,Kurnool,14.0,9.0,643.0,1063.0,556.0,1000.0,873.0,-0.39510818438381934,16.0,1181.7
51,1997,1,Andhra Pradesh,Kurnool,12.0,9.0,750.0,643.0,1063.0,556.0,754.0,0.16640746500777603,14.0,1110.6
51,1998,1,Andhra Pradesh,Kurnool,18.0,16.0,889.0,750.0,643.0,1063.0,818.6666666666666,0.18533333333333335,12.0,1243.7
51,1999,1,Andhra Pradesh,Kurnool,15.82,9.52,602.0,889.0,750.0,643.0,760.6666666666666,-0.3228346456692913,18.0,1046.5454545454545
51,2000,1,Andhra Pradesh,Kurnool,19.22,15.61,812.0,602.0,889.0,750.0,747.0,0.34883720930232553,15.82,1221.3636363636363
51,2001,1,Andhra Pradesh,Kurnool,14.12,11.21,794.0,812.0,602.0,889.0,767.6666666666666,-0.022167487684729092,19.22,1064.2727272727273
51,2002,1,Andhra Pradesh,Kurnool,10.0,7.0,700.0,794.0,812.0,602.0,736.0,-0.11838790931989929,14.12,953.9090909090909
51,2003,1,Andhra Pradesh,Kurnool,15.03,17.99,1197.0,700.0,794.0,812.0,768.6666666666666,0.71,10.0,1247.2307692307693
51,2004,1,Andhra Pradesh,Kurnool,11.14,10.3,925.0,1197.0,700.0,794.0,897.0,-0.227234753550543,15.03,1120.75
51,2005,1,Andhra Pradesh,Kurnool,12.19,14.91,1223.0,925.0,1197.0,700.0,940.6666666666666,0.3221621621621622,11.14,1101.25
51,2006,1,Andhra Pradesh,Kurnool,9.47,8.61,909.0,1223.0,925.0,1197.0,1115.0,-0.25674570727718726,12.19,972.1818181818181
51,2007,1,Andhra Pradesh,Kurnool,10.01,11.05,1104.0,909.0,1223.0,925.0,1019.0,0.21452145214521456,9.47,1586.4
51,2008,1,Andhra Pradesh,Kurnool,8.23,8.94,1086.0,1104.0,909.0,1223.0,1078.6666666666667,-0.016304347826086918,10.01,1445.7
51,2009,1,Andhra Pradesh,Kurnool,6.75,4.87,721.0,1086.0,1104.0,909.0,1033.0,-0.3360957642725598,8.23,1599.0
51,2010,1,Andhra Pradesh,Kurnool,7.61,11.31,1486.0,721.0,1086.0,1104.0,970.3333333333334,1.0610263522884882,6.75,1570.8181818181818
51,2011,1,Andhra Pradesh,Kurnool,5.79,2.72,470.0,1486.0,721.0,1086.0,1097.6666666666667,-0.6837146702557201,7.61,1540.090909090909
51,2012,1,Andhra Pradesh,Kurnool,12.35,16.1,1304.0,470.0,1486.0,721.0,892.3333333333334,1.774468085106383,5.79,1697.090909090909
51,2013,1,Andhra Pradesh,Kurnool,7.83,8.89,1135.0,1304.0,470.0,1486.0,1086.6666666666667,-0.129601226993865,12.35,1620.1818181818182
51,2014,1,Andhra Pradesh,Kurnool,5.24,7.34,1401.0,1135.0,1304.0,470.0,969.6666666666666,0.23436123348017612,7.83,1561.909090909091
51,2015,1,Andhra Pradesh,Kurnool,9.86,13.39,1358.0,1401.0,1135.0,1304.0,1280.0,-0.03069236259814423,5.24,1891.8181818181818
51,2016,1,Andhra Pradesh,Kurnool,8.63,14.86,1721.0,1358.0,1401.0,1135.0,1298.0,0.2673048600883652,9.86,1743.909090909091
51,2017,1,Andhra Pradesh,Kurnool,8.2,15.91,1941.0,1721.0,1358.0,1401.0,1493.3333333333333,0.1278326554328879,8.63,1854.7272727272727
51,2018,1,Andhra Pradesh,Kurnool,6.72,4.91,730.0,1941.0,1721.0,1358.0,1673.3333333333333,-0.6239052035033488,8.2,1301.090909090909
51,2019,1,Andhra Pradesh,Kurnool,7.35,16.76,2280.0,730.0,1941.0,1721.0,1464.0,2.1232876712328768,6.72,2004.0
52,1993,1,Andhra Pradesh,Anantapur,5.0,2.0,400.0,638.0,353.0,376.0,455.6666666666667,-0.3730407523510971,5.16,1079.5454545454545
52,1994,1,Andhra Pradesh,Anantapur,3.0,1.0,333.0,400.0,638.0,353.0,463.6666666666667,-0.16749999999999998,5.0,1245.9
52,1995,1,Andhra Pradesh,Anantapur,4.0,3.0,750.0,333.0,400.0,638.0,457.0,1.2522522522522523,3.0,1337.2
52,1996,1,Andhra Pradesh,Anantapur,3.0,2.0,667.0,750.0,333.0,400.0,494.3333333333333,-0.11066666666666669,4.0,1181.7
52,1997,1,Andhra Pradesh,Anantapur,1.0,1.0,1000.0,667.0,750.0,333.0,583.3333333333334,0.4992503748125936,3.0,1110.6
52,1998,1,Andhra Pradesh,Anantapur,3.0,2.0,667.0,1000.0,667.0,750.0,805.6666666666666,-0.33299999999999996,1.0,1243.7
52,1999,1,Andhra Pradesh,Anantapur,1.73,0.94,543.0,667.0,1000.0,667.0,778.0,-0.1859070464767616,3.0,1046.5454545454545
52,2000,1,Andhra Pradesh,Anantapur,2.79,1.63,584.0,543.0,667.0,1000.0,736.6666666666666,0.07550644567219145,1.73,1221.3636363636363
52,2001,1,Andhra Pradesh,Anantapur,1.62,0.54,333.0,584.0,543.0,667.0,598.0,-0.4297945205479452,2.79,1064.2727272727273
52,2002,1,Andhra Pradesh,Anantapur,2.0,1.0,500.0,333.0,584.0,543.0,486.6666666666667,0.5015015015015014,1.62,953.9090909090909
52,2003,1,Andhra Pradesh,Anantapur,2.39,0.4,167.0,500.0,333.0,584.0,472.3333333333333,-0.6659999999999999,2.0,1247.2307692307693
52,2004,1,Andhra Pradesh,Anantapur,1.08,0.43,398.0,167.0,500.0,333.0,333.3333333333333,1.3832335329341316,2.39,1120.75
52,2005,1,Andhra Pradesh,Anantapur,1.06,2.01,1896.0,398.0,167.0,500.0,355.0,3.7638190954773867,1.08,1101.25
52,2006,1,Andhra Pradesh,Anantapur,0.76,0.23,303.0,1896.0,398.0,167.0,820.3333333333334,-0.8401898734177216,1.06,972.1818181818181
52,2007,1,Andhra Pradesh,Anantapur,1.23,2.63,2138.0,303.0,1896.0,398.0,865.6666666666666,6.0561056105610565,0.76,1586.4
52,2008,1,Andhra Pradesh,Anantapur,0.77,1.05,1364.0,2138.0,303.0,1896.0,1445.6666666666667,-0.3620205799812909,1.23,1445.7
52,2009,1,Andhra Pradesh,Anantapur,1.77,3.25,1836.0,1364.0,2138.0,303.0,1268.3333333333333,0.346041055718475,0.77,1599.0
52,2010,1,Andhra Pradesh,Anantapur,2.02,1.47,728.0,1836.0,1364.0,2138.0,1779.3333333333333,-0.6034858387799564,1.77,1570.8181818181818
52,2011,1,Andhra Pradesh,Anantapur,2.73,3.45,1264.0,728.0,1836.0,1364.0,1309.3333333333333,0.7362637362637363,2.02,1540.090909090909
52,2012,1,Andhra Pradesh,Anantapur,2.2,1.47,668.0,1264.0,728.0,1836.0,1276.0,-0.4715189873417721,2.73,1697.090909090909
52,2013,1,Andhra Pradesh,Anantapur,1.35,1.24,919.0,668.0,1264.0,728.0,886.6666666666666,0.37574850299401197,2.2,1620.1818181818182
52,2014,1,Andhra Pradesh,Anantapur,1.8,1.06,589.0,919.0,668.0,1264.0,950.3333333333334,-0.35908596300326445,1.35,1561.909090909091
52,2015,1,Andhra Pradesh,Anantapur,3.26,3.36,1031.0,589.0,919.0,668.0,725.3333333333334,0.7504244482173175,1.8,1891.8181818181818
52,2016,1,Andhra Pradesh,Anantapur,2.47,1.26,510.0,1031.0,589.0,919.0,846.3333333333334,-0.5053346265761396,3.26,1743.909090909091
52,2017,1,Andhra Pradesh,Anantapur,5.29,7.07,1337.0,510.0,1031.0,589.0,710.0,1.6215686274509804,2.47,1854.7272727272727
52,2018,1,Andhra Pradesh,Anantapur,3.01,3.48,1157.0,1337.0,510.0,1031.0,959.3333333333334,-0.1346297681376215,5.29,1301.090909090909
52,2019,1,Andhra Pradesh,Anantapur,2.27,3.48,1531.0,1157.0,1337.0,510.0,1001.3333333333334,0.3232497839239412,3.01,2004.0
53,1993,1,Andhra Pradesh,Kadapa YSR,3.0,5.0,1667.0,1664.0,1360.0,1578.0,1534.0,0.0018028846153845812,4.7,1079.5454545454545
53,1994,1,Andhra Pradesh,Kadapa YSR,2.0,5.0,2500.0,1667.0,1664.0,1360.0,1563.6666666666667,0.4997000599880024,3.0,1245.9
53,1995,1,Andhra Pradesh,Kadapa YSR,2.0,6.0,3000.0,2500.0,1667.0,1664.0,1943.6666666666667,0.19999999999999996,2.0,1337.2
53,1996,1,Andhra Pradesh,Kadapa YSR,3.0,6.0,2000.0,3000.0,2500.0,1667.0,2389.0,-0.33333333333333337,2.0,1181.7
53,1997,1,Andhra Pradesh,Kadapa YSR,2.0,2.0,1000.0,2000.0,3000.0,2500.0,2500.0,-0.5,3.0,1110.6
53,1998,1,Andhra Pradesh,Kadapa YSR,4.0,7.0,1750.0,1000.0,2000.0,3000.0,2000.0,0.75,2.0,1243.7
53,1999,1,Andhra Pradesh,Kadapa YSR,4.26,4.33,1016.0,1750.0,1000.0,2000.0,1583.3333333333333,-0.4194285714285715,4.0,1046.5454545454545
53,2000,1,Andhra Pradesh,Kadapa YSR,9.68,13.72,1417.0,1016.0,1750.0,1000.0,1255.3333333333333,0.3946850393700787,4.26,1221.3636363636363
53,2001,1,Andhra Pradesh,Kadapa YSR,2.92,5.26,1801.0,1417.0,1016.0,1750.0,1394.3333333333333,0.2709950599858857,9.68,1064.2727272727273
53,2002,1,Andhra Pradesh,Kadapa YSR,4.0,4.0,1000.0,1801.0,1417.0,1016.0,1411.3333333333333,-0.44475291504719605,2.92,953.9090909090909
53,2003,1,Andhra Pradesh,Kadapa YSR,5.32,4.71,885.0,1000.0,1801.0,1417.0,1406.0,-0.11499999999999999,4.0,1247.2307692307693
53,2004,1,Andhra Pradesh,Kadapa YSR,6.16,9.15,1485.0,885.0,1000.0,1801.0,1228.6666666666667,0.6779661016949152,5.32,1120.75
53,2005,1,Andhra Pradesh,Kadapa YSR,5.79,6.19,1069.0,1485.0,885.0,1000.0,1123.3333333333333,-0.2801346801346801,6.16,1101.25
53,2006,1,Andhra Pradesh,Kadapa YSR,3.81,5.58,1465.0,1069.0,1485.0,885.0,1146.3333333333333,0.37043966323666977,5.79,972.1818181818181
53,2007,1,Andhra Pradesh,Kadapa YSR,3.75,6.94,1851.0,1465.0,1069.0,1485.0,1339.6666666666667,0.2634812286689421,3.81,1586.4
53,2008,1,Andhra Pradesh,Kadapa YSR,2.48,6.71,2706.0,1851.0,1465.0,1069.0,1461.6666666666667,0.4619124797406806,3.75,1445.7
53,2009,1,Andhra Pradesh,Kadapa YSR,3.59,9.34,2602.0,2706.0,1851.0,1465.0,2007.3333333333333,-0.03843311160384333,2.48,1599.0
53,2010,1,Andhra Pradesh,Kadapa YSR,4.94,12.36,2502.0,2602.0,2706.0,1851.0,2386.3333333333335,-0.03843197540353571,3.59,1570.8181818181818
53,2011,1,Andhra Pradesh,Kadapa YSR,4.14,10.72,2589.0,2502.0,2602.0,2706.0,2603.3333333333335,0.03477218225419665,4.94,1540.090909090909
53,2012,1,Andhra Pradesh,Kadapa YSR,3.36,4.43,1318.0,2589.0,2502.0,2602.0,2564.3333333333335,-0.49092313634607954,4.14,1697.090909090909
53,2013,1,Andhra Pradesh,Kadapa YSR,4.19,8.09,1931.0,1318.0,2589.0,2502.0,2136.3333333333335,0.46509863429438547,3.36,1620.1818181818182
53,2014,1,Andhra Pradesh,Kadapa YSR,3.12,8.0,2564.0,1931.0,1318.0,2589.0,1946.0,0.3278094251683066,4.19,1561.909090909091
53,2015,1,Andhra Pradesh,Kadapa YSR,4.64,7.44,1603.0,2564.0,1931.0,1318.0,1937.6666666666667,-0.374804992199688,3.12,1891.8181818181818
53,2016,1,Andhra Pradesh,Kadapa YSR,5.89,6.89,1169.0,1603.0,2564.0,1931.0,2032.6666666666667,-0.2707423580786026,4.64,1743.909090909091
53,2017,1,Andhra Pradesh,Kadapa YSR,9.82,20.48,2085.0,1169.0,1603.0,2564.0,1778.6666666666667,0.7835757057313943,5.89,1854.7272727272727
53,2018,1,Andhra Pradesh,Kadapa YSR,1.86,2.65,1429.0,2085.0,1169.0,1603.0,1619.0,-0.3146282973621103,9.82,1301.090909090909
53,2019,1,Andhra Pradesh,Kadapa YSR,4.48,11.33,2528.0,1429.0,2085.0,1169.0,1561.0,0.769069279216235,1.86,2004.0
54,1993,1,Andhra Pradesh,Chittoor,5.0,7.0,1400.0,1182.0,1340.0,1601.0,1374.3333333333333,0.18443316412859567,4.07,1079.5454545454545
54,1994,1,Andhra Pradesh,Chittoor,2.0,4.0,2000.0,1400.0,1182.0,1340.0,1307.3333333333333,0.4285714285714286,5.0,1245.9
54,1995,1,Andhra Pradesh,Chittoor,3.0,3.0,1000.0,2000.0,1400.0,1182.0,1527.3333333333333,-0.5,2.0,1337.2
54,1996,1,Andhra Pradesh,Chittoor,3.0,3.0,1000.0,1000.0,2000.0,1400.0,1466.6666666666667,0.0,3.0,1181.7
54,1997,1,Andhra Pradesh,Chittoor,2.0,2.0,1000.0,1000.0,1000.0,2000.0,1333.3333333333333,0.0,3.0,1110.6
54,1998,1,Andhra Pradesh,Chittoor,2.0,3.0,1500.0,1000.0,1000.0,1000.0,1000.0,0.5,2.0,1243.7
54,1999,1,Andhra Pradesh,Chittoor,2.6,2.89,1112.0,1500.0,1000.0,1000.0,1166.6666666666667,-0.2586666666666667,2.0,1046.5454545454545
54,2000,1,Andhra Pradesh,Chittoor,4.16,5.45,1310.0,1112.0,1500.0,1000.0,1204.0,0.17805755395683454,2.6,1221.3636363636363
54,2001,1,Andhra Pradesh,Chittoor,3.19,3.87,1213.0,1310.0,1112.0,1500.0,1307.3333333333333,-0.07404580152671758,4.16,1064.2727272727273
54,2002,1,Andhra Pradesh,Chittoor,2.0,1.0,500.0,1213.0,1310.0,1112.0,1211.6666666666667,-0.5877988458367683,3.19,953.9090909090909
54,2003,1,Andhra Pradesh,Chittoor,2.2,3.67,1668.0,500.0,1213.0,1310.0,1007.6666666666666,2.336,2.0,1247.2307692307693
54,2004,1,Andhra Pradesh,Chittoor,2.74,3.6,1314.0,1668.0,500.0,1213.0,1127.0,-0.21223021582733814,2.2,1120.75
54,2005,1,Andhra Pradesh,Chittoor,1.92,2.29,1193.0,1314.0,1668.0,500.0,1160.6666666666667,-0.09208523592085238,2.74,1101.25
54,2006,1,Andhra Pradesh,Chittoor,1.49,0.96,644.0,1193.0,1314.0,1668.0,1391.6666666666667,-0.460184409052808,1.92,972.1818181818181
54,2007,1,Andhra Pradesh,Chittoor,2.21,3.46,1566.0,644.0,1193.0,1314.0,1050.3333333333333,1.4316770186335406,1.49,1586.4
54,2008,1,Andhra Pradesh,Chittoor,1.72,3.3,1919.0,1566.0,644.0,1193.0,1134.3333333333333,0.2254150702426565,2.21,1445.7
54,2009,1,Andhra Pradesh,Chittoor,2.88,3.36,1167.0,1919.0,1566.0,644.0,1376.3333333333333,-0.39187076602397086,1.72,1599.0
54,2010,1,Andhra Pradesh,Chittoor,3.1,5.91,1906.0,1167.0,1919.0,1566.0,1550.6666666666667,0.63324764353042,2.88,1570.8181818181818
54,2011,1,Andhra Pradesh,Chittoor,2.36,4.96,2102.0,1906.0,1167.0,1919.0,1664.0,0.10283315844700947,3.1,1540.090909090909
54,2012,1,Andhra Pradesh,Chittoor,1.69,4.22,2497.0,2102.0,1906.0,1167.0,1725.0,0.18791627021883928,2.36,1697.090909090909
54,2013,1,Andhra Pradesh,Chittoor,1.79,3.91,2184.0,2497.0,2102.0,1906.0,2168.3333333333335,-0.12535042050460554,1.69,1620.1818181818182
54,2014,1,Andhra Pradesh,Chittoor,2.07,4.62,2232.0,2184.0,2497.0,2102.0,2261.0,0.0219780219780219,1.79,1561.909090909091
54,2015,1,Andhra Pradesh,Chittoor,2.37,6.67,2814.0,2232.0,2184.0,2497.0,2304.3333333333335,0.260752688172043,2.07,1891.8181818181818
54,2016,1,Andhra Pradesh,Chittoor,2.25,6.2,2760.0,2814.0,2232.0,2184.0,2410.0,-0.019189765458422214,2.37,1743.909090909091
54,2017,1,Andhra Pradesh,Chittoor,2.1,4.81,2286.0,2760.0,2814.0,2232.0,2602.0,-0.17173913043478262,2.25,1854.7272727272727
54,2018,1,Andhra Pradesh,Chittoor,1.83,3.96,2163.0,2286.0,2760.0,2814.0,2620.0,-0.0538057742782152,2.1,1301.090909090909
54,2019,1,Andhra Pradesh,Chittoor,2.09,7.72,3701.0,2163.0,2286.0,2760.0,2403.0,0.7110494683310218,1.83,2004.0
56,1993,20,Telangana,Nizamabad,4.0,1.0,250.0,303.85,295.15,396.77,331.92333333333335,-0.1772256047391806,4.41,654.5233333333333
56,1994,20,Telangana,Nizamabad,4.0,2.0,500.0,250.0,303.85,295.15,283.0,1.0,4.0,507.4666666666667
56,1995,20,Telangana,Nizamabad,4.0,2.0,500.0,500.0,250.0,303.85,351.2833333333333,0.0,4.0,580.302
56,1996,20,Telangana,Nizamabad,4.0,2.0,500.0,500.0,500.0,250.0,416.6666666666667,0.0,4.0,623.376
56,1997,20,Telangana,Nizamabad,4.0,2.0,500.0,500.0,500.0,500.0,500.0,0.0,4.0,452.94
56,1999,20,Telangana,Nizamabad,6.24,3.65,584.94,500.0,500.0,500.0,500.0,0.16988000000000003,4.0,613.8822222222223
56,2000,20,Telangana,Nizamabad,6.78,4.07,600.29,584.94,500.0,500.0,528.3133333333334,0.02624200772728802,6.24,608.6266666666666
56,2001,20,Telangana,Nizamabad,5.61,2.62,467.02,600.29,584.94,500.0,561.7433333333333,-0.22200936214163158,6.78,468.0055555555556
56,2002,20,Telangana,Nizamabad,5.0,2.0,400.0,467.02,600.29,584.94,550.75,-0.14350563145047313,5.61,433.3333333333333
56,2003,20,Telangana,Nizamabad,4.78,2.92,610.88,400.0,467.02,600.29,489.1033333333333,0.5271999999999999,5.0,610.1088888888889
56,2004,20,Telangana,Nizamabad,4.78,1.51,315.9,610.88,400.0,467.02,492.6333333333334,-0.4828771608171818,4.78,321.30111111111114
56,2005,20,Telangana,Nizamabad,7.31,4.64,634.75,315.9,610.88,400.0,442.26,1.0093383982272872,4.78,644.60625
56,2006,20,Telangana,Nizamabad,7.85,2.77,352.87,634.75,315.9,610.88,520.51,-0.4440803465931469,7.31,358.52666666666664
56,2007,20,Telangana,Nizamabad,9.37,6.0,640.34,352.87,634.75,315.9,434.50666666666666,0.8146626236290986,7.85,641.1233333333333
56,2008,20,Telangana,Nizamabad,7.03,4.45,633.0,640.34,352.87,634.75,542.6533333333333,-0.011462660461629803,9.37,634.9442857142857
56,2009,20,Telangana,Nizamabad,7.95,3.85,484.28,633.0,640.34,352.87,542.07,-0.23494470774091636,7.03,513.03625
56,2010,20,Telangana,Nizamabad,8.05,5.84,725.47,484.28,633.0,640.34,585.8733333333333,0.49803832493598765,7.95,756.24375
56,2011,20,Telangana,Nizamabad,6.54,4.1,626.91,725.47,484.28,633.0,614.25,-0.13585675493128602,8.05,650.4328571428571
56,2012,20,Telangana,Nizamabad,3.3,5.52,1672.73,626.91,725.47,484.28,612.2199999999999,1.668213938204846,6.54,1222.4828571428573
56,2013,20,Telangana,Nizamabad,6.76,6.36,940.83,1672.73,626.91,725.47,1008.3699999999999,-0.4375481996496745,3.3,957.04125
56,2014,20,Telangana,Nizamabad,6.06,5.68,937.29,940.83,1672.73,626.91,1080.1566666666665,-0.0037626351200537034,6.76,899.5875
56,2015,20,Telangana,Nizamabad,1.58,1.48,936.71,937.29,940.83,1672.73,1183.6166666666666,-0.0006188052790491172,6.06,881.95125
56,2016,20,Telangana,Nizamabad,1.53,1.33,868.94,936.71,937.29,940.83,938.2766666666666,-0.07234896606206831,1.58,850.6381818181818
56,2017,20,Telangana,Nizamabad,4.75,5.02,1057.04,868.94,936.71,937.29,914.3133333333334,0.21647064239187963,1.53,1030.3625
56,2018,20,Telangana,Nizamabad,5.07,2.52,497.0,1057.04,868.94,936.71,954.23,-0.5298191175357603,4.75,495.3333333333333
56,2019,20,Telangana,Nizamabad,6.5,7.91,1215.97,497.0,1057.04,868.94,807.66,1.4466197183098592,5.07,1174.3999999999999
57,1993,20,Telangana,Medak,2.0,1.0,500.0,305.44,296.15,394.27,331.9533333333333,0.6369827134625459,2.39,654.5233333333333
57,1994,20,Telangana,Medak,3.0,1.0,333.33,500.0,305.44,296.15,367.19666666666666,-0.3333400000000001,2.0,507.4666666666667
57,1995,20,Telangana,Medak,2.0,1.0,500.0,333.33,500.0,305.44,379.59,0.5000150001500017,3.0,580.302
57,1996,20,Telangana,Medak,2.0,1.0,500.0,500.0,333.33,500.0,444.4433333333333,0.0,2.0,623.376
57,1997,20,Telangana,Medak,2.0,1.0,500.0,500.0,500.0,333.33,444.4433333333333,0.0,2.0,452.94
57,1998,20,Telangana,Medak,2.0,1.0,500.0,500.0,500.0,500.0,500.0,0.0,2.0,606.58
57,1999,20,Telangana,Medak,1.47,0.86,585.03,500.0,500.0,500.0,500.0,0.17005999999999988,2.0,613.8822222222223
57,2000,20,Telangana,Medak,1.08,0.65,601.85,585.03,500.0,500.0,528.3433333333334,0.028750662359195323,1.47,608.6266666666666
57,2001,20,Telangana,Medak,0.87,0.41,471.26,601.85,585.03,500.0,562.2933333333334,-0.21698097532607796,1.08,468.0055555555556
57,2003,20,Telangana,Medak,0.67,0.41,611.94,471.26,601.85,585.03,552.7133333333333,0.2985188643211816,0.87,610.1088888888889
57,2004,20,Telangana,Medak,0.34,0.11,323.53,611.94,471.26,601.85,561.6833333333334,-0.47130437624603727,0.67,321.30111111111114
57,2005,20,Telangana,Medak,0.62,0.39,629.03,323.53,611.94,471.26,468.91,0.9442710104163448,0.34,644.60625
57,2006,20,Telangana,Medak,0.51,0.18,352.94,629.03,323.53,611.94,521.5,-0.43891388328060665,0.62,358.52666666666664
57,2007,20,Telangana,Medak,0.67,0.43,641.79,352.94,629.03,323.53,435.1666666666667,0.8184110613702045,0.51,641.1233333333333
57,2008,20,Telangana,Medak,0.74,0.47,635.14,641.79,352.94,629.03,541.2533333333333,-0.010361644774770529,0.67,634.9442857142857
57,2009,20,Telangana,Medak,0.27,0.13,481.48,635.14,641.79,352.94,543.29,-0.24193091286960355,0.74,513.03625
57,2010,20,Telangana,Medak,0.41,0.29,707.32,481.48,635.14,641.79,586.1366666666667,0.4690537509346182,0.27,756.24375
57,2011,20,Telangana,Medak,0.32,0.2,625.0,707.32,481.48,635.14,607.98,-0.11638296669117243,0.41,650.4328571428571
57,2012,20,Telangana,Medak,0.33,0.29,878.79,625.0,707.32,481.48,604.6,0.406064,0.32,1222.4828571428573
57,2013,20,Telangana,Medak,0.23,0.22,956.52,878.79,625.0,707.32,737.0366666666667,0.08845116580753087,0.33,957.04125
57,2014,20,Telangana,Medak,0.3,0.28,933.33,956.52,878.79,625.0,820.1033333333334,-0.024244134989336308,0.23,899.5875
57,2015,20,Telangana,Medak,0.29,0.27,931.03,933.33,956.52,878.79,922.88,-0.002464294515337584,0.3,881.95125
57,2019,20,Telangana,Medak,0.03,0.03,1230.77,931.03,933.33,956.52,940.2933333333334,0.321944513066174,0.29,1174.3999999999999
58,1993,20,Telangana,Mahabubnagar,14.0,5.0,357.14,271.02,249.25,501.04,340.43666666666667,0.3177625267507933,13.32,654.5233333333333
58,1994,20,Telangana,Mahabubnagar,11.0,4.0,363.64,357.14,271.02,249.25,292.47,0.018200145601164897,14.0,507.4666666666667
58,1995,20,Telangana,Mahabubnagar,12.0,7.0,583.33,363.64,357.14,271.02,330.59999999999997,0.6041414585854143,11.0,580.302
58,1996,20,Telangana,Mahabubnagar,14.0,8.0,571.43,583.33,363.64,357.14,434.7033333333334,-0.02040011657209484,12.0,623.376
58,1997,20,Telangana,Mahabubnagar,10.0,4.0,400.0,571.43,583.33,363.64,506.1333333333334,-0.3000017499956249,14.0,452.94
58,1998,20,Telangana,Mahabubnagar,15.0,6.0,400.0,400.0,571.43,583.33,518.2533333333334,0.0,10.0,606.58
58,1999,20,Telangana,Mahabubnagar,16.64,7.99,480.17,400.0,400.0,571.43,457.14333333333326,0.20042500000000008,15.0,613.8822222222223
58,2000,20,Telangana,Mahabubnagar,18.56,11.38,613.15,480.17,400.0,400.0,426.72333333333336,0.27694358248120454,16.64,608.6266666666666
58,2001,20,Telangana,Mahabubnagar,17.98,8.63,479.98,613.15,480.17,400.0,497.7733333333333,-0.217189920900269,18.56,468.0055555555556
58,2002,20,Telangana,Mahabubnagar,12.0,6.0,500.0,479.98,613.15,480.17,524.4333333333333,0.04171007125296877,17.98,433.3333333333333
58,2003,20,Telangana,Mahabubnagar,11.55,6.7,580.09,500.0,479.98,613.15,531.0433333333333,0.16018,12.0,610.1088888888889
58,2004,20,Telangana,Mahabubnagar,8.41,3.93,467.3,580.09,500.0,479.98,520.0233333333334,-0.19443534623937664,11.55,321.30111111111114
58,2005,20,Telangana,Mahabubnagar,8.63,6.81,789.11,467.3,580.09,500.0,515.7966666666667,0.6886582495185105,8.41,644.60625
58,2006,20,Telangana,Mahabubnagar,6.34,2.42,381.7,789.11,467.3,580.09,612.1666666666666,-0.5162905044924029,8.63,358.52666666666664
58,2007,20,Telangana,Mahabubnagar,5.79,4.39,758.2,381.7,789.11,467.3,546.0366666666666,0.9863767356562747,6.34,641.1233333333333
58,2008,20,Telangana,Mahabubnagar,11.05,7.31,661.54,758.2,381.7,789.11,643.0033333333333,-0.1274861514112372,5.79,634.9442857142857
58,2009,20,Telangana,Mahabubnagar,4.98,2.21,443.78,661.54,758.2,381.7,600.48,-0.3291713275085407,11.05,513.03625
58,2010,20,Telangana,Mahabubnagar,3.9,2.87,735.9,443.78,661.54,758.2,621.1733333333333,0.6582540898643472,4.98,756.24375
58,2011,20,Telangana,Mahabubnagar,2.34,1.29,551.28,735.9,443.78,661.54,613.7399999999999,-0.25087647778230737,3.9,650.4328571428571
58,2012,20,Telangana,Mahabubnagar,2.99,2.82,943.14,551.28,735.9,443.78,576.9866666666667,0.7108184588593818,2.34,1222.4828571428573
58,2013,20,Telangana,Mahabubnagar,3.14,2.9,923.57,943.14,551.28,735.9,743.4399999999999,-0.020749835655363924,2.99,957.04125
58,2014,20,Telangana,Mahabubnagar,1.58,1.5,949.37,923.57,943.14,551.28,805.9966666666666,0.02793507801249495,3.14,899.5875
58,2015,20,Telangana,Mahabubnagar,1.22,1.17,959.02,949.37,923.57,943.14,938.6933333333333,0.010164635495117702,1.58,881.95125
58,2019,20,Telangana,Mahabubnagar,0.01,0.01,1222.22,959.02,949.37,923.57,943.9866666666667,0.27444683114012225,1.22,1174.3999999999999
59,1993,20,Telangana,Nalgonda,25.0,8.0,320.0,316.87,305.0,326.1,315.99,0.0098778678953515,25.91,654.5233333333333
59,1994,20,Telangana,Nalgonda,23.0,8.0,347.83,320.0,316.87,305.0,313.95666666666665,0.08696875000000004,25.0,507.4666666666667
59,1995,20,Telangana,Nalgonda,22.0,7.0,318.18,347.83,320.0,316.87,328.23333333333335,-0.085242791018601,23.0,580.302
59,1996,20,Telangana,Nalgonda,22.0,12.0,545.45,318.18,347.83,320.0,328.67,0.7142812244641399,22.0,623.376
59,1997,20,Telangana,Nalgonda,17.0,7.0,411.76,545.45,318.18,347.83,403.82,-0.24510037583646538,22.0,452.94
59,1998,20,Telangana,Nalgonda,19.0,10.0,526.32,411.76,545.45,318.18,425.13000000000005,0.2782203225179718,17.0,606.58
59,1999,20,Telangana,Nalgonda,17.04,11.68,685.45,526.32,411.76,545.45,494.51000000000005,0.30234458124335006,19.0,613.8822222222223
59,2000,20,Telangana,Nalgonda,16.14,9.44,584.88,685.45,526.32,411.76,541.1766666666667,-0.1467211321029981,17.04,608.6266666666666
59,2001,20,Telangana,Nalgonda,9.81,4.34,442.41,584.88,685.45,526.32,598.8833333333333,-0.24358842839556827,16.14,468.0055555555556
59,2002,20,Telangana,Nalgonda,15.0,6.0,400.0,442.41,584.88,685.45,570.9133333333333,-0.0958613051242061,9.81,433.3333333333333
59,2003,20,Telangana,Nalgonda,21.44,13.44,626.87,400.0,442.41,584.88,475.7633333333333,0.567175,15.0,610.1088888888889
59,2004,20,Telangana,Nalgonda,11.09,2.22,200.18,626.87,400.0,442.41,489.76,-0.6806674430105125,21.44,321.30111111111114
59,2005,20,Telangana,Nalgonda,8.33,3.94,472.99,200.18,626.87,400.0,409.01666666666665,1.3628234588870018,11.09,644.60625
59,2006,20,Telangana,Nalgonda,3.85,1.19,309.09,472.99,200.18,626.87,433.34666666666664,-0.3465189538890886,8.33,358.52666666666664
59,2007,20,Telangana,Nalgonda,4.72,2.34,495.76,309.09,472.99,200.18,327.42,0.6039341292180271,3.85,641.1233333333333
59,2008,20,Telangana,Nalgonda,2.32,1.16,500.0,495.76,309.09,472.99,425.94666666666666,0.008552525415523649,4.72,634.9442857142857
59,2009,20,Telangana,Nalgonda,1.81,1.08,596.69,500.0,495.76,309.09,434.95,0.1933800000000001,2.32,513.03625
59,2010,20,Telangana,Nalgonda,2.16,1.52,703.7,596.69,500.0,495.76,530.8166666666667,0.17933935544420043,1.81,756.24375
59,2011,20,Telangana,Nalgonda,0.92,0.75,815.22,703.7,596.69,500.0,600.13,0.15847662356117653,2.16,650.4328571428571
59,2012,20,Telangana,Nalgonda,2.01,1.64,815.92,815.22,703.7,596.69,705.2033333333334,0.0008586639189420708,0.92,1222.4828571428573
59,2013,20,Telangana,Nalgonda,0.77,0.78,1012.99,815.92,815.22,703.7,778.2800000000001,0.2415310324541622,2.01,957.04125
59,2014,20,Telangana,Nalgonda,0.04,0.02,500.0,1012.99,815.92,815.22,881.3766666666667,-0.5064117118629009,0.77,899.5875
59,2015,20,Telangana,Nalgonda,0.06,0.03,500.0,500.0,1012.99,815.92,776.3033333333333,0.0,0.04,881.95125
59,2016,20,Telangana,Nalgonda,1.1,0.64,584.7,500.0,500.0,1012.99,670.9966666666666,0.1694,0.06,850.6381818181818
59,2017,20,Telangana,Nalgonda,0.14,0.1,725.93,584.7,500.0,500.0,528.2333333333333,0.24154267145544717,1.1,1030.3625
59,2019,20,Telangana,Nalgonda,0.09,0.11,1219.78,725.93,584.7,500.0,603.5433333333334,0.6802997534197512,0.14,1174.3999999999999
60,1993,20,Telangana,Warangal,1.0,2.0,2000.0,433.73,756.1,685.82,625.2166666666667,3.611163627141309,0.83,654.5233333333333
60,1994,20,Telangana,Warangal,1.0,1.0,1000.0,2000.0,433.73,756.1,1063.2766666666666,-0.5,1.0,507.4666666666667
60,1999,20,Telangana,Warangal,0.17,0.14,823.53,1000.0,2000.0,433.73,1144.5766666666666,-0.17647000000000002,1.0,613.8822222222223
60,2000,20,Telangana,Warangal,0.09,0.06,666.67,823.53,1000.0,2000.0,1274.51,-0.1904727210909135,0.17,608.6266666666666
60,2001,20,Telangana,Warangal,0.06,0.03,500.0,666.67,823.53,1000.0,830.0666666666666,-0.2500037499812501,0.09,468.0055555555556
60,2003,20,Telangana,Warangal,0.35,0.22,628.57,500.0,666.67,823.53,663.4,0.25714000000000015,0.06,610.1088888888889
60,2004,20,Telangana,Warangal,0.03,0.01,333.33,628.57,500.0,666.67,598.4133333333333,-0.46970106750242624,0.35,321.30111111111114
60,2005,20,Telangana,Warangal,0.07,0.05,714.29,333.33,628.57,500.0,487.3,1.142891428914289,0.03,644.60625
60,2006,20,Telangana,Warangal,0.02,0.01,500.0,714.29,333.33,628.57,558.73,-0.3000041999748001,0.07,358.52666666666664
60,2007,20,Telangana,Warangal,1.45,0.93,641.38,500.0,714.29,333.33,515.8733333333333,0.2827599999999999,0.02,641.1233333333333
60,2010,20,Telangana,Warangal,0.01,0.01,1000.0,641.38,500.0,714.29,618.5566666666666,0.5591381084536469,1.45,756.24375
60,2014,20,Telangana,Warangal,0.08,0.08,1000.0,1000.0,641.38,500.0,713.7933333333334,0.0,0.01,899.5875
60,2015,20,Telangana,Warangal,0.01,0.01,1000.0,1000.0,1000.0,641.38,880.46,0.0,0.08,881.95125
61,1999,20,Telangana,Khammam,0.42,0.25,595.24,310.34,294.12,398.5,334.32,0.9180253915060903,0.58,613.8822222222223
61,2000,20,Telangana,Khammam,0.31,0.19,612.9,595.24,310.34,294.12,399.90000000000003,0.029668705060143852,0.42,608.6266666666666
61,2001,20,Telangana,Khammam,0.2,0.09,450.0,612.9,595.24,310.34,506.16,-0.26578560939794416,0.31,468.0055555555556
61,2003,20,Telangana,Khammam,0.74,0.45,608.11,450.0,612.9,595.24,552.7133333333334,0.35135555555555564,0.2,610.1088888888889
61,2004,20,Telangana,Khammam,0.2,0.06,300.0,608.11,450.0,612.9,557.0033333333334,-0.5066682014767065,0.74,321.30111111111114
61,2005,20,Telangana,Khammam,0.26,0.17,653.85,300.0,608.11,450.0,452.7033333333334,1.1795,0.2,644.60625
61,2006,20,Telangana,Khammam,0.04,0.01,250.0,653.85,300.0,608.11,520.6533333333333,-0.6176493079452474,0.26,358.52666666666664
61,2007,20,Telangana,Khammam,0.06,0.04,666.67,250.0,653.85,300.0,401.28333333333336,1.66668,0.04,641.1233333333333
61,2008,20,Telangana,Khammam,0.04,0.03,750.0,666.67,250.0,653.85,523.5066666666667,0.12499437502812483,0.06,634.9442857142857
61,2009,20,Telangana,Khammam,0.03,0.02,666.67,750.0,666.67,250.0,555.5566666666667,-0.11110666666666669,0.04,513.03625
61,2013,20,Telangana,Khammam,0.01,0.01,1000.0,666.67,750.0,666.67,694.4466666666667,0.49999250003749984,0.03,957.04125
62,2000,20,Telangana,Karimnagar,0.76,0.46,605.26,586.67,318.18,500.0,468.2833333333333,0.03168731995840934,0.75,608.6266666666666
62,2001,20,Telangana,Karimnagar,0.47,0.22,468.09,605.26,586.67,318.18,503.36999999999995,-0.2266298780689291,0.76,468.0055555555556
62,2003,20,Telangana,Karimnagar,0.94,0.57,606.38,468.09,605.26,586.67,553.3399999999999,0.2954346386378688,0.47,610.1088888888889
62,2004,20,Telangana,Karimnagar,0.54,0.17,314.81,606.38,468.09,605.26,559.91,-0.4808370988489066,0.94,321.30111111111114
62,2006,20,Telangana,Karimnagar,0.17,0.06,352.94,314.81,606.38,468.09,463.0933333333333,0.12112067596327947,0.54,358.52666666666664
62,2007,20,Telangana,Karimnagar,0.35,0.23,657.14,352.94,314.81,606.38,424.71000000000004,0.8619028730095766,0.17,641.1233333333333
62,2009,20,Telangana,Karimnagar,0.71,0.34,478.87,657.14,352.94,314.81,441.62999999999994,-0.2712816142678881,0.35,513.03625
62,2010,20,Telangana,Karimnagar,2.7,1.96,725.93,478.87,657.14,352.94,496.31666666666666,0.5159229018313947,0.71,756.24375
62,2011,20,Telangana,Karimnagar,0.6,0.38,633.33,725.93,478.87,657.14,620.6466666666666,-0.12756050858898227,2.7,650.4328571428571
62,2012,20,Telangana,Karimnagar,0.7,1.16,1657.14,633.33,725.93,478.87,612.71,1.6165506134242813,0.6,1222.4828571428573
62,2013,20,Telangana,Karimnagar,1.97,1.85,939.09,1657.14,633.33,725.93,1005.4666666666667,-0.4333067815634165,0.7,957.04125
62,2014,20,Telangana,Karimnagar,1.5,1.41,940.0,939.09,1657.14,633.33,1076.5200000000002,0.0009690232033137125,1.97,899.5875
62,2015,20,Telangana,Karimnagar,1.04,0.97,932.69,940.0,939.09,1657.14,1178.7433333333336,-0.007776595744680814,1.5,881.95125
63,1999,20,Telangana,Adilabad,0.64,0.38,593.75,312.5,333.33,395.52,347.1166666666666,0.8999999999999999,0.16,613.8822222222223
63,2000,20,Telangana,Adilabad,0.52,0.31,596.15,593.75,312.5,333.33,413.1933333333333,0.004042105263157847,0.64,608.6266666666666
63,2001,20,Telangana,Adilabad,0.63,0.29,460.32,596.15,593.75,312.5,500.8,-0.2278453409376835,0.52,468.0055555555556
63,2003,20,Telangana,Adilabad,1.82,1.11,609.89,460.32,596.15,593.75,550.0733333333334,0.3249261383385471,0.63,610.1088888888889
63,2004,20,Telangana,Adilabad,1.23,0.39,317.07,609.89,460.32,596.15,555.4533333333333,-0.4801193657872731,1.82,321.30111111111114
63,2005,20,Telangana,Adilabad,0.78,0.49,628.21,317.07,609.89,460.32,462.4266666666667,0.9812975052827453,1.23,644.60625
63,2006,20,Telangana,Adilabad,1.04,0.37,355.77,628.21,317.07,609.89,518.39,-0.43367663679342905,0.78,358.52666666666664
63,2007,20,Telangana,Adilabad,1.02,0.65,637.25,355.77,628.21,317.07,433.68333333333334,0.7911853163560729,1.04,641.1233333333333
63,2008,20,Telangana,Adilabad,0.35,0.22,628.57,637.25,355.77,628.21,540.41,-0.013621027854060386,1.02,634.9442857142857
63,2009,20,Telangana,Adilabad,0.83,0.4,481.93,628.57,637.25,355.77,540.5300000000001,-0.23329143929872576,0.35,513.03625
63,2010,20,Telangana,Adilabad,1.56,1.13,724.36,481.93,628.57,637.25,582.5833333333334,0.5030398605606623,0.83,756.24375
63,2011,20,Telangana,Adilabad,0.52,0.33,634.62,724.36,481.93,628.57,611.62,-0.12388867413993043,1.56,650.4328571428571
63,2012,20,Telangana,Adilabad,0.29,0.49,1689.66,634.62,724.36,481.93,613.6366666666667,1.6624751819986763,0.52,1222.4828571428573
63,2013,20,Telangana,Adilabad,0.2,0.19,950.0,1689.66,634.62,724.36,1016.2133333333335,-0.43775670845022074,0.29,957.04125
63,2014,20,Telangana,Adilabad,1.58,1.48,936.71,950.0,1689.66,634.62,1091.4266666666667,-0.01398947368421044,0.2,899.5875
63,2015,20,Telangana,Adilabad,1.64,1.54,939.02,936.71,950.0,1689.66,1192.1233333333334,0.0024660780817968853,1.58,881.95125
63,2019,20,Telangana,Adilabad,0.03,0.04,1206.9,939.02,936.71,950.0,941.91,0.2852761389533771,1.64,1174.3999999999999
65,1993,5,Karnataka,Kolar,0.47,0.27,574.0,302.0,493.0,456.0,417.0,0.9006622516556291,0.43,610.7272727272727
65,1994,5,Karnataka,Kolar,0.21,0.07,333.0,574.0,302.0,493.0,456.3333333333333,-0.41986062717770034,0.47,423.27272727272725
65,1995,5,Karnataka,Kolar,0.22,0.12,545.0,333.0,574.0,302.0,403.0,0.6366366366366367,0.21,616.3636363636364
65,1996,5,Karnataka,Kolar,0.23,0.13,565.0,545.0,333.0,574.0,484.0,0.03669724770642202,0.22,616.8181818181819
65,1997,5,Karnataka,Kolar,0.12,0.04,333.0,565.0,545.0,333.0,481.0,-0.41061946902654867,0.23,404.27272727272725
65,1998,5,Karnataka,Kolar,0.17,0.08,471.0,333.0,565.0,545.0,481.0,0.4144144144144144,0.12,622.6
65,1999,5,Karnataka,Kolar,0.23,0.09,391.0,471.0,333.0,565.0,456.3333333333333,-0.1698513800424628,0.17,539.5
65,2002,5,Karnataka,Kolar,0.38,0.14,368.0,391.0,471.0,333.0,398.3333333333333,-0.05882352941176472,0.23,432.3125
65,2003,5,Karnataka,Kolar,0.03,0.01,333.0,368.0,391.0,471.0,410.0,-0.09510869565217395,0.38,547.0666666666667
65,2004,5,Karnataka,Kolar,0.08,0.03,375.0,333.0,368.0,391.0,364.0,0.12612612612612617,0.03,593.7333333333333
65,2005,5,Karnataka,Kolar,0.09,0.05,556.0,375.0,333.0,368.0,358.6666666666667,0.4826666666666666,0.08,812.8125
65,2006,5,Karnataka,Kolar,0.1,0.05,500.0,556.0,375.0,333.0,421.3333333333333,-0.1007194244604317,0.09,492.8
65,2007,5,Karnataka,Kolar,0.04,0.03,750.0,500.0,556.0,375.0,477.0,0.5,0.1,896.9333333333333
65,2018,5,Karnataka,Kolar,0.1,0.09,908.0,750.0,500.0,556.0,602.0,0.21066666666666656,0.04,968.64
65,2019,5,Karnataka,Kolar,0.13,0.14,1079.0,908.0,750.0,500.0,719.3333333333334,0.18832599118942728,0.1,1106.3633333333335
66,1993,5,Karnataka,Tumkur,0.92,0.4,435.0,288.0,484.0,199.0,323.6666666666667,0.5104166666666667,1.25,610.7272727272727
66,1994,5,Karnataka,Tumkur,0.53,0.17,321.0,435.0,288.0,484.0,402.3333333333333,-0.26206896551724135,0.92,423.27272727272725
66,1995,5,Karnataka,Tumkur,0.52,0.23,442.0,321.0,435.0,288.0,348.0,0.3769470404984423,0.53,616.3636363636364
66,1996,5,Karnataka,Tumkur,0.38,0.16,421.0,442.0,321.0,435.0,399.3333333333333,-0.04751131221719462,0.52,616.8181818181819
66,1997,5,Karnataka,Tumkur,0.22,0.05,227.0,421.0,442.0,321.0,394.6666666666667,-0.46080760095011875,0.38,404.27272727272725
66,1998,5,Karnataka,Tumkur,0.38,0.18,474.0,227.0,421.0,442.0,363.3333333333333,1.0881057268722465,0.22,622.6
66,1999,5,Karnataka,Tumkur,0.21,0.08,381.0,474.0,227.0,421.0,374.0,-0.19620253164556967,0.38,539.5
66,2001,5,Karnataka,Tumkur,0.25,0.1,400.0,381.0,474.0,227.0,360.6666666666667,0.04986876640419946,0.21,511.5
66,2002,5,Karnataka,Tumkur,0.24,0.09,375.0,400.0,381.0,474.0,418.3333333333333,-0.0625,0.25,432.3125
66,2003,5,Karnataka,Tumkur,0.31,0.09,290.0,375.0,400.0,381.0,385.3333333333333,-0.22666666666666668,0.24,547.0666666666667
66,2004,5,Karnataka,Tumkur,0.26,0.1,385.0,290.0,375.0,400.0,355.0,0.3275862068965518,0.31,593.7333333333333
66,2005,5,Karnataka,Tumkur,0.25,0.21,840.0,385.0,290.0,375.0,350.0,1.1818181818181817,0.26,812.8125
66,2006,5,Karnataka,Tumkur,0.11,0.05,455.0,840.0,385.0,290.0,505.0,-0.45833333333333337,0.25,492.8
66,2007,5,Karnataka,Tumkur,0.19,0.14,737.0,455.0,840.0,385.0,560.0,0.6197802197802198,0.11,896.9333333333333
66,2008,5,Karnataka,Tumkur,0.14,0.07,500.0,737.0,455.0,840.0,677.3333333333334,-0.32157394843962006,0.19,644.4285714285714
66,2009,5,Karnataka,Tumkur,0.14,0.04,286.0,500.0,737.0,455.0,564.0,-0.42800000000000005,0.14,475.3076923076923
66,2010,5,Karnataka,Tumkur,0.2,0.22,1100.0,286.0,500.0,737.0,507.6666666666667,2.8461538461538463,0.14,1009.0
66,2011,5,Karnataka,Tumkur,0.09,0.09,1000.0,1100.0,286.0,500.0,628.6666666666666,-0.09090909090909094,0.2,867.625
66,2012,5,Karnataka,Tumkur,0.09,0.09,1000.0,1000.0,1100.0,286.0,795.3333333333334,0.0,0.09,988.1
66,2013,5,Karnataka,Tumkur,0.09,0.11,1222.0,1000.0,1000.0,1100.0,1033.3333333333333,0.22199999999999998,0.09,1081.0555555555557
66,2014,5,Karnataka,Tumkur,0.34,0.36,1059.0,1222.0,1000.0,1000.0,1074.0,-0.13338788870703766,0.09,981.625
66,2015,5,Karnataka,Tumkur,0.28,0.19,679.0,1059.0,1222.0,1000.0,1093.6666666666667,-0.3588290840415487,0.34,714.4705882352941
66,2016,5,Karnataka,Tumkur,0.02,0.02,1048.0,679.0,1059.0,1222.0,986.6666666666666,0.5434462444771724,0.28,919.8888888888889
66,2017,5,Karnataka,Tumkur,0.02,0.04,1583.0,1048.0,679.0,1059.0,928.6666666666666,0.5104961832061068,0.02,1521.235294117647
66,2018,5,Karnataka,Tumkur,0.18,0.17,927.0,1583.0,1048.0,679.0,1103.3333333333333,-0.4144030322173089,0.02,968.64
66,2019,5,Karnataka,Tumkur,0.18,0.1,516.0,927.0,1583.0,1048.0,1186.0,-0.4433656957928802,0.18,1106.3633333333335
67,1993,5,Karnataka,Mysore,1.95,1.88,964.0,934.0,2138.0,621.0,1231.0,0.032119914346895095,1.96,610.7272727272727
67,1994,5,Karnataka,Mysore,2.09,1.57,751.0,964.0,934.0,2138.0,1345.3333333333333,-0.22095435684647302,1.95,423.27272727272725
67,1995,5,Karnataka,Mysore,0.86,0.87,1012.0,751.0,964.0,934.0,883.0,0.34753661784287626,2.09,616.3636363636364
67,1996,5,Karnataka,Mysore,0.75,0.56,747.0,1012.0,751.0,964.0,909.0,-0.26185770750988147,0.86,616.8181818181819
67,1997,5,Karnataka,Mysore,0.37,0.16,432.0,747.0,1012.0,751.0,836.6666666666666,-0.42168674698795183,0.75,404.27272727272725
67,1999,5,Karnataka,Mysore,0.05,0.03,600.0,432.0,747.0,1012.0,730.3333333333334,0.38888888888888884,0.37,539.5
67,2018,5,Karnataka,Mysore,0.02,0.02,889.0,600.0,432.0,747.0,593.0,0.4816666666666667,0.05,968.64
67,2019,5,Karnataka,Mysore,0.02,0.02,1059.0,889.0,600.0,432.0,640.3333333333334,0.1912260967379078,0.02,1106.3633333333335
69,2019,5,Karnataka,Hassan,0.09,0.1,1076.0,906.0,1250.0,1250.0,1135.3333333333333,0.1876379690949228,0.1,1106.3633333333335
72,1993,5,Karnataka,Chitradurga,8.14,3.85,473.0,404.0,487.0,213.0,368.0,0.17079207920792072,11.54,610.7272727272727
72,1994,5,Karnataka,Chitradurga,5.95,2.75,462.0,473.0,404.0,487.0,454.6666666666667,-0.023255813953488413,8.14,423.27272727272725
72,1995,5,Karnataka,Chitradurga,6.68,2.92,437.0,462.0,473.0,404.0,446.3333333333333,-0.05411255411255411,5.95,616.3636363636364
72,1996,5,Karnataka,Chitradurga,10.59,7.17,677.0,437.0,462.0,473.0,457.3333333333333,0.5491990846681922,6.68,616.8181818181819
72,1997,5,Karnataka,Chitradurga,5.26,1.82,346.0,677.0,437.0,462.0,525.3333333333334,-0.48892171344165436,10.59,404.27272727272725
72,1998,5,Karnataka,Chitradurga,8.65,6.11,706.0,346.0,677.0,437.0,486.6666666666667,1.0404624277456649,5.26,622.6
72,1999,5,Karnataka,Chitradurga,4.85,2.26,466.0,706.0,346.0,677.0,576.3333333333334,-0.33994334277620397,8.65,539.5
72,2000,5,Karnataka,Chitradurga,5.2,4.0,769.0,466.0,706.0,346.0,506.0,0.650214592274678,4.85,851.5
72,2001,5,Karnataka,Chitradurga,3.38,1.58,467.0,769.0,466.0,706.0,647.0,-0.39271781534460337,5.2,511.5
72,2002,5,Karnataka,Chitradurga,3.56,2.25,632.0,467.0,769.0,466.0,567.3333333333334,0.3533190578158458,3.38,432.3125
72,2003,5,Karnataka,Chitradurga,3.15,1.22,387.0,632.0,467.0,769.0,622.6666666666666,-0.3876582278481012,3.56,547.0666666666667
72,2004,5,Karnataka,Chitradurga,7.18,4.01,558.0,387.0,632.0,467.0,495.3333333333333,0.44186046511627897,3.15,593.7333333333333
72,2005,5,Karnataka,Chitradurga,4.77,4.05,849.0,558.0,387.0,632.0,525.6666666666666,0.521505376344086,7.18,812.8125
72,2006,5,Karnataka,Chitradurga,1.09,0.56,514.0,849.0,558.0,387.0,598.0,-0.39458186101295645,4.77,492.8
72,2007,5,Karnataka,Chitradurga,2.29,2.21,965.0,514.0,849.0,558.0,640.3333333333334,0.877431906614786,1.09,896.9333333333333
72,2008,5,Karnataka,Chitradurga,1.58,0.6,380.0,965.0,514.0,849.0,776.0,-0.6062176165803108,2.29,644.4285714285714
72,2009,5,Karnataka,Chitradurga,1.28,0.69,539.0,380.0,965.0,514.0,619.6666666666666,0.418421052631579,1.58,475.3076923076923
72,2010,5,Karnataka,Chitradurga,1.51,0.96,636.0,539.0,380.0,965.0,628.0,0.17996289424860845,1.28,1009.0
72,2011,5,Karnataka,Chitradurga,1.61,0.78,484.0,636.0,539.0,380.0,518.3333333333334,-0.23899371069182385,1.51,867.625
72,2012,5,Karnataka,Chitradurga,1.33,0.7,526.0,484.0,636.0,539.0,553.0,0.08677685950413228,1.61,988.1
72,2013,5,Karnataka,Chitradurga,2.05,1.11,541.0,526.0,484.0,636.0,548.6666666666666,0.028517110266159662,1.33,1081.0555555555557
72,2014,5,Karnataka,Chitradurga,1.7,1.05,618.0,541.0,526.0,484.0,517.0,0.14232902033271722,2.05,981.625
72,2015,5,Karnataka,Chitradurga,1.8,1.17,650.0,618.0,541.0,526.0,561.6666666666666,0.05177993527508096,1.7,714.4705882352941
72,2016,5,Karnataka,Chitradurga,1.8,0.5,278.0,650.0,618.0,541.0,603.0,-0.5723076923076923,1.8,919.8888888888889
72,2017,5,Karnataka,Chitradurga,3.69,3.84,1038.0,278.0,650.0,618.0,515.3333333333334,2.7338129496402876,1.8,1521.235294117647
72,2018,5,Karnataka,Chitradurga,1.91,0.78,410.0,1038.0,278.0,650.0,655.3333333333334,-0.605009633911368,3.69,968.64
72,2019,5,Karnataka,Chitradurga,3.01,1.9,631.0,410.0,1038.0,278.0,575.3333333333334,0.5390243902439025,1.91,1106.3633333333335
73,1993,5,Karnataka,Bellary,10.03,6.86,684.0,731.0,492.0,736.0,653.0,-0.06429548563611487,14.55,610.7272727272727
73,1994,5,Karnataka,Bellary,13.05,5.3,406.0,684.0,731.0,492.0,635.6666666666666,-0.4064327485380117,10.03,423.27272727272725
73,1995,5,Karnataka,Bellary,17.58,14.5,825.0,406.0,684.0,731.0,607.0,1.0320197044334973,13.05,616.3636363636364
73,1996,5,Karnataka,Bellary,16.49,14.58,884.0,825.0,406.0,684.0,638.3333333333334,0.07151515151515153,17.58,616.8181818181819
73,1997,5,Karnataka,Bellary,15.07,8.07,536.0,884.0,825.0,406.0,705.0,-0.39366515837104077,16.49,404.27272727272725
73,1998,5,Karnataka,Bellary,27.22,25.15,924.0,536.0,884.0,825.0,748.3333333333334,0.7238805970149254,15.07,622.6
73,1999,5,Karnataka,Bellary,22.38,14.11,630.0,924.0,536.0,884.0,781.3333333333334,-0.31818181818181823,27.22,539.5
73,2000,5,Karnataka,Bellary,26.8,22.0,821.0,630.0,924.0,536.0,696.6666666666666,0.3031746031746032,22.38,851.5
73,2001,5,Karnataka,Bellary,17.39,13.5,776.0,821.0,630.0,924.0,791.6666666666666,-0.054811205846528654,26.8,511.5
73,2002,5,Karnataka,Bellary,14.21,7.03,495.0,776.0,821.0,630.0,742.3333333333334,-0.3621134020618557,17.39,432.3125
73,2003,5,Karnataka,Bellary,26.34,17.84,677.0,495.0,776.0,821.0,697.3333333333334,0.3676767676767676,14.21,547.0666666666667
73,2004,5,Karnataka,Bellary,18.57,13.39,721.0,677.0,495.0,776.0,649.3333333333334,0.06499261447562787,26.34,593.7333333333333
73,2005,5,Karnataka,Bellary,21.59,17.61,816.0,721.0,677.0,495.0,631.0,0.13176144244105403,18.57,812.8125
73,2006,5,Karnataka,Bellary,17.02,8.92,524.0,816.0,721.0,677.0,738.0,-0.3578431372549019,21.59,492.8
73,2007,5,Karnataka,Bellary,17.86,15.57,872.0,524.0,816.0,721.0,687.0,0.6641221374045803,17.02,896.9333333333333
73,2008,5,Karnataka,Bellary,13.4,8.85,660.0,872.0,524.0,816.0,737.3333333333334,-0.24311926605504586,17.86,644.4285714285714
73,2009,5,Karnataka,Bellary,14.08,8.81,626.0,660.0,872.0,524.0,685.3333333333334,-0.051515151515151514,13.4,475.3076923076923
73,2010,5,Karnataka,Bellary,13.9,13.16,947.0,626.0,660.0,872.0,719.3333333333334,0.5127795527156549,14.08,1009.0
73,2011,5,Karnataka,Bellary,16.35,15.17,928.0,947.0,626.0,660.0,744.3333333333334,-0.020063357972544882,13.9,867.625
73,2012,5,Karnataka,Bellary,20.9,16.95,811.0,928.0,947.0,626.0,833.6666666666666,-0.12607758620689657,16.35,988.1
73,2013,5,Karnataka,Bellary,17.02,17.2,1011.0,811.0,928.0,947.0,895.3333333333334,0.24660912453760786,20.9,1081.0555555555557
73,2014,5,Karnataka,Bellary,15.57,16.7,1073.0,1011.0,811.0,928.0,916.6666666666666,0.061325420375865525,17.02,981.625
73,2015,5,Karnataka,Bellary,14.16,13.36,944.0,1073.0,1011.0,811.0,965.0,-0.12022367194780992,15.57,714.4705882352941
73,2016,5,Karnataka,Bellary,16.05,20.18,1257.0,944.0,1073.0,1011.0,1009.3333333333334,0.33156779661016955,14.16,919.8888888888889
73,2017,5,Karnataka,Bellary,24.47,44.95,1837.0,1257.0,944.0,1073.0,1091.3333333333333,0.4614160700079555,16.05,1521.235294117647
73,2018,5,Karnataka,Bellary,15.53,17.75,1143.0,1837.0,1257.0,944.0,1346.0,-0.3777898747958628,24.47,968.64
73,2019,5,Karnataka,Bellary,32.54,48.42,1488.0,1143.0,1837.0,1257.0,1412.3333333333333,0.30183727034120733,15.53,1106.3633333333335
74,1993,5,Karnataka,Dharwad,2.86,1.69,591.0,484.0,409.0,323.0,405.3333333333333,0.22107438016528924,1.88,610.7272727272727
74,1994,5,Karnataka,Dharwad,2.67,1.0,375.0,591.0,484.0,409.0,494.6666666666667,-0.36548223350253806,2.86,423.27272727272725
74,1995,5,Karnataka,Dharwad,1.21,0.66,545.0,375.0,591.0,484.0,483.3333333333333,0.45333333333333337,2.67,616.3636363636364
74,1996,5,Karnataka,Dharwad,1.56,0.82,526.0,545.0,375.0,591.0,503.6666666666667,-0.034862385321100864,1.21,616.8181818181819
74,1997,5,Karnataka,Dharwad,1.58,0.56,354.0,526.0,545.0,375.0,482.0,-0.3269961977186312,1.56,404.27272727272725
74,2012,5,Karnataka,Dharwad,0.02,0.02,1000.0,354.0,526.0,545.0,475.0,1.824858757062147,1.58,988.1
74,2013,5,Karnataka,Dharwad,0.01,0.01,1000.0,1000.0,354.0,526.0,626.6666666666666,0.0,0.02,1081.0555555555557
74,2014,5,Karnataka,Dharwad,0.01,0.01,1000.0,1000.0,1000.0,354.0,784.6666666666666,0.0,0.01,981.625
74,2018,5,Karnataka,Dharwad,0.05,0.06,1019.0,1000.0,1000.0,1000.0,1000.0,0.018999999999999906,0.01,968.64
74,2019,5,Karnataka,Dharwad,0.08,0.08,1093.0,1019.0,1000.0,1000.0,1006.3333333333334,0.07262021589793921,0.05,1106.3633333333335
75,1993,5,Karnataka,Belgaum,44.44,16.46,370.0,202.0,302.0,177.0,227.0,0.8316831683168318,45.44,610.7272727272727
75,1994,5,Karnataka,Belgaum,44.22,13.05,295.0,370.0,202.0,302.0,291.3333333333333,-0.20270270270270274,44.44,423.27272727272725
75,1995,5,Karnataka,Belgaum,36.3,7.96,219.0,295.0,370.0,202.0,289.0,-0.25762711864406784,44.22,616.3636363636364
75,1996,5,Karnataka,Belgaum,40.59,12.05,297.0,219.0,295.0,370.0,294.6666666666667,0.3561643835616439,36.3,616.8181818181819
75,1997,5,Karnataka,Belgaum,34.92,5.67,162.0,297.0,219.0,295.0,270.3333333333333,-0.4545454545454546,40.59,404.27272727272725
75,1998,5,Karnataka,Belgaum,30.89,8.9,288.0,162.0,297.0,219.0,226.0,0.7777777777777777,34.92,622.6
75,1999,5,Karnataka,Belgaum,40.3,14.08,349.0,288.0,162.0,297.0,249.0,0.21180555555555558,30.89,539.5
75,2000,5,Karnataka,Belgaum,42.3,18.0,426.0,349.0,288.0,162.0,266.3333333333333,0.22063037249283668,40.3,851.5
75,2001,5,Karnataka,Belgaum,11.31,3.17,280.0,426.0,349.0,288.0,354.3333333333333,-0.34272300469483563,42.3,511.5
75,2002,5,Karnataka,Belgaum,20.99,2.82,134.0,280.0,426.0,349.0,351.6666666666667,-0.5214285714285714,11.31,432.3125
75,2003,5,Karnataka,Belgaum,5.93,1.06,179.0,134.0,280.0,426.0,280.0,0.33582089552238803,20.99,547.0666666666667
75,2004,5,Karnataka,Belgaum,40.73,20.51,504.0,179.0,134.0,280.0,197.66666666666666,1.8156424581005588,5.93,593.7333333333333
75,2005,5,Karnataka,Belgaum,27.55,10.73,389.0,504.0,179.0,134.0,272.3333333333333,-0.22817460317460314,40.73,812.8125
75,2006,5,Karnataka,Belgaum,30.04,9.57,319.0,389.0,504.0,179.0,357.3333333333333,-0.17994858611825193,27.55,492.8
75,2007,5,Karnataka,Belgaum,36.17,17.34,479.0,319.0,389.0,504.0,404.0,0.5015673981191222,30.04,896.9333333333333
75,2008,5,Karnataka,Belgaum,14.13,5.75,407.0,479.0,319.0,389.0,395.6666666666667,-0.1503131524008351,36.17,644.4285714285714
75,2009,5,Karnataka,Belgaum,24.31,6.29,259.0,407.0,479.0,319.0,401.6666666666667,-0.36363636363636365,14.13,475.3076923076923
75,2010,5,Karnataka,Belgaum,19.15,12.52,654.0,259.0,407.0,479.0,381.6666666666667,1.525096525096525,24.31,1009.0
75,2011,5,Karnataka,Belgaum,12.46,5.52,443.0,654.0,259.0,407.0,440.0,-0.32262996941896027,19.15,867.625
75,2012,5,Karnataka,Belgaum,7.58,2.66,351.0,443.0,654.0,259.0,452.0,-0.20767494356659144,12.46,988.1
75,2013,5,Karnataka,Belgaum,12.44,8.2,659.0,351.0,443.0,654.0,482.6666666666667,0.8774928774928774,7.58,1081.0555555555557
75,2014,5,Karnataka,Belgaum,9.26,6.15,664.0,659.0,351.0,443.0,484.3333333333333,0.007587253414264028,12.44,981.625
75,2015,5,Karnataka,Belgaum,4.54,1.69,372.0,664.0,659.0,351.0,558.0,-0.43975903614457834,9.26,714.4705882352941
75,2016,5,Karnataka,Belgaum,10.2,6.19,607.0,372.0,664.0,659.0,565.0,0.631720430107527,4.54,919.8888888888889
75,2017,5,Karnataka,Belgaum,7.78,9.42,1210.0,607.0,372.0,664.0,547.6666666666666,0.9934102141680394,10.2,1521.235294117647
75,2018,5,Karnataka,Belgaum,9.03,9.92,1098.0,1210.0,607.0,372.0,729.6666666666666,-0.09256198347107436,7.78,968.64
75,2019,5,Karnataka,Belgaum,19.15,20.83,1088.0,1098.0,1210.0,607.0,971.6666666666666,-0.00910746812386154,9.03,1106.3633333333335
76,1993,5,Karnataka,Bijapur,74.79,53.11,710.0,575.0,524.0,519.0,539.3333333333334,0.23478260869565215,128.61,610.7272727272727
76,1994,5,Karnataka,Bijapur,85.0,33.81,398.0,710.0,575.0,524.0,603.0,-0.43943661971830983,74.79,423.27272727272725
76,1995,5,Karnataka,Bijapur,137.8,94.99,689.0,398.0,710.0,575.0,561.0,0.7311557788944723,85.0,616.3636363636364
76,1996,5,Karnataka,Bijapur,157.1,114.35,728.0,689.0,398.0,710.0,599.0,0.05660377358490565,137.8,616.8181818181819
76,1997,5,Karnataka,Bijapur,94.76,40.78,430.0,728.0,689.0,398.0,605.0,-0.40934065934065933,157.1,404.27272727272725
76,1998,5,Karnataka,Bijapur,88.69,64.61,728.0,430.0,728.0,689.0,615.6666666666666,0.6930232558139535,94.76,622.6
76,1999,5,Karnataka,Bijapur,114.01,73.69,646.0,728.0,430.0,728.0,628.6666666666666,-0.11263736263736268,88.69,539.5
76,2000,5,Karnataka,Bijapur,111.7,90.0,806.0,646.0,728.0,430.0,601.3333333333334,0.24767801857585137,114.01,851.5
76,2001,5,Karnataka,Bijapur,10.3,5.44,528.0,806.0,646.0,728.0,726.6666666666666,-0.3449131513647643,111.7,511.5
76,2002,5,Karnataka,Bijapur,55.61,22.68,408.0,528.0,806.0,646.0,660.0,-0.2272727272727273,10.3,432.3125
76,2003,5,Karnataka,Bijapur,36.57,21.15,578.0,408.0,528.0,806.0,580.6666666666666,0.41666666666666674,55.61,547.0666666666667
76,2004,5,Karnataka,Bijapur,97.63,64.62,662.0,578.0,408.0,528.0,504.6666666666667,0.1453287197231834,36.57,593.7333333333333
76,2005,5,Karnataka,Bijapur,83.07,52.47,632.0,662.0,578.0,408.0,549.3333333333334,-0.0453172205438066,97.63,812.8125
76,2006,5,Karnataka,Bijapur,95.66,44.25,463.0,632.0,662.0,578.0,624.0,-0.2674050632911392,83.07,492.8
76,2007,5,Karnataka,Bijapur,116.37,74.32,639.0,463.0,632.0,662.0,585.6666666666666,0.3801295896328294,95.66,896.9333333333333
76,2008,5,Karnataka,Bijapur,33.18,18.52,558.0,639.0,463.0,632.0,578.0,-0.12676056338028174,116.37,644.4285714285714
76,2009,5,Karnataka,Bijapur,62.06,28.25,455.0,558.0,639.0,463.0,553.3333333333334,-0.1845878136200717,33.18,475.3076923076923
76,2010,5,Karnataka,Bijapur,65.45,52.29,799.0,455.0,558.0,639.0,550.6666666666666,0.756043956043956,62.06,1009.0
76,2011,5,Karnataka,Bijapur,60.05,51.17,852.0,799.0,455.0,558.0,604.0,0.06633291614518155,65.45,867.625
76,2012,5,Karnataka,Bijapur,55.44,51.98,938.0,852.0,799.0,455.0,702.0,0.10093896713615025,60.05,988.1
76,2013,5,Karnataka,Bijapur,69.83,75.69,1084.0,938.0,852.0,799.0,863.0,0.15565031982942434,55.44,1081.0555555555557
76,2014,5,Karnataka,Bijapur,48.81,37.28,764.0,1084.0,938.0,852.0,958.0,-0.2952029520295203,69.83,981.625
76,2015,5,Karnataka,Bijapur,20.16,5.73,284.0,764.0,1084.0,938.0,928.6666666666666,-0.6282722513089005,48.81,714.4705882352941
76,2016,5,Karnataka,Bijapur,43.15,49.19,1140.0,284.0,764.0,1084.0,710.6666666666666,3.014084507042254,20.16,919.8888888888889
76,2017,5,Karnataka,Bijapur,25.75,23.22,902.0,1140.0,284.0,764.0,729.3333333333334,-0.2087719298245614,43.15,1521.235294117647
76,2018,5,Karnataka,Bijapur,19.37,14.58,752.0,902.0,1140.0,284.0,775.3333333333334,-0.16629711751662968,25.75,968.64
76,2019,5,Karnataka,Bijapur,50.1,31.38,626.0,752.0,902.0,1140.0,931.3333333333334,-0.16755319148936165,19.37,1106.3633333333335
77,1993,5,Karnataka,Bidar,12.81,7.66,598.0,324.0,343.0,308.0,325.0,0.845679012345679,12.83,610.7272727272727
77,1994,5,Karnataka,Bidar,15.55,5.53,356.0,598.0,324.0,343.0,421.6666666666667,-0.4046822742474916,12.81,423.27272727272725
77,1995,5,Karnataka,Bidar,15.11,8.45,559.0,356.0,598.0,324.0,426.0,0.5702247191011236,15.55,616.3636363636364
77,1996,5,Karnataka,Bidar,16.02,9.82,613.0,559.0,356.0,598.0,504.3333333333333,0.09660107334525936,15.11,616.8181818181819
77,1997,5,Karnataka,Bidar,14.76,9.5,644.0,613.0,559.0,356.0,509.3333333333333,0.05057096247960846,16.02,404.27272727272725
77,1998,5,Karnataka,Bidar,13.99,6.4,457.0,644.0,613.0,559.0,605.3333333333334,-0.29037267080745344,14.76,622.6
77,1999,5,Karnataka,Bidar,8.69,6.72,773.0,457.0,644.0,613.0,571.3333333333334,0.6914660831509847,13.99,539.5
77,2000,5,Karnataka,Bidar,9.8,7.0,714.0,773.0,457.0,644.0,624.6666666666666,-0.07632600258732214,8.69,851.5
77,2001,5,Karnataka,Bidar,8.67,5.04,581.0,714.0,773.0,457.0,648.0,-0.18627450980392157,9.8,511.5
77,2002,5,Karnataka,Bidar,8.36,6.23,745.0,581.0,714.0,773.0,689.3333333333334,0.28227194492254726,8.67,432.3125
77,2003,5,Karnataka,Bidar,10.04,9.8,976.0,745.0,581.0,714.0,680.0,0.3100671140939597,8.36,547.0666666666667
77,2004,5,Karnataka,Bidar,8.91,7.74,869.0,976.0,745.0,581.0,767.3333333333334,-0.10963114754098358,10.04,593.7333333333333
77,2005,5,Karnataka,Bidar,9.58,6.05,632.0,869.0,976.0,745.0,863.3333333333334,-0.2727272727272727,8.91,812.8125
77,2006,5,Karnataka,Bidar,9.43,7.83,830.0,632.0,869.0,976.0,825.6666666666666,0.3132911392405062,9.58,492.8
77,2007,5,Karnataka,Bidar,8.08,8.46,1047.0,830.0,632.0,869.0,777.0,0.2614457831325301,9.43,896.9333333333333
77,2008,5,Karnataka,Bidar,7.22,7.07,979.0,1047.0,830.0,632.0,836.3333333333334,-0.06494746895893033,8.08,644.4285714285714
77,2009,5,Karnataka,Bidar,7.94,4.38,552.0,979.0,1047.0,830.0,952.0,-0.43615934627170583,7.22,475.3076923076923
77,2010,5,Karnataka,Bidar,6.72,4.97,740.0,552.0,979.0,1047.0,859.3333333333334,0.3405797101449275,7.94,1009.0
77,2011,5,Karnataka,Bidar,6.41,5.65,881.0,740.0,552.0,979.0,757.0,0.19054054054054048,6.72,867.625
77,2012,5,Karnataka,Bidar,5.11,5.77,1129.0,881.0,740.0,552.0,724.3333333333334,0.2814982973893303,6.41,988.1
77,2013,5,Karnataka,Bidar,2.94,3.36,1143.0,1129.0,881.0,740.0,916.6666666666666,0.01240035429583708,5.11,1081.0555555555557
77,2014,5,Karnataka,Bidar,3.72,3.74,1005.0,1143.0,1129.0,881.0,1051.0,-0.12073490813648291,2.94,981.625
77,2015,5,Karnataka,Bidar,5.35,3.77,705.0,1005.0,1143.0,1129.0,1092.3333333333333,-0.29850746268656714,3.72,714.4705882352941
77,2016,5,Karnataka,Bidar,1.88,1.25,667.0,705.0,1005.0,1143.0,951.0,-0.05390070921985812,5.35,919.8888888888889
77,2017,5,Karnataka,Bidar,2.29,3.32,1451.0,667.0,705.0,1005.0,792.3333333333334,1.1754122938530736,1.88,1521.235294117647
77,2018,5,Karnataka,Bidar,0.41,0.31,763.0,1451.0,667.0,705.0,941.0,-0.47415575465196413,2.29,968.64
77,2019,5,Karnataka,Bidar,2.08,2.04,980.0,763.0,1451.0,667.0,960.3333333333334,0.2844036697247707,0.41,1106.3633333333335
78,1993,5,Karnataka,Raichur,83.92,44.05,525.0,726.0,465.0,549.0,580.0,-0.27685950413223137,87.18,610.7272727272727
78,1994,5,Karnataka,Raichur,77.77,24.72,318.0,525.0,726.0,465.0,572.0,-0.39428571428571424,83.92,423.27272727272725
78,1995,5,Karnataka,Raichur,106.63,80.73,757.0,318.0,525.0,726.0,523.0,1.3805031446540879,77.77,616.3636363636364
78,1996,5,Karnataka,Raichur,102.32,55.08,538.0,757.0,318.0,525.0,533.3333333333334,-0.2892998678996037,106.63,616.8181818181819
78,1997,5,Karnataka,Raichur,68.3,26.78,392.0,538.0,757.0,318.0,537.6666666666666,-0.27137546468401486,102.32,404.27272727272725
78,1998,5,Karnataka,Raichur,65.72,42.54,647.0,392.0,538.0,757.0,562.3333333333334,0.6505102040816326,68.3,622.6
78,1999,5,Karnataka,Raichur,54.07,21.83,404.0,647.0,392.0,538.0,525.6666666666666,-0.37557959814528596,65.72,539.5
78,2000,5,Karnataka,Raichur,75.8,44.0,580.0,404.0,647.0,392.0,481.0,0.4356435643564356,54.07,851.5
78,2001,5,Karnataka,Raichur,41.82,12.9,308.0,580.0,404.0,647.0,543.6666666666666,-0.46896551724137936,75.8,511.5
78,2002,5,Karnataka,Raichur,63.59,18.37,289.0,308.0,580.0,404.0,430.6666666666667,-0.06168831168831168,41.82,432.3125
78,2003,5,Karnataka,Raichur,69.56,29.99,431.0,289.0,308.0,580.0,392.3333333333333,0.4913494809688581,63.59,547.0666666666667
78,2004,5,Karnataka,Raichur,74.85,32.86,439.0,431.0,289.0,308.0,342.6666666666667,0.018561484918793614,69.56,593.7333333333333
78,2005,5,Karnataka,Raichur,68.06,69.3,1018.0,439.0,431.0,289.0,386.3333333333333,1.3189066059225514,74.85,812.8125
78,2006,5,Karnataka,Raichur,57.4,17.72,309.0,1018.0,439.0,431.0,629.3333333333334,-0.6964636542239686,68.06,492.8
78,2007,5,Karnataka,Raichur,62.08,43.22,696.0,309.0,1018.0,439.0,588.6666666666666,1.2524271844660193,57.4,896.9333333333333
78,2008,5,Karnataka,Raichur,53.51,36.29,678.0,696.0,309.0,1018.0,674.3333333333334,-0.025862068965517238,62.08,644.4285714285714
78,2009,5,Karnataka,Raichur,55.94,24.2,433.0,678.0,696.0,309.0,561.0,-0.3613569321533924,53.51,475.3076923076923
78,2010,5,Karnataka,Raichur,53.89,62.93,1168.0,433.0,678.0,696.0,602.3333333333334,1.6974595842956122,55.94,1009.0
78,2011,5,Karnataka,Raichur,46.22,36.98,800.0,1168.0,433.0,678.0,759.6666666666666,-0.31506849315068497,53.89,867.625
78,2012,5,Karnataka,Raichur,52.36,51.28,979.0,800.0,1168.0,433.0,800.3333333333334,0.2237499999999999,46.22,988.1
78,2013,5,Karnataka,Raichur,51.0,56.88,1115.0,979.0,800.0,1168.0,982.3333333333334,0.13891726251276815,52.36,1081.0555555555557
78,2014,5,Karnataka,Raichur,46.28,33.81,731.0,1115.0,979.0,800.0,964.6666666666666,-0.34439461883408073,51.0,981.625
78,2015,5,Karnataka,Raichur,37.04,28.48,769.0,731.0,1115.0,979.0,941.6666666666666,0.051983584131326976,46.28,714.4705882352941
78,2016,5,Karnataka,Raichur,51.81,74.64,1441.0,769.0,731.0,1115.0,871.6666666666666,0.8738621586475943,37.04,919.8888888888889
78,2017,5,Karnataka,Raichur,39.71,52.96,1334.0,1441.0,769.0,731.0,980.3333333333334,-0.07425399028452462,51.81,1521.235294117647
78,2018,5,Karnataka,Raichur,47.02,43.35,922.0,1334.0,1441.0,769.0,1181.3333333333333,-0.3088455772113943,39.71,968.64
78,2019,5,Karnataka,Raichur,57.47,65.27,1136.0,922.0,1334.0,1441.0,1232.3333333333333,0.23210412147505433,47.02,1106.3633333333335
79,1993,5,Karnataka,Gulbarga,59.66,47.36,794.0,662.0,450.0,571.0,561.0,0.19939577039274914,69.12,610.7272727272727
79,1994,5,Karnataka,Gulbarga,47.09,30.18,641.0,794.0,662.0,450.0,635.3333333333334,-0.1926952141057935,59.66,423.27272727272725
79,1995,5,Karnataka,Gulbarga,77.19,57.93,750.0,641.0,794.0,662.0,699.0,0.17004680187207488,47.09,616.3636363636364
79,1996,5,Karnataka,Gulbarga,70.54,55.67,789.0,750.0,641.0,794.0,728.3333333333334,0.052000000000000046,77.19,616.8181818181819
79,1997,5,Karnataka,Gulbarga,66.83,39.48,591.0,789.0,750.0,641.0,726.6666666666666,-0.25095057034220536,70.54,404.27272727272725
79,1998,5,Karnataka,Gulbarga,74.63,47.74,640.0,591.0,789.0,750.0,710.0,0.08291032148900168,66.83,622.6
79,1999,5,Karnataka,Gulbarga,82.67,59.53,720.0,640.0,591.0,789.0,673.3333333333334,0.125,74.63,539.5
79,2000,5,Karnataka,Gulbarga,86.3,77.0,892.0,720.0,640.0,591.0,650.3333333333334,0.23888888888888893,82.67,851.5
79,2001,5,Karnataka,Gulbarga,59.72,41.75,699.0,892.0,720.0,640.0,750.6666666666666,-0.21636771300448432,86.3,511.5
79,2002,5,Karnataka,Gulbarga,60.13,45.77,761.0,699.0,892.0,720.0,770.3333333333334,0.08869814020028621,59.72,432.3125
79,2003,5,Karnataka,Gulbarga,72.38,52.14,720.0,761.0,699.0,892.0,784.0,-0.053876478318002574,60.13,547.0666666666667
79,2004,5,Karnataka,Gulbarga,68.82,54.24,788.0,720.0,761.0,699.0,726.6666666666666,0.09444444444444455,72.38,593.7333333333333
79,2005,5,Karnataka,Gulbarga,72.67,70.44,969.0,788.0,720.0,761.0,756.3333333333334,0.22969543147208116,68.82,812.8125
79,2006,5,Karnataka,Gulbarga,65.64,43.05,656.0,969.0,788.0,720.0,825.6666666666666,-0.32301341589267285,72.67,492.8
79,2007,5,Karnataka,Gulbarga,61.87,48.53,784.0,656.0,969.0,788.0,804.3333333333334,0.19512195121951215,65.64,896.9333333333333
79,2008,5,Karnataka,Gulbarga,52.7,41.96,796.0,784.0,656.0,969.0,803.0,0.015306122448979664,61.87,644.4285714285714
79,2009,5,Karnataka,Gulbarga,36.23,20.68,571.0,796.0,784.0,656.0,745.3333333333334,-0.28266331658291455,52.7,475.3076923076923
79,2010,5,Karnataka,Gulbarga,18.88,15.67,830.0,571.0,796.0,784.0,717.0,0.4535901926444834,36.23,1009.0
79,2011,5,Karnataka,Gulbarga,20.94,16.37,782.0,830.0,571.0,796.0,732.3333333333334,-0.05783132530120483,18.88,867.625
79,2012,5,Karnataka,Gulbarga,15.57,16.96,1089.0,782.0,830.0,571.0,727.6666666666666,0.3925831202046035,20.94,988.1
79,2013,5,Karnataka,Gulbarga,14.9,19.87,1334.0,1089.0,782.0,830.0,900.3333333333334,0.22497704315886136,15.57,1081.0555555555557
79,2014,5,Karnataka,Gulbarga,15.64,18.22,1165.0,1334.0,1089.0,782.0,1068.3333333333333,-0.12668665667166412,14.9,981.625
79,2015,5,Karnataka,Gulbarga,4.89,3.18,650.0,1165.0,1334.0,1089.0,1196.0,-0.4420600858369099,15.64,714.4705882352941
79,2016,5,Karnataka,Gulbarga,12.13,17.76,1464.0,650.0,1165.0,1334.0,1049.6666666666667,1.2523076923076921,4.89,919.8888888888889
79,2017,5,Karnataka,Gulbarga,7.48,19.85,2653.0,1464.0,650.0,1165.0,1093.0,0.8121584699453552,12.13,1521.235294117647
79,2018,5,Karnataka,Gulbarga,1.68,2.96,1760.0,2653.0,1464.0,650.0,1589.0,-0.33660007538635506,7.48,968.64
79,2019,5,Karnataka,Gulbarga,7.55,12.7,1683.0,1760.0,2653.0,1464.0,1959.0,-0.043749999999999956,1.68,1106.3633333333335
83,1993,11,Tamil Nadu,Kancheepuram,3.0,5.0,1667.0,1978.0,1649.0,1982.0,1869.6666666666667,-0.15722952477249752,1.39,1526.9375
83,1994,11,Tamil Nadu,Kancheepuram,0.91,1.73,1901.0,1667.0,1978.0,1649.0,1764.6666666666667,0.140371925614877,3.0,1371.2380952380952
83,1995,11,Tamil Nadu,Kancheepuram,0.9,2.02,2244.0,1901.0,1667.0,1978.0,1848.6666666666667,0.180431351920042,0.91,1302.4
83,1999,11,Tamil Nadu,Kancheepuram,0.01,0.02,2000.0,2244.0,1901.0,1667.0,1937.3333333333333,-0.10873440285204994,0.9,1686.5416666666667
83,2000,11,Tamil Nadu,Kancheepuram,0.04,0.1,2500.0,2000.0,2244.0,1901.0,2048.3333333333335,0.25,0.01,1490.8333333333333
83,2001,11,Tamil Nadu,Kancheepuram,0.05,0.11,2200.0,2500.0,2000.0,2244.0,2248.0,-0.12,0.04,1411.7083333333333
83,2002,11,Tamil Nadu,Kancheepuram,0.03,0.05,1667.0,2200.0,2500.0,2000.0,2233.3333333333335,-0.2422727272727273,0.05,1024.6818181818182
83,2003,11,Tamil Nadu,Kancheepuram,0.22,0.29,1318.0,1667.0,2200.0,2500.0,2122.3333333333335,-0.2093581283743251,0.03,1060.8
83,2004,11,Tamil Nadu,Kancheepuram,0.03,0.04,1333.0,1318.0,1667.0,2200.0,1728.3333333333333,0.011380880121396153,0.22,1259.4615384615386
83,2005,11,Tamil Nadu,Kancheepuram,0.01,0.03,3000.0,1333.0,1318.0,1667.0,1439.3333333333333,1.2505626406601649,0.03,1316.625
83,2006,11,Tamil Nadu,Kancheepuram,0.03,0.07,2333.0,3000.0,1333.0,1318.0,1883.6666666666667,-0.22233333333333338,0.01,1589.5652173913043
83,2007,11,Tamil Nadu,Kancheepuram,0.03,0.08,2667.0,2333.0,3000.0,1333.0,2222.0,0.1431633090441491,0.03,1603.8695652173913
83,2010,11,Tamil Nadu,Kancheepuram,0.04,0.06,1500.0,2667.0,2333.0,3000.0,2666.6666666666665,-0.437570303712036,0.03,1499.9583333333333
83,2011,11,Tamil Nadu,Kancheepuram,0.06,0.13,2167.0,1500.0,2667.0,2333.0,2166.6666666666665,0.44466666666666677,0.04,2250.72
83,2012,11,Tamil Nadu,Kancheepuram,0.03,0.05,1667.0,2167.0,1500.0,2667.0,2111.3333333333335,-0.23073373327180435,0.06,1478.6153846153845
83,2013,11,Tamil Nadu,Kancheepuram,0.07,0.16,2286.0,1667.0,2167.0,1500.0,1778.0,0.37132573485302944,0.03,2170.25
83,2014,11,Tamil Nadu,Kancheepuram,0.02,0.06,3000.0,2286.0,1667.0,2167.0,2040.0,0.3123359580052494,0.07,3069.8846153846152
83,2016,11,Tamil Nadu,Kancheepuram,0.1,0.21,2124.0,3000.0,2286.0,1667.0,2317.6666666666665,-0.29200000000000004,0.02,2170.375
83,2017,11,Tamil Nadu,Kancheepuram,0.04,0.1,2209.0,2124.0,3000.0,2286.0,2470.0,0.040018832391713666,0.1,2231.28
83,2018,11,Tamil Nadu,Kancheepuram,0.01,0.02,2556.0,2209.0,2124.0,3000.0,2444.3333333333335,0.15708465368945235,0.04,2474.84
84,1993,11,Tamil Nadu,South Arcot Cuddalore,76.0,115.0,1513.0,1212.0,1174.0,1080.0,1155.3333333333333,0.24834983498349827,84.32,1526.9375
84,1994,11,Tamil Nadu,South Arcot Cuddalore,13.28,22.81,1718.0,1513.0,1212.0,1174.0,1299.6666666666667,0.13549239920687373,76.0,1371.2380952380952
84,1995,11,Tamil Nadu,South Arcot Cuddalore,11.49,14.71,1280.0,1718.0,1513.0,1212.0,1481.0,-0.25494761350407447,13.28,1302.4
84,1996,11,Tamil Nadu,South Arcot Cuddalore,9.65,19.41,2011.0,1280.0,1718.0,1513.0,1503.6666666666667,0.57109375,11.49,1290.76
84,1997,11,Tamil Nadu,South Arcot Cuddalore,6.18,15.12,2447.0,2011.0,1280.0,1718.0,1669.6666666666667,0.2168075584286424,9.65,1471.1363636363637
84,1998,11,Tamil Nadu,South Arcot Cuddalore,9.31,16.83,1808.0,2447.0,2011.0,1280.0,1912.6666666666667,-0.2611360850020433,6.18,1540.1818181818182
84,1999,11,Tamil Nadu,South Arcot Cuddalore,6.47,10.22,1580.0,1808.0,2447.0,2011.0,2088.6666666666665,-0.12610619469026552,9.31,1686.5416666666667
84,2000,11,Tamil Nadu,South Arcot Cuddalore,4.28,8.51,1988.0,1580.0,1808.0,2447.0,1945.0,0.25822784810126587,6.47,1490.8333333333333
84,2001,11,Tamil Nadu,South Arcot Cuddalore,4.08,10.05,2463.0,1988.0,1580.0,1808.0,1792.0,0.23893360160965793,4.28,1411.7083333333333
84,2002,11,Tamil Nadu,South Arcot Cuddalore,2.71,4.83,1782.0,2463.0,1988.0,1580.0,2010.3333333333333,-0.27649208282582216,4.08,1024.6818181818182
84,2003,11,Tamil Nadu,South Arcot Cuddalore,4.75,7.08,1491.0,1782.0,2463.0,1988.0,2077.6666666666665,-0.16329966329966328,2.71,1060.8
84,2004,11,Tamil Nadu,South Arcot Cuddalore,3.18,4.64,1459.0,1491.0,1782.0,2463.0,1912.0,-0.021462105969148215,4.75,1259.4615384615386
84,2005,11,Tamil Nadu,South Arcot Cuddalore,1.53,2.07,1353.0,1459.0,1491.0,1782.0,1577.3333333333333,-0.07265250171350235,3.18,1316.625
84,2006,11,Tamil Nadu,South Arcot Cuddalore,1.28,1.61,1258.0,1353.0,1459.0,1491.0,1434.3333333333333,-0.07021433850702141,1.53,1589.5652173913043
84,2007,11,Tamil Nadu,South Arcot Cuddalore,1.71,2.81,1643.0,1258.0,1353.0,1459.0,1356.6666666666667,0.3060413354531002,1.28,1603.8695652173913
84,2008,11,Tamil Nadu,South Arcot Cuddalore,1.84,2.91,1582.0,1643.0,1258.0,1353.0,1418.0,-0.03712720632988431,1.71,1738.4166666666667
84,2009,11,Tamil Nadu,South Arcot Cuddalore,2.06,6.14,2981.0,1582.0,1643.0,1258.0,1494.3333333333333,0.8843236409608091,1.84,1623.92
84,2010,11,Tamil Nadu,South Arcot Cuddalore,1.73,3.62,2092.0,2981.0,1582.0,1643.0,2068.6666666666665,-0.2982220731298222,2.06,1499.9583333333333
84,2011,11,Tamil Nadu,South Arcot Cuddalore,1.78,5.25,2949.0,2092.0,2981.0,1582.0,2218.3333333333335,0.4096558317399617,1.73,2250.72
84,2012,11,Tamil Nadu,South Arcot Cuddalore,2.5,5.96,2384.0,2949.0,2092.0,2981.0,2674.0,-0.1915903696168193,1.78,1478.6153846153845
84,2013,11,Tamil Nadu,South Arcot Cuddalore,3.56,8.33,2340.0,2384.0,2949.0,2092.0,2475.0,-0.01845637583892612,2.5,2170.25
84,2014,11,Tamil Nadu,South Arcot Cuddalore,3.36,11.1,3304.0,2340.0,2384.0,2949.0,2557.6666666666665,0.41196581196581206,3.56,3069.8846153846152
84,2015,11,Tamil Nadu,South Arcot Cuddalore,3.49,10.34,2963.0,3304.0,2340.0,2384.0,2676.0,-0.10320823244552058,3.36,2671.75
84,2016,11,Tamil Nadu,South Arcot Cuddalore,4.24,17.15,4043.0,2963.0,3304.0,2340.0,2869.0,0.3644954438069523,3.49,2170.375
84,2017,11,Tamil Nadu,South Arcot Cuddalore,5.22,19.88,3811.0,4043.0,2963.0,3304.0,3436.6666666666665,-0.057383131338115234,4.24,2231.28
84,2018,11,Tamil Nadu,South Arcot Cuddalore,3.62,12.02,3322.0,3811.0,4043.0,2963.0,3605.6666666666665,-0.12831277879821568,5.22,2474.84
84,2019,11,Tamil Nadu,South Arcot Cuddalore,4.03,14.13,3504.0,3322.0,3811.0,4043.0,3725.3333333333335,0.054786273329319624,3.62,2837.84
85,1993,11,Tamil Nadu,North Arcot Vellore,8.0,15.0,1875.0,1446.0,1932.0,1240.0,1539.3333333333333,0.29668049792531126,4.62,1526.9375
85,1994,11,Tamil Nadu,North Arcot Vellore,2.24,3.89,1737.0,1875.0,1446.0,1932.0,1751.0,-0.0736,8.0,1371.2380952380952
85,1995,11,Tamil Nadu,North Arcot Vellore,2.11,3.54,1678.0,1737.0,1875.0,1446.0,1686.0,-0.0339666090961428,2.24,1302.4
85,1996,11,Tamil Nadu,North Arcot Vellore,1.89,3.31,1751.0,1678.0,1737.0,1875.0,1763.3333333333333,0.04350417163289633,2.11,1290.76
85,1997,11,Tamil Nadu,North Arcot Vellore,1.51,2.08,1377.0,1751.0,1678.0,1737.0,1722.0,-0.21359223300970875,1.89,1471.1363636363637
85,1998,11,Tamil Nadu,North Arcot Vellore,4.02,7.0,1741.0,1377.0,1751.0,1678.0,1602.0,0.2643427741466957,1.51,1540.1818181818182
85,1999,11,Tamil Nadu,North Arcot Vellore,3.9,6.2,1590.0,1741.0,1377.0,1751.0,1623.0,-0.08673176335439403,4.02,1686.5416666666667
85,2000,11,Tamil Nadu,North Arcot Vellore,3.51,7.97,2271.0,1590.0,1741.0,1377.0,1569.3333333333333,0.42830188679245285,3.9,1490.8333333333333
85,2001,11,Tamil Nadu,North Arcot Vellore,3.43,5.0,1458.0,2271.0,1590.0,1741.0,1867.3333333333333,-0.3579920739762219,3.51,1411.7083333333333
85,2002,11,Tamil Nadu,North Arcot Vellore,3.45,3.13,907.0,1458.0,2271.0,1590.0,1773.0,-0.377914951989026,3.43,1024.6818181818182
85,2003,11,Tamil Nadu,North Arcot Vellore,3.44,3.49,1015.0,907.0,1458.0,2271.0,1545.3333333333333,0.11907386990077184,3.45,1060.8
85,2004,11,Tamil Nadu,North Arcot Vellore,4.52,4.93,1091.0,1015.0,907.0,1458.0,1126.6666666666667,0.07487684729064048,3.44,1259.4615384615386
85,2005,11,Tamil Nadu,North Arcot Vellore,2.88,3.12,1083.0,1091.0,1015.0,907.0,1004.3333333333334,-0.007332722273143855,4.52,1316.625
85,2006,11,Tamil Nadu,North Arcot Vellore,2.33,2.66,1142.0,1083.0,1091.0,1015.0,1063.0,0.05447830101569706,2.88,1589.5652173913043
85,2007,11,Tamil Nadu,North Arcot Vellore,2.09,3.8,1818.0,1142.0,1083.0,1091.0,1105.3333333333333,0.5919439579684764,2.33,1603.8695652173913
85,2008,11,Tamil Nadu,North Arcot Vellore,1.92,1.44,750.0,1818.0,1142.0,1083.0,1347.6666666666667,-0.5874587458745875,2.09,1738.4166666666667
85,2009,11,Tamil Nadu,North Arcot Vellore,1.83,2.35,1284.0,750.0,1818.0,1142.0,1236.6666666666667,0.712,1.92,1623.92
85,2010,11,Tamil Nadu,North Arcot Vellore,1.86,1.7,914.0,1284.0,750.0,1818.0,1284.0,-0.2881619937694704,1.83,1499.9583333333333
85,2011,11,Tamil Nadu,North Arcot Vellore,1.99,3.74,1879.0,914.0,1284.0,750.0,982.6666666666666,1.0557986870897156,1.86,2250.72
85,2012,11,Tamil Nadu,North Arcot Vellore,1.88,5.28,2809.0,1879.0,914.0,1284.0,1359.0,0.49494411921234693,1.99,1478.6153846153845
85,2013,11,Tamil Nadu,North Arcot Vellore,1.83,4.61,2519.0,2809.0,1879.0,914.0,1867.3333333333333,-0.10323958704165181,1.88,2170.25
85,2014,11,Tamil Nadu,North Arcot Vellore,2.13,10.06,4723.0,2519.0,2809.0,1879.0,2402.3333333333335,0.8749503771337832,1.83,3069.8846153846152
85,2015,11,Tamil Nadu,North Arcot Vellore,2.57,12.25,4767.0,4723.0,2519.0,2809.0,3350.3333333333335,0.00931611264027099,2.13,2671.75
85,2016,11,Tamil Nadu,North Arcot Vellore,2.46,6.99,2840.0,4767.0,4723.0,2519.0,4003.0,-0.4042374659114747,2.57,2170.375
85,2017,11,Tamil Nadu,North Arcot Vellore,1.35,3.54,2619.0,2840.0,4767.0,4723.0,4110.0,-0.07781690140845066,2.46,2231.28
85,2018,11,Tamil Nadu,North Arcot Vellore,1.92,4.41,2301.0,2619.0,2840.0,4767.0,3408.6666666666665,-0.12142038946162659,1.35,2474.84
85,2019,11,Tamil Nadu,North Arcot Vellore,1.3,4.0,3080.0,2301.0,2619.0,2840.0,2586.6666666666665,0.338548457192525,1.92,2837.84
86,1993,11,Tamil Nadu,Salem,14.0,23.0,1643.0,1760.0,1529.0,1471.0,1586.6666666666667,-0.06647727272727277,10.31,1526.9375
86,1994,11,Tamil Nadu,Salem,8.72,17.36,1991.0,1643.0,1760.0,1529.0,1644.0,0.21180766889835656,14.0,1371.2380952380952
86,1995,11,Tamil Nadu,Salem,10.1,16.6,1644.0,1991.0,1643.0,1760.0,1798.0,-0.1742842792566549,8.72,1302.4
86,1996,11,Tamil Nadu,Salem,5.58,6.53,1170.0,1644.0,1991.0,1643.0,1759.3333333333333,-0.2883211678832117,10.1,1290.76
86,1997,11,Tamil Nadu,Salem,5.96,12.25,2055.0,1170.0,1644.0,1991.0,1601.6666666666667,0.7564102564102564,5.58,1471.1363636363637
86,1998,11,Tamil Nadu,Salem,4.48,9.59,2141.0,2055.0,1170.0,1644.0,1623.0,0.04184914841849152,5.96,1540.1818181818182
86,1999,11,Tamil Nadu,Salem,5.69,12.02,2112.0,2141.0,2055.0,1170.0,1788.6666666666667,-0.013545072396076607,4.48,1686.5416666666667
86,2000,11,Tamil Nadu,Salem,3.36,6.66,1982.0,2112.0,2141.0,2055.0,2102.6666666666665,-0.061553030303030276,5.69,1490.8333333333333
86,2001,11,Tamil Nadu,Salem,3.26,6.38,1957.0,1982.0,2112.0,2141.0,2078.3333333333335,-0.012613521695257313,3.36,1411.7083333333333
86,2002,11,Tamil Nadu,Salem,2.68,2.85,1063.0,1957.0,1982.0,2112.0,2017.0,-0.45682166581502304,3.26,1024.6818181818182
86,2003,11,Tamil Nadu,Salem,4.43,5.06,1142.0,1063.0,1957.0,1982.0,1667.3333333333333,0.07431796801505164,2.68,1060.8
86,2004,11,Tamil Nadu,Salem,3.77,5.6,1485.0,1142.0,1063.0,1957.0,1387.3333333333333,0.3003502626970227,4.43,1259.4615384615386
86,2005,11,Tamil Nadu,Salem,1.65,1.76,1067.0,1485.0,1142.0,1063.0,1230.0,-0.28148148148148144,3.77,1316.625
86,2006,11,Tamil Nadu,Salem,1.49,1.9,1275.0,1067.0,1485.0,1142.0,1231.3333333333333,0.19493908153701978,1.65,1589.5652173913043
86,2007,11,Tamil Nadu,Salem,0.92,1.03,1120.0,1275.0,1067.0,1485.0,1275.6666666666667,-0.1215686274509804,1.49,1603.8695652173913
86,2008,11,Tamil Nadu,Salem,0.88,1.74,1977.0,1120.0,1275.0,1067.0,1154.0,0.7651785714285715,0.92,1738.4166666666667
86,2009,11,Tamil Nadu,Salem,1.22,1.38,1131.0,1977.0,1120.0,1275.0,1457.3333333333333,-0.4279210925644916,0.88,1623.92
86,2010,11,Tamil Nadu,Salem,1.93,2.78,1440.0,1131.0,1977.0,1120.0,1409.3333333333333,0.273209549071618,1.22,1499.9583333333333
86,2011,11,Tamil Nadu,Salem,0.84,1.3,1548.0,1440.0,1131.0,1977.0,1516.0,0.07499999999999996,1.93,2250.72
86,2012,11,Tamil Nadu,Salem,0.66,0.71,1076.0,1548.0,1440.0,1131.0,1373.0,-0.30490956072351416,0.84,1478.6153846153845
86,2013,11,Tamil Nadu,Salem,0.78,1.53,1962.0,1076.0,1548.0,1440.0,1354.6666666666667,0.8234200743494424,0.66,2170.25
86,2014,11,Tamil Nadu,Salem,1.1,2.28,2073.0,1962.0,1076.0,1548.0,1528.6666666666667,0.05657492354740068,0.78,3069.8846153846152
86,2015,11,Tamil Nadu,Salem,1.61,4.81,2988.0,2073.0,1962.0,1076.0,1703.6666666666667,0.44138929088277856,1.1,2671.75
86,2016,11,Tamil Nadu,Salem,1.19,2.07,1744.0,2988.0,2073.0,1962.0,2341.0,-0.4163319946452476,1.61,2170.375
86,2017,11,Tamil Nadu,Salem,0.59,1.16,1974.0,1744.0,2988.0,2073.0,2268.3333333333335,0.13188073394495414,1.19,2231.28
86,2018,11,Tamil Nadu,Salem,0.83,2.13,2559.0,1974.0,1744.0,2988.0,2235.3333333333335,0.2963525835866261,0.59,2474.84
86,2019,11,Tamil Nadu,Salem,1.12,3.12,2784.0,2559.0,1974.0,1744.0,2092.3333333333335,0.08792497069167649,0.83,2837.84
87,1993,11,Tamil Nadu,Coimbatore,1.0,3.0,3000.0,1525.0,848.0,1175.0,1182.6666666666667,0.9672131147540983,1.2,1526.9375
87,1994,11,Tamil Nadu,Coimbatore,1.13,1.22,1080.0,3000.0,1525.0,848.0,1791.0,-0.64,1.0,1371.2380952380952
87,1995,11,Tamil Nadu,Coimbatore,0.85,0.9,1059.0,1080.0,3000.0,1525.0,1868.3333333333333,-0.019444444444444486,1.13,1302.4
87,1996,11,Tamil Nadu,Coimbatore,0.52,0.66,1269.0,1059.0,1080.0,3000.0,1713.0,0.19830028328611893,0.85,1290.76
87,1997,11,Tamil Nadu,Coimbatore,0.52,0.91,1750.0,1269.0,1059.0,1080.0,1136.0,0.37903861308116626,0.52,1471.1363636363637
87,1998,11,Tamil Nadu,Coimbatore,0.36,0.8,2222.0,1750.0,1269.0,1059.0,1359.3333333333333,0.2697142857142858,0.52,1540.1818181818182
87,1999,11,Tamil Nadu,Coimbatore,0.89,2.35,2640.0,2222.0,1750.0,1269.0,1747.0,0.18811881188118806,0.36,1686.5416666666667
87,2000,11,Tamil Nadu,Coimbatore,0.4,0.82,2050.0,2640.0,2222.0,1750.0,2204.0,-0.2234848484848485,0.89,1490.8333333333333
87,2001,11,Tamil Nadu,Coimbatore,0.24,0.45,1875.0,2050.0,2640.0,2222.0,2304.0,-0.08536585365853655,0.4,1411.7083333333333
87,2002,11,Tamil Nadu,Coimbatore,0.62,0.68,1097.0,1875.0,2050.0,2640.0,2188.3333333333335,-0.4149333333333334,0.24,1024.6818181818182
87,2003,11,Tamil Nadu,Coimbatore,0.5,0.58,1160.0,1097.0,1875.0,2050.0,1674.0,0.05742935278031003,0.62,1060.8
87,2004,11,Tamil Nadu,Coimbatore,0.46,0.87,1891.0,1160.0,1097.0,1875.0,1377.3333333333333,0.6301724137931035,0.5,1259.4615384615386
87,2005,11,Tamil Nadu,Coimbatore,0.41,0.75,1829.0,1891.0,1160.0,1097.0,1382.6666666666667,-0.032786885245901676,0.46,1316.625
87,2006,11,Tamil Nadu,Coimbatore,0.46,0.86,1870.0,1829.0,1891.0,1160.0,1626.6666666666667,0.022416621104428547,0.41,1589.5652173913043
87,2007,11,Tamil Nadu,Coimbatore,0.57,0.94,1649.0,1870.0,1829.0,1891.0,1863.3333333333333,-0.11818181818181817,0.46,1603.8695652173913
87,2008,11,Tamil Nadu,Coimbatore,0.11,0.2,1818.0,1649.0,1870.0,1829.0,1782.6666666666667,0.1024863553668891,0.57,1738.4166666666667
87,2009,11,Tamil Nadu,Coimbatore,0.12,0.19,1583.0,1818.0,1649.0,1870.0,1779.0,-0.12926292629262925,0.11,1623.92
87,2010,11,Tamil Nadu,Coimbatore,0.05,0.07,1400.0,1583.0,1818.0,1649.0,1683.3333333333333,-0.1156032849020846,0.12,1499.9583333333333
87,2011,11,Tamil Nadu,Coimbatore,0.09,0.21,2333.0,1400.0,1583.0,1818.0,1600.3333333333333,0.6664285714285714,0.05,2250.72
87,2012,11,Tamil Nadu,Coimbatore,0.06,0.09,1500.0,2333.0,1400.0,1583.0,1772.0,-0.3570510072867552,0.09,1478.6153846153845
87,2013,11,Tamil Nadu,Coimbatore,0.07,0.16,2286.0,1500.0,2333.0,1400.0,1744.3333333333333,0.524,0.06,2170.25
87,2014,11,Tamil Nadu,Coimbatore,0.1,0.31,3100.0,2286.0,1500.0,2333.0,2039.6666666666667,0.35608048993875774,0.07,3069.8846153846152
87,2015,11,Tamil Nadu,Coimbatore,0.07,0.17,2429.0,3100.0,2286.0,1500.0,2295.3333333333335,-0.2164516129032258,0.1,2671.75
87,2016,11,Tamil Nadu,Coimbatore,0.3,0.36,1202.0,2429.0,3100.0,2286.0,2605.0,-0.5051461506792919,0.07,2170.375
87,2017,11,Tamil Nadu,Coimbatore,0.21,0.46,2229.0,1202.0,2429.0,3100.0,2243.6666666666665,0.8544093178036605,0.3,2231.28
87,2018,11,Tamil Nadu,Coimbatore,0.17,0.46,2642.0,2229.0,1202.0,2429.0,1953.3333333333333,0.18528488111260666,0.21,2474.84
87,2019,11,Tamil Nadu,Coimbatore,0.11,0.29,2714.0,2642.0,2229.0,1202.0,2024.3333333333333,0.02725208175624516,0.17,2837.84
88,1993,11,Tamil Nadu,Tiruchirapalli Trichy,49.0,50.0,1020.0,693.0,536.0,588.0,605.6666666666666,0.47186147186147176,47.84,1526.9375
88,1994,11,Tamil Nadu,Tiruchirapalli Trichy,34.34,11.82,344.0,1020.0,693.0,536.0,749.6666666666666,-0.6627450980392157,49.0,1371.2380952380952
88,1995,11,Tamil Nadu,Tiruchirapalli Trichy,26.28,12.48,475.0,344.0,1020.0,693.0,685.6666666666666,0.3808139534883721,34.34,1302.4
88,1996,11,Tamil Nadu,Tiruchirapalli Trichy,5.14,2.73,531.0,475.0,344.0,1020.0,613.0,0.11789473684210527,26.28,1290.76
88,1997,11,Tamil Nadu,Tiruchirapalli Trichy,5.02,4.8,956.0,531.0,475.0,344.0,450.0,0.8003766478342749,5.14,1471.1363636363637
88,1998,11,Tamil Nadu,Tiruchirapalli Trichy,4.57,4.26,932.0,956.0,531.0,475.0,654.0,-0.025104602510460206,5.02,1540.1818181818182
88,1999,11,Tamil Nadu,Tiruchirapalli Trichy,3.84,3.28,854.0,932.0,956.0,531.0,806.3333333333334,-0.08369098712446355,4.57,1686.5416666666667
88,2000,11,Tamil Nadu,Tiruchirapalli Trichy,4.23,2.96,700.0,854.0,932.0,956.0,914.0,-0.180327868852459,3.84,1490.8333333333333
88,2001,11,Tamil Nadu,Tiruchirapalli Trichy,3.78,2.69,712.0,700.0,854.0,932.0,828.6666666666666,0.017142857142857126,4.23,1411.7083333333333
88,2002,11,Tamil Nadu,Tiruchirapalli Trichy,3.76,3.68,979.0,712.0,700.0,854.0,755.3333333333334,0.375,3.78,1024.6818181818182
88,2003,11,Tamil Nadu,Tiruchirapalli Trichy,4.39,2.55,581.0,979.0,712.0,700.0,797.0,-0.4065372829417774,3.76,1060.8
88,2004,11,Tamil Nadu,Tiruchirapalli Trichy,3.35,1.39,415.0,581.0,979.0,712.0,757.3333333333334,-0.2857142857142857,4.39,1259.4615384615386
88,2005,11,Tamil Nadu,Tiruchirapalli Trichy,2.66,0.85,320.0,415.0,581.0,979.0,658.3333333333334,-0.22891566265060237,3.35,1316.625
88,2006,11,Tamil Nadu,Tiruchirapalli Trichy,2.98,2.56,859.0,320.0,415.0,581.0,438.6666666666667,1.6843750000000002,2.66,1589.5652173913043
88,2007,11,Tamil Nadu,Tiruchirapalli Trichy,2.04,0.98,480.0,859.0,320.0,415.0,531.3333333333334,-0.4412107101280559,2.98,1603.8695652173913
88,2008,11,Tamil Nadu,Tiruchirapalli Trichy,1.63,0.82,503.0,480.0,859.0,320.0,553.0,0.04791666666666661,2.04,1738.4166666666667
88,2009,11,Tamil Nadu,Tiruchirapalli Trichy,1.78,1.38,775.0,503.0,480.0,859.0,614.0,0.5407554671968191,1.63,1623.92
88,2010,11,Tamil Nadu,Tiruchirapalli Trichy,1.89,1.28,677.0,775.0,503.0,480.0,586.0,-0.12645161290322582,1.78,1499.9583333333333
88,2011,11,Tamil Nadu,Tiruchirapalli Trichy,1.41,2.25,1596.0,677.0,775.0,503.0,651.6666666666666,1.3574593796159529,1.89,2250.72
88,2012,11,Tamil Nadu,Tiruchirapalli Trichy,1.33,0.96,722.0,1596.0,677.0,775.0,1016.0,-0.5476190476190477,1.41,1478.6153846153845
88,2013,11,Tamil Nadu,Tiruchirapalli Trichy,1.07,0.88,822.0,722.0,1596.0,677.0,998.3333333333334,0.13850415512465375,1.33,2170.25
88,2014,11,Tamil Nadu,Tiruchirapalli Trichy,1.2,2.25,1875.0,822.0,722.0,1596.0,1046.6666666666667,1.281021897810219,1.07,3069.8846153846152
88,2015,11,Tamil Nadu,Tiruchirapalli Trichy,0.89,0.95,1067.0,1875.0,822.0,722.0,1139.6666666666667,-0.4309333333333333,1.2,2671.75
88,2016,11,Tamil Nadu,Tiruchirapalli Trichy,0.89,0.92,1030.0,1067.0,1875.0,822.0,1254.6666666666667,-0.03467666354264287,0.89,2170.375
88,2017,11,Tamil Nadu,Tiruchirapalli Trichy,0.52,1.3,2515.0,1030.0,1067.0,1875.0,1324.0,1.441747572815534,0.89,2231.28
88,2018,11,Tamil Nadu,Tiruchirapalli Trichy,0.31,0.6,1914.0,2515.0,1030.0,1067.0,1537.3333333333333,-0.23896620278330016,0.52,2474.84
88,2019,11,Tamil Nadu,Tiruchirapalli Trichy,0.25,0.7,2752.0,1914.0,2515.0,1030.0,1819.6666666666667,0.43782654127481724,0.31,2837.84
89,1994,11,Tamil Nadu,Thanjavur,0.03,0.03,1000.0,1200.0,1143.0,1526.0,1289.6666666666667,-0.16666666666666663,0.05,1371.2380952380952
89,1995,11,Tamil Nadu,Thanjavur,0.01,0.01,1000.0,1000.0,1200.0,1143.0,1114.3333333333333,0.0,0.03,1302.4
89,1996,11,Tamil Nadu,Thanjavur,0.02,0.03,1500.0,1000.0,1000.0,1200.0,1066.6666666666667,0.5,0.01,1290.76
89,1999,11,Tamil Nadu,Thanjavur,0.01,0.02,2000.0,1500.0,1000.0,1000.0,1166.6666666666667,0.33333333333333326,0.02,1686.5416666666667
89,2000,11,Tamil Nadu,Thanjavur,0.01,0.01,1000.0,2000.0,1500.0,1000.0,1500.0,-0.5,0.01,1490.8333333333333
89,2001,11,Tamil Nadu,Thanjavur,0.01,0.02,2000.0,1000.0,2000.0,1500.0,1500.0,1.0,0.01,1411.7083333333333
89,2003,11,Tamil Nadu,Thanjavur,0.08,0.1,1250.0,2000.0,1000.0,2000.0,1666.6666666666667,-0.375,0.01,1060.8
89,2004,11,Tamil Nadu,Thanjavur,0.01,0.01,1000.0,1250.0,2000.0,1000.0,1416.6666666666667,-0.19999999999999996,0.08,1259.4615384615386
89,2009,11,Tamil Nadu,Thanjavur,0.01,0.01,1000.0,1000.0,1250.0,2000.0,1416.6666666666667,0.0,0.01,1623.92
89,2013,11,Tamil Nadu,Thanjavur,0.01,0.02,2000.0,1000.0,1000.0,1250.0,1083.3333333333333,1.0,0.01,2170.25
89,2019,11,Tamil Nadu,Thanjavur,0.01,0.01,2600.0,2000.0,1000.0,1000.0,1333.3333333333333,0.30000000000000004,0.01,2837.84
90,1993,11,Tamil Nadu,Madurai,8.0,14.0,1750.0,1151.0,1267.0,1241.0,1219.6666666666667,0.520417028670721,8.59,1526.9375
90,1994,11,Tamil Nadu,Madurai,4.89,7.4,1513.0,1750.0,1151.0,1267.0,1389.3333333333333,-0.13542857142857145,8.0,1371.2380952380952
90,1995,11,Tamil Nadu,Madurai,3.37,4.7,1395.0,1513.0,1750.0,1151.0,1471.3333333333333,-0.07799074686054197,4.89,1302.4
90,1996,11,Tamil Nadu,Madurai,1.18,1.65,1398.0,1395.0,1513.0,1750.0,1552.6666666666667,0.0021505376344086446,3.37,1290.76
90,1997,11,Tamil Nadu,Madurai,1.02,1.29,1265.0,1398.0,1395.0,1513.0,1435.3333333333333,-0.09513590844062947,1.18,1471.1363636363637
90,1998,11,Tamil Nadu,Madurai,1.2,1.57,1308.0,1265.0,1398.0,1395.0,1352.6666666666667,0.033992094861660105,1.02,1540.1818181818182
90,1999,11,Tamil Nadu,Madurai,1.81,2.54,1403.0,1308.0,1265.0,1398.0,1323.6666666666667,0.07262996941896027,1.2,1686.5416666666667
90,2000,11,Tamil Nadu,Madurai,1.94,2.63,1356.0,1403.0,1308.0,1265.0,1325.3333333333333,-0.03349964362081259,1.81,1490.8333333333333
90,2001,11,Tamil Nadu,Madurai,2.03,2.59,1276.0,1356.0,1403.0,1308.0,1355.6666666666667,-0.05899705014749268,1.94,1411.7083333333333
90,2002,11,Tamil Nadu,Madurai,2.99,4.39,1468.0,1276.0,1356.0,1403.0,1345.0,0.15047021943573657,2.03,1024.6818181818182
90,2003,11,Tamil Nadu,Madurai,3.34,3.76,1126.0,1468.0,1276.0,1356.0,1366.6666666666667,-0.23297002724795646,2.99,1060.8
90,2004,11,Tamil Nadu,Madurai,5.2,6.38,1227.0,1126.0,1468.0,1276.0,1290.0,0.08969804618117228,3.34,1259.4615384615386
90,2005,11,Tamil Nadu,Madurai,5.7,6.79,1191.0,1227.0,1126.0,1468.0,1273.6666666666667,-0.02933985330073352,5.2,1316.625
90,2006,11,Tamil Nadu,Madurai,5.11,6.61,1294.0,1191.0,1227.0,1126.0,1181.3333333333333,0.08648194794290509,5.7,1589.5652173913043
90,2007,11,Tamil Nadu,Madurai,4.87,6.59,1353.0,1294.0,1191.0,1227.0,1237.3333333333333,0.04559505409582698,5.11,1603.8695652173913
90,2008,11,Tamil Nadu,Madurai,5.68,9.66,1701.0,1353.0,1294.0,1191.0,1279.3333333333333,0.25720620842572073,4.87,1738.4166666666667
90,2009,11,Tamil Nadu,Madurai,5.45,9.87,1811.0,1701.0,1353.0,1294.0,1449.3333333333333,0.06466784244562018,5.68,1623.92
90,2010,11,Tamil Nadu,Madurai,5.19,10.11,1948.0,1811.0,1701.0,1353.0,1621.6666666666667,0.07564881281060187,5.45,1499.9583333333333
90,2011,11,Tamil Nadu,Madurai,4.05,10.84,2677.0,1948.0,1811.0,1701.0,1820.0,0.374229979466119,5.19,2250.72
90,2012,11,Tamil Nadu,Madurai,1.69,3.51,2077.0,2677.0,1948.0,1811.0,2145.3333333333335,-0.2241314904744116,4.05,1478.6153846153845
90,2013,11,Tamil Nadu,Madurai,2.31,4.31,1866.0,2077.0,2677.0,1948.0,2234.0,-0.10158883004333175,1.69,2170.25
90,2014,11,Tamil Nadu,Madurai,2.23,5.64,2529.0,1866.0,2077.0,2677.0,2206.6666666666665,0.355305466237942,2.31,3069.8846153846152
90,2015,11,Tamil Nadu,Madurai,1.79,4.82,2693.0,2529.0,1866.0,2077.0,2157.3333333333335,0.06484776591538166,2.23,2671.75
90,2016,11,Tamil Nadu,Madurai,1.07,2.45,2291.0,2693.0,2529.0,1866.0,2362.6666666666665,-0.14927590048273298,1.79,2170.375
90,2017,11,Tamil Nadu,Madurai,1.61,4.96,3070.0,2291.0,2693.0,2529.0,2504.3333333333335,0.3400261894369272,1.07,2231.28
90,2018,11,Tamil Nadu,Madurai,0.76,2.15,2818.0,3070.0,2291.0,2693.0,2684.6666666666665,-0.0820846905537459,1.61,2474.84
90,2019,11,Tamil Nadu,Madurai,1.05,3.55,3392.0,2818.0,3070.0,2291.0,2726.3333333333335,0.20369056068133418,0.76,2837.84
91,1993,11,Tamil Nadu,Ramananthapuram,1.0,1.0,1000.0,1057.0,144.0,912.0,704.3333333333334,-0.05392620624408706,1.76,1526.9375
91,1994,11,Tamil Nadu,Ramananthapuram,0.98,0.25,255.0,1000.0,1057.0,144.0,733.6666666666666,-0.745,1.0,1371.2380952380952
91,1996,11,Tamil Nadu,Ramananthapuram,0.83,0.91,1096.0,255.0,1000.0,1057.0,770.6666666666666,3.2980392156862743,0.98,1290.76
91,1997,11,Tamil Nadu,Ramananthapuram,0.72,0.8,1111.0,1096.0,255.0,1000.0,783.6666666666666,0.013686131386861256,0.83,1471.1363636363637
91,1998,11,Tamil Nadu,Ramananthapuram,0.62,0.71,1145.0,1111.0,1096.0,255.0,820.6666666666666,0.03060306030603055,0.72,1540.1818181818182
91,1999,11,Tamil Nadu,Ramananthapuram,0.72,0.93,1292.0,1145.0,1111.0,1096.0,1117.3333333333333,0.12838427947598263,0.62,1686.5416666666667
91,2000,11,Tamil Nadu,Ramananthapuram,0.95,1.09,1147.0,1292.0,1145.0,1111.0,1182.6666666666667,-0.11222910216718263,0.72,1490.8333333333333
91,2001,11,Tamil Nadu,Ramananthapuram,0.59,0.62,1051.0,1147.0,1292.0,1145.0,1194.6666666666667,-0.08369659982563205,0.95,1411.7083333333333
91,2002,11,Tamil Nadu,Ramananthapuram,0.46,0.35,761.0,1051.0,1147.0,1292.0,1163.3333333333333,-0.2759276879162702,0.59,1024.6818181818182
91,2003,11,Tamil Nadu,Ramananthapuram,1.0,1.09,1090.0,761.0,1051.0,1147.0,986.3333333333334,0.43232588699080154,0.46,1060.8
91,2004,11,Tamil Nadu,Ramananthapuram,1.24,1.47,1185.0,1090.0,761.0,1051.0,967.3333333333334,0.08715596330275233,1.0,1259.4615384615386
91,2005,11,Tamil Nadu,Ramananthapuram,1.25,0.56,448.0,1185.0,1090.0,761.0,1012.0,-0.6219409282700422,1.24,1316.625
91,2006,11,Tamil Nadu,Ramananthapuram,1.07,1.56,1458.0,448.0,1185.0,1090.0,907.6666666666666,2.2544642857142856,1.25,1589.5652173913043
91,2007,11,Tamil Nadu,Ramananthapuram,0.62,0.86,1387.0,1458.0,448.0,1185.0,1030.3333333333333,-0.04869684499314131,1.07,1603.8695652173913
91,2008,11,Tamil Nadu,Ramananthapuram,0.48,0.68,1417.0,1387.0,1458.0,448.0,1097.6666666666667,0.021629416005767954,0.62,1738.4166666666667
91,2009,11,Tamil Nadu,Ramananthapuram,0.58,0.77,1328.0,1417.0,1387.0,1458.0,1420.6666666666667,-0.06280875088214533,0.48,1623.92
91,2010,11,Tamil Nadu,Ramananthapuram,0.46,0.82,1783.0,1328.0,1417.0,1387.0,1377.3333333333333,0.3426204819277108,0.58,1499.9583333333333
91,2011,11,Tamil Nadu,Ramananthapuram,0.5,0.88,1760.0,1783.0,1328.0,1417.0,1509.3333333333333,-0.01289960740325291,0.46,2250.72
91,2012,11,Tamil Nadu,Ramananthapuram,0.74,0.36,486.0,1760.0,1783.0,1328.0,1623.6666666666667,-0.7238636363636364,0.5,1478.6153846153845
91,2013,11,Tamil Nadu,Ramananthapuram,1.6,1.15,719.0,486.0,1760.0,1783.0,1343.0,0.4794238683127572,0.74,2170.25
91,2014,11,Tamil Nadu,Ramananthapuram,1.27,4.38,3449.0,719.0,486.0,1760.0,988.3333333333334,3.7969401947148818,1.6,3069.8846153846152
91,2015,11,Tamil Nadu,Ramananthapuram,0.68,1.48,2176.0,3449.0,719.0,486.0,1551.3333333333333,-0.3690924905769788,1.27,2671.75
91,2017,11,Tamil Nadu,Ramananthapuram,0.6,0.46,761.0,2176.0,3449.0,719.0,2114.6666666666665,-0.6502757352941176,0.68,2231.28
91,2018,11,Tamil Nadu,Ramananthapuram,0.76,0.58,768.0,761.0,2176.0,3449.0,2128.6666666666665,0.009198423127463773,0.6,2474.84
91,2019,11,Tamil Nadu,Ramananthapuram,1.07,2.06,1919.0,768.0,761.0,2176.0,1235.0,1.4986979166666665,0.76,2837.84
92,1993,11,Tamil Nadu,Thirunelveli,2.0,2.0,1000.0,1237.0,1375.0,1732.0,1448.0,-0.19159256265157643,1.73,1526.9375
92,1994,11,Tamil Nadu,Thirunelveli,1.68,2.07,1232.0,1000.0,1237.0,1375.0,1204.0,0.23199999999999998,2.0,1371.2380952380952
92,1995,11,Tamil Nadu,Thirunelveli,1.9,2.15,1132.0,1232.0,1000.0,1237.0,1156.3333333333333,-0.08116883116883122,1.68,1302.4
92,1996,11,Tamil Nadu,Thirunelveli,1.99,2.46,1236.0,1132.0,1232.0,1000.0,1121.3333333333333,0.09187279151943462,1.9,1290.76
92,1997,11,Tamil Nadu,Thirunelveli,3.4,4.47,1315.0,1236.0,1132.0,1232.0,1200.0,0.06391585760517793,1.99,1471.1363636363637
92,1998,11,Tamil Nadu,Thirunelveli,2.78,3.78,1360.0,1315.0,1236.0,1132.0,1227.6666666666667,0.034220532319391594,3.4,1540.1818181818182
92,1999,11,Tamil Nadu,Thirunelveli,3.92,6.45,1645.0,1360.0,1315.0,1236.0,1303.6666666666667,0.2095588235294117,2.78,1686.5416666666667
92,2000,11,Tamil Nadu,Thirunelveli,1.86,2.64,1419.0,1645.0,1360.0,1315.0,1440.0,-0.13738601823708207,3.92,1490.8333333333333
92,2001,11,Tamil Nadu,Thirunelveli,1.69,2.2,1302.0,1419.0,1645.0,1360.0,1474.6666666666667,-0.08245243128964064,1.86,1411.7083333333333
92,2002,11,Tamil Nadu,Thirunelveli,1.51,1.48,980.0,1302.0,1419.0,1645.0,1455.3333333333333,-0.24731182795698925,1.69,1024.6818181818182
92,2003,11,Tamil Nadu,Thirunelveli,0.98,1.11,1133.0,980.0,1302.0,1419.0,1233.6666666666667,0.15612244897959182,1.51,1060.8
92,2004,11,Tamil Nadu,Thirunelveli,0.77,1.27,1649.0,1133.0,980.0,1302.0,1138.3333333333333,0.45542806707855243,0.98,1259.4615384615386
92,2005,11,Tamil Nadu,Thirunelveli,0.64,1.79,2797.0,1649.0,1133.0,980.0,1254.0,0.6961795027289266,0.77,1316.625
92,2006,11,Tamil Nadu,Thirunelveli,0.66,1.17,1773.0,2797.0,1649.0,1133.0,1859.6666666666667,-0.3661065427243475,0.64,1589.5652173913043
92,2007,11,Tamil Nadu,Thirunelveli,0.55,1.29,2345.0,1773.0,2797.0,1649.0,2073.0,0.3226170332769318,0.66,1603.8695652173913
92,2008,11,Tamil Nadu,Thirunelveli,0.43,0.8,1860.0,2345.0,1773.0,2797.0,2305.0,-0.2068230277185501,0.55,1738.4166666666667
92,2009,11,Tamil Nadu,Thirunelveli,0.4,0.94,2350.0,1860.0,2345.0,1773.0,1992.6666666666667,0.26344086021505375,0.43,1623.92
92,2010,11,Tamil Nadu,Thirunelveli,0.16,0.34,2125.0,2350.0,1860.0,2345.0,2185.0,-0.0957446808510638,0.4,1499.9583333333333
92,2011,11,Tamil Nadu,Thirunelveli,0.11,0.3,2727.0,2125.0,2350.0,1860.0,2111.6666666666665,0.2832941176470589,0.16,2250.72
92,2012,11,Tamil Nadu,Thirunelveli,0.1,0.15,1500.0,2727.0,2125.0,2350.0,2400.6666666666665,-0.4499449944994499,0.11,1478.6153846153845
92,2013,11,Tamil Nadu,Thirunelveli,0.08,0.18,2250.0,1500.0,2727.0,2125.0,2117.3333333333335,0.5,0.1,2170.25
92,2014,11,Tamil Nadu,Thirunelveli,0.18,0.56,3111.0,2250.0,1500.0,2727.0,2159.0,0.3826666666666667,0.08,3069.8846153846152
92,2015,11,Tamil Nadu,Thirunelveli,0.17,0.44,2588.0,3111.0,2250.0,1500.0,2287.0,-0.16811314689810353,0.18,2671.75
92,2016,11,Tamil Nadu,Thirunelveli,0.05,0.15,2685.0,2588.0,3111.0,2250.0,2649.6666666666665,0.0374806800618237,0.17,2170.375
92,2017,11,Tamil Nadu,Thirunelveli,0.14,0.29,2064.0,2685.0,2588.0,3111.0,2794.6666666666665,-0.23128491620111735,0.05,2231.28
92,2018,11,Tamil Nadu,Thirunelveli,0.23,0.5,2194.0,2064.0,2685.0,2588.0,2445.6666666666665,0.0629844961240309,0.14,2474.84
92,2019,11,Tamil Nadu,Thirunelveli,0.11,0.29,2618.0,2194.0,2064.0,2685.0,2314.3333333333335,0.1932543299908842,0.23,2837.84
93,1996,11,Tamil Nadu,The Nilgiris,0.01,0.01,1000.0,1000.0,1000.0,1000.0,1000.0,0.0,0.01,1290.76
99,1993,7,Maharashtra,Nasik,345.6,167.6,485.0,1041.0,410.0,635.0,695.3333333333334,-0.5341018251681076,362.0,750.1904761904761
99,1994,7,Maharashtra,Nasik,363.6,290.5,799.0,485.0,1041.0,410.0,645.3333333333334,0.647422680412371,345.6,660.3636363636364
99,1995,7,Maharashtra,Nasik,333.3,167.6,503.0,799.0,485.0,1041.0,775.0,-0.37046307884856067,363.6,632.1904761904761
99,1996,7,Maharashtra,Nasik,372.5,421.5,1132.0,503.0,799.0,485.0,595.6666666666666,1.250497017892644,333.3,856.9545454545455
99,1997,7,Maharashtra,Nasik,337.2,211.6,628.0,1132.0,503.0,799.0,811.3333333333334,-0.44522968197879864,372.5,597.0434782608696
99,1998,7,Maharashtra,Nasik,387.5,403.3,1041.0,628.0,1132.0,503.0,754.3333333333334,0.6576433121019107,337.2,740.7916666666666
99,1999,7,Maharashtra,Nasik,360.5,211.9,588.0,1041.0,628.0,1132.0,933.6666666666666,-0.43515850144092216,387.5,649.28
99,2000,7,Maharashtra,Nasik,346.5,186.9,539.0,588.0,1041.0,628.0,752.3333333333334,-0.08333333333333337,360.5,584.7272727272727
99,2001,7,Maharashtra,Nasik,324.2,179.9,555.0,539.0,588.0,1041.0,722.6666666666666,0.029684601113172615,346.5,515.7272727272727
99,2002,7,Maharashtra,Nasik,320.3,258.5,807.0,555.0,539.0,588.0,560.6666666666666,0.4540540540540541,324.2,676.7727272727273
99,2003,7,Maharashtra,Nasik,316.8,196.7,621.0,807.0,555.0,539.0,633.6666666666666,-0.23048327137546465,320.3,582.6363636363636
99,2004,7,Maharashtra,Nasik,315.2,244.5,776.0,621.0,807.0,555.0,661.0,0.249597423510467,316.8,622.1363636363636
99,2005,7,Maharashtra,Nasik,282.9,215.9,763.0,776.0,621.0,807.0,734.6666666666666,-0.01675257731958768,315.2,596.3181818181819
99,2006,7,Maharashtra,Nasik,258.5,187.3,725.0,763.0,776.0,621.0,720.0,-0.04980340760157276,282.9,632.8571428571429
99,2007,7,Maharashtra,Nasik,220.5,241.85,1097.0,725.0,763.0,776.0,754.6666666666666,0.5131034482758621,258.5,736.9090909090909
99,2008,7,Maharashtra,Nasik,197.9,191.0,965.0,1097.0,725.0,763.0,861.6666666666666,-0.12032816773017319,220.5,642.4545454545455
99,2009,7,Maharashtra,Nasik,171.9,129.53,754.0,965.0,1097.0,725.0,929.0,-0.2186528497409327,197.9,685.7142857142857
99,2010,7,Maharashtra,Nasik,171.2,216.3,1263.0,754.0,965.0,1097.0,938.6666666666666,0.6750663129973475,171.9,847.1428571428571
99,2011,7,Maharashtra,Nasik,165.9,170.09,1025.0,1263.0,754.0,965.0,994.0,-0.18844022169437846,171.2,833.2380952380952
99,2012,7,Maharashtra,Nasik,154.8,124.85,807.0,1025.0,1263.0,754.0,1014.0,-0.21268292682926826,165.9,665.85
99,2013,7,Maharashtra,Nasik,149.6,167.5,1120.0,807.0,1025.0,1263.0,1031.6666666666667,0.38785625774473353,154.8,844.578947368421
99,2014,7,Maharashtra,Nasik,152.7,108.9,713.0,1120.0,807.0,1025.0,984.0,-0.3633928571428572,149.6,504.88235294117646
99,2015,7,Maharashtra,Nasik,151.2,86.6,573.0,713.0,1120.0,807.0,880.0,-0.19635343618513323,152.7,369.5625
99,2016,7,Maharashtra,Nasik,156.0,249.3,1598.0,573.0,713.0,1120.0,802.0,1.7888307155322862,151.2,650.1818181818181
99,2017,7,Maharashtra,Nasik,136.5,199.9,1464.0,1598.0,573.0,713.0,961.3333333333334,-0.0838548185231539,156.0,609.0952380952381
99,2018,7,Maharashtra,Nasik,91.0,57.87,636.0,1464.0,1598.0,573.0,1211.6666666666667,-0.5655737704918034,136.5,423.63157894736844
99,2019,7,Maharashtra,Nasik,97.03,98.64,1017.0,636.0,1464.0,1598.0,1232.6666666666667,0.5990566037735849,91.0,578.837
100,1993,7,Maharashtra,Dhule,145.9,88.4,606.0,1089.0,664.0,803.0,852.0,-0.4435261707988981,170.4,750.1904761904761
100,1994,7,Maharashtra,Dhule,143.3,133.3,930.0,606.0,1089.0,664.0,786.3333333333334,0.5346534653465347,145.9,660.3636363636364
100,1995,7,Maharashtra,Dhule,164.6,95.3,579.0,930.0,606.0,1089.0,875.0,-0.3774193548387097,143.3,632.1904761904761
100,1996,7,Maharashtra,Dhule,186.9,182.3,975.0,579.0,930.0,606.0,705.0,0.6839378238341969,164.6,856.9545454545455
100,1997,7,Maharashtra,Dhule,174.0,161.7,929.0,975.0,579.0,930.0,828.0,-0.04717948717948717,186.9,597.0434782608696
100,1998,7,Maharashtra,Dhule,150.0,159.2,1061.0,929.0,975.0,579.0,827.6666666666666,0.14208826695371357,174.0,740.7916666666666
100,1999,7,Maharashtra,Dhule,107.0,49.2,460.0,1061.0,929.0,975.0,988.3333333333334,-0.5664467483506126,150.0,649.28
100,2000,7,Maharashtra,Dhule,108.4,41.2,380.0,460.0,1061.0,929.0,816.6666666666666,-0.17391304347826086,107.0,584.7272727272727
100,2001,7,Maharashtra,Dhule,143.1,130.3,911.0,380.0,460.0,1061.0,633.6666666666666,1.3973684210526316,108.4,515.7272727272727
100,2002,7,Maharashtra,Dhule,143.8,104.1,724.0,911.0,380.0,460.0,583.6666666666666,-0.20526893523600442,143.1,676.7727272727273
100,2003,7,Maharashtra,Dhule,145.7,158.2,1086.0,724.0,911.0,380.0,671.6666666666666,0.5,143.8,582.6363636363636
100,2004,7,Maharashtra,Dhule,138.0,142.7,1034.0,1086.0,724.0,911.0,907.0,-0.047882136279926324,145.7,622.1363636363636
100,2005,7,Maharashtra,Dhule,130.6,80.7,618.0,1034.0,1086.0,724.0,948.0,-0.402321083172147,138.0,596.3181818181819
100,2006,7,Maharashtra,Dhule,130.0,119.1,916.0,618.0,1034.0,1086.0,912.6666666666666,0.4822006472491909,130.6,632.8571428571429
100,2007,7,Maharashtra,Dhule,106.1,119.93,1130.0,916.0,618.0,1034.0,856.0,0.23362445414847155,130.0,736.9090909090909
100,2008,7,Maharashtra,Dhule,124.7,49.6,398.0,1130.0,916.0,618.0,888.0,-0.6477876106194691,106.1,642.4545454545455
100,2009,7,Maharashtra,Dhule,104.9,99.77,951.0,398.0,1130.0,916.0,814.6666666666666,1.3894472361809047,124.7,685.7142857142857
100,2010,7,Maharashtra,Dhule,109.4,171.3,1566.0,951.0,398.0,1130.0,826.3333333333334,0.6466876971608833,104.9,847.1428571428571
100,2011,7,Maharashtra,Dhule,112.5,123.2,1095.0,1566.0,951.0,398.0,971.6666666666666,-0.3007662835249042,109.4,833.2380952380952
100,2012,7,Maharashtra,Dhule,130.8,116.09,888.0,1095.0,1566.0,951.0,1204.0,-0.18904109589041096,112.5,665.85
100,2013,7,Maharashtra,Dhule,99.9,132.9,1330.0,888.0,1095.0,1566.0,1183.0,0.49774774774774766,130.8,844.578947368421
100,2014,7,Maharashtra,Dhule,116.8,97.5,835.0,1330.0,888.0,1095.0,1104.3333333333333,-0.3721804511278195,99.9,504.88235294117646
100,2015,7,Maharashtra,Dhule,117.7,68.4,581.0,835.0,1330.0,888.0,1017.6666666666666,-0.3041916167664671,116.8,369.5625
100,2016,7,Maharashtra,Dhule,77.4,60.4,780.0,581.0,835.0,1330.0,915.3333333333334,0.342512908777969,117.7,650.1818181818181
100,2017,7,Maharashtra,Dhule,77.8,103.3,1328.0,780.0,581.0,835.0,732.0,0.7025641025641025,77.4,609.0952380952381
100,2018,7,Maharashtra,Dhule,81.92,47.14,575.0,1328.0,780.0,581.0,896.3333333333334,-0.5670180722891567,77.8,423.63157894736844
100,2019,7,Maharashtra,Dhule,55.37,29.01,524.0,575.0,1328.0,780.0,894.3333333333334,-0.08869565217391306,81.92,578.837
101,1993,7,Maharashtra,Jalgaon,101.3,110.4,1090.0,1269.0,721.0,987.0,992.3333333333334,-0.14105594956658785,114.4,750.1904761904761
101,1994,7,Maharashtra,Jalgaon,92.1,98.9,1074.0,1090.0,1269.0,721.0,1026.6666666666667,-0.014678899082568808,101.3,660.3636363636364
101,1995,7,Maharashtra,Jalgaon,91.3,61.1,669.0,1074.0,1090.0,1269.0,1144.3333333333333,-0.3770949720670391,92.1,632.1904761904761
101,1996,7,Maharashtra,Jalgaon,88.9,112.4,1264.0,669.0,1074.0,1090.0,944.3333333333334,0.8893871449925261,91.3,856.9545454545455
101,1997,7,Maharashtra,Jalgaon,80.8,93.6,1158.0,1264.0,669.0,1074.0,1002.3333333333334,-0.08386075949367089,88.9,597.0434782608696
101,1998,7,Maharashtra,Jalgaon,71.8,80.5,1121.0,1158.0,1264.0,669.0,1030.3333333333333,-0.031951640759930955,80.8,740.7916666666666
101,1999,7,Maharashtra,Jalgaon,67.3,68.6,1019.0,1121.0,1158.0,1264.0,1181.0,-0.09099018733273867,71.8,649.28
101,2000,7,Maharashtra,Jalgaon,63.8,35.7,560.0,1019.0,1121.0,1158.0,1099.3333333333333,-0.450441609421001,67.3,584.7272727272727
101,2001,7,Maharashtra,Jalgaon,62.5,54.0,864.0,560.0,1019.0,1121.0,900.0,0.5428571428571429,63.8,515.7272727272727
101,2002,7,Maharashtra,Jalgaon,63.6,64.7,1017.0,864.0,560.0,1019.0,814.3333333333334,0.17708333333333326,62.5,676.7727272727273
101,2003,7,Maharashtra,Jalgaon,61.7,63.8,1034.0,1017.0,864.0,560.0,813.6666666666666,0.01671583087512296,63.6,582.6363636363636
101,2004,7,Maharashtra,Jalgaon,58.6,57.1,974.0,1034.0,1017.0,864.0,971.6666666666666,-0.05802707930367501,61.7,622.1363636363636
101,2005,7,Maharashtra,Jalgaon,60.1,44.3,737.0,974.0,1034.0,1017.0,1008.3333333333334,-0.24332648870636553,58.6,596.3181818181819
101,2006,7,Maharashtra,Jalgaon,52.7,55.9,1061.0,737.0,974.0,1034.0,915.0,0.4396200814111262,60.1,632.8571428571429
101,2007,7,Maharashtra,Jalgaon,59.4,60.15,1013.0,1061.0,737.0,974.0,924.0,-0.045240339302544785,52.7,736.9090909090909
101,2008,7,Maharashtra,Jalgaon,33.0,33.8,1024.0,1013.0,1061.0,737.0,937.0,0.010858835143139123,59.4,642.4545454545455
101,2009,7,Maharashtra,Jalgaon,33.2,36.07,1086.0,1024.0,1013.0,1061.0,1032.6666666666667,0.060546875,33.0,685.7142857142857
101,2010,7,Maharashtra,Jalgaon,35.8,49.8,1391.0,1086.0,1024.0,1013.0,1041.0,0.28084714548802947,33.2,847.1428571428571
101,2011,7,Maharashtra,Jalgaon,16.9,24.1,1426.0,1391.0,1086.0,1024.0,1167.0,0.025161754133716796,35.8,833.2380952380952
101,2012,7,Maharashtra,Jalgaon,17.6,18.2,1034.0,1426.0,1391.0,1086.0,1301.0,-0.27489481065918653,16.9,665.85
101,2013,7,Maharashtra,Jalgaon,17.7,20.8,1175.0,1034.0,1426.0,1391.0,1283.6666666666667,0.13636363636363646,17.6,844.578947368421
101,2014,7,Maharashtra,Jalgaon,19.0,23.2,1221.0,1175.0,1034.0,1426.0,1211.6666666666667,0.03914893617021287,17.7,504.88235294117646
101,2015,7,Maharashtra,Jalgaon,18.4,11.4,620.0,1221.0,1175.0,1034.0,1143.3333333333333,-0.49221949221949224,19.0,369.5625
101,2016,7,Maharashtra,Jalgaon,20.5,28.7,1400.0,620.0,1221.0,1175.0,1005.3333333333334,1.2580645161290325,18.4,650.1818181818181
101,2017,7,Maharashtra,Jalgaon,20.2,20.2,1000.0,1400.0,620.0,1221.0,1080.3333333333333,-0.2857142857142857,20.5,609.0952380952381
101,2018,7,Maharashtra,Jalgaon,20.02,15.57,778.0,1000.0,1400.0,620.0,1006.6666666666666,-0.22199999999999998,20.2,423.63157894736844
101,2019,7,Maharashtra,Jalgaon,11.9,9.47,796.0,778.0,1000.0,1400.0,1059.3333333333333,0.023136246786632286,20.02,578.837
102,1993,7,Maharashtra,Ahmednagar,320.4,198.1,618.0,997.0,607.0,429.0,677.6666666666666,-0.38014042126379133,342.1,750.1904761904761
102,1994,7,Maharashtra,Ahmednagar,280.0,103.2,369.0,618.0,997.0,607.0,740.6666666666666,-0.40291262135922334,320.4,660.3636363636364
102,1995,7,Maharashtra,Ahmednagar,234.5,122.5,522.0,369.0,618.0,997.0,661.3333333333334,0.41463414634146334,280.0,632.1904761904761
102,1996,7,Maharashtra,Ahmednagar,345.7,273.1,790.0,522.0,369.0,618.0,503.0,0.5134099616858236,234.5,856.9545454545455
102,1997,7,Maharashtra,Ahmednagar,343.3,191.4,558.0,790.0,522.0,369.0,560.3333333333334,-0.2936708860759494,345.7,597.0434782608696
102,1998,7,Maharashtra,Ahmednagar,302.4,243.9,807.0,558.0,790.0,522.0,623.3333333333334,0.446236559139785,343.3,740.7916666666666
102,1999,7,Maharashtra,Ahmednagar,310.6,178.3,574.0,807.0,558.0,790.0,718.3333333333334,-0.28872366790582404,302.4,649.28
102,2000,7,Maharashtra,Ahmednagar,326.1,187.3,574.0,574.0,807.0,558.0,646.3333333333334,0.0,310.6,584.7272727272727
102,2001,7,Maharashtra,Ahmednagar,194.4,82.0,422.0,574.0,574.0,807.0,651.6666666666666,-0.264808362369338,326.1,515.7272727272727
102,2002,7,Maharashtra,Ahmednagar,218.4,158.9,728.0,422.0,574.0,574.0,523.3333333333334,0.7251184834123223,194.4,676.7727272727273
102,2003,7,Maharashtra,Ahmednagar,204.1,70.8,347.0,728.0,422.0,574.0,574.6666666666666,-0.5233516483516483,218.4,582.6363636363636
102,2004,7,Maharashtra,Ahmednagar,240.5,143.4,596.0,347.0,728.0,422.0,499.0,0.717579250720461,204.1,622.1363636363636
102,2005,7,Maharashtra,Ahmednagar,217.7,54.8,252.0,596.0,347.0,728.0,557.0,-0.5771812080536913,240.5,596.3181818181819
102,2006,7,Maharashtra,Ahmednagar,243.9,148.9,610.0,252.0,596.0,347.0,398.3333333333333,1.4206349206349205,217.7,632.8571428571429
102,2007,7,Maharashtra,Ahmednagar,232.6,174.05,748.0,610.0,252.0,596.0,486.0,0.22622950819672139,243.9,736.9090909090909
102,2008,7,Maharashtra,Ahmednagar,128.2,92.4,721.0,748.0,610.0,252.0,536.6666666666666,-0.03609625668449201,232.6,642.4545454545455
102,2009,7,Maharashtra,Ahmednagar,190.7,115.39,605.0,721.0,748.0,610.0,693.0,-0.16088765603328714,128.2,685.7142857142857
102,2010,7,Maharashtra,Ahmednagar,196.0,186.8,953.0,605.0,721.0,748.0,691.3333333333334,0.5752066115702479,190.7,847.1428571428571
102,2011,7,Maharashtra,Ahmednagar,184.7,179.5,972.0,953.0,605.0,721.0,759.6666666666666,0.019937040923399874,196.0,833.2380952380952
102,2012,7,Maharashtra,Ahmednagar,160.5,55.36,345.0,972.0,953.0,605.0,843.3333333333334,-0.6450617283950617,184.7,665.85
102,2013,7,Maharashtra,Ahmednagar,181.8,188.2,1035.0,345.0,972.0,953.0,756.6666666666666,2.0,160.5,844.578947368421
102,2014,7,Maharashtra,Ahmednagar,186.0,107.7,579.0,1035.0,345.0,972.0,784.0,-0.4405797101449276,181.8,504.88235294117646
102,2015,7,Maharashtra,Ahmednagar,122.0,30.4,249.0,579.0,1035.0,345.0,653.0,-0.5699481865284974,186.0,369.5625
102,2016,7,Maharashtra,Ahmednagar,146.4,149.8,1023.0,249.0,579.0,1035.0,621.0,3.1084337349397586,122.0,650.1818181818181
102,2017,7,Maharashtra,Ahmednagar,119.5,120.1,1005.0,1023.0,249.0,579.0,617.0,-0.017595307917888547,146.4,609.0952380952381
102,2018,7,Maharashtra,Ahmednagar,130.48,84.12,645.0,1005.0,1023.0,249.0,759.0,-0.35820895522388063,119.5,423.63157894736844
102,2019,7,Maharashtra,Ahmednagar,146.82,127.71,870.0,645.0,1005.0,1023.0,891.0,0.34883720930232553,130.48,578.837
103,1993,7,Maharashtra,Pune,169.7,103.2,608.0,857.0,546.0,595.0,666.0,-0.29054842473745623,175.4,750.1904761904761
103,1994,7,Maharashtra,Pune,180.4,98.6,547.0,608.0,857.0,546.0,670.3333333333334,-0.10032894736842102,169.7,660.3636363636364
103,1995,7,Maharashtra,Pune,132.8,66.2,498.0,547.0,608.0,857.0,670.6666666666666,-0.08957952468007313,180.4,632.1904761904761
103,1996,7,Maharashtra,Pune,185.1,161.9,875.0,498.0,547.0,608.0,551.0,0.7570281124497993,132.8,856.9545454545455
103,1997,7,Maharashtra,Pune,142.8,117.9,826.0,875.0,498.0,547.0,640.0,-0.05600000000000005,185.1,597.0434782608696
103,1998,7,Maharashtra,Pune,150.0,110.9,739.0,826.0,875.0,498.0,733.0,-0.10532687651331718,142.8,740.7916666666666
103,1999,7,Maharashtra,Pune,159.9,118.1,739.0,739.0,826.0,875.0,813.3333333333334,0.0,150.0,649.28
103,2000,7,Maharashtra,Pune,160.4,104.6,652.0,739.0,739.0,826.0,768.0,-0.11772665764546686,159.9,584.7272727272727
103,2001,7,Maharashtra,Pune,113.2,85.6,756.0,652.0,739.0,739.0,710.0,0.1595092024539877,160.4,515.7272727272727
103,2002,7,Maharashtra,Pune,123.9,86.5,698.0,756.0,652.0,739.0,715.6666666666666,-0.07671957671957674,113.2,676.7727272727273
103,2003,7,Maharashtra,Pune,97.0,67.6,697.0,698.0,756.0,652.0,702.0,-0.0014326647564469885,123.9,582.6363636363636
103,2004,7,Maharashtra,Pune,116.8,84.8,726.0,697.0,698.0,756.0,717.0,0.04160688665710177,97.0,622.1363636363636
103,2005,7,Maharashtra,Pune,125.3,90.4,721.0,726.0,697.0,698.0,707.0,-0.00688705234159781,116.8,596.3181818181819
103,2006,7,Maharashtra,Pune,128.9,81.3,631.0,721.0,726.0,697.0,714.6666666666666,-0.12482662968099856,125.3,632.8571428571429
103,2007,7,Maharashtra,Pune,117.3,100.96,861.0,631.0,721.0,726.0,692.6666666666666,0.364500792393027,128.9,736.9090909090909
103,2008,7,Maharashtra,Pune,34.5,27.0,783.0,861.0,631.0,721.0,737.6666666666666,-0.09059233449477355,117.3,642.4545454545455
103,2009,7,Maharashtra,Pune,46.0,33.87,736.0,783.0,861.0,631.0,758.3333333333334,-0.0600255427841635,34.5,685.7142857142857
103,2010,7,Maharashtra,Pune,48.6,43.0,885.0,736.0,783.0,861.0,793.3333333333334,0.20244565217391308,46.0,847.1428571428571
103,2011,7,Maharashtra,Pune,50.7,40.7,803.0,885.0,736.0,783.0,801.3333333333334,-0.09265536723163836,48.6,833.2380952380952
103,2012,7,Maharashtra,Pune,36.0,16.72,464.0,803.0,885.0,736.0,808.0,-0.42216687422166876,50.7,665.85
103,2013,7,Maharashtra,Pune,49.8,41.6,835.0,464.0,803.0,885.0,717.3333333333334,0.7995689655172413,36.0,844.578947368421
103,2014,7,Maharashtra,Pune,31.5,26.3,835.0,835.0,464.0,803.0,700.6666666666666,0.0,49.8,504.88235294117646
103,2015,7,Maharashtra,Pune,41.4,29.4,710.0,835.0,835.0,464.0,711.3333333333334,-0.14970059880239517,31.5,369.5625
103,2016,7,Maharashtra,Pune,30.4,22.2,730.0,710.0,835.0,835.0,793.3333333333334,0.028169014084507005,41.4,650.1818181818181
103,2017,7,Maharashtra,Pune,32.0,23.1,722.0,730.0,710.0,835.0,758.3333333333334,-0.010958904109588996,30.4,609.0952380952381
103,2018,7,Maharashtra,Pune,32.32,37.86,1171.0,722.0,730.0,710.0,720.6666666666666,0.6218836565096952,32.0,423.63157894736844
103,2019,7,Maharashtra,Pune,39.67,52.14,1314.0,1171.0,722.0,730.0,874.3333333333334,0.12211784799316816,32.32,578.837
104,1993,7,Maharashtra,Satara,92.8,37.8,407.0,446.0,402.0,369.0,405.6666666666667,-0.08744394618834084,91.1,750.1904761904761
104,1994,7,Maharashtra,Satara,110.8,68.0,614.0,407.0,446.0,402.0,418.3333333333333,0.5085995085995085,92.8,660.3636363636364
104,1995,7,Maharashtra,Satara,89.0,41.6,467.0,614.0,407.0,446.0,489.0,-0.23941368078175895,110.8,632.1904761904761
104,1996,7,Maharashtra,Satara,105.1,72.8,693.0,467.0,614.0,407.0,496.0,0.48394004282655256,89.0,856.9545454545455
104,1997,7,Maharashtra,Satara,99.5,44.8,450.0,693.0,467.0,614.0,591.3333333333334,-0.35064935064935066,105.1,597.0434782608696
104,1998,7,Maharashtra,Satara,89.1,69.1,776.0,450.0,693.0,467.0,536.6666666666666,0.7244444444444444,99.5,740.7916666666666
104,1999,7,Maharashtra,Satara,91.0,84.3,926.0,776.0,450.0,693.0,639.6666666666666,0.19329896907216493,89.1,649.28
104,2000,7,Maharashtra,Satara,89.9,52.6,585.0,926.0,776.0,450.0,717.3333333333334,-0.36825053995680346,91.0,584.7272727272727
104,2001,7,Maharashtra,Satara,66.1,31.0,469.0,585.0,926.0,776.0,762.3333333333334,-0.19829059829059825,89.9,515.7272727272727
104,2002,7,Maharashtra,Satara,89.9,36.6,407.0,469.0,585.0,926.0,660.0,-0.13219616204690832,66.1,676.7727272727273
104,2003,7,Maharashtra,Satara,23.3,6.1,262.0,407.0,469.0,585.0,487.0,-0.35626535626535627,89.9,582.6363636363636
104,2004,7,Maharashtra,Satara,92.9,79.0,850.0,262.0,407.0,469.0,379.3333333333333,2.2442748091603053,23.3,622.1363636363636
104,2005,7,Maharashtra,Satara,72.5,23.5,324.0,850.0,262.0,407.0,506.3333333333333,-0.6188235294117648,92.9,596.3181818181819
104,2006,7,Maharashtra,Satara,84.5,24.6,291.0,324.0,850.0,262.0,478.6666666666667,-0.10185185185185186,72.5,632.8571428571429
104,2007,7,Maharashtra,Satara,84.1,48.5,577.0,291.0,324.0,850.0,488.3333333333333,0.9828178694158076,84.5,736.9090909090909
104,2008,7,Maharashtra,Satara,6.4,3.3,516.0,577.0,291.0,324.0,397.3333333333333,-0.10571923743500866,84.1,642.4545454545455
104,2009,7,Maharashtra,Satara,74.9,36.28,484.0,516.0,577.0,291.0,461.3333333333333,-0.06201550387596899,6.4,685.7142857142857
104,2010,7,Maharashtra,Satara,75.6,59.2,783.0,484.0,516.0,577.0,525.6666666666666,0.6177685950413223,74.9,847.1428571428571
104,2011,7,Maharashtra,Satara,25.7,16.4,638.0,783.0,484.0,516.0,594.3333333333334,-0.18518518518518523,75.6,833.2380952380952
104,2012,7,Maharashtra,Satara,16.3,7.5,460.0,638.0,783.0,484.0,635.0,-0.27899686520376177,25.7,665.85
104,2013,7,Maharashtra,Satara,30.2,15.6,517.0,460.0,638.0,783.0,627.0,0.12391304347826093,16.3,844.578947368421
104,2014,7,Maharashtra,Satara,55.0,22.1,402.0,517.0,460.0,638.0,538.3333333333334,-0.22243713733075432,30.2,504.88235294117646
104,2015,7,Maharashtra,Satara,74.1,26.9,363.0,402.0,517.0,460.0,459.6666666666667,-0.09701492537313428,55.0,369.5625
104,2016,7,Maharashtra,Satara,72.1,52.8,732.0,363.0,402.0,517.0,427.3333333333333,1.0165289256198347,74.1,650.1818181818181
104,2017,7,Maharashtra,Satara,67.4,34.1,506.0,732.0,363.0,402.0,499.0,-0.3087431693989071,72.1,609.0952380952381
104,2018,7,Maharashtra,Satara,51.48,26.88,522.0,506.0,732.0,363.0,533.6666666666666,0.031620553359683834,67.4,423.63157894736844
104,2019,7,Maharashtra,Satara,57.3,29.62,517.0,522.0,506.0,732.0,586.6666666666666,-0.009578544061302652,51.48,578.837
105,1993,7,Maharashtra,Sangli,69.8,28.7,411.0,416.0,297.0,234.0,315.6666666666667,-0.012019230769230727,92.8,750.1904761904761
105,1994,7,Maharashtra,Sangli,84.3,36.9,438.0,411.0,416.0,297.0,374.6666666666667,0.06569343065693434,69.8,660.3636363636364
105,1995,7,Maharashtra,Sangli,84.6,24.6,291.0,438.0,411.0,416.0,421.6666666666667,-0.3356164383561644,84.3,632.1904761904761
105,1996,7,Maharashtra,Sangli,95.7,44.6,466.0,291.0,438.0,411.0,380.0,0.6013745704467355,84.6,856.9545454545455
105,1997,7,Maharashtra,Sangli,112.9,58.5,518.0,466.0,291.0,438.0,398.3333333333333,0.11158798283261806,95.7,597.0434782608696
105,1998,7,Maharashtra,Sangli,100.6,53.4,531.0,518.0,466.0,291.0,425.0,0.025096525096525157,112.9,740.7916666666666
105,1999,7,Maharashtra,Sangli,102.6,56.4,550.0,531.0,518.0,466.0,505.0,0.03578154425612046,100.6,649.28
105,2000,7,Maharashtra,Sangli,105.3,44.6,424.0,550.0,531.0,518.0,533.0,-0.22909090909090912,102.6,584.7272727272727
105,2001,7,Maharashtra,Sangli,42.5,7.6,179.0,424.0,550.0,531.0,501.6666666666667,-0.5778301886792453,105.3,515.7272727272727
105,2002,7,Maharashtra,Sangli,64.4,9.5,148.0,179.0,424.0,550.0,384.3333333333333,-0.17318435754189943,42.5,676.7727272727273
105,2003,7,Maharashtra,Sangli,11.2,0.4,36.0,148.0,179.0,424.0,250.33333333333334,-0.7567567567567568,64.4,582.6363636363636
105,2004,7,Maharashtra,Sangli,95.6,45.9,480.0,36.0,148.0,179.0,121.0,12.333333333333334,11.2,622.1363636363636
105,2005,7,Maharashtra,Sangli,74.2,27.5,371.0,480.0,36.0,148.0,221.33333333333334,-0.2270833333333333,95.6,596.3181818181819
105,2006,7,Maharashtra,Sangli,92.7,35.0,378.0,371.0,480.0,36.0,295.6666666666667,0.018867924528301883,74.2,632.8571428571429
105,2007,7,Maharashtra,Sangli,86.7,34.4,397.0,378.0,371.0,480.0,409.6666666666667,0.050264550264550234,92.7,736.9090909090909
105,2008,7,Maharashtra,Sangli,12.5,0.9,72.0,397.0,378.0,371.0,382.0,-0.818639798488665,86.7,642.4545454545455
105,2009,7,Maharashtra,Sangli,54.1,18.21,337.0,72.0,397.0,378.0,282.3333333333333,3.6805555555555554,12.5,685.7142857142857
105,2010,7,Maharashtra,Sangli,74.9,62.5,834.0,337.0,72.0,397.0,268.6666666666667,1.4747774480712166,54.1,847.1428571428571
105,2011,7,Maharashtra,Sangli,26.3,6.4,243.0,834.0,337.0,72.0,414.3333333333333,-0.7086330935251799,74.9,833.2380952380952
105,2012,7,Maharashtra,Sangli,22.1,4.8,217.0,243.0,834.0,337.0,471.3333333333333,-0.10699588477366251,26.3,665.85
105,2013,7,Maharashtra,Sangli,24.2,7.2,298.0,217.0,243.0,834.0,431.3333333333333,0.3732718894009217,22.1,844.578947368421
105,2014,7,Maharashtra,Sangli,69.6,53.1,763.0,298.0,217.0,243.0,252.66666666666666,1.5604026845637584,24.2,504.88235294117646
105,2015,7,Maharashtra,Sangli,33.9,8.1,239.0,763.0,298.0,217.0,426.0,-0.6867627785058978,69.6,369.5625
105,2016,7,Maharashtra,Sangli,66.1,47.1,713.0,239.0,763.0,298.0,433.3333333333333,1.98326359832636,33.9,650.1818181818181
105,2017,7,Maharashtra,Sangli,58.8,8.7,148.0,713.0,239.0,763.0,571.6666666666666,-0.7924263674614306,66.1,609.0952380952381
105,2018,7,Maharashtra,Sangli,33.72,7.95,236.0,148.0,713.0,239.0,366.6666666666667,0.5945945945945945,58.8,423.63157894736844
105,2019,7,Maharashtra,Sangli,55.93,19.76,353.0,236.0,148.0,713.0,365.6666666666667,0.4957627118644068,33.72,578.837
106,1993,7,Maharashtra,Solapur,32.8,19.9,607.0,293.0,375.0,383.0,350.3333333333333,1.0716723549488054,41.3,750.1904761904761
106,1994,7,Maharashtra,Solapur,32.7,12.9,394.0,607.0,293.0,375.0,425.0,-0.35090609555189456,32.8,660.3636363636364
106,1995,7,Maharashtra,Solapur,26.4,11.2,424.0,394.0,607.0,293.0,431.3333333333333,0.07614213197969533,32.7,632.1904761904761
106,1996,7,Maharashtra,Solapur,26.8,12.7,474.0,424.0,394.0,607.0,475.0,0.11792452830188682,26.4,856.9545454545455
106,1997,7,Maharashtra,Solapur,23.4,12.0,513.0,474.0,424.0,394.0,430.6666666666667,0.08227848101265822,26.8,597.0434782608696
106,1998,7,Maharashtra,Solapur,37.4,18.9,505.0,513.0,474.0,424.0,470.3333333333333,-0.015594541910331383,23.4,740.7916666666666
106,1999,7,Maharashtra,Solapur,57.2,19.3,337.0,505.0,513.0,474.0,497.3333333333333,-0.33267326732673264,37.4,649.28
106,2000,7,Maharashtra,Solapur,53.3,22.1,415.0,337.0,505.0,513.0,451.6666666666667,0.2314540059347181,57.2,584.7272727272727
106,2001,7,Maharashtra,Solapur,11.8,5.4,458.0,415.0,337.0,505.0,419.0,0.10361445783132539,53.3,515.7272727272727
106,2002,7,Maharashtra,Solapur,25.1,9.5,378.0,458.0,415.0,337.0,403.3333333333333,-0.1746724890829694,11.8,676.7727272727273
106,2003,7,Maharashtra,Solapur,9.7,3.7,381.0,378.0,458.0,415.0,417.0,0.007936507936507908,25.1,582.6363636363636
106,2004,7,Maharashtra,Solapur,26.2,15.0,573.0,381.0,378.0,458.0,405.6666666666667,0.5039370078740157,9.7,622.1363636363636
106,2005,7,Maharashtra,Solapur,14.8,6.7,453.0,573.0,381.0,378.0,444.0,-0.2094240837696335,26.2,596.3181818181819
106,2006,7,Maharashtra,Solapur,27.5,7.7,280.0,453.0,573.0,381.0,469.0,-0.3818984547461368,14.8,632.8571428571429
106,2007,7,Maharashtra,Solapur,21.5,9.1,423.0,280.0,453.0,573.0,435.3333333333333,0.5107142857142857,27.5,736.9090909090909
106,2008,7,Maharashtra,Solapur,1.8,0.8,444.0,423.0,280.0,453.0,385.3333333333333,0.049645390070921946,21.5,642.4545454545455
106,2009,7,Maharashtra,Solapur,14.4,5.24,364.0,444.0,423.0,280.0,382.3333333333333,-0.18018018018018023,1.8,685.7142857142857
106,2010,7,Maharashtra,Solapur,18.4,9.6,522.0,364.0,444.0,423.0,410.3333333333333,0.4340659340659341,14.4,847.1428571428571
106,2011,7,Maharashtra,Solapur,9.9,3.9,394.0,522.0,364.0,444.0,443.3333333333333,-0.24521072796934862,18.4,833.2380952380952
106,2012,7,Maharashtra,Solapur,6.3,2.4,381.0,394.0,522.0,364.0,426.6666666666667,-0.032994923857868064,9.9,665.85
106,2013,7,Maharashtra,Solapur,6.3,2.2,349.0,381.0,394.0,522.0,432.3333333333333,-0.08398950131233596,6.3,844.578947368421
106,2014,7,Maharashtra,Solapur,5.5,2.2,400.0,349.0,381.0,394.0,374.6666666666667,0.14613180515759305,6.3,504.88235294117646
106,2015,7,Maharashtra,Solapur,14.8,3.4,230.0,400.0,349.0,381.0,376.6666666666667,-0.42500000000000004,5.5,369.5625
106,2016,7,Maharashtra,Solapur,26.9,9.4,349.0,230.0,400.0,349.0,326.3333333333333,0.517391304347826,14.8,650.1818181818181
106,2017,7,Maharashtra,Solapur,28.6,9.74,341.0,349.0,230.0,400.0,326.3333333333333,-0.022922636103151817,26.9,609.0952380952381
106,2018,7,Maharashtra,Solapur,23.79,3.2,135.0,341.0,349.0,230.0,306.6666666666667,-0.6041055718475073,28.6,423.63157894736844
106,2019,7,Maharashtra,Solapur,49.81,11.53,231.0,135.0,341.0,349.0,275.0,0.711111111111111,23.79,578.837
107,1993,7,Maharashtra,Kolhapur,0.1,0.1,1000.0,1000.0,250.0,250.0,500.0,0.0,0.1,750.1904761904761
107,1994,7,Maharashtra,Kolhapur,0.1,0.1,1000.0,1000.0,1000.0,250.0,750.0,0.0,0.1,660.3636363636364
107,1995,7,Maharashtra,Kolhapur,0.1,0.1,1000.0,1000.0,1000.0,1000.0,1000.0,0.0,0.1,632.1904761904761
107,1996,7,Maharashtra,Kolhapur,0.1,0.1,1000.0,1000.0,1000.0,1000.0,1000.0,0.0,0.1,856.9545454545455
107,1997,7,Maharashtra,Kolhapur,0.3,0.1,333.0,1000.0,1000.0,1000.0,1000.0,-0.667,0.1,597.0434782608696
107,1998,7,Maharashtra,Kolhapur,0.1,0.1,1000.0,333.0,1000.0,1000.0,777.6666666666666,2.003003003003003,0.3,740.7916666666666
107,1999,7,Maharashtra,Kolhapur,0.1,0.1,1000.0,1000.0,333.0,1000.0,777.6666666666666,0.0,0.1,649.28
108,1993,7,Maharashtra,Aurangabad,186.7,188.3,1009.0,907.0,359.0,619.0,628.3333333333334,0.11245865490628448,188.0,750.1904761904761
108,1994,7,Maharashtra,Aurangabad,172.7,103.2,598.0,1009.0,907.0,359.0,758.3333333333334,-0.40733399405351833,186.7,660.3636363636364
108,1995,7,Maharashtra,Aurangabad,158.5,96.7,610.0,598.0,1009.0,907.0,838.0,0.02006688963210701,172.7,632.1904761904761
108,1996,7,Maharashtra,Aurangabad,172.9,189.2,1094.0,610.0,598.0,1009.0,739.0,0.7934426229508196,158.5,856.9545454545455
108,1997,7,Maharashtra,Aurangabad,148.4,117.3,790.0,1094.0,610.0,598.0,767.3333333333334,-0.27787934186471663,172.9,597.0434782608696
108,1998,7,Maharashtra,Aurangabad,131.0,116.6,890.0,790.0,1094.0,610.0,831.3333333333334,0.12658227848101267,148.4,740.7916666666666
108,1999,7,Maharashtra,Aurangabad,138.6,123.3,890.0,890.0,790.0,1094.0,924.6666666666666,0.0,131.0,649.28
108,2000,7,Maharashtra,Aurangabad,161.0,120.1,746.0,890.0,890.0,790.0,856.6666666666666,-0.16179775280898878,138.6,584.7272727272727
108,2001,7,Maharashtra,Aurangabad,137.4,86.7,631.0,746.0,890.0,890.0,842.0,-0.15415549597855227,161.0,515.7272727272727
108,2002,7,Maharashtra,Aurangabad,149.9,131.1,875.0,631.0,746.0,890.0,755.6666666666666,0.386687797147385,137.4,676.7727272727273
108,2003,7,Maharashtra,Aurangabad,128.7,110.2,856.0,875.0,631.0,746.0,750.6666666666666,-0.021714285714285686,149.9,582.6363636363636
108,2004,7,Maharashtra,Aurangabad,128.9,107.9,837.0,856.0,875.0,631.0,787.3333333333334,-0.02219626168224298,128.7,622.1363636363636
108,2005,7,Maharashtra,Aurangabad,131.4,150.0,1142.0,837.0,856.0,875.0,856.0,0.36439665471923544,128.9,596.3181818181819
108,2006,7,Maharashtra,Aurangabad,123.1,139.4,1132.0,1142.0,837.0,856.0,945.0,-0.008756567425569184,131.4,632.8571428571429
108,2007,7,Maharashtra,Aurangabad,111.6,136.45,1223.0,1132.0,1142.0,837.0,1037.0,0.0803886925795052,123.1,736.9090909090909
108,2008,7,Maharashtra,Aurangabad,109.1,103.5,949.0,1223.0,1132.0,1142.0,1165.6666666666667,-0.22403924775143091,111.6,642.4545454545455
108,2009,7,Maharashtra,Aurangabad,122.4,121.8,995.0,949.0,1223.0,1132.0,1101.3333333333333,0.04847207586933622,109.1,685.7142857142857
108,2010,7,Maharashtra,Aurangabad,89.8,126.5,1409.0,995.0,949.0,1223.0,1055.6666666666667,0.41608040201005014,122.4,847.1428571428571
108,2011,7,Maharashtra,Aurangabad,68.5,87.8,1282.0,1409.0,995.0,949.0,1117.6666666666667,-0.09013484740951028,89.8,833.2380952380952
108,2012,7,Maharashtra,Aurangabad,68.5,44.54,650.0,1282.0,1409.0,995.0,1228.6666666666667,-0.4929797191887676,68.5,665.85
108,2013,7,Maharashtra,Aurangabad,31.0,38.0,1226.0,650.0,1282.0,1409.0,1113.6666666666667,0.8861538461538461,68.5,844.578947368421
108,2014,7,Maharashtra,Aurangabad,45.3,24.2,534.0,1226.0,650.0,1282.0,1052.6666666666667,-0.564437194127243,31.0,504.88235294117646
108,2015,7,Maharashtra,Aurangabad,51.9,22.4,432.0,534.0,1226.0,650.0,803.3333333333334,-0.1910112359550562,45.3,369.5625
108,2016,7,Maharashtra,Aurangabad,52.0,57.9,1113.0,432.0,534.0,1226.0,730.6666666666666,1.5763888888888888,51.9,650.1818181818181
108,2017,7,Maharashtra,Aurangabad,54.2,37.2,686.0,1113.0,432.0,534.0,693.0,-0.3836477987421384,52.0,609.0952380952381
108,2018,7,Maharashtra,Aurangabad,54.73,24.91,455.0,686.0,1113.0,432.0,743.6666666666666,-0.33673469387755106,54.2,423.63157894736844
108,2019,7,Maharashtra,Aurangabad,59.44,54.26,913.0,455.0,686.0,1113.0,751.3333333333334,1.0065934065934066,54.73,578.837
109,1993,7,Maharashtra,Parbhani,10.5,7.8,743.0,767.0,274.0,562.0,534.3333333333334,-0.0312907431551499,10.3,750.1904761904761
109,1994,7,Maharashtra,Parbhani,8.6,6.0,698.0,743.0,767.0,274.0,594.6666666666666,-0.060565275908479155,10.5,660.3636363636364
109,1995,7,Maharashtra,Parbhani,9.1,5.6,615.0,698.0,743.0,767.0,736.0,-0.11891117478510027,8.6,632.1904761904761
109,1996,7,Maharashtra,Parbhani,9.4,6.4,681.0,615.0,698.0,743.0,685.3333333333334,0.1073170731707318,9.1,856.9545454545455
109,1997,7,Maharashtra,Parbhani,9.4,4.3,457.0,681.0,615.0,698.0,664.6666666666666,-0.328928046989721,9.4,597.0434782608696
109,1998,7,Maharashtra,Parbhani,8.2,4.8,585.0,457.0,681.0,615.0,584.3333333333334,0.2800875273522976,9.4,740.7916666666666
109,1999,7,Maharashtra,Parbhani,7.4,5.2,703.0,585.0,457.0,681.0,574.3333333333334,0.20170940170940166,8.2,649.28
109,2000,7,Maharashtra,Parbhani,9.2,6.0,652.0,703.0,585.0,457.0,581.6666666666666,-0.07254623044096731,7.4,584.7272727272727
109,2001,7,Maharashtra,Parbhani,9.6,4.3,448.0,652.0,703.0,585.0,646.6666666666666,-0.31288343558282206,9.2,515.7272727272727
109,2002,7,Maharashtra,Parbhani,9.8,8.3,847.0,448.0,652.0,703.0,601.0,0.890625,9.6,676.7727272727273
109,2003,7,Maharashtra,Parbhani,9.7,7.1,732.0,847.0,448.0,652.0,649.0,-0.13577331759149946,9.8,582.6363636363636
109,2004,7,Maharashtra,Parbhani,10.5,5.9,562.0,732.0,847.0,448.0,675.6666666666666,-0.23224043715846998,9.7,622.1363636363636
109,2005,7,Maharashtra,Parbhani,6.5,4.2,646.0,562.0,732.0,847.0,713.6666666666666,0.14946619217081847,10.5,596.3181818181819
109,2006,7,Maharashtra,Parbhani,6.7,3.8,567.0,646.0,562.0,732.0,646.6666666666666,-0.1222910216718266,6.5,632.8571428571429
109,2007,7,Maharashtra,Parbhani,6.3,4.31,684.0,567.0,646.0,562.0,591.6666666666666,0.20634920634920628,6.7,736.9090909090909
109,2008,7,Maharashtra,Parbhani,6.2,4.5,726.0,684.0,567.0,646.0,632.3333333333334,0.06140350877192979,6.3,642.4545454545455
109,2009,7,Maharashtra,Parbhani,6.5,3.41,525.0,726.0,684.0,567.0,659.0,-0.27685950413223137,6.2,685.7142857142857
109,2010,7,Maharashtra,Parbhani,7.5,4.9,653.0,525.0,726.0,684.0,645.0,0.24380952380952392,6.5,847.1428571428571
109,2011,7,Maharashtra,Parbhani,5.4,5.0,926.0,653.0,525.0,726.0,634.6666666666666,0.41807044410413474,7.5,833.2380952380952
109,2012,7,Maharashtra,Parbhani,5.6,4.05,723.0,926.0,653.0,525.0,701.3333333333334,-0.21922246220302377,5.4,665.85
109,2013,7,Maharashtra,Parbhani,3.2,2.0,625.0,723.0,926.0,653.0,767.3333333333334,-0.13554633471645916,5.6,844.578947368421
109,2014,7,Maharashtra,Parbhani,4.2,0.4,95.0,625.0,723.0,926.0,758.0,-0.848,3.2,504.88235294117646
109,2015,7,Maharashtra,Parbhani,4.6,0.8,174.0,95.0,625.0,723.0,481.0,0.831578947368421,4.2,369.5625
109,2016,7,Maharashtra,Parbhani,2.54,1.17,461.0,174.0,95.0,625.0,298.0,1.6494252873563218,4.6,650.1818181818181
109,2017,7,Maharashtra,Parbhani,1.35,0.49,362.0,461.0,174.0,95.0,243.33333333333334,-0.2147505422993492,2.54,609.0952380952381
109,2018,7,Maharashtra,Parbhani,0.46,0.28,612.0,362.0,461.0,174.0,332.3333333333333,0.6906077348066297,1.35,423.63157894736844
109,2019,7,Maharashtra,Parbhani,0.6,0.28,468.0,612.0,362.0,461.0,478.3333333333333,-0.23529411764705888,0.46,578.837
110,1993,7,Maharashtra,Bid,179.3,146.7,818.0,1042.0,304.0,518.0,621.3333333333334,-0.2149712092130518,187.5,750.1904761904761
110,1994,7,Maharashtra,Bid,168.4,81.2,482.0,818.0,1042.0,304.0,721.3333333333334,-0.41075794621026895,179.3,660.3636363636364
110,1995,7,Maharashtra,Bid,194.4,172.6,888.0,482.0,818.0,1042.0,780.6666666666666,0.842323651452282,168.4,632.1904761904761
110,1996,7,Maharashtra,Bid,208.0,191.0,918.0,888.0,482.0,818.0,729.3333333333334,0.03378378378378377,194.4,856.9545454545455
110,1997,7,Maharashtra,Bid,162.6,83.8,515.0,918.0,888.0,482.0,762.6666666666666,-0.4389978213507625,208.0,597.0434782608696
110,1998,7,Maharashtra,Bid,176.8,116.6,660.0,515.0,918.0,888.0,773.6666666666666,0.2815533980582525,162.6,740.7916666666666
110,1999,7,Maharashtra,Bid,181.5,124.3,685.0,660.0,515.0,918.0,697.6666666666666,0.037878787878787845,176.8,649.28
110,2000,7,Maharashtra,Bid,213.6,170.5,798.0,685.0,660.0,515.0,620.0,0.16496350364963508,181.5,584.7272727272727
110,2001,7,Maharashtra,Bid,151.4,74.4,491.0,798.0,685.0,660.0,714.3333333333334,-0.38471177944862156,213.6,515.7272727272727
110,2002,7,Maharashtra,Bid,187.1,156.9,839.0,491.0,798.0,685.0,658.0,0.7087576374745417,151.4,676.7727272727273
110,2003,7,Maharashtra,Bid,180.5,100.2,555.0,839.0,491.0,798.0,709.3333333333334,-0.3384982121573301,187.1,582.6363636363636
110,2004,7,Maharashtra,Bid,176.2,109.1,619.0,555.0,839.0,491.0,628.3333333333334,0.11531531531531525,180.5,622.1363636363636
110,2005,7,Maharashtra,Bid,191.3,129.3,676.0,619.0,555.0,839.0,671.0,0.09208400646203563,176.2,596.3181818181819
110,2006,7,Maharashtra,Bid,184.1,154.1,837.0,676.0,619.0,555.0,616.6666666666666,0.23816568047337272,191.3,632.8571428571429
110,2007,7,Maharashtra,Bid,162.5,116.72,718.0,837.0,676.0,619.0,710.6666666666666,-0.14217443249701311,184.1,736.9090909090909
110,2008,7,Maharashtra,Bid,135.0,98.1,727.0,718.0,837.0,676.0,743.6666666666666,0.012534818941504211,162.5,642.4545454545455
110,2009,7,Maharashtra,Bid,131.7,103.34,785.0,727.0,718.0,837.0,760.6666666666666,0.079779917469051,135.0,685.7142857142857
110,2010,7,Maharashtra,Bid,122.5,112.8,921.0,785.0,727.0,718.0,743.3333333333334,0.17324840764331206,131.7,847.1428571428571
110,2011,7,Maharashtra,Bid,107.1,108.9,1017.0,921.0,785.0,727.0,811.0,0.10423452768729646,122.5,833.2380952380952
110,2012,7,Maharashtra,Bid,107.1,68.97,644.0,1017.0,921.0,785.0,907.6666666666666,-0.3667649950835792,107.1,665.85
110,2013,7,Maharashtra,Bid,122.1,130.3,1067.0,644.0,1017.0,921.0,860.6666666666666,0.6568322981366459,107.1,844.578947368421
110,2014,7,Maharashtra,Bid,127.1,56.2,442.0,1067.0,644.0,1017.0,909.3333333333334,-0.5857544517338331,122.1,504.88235294117646
110,2015,7,Maharashtra,Bid,127.6,32.8,257.0,442.0,1067.0,644.0,717.6666666666666,-0.418552036199095,127.1,369.5625
110,2016,7,Maharashtra,Bid,144.7,93.09,643.0,257.0,442.0,1067.0,588.6666666666666,1.5019455252918288,127.6,650.1818181818181
110,2017,7,Maharashtra,Bid,152.7,90.24,591.0,643.0,257.0,442.0,447.3333333333333,-0.08087091757387244,144.7,609.0952380952381
110,2018,7,Maharashtra,Bid,57.51,15.49,269.0,591.0,643.0,257.0,497.0,-0.5448392554991539,152.7,423.63157894736844
110,2019,7,Maharashtra,Bid,64.5,51.58,800.0,269.0,591.0,643.0,501.0,1.973977695167286,57.51,578.837
111,1993,7,Maharashtra,Nanded,0.7,0.6,857.0,636.0,154.0,588.0,459.3333333333333,0.34748427672955984,1.1,750.1904761904761
111,1994,7,Maharashtra,Nanded,1.3,0.7,538.0,857.0,636.0,154.0,549.0,-0.3722287047841307,0.7,660.3636363636364
111,1995,7,Maharashtra,Nanded,1.8,1.3,722.0,538.0,857.0,636.0,677.0,0.3420074349442379,1.3,632.1904761904761
111,1996,7,Maharashtra,Nanded,0.7,0.5,714.0,722.0,538.0,857.0,705.6666666666666,-0.011080332409972304,1.8,856.9545454545455
111,1997,7,Maharashtra,Nanded,0.9,0.4,444.0,714.0,722.0,538.0,658.0,-0.37815126050420167,0.7,597.0434782608696
111,1998,7,Maharashtra,Nanded,0.3,0.2,667.0,444.0,714.0,722.0,626.6666666666666,0.5022522522522523,0.9,740.7916666666666
111,1999,7,Maharashtra,Nanded,0.3,0.15,500.0,667.0,444.0,714.0,608.3333333333334,-0.2503748125937032,0.3,649.28
111,2000,7,Maharashtra,Nanded,0.2,0.1,500.0,500.0,667.0,444.0,537.0,0.0,0.3,584.7272727272727
111,2001,7,Maharashtra,Nanded,0.5,0.2,400.0,500.0,500.0,667.0,555.6666666666666,-0.19999999999999996,0.2,515.7272727272727
111,2002,7,Maharashtra,Nanded,0.7,0.5,714.0,400.0,500.0,500.0,466.6666666666667,0.7849999999999999,0.5,676.7727272727273
111,2003,7,Maharashtra,Nanded,0.6,0.3,500.0,714.0,400.0,500.0,538.0,-0.2997198879551821,0.7,582.6363636363636
111,2004,7,Maharashtra,Nanded,0.2,0.1,500.0,500.0,714.0,400.0,538.0,0.0,0.6,622.1363636363636
111,2005,7,Maharashtra,Nanded,0.1,0.1,1000.0,500.0,500.0,714.0,571.3333333333334,1.0,0.2,596.3181818181819
111,2007,7,Maharashtra,Nanded,0.6,0.32,533.0,1000.0,500.0,500.0,666.6666666666666,-0.46699999999999997,0.1,736.9090909090909
111,2008,7,Maharashtra,Nanded,0.2,0.1,500.0,533.0,1000.0,500.0,677.6666666666666,-0.06191369606003749,0.6,642.4545454545455
111,2019,7,Maharashtra,Nanded,0.14,0.03,225.0,500.0,533.0,1000.0,677.6666666666666,-0.55,0.2,578.837
112,1993,7,Maharashtra,Osmanabad,11.8,9.4,797.0,788.0,170.0,408.0,455.3333333333333,0.011421319796954377,9.9,750.1904761904761
112,1994,7,Maharashtra,Osmanabad,10.5,5.9,562.0,797.0,788.0,170.0,585.0,-0.2948557089084065,11.8,660.3636363636364
112,1995,7,Maharashtra,Osmanabad,17.0,10.5,618.0,562.0,797.0,788.0,715.6666666666666,0.0996441281138789,10.5,632.1904761904761
112,1996,7,Maharashtra,Osmanabad,19.3,14.7,762.0,618.0,562.0,797.0,659.0,0.23300970873786397,17.0,856.9545454545455
112,1997,7,Maharashtra,Osmanabad,17.0,5.3,312.0,762.0,618.0,562.0,647.3333333333334,-0.5905511811023623,19.3,597.0434782608696
112,1998,7,Maharashtra,Osmanabad,17.6,8.6,489.0,312.0,762.0,618.0,564.0,0.5673076923076923,17.0,740.7916666666666
112,1999,7,Maharashtra,Osmanabad,19.1,8.0,419.0,489.0,312.0,762.0,521.0,-0.14314928425357876,17.6,649.28
112,2000,7,Maharashtra,Osmanabad,19.7,10.6,538.0,419.0,489.0,312.0,406.6666666666667,0.2840095465393795,19.1,584.7272727272727
112,2001,7,Maharashtra,Osmanabad,18.5,5.5,297.0,538.0,419.0,489.0,482.0,-0.44795539033457255,19.7,515.7272727272727
112,2002,7,Maharashtra,Osmanabad,20.5,8.3,405.0,297.0,538.0,419.0,418.0,0.36363636363636354,18.5,676.7727272727273
112,2003,7,Maharashtra,Osmanabad,19.7,5.5,279.0,405.0,297.0,538.0,413.3333333333333,-0.3111111111111111,20.5,582.6363636363636
112,2004,7,Maharashtra,Osmanabad,19.2,6.6,344.0,279.0,405.0,297.0,327.0,0.23297491039426532,19.7,622.1363636363636
112,2005,7,Maharashtra,Osmanabad,20.1,8.5,423.0,344.0,279.0,405.0,342.6666666666667,0.22965116279069764,19.2,596.3181818181819
112,2006,7,Maharashtra,Osmanabad,20.0,10.2,510.0,423.0,344.0,279.0,348.6666666666667,0.2056737588652482,20.1,632.8571428571429
112,2007,7,Maharashtra,Osmanabad,20.6,10.15,493.0,510.0,423.0,344.0,425.6666666666667,-0.033333333333333326,20.0,736.9090909090909
112,2008,7,Maharashtra,Osmanabad,17.1,7.7,450.0,493.0,510.0,423.0,475.3333333333333,-0.08722109533468558,20.6,642.4545454545455
112,2009,7,Maharashtra,Osmanabad,17.6,7.96,452.0,450.0,493.0,510.0,484.3333333333333,0.004444444444444473,17.1,685.7142857142857
112,2010,7,Maharashtra,Osmanabad,16.6,6.7,404.0,452.0,450.0,493.0,465.0,-0.10619469026548678,17.6,847.1428571428571
112,2011,7,Maharashtra,Osmanabad,16.8,9.4,560.0,404.0,452.0,450.0,435.3333333333333,0.38613861386138604,16.6,833.2380952380952
112,2012,7,Maharashtra,Osmanabad,17.2,5.19,302.0,560.0,404.0,452.0,472.0,-0.46071428571428574,16.8,665.85
112,2013,7,Maharashtra,Osmanabad,17.7,12.0,678.0,302.0,560.0,404.0,422.0,1.2450331125827816,17.2,844.578947368421
112,2014,7,Maharashtra,Osmanabad,17.7,4.4,249.0,678.0,302.0,560.0,513.3333333333334,-0.6327433628318584,17.7,504.88235294117646
112,2015,7,Maharashtra,Osmanabad,10.2,1.7,167.0,249.0,678.0,302.0,409.6666666666667,-0.3293172690763052,17.7,369.5625
112,2016,7,Maharashtra,Osmanabad,10.4,3.3,317.0,167.0,249.0,678.0,364.6666666666667,0.8982035928143712,10.2,650.1818181818181
112,2017,7,Maharashtra,Osmanabad,9.9,4.6,465.0,317.0,167.0,249.0,244.33333333333334,0.4668769716088328,10.4,609.0952380952381
112,2018,7,Maharashtra,Osmanabad,8.75,1.09,125.0,465.0,317.0,167.0,316.3333333333333,-0.7311827956989247,9.9,423.63157894736844
112,2019,7,Maharashtra,Osmanabad,7.68,2.34,304.0,125.0,465.0,317.0,302.3333333333333,1.432,8.75,578.837
113,1993,7,Maharashtra,Buldhana,13.3,7.3,549.0,619.0,200.0,602.0,473.6666666666667,-0.11308562197092087,16.8,750.1904761904761
113,1994,7,Maharashtra,Buldhana,11.8,8.3,703.0,549.0,619.0,200.0,456.0,0.28051001821493626,13.3,660.3636363636364
113,1995,7,Maharashtra,Buldhana,13.3,9.9,744.0,703.0,549.0,619.0,623.6666666666666,0.05832147937411092,11.8,632.1904761904761
113,1996,7,Maharashtra,Buldhana,7.0,5.3,757.0,744.0,703.0,549.0,665.3333333333334,0.017473118279569988,13.3,856.9545454545455
113,1997,7,Maharashtra,Buldhana,10.9,4.6,422.0,757.0,744.0,703.0,734.6666666666666,-0.44253632760898287,7.0,597.0434782608696
113,1998,7,Maharashtra,Buldhana,5.5,2.9,527.0,422.0,757.0,744.0,641.0,0.2488151658767772,10.9,740.7916666666666
113,1999,7,Maharashtra,Buldhana,7.5,3.8,507.0,527.0,422.0,757.0,568.6666666666666,-0.0379506641366224,5.5,649.28
113,2000,7,Maharashtra,Buldhana,7.9,4.9,620.0,507.0,527.0,422.0,485.3333333333333,0.22287968441814598,7.5,584.7272727272727
113,2001,7,Maharashtra,Buldhana,7.8,2.9,372.0,620.0,507.0,527.0,551.3333333333334,-0.4,7.9,515.7272727272727
113,2002,7,Maharashtra,Buldhana,5.7,3.6,632.0,372.0,620.0,507.0,499.6666666666667,0.6989247311827957,7.8,676.7727272727273
113,2003,7,Maharashtra,Buldhana,4.2,1.9,452.0,632.0,372.0,620.0,541.3333333333334,-0.28481012658227844,5.7,582.6363636363636
113,2004,7,Maharashtra,Buldhana,4.2,1.9,452.0,452.0,632.0,372.0,485.3333333333333,0.0,4.2,622.1363636363636
113,2005,7,Maharashtra,Buldhana,4.2,2.1,500.0,452.0,452.0,632.0,512.0,0.10619469026548667,4.2,596.3181818181819
113,2006,7,Maharashtra,Buldhana,3.7,1.8,486.0,500.0,452.0,452.0,468.0,-0.028000000000000025,4.2,632.8571428571429
113,2007,7,Maharashtra,Buldhana,3.0,1.62,540.0,486.0,500.0,452.0,479.3333333333333,0.11111111111111116,3.7,736.9090909090909
113,2008,7,Maharashtra,Buldhana,3.7,2.0,541.0,540.0,486.0,500.0,508.6666666666667,0.0018518518518517713,3.0,642.4545454545455
113,2009,7,Maharashtra,Buldhana,3.5,2.56,731.0,541.0,540.0,486.0,522.3333333333334,0.3512014787430684,3.7,685.7142857142857
113,2010,7,Maharashtra,Buldhana,3.6,1.9,528.0,731.0,541.0,540.0,604.0,-0.2777017783857729,3.5,847.1428571428571
113,2011,7,Maharashtra,Buldhana,3.3,2.1,636.0,528.0,731.0,541.0,600.0,0.20454545454545459,3.6,833.2380952380952
113,2012,7,Maharashtra,Buldhana,1.9,2.1,1105.0,636.0,528.0,731.0,631.6666666666666,0.7374213836477987,3.3,665.85
113,2013,7,Maharashtra,Buldhana,3.5,2.3,657.0,1105.0,636.0,528.0,756.3333333333334,-0.40542986425339367,1.9,844.578947368421
113,2014,7,Maharashtra,Buldhana,1.7,0.3,176.0,657.0,1105.0,636.0,799.3333333333334,-0.7321156773211568,3.5,504.88235294117646
113,2015,7,Maharashtra,Buldhana,1.9,0.2,105.0,176.0,657.0,1105.0,646.0,-0.40340909090909094,1.7,369.5625
113,2016,7,Maharashtra,Buldhana,2.09,0.7,335.0,105.0,176.0,657.0,312.6666666666667,2.1904761904761907,1.9,650.1818181818181
113,2017,7,Maharashtra,Buldhana,2.18,1.0,459.0,335.0,105.0,176.0,205.33333333333334,0.37014925373134333,2.09,609.0952380952381
113,2018,7,Maharashtra,Buldhana,2.27,0.33,146.0,459.0,335.0,105.0,299.6666666666667,-0.681917211328976,2.18,423.63157894736844
113,2019,7,Maharashtra,Buldhana,2.41,0.55,226.74,146.0,459.0,335.0,313.3333333333333,0.553013698630137,2.27,578.837
114,1993,7,Maharashtra,Akola,6.5,5.4,831.0,672.0,250.0,600.0,507.3333333333333,0.2366071428571428,6.4,750.1904761904761
114,1994,7,Maharashtra,Akola,5.4,3.8,704.0,831.0,672.0,250.0,584.3333333333334,-0.15282791817087849,6.5,660.3636363636364
114,1995,7,Maharashtra,Akola,5.9,4.4,746.0,704.0,831.0,672.0,735.6666666666666,0.05965909090909083,5.4,632.1904761904761
114,1996,7,Maharashtra,Akola,5.1,3.9,765.0,746.0,704.0,831.0,760.3333333333334,0.025469168900804195,5.9,856.9545454545455
114,1997,7,Maharashtra,Akola,5.0,2.1,420.0,765.0,746.0,704.0,738.3333333333334,-0.4509803921568627,5.1,597.0434782608696
114,1998,7,Maharashtra,Akola,1.6,0.8,500.0,420.0,765.0,746.0,643.6666666666666,0.19047619047619047,5.0,740.7916666666666
114,1999,7,Maharashtra,Akola,2.3,1.2,522.0,500.0,420.0,765.0,561.6666666666666,0.04400000000000004,1.6,649.28
114,2000,7,Maharashtra,Akola,2.5,1.5,600.0,522.0,500.0,420.0,480.6666666666667,0.14942528735632177,2.3,584.7272727272727
114,2001,7,Maharashtra,Akola,2.3,0.8,348.0,600.0,522.0,500.0,540.6666666666666,-0.42000000000000004,2.5,515.7272727272727
114,2002,7,Maharashtra,Akola,2.4,1.6,667.0,348.0,600.0,522.0,490.0,0.9166666666666667,2.3,676.7727272727273
114,2003,7,Maharashtra,Akola,1.9,0.9,474.0,667.0,348.0,600.0,538.3333333333334,-0.28935532233883055,2.4,582.6363636363636
114,2004,7,Maharashtra,Akola,1.4,0.6,429.0,474.0,667.0,348.0,496.3333333333333,-0.09493670886075944,1.9,622.1363636363636
114,2005,7,Maharashtra,Akola,1.4,0.7,500.0,429.0,474.0,667.0,523.3333333333334,0.16550116550116556,1.4,596.3181818181819
114,2006,7,Maharashtra,Akola,1.1,0.6,545.0,500.0,429.0,474.0,467.6666666666667,0.09000000000000008,1.4,632.8571428571429
114,2007,7,Maharashtra,Akola,0.9,0.49,544.0,545.0,500.0,429.0,491.3333333333333,-0.0018348623853210455,1.1,736.9090909090909
114,2008,7,Maharashtra,Akola,0.9,0.5,556.0,544.0,545.0,500.0,529.6666666666666,0.022058823529411686,0.9,642.4545454545455
114,2009,7,Maharashtra,Akola,0.6,0.43,717.0,556.0,544.0,545.0,548.3333333333334,0.289568345323741,0.9,685.7142857142857
114,2010,7,Maharashtra,Akola,0.6,0.3,500.0,717.0,556.0,544.0,605.6666666666666,-0.302649930264993,0.6,847.1428571428571
114,2011,7,Maharashtra,Akola,0.5,0.3,600.0,500.0,717.0,556.0,591.0,0.19999999999999996,0.6,833.2380952380952
114,2012,7,Maharashtra,Akola,0.5,0.32,640.0,600.0,500.0,717.0,605.6666666666666,0.06666666666666665,0.5,665.85
114,2013,7,Maharashtra,Akola,0.2,0.1,500.0,640.0,600.0,500.0,580.0,-0.21875,0.5,844.578947368421
114,2014,7,Maharashtra,Akola,0.3,0.1,333.0,500.0,640.0,600.0,580.0,-0.33399999999999996,0.2,504.88235294117646
114,2016,7,Maharashtra,Akola,0.1,0.04,360.0,333.0,500.0,640.0,491.0,0.08108108108108114,0.3,650.1818181818181
114,2017,7,Maharashtra,Akola,0.1,0.05,450.0,360.0,333.0,500.0,397.6666666666667,0.25,0.1,609.0952380952381
114,2018,7,Maharashtra,Akola,0.14,0.02,146.0,450.0,360.0,333.0,381.0,-0.6755555555555556,0.1,423.63157894736844
114,2019,7,Maharashtra,Akola,0.08,0.02,231.0,146.0,450.0,360.0,318.6666666666667,0.5821917808219179,0.14,578.837
115,1993,7,Maharashtra,Amarawati,2.5,2.2,880.0,622.0,195.0,514.0,443.6666666666667,0.414790996784566,3.7,750.1904761904761
115,1994,7,Maharashtra,Amarawati,1.7,1.2,706.0,880.0,622.0,195.0,565.6666666666666,-0.19772727272727275,2.5,660.3636363636364
115,1995,7,Maharashtra,Amarawati,1.6,1.2,750.0,706.0,880.0,622.0,736.0,0.062322946175637384,1.7,632.1904761904761
115,1996,7,Maharashtra,Amarawati,1.6,1.2,750.0,750.0,706.0,880.0,778.6666666666666,0.0,1.6,856.9545454545455
115,1997,7,Maharashtra,Amarawati,2.0,0.8,400.0,750.0,750.0,706.0,735.3333333333334,-0.4666666666666667,1.6,597.0434782608696
115,1998,7,Maharashtra,Amarawati,1.9,1.0,526.0,400.0,750.0,750.0,633.3333333333334,0.31499999999999995,2.0,740.7916666666666
115,1999,7,Maharashtra,Amarawati,1.0,0.5,500.0,526.0,400.0,750.0,558.6666666666666,-0.049429657794676785,1.9,649.28
115,2000,7,Maharashtra,Amarawati,0.9,0.5,556.0,500.0,526.0,400.0,475.3333333333333,0.1120000000000001,1.0,584.7272727272727
115,2001,7,Maharashtra,Amarawati,1.0,0.4,400.0,556.0,500.0,526.0,527.3333333333334,-0.28057553956834536,0.9,515.7272727272727
115,2002,7,Maharashtra,Amarawati,0.8,0.5,625.0,400.0,556.0,500.0,485.3333333333333,0.5625,1.0,676.7727272727273
115,2003,7,Maharashtra,Amarawati,0.8,0.4,500.0,625.0,400.0,556.0,527.0,-0.19999999999999996,0.8,582.6363636363636
115,2004,7,Maharashtra,Amarawati,0.7,0.4,571.0,500.0,625.0,400.0,508.3333333333333,0.1419999999999999,0.8,622.1363636363636
115,2005,7,Maharashtra,Amarawati,0.3,0.1,333.0,571.0,500.0,625.0,565.3333333333334,-0.41681260945709286,0.7,596.3181818181819
115,2006,7,Maharashtra,Amarawati,0.2,0.1,500.0,333.0,571.0,500.0,468.0,0.5015015015015014,0.3,632.8571428571429
115,2007,7,Maharashtra,Amarawati,0.2,0.11,550.0,500.0,333.0,571.0,468.0,0.10000000000000009,0.2,736.9090909090909
115,2008,7,Maharashtra,Amarawati,0.3,0.2,667.0,550.0,500.0,333.0,461.0,0.21272727272727265,0.2,642.4545454545455
115,2009,7,Maharashtra,Amarawati,0.2,0.16,800.0,667.0,550.0,500.0,572.3333333333334,0.199400299850075,0.3,685.7142857142857
115,2010,7,Maharashtra,Amarawati,0.3,0.2,667.0,800.0,667.0,550.0,672.3333333333334,-0.16625,0.2,847.1428571428571
115,2011,7,Maharashtra,Amarawati,0.3,0.2,667.0,667.0,800.0,667.0,711.3333333333334,0.0,0.3,833.2380952380952
115,2012,7,Maharashtra,Amarawati,0.3,0.19,633.0,667.0,667.0,800.0,711.3333333333334,-0.050974512743628186,0.3,665.85
115,2017,7,Maharashtra,Amarawati,0.1,0.05,442.0,633.0,667.0,667.0,655.6666666666666,-0.30173775671406,0.3,609.0952380952381
116,1993,7,Maharashtra,Yeotmal,10.3,8.4,816.0,649.0,217.0,559.0,475.0,0.25731895223420653,13.1,750.1904761904761
116,1994,7,Maharashtra,Yeotmal,9.9,6.9,697.0,816.0,649.0,217.0,560.6666666666666,-0.14583333333333337,10.3,660.3636363636364
116,1995,7,Maharashtra,Yeotmal,9.9,7.4,747.0,697.0,816.0,649.0,720.6666666666666,0.07173601147776187,9.9,632.1904761904761
116,1996,7,Maharashtra,Yeotmal,10.4,7.9,760.0,747.0,697.0,816.0,753.3333333333334,0.01740294511378848,9.9,856.9545454545455
116,1997,7,Maharashtra,Yeotmal,8.5,3.6,424.0,760.0,747.0,697.0,734.6666666666666,-0.4421052631578948,10.4,597.0434782608696
116,1998,7,Maharashtra,Yeotmal,8.9,4.7,528.0,424.0,760.0,747.0,643.6666666666666,0.24528301886792447,8.5,740.7916666666666
116,1999,7,Maharashtra,Yeotmal,8.6,4.4,512.0,528.0,424.0,760.0,570.6666666666666,-0.030303030303030276,8.9,649.28
116,2000,7,Maharashtra,Yeotmal,9.2,5.8,630.0,512.0,528.0,424.0,488.0,0.23046875,8.6,584.7272727272727
116,2001,7,Maharashtra,Yeotmal,7.4,2.7,365.0,630.0,512.0,528.0,556.6666666666666,-0.4206349206349206,9.2,515.7272727272727
116,2002,7,Maharashtra,Yeotmal,5.6,3.5,625.0,365.0,630.0,512.0,502.3333333333333,0.7123287671232876,7.4,676.7727272727273
116,2003,7,Maharashtra,Yeotmal,5.0,2.2,440.0,625.0,365.0,630.0,540.0,-0.29600000000000004,5.6,582.6363636363636
116,2004,7,Maharashtra,Yeotmal,3.6,1.6,444.0,440.0,625.0,365.0,476.6666666666667,0.009090909090909038,5.0,622.1363636363636
116,2005,7,Maharashtra,Yeotmal,3.0,1.5,500.0,444.0,440.0,625.0,503.0,0.12612612612612617,3.6,596.3181818181819
116,2006,7,Maharashtra,Yeotmal,0.8,0.4,500.0,500.0,444.0,440.0,461.3333333333333,0.0,3.0,632.8571428571429
116,2007,7,Maharashtra,Yeotmal,0.7,0.38,543.0,500.0,500.0,444.0,481.3333333333333,0.08600000000000008,0.8,736.9090909090909
116,2008,7,Maharashtra,Yeotmal,1.5,0.8,533.0,543.0,500.0,500.0,514.3333333333334,-0.018416206261510082,0.7,642.4545454545455
116,2009,7,Maharashtra,Yeotmal,1.5,1.1,733.0,533.0,543.0,500.0,525.3333333333334,0.3752345215759849,1.5,685.7142857142857
116,2010,7,Maharashtra,Yeotmal,1.3,0.7,538.0,733.0,533.0,543.0,603.0,-0.26603001364256484,1.5,847.1428571428571
116,2011,7,Maharashtra,Yeotmal,0.4,0.3,750.0,538.0,733.0,533.0,601.3333333333334,0.39405204460966536,1.3,833.2380952380952
116,2012,7,Maharashtra,Yeotmal,0.3,0.25,833.0,750.0,538.0,733.0,673.6666666666666,0.11066666666666669,0.4,665.85
116,2013,7,Maharashtra,Yeotmal,0.1,0.1,1000.0,833.0,750.0,538.0,707.0,0.20048019207683065,0.3,844.578947368421
116,2016,7,Maharashtra,Yeotmal,0.1,0.04,440.0,1000.0,833.0,750.0,861.0,-0.56,0.1,650.1818181818181
116,2017,7,Maharashtra,Yeotmal,0.04,0.02,432.0,440.0,1000.0,833.0,757.6666666666666,-0.018181818181818188,0.1,609.0952380952381
116,2018,7,Maharashtra,Yeotmal,0.08,0.01,141.0,432.0,440.0,1000.0,624.0,-0.6736111111111112,0.04,423.63157894736844
116,2019,7,Maharashtra,Yeotmal,0.06,0.01,224.0,141.0,432.0,440.0,337.6666666666667,0.5886524822695036,0.08,578.837
117,1993,7,Maharashtra,Wardha,0.4,0.3,750.0,500.0,250.0,429.0,393.0,0.5,0.6,750.1904761904761
117,1994,7,Maharashtra,Wardha,0.2,0.1,500.0,750.0,500.0,250.0,500.0,-0.33333333333333337,0.4,660.3636363636364
117,1995,7,Maharashtra,Wardha,0.2,0.1,500.0,500.0,750.0,500.0,583.3333333333334,0.0,0.2,632.1904761904761
117,1996,7,Maharashtra,Wardha,0.2,0.2,1000.0,500.0,500.0,750.0,583.3333333333334,1.0,0.2,856.9545454545455
117,1997,7,Maharashtra,Wardha,0.2,0.1,500.0,1000.0,500.0,500.0,666.6666666666666,-0.5,0.2,597.0434782608696
117,1998,7,Maharashtra,Wardha,0.1,0.1,1000.0,500.0,1000.0,500.0,666.6666666666666,1.0,0.2,740.7916666666666
117,1999,7,Maharashtra,Wardha,0.1,0.1,1000.0,1000.0,500.0,1000.0,833.3333333333334,0.0,0.1,649.28
118,1996,7,Maharashtra,Nagpur,0.2,0.2,1000.0,1000.0,500.0,500.0,666.6666666666666,0.0,0.1,856.9545454545455
118,1997,7,Maharashtra,Nagpur,0.1,0.1,1000.0,1000.0,1000.0,500.0,833.3333333333334,0.0,0.2,597.0434782608696
118,1998,7,Maharashtra,Nagpur,0.1,0.1,1000.0,1000.0,1000.0,1000.0,1000.0,0.0,0.1,740.7916666666666
118,1999,7,Maharashtra,Nagpur,0.1,0.1,1000.0,1000.0,1000.0,1000.0,1000.0,0.0,0.1,649.28
121,1993,3,Gujarat,Ahmedabad,57.0,30.1,528.0,1478.0,460.0,805.0,914.3333333333334,-0.6427604871447903,62.6,692.0588235294117
121,1994,3,Gujarat,Ahmedabad,53.0,36.0,679.0,528.0,1478.0,460.0,822.0,0.2859848484848484,57.0,1062.4705882352941
121,1995,3,Gujarat,Ahmedabad,55.4,50.6,913.0,679.0,528.0,1478.0,895.0,0.34462444771723133,53.0,990.3529411764706
121,1996,3,Gujarat,Ahmedabad,49.4,68.9,1395.0,913.0,679.0,528.0,706.6666666666666,0.5279299014238774,55.4,1330.125
121,1997,3,Gujarat,Ahmedabad,49.1,60.1,1224.0,1395.0,913.0,679.0,995.6666666666666,-0.1225806451612903,49.4,1369.6470588235295
121,1998,3,Gujarat,Ahmedabad,50.9,64.7,1271.0,1224.0,1395.0,913.0,1177.3333333333333,0.0383986928104576,49.1,1224.1176470588234
121,1999,3,Gujarat,Ahmedabad,48.3,54.1,1120.0,1271.0,1224.0,1395.0,1296.6666666666667,-0.11880409126671909,50.9,914.5294117647059
121,2000,3,Gujarat,Ahmedabad,30.5,27.0,885.0,1120.0,1271.0,1224.0,1205.0,-0.2098214285714286,48.3,935.5909090909091
121,2001,3,Gujarat,Ahmedabad,29.7,35.8,1205.0,885.0,1120.0,1271.0,1092.0,0.3615819209039548,30.5,1448.6666666666667
121,2002,3,Gujarat,Ahmedabad,37.8,40.4,1069.0,1205.0,885.0,1120.0,1070.0,-0.11286307053941913,29.7,1155.590909090909
121,2003,3,Gujarat,Ahmedabad,31.3,36.1,1153.0,1069.0,1205.0,885.0,1053.0,0.0785781103835359,37.8,1547.4545454545455
121,2004,3,Gujarat,Ahmedabad,14.7,19.5,1327.0,1153.0,1069.0,1205.0,1142.3333333333333,0.15091066782307028,31.3,1259.3181818181818
121,2005,3,Gujarat,Ahmedabad,22.2,22.8,1027.0,1327.0,1153.0,1069.0,1183.0,-0.22607385079125852,14.7,1396.1363636363637
121,2006,3,Gujarat,Ahmedabad,24.6,19.1,776.0,1027.0,1327.0,1153.0,1169.0,-0.24440116845180138,22.2,1213.952380952381
121,2007,3,Gujarat,Ahmedabad,22.4,22.1,987.0,776.0,1027.0,1327.0,1043.3333333333333,0.2719072164948453,24.6,1595.952380952381
121,2008,3,Gujarat,Ahmedabad,16.4,24.4,1488.0,987.0,776.0,1027.0,930.0,0.5075987841945289,22.4,1624.4761904761904
121,2009,3,Gujarat,Ahmedabad,13.6,17.2,1265.0,1488.0,987.0,776.0,1083.6666666666667,-0.1498655913978495,16.4,1447.090909090909
121,2010,3,Gujarat,Ahmedabad,14.6,23.0,1575.0,1265.0,1488.0,987.0,1246.6666666666667,0.24505928853754932,13.6,1734.9545454545455
121,2011,3,Gujarat,Ahmedabad,16.4,27.1,1652.0,1575.0,1265.0,1488.0,1442.6666666666667,0.04888888888888898,14.6,1943.95
121,2012,3,Gujarat,Ahmedabad,2.6,4.5,1731.0,1652.0,1575.0,1265.0,1497.3333333333333,0.04782082324455206,16.4,1657.095238095238
121,2013,3,Gujarat,Ahmedabad,3.01,5.49,1824.0,1731.0,1652.0,1575.0,1652.6666666666667,0.05372616984402079,2.6,2143.2727272727275
121,2014,3,Gujarat,Ahmedabad,2.9,5.13,1769.0,1824.0,1731.0,1652.0,1735.6666666666667,-0.030153508771929793,3.01,2152.9666666666667
121,2015,3,Gujarat,Ahmedabad,1.34,2.6,1940.0,1769.0,1824.0,1731.0,1774.6666666666667,0.09666478236291698,2.9,2088.689655172414
121,2016,3,Gujarat,Ahmedabad,1.65,4.44,2696.0,1940.0,1769.0,1824.0,1844.3333333333333,0.3896907216494845,1.34,2088.7586206896553
121,2017,3,Gujarat,Ahmedabad,1.96,4.57,2332.0,2696.0,1940.0,1769.0,2135.0,-0.13501483679525228,1.65,2351.5172413793102
121,2018,3,Gujarat,Ahmedabad,2.41,5.13,2126.0,2332.0,2696.0,1940.0,2322.6666666666665,-0.08833619210977706,1.96,2204.777777777778
121,2019,3,Gujarat,Ahmedabad,1.31,4.05,3099.0,2126.0,2332.0,2696.0,2384.6666666666665,0.45766698024459074,2.41,2517.0666666666666
122,1993,3,Gujarat,Amreli,49.7,33.0,664.0,2109.0,1063.0,1136.0,1436.0,-0.6851588430535799,60.7,692.0588235294117
122,1994,3,Gujarat,Amreli,50.0,75.0,1500.0,664.0,2109.0,1063.0,1278.6666666666667,1.2590361445783134,49.7,1062.4705882352941
122,1995,3,Gujarat,Amreli,52.4,79.6,1519.0,1500.0,664.0,2109.0,1424.3333333333333,0.012666666666666604,50.0,990.3529411764706
122,1996,3,Gujarat,Amreli,51.7,108.1,2091.0,1519.0,1500.0,664.0,1227.6666666666667,0.3765635286372613,52.4,1330.125
122,1997,3,Gujarat,Amreli,50.3,100.7,2002.0,2091.0,1519.0,1500.0,1703.3333333333333,-0.042563366810138725,51.7,1369.6470588235295
122,1998,3,Gujarat,Amreli,55.7,106.5,1912.0,2002.0,2091.0,1519.0,1870.6666666666667,-0.04495504495504499,50.3,1224.1176470588234
122,1999,3,Gujarat,Amreli,49.0,52.4,1069.0,1912.0,2002.0,2091.0,2001.6666666666667,-0.4408995815899581,55.7,914.5294117647059
122,2000,3,Gujarat,Amreli,42.6,31.0,728.0,1069.0,1912.0,2002.0,1661.0,-0.3189897100093545,49.0,935.5909090909091
122,2001,3,Gujarat,Amreli,46.1,87.6,1900.0,728.0,1069.0,1912.0,1236.3333333333333,1.60989010989011,42.6,1448.6666666666667
122,2002,3,Gujarat,Amreli,50.5,93.6,1853.0,1900.0,728.0,1069.0,1232.3333333333333,-0.024736842105263168,46.1,1155.590909090909
122,2003,3,Gujarat,Amreli,31.7,63.1,1991.0,1853.0,1900.0,728.0,1493.6666666666667,0.0744738262277389,50.5,1547.4545454545455
122,2004,3,Gujarat,Amreli,34.4,42.7,1241.0,1991.0,1853.0,1900.0,1914.6666666666667,-0.37669512807634353,31.7,1259.3181818181818
122,2005,3,Gujarat,Amreli,32.2,56.4,1752.0,1241.0,1991.0,1853.0,1695.0,0.41176470588235303,34.4,1396.1363636363637
122,2006,3,Gujarat,Amreli,24.3,40.0,1646.0,1752.0,1241.0,1991.0,1661.3333333333333,-0.060502283105022814,32.2,1213.952380952381
122,2007,3,Gujarat,Amreli,16.7,28.0,1677.0,1646.0,1752.0,1241.0,1546.3333333333333,0.01883353584447134,24.3,1595.952380952381
122,2008,3,Gujarat,Amreli,14.8,26.6,1797.0,1677.0,1646.0,1752.0,1691.6666666666667,0.07155635062611809,16.7,1624.4761904761904
122,2009,3,Gujarat,Amreli,9.5,7.6,800.0,1797.0,1677.0,1646.0,1706.6666666666667,-0.5548135781858654,14.8,1447.090909090909
122,2010,3,Gujarat,Amreli,10.6,19.3,1821.0,800.0,1797.0,1677.0,1424.6666666666667,1.27625,9.5,1734.9545454545455
122,2011,3,Gujarat,Amreli,7.9,12.5,1582.0,1821.0,800.0,1797.0,1472.6666666666667,-0.1312465678198792,10.6,1943.95
122,2012,3,Gujarat,Amreli,4.5,1.9,422.0,1582.0,1821.0,800.0,1401.0,-0.7332490518331226,7.9,1657.095238095238
122,2013,3,Gujarat,Amreli,4.89,10.03,2051.0,422.0,1582.0,1821.0,1275.0,3.8601895734597154,4.5,2143.2727272727275
122,2014,3,Gujarat,Amreli,4.35,8.61,1979.0,2051.0,422.0,1582.0,1351.6666666666667,-0.03510482691370065,4.89,2152.9666666666667
122,2015,3,Gujarat,Amreli,2.71,6.4,2362.0,1979.0,2051.0,422.0,1484.0,0.19353208691258206,4.35,2088.689655172414
122,2016,3,Gujarat,Amreli,3.58,7.79,2174.0,2362.0,1979.0,2051.0,2130.6666666666665,-0.07959356477561386,2.71,2088.7586206896553
122,2017,3,Gujarat,Amreli,3.8,7.95,2095.0,2174.0,2362.0,1979.0,2171.6666666666665,-0.03633854645814172,3.58,2351.5172413793102
122,2018,3,Gujarat,Amreli,3.9,5.77,1480.0,2095.0,2174.0,2362.0,2210.3333333333335,-0.2935560859188544,3.8,2204.777777777778
122,2019,3,Gujarat,Amreli,6.2,16.39,2645.0,1480.0,2095.0,2174.0,1916.3333333333333,0.7871621621621621,3.9,2517.0666666666666
123,1993,3,Gujarat,Banaskantha,348.3,130.9,376.0,662.0,303.0,723.0,562.6666666666666,-0.43202416918429,338.6,692.0588235294117
123,1994,3,Gujarat,Banaskantha,353.0,223.0,632.0,376.0,662.0,303.0,447.0,0.6808510638297873,348.3,1062.4705882352941
123,1995,3,Gujarat,Banaskantha,346.7,178.6,515.0,632.0,376.0,662.0,556.6666666666666,-0.185126582278481,353.0,990.3529411764706
123,1996,3,Gujarat,Banaskantha,222.1,143.5,646.0,515.0,632.0,376.0,507.6666666666667,0.2543689320388349,346.7,1330.125
123,1997,3,Gujarat,Banaskantha,343.8,281.1,818.0,646.0,515.0,632.0,597.6666666666666,0.2662538699690402,222.1,1369.6470588235295
123,1998,3,Gujarat,Banaskantha,344.2,275.9,802.0,818.0,646.0,515.0,659.6666666666666,-0.019559902200488977,343.8,1224.1176470588234
123,1999,3,Gujarat,Banaskantha,343.4,216.4,630.0,802.0,818.0,646.0,755.3333333333334,-0.21446384039900246,344.2,914.5294117647059
123,2000,3,Gujarat,Banaskantha,309.0,207.6,672.0,630.0,802.0,818.0,750.0,0.06666666666666665,343.4,935.5909090909091
123,2001,3,Gujarat,Banaskantha,317.1,294.5,929.0,672.0,630.0,802.0,701.3333333333334,0.3824404761904763,309.0,1448.6666666666667
123,2002,3,Gujarat,Banaskantha,322.0,192.5,598.0,929.0,672.0,630.0,743.6666666666666,-0.356297093649085,317.1,1155.590909090909
123,2003,3,Gujarat,Banaskantha,278.8,406.8,1459.0,598.0,929.0,672.0,733.0,1.439799331103679,322.0,1547.4545454545455
123,2004,3,Gujarat,Banaskantha,237.9,239.7,1008.0,1459.0,598.0,929.0,995.3333333333334,-0.3091158327621659,278.8,1259.3181818181818
123,2005,3,Gujarat,Banaskantha,274.7,313.9,1143.0,1008.0,1459.0,598.0,1021.6666666666666,0.1339285714285714,237.9,1396.1363636363637
123,2006,3,Gujarat,Banaskantha,274.6,216.5,788.0,1143.0,1008.0,1459.0,1203.3333333333333,-0.310586176727909,274.7,1213.952380952381
123,2007,3,Gujarat,Banaskantha,269.1,345.2,1283.0,788.0,1143.0,1008.0,979.6666666666666,0.6281725888324874,274.6,1595.952380952381
123,2008,3,Gujarat,Banaskantha,204.8,205.6,1004.0,1283.0,788.0,1143.0,1071.3333333333333,-0.21745908028059235,269.1,1624.4761904761904
123,2009,3,Gujarat,Banaskantha,180.1,168.8,937.0,1004.0,1283.0,788.0,1025.0,-0.06673306772908372,204.8,1447.090909090909
123,2010,3,Gujarat,Banaskantha,294.0,488.3,1661.0,937.0,1004.0,1283.0,1074.6666666666667,0.7726787620064035,180.1,1734.9545454545455
123,2011,3,Gujarat,Banaskantha,280.6,490.8,1749.0,1661.0,937.0,1004.0,1200.6666666666667,0.052980132450331174,294.0,1943.95
123,2012,3,Gujarat,Banaskantha,236.2,428.9,1816.0,1749.0,1661.0,937.0,1449.0,0.038307604345340085,280.6,1657.095238095238
123,2013,3,Gujarat,Banaskantha,266.23,525.56,1974.0,1816.0,1749.0,1661.0,1742.0,0.08700440528634368,236.2,2143.2727272727275
123,2014,3,Gujarat,Banaskantha,186.56,428.38,2296.0,1974.0,1816.0,1749.0,1846.3333333333333,0.16312056737588643,266.23,2152.9666666666667
123,2015,3,Gujarat,Banaskantha,159.09,373.07,2345.0,2296.0,1974.0,1816.0,2028.6666666666667,0.021341463414634054,186.56,2088.689655172414
123,2016,3,Gujarat,Banaskantha,199.66,419.71,2102.0,2345.0,2296.0,1974.0,2205.0,-0.10362473347547974,159.09,2088.7586206896553
123,2017,3,Gujarat,Banaskantha,162.97,438.07,2688.0,2102.0,2345.0,2296.0,2247.6666666666665,0.27878211227402483,199.66,2351.5172413793102
123,2018,3,Gujarat,Banaskantha,210.26,452.91,2154.0,2688.0,2102.0,2345.0,2378.3333333333335,-0.1986607142857143,162.97,2204.777777777778
123,2019,3,Gujarat,Banaskantha,254.57,618.18,2428.0,2154.0,2688.0,2102.0,2314.6666666666665,0.1272051996285979,210.26,2517.0666666666666
124,1993,3,Gujarat,Bharuch,7.7,4.3,558.0,1211.0,521.0,833.0,855.0,-0.5392237819983485,7.1,692.0588235294117
124,1994,3,Gujarat,Bharuch,7.0,6.0,857.0,558.0,1211.0,521.0,763.3333333333334,0.5358422939068099,7.7,1062.4705882352941
124,1995,3,Gujarat,Bharuch,7.4,6.0,811.0,857.0,558.0,1211.0,875.3333333333334,-0.0536756126021003,7.0,990.3529411764706
124,1996,3,Gujarat,Bharuch,4.6,5.5,1196.0,811.0,857.0,558.0,742.0,0.47472256473489516,7.4,1330.125
124,1997,3,Gujarat,Bharuch,5.3,6.7,1264.0,1196.0,811.0,857.0,954.6666666666666,0.05685618729096986,4.6,1369.6470588235295
124,1998,3,Gujarat,Bharuch,5.4,5.8,1074.0,1264.0,1196.0,811.0,1090.3333333333333,-0.15031645569620256,5.3,1224.1176470588234
124,1999,3,Gujarat,Bharuch,5.9,4.7,797.0,1074.0,1264.0,1196.0,1178.0,-0.25791433891992555,5.4,914.5294117647059
124,2000,3,Gujarat,Bharuch,3.2,2.5,781.0,797.0,1074.0,1264.0,1045.0,-0.020075282308657516,5.9,935.5909090909091
124,2001,3,Gujarat,Bharuch,3.2,4.3,1344.0,781.0,797.0,1074.0,884.0,0.7208706786171575,3.2,1448.6666666666667
124,2002,3,Gujarat,Bharuch,2.5,2.2,880.0,1344.0,781.0,797.0,974.0,-0.34523809523809523,3.2,1155.590909090909
124,2003,3,Gujarat,Bharuch,3.2,4.5,1406.0,880.0,1344.0,781.0,1001.6666666666666,0.5977272727272727,2.5,1547.4545454545455
124,2004,3,Gujarat,Bharuch,3.3,3.7,1121.0,1406.0,880.0,1344.0,1210.0,-0.20270270270270274,3.2,1259.3181818181818
124,2005,3,Gujarat,Bharuch,3.9,4.7,1205.0,1121.0,1406.0,880.0,1135.6666666666667,0.07493309545049054,3.3,1396.1363636363637
124,2006,3,Gujarat,Bharuch,2.5,2.3,920.0,1205.0,1121.0,1406.0,1244.0,-0.2365145228215768,3.9,1213.952380952381
124,2007,3,Gujarat,Bharuch,0.5,1.1,2200.0,920.0,1205.0,1121.0,1082.0,1.391304347826087,2.5,1595.952380952381
124,2008,3,Gujarat,Bharuch,0.7,1.7,2429.0,2200.0,920.0,1205.0,1441.6666666666667,0.10409090909090901,0.5,1624.4761904761904
124,2009,3,Gujarat,Bharuch,0.5,1.0,2000.0,2429.0,2200.0,920.0,1849.6666666666667,-0.1766158913132977,0.7,1447.090909090909
124,2010,3,Gujarat,Bharuch,2.3,4.7,2043.0,2000.0,2429.0,2200.0,2209.6666666666665,0.021500000000000075,0.5,1734.9545454545455
124,2011,3,Gujarat,Bharuch,2.9,6.2,2138.0,2043.0,2000.0,2429.0,2157.3333333333335,0.04650024473813019,2.3,1943.95
124,2012,3,Gujarat,Bharuch,0.8,1.5,1875.0,2138.0,2043.0,2000.0,2060.3333333333335,-0.12301216089803557,2.9,1657.095238095238
124,2013,3,Gujarat,Bharuch,0.57,1.38,2421.0,1875.0,2138.0,2043.0,2018.6666666666667,0.2911999999999999,0.8,2143.2727272727275
124,2014,3,Gujarat,Bharuch,0.44,0.77,1750.0,2421.0,1875.0,2138.0,2144.6666666666665,-0.2771581990912846,0.57,2152.9666666666667
124,2015,3,Gujarat,Bharuch,0.32,0.63,1969.0,1750.0,2421.0,1875.0,2015.3333333333333,0.12514285714285722,0.44,2088.689655172414
124,2016,3,Gujarat,Bharuch,0.23,0.22,943.0,1969.0,1750.0,2421.0,2046.6666666666667,-0.521076688674454,0.32,2088.7586206896553
124,2017,3,Gujarat,Bharuch,0.36,0.67,1853.0,943.0,1969.0,1750.0,1554.0,0.9650053022269354,0.23,2351.5172413793102
124,2018,3,Gujarat,Bharuch,0.22,0.64,2914.0,1853.0,943.0,1969.0,1588.3333333333333,0.572584997301673,0.36,2204.777777777778
124,2019,3,Gujarat,Bharuch,0.26,0.72,2786.0,2914.0,1853.0,943.0,1903.3333333333333,-0.04392587508579271,0.22,2517.0666666666666
125,1993,3,Gujarat,Vadodara,16.4,23.9,1457.0,1333.0,978.0,1021.0,1110.6666666666667,0.09302325581395343,16.5,692.0588235294117
125,1994,3,Gujarat,Vadodara,15.0,17.0,1133.0,1457.0,1333.0,978.0,1256.0,-0.22237474262182566,16.4,1062.4705882352941
125,1995,3,Gujarat,Vadodara,17.9,22.1,1235.0,1133.0,1457.0,1333.0,1307.6666666666667,0.09002647837599298,15.0,990.3529411764706
125,1996,3,Gujarat,Vadodara,15.6,23.7,1519.0,1235.0,1133.0,1457.0,1275.0,0.22995951417004057,17.9,1330.125
125,1997,3,Gujarat,Vadodara,16.8,25.2,1500.0,1519.0,1235.0,1133.0,1295.6666666666667,-0.012508229098090795,15.6,1369.6470588235295
125,1998,3,Gujarat,Vadodara,17.9,17.5,978.0,1500.0,1519.0,1235.0,1418.0,-0.348,16.8,1224.1176470588234
125,1999,3,Gujarat,Vadodara,17.5,18.3,1046.0,978.0,1500.0,1519.0,1332.3333333333333,0.06952965235173814,17.9,914.5294117647059
125,2000,3,Gujarat,Vadodara,17.5,18.7,1069.0,1046.0,978.0,1500.0,1174.6666666666667,0.02198852772466542,17.5,935.5909090909091
125,2001,3,Gujarat,Vadodara,17.3,21.4,1237.0,1069.0,1046.0,978.0,1031.0,0.15715622076707203,17.5,1448.6666666666667
125,2002,3,Gujarat,Vadodara,19.2,26.5,1380.0,1237.0,1069.0,1046.0,1117.3333333333333,0.11560226354082448,17.3,1155.590909090909
125,2003,3,Gujarat,Vadodara,14.2,20.2,1423.0,1380.0,1237.0,1069.0,1228.6666666666667,0.031159420289855078,19.2,1547.4545454545455
125,2004,3,Gujarat,Vadodara,10.6,12.6,1189.0,1423.0,1380.0,1237.0,1346.6666666666667,-0.16444132115249477,14.2,1259.3181818181818
125,2005,3,Gujarat,Vadodara,10.9,15.2,1394.0,1189.0,1423.0,1380.0,1330.6666666666667,0.17241379310344818,10.6,1396.1363636363637
125,2006,3,Gujarat,Vadodara,11.6,12.8,1103.0,1394.0,1189.0,1423.0,1335.3333333333333,-0.20875179340028693,10.9,1213.952380952381
125,2007,3,Gujarat,Vadodara,11.3,19.4,1717.0,1103.0,1394.0,1189.0,1228.6666666666667,0.556663644605621,11.6,1595.952380952381
125,2008,3,Gujarat,Vadodara,11.6,17.1,1474.0,1717.0,1103.0,1394.0,1404.6666666666667,-0.1415259172976121,11.3,1624.4761904761904
125,2009,3,Gujarat,Vadodara,11.8,18.4,1559.0,1474.0,1717.0,1103.0,1431.3333333333333,0.05766621438263231,11.6,1447.090909090909
125,2010,3,Gujarat,Vadodara,16.1,31.9,1981.0,1559.0,1474.0,1717.0,1583.3333333333333,0.2706863373957664,11.8,1734.9545454545455
125,2011,3,Gujarat,Vadodara,18.3,36.9,2016.0,1981.0,1559.0,1474.0,1671.3333333333333,0.0176678445229681,16.1,1943.95
125,2012,3,Gujarat,Vadodara,13.1,31.5,2405.0,2016.0,1981.0,1559.0,1852.0,0.1929563492063493,18.3,1657.095238095238
125,2013,3,Gujarat,Vadodara,15.74,25.54,1623.0,2405.0,2016.0,1981.0,2134.0,-0.3251559251559252,13.1,2143.2727272727275
125,2014,3,Gujarat,Vadodara,10.72,19.5,1819.0,1623.0,2405.0,2016.0,2014.6666666666667,0.12076401725200236,15.74,2152.9666666666667
125,2015,3,Gujarat,Vadodara,10.19,18.64,1829.0,1819.0,1623.0,2405.0,1949.0,0.005497526113249052,10.72,2088.689655172414
125,2016,3,Gujarat,Vadodara,13.49,29.88,2214.0,1829.0,1819.0,1623.0,1757.0,0.21049753963914708,10.19,2088.7586206896553
125,2017,3,Gujarat,Vadodara,7.56,16.62,2199.0,2214.0,1829.0,1819.0,1954.0,-0.006775067750677488,13.49,2351.5172413793102
125,2018,3,Gujarat,Vadodara,5.03,10.7,2125.0,2199.0,2214.0,1829.0,2080.6666666666665,-0.03365165984538432,7.56,2204.777777777778
125,2019,3,Gujarat,Vadodara,5.18,12.41,2393.0,2125.0,2199.0,2214.0,2179.3333333333335,0.12611764705882345,5.03,2517.0666666666666
126,1993,3,Gujarat,Bhavnagar,119.6,91.8,768.0,2129.0,847.0,852.0,1276.0,-0.6392672616251762,138.3,692.0588235294117
126,1994,3,Gujarat,Bhavnagar,117.0,176.0,1504.0,768.0,2129.0,847.0,1248.0,0.9583333333333333,119.6,1062.4705882352941
126,1995,3,Gujarat,Bhavnagar,113.5,150.8,1329.0,1504.0,768.0,2129.0,1467.0,-0.11635638297872342,117.0,990.3529411764706
126,1996,3,Gujarat,Bhavnagar,116.9,215.7,1845.0,1329.0,1504.0,768.0,1200.3333333333333,0.38826185101580135,113.5,1330.125
126,1997,3,Gujarat,Bhavnagar,101.1,199.2,1970.0,1845.0,1329.0,1504.0,1559.3333333333333,0.0677506775067751,116.9,1369.6470588235295
126,1998,3,Gujarat,Bhavnagar,96.3,165.7,1721.0,1970.0,1845.0,1329.0,1714.6666666666667,-0.12639593908629443,101.1,1224.1176470588234
126,1999,3,Gujarat,Bhavnagar,92.8,62.5,673.0,1721.0,1970.0,1845.0,1845.3333333333333,-0.6089482858803021,96.3,914.5294117647059
126,2000,3,Gujarat,Bhavnagar,84.5,52.2,618.0,673.0,1721.0,1970.0,1454.6666666666667,-0.08172362555720658,92.8,935.5909090909091
126,2001,3,Gujarat,Bhavnagar,68.3,120.2,1760.0,618.0,673.0,1721.0,1004.0,1.8478964401294498,84.5,1448.6666666666667
126,2002,3,Gujarat,Bhavnagar,68.7,139.3,2028.0,1760.0,618.0,673.0,1017.0,0.15227272727272734,68.3,1155.590909090909
126,2003,3,Gujarat,Bhavnagar,70.0,142.2,2031.0,2028.0,1760.0,618.0,1468.6666666666667,0.0014792899408284654,68.7,1547.4545454545455
126,2004,3,Gujarat,Bhavnagar,65.3,107.6,1648.0,2031.0,2028.0,1760.0,1939.6666666666667,-0.18857705563761695,70.0,1259.3181818181818
126,2005,3,Gujarat,Bhavnagar,61.4,141.9,2311.0,1648.0,2031.0,2028.0,1902.3333333333333,0.4023058252427185,65.3,1396.1363636363637
126,2006,3,Gujarat,Bhavnagar,50.9,116.5,2289.0,2311.0,1648.0,2031.0,1996.6666666666667,-0.009519688446559926,61.4,1213.952380952381
126,2007,3,Gujarat,Bhavnagar,51.2,126.2,2465.0,2289.0,2311.0,1648.0,2082.6666666666665,0.07688947138488422,50.9,1595.952380952381
126,2008,3,Gujarat,Bhavnagar,47.9,109.1,2278.0,2465.0,2289.0,2311.0,2355.0,-0.07586206896551728,51.2,1624.4761904761904
126,2009,3,Gujarat,Bhavnagar,50.1,85.7,1711.0,2278.0,2465.0,2289.0,2344.0,-0.24890254609306406,47.9,1447.090909090909
126,2010,3,Gujarat,Bhavnagar,50.7,127.2,2509.0,1711.0,2278.0,2465.0,2151.3333333333335,0.46639392168322624,50.1,1734.9545454545455
126,2011,3,Gujarat,Bhavnagar,52.3,116.8,2233.0,2509.0,1711.0,2278.0,2166.0,-0.11000398565165403,50.7,1943.95
126,2012,3,Gujarat,Bhavnagar,31.0,47.9,1545.0,2233.0,2509.0,1711.0,2151.0,-0.3081056874160323,52.3,1657.095238095238
126,2013,3,Gujarat,Bhavnagar,34.29,87.37,2548.0,1545.0,2233.0,2509.0,2095.6666666666665,0.6491909385113268,31.0,2143.2727272727275
126,2014,3,Gujarat,Bhavnagar,37.38,88.29,2362.0,2548.0,1545.0,2233.0,2108.6666666666665,-0.07299843014128726,34.29,2152.9666666666667
126,2015,3,Gujarat,Bhavnagar,33.76,78.32,2320.0,2362.0,2548.0,1545.0,2151.6666666666665,-0.017781541066892448,37.38,2088.689655172414
126,2016,3,Gujarat,Bhavnagar,34.81,83.21,2390.0,2320.0,2362.0,2548.0,2410.0,0.030172413793103425,33.76,2088.7586206896553
126,2017,3,Gujarat,Bhavnagar,34.26,93.2,2721.0,2390.0,2320.0,2362.0,2357.3333333333335,0.13849372384937242,34.81,2351.5172413793102
126,2018,3,Gujarat,Bhavnagar,29.26,77.98,2665.0,2721.0,2390.0,2320.0,2477.0,-0.020580668871738372,34.26,2204.777777777778
126,2019,3,Gujarat,Bhavnagar,27.38,73.2,2673.0,2665.0,2721.0,2390.0,2592.0,0.0030018761726078314,29.26,2517.0666666666666
129,1993,3,Gujarat,Jamnagar,71.7,69.0,962.0,1031.0,388.0,261.0,560.0,-0.06692531522793399,77.6,692.0588235294117
129,1994,3,Gujarat,Jamnagar,67.0,74.0,1104.0,962.0,1031.0,388.0,793.6666666666666,0.14760914760914767,71.7,1062.4705882352941
129,1995,3,Gujarat,Jamnagar,54.9,37.7,687.0,1104.0,962.0,1031.0,1032.3333333333333,-0.3777173913043478,67.0,990.3529411764706
129,1996,3,Gujarat,Jamnagar,53.7,53.9,1004.0,687.0,1104.0,962.0,917.6666666666666,0.4614264919941775,54.9,1330.125
129,1997,3,Gujarat,Jamnagar,51.7,66.3,1282.0,1004.0,687.0,1104.0,931.6666666666666,0.27689243027888444,53.7,1369.6470588235295
129,1998,3,Gujarat,Jamnagar,57.4,39.6,690.0,1282.0,1004.0,687.0,991.0,-0.4617784711388455,51.7,1224.1176470588234
129,1999,3,Gujarat,Jamnagar,36.0,10.5,292.0,690.0,1282.0,1004.0,992.0,-0.5768115942028986,57.4,914.5294117647059
129,2000,3,Gujarat,Jamnagar,39.7,29.7,748.0,292.0,690.0,1282.0,754.6666666666666,1.5616438356164384,36.0,935.5909090909091
129,2001,3,Gujarat,Jamnagar,40.4,47.5,1176.0,748.0,292.0,690.0,576.6666666666666,0.572192513368984,39.7,1448.6666666666667
129,2002,3,Gujarat,Jamnagar,31.3,8.9,284.0,1176.0,748.0,292.0,738.6666666666666,-0.7585034013605443,40.4,1155.590909090909
129,2003,3,Gujarat,Jamnagar,36.3,62.2,1713.0,284.0,1176.0,748.0,736.0,5.03169014084507,31.3,1547.4545454545455
129,2004,3,Gujarat,Jamnagar,28.0,34.2,1221.0,1713.0,284.0,1176.0,1057.6666666666667,-0.28721541155866903,36.3,1259.3181818181818
129,2005,3,Gujarat,Jamnagar,22.1,23.3,1054.0,1221.0,1713.0,284.0,1072.6666666666667,-0.13677313677313674,28.0,1396.1363636363637
129,2006,3,Gujarat,Jamnagar,9.6,13.6,1417.0,1054.0,1221.0,1713.0,1329.3333333333333,0.34440227703984827,22.1,1213.952380952381
129,2007,3,Gujarat,Jamnagar,14.8,23.8,1608.0,1417.0,1054.0,1221.0,1230.6666666666667,0.13479181369089632,9.6,1595.952380952381
129,2008,3,Gujarat,Jamnagar,12.1,18.9,1562.0,1608.0,1417.0,1054.0,1359.6666666666667,-0.028606965174129306,14.8,1624.4761904761904
129,2009,3,Gujarat,Jamnagar,10.9,15.8,1450.0,1562.0,1608.0,1417.0,1529.0,-0.07170294494238161,12.1,1447.090909090909
129,2010,3,Gujarat,Jamnagar,5.9,7.3,1237.0,1450.0,1562.0,1608.0,1540.0,-0.14689655172413796,10.9,1734.9545454545455
129,2011,3,Gujarat,Jamnagar,3.8,7.4,1947.0,1237.0,1450.0,1562.0,1416.3333333333333,0.5739692805173808,5.9,1943.95
129,2012,3,Gujarat,Jamnagar,0.5,1.1,2200.0,1947.0,1237.0,1450.0,1544.6666666666667,0.12994350282485878,3.8,1657.095238095238
129,2013,3,Gujarat,Jamnagar,1.8,3.15,1750.0,2200.0,1947.0,1237.0,1794.6666666666667,-0.20454545454545459,0.5,2143.2727272727275
129,2014,3,Gujarat,Jamnagar,0.15,0.39,2600.0,1750.0,2200.0,1947.0,1965.6666666666667,0.48571428571428577,1.8,2152.9666666666667
129,2015,3,Gujarat,Jamnagar,0.04,0.11,2750.0,2600.0,1750.0,2200.0,2183.3333333333335,0.05769230769230771,0.15,2088.689655172414
129,2016,3,Gujarat,Jamnagar,0.49,1.11,2245.0,2750.0,2600.0,1750.0,2366.6666666666665,-0.1836363636363636,0.04,2088.7586206896553
129,2017,3,Gujarat,Jamnagar,0.6,1.43,2403.0,2245.0,2750.0,2600.0,2531.6666666666665,0.07037861915367483,0.49,2351.5172413793102
129,2018,3,Gujarat,Jamnagar,0.17,0.24,1399.0,2403.0,2245.0,2750.0,2466.0,-0.41781106949646274,0.6,2204.777777777778
129,2019,3,Gujarat,Jamnagar,0.65,1.85,2831.0,1399.0,2403.0,2245.0,2015.6666666666667,1.023588277340958,0.17,2517.0666666666666
130,1993,3,Gujarat,Junagadh,39.8,38.1,957.0,1678.0,1140.0,1365.0,1394.3333333333333,-0.42967818831942794,47.2,692.0588235294117
130,1994,3,Gujarat,Junagadh,41.0,71.0,1732.0,957.0,1678.0,1140.0,1258.3333333333333,0.8098223615464994,39.8,1062.4705882352941
130,1995,3,Gujarat,Junagadh,38.9,69.7,1792.0,1732.0,957.0,1678.0,1455.6666666666667,0.03464203233256358,41.0,990.3529411764706
130,1996,3,Gujarat,Junagadh,44.6,80.6,1807.0,1792.0,1732.0,957.0,1493.6666666666667,0.00837053571428581,38.9,1330.125
130,1997,3,Gujarat,Junagadh,34.2,71.4,2088.0,1807.0,1792.0,1732.0,1777.0,0.15550636413945762,44.6,1369.6470588235295
130,1998,3,Gujarat,Junagadh,28.7,66.5,2317.0,2088.0,1807.0,1792.0,1895.6666666666667,0.1096743295019158,34.2,1224.1176470588234
130,1999,3,Gujarat,Junagadh,21.6,30.6,1417.0,2317.0,2088.0,1807.0,2070.6666666666665,-0.38843331894691413,28.7,914.5294117647059
130,2000,3,Gujarat,Junagadh,28.0,46.4,1657.0,1417.0,2317.0,2088.0,1940.6666666666667,0.16937191249117856,21.6,935.5909090909091
130,2001,3,Gujarat,Junagadh,25.5,57.6,2259.0,1657.0,1417.0,2317.0,1797.0,0.3633071816535909,28.0,1448.6666666666667
130,2002,3,Gujarat,Junagadh,27.1,53.8,1985.0,2259.0,1657.0,1417.0,1777.6666666666667,-0.12129260734838421,25.5,1155.590909090909
130,2003,3,Gujarat,Junagadh,24.5,54.8,2237.0,1985.0,2259.0,1657.0,1967.0,0.1269521410579344,27.1,1547.4545454545455
130,2004,3,Gujarat,Junagadh,21.4,41.9,1958.0,2237.0,1985.0,2259.0,2160.3333333333335,-0.1247206079570854,24.5,1259.3181818181818
130,2005,3,Gujarat,Junagadh,22.8,46.7,2048.0,1958.0,2237.0,1985.0,2060.0,0.04596527068437184,21.4,1396.1363636363637
130,2006,3,Gujarat,Junagadh,22.4,40.5,1808.0,2048.0,1958.0,2237.0,2081.0,-0.1171875,22.8,1213.952380952381
130,2007,3,Gujarat,Junagadh,18.5,34.1,1843.0,1808.0,2048.0,1958.0,1938.0,0.01935840707964598,22.4,1595.952380952381
130,2008,3,Gujarat,Junagadh,12.9,32.7,2535.0,1843.0,1808.0,2048.0,1899.6666666666667,0.3754747693977212,18.5,1624.4761904761904
130,2009,3,Gujarat,Junagadh,19.2,36.5,1901.0,2535.0,1843.0,1808.0,2062.0,-0.2500986193293886,12.9,1447.090909090909
130,2010,3,Gujarat,Junagadh,17.1,32.6,1906.0,1901.0,2535.0,1843.0,2093.0,0.002630194634402949,19.2,1734.9545454545455
130,2011,3,Gujarat,Junagadh,17.3,41.7,2410.0,1906.0,1901.0,2535.0,2114.0,0.2644281217208815,17.1,1943.95
130,2012,3,Gujarat,Junagadh,11.2,13.5,1205.0,2410.0,1906.0,1901.0,2072.3333333333335,-0.5,17.3,1657.095238095238
130,2013,3,Gujarat,Junagadh,18.84,48.63,2581.0,1205.0,2410.0,1906.0,1840.3333333333333,1.141908713692946,11.2,2143.2727272727275
130,2014,3,Gujarat,Junagadh,1.07,2.75,2570.0,2581.0,1205.0,2410.0,2065.3333333333335,-0.0042619139868268485,18.84,2152.9666666666667
130,2015,3,Gujarat,Junagadh,1.45,2.54,1752.0,2570.0,2581.0,1205.0,2118.6666666666665,-0.31828793774319064,1.07,2088.689655172414
130,2016,3,Gujarat,Junagadh,2.37,5.71,2408.0,1752.0,2570.0,2581.0,2301.0,0.3744292237442923,1.45,2088.7586206896553
130,2017,3,Gujarat,Junagadh,1.92,5.45,2845.0,2408.0,1752.0,2570.0,2243.3333333333335,0.18147840531561465,2.37,2351.5172413793102
130,2018,3,Gujarat,Junagadh,1.08,3.15,2927.0,2845.0,2408.0,1752.0,2335.0,0.028822495606326992,1.92,2204.777777777778
130,2019,3,Gujarat,Junagadh,1.85,6.93,3754.0,2927.0,2845.0,2408.0,2726.6666666666665,0.282541851725316,1.08,2517.0666666666666
131,1993,3,Gujarat,Kheda,139.0,185.7,1336.0,1872.0,1217.0,1216.0,1435.0,-0.2863247863247863,148.1,692.0588235294117
131,1994,3,Gujarat,Kheda,140.0,153.0,1093.0,1336.0,1872.0,1217.0,1475.0,-0.18188622754491013,139.0,1062.4705882352941
131,1995,3,Gujarat,Kheda,139.7,206.5,1478.0,1093.0,1336.0,1872.0,1433.6666666666667,0.35224153705398,140.0,990.3529411764706
131,1996,3,Gujarat,Kheda,127.4,186.8,1466.0,1478.0,1093.0,1336.0,1302.3333333333333,-0.008119079837618393,139.7,1330.125
131,1997,3,Gujarat,Kheda,139.9,213.4,1525.0,1466.0,1478.0,1093.0,1345.6666666666667,0.04024556616643937,127.4,1369.6470588235295
131,1998,3,Gujarat,Kheda,132.3,217.2,1642.0,1525.0,1466.0,1478.0,1489.6666666666667,0.07672131147540973,139.9,1224.1176470588234
131,1999,3,Gujarat,Kheda,132.5,232.5,1755.0,1642.0,1525.0,1466.0,1544.3333333333333,0.0688185140073081,132.3,914.5294117647059
131,2000,3,Gujarat,Kheda,72.8,100.0,1374.0,1755.0,1642.0,1525.0,1640.6666666666667,-0.2170940170940171,132.5,935.5909090909091
131,2001,3,Gujarat,Kheda,72.8,118.4,1626.0,1374.0,1755.0,1642.0,1590.3333333333333,0.1834061135371179,72.8,1448.6666666666667
131,2002,3,Gujarat,Kheda,83.3,122.4,1469.0,1626.0,1374.0,1755.0,1585.0,-0.09655596555965562,72.8,1155.590909090909
131,2003,3,Gujarat,Kheda,73.0,96.6,1323.0,1469.0,1626.0,1374.0,1489.6666666666667,-0.09938733832539137,83.3,1547.4545454545455
131,2004,3,Gujarat,Kheda,70.1,88.6,1264.0,1323.0,1469.0,1626.0,1472.6666666666667,-0.04459561602418749,73.0,1259.3181818181818
131,2005,3,Gujarat,Kheda,66.6,91.2,1369.0,1264.0,1323.0,1469.0,1352.0,0.08306962025316467,70.1,1396.1363636363637
131,2006,3,Gujarat,Kheda,61.3,63.4,1034.0,1369.0,1264.0,1323.0,1318.6666666666667,-0.24470416362308256,66.6,1213.952380952381
131,2007,3,Gujarat,Kheda,78.0,114.9,1473.0,1034.0,1369.0,1264.0,1222.3333333333333,0.4245647969052224,61.3,1595.952380952381
131,2008,3,Gujarat,Kheda,63.9,94.1,1473.0,1473.0,1034.0,1369.0,1292.0,0.0,78.0,1624.4761904761904
131,2009,3,Gujarat,Kheda,50.4,69.0,1369.0,1473.0,1473.0,1034.0,1326.6666666666667,-0.07060420909708076,63.9,1447.090909090909
131,2010,3,Gujarat,Kheda,90.9,178.8,1967.0,1369.0,1473.0,1473.0,1438.3333333333333,0.4368151935719504,50.4,1734.9545454545455
131,2011,3,Gujarat,Kheda,99.7,194.2,1948.0,1967.0,1369.0,1473.0,1603.0,-0.009659379766141285,90.9,1943.95
131,2012,3,Gujarat,Kheda,74.8,138.9,1857.0,1948.0,1967.0,1369.0,1761.3333333333333,-0.04671457905544152,99.7,1657.095238095238
131,2013,3,Gujarat,Kheda,77.96,142.34,1826.0,1857.0,1948.0,1967.0,1924.0,-0.016693591814754938,74.8,2143.2727272727275
131,2014,3,Gujarat,Kheda,50.99,104.44,2048.0,1826.0,1857.0,1948.0,1877.0,0.12157721796276011,77.96,2152.9666666666667
131,2015,3,Gujarat,Kheda,43.2,89.12,2063.0,2048.0,1826.0,1857.0,1910.3333333333333,0.00732421875,50.99,2088.689655172414
131,2016,3,Gujarat,Kheda,41.54,81.08,1952.0,2063.0,2048.0,1826.0,1979.0,-0.05380513814832766,43.2,2088.7586206896553
131,2017,3,Gujarat,Kheda,46.94,99.72,2124.0,1952.0,2063.0,2048.0,2021.0,0.08811475409836067,41.54,2351.5172413793102
131,2018,3,Gujarat,Kheda,33.9,92.48,2728.0,2124.0,1952.0,2063.0,2046.3333333333333,0.28436911487758953,46.94,2204.777777777778
131,2019,3,Gujarat,Kheda,30.73,72.13,2347.0,2728.0,2124.0,1952.0,2268.0,-0.13966275659824046,33.9,2517.0666666666666
132,1993,3,Gujarat,Kutch,89.4,28.1,314.0,1123.0,370.0,793.0,762.0,-0.7203918076580588,116.4,692.0588235294117
132,1994,3,Gujarat,Kutch,114.0,113.0,991.0,314.0,1123.0,370.0,602.3333333333334,2.156050955414013,89.4,1062.4705882352941
132,1995,3,Gujarat,Kutch,96.4,37.7,391.0,991.0,314.0,1123.0,809.3333333333334,-0.6054490413723512,114.0,990.3529411764706
132,1996,3,Gujarat,Kutch,86.7,35.3,407.0,391.0,991.0,314.0,565.3333333333334,0.04092071611253201,96.4,1330.125
132,1997,3,Gujarat,Kutch,115.0,136.7,1189.0,407.0,391.0,991.0,596.3333333333334,1.9213759213759212,86.7,1369.6470588235295
132,1998,3,Gujarat,Kutch,103.8,69.2,667.0,1189.0,407.0,391.0,662.3333333333334,-0.4390243902439024,115.0,1224.1176470588234
132,1999,3,Gujarat,Kutch,67.7,27.8,411.0,667.0,1189.0,407.0,754.3333333333334,-0.38380809595202403,103.8,914.5294117647059
132,2000,3,Gujarat,Kutch,99.6,48.7,489.0,411.0,667.0,1189.0,755.6666666666666,0.1897810218978102,67.7,935.5909090909091
132,2001,3,Gujarat,Kutch,99.8,83.6,838.0,489.0,411.0,667.0,522.3333333333334,0.7137014314928425,99.6,1448.6666666666667
132,2002,3,Gujarat,Kutch,58.1,26.9,463.0,838.0,489.0,411.0,579.3333333333334,-0.44749403341288785,99.8,1155.590909090909
132,2003,3,Gujarat,Kutch,91.0,119.6,1314.0,463.0,838.0,489.0,596.6666666666666,1.838012958963283,58.1,1547.4545454545455
132,2004,3,Gujarat,Kutch,94.4,77.7,823.0,1314.0,463.0,838.0,871.6666666666666,-0.37366818873668184,91.0,1259.3181818181818
132,2005,3,Gujarat,Kutch,53.4,57.2,1071.0,823.0,1314.0,463.0,866.6666666666666,0.3013365735115432,94.4,1396.1363636363637
132,2006,3,Gujarat,Kutch,82.3,86.4,1050.0,1071.0,823.0,1314.0,1069.3333333333333,-0.019607843137254943,53.4,1213.952380952381
132,2007,3,Gujarat,Kutch,97.0,123.2,1270.0,1050.0,1071.0,823.0,981.3333333333334,0.20952380952380945,82.3,1595.952380952381
132,2008,3,Gujarat,Kutch,46.1,41.5,900.0,1270.0,1050.0,1071.0,1130.3333333333333,-0.2913385826771654,97.0,1624.4761904761904
132,2009,3,Gujarat,Kutch,58.1,54.5,938.0,900.0,1270.0,1050.0,1073.3333333333333,0.04222222222222216,46.1,1447.090909090909
132,2010,3,Gujarat,Kutch,63.8,70.0,1097.0,938.0,900.0,1270.0,1036.0,0.1695095948827292,58.1,1734.9545454545455
132,2011,3,Gujarat,Kutch,50.8,53.5,1053.0,1097.0,938.0,900.0,978.3333333333334,-0.040109389243391025,63.8,1943.95
132,2012,3,Gujarat,Kutch,10.8,10.3,954.0,1053.0,1097.0,938.0,1029.3333333333333,-0.09401709401709402,50.8,1657.095238095238
132,2013,3,Gujarat,Kutch,26.0,43.63,1678.0,954.0,1053.0,1097.0,1034.6666666666667,0.7589098532494758,10.8,2143.2727272727275
132,2014,3,Gujarat,Kutch,9.53,11.12,1167.0,1678.0,954.0,1053.0,1228.3333333333333,-0.3045292014302742,26.0,2152.9666666666667
132,2015,3,Gujarat,Kutch,19.95,24.7,1238.0,1167.0,1678.0,954.0,1266.3333333333333,0.06083976006855174,9.53,2088.689655172414
132,2016,3,Gujarat,Kutch,20.87,22.69,1088.0,1238.0,1167.0,1678.0,1361.0,-0.1211631663974152,19.95,2088.7586206896553
132,2017,3,Gujarat,Kutch,27.03,40.38,1494.0,1088.0,1238.0,1167.0,1164.3333333333333,0.37316176470588225,20.87,2351.5172413793102
132,2018,3,Gujarat,Kutch,5.74,4.74,825.0,1494.0,1088.0,1238.0,1273.3333333333333,-0.44779116465863456,27.03,2204.777777777778
132,2019,3,Gujarat,Kutch,18.97,24.5,1292.0,825.0,1494.0,1088.0,1135.6666666666667,0.5660606060606062,5.74,2517.0666666666666
133,1993,3,Gujarat,Mehsana,189.1,157.3,832.0,1192.0,756.0,1100.0,1016.0,-0.30201342281879195,182.4,692.0588235294117
133,1994,3,Gujarat,Mehsana,171.0,156.0,912.0,832.0,1192.0,756.0,926.6666666666666,0.09615384615384626,189.1,1062.4705882352941
133,1995,3,Gujarat,Mehsana,170.0,157.6,927.0,912.0,832.0,1192.0,978.6666666666666,0.016447368421052655,171.0,990.3529411764706
133,1996,3,Gujarat,Mehsana,104.7,144.4,1379.0,927.0,912.0,832.0,890.3333333333334,0.4875943905070119,170.0,1330.125
133,1997,3,Gujarat,Mehsana,157.8,192.6,1221.0,1379.0,927.0,912.0,1072.6666666666667,-0.11457577955039888,104.7,1369.6470588235295
133,1998,3,Gujarat,Mehsana,160.9,174.0,1081.0,1221.0,1379.0,927.0,1175.6666666666667,-0.11466011466011461,157.8,1224.1176470588234
133,1999,3,Gujarat,Mehsana,151.8,144.2,950.0,1081.0,1221.0,1379.0,1227.0,-0.12118408880666054,160.9,914.5294117647059
133,2000,3,Gujarat,Mehsana,81.4,74.6,916.0,950.0,1081.0,1221.0,1084.0,-0.03578947368421048,151.8,935.5909090909091
133,2001,3,Gujarat,Mehsana,83.9,118.1,1408.0,916.0,950.0,1081.0,982.3333333333334,0.537117903930131,81.4,1448.6666666666667
133,2002,3,Gujarat,Mehsana,85.7,90.8,1060.0,1408.0,916.0,950.0,1091.3333333333333,-0.24715909090909094,83.9,1155.590909090909
133,2003,3,Gujarat,Mehsana,69.9,86.1,1232.0,1060.0,1408.0,916.0,1128.0,0.1622641509433962,85.7,1547.4545454545455
133,2004,3,Gujarat,Mehsana,54.9,73.8,1344.0,1232.0,1060.0,1408.0,1233.3333333333333,0.09090909090909083,69.9,1259.3181818181818
133,2005,3,Gujarat,Mehsana,65.9,67.9,1030.0,1344.0,1232.0,1060.0,1212.0,-0.23363095238095233,54.9,1396.1363636363637
133,2006,3,Gujarat,Mehsana,71.9,61.5,855.0,1030.0,1344.0,1232.0,1202.0,-0.16990291262135926,65.9,1213.952380952381
133,2007,3,Gujarat,Mehsana,66.5,97.9,1472.0,855.0,1030.0,1344.0,1076.3333333333333,0.7216374269005847,71.9,1595.952380952381
133,2008,3,Gujarat,Mehsana,59.4,94.7,1594.0,1472.0,855.0,1030.0,1119.0,0.08288043478260865,66.5,1624.4761904761904
133,2009,3,Gujarat,Mehsana,51.2,83.1,1623.0,1594.0,1472.0,855.0,1307.0,0.018193224592220725,59.4,1447.090909090909
133,2010,3,Gujarat,Mehsana,71.4,125.9,1763.0,1623.0,1594.0,1472.0,1563.0,0.08626001232285896,51.2,1734.9545454545455
133,2011,3,Gujarat,Mehsana,96.3,197.3,2049.0,1763.0,1623.0,1594.0,1660.0,0.16222348269994336,71.4,1943.95
133,2012,3,Gujarat,Mehsana,37.6,74.3,1976.0,2049.0,1763.0,1623.0,1811.6666666666667,-0.03562713518789651,96.3,1657.095238095238
133,2013,3,Gujarat,Mehsana,36.47,69.77,1913.0,1976.0,2049.0,1763.0,1929.3333333333333,-0.03188259109311742,37.6,2143.2727272727275
133,2014,3,Gujarat,Mehsana,22.06,50.21,2276.0,1913.0,1976.0,2049.0,1979.3333333333333,0.18975431259801367,36.47,2152.9666666666667
133,2015,3,Gujarat,Mehsana,16.85,37.57,2230.0,2276.0,1913.0,1976.0,2055.0,-0.020210896309314608,22.06,2088.689655172414
133,2016,3,Gujarat,Mehsana,13.84,34.95,2525.0,2230.0,2276.0,1913.0,2139.6666666666665,0.13228699551569512,16.85,2088.7586206896553
133,2017,3,Gujarat,Mehsana,16.72,46.49,2781.0,2525.0,2230.0,2276.0,2343.6666666666665,0.10138613861386148,13.84,2351.5172413793102
133,2018,3,Gujarat,Mehsana,11.87,34.15,2877.0,2781.0,2525.0,2230.0,2512.0,0.034519956850054045,16.72,2204.777777777778
133,2019,3,Gujarat,Mehsana,13.44,39.01,2902.0,2877.0,2781.0,2525.0,2727.6666666666665,0.008689607229753316,11.87,2517.0666666666666
134,1993,3,Gujarat,Panchmahal,26.2,13.1,500.0,997.0,616.0,643.0,752.0,-0.49849548645937813,29.0,692.0588235294117
134,1994,3,Gujarat,Panchmahal,24.0,14.0,583.0,500.0,997.0,616.0,704.3333333333334,0.16599999999999993,26.2,1062.4705882352941
134,1995,3,Gujarat,Panchmahal,22.0,15.5,705.0,583.0,500.0,997.0,693.3333333333334,0.2092624356775301,24.0,990.3529411764706
134,1996,3,Gujarat,Panchmahal,13.8,14.2,1029.0,705.0,583.0,500.0,596.0,0.4595744680851064,22.0,1330.125
134,1997,3,Gujarat,Panchmahal,19.2,20.9,1089.0,1029.0,705.0,583.0,772.3333333333334,0.058309037900874605,13.8,1369.6470588235295
134,1998,3,Gujarat,Panchmahal,18.1,16.7,923.0,1089.0,1029.0,705.0,941.0,-0.1524334251606979,19.2,1224.1176470588234
134,1999,3,Gujarat,Panchmahal,14.8,10.8,730.0,923.0,1089.0,1029.0,1013.6666666666666,-0.20910075839653308,18.1,914.5294117647059
134,2000,3,Gujarat,Panchmahal,15.4,12.6,818.0,730.0,923.0,1089.0,914.0,0.1205479452054794,14.8,935.5909090909091
134,2001,3,Gujarat,Panchmahal,18.5,16.7,903.0,818.0,730.0,923.0,823.6666666666666,0.10391198044009786,15.4,1448.6666666666667
134,2002,3,Gujarat,Panchmahal,17.8,13.6,764.0,903.0,818.0,730.0,817.0,-0.15393133997785158,18.5,1155.590909090909
134,2003,3,Gujarat,Panchmahal,9.6,7.0,729.0,764.0,903.0,818.0,828.3333333333334,-0.04581151832460728,17.8,1547.4545454545455
134,2004,3,Gujarat,Panchmahal,12.0,10.9,908.0,729.0,764.0,903.0,798.6666666666666,0.24554183813443076,9.6,1259.3181818181818
134,2005,3,Gujarat,Panchmahal,10.6,9.3,877.0,908.0,729.0,764.0,800.3333333333334,-0.03414096916299558,12.0,1396.1363636363637
134,2006,3,Gujarat,Panchmahal,8.9,5.1,573.0,877.0,908.0,729.0,838.0,-0.34663625997719494,10.6,1213.952380952381
134,2007,3,Gujarat,Panchmahal,11.0,11.5,1045.0,573.0,877.0,908.0,786.0,0.8237347294938917,8.9,1595.952380952381
134,2008,3,Gujarat,Panchmahal,7.4,8.9,1203.0,1045.0,573.0,877.0,831.6666666666666,0.15119617224880377,11.0,1624.4761904761904
134,2009,3,Gujarat,Panchmahal,7.8,9.4,1205.0,1203.0,1045.0,573.0,940.3333333333334,0.0016625103906899863,7.4,1447.090909090909
134,2010,3,Gujarat,Panchmahal,13.6,25.8,1897.0,1205.0,1203.0,1045.0,1151.0,0.5742738589211618,7.8,1734.9545454545455
134,2011,3,Gujarat,Panchmahal,16.9,37.6,2225.0,1897.0,1205.0,1203.0,1435.0,0.17290458618871907,13.6,1943.95
134,2012,3,Gujarat,Panchmahal,8.0,15.7,1963.0,2225.0,1897.0,1205.0,1775.6666666666667,-0.11775280898876406,16.9,1657.095238095238
134,2013,3,Gujarat,Panchmahal,15.19,35.57,2342.0,1963.0,2225.0,1897.0,2028.3333333333333,0.19307182883341834,8.0,2143.2727272727275
134,2014,3,Gujarat,Panchmahal,3.46,5.69,1645.0,2342.0,1963.0,2225.0,2176.6666666666665,-0.29760888129803587,15.19,2152.9666666666667
134,2015,3,Gujarat,Panchmahal,3.06,5.16,1686.0,1645.0,2342.0,1963.0,1983.3333333333333,0.02492401215805473,3.46,2088.689655172414
134,2016,3,Gujarat,Panchmahal,4.05,9.21,2272.0,1686.0,1645.0,2342.0,1891.0,0.3475682087781733,3.06,2088.7586206896553
134,2017,3,Gujarat,Panchmahal,1.17,2.27,1938.0,2272.0,1686.0,1645.0,1867.6666666666667,-0.14700704225352113,4.05,2351.5172413793102
134,2018,3,Gujarat,Panchmahal,2.05,3.97,1941.0,1938.0,2272.0,1686.0,1965.3333333333333,0.001547987616099089,1.17,2204.777777777778
134,2019,3,Gujarat,Panchmahal,2.18,4.29,1971.0,1941.0,1938.0,2272.0,2050.3333333333335,0.015455950540958163,2.05,2517.0666666666666
135,1993,3,Gujarat,Rajkot,77.6,11.5,148.0,1089.0,425.0,552.0,688.6666666666666,-0.8640955004591369,83.1,692.0588235294117
135,1994,3,Gujarat,Rajkot,74.0,93.0,1257.0,148.0,1089.0,425.0,554.0,7.493243243243244,77.6,1062.4705882352941
135,1995,3,Gujarat,Rajkot,65.0,40.3,620.0,1257.0,148.0,1089.0,831.3333333333334,-0.5067621320604614,74.0,990.3529411764706
135,1996,3,Gujarat,Rajkot,63.1,83.5,1323.0,620.0,1257.0,148.0,675.0,1.1338709677419354,65.0,1330.125
135,1997,3,Gujarat,Rajkot,60.7,93.8,1545.0,1323.0,620.0,1257.0,1066.6666666666667,0.16780045351473927,63.1,1369.6470588235295
135,1998,3,Gujarat,Rajkot,54.0,56.4,1044.0,1545.0,1323.0,620.0,1162.6666666666667,-0.3242718446601942,60.7,1224.1176470588234
135,1999,3,Gujarat,Rajkot,50.6,11.9,235.0,1044.0,1545.0,1323.0,1304.0,-0.774904214559387,54.0,914.5294117647059
135,2000,3,Gujarat,Rajkot,46.3,26.6,575.0,235.0,1044.0,1545.0,941.3333333333334,1.4468085106382977,50.6,935.5909090909091
135,2001,3,Gujarat,Rajkot,41.8,65.2,1560.0,575.0,235.0,1044.0,618.0,1.7130434782608694,46.3,1448.6666666666667
135,2002,3,Gujarat,Rajkot,41.5,27.0,651.0,1560.0,575.0,235.0,790.0,-0.5826923076923076,41.8,1155.590909090909
135,2003,3,Gujarat,Rajkot,40.1,72.2,1800.0,651.0,1560.0,575.0,928.6666666666666,1.7649769585253456,41.5,1547.4545454545455
135,2004,3,Gujarat,Rajkot,32.9,39.1,1188.0,1800.0,651.0,1560.0,1337.0,-0.33999999999999997,40.1,1259.3181818181818
135,2005,3,Gujarat,Rajkot,34.8,59.3,1704.0,1188.0,1800.0,651.0,1213.0,0.43434343434343425,32.9,1396.1363636363637
135,2006,3,Gujarat,Rajkot,30.5,21.7,711.0,1704.0,1188.0,1800.0,1564.0,-0.5827464788732395,34.8,1213.952380952381
135,2007,3,Gujarat,Rajkot,18.5,28.1,1519.0,711.0,1704.0,1188.0,1201.0,1.1364275668073138,30.5,1595.952380952381
135,2008,3,Gujarat,Rajkot,13.3,13.6,1023.0,1519.0,711.0,1704.0,1311.3333333333333,-0.326530612244898,18.5,1624.4761904761904
135,2009,3,Gujarat,Rajkot,17.9,20.1,1123.0,1023.0,1519.0,711.0,1084.3333333333333,0.09775171065493637,13.3,1447.090909090909
135,2010,3,Gujarat,Rajkot,7.8,11.3,1449.0,1123.0,1023.0,1519.0,1221.6666666666667,0.29029385574354416,17.9,1734.9545454545455
135,2011,3,Gujarat,Rajkot,5.8,8.9,1534.0,1449.0,1123.0,1023.0,1198.3333333333333,0.05866114561766733,7.8,1943.95
135,2012,3,Gujarat,Rajkot,4.2,0.5,119.0,1534.0,1449.0,1123.0,1368.6666666666667,-0.9224250325945241,5.8,1657.095238095238
135,2013,3,Gujarat,Rajkot,5.52,8.5,1540.0,119.0,1534.0,1449.0,1034.0,11.941176470588236,4.2,2143.2727272727275
135,2014,3,Gujarat,Rajkot,0.6,1.51,2517.0,1540.0,119.0,1534.0,1064.3333333333333,0.6344155844155843,5.52,2152.9666666666667
135,2015,3,Gujarat,Rajkot,0.3,0.72,2400.0,2517.0,1540.0,119.0,1392.0,-0.04648390941597136,0.6,2088.689655172414
135,2016,3,Gujarat,Rajkot,0.28,0.68,2480.0,2400.0,2517.0,1540.0,2152.3333333333335,0.03333333333333344,0.3,2088.7586206896553
135,2017,3,Gujarat,Rajkot,1.39,2.65,1897.0,2480.0,2400.0,2517.0,2465.6666666666665,-0.23508064516129035,0.28,2351.5172413793102
135,2018,3,Gujarat,Rajkot,0.9,1.6,1786.0,1897.0,2480.0,2400.0,2259.0,-0.05851344227727995,1.39,2204.777777777778
135,2019,3,Gujarat,Rajkot,1.89,4.78,2525.0,1786.0,1897.0,2480.0,2054.3333333333335,0.4137737961926091,0.9,2517.0666666666666
136,1993,3,Gujarat,Sabarkantha,44.5,26.2,589.0,960.0,496.0,741.0,732.3333333333334,-0.38645833333333335,50.6,692.0588235294117
136,1994,3,Gujarat,Sabarkantha,44.0,28.0,636.0,589.0,960.0,496.0,681.6666666666666,0.07979626485568758,44.5,1062.4705882352941
136,1995,3,Gujarat,Sabarkantha,42.7,33.2,778.0,636.0,589.0,960.0,728.3333333333334,0.2232704402515724,44.0,990.3529411764706
136,1996,3,Gujarat,Sabarkantha,23.5,29.0,1234.0,778.0,636.0,589.0,667.6666666666666,0.5861182519280206,42.7,1330.125
136,1997,3,Gujarat,Sabarkantha,40.0,36.5,913.0,1234.0,778.0,636.0,882.6666666666666,-0.26012965964343593,23.5,1369.6470588235295
136,1998,3,Gujarat,Sabarkantha,37.5,39.5,1053.0,913.0,1234.0,778.0,975.0,0.15334063526834618,40.0,1224.1176470588234
136,1999,3,Gujarat,Sabarkantha,36.0,32.9,914.0,1053.0,913.0,1234.0,1066.6666666666667,-0.1320037986704653,37.5,914.5294117647059
136,2000,3,Gujarat,Sabarkantha,32.8,35.4,1079.0,914.0,1053.0,913.0,960.0,0.1805251641137855,36.0,935.5909090909091
136,2001,3,Gujarat,Sabarkantha,30.1,29.5,980.0,1079.0,914.0,1053.0,1015.3333333333334,-0.09175162187210384,32.8,1448.6666666666667
136,2002,3,Gujarat,Sabarkantha,22.1,29.6,1339.0,980.0,1079.0,914.0,991.0,0.36632653061224496,30.1,1155.590909090909
136,2003,3,Gujarat,Sabarkantha,24.6,30.2,1228.0,1339.0,980.0,1079.0,1132.6666666666667,-0.08289768483943238,22.1,1547.4545454545455
136,2004,3,Gujarat,Sabarkantha,18.4,20.1,1092.0,1228.0,1339.0,980.0,1182.3333333333333,-0.11074918566775249,24.6,1259.3181818181818
136,2005,3,Gujarat,Sabarkantha,21.8,31.3,1436.0,1092.0,1228.0,1339.0,1219.6666666666667,0.315018315018315,18.4,1396.1363636363637
136,2006,3,Gujarat,Sabarkantha,22.8,31.5,1382.0,1436.0,1092.0,1228.0,1252.0,-0.03760445682451252,21.8,1213.952380952381
136,2007,3,Gujarat,Sabarkantha,21.5,39.0,1814.0,1382.0,1436.0,1092.0,1303.3333333333333,0.31259044862518093,22.8,1595.952380952381
136,2008,3,Gujarat,Sabarkantha,13.5,25.6,1896.0,1814.0,1382.0,1436.0,1544.0,0.04520396912899671,21.5,1624.4761904761904
136,2009,3,Gujarat,Sabarkantha,12.5,23.3,1864.0,1896.0,1814.0,1382.0,1697.3333333333333,-0.016877637130801704,13.5,1447.090909090909
136,2010,3,Gujarat,Sabarkantha,26.8,57.2,2134.0,1864.0,1896.0,1814.0,1858.0,0.1448497854077253,12.5,1734.9545454545455
136,2011,3,Gujarat,Sabarkantha,13.2,29.6,2242.0,2134.0,1864.0,1896.0,1964.6666666666667,0.05060918462980313,26.8,1943.95
136,2012,3,Gujarat,Sabarkantha,19.7,37.9,1924.0,2242.0,2134.0,1864.0,2080.0,-0.1418376449598573,13.2,1657.095238095238
136,2013,3,Gujarat,Sabarkantha,14.58,26.0,1783.0,1924.0,2242.0,2134.0,2100.0,-0.07328482328482333,19.7,2143.2727272727275
136,2014,3,Gujarat,Sabarkantha,7.4,18.34,2478.0,1783.0,1924.0,2242.0,1983.0,0.38979248457655635,14.58,2152.9666666666667
136,2015,3,Gujarat,Sabarkantha,2.46,6.51,2646.0,2478.0,1783.0,1924.0,2061.6666666666665,0.06779661016949157,7.4,2088.689655172414
136,2016,3,Gujarat,Sabarkantha,1.49,3.89,2611.0,2646.0,2478.0,1783.0,2302.3333333333335,-0.013227513227513255,2.46,2088.7586206896553
136,2017,3,Gujarat,Sabarkantha,3.23,10.66,3297.0,2611.0,2646.0,2478.0,2578.3333333333335,0.2627345844504021,1.49,2351.5172413793102
136,2018,3,Gujarat,Sabarkantha,2.02,6.62,3283.0,3297.0,2611.0,2646.0,2851.3333333333335,-0.00424628450106157,3.23,2204.777777777778
136,2019,3,Gujarat,Sabarkantha,2.96,9.04,3056.0,3283.0,3297.0,2611.0,3063.6666666666665,-0.06914407554066404,2.02,2517.0666666666666
137,1993,3,Gujarat,Surat,1.3,0.5,385.0,1176.0,429.0,750.0,785.0,-0.6726190476190477,1.7,692.0588235294117
137,1994,3,Gujarat,Surat,1.0,1.0,1000.0,385.0,1176.0,429.0,663.3333333333334,1.5974025974025974,1.3,1062.4705882352941
137,1995,3,Gujarat,Surat,1.2,0.8,667.0,1000.0,385.0,1176.0,853.6666666666666,-0.33299999999999996,1.0,990.3529411764706
137,1997,3,Gujarat,Surat,0.3,0.3,1000.0,667.0,1000.0,385.0,684.0,0.4992503748125936,1.2,1369.6470588235295
137,1998,3,Gujarat,Surat,0.6,0.5,833.0,1000.0,667.0,1000.0,889.0,-0.16700000000000004,0.3,1224.1176470588234
137,1999,3,Gujarat,Surat,1.1,0.6,545.0,833.0,1000.0,667.0,833.3333333333334,-0.3457382953181273,0.6,914.5294117647059
137,2000,3,Gujarat,Surat,1.0,0.6,600.0,545.0,833.0,1000.0,792.6666666666666,0.10091743119266061,1.1,935.5909090909091
137,2001,3,Gujarat,Surat,1.0,1.3,1300.0,600.0,545.0,833.0,659.3333333333334,1.1666666666666665,1.0,1448.6666666666667
137,2002,3,Gujarat,Surat,0.4,0.3,750.0,1300.0,600.0,545.0,815.0,-0.42307692307692313,1.0,1155.590909090909
137,2003,3,Gujarat,Surat,0.3,0.4,1333.0,750.0,1300.0,600.0,883.3333333333334,0.7773333333333334,0.4,1547.4545454545455
137,2004,3,Gujarat,Surat,0.3,0.3,1000.0,1333.0,750.0,1300.0,1127.6666666666667,-0.24981245311327827,0.3,1259.3181818181818
137,2005,3,Gujarat,Surat,0.3,0.3,1000.0,1000.0,1333.0,750.0,1027.6666666666667,0.0,0.3,1396.1363636363637
137,2006,3,Gujarat,Surat,1.2,0.9,750.0,1000.0,1000.0,1333.0,1111.0,-0.25,0.3,1213.952380952381
137,2007,3,Gujarat,Surat,3.6,2.4,667.0,750.0,1000.0,1000.0,916.6666666666666,-0.11066666666666669,1.2,1595.952380952381
137,2008,3,Gujarat,Surat,0.1,0.1,1000.0,667.0,750.0,1000.0,805.6666666666666,0.4992503748125936,3.6,1624.4761904761904
137,2009,3,Gujarat,Surat,0.5,0.6,1200.0,1000.0,667.0,750.0,805.6666666666666,0.19999999999999996,0.1,1447.090909090909
137,2010,3,Gujarat,Surat,0.3,0.3,1000.0,1200.0,1000.0,667.0,955.6666666666666,-0.16666666666666663,0.5,1734.9545454545455
137,2013,3,Gujarat,Surat,0.06,0.16,2667.0,1000.0,1200.0,1000.0,1066.6666666666667,1.6669999999999998,0.3,2143.2727272727275
137,2014,3,Gujarat,Surat,0.23,0.41,1783.0,2667.0,1000.0,1200.0,1622.3333333333333,-0.33145856767904014,0.06,2152.9666666666667
137,2015,3,Gujarat,Surat,0.05,0.12,2400.0,1783.0,2667.0,1000.0,1816.6666666666667,0.34604598990465507,0.23,2088.689655172414
137,2016,3,Gujarat,Surat,0.05,0.13,2491.0,2400.0,1783.0,2667.0,2283.3333333333335,0.0379166666666666,0.05,2088.7586206896553
137,2017,3,Gujarat,Surat,0.03,0.08,2923.0,2491.0,2400.0,1783.0,2224.6666666666665,0.1734243275792855,0.05,2351.5172413793102
137,2019,3,Gujarat,Surat,0.01,0.02,1700.0,2923.0,2491.0,2400.0,2604.6666666666665,-0.4184057475196715,0.03,2517.0666666666666
138,1993,3,Gujarat,Surendranagar,105.7,47.9,453.0,1074.0,372.0,615.0,687.0,-0.5782122905027933,110.1,692.0588235294117
138,1994,3,Gujarat,Surendranagar,98.0,100.0,1020.0,453.0,1074.0,372.0,633.0,1.2516556291390728,105.7,1062.4705882352941
138,1995,3,Gujarat,Surendranagar,91.3,61.0,668.0,1020.0,453.0,1074.0,849.0,-0.34509803921568627,98.0,990.3529411764706
138,1996,3,Gujarat,Surendranagar,85.8,100.2,1168.0,668.0,1020.0,453.0,713.6666666666666,0.7485029940119761,91.3,1330.125
138,1997,3,Gujarat,Surendranagar,82.9,99.8,1204.0,1168.0,668.0,1020.0,952.0,0.03082191780821919,85.8,1369.6470588235295
138,1998,3,Gujarat,Surendranagar,68.5,92.3,1347.0,1204.0,1168.0,668.0,1013.3333333333334,0.11877076411960141,82.9,1224.1176470588234
138,1999,3,Gujarat,Surendranagar,73.1,43.9,601.0,1347.0,1204.0,1168.0,1239.6666666666667,-0.5538233110616184,68.5,914.5294117647059
138,2000,3,Gujarat,Surendranagar,71.5,60.2,842.0,601.0,1347.0,1204.0,1050.6666666666667,0.4009983361064893,73.1,935.5909090909091
138,2001,3,Gujarat,Surendranagar,70.3,112.4,1599.0,842.0,601.0,1347.0,930.0,0.8990498812351544,71.5,1448.6666666666667
138,2002,3,Gujarat,Surendranagar,71.8,46.8,652.0,1599.0,842.0,601.0,1014.0,-0.592245153220763,70.3,1155.590909090909
138,2003,3,Gujarat,Surendranagar,83.4,135.2,1621.0,652.0,1599.0,842.0,1031.0,1.486196319018405,71.8,1547.4545454545455
138,2004,3,Gujarat,Surendranagar,65.3,85.5,1309.0,1621.0,652.0,1599.0,1290.6666666666667,-0.19247378161628625,83.4,1259.3181818181818
138,2005,3,Gujarat,Surendranagar,67.1,76.7,1143.0,1309.0,1621.0,652.0,1194.0,-0.12681436210847974,65.3,1396.1363636363637
138,2006,3,Gujarat,Surendranagar,50.7,72.6,1432.0,1143.0,1309.0,1621.0,1357.6666666666667,0.25284339457567806,67.1,1213.952380952381
138,2007,3,Gujarat,Surendranagar,51.8,83.7,1616.0,1432.0,1143.0,1309.0,1294.6666666666667,0.12849162011173187,50.7,1595.952380952381
138,2008,3,Gujarat,Surendranagar,41.2,47.4,1150.0,1616.0,1432.0,1143.0,1397.0,-0.2883663366336634,51.8,1624.4761904761904
138,2009,3,Gujarat,Surendranagar,40.4,38.8,960.0,1150.0,1616.0,1432.0,1399.3333333333333,-0.16521739130434787,41.2,1447.090909090909
138,2010,3,Gujarat,Surendranagar,32.4,43.4,1340.0,960.0,1150.0,1616.0,1242.0,0.39583333333333326,40.4,1734.9545454545455
138,2011,3,Gujarat,Surendranagar,20.5,42.8,2088.0,1340.0,960.0,1150.0,1150.0,0.5582089552238807,32.4,1943.95
138,2012,3,Gujarat,Surendranagar,19.0,14.4,758.0,2088.0,1340.0,960.0,1462.6666666666667,-0.6369731800766283,20.5,1657.095238095238
138,2013,3,Gujarat,Surendranagar,26.66,48.39,1815.0,758.0,2088.0,1340.0,1395.3333333333333,1.3944591029023745,19.0,2143.2727272727275
138,2014,3,Gujarat,Surendranagar,11.03,24.4,2212.0,1815.0,758.0,2088.0,1553.6666666666667,0.21873278236914606,26.66,2152.9666666666667
138,2015,3,Gujarat,Surendranagar,7.59,14.84,1955.0,2212.0,1815.0,758.0,1595.0,-0.11618444846292952,11.03,2088.689655172414
138,2016,3,Gujarat,Surendranagar,6.25,7.12,1139.0,1955.0,2212.0,1815.0,1994.0,-0.4173913043478261,7.59,2088.7586206896553
138,2017,3,Gujarat,Surendranagar,6.63,13.73,2071.0,1139.0,1955.0,2212.0,1768.6666666666667,0.8182616330114134,6.25,2351.5172413793102
138,2018,3,Gujarat,Surendranagar,6.69,8.14,1218.0,2071.0,1139.0,1955.0,1721.6666666666667,-0.4118783196523419,6.63,2204.777777777778
138,2019,3,Gujarat,Surendranagar,5.38,9.62,1790.0,1218.0,2071.0,1139.0,1476.0,0.4696223316912973,6.69,2517.0666666666666
139,1993,10,Rajasthan,Ajmer,64.46,6.21,96.0,614.0,168.0,719.0,500.3333333333333,-0.8436482084690554,72.94,448.8965517241379
139,1994,10,Rajasthan,Ajmer,65.62,60.89,928.0,96.0,614.0,168.0,292.6666666666667,8.666666666666666,64.46,649.0666666666667
139,1995,10,Rajasthan,Ajmer,54.12,7.03,130.0,928.0,96.0,614.0,546.0,-0.8599137931034483,65.62,366.48275862068965
139,1996,10,Rajasthan,Ajmer,55.41,25.98,469.0,130.0,928.0,96.0,384.6666666666667,2.6076923076923078,54.12,558.4666666666667
139,1997,10,Rajasthan,Ajmer,56.61,30.37,536.0,469.0,130.0,928.0,509.0,0.1428571428571428,55.41,600.3666666666667
139,1998,10,Rajasthan,Ajmer,55.09,6.05,110.0,536.0,469.0,130.0,378.3333333333333,-0.7947761194029851,56.61,567.0967741935484
139,1999,10,Rajasthan,Ajmer,57.96,5.92,102.0,110.0,536.0,469.0,371.6666666666667,-0.07272727272727275,55.09,468.3333333333333
139,2000,10,Rajasthan,Ajmer,64.83,9.49,146.0,102.0,110.0,536.0,249.33333333333334,0.43137254901960786,57.96,567.96875
139,2001,10,Rajasthan,Ajmer,69.9,74.46,1065.0,146.0,102.0,110.0,119.33333333333333,6.294520547945205,64.83,849.96875
139,2002,10,Rajasthan,Ajmer,59.42,0.53,9.0,1065.0,146.0,102.0,437.6666666666667,-0.9915492957746479,69.9,301.6333333333333
139,2003,10,Rajasthan,Ajmer,98.5,137.31,1394.0,9.0,1065.0,146.0,406.6666666666667,153.88888888888889,59.42,1253.84375
139,2004,10,Rajasthan,Ajmer,82.17,41.74,508.0,1394.0,9.0,1065.0,822.6666666666666,-0.6355810616929698,98.5,842.9677419354839
139,2005,10,Rajasthan,Ajmer,84.45,5.79,69.0,508.0,1394.0,9.0,637.0,-0.8641732283464567,82.17,567.75
139,2006,10,Rajasthan,Ajmer,86.48,70.02,810.0,69.0,508.0,1394.0,657.0,10.73913043478261,84.45,907.28125
139,2007,10,Rajasthan,Ajmer,83.56,82.06,982.0,810.0,69.0,508.0,462.3333333333333,0.2123456790123457,86.48,1043.3548387096773
139,2008,10,Rajasthan,Ajmer,83.3,81.6,980.0,982.0,810.0,69.0,620.3333333333334,-0.0020366598778004397,83.56,1079.8181818181818
139,2009,10,Rajasthan,Ajmer,85.34,6.46,76.0,980.0,982.0,810.0,924.0,-0.9224489795918367,83.3,594.258064516129
139,2010,10,Rajasthan,Ajmer,94.32,128.4,1361.0,76.0,980.0,982.0,679.3333333333334,16.907894736842106,85.34,1232.6060606060605
139,2011,10,Rajasthan,Ajmer,74.55,95.33,1279.0,1361.0,76.0,980.0,805.6666666666666,-0.06024981631153559,94.32,1307.6363636363637
139,2012,10,Rajasthan,Ajmer,70.49,76.02,1078.0,1279.0,1361.0,76.0,905.3333333333334,-0.15715402658326816,74.55,1154.1818181818182
139,2013,10,Rajasthan,Ajmer,67.91,83.57,1231.0,1078.0,1279.0,1361.0,1239.3333333333333,0.1419294990723563,70.49,1063.7878787878788
139,2014,10,Rajasthan,Ajmer,69.44,93.13,1341.0,1231.0,1078.0,1279.0,1196.0,0.08935824532900072,67.91,1185.75
139,2015,10,Rajasthan,Ajmer,61.25,47.21,771.0,1341.0,1231.0,1078.0,1216.6666666666667,-0.4250559284116331,69.44,928.65625
139,2016,10,Rajasthan,Ajmer,61.71,60.53,981.0,771.0,1341.0,1231.0,1114.3333333333333,0.27237354085603105,61.25,1111.3939393939395
139,2017,10,Rajasthan,Ajmer,58.5,69.63,1190.0,981.0,771.0,1341.0,1031.0,0.21304791029561665,61.71,1012.3333333333334
139,2018,10,Rajasthan,Ajmer,61.48,102.44,1666.0,1190.0,981.0,771.0,980.6666666666666,0.3999999999999999,58.5,1085.6875
139,2019,10,Rajasthan,Ajmer,61.8,94.12,1523.0,1666.0,1190.0,981.0,1279.0,-0.08583433373349336,61.48,1246.3870967741937
140,1993,10,Rajasthan,Alwar,156.21,118.48,758.0,843.0,699.0,900.0,814.0,-0.10083036773428233,184.46,448.8965517241379
140,1994,10,Rajasthan,Alwar,183.88,223.45,1215.0,758.0,843.0,699.0,766.6666666666666,0.6029023746701847,156.21,649.0666666666667
140,1995,10,Rajasthan,Alwar,135.15,98.73,731.0,1215.0,758.0,843.0,938.6666666666666,-0.3983539094650206,183.88,366.48275862068965
140,1996,10,Rajasthan,Alwar,167.58,138.01,824.0,731.0,1215.0,758.0,901.3333333333334,0.12722298221614237,135.15,558.4666666666667
140,1997,10,Rajasthan,Alwar,166.76,169.27,1015.0,824.0,731.0,1215.0,923.3333333333334,0.23179611650485432,167.58,600.3666666666667
140,1998,10,Rajasthan,Alwar,183.98,225.71,1227.0,1015.0,824.0,731.0,856.6666666666666,0.20886699507389173,166.76,567.0967741935484
140,1999,10,Rajasthan,Alwar,182.63,204.54,1120.0,1227.0,1015.0,824.0,1022.0,-0.08720456397718013,183.98,468.3333333333333
140,2000,10,Rajasthan,Alwar,199.62,257.77,1291.0,1120.0,1227.0,1015.0,1120.6666666666667,0.15267857142857144,182.63,567.96875
140,2001,10,Rajasthan,Alwar,188.6,349.52,1853.0,1291.0,1120.0,1227.0,1212.6666666666667,0.43532145623547636,199.62,849.96875
140,2002,10,Rajasthan,Alwar,149.75,110.44,737.0,1853.0,1291.0,1120.0,1421.3333333333333,-0.6022665947112791,188.6,301.6333333333333
140,2003,10,Rajasthan,Alwar,232.92,402.6,1728.0,737.0,1853.0,1291.0,1293.6666666666667,1.344640434192673,149.75,1253.84375
140,2004,10,Rajasthan,Alwar,191.98,302.17,1574.0,1728.0,737.0,1853.0,1439.3333333333333,-0.08912037037037035,232.92,842.9677419354839
140,2005,10,Rajasthan,Alwar,219.53,273.94,1248.0,1574.0,1728.0,737.0,1346.3333333333333,-0.20711562897077507,191.98,567.75
140,2006,10,Rajasthan,Alwar,232.21,417.34,1797.0,1248.0,1574.0,1728.0,1516.6666666666667,0.43990384615384626,219.53,907.28125
140,2007,10,Rajasthan,Alwar,246.41,429.72,1744.0,1797.0,1248.0,1574.0,1539.6666666666667,-0.029493600445186452,232.21,1043.3548387096773
140,2008,10,Rajasthan,Alwar,226.35,380.46,1681.0,1744.0,1797.0,1248.0,1596.3333333333333,-0.036123853211009194,246.41,1079.8181818181818
140,2009,10,Rajasthan,Alwar,276.96,312.11,1127.0,1681.0,1744.0,1797.0,1740.6666666666667,-0.3295657346817371,226.35,594.258064516129
140,2010,10,Rajasthan,Alwar,273.15,508.36,1861.0,1127.0,1681.0,1744.0,1517.3333333333333,0.6512866015971606,276.96,1232.6060606060605
140,2011,10,Rajasthan,Alwar,267.79,552.94,2065.0,1861.0,1127.0,1681.0,1556.3333333333333,0.10961848468565294,273.15,1307.6363636363637
140,2012,10,Rajasthan,Alwar,240.77,477.22,1982.0,2065.0,1861.0,1127.0,1684.3333333333333,-0.040193704600484215,267.79,1154.1818181818182
140,2013,10,Rajasthan,Alwar,243.19,454.93,1871.0,1982.0,2065.0,1861.0,1969.3333333333333,-0.05600403632694251,240.77,1063.7878787878788
140,2014,10,Rajasthan,Alwar,250.0,505.04,2020.0,1871.0,1982.0,2065.0,1972.6666666666667,0.0796365579903795,243.19,1185.75
140,2015,10,Rajasthan,Alwar,262.03,467.39,1784.0,2020.0,1871.0,1982.0,1957.6666666666667,-0.11683168316831682,250.0,928.65625
140,2016,10,Rajasthan,Alwar,273.59,588.05,2149.0,1784.0,2020.0,1871.0,1891.6666666666667,0.20459641255605376,262.03,1111.3939393939395
140,2017,10,Rajasthan,Alwar,275.81,540.06,1958.0,2149.0,1784.0,2020.0,1984.3333333333333,-0.08887854816193574,273.59,1012.3333333333334
140,2018,10,Rajasthan,Alwar,273.83,569.71,2081.0,1958.0,2149.0,1784.0,1963.6666666666667,0.06281920326864143,275.81,1085.6875
140,2019,10,Rajasthan,Alwar,284.58,598.87,2104.0,2081.0,1958.0,2149.0,2062.6666666666665,0.01105237866410369,273.83,1246.3870967741937
141,1993,10,Rajasthan,Banswara,0.06,0.02,333.0,538.0,333.0,500.0,457.0,-0.3810408921933085,0.13,448.8965517241379
141,1994,10,Rajasthan,Banswara,0.02,0.01,500.0,333.0,538.0,333.0,401.3333333333333,0.5015015015015014,0.06,649.0666666666667
141,1996,10,Rajasthan,Banswara,0.03,0.01,333.0,500.0,333.0,538.0,457.0,-0.33399999999999996,0.02,558.4666666666667
141,1997,10,Rajasthan,Banswara,0.04,0.02,500.0,333.0,500.0,333.0,388.6666666666667,0.5015015015015014,0.03,600.3666666666667
141,1998,10,Rajasthan,Banswara,0.02,0.01,500.0,500.0,333.0,500.0,444.3333333333333,0.0,0.04,567.0967741935484
141,1999,10,Rajasthan,Banswara,0.04,0.01,250.0,500.0,500.0,333.0,444.3333333333333,-0.5,0.02,468.3333333333333
141,2000,10,Rajasthan,Banswara,0.08,0.04,500.0,250.0,500.0,500.0,416.6666666666667,1.0,0.04,567.96875
141,2001,10,Rajasthan,Banswara,0.11,0.08,727.0,500.0,250.0,500.0,416.6666666666667,0.45399999999999996,0.08,849.96875
141,2002,10,Rajasthan,Banswara,0.05,0.01,200.0,727.0,500.0,250.0,492.3333333333333,-0.7248968363136177,0.11,301.6333333333333
141,2003,10,Rajasthan,Banswara,0.06,0.07,1167.0,200.0,727.0,500.0,475.6666666666667,4.835,0.05,1253.84375
141,2004,10,Rajasthan,Banswara,0.05,0.03,600.0,1167.0,200.0,727.0,698.0,-0.48586118251928023,0.06,842.9677419354839
141,2005,10,Rajasthan,Banswara,0.1,0.04,400.0,600.0,1167.0,200.0,655.6666666666666,-0.33333333333333337,0.05,567.75
141,2006,10,Rajasthan,Banswara,0.09,0.06,667.0,400.0,600.0,1167.0,722.3333333333334,0.6675,0.1,907.28125
141,2007,10,Rajasthan,Banswara,0.12,0.1,833.0,667.0,400.0,600.0,555.6666666666666,0.2488755622188905,0.09,1043.3548387096773
141,2008,10,Rajasthan,Banswara,0.09,0.08,889.0,833.0,667.0,400.0,633.3333333333334,0.0672268907563025,0.12,1079.8181818181818
141,2009,10,Rajasthan,Banswara,0.17,0.07,412.0,889.0,833.0,667.0,796.3333333333334,-0.5365579302587177,0.09,594.258064516129
141,2010,10,Rajasthan,Banswara,0.17,0.19,1118.0,412.0,889.0,833.0,711.3333333333334,1.7135922330097086,0.17,1232.6060606060605
141,2011,10,Rajasthan,Banswara,0.1,0.13,1300.0,1118.0,412.0,889.0,806.3333333333334,0.16279069767441867,0.17,1307.6363636363637
141,2012,10,Rajasthan,Banswara,0.1,0.1,1000.0,1300.0,1118.0,412.0,943.3333333333334,-0.23076923076923073,0.1,1154.1818181818182
141,2013,10,Rajasthan,Banswara,0.05,0.05,1000.0,1000.0,1300.0,1118.0,1139.3333333333333,0.0,0.1,1063.7878787878788
141,2014,10,Rajasthan,Banswara,0.12,0.13,1083.0,1000.0,1000.0,1300.0,1100.0,0.08299999999999996,0.05,1185.75
141,2015,10,Rajasthan,Banswara,0.09,0.07,778.0,1083.0,1000.0,1000.0,1027.6666666666667,-0.28162511542012925,0.12,928.65625
141,2016,10,Rajasthan,Banswara,0.07,0.07,1000.0,778.0,1083.0,1000.0,953.6666666666666,0.28534704370179953,0.09,1111.3939393939395
141,2017,10,Rajasthan,Banswara,0.13,0.11,880.0,1000.0,778.0,1083.0,953.6666666666666,-0.12,0.07,1012.3333333333334
141,2018,10,Rajasthan,Banswara,0.15,0.13,892.0,880.0,1000.0,778.0,886.0,0.013636363636363669,0.13,1085.6875
141,2019,10,Rajasthan,Banswara,0.16,0.19,1184.0,892.0,880.0,1000.0,924.0,0.32735426008968616,0.15,1246.3870967741937
142,1993,10,Rajasthan,Barmer,806.22,14.62,18.0,198.0,45.0,244.0,162.33333333333334,-0.9090909090909091,1032.51,448.8965517241379
142,1994,10,Rajasthan,Barmer,931.77,251.78,270.0,18.0,198.0,45.0,87.0,14.0,806.22,649.0666666666667
142,1995,10,Rajasthan,Barmer,805.99,37.94,47.0,270.0,18.0,198.0,162.0,-0.825925925925926,931.77,366.48275862068965
142,1996,10,Rajasthan,Barmer,815.59,109.21,134.0,47.0,270.0,18.0,111.66666666666667,1.851063829787234,805.99,558.4666666666667
142,1997,10,Rajasthan,Barmer,882.88,250.55,284.0,134.0,47.0,270.0,150.33333333333334,1.1194029850746268,815.59,600.3666666666667
142,1998,10,Rajasthan,Barmer,763.92,15.93,21.0,284.0,134.0,47.0,155.0,-0.926056338028169,882.88,567.0967741935484
142,1999,10,Rajasthan,Barmer,699.89,21.03,30.0,21.0,284.0,134.0,146.33333333333334,0.4285714285714286,763.92,468.3333333333333
142,2000,10,Rajasthan,Barmer,911.35,179.48,197.0,30.0,21.0,284.0,111.66666666666667,5.566666666666666,699.89,567.96875
142,2001,10,Rajasthan,Barmer,957.67,249.08,260.0,197.0,30.0,21.0,82.66666666666667,0.31979695431472077,911.35,849.96875
142,2002,10,Rajasthan,Barmer,777.38,5.81,7.0,260.0,197.0,30.0,162.33333333333334,-0.9730769230769231,957.67,301.6333333333333
142,2003,10,Rajasthan,Barmer,1020.18,563.59,552.0,7.0,260.0,197.0,154.66666666666666,77.85714285714286,777.38,1253.84375
142,2004,10,Rajasthan,Barmer,812.0,182.94,225.0,552.0,7.0,260.0,273.0,-0.5923913043478262,1020.18,842.9677419354839
142,2005,10,Rajasthan,Barmer,921.72,68.96,75.0,225.0,552.0,7.0,261.3333333333333,-0.6666666666666667,812.0,567.75
142,2006,10,Rajasthan,Barmer,933.27,140.93,151.0,75.0,225.0,552.0,284.0,1.0133333333333332,921.72,907.28125
142,2007,10,Rajasthan,Barmer,960.4,166.44,173.0,151.0,75.0,225.0,150.33333333333334,0.14569536423841067,933.27,1043.3548387096773
142,2008,10,Rajasthan,Barmer,1011.4,131.2,130.0,173.0,151.0,75.0,133.0,-0.24855491329479773,960.4,1079.8181818181818
142,2009,10,Rajasthan,Barmer,956.74,18.4,19.0,130.0,173.0,151.0,151.33333333333334,-0.8538461538461538,1011.4,594.258064516129
142,2010,10,Rajasthan,Barmer,945.07,529.02,560.0,19.0,130.0,173.0,107.33333333333333,28.473684210526315,956.74,1232.6060606060605
142,2011,10,Rajasthan,Barmer,878.74,576.88,656.0,560.0,19.0,130.0,236.33333333333334,0.17142857142857149,945.07,1307.6363636363637
142,2012,10,Rajasthan,Barmer,713.77,300.6,421.0,656.0,560.0,19.0,411.6666666666667,-0.3582317073170732,878.74,1154.1818181818182
142,2013,10,Rajasthan,Barmer,863.19,374.41,434.0,421.0,656.0,560.0,545.6666666666666,0.030878859857482288,713.77,1063.7878787878788
142,2014,10,Rajasthan,Barmer,752.05,206.82,275.0,434.0,421.0,656.0,503.6666666666667,-0.3663594470046083,863.19,1185.75
142,2015,10,Rajasthan,Barmer,779.2,112.7,145.0,275.0,434.0,421.0,376.6666666666667,-0.4727272727272728,752.05,928.65625
142,2016,10,Rajasthan,Barmer,795.06,118.86,150.0,145.0,275.0,434.0,284.6666666666667,0.034482758620689724,779.2,1111.3939393939395
142,2017,10,Rajasthan,Barmer,901.1,209.34,232.0,150.0,145.0,275.0,190.0,0.5466666666666666,795.06,1012.3333333333334
142,2018,10,Rajasthan,Barmer,900.42,126.75,141.0,232.0,150.0,145.0,175.66666666666666,-0.39224137931034486,901.1,1085.6875
142,2019,10,Rajasthan,Barmer,952.46,593.7,623.0,141.0,232.0,150.0,174.33333333333334,3.418439716312057,900.42,1246.3870967741937
143,1993,10,Rajasthan,Bharatpur,71.07,61.61,867.0,1390.0,521.0,830.0,913.6666666666666,-0.37625899280575537,80.92,448.8965517241379
143,1994,10,Rajasthan,Bharatpur,74.83,74.98,1002.0,867.0,1390.0,521.0,926.0,0.15570934256055358,71.07,649.0666666666667
143,1995,10,Rajasthan,Bharatpur,66.6,52.06,782.0,1002.0,867.0,1390.0,1086.3333333333333,-0.219560878243513,74.83,366.48275862068965
143,1996,10,Rajasthan,Bharatpur,69.21,78.84,1139.0,782.0,1002.0,867.0,883.6666666666666,0.4565217391304348,66.6,558.4666666666667
143,1997,10,Rajasthan,Bharatpur,86.47,103.29,1195.0,1139.0,782.0,1002.0,974.3333333333334,0.04916593503072875,69.21,600.3666666666667
143,1998,10,Rajasthan,Bharatpur,95.55,135.47,1418.0,1195.0,1139.0,782.0,1038.6666666666667,0.18661087866108783,86.47,567.0967741935484
143,1999,10,Rajasthan,Bharatpur,97.22,143.12,1472.0,1418.0,1195.0,1139.0,1250.6666666666667,0.038081805359661436,95.55,468.3333333333333
143,2000,10,Rajasthan,Bharatpur,124.55,166.93,1340.0,1472.0,1418.0,1195.0,1361.6666666666667,-0.08967391304347827,97.22,567.96875
143,2001,10,Rajasthan,Bharatpur,99.2,135.79,1369.0,1340.0,1472.0,1418.0,1410.0,0.02164179104477615,124.55,849.96875
143,2002,10,Rajasthan,Bharatpur,93.42,33.83,362.0,1369.0,1340.0,1472.0,1393.6666666666667,-0.7355734112490869,99.2,301.6333333333333
143,2003,10,Rajasthan,Bharatpur,109.18,182.63,1673.0,362.0,1369.0,1340.0,1023.6666666666666,3.6215469613259668,93.42,1253.84375
143,2004,10,Rajasthan,Bharatpur,92.23,118.26,1282.0,1673.0,362.0,1369.0,1134.6666666666667,-0.23371189479976096,109.18,842.9677419354839
143,2005,10,Rajasthan,Bharatpur,103.47,125.45,1212.0,1282.0,1673.0,362.0,1105.6666666666667,-0.0546021840873635,92.23,567.75
143,2006,10,Rajasthan,Bharatpur,103.73,160.5,1547.0,1212.0,1282.0,1673.0,1389.0,0.2764026402640265,103.47,907.28125
143,2007,10,Rajasthan,Bharatpur,111.93,173.32,1548.0,1547.0,1212.0,1282.0,1347.0,0.0006464124111182912,103.73,1043.3548387096773
143,2008,10,Rajasthan,Bharatpur,100.15,157.43,1572.0,1548.0,1547.0,1212.0,1435.6666666666667,0.015503875968992276,111.93,1079.8181818181818
143,2009,10,Rajasthan,Bharatpur,121.24,193.51,1596.0,1572.0,1548.0,1547.0,1555.6666666666667,0.01526717557251911,100.15,594.258064516129
143,2010,10,Rajasthan,Bharatpur,122.03,235.02,1926.0,1596.0,1572.0,1548.0,1572.0,0.20676691729323315,121.24,1232.6060606060605
143,2011,10,Rajasthan,Bharatpur,118.16,231.98,1963.0,1926.0,1596.0,1572.0,1698.0,0.019210799584631344,122.03,1307.6363636363637
143,2012,10,Rajasthan,Bharatpur,107.07,176.91,1652.0,1963.0,1926.0,1596.0,1828.3333333333333,-0.15843097300050946,118.16,1154.1818181818182
143,2013,10,Rajasthan,Bharatpur,102.49,194.12,1894.0,1652.0,1963.0,1926.0,1847.0,0.14648910411622285,107.07,1063.7878787878788
143,2014,10,Rajasthan,Bharatpur,106.99,190.51,1781.0,1894.0,1652.0,1963.0,1836.3333333333333,-0.059662090813093926,102.49,1185.75
143,2015,10,Rajasthan,Bharatpur,106.36,173.66,1633.0,1781.0,1894.0,1652.0,1775.6666666666667,-0.08309938236945535,106.99,928.65625
143,2016,10,Rajasthan,Bharatpur,114.23,214.0,1873.0,1633.0,1781.0,1894.0,1769.3333333333333,0.14696876913655843,106.36,1111.3939393939395
143,2017,10,Rajasthan,Bharatpur,126.93,185.98,1465.0,1873.0,1633.0,1781.0,1762.3333333333333,-0.21783235451147887,114.23,1012.3333333333334
143,2018,10,Rajasthan,Bharatpur,128.92,226.21,1755.0,1465.0,1873.0,1633.0,1657.0,0.1979522184300342,126.93,1085.6875
143,2019,10,Rajasthan,Bharatpur,135.33,292.66,2162.0,1755.0,1465.0,1873.0,1697.6666666666667,0.23190883190883183,128.92,1246.3870967741937
144,1993,10,Rajasthan,Bhilwara,0.97,0.29,299.0,582.0,230.0,516.0,442.6666666666667,-0.4862542955326461,1.82,448.8965517241379
144,1994,10,Rajasthan,Bhilwara,1.15,0.7,609.0,299.0,582.0,230.0,370.3333333333333,1.036789297658863,0.97,649.0666666666667
144,1995,10,Rajasthan,Bhilwara,0.72,0.23,319.0,609.0,299.0,582.0,496.6666666666667,-0.47619047619047616,1.15,366.48275862068965
144,1996,10,Rajasthan,Bhilwara,0.85,0.42,494.0,319.0,609.0,299.0,409.0,0.5485893416927901,0.72,558.4666666666667
144,1997,10,Rajasthan,Bhilwara,0.87,0.46,529.0,494.0,319.0,609.0,474.0,0.07085020242914974,0.85,600.3666666666667
144,1998,10,Rajasthan,Bhilwara,0.88,0.38,432.0,529.0,494.0,319.0,447.3333333333333,-0.18336483931947067,0.87,567.0967741935484
144,1999,10,Rajasthan,Bhilwara,0.89,0.31,348.0,432.0,529.0,494.0,485.0,-0.19444444444444442,0.88,468.3333333333333
144,2000,10,Rajasthan,Bhilwara,0.86,0.38,442.0,348.0,432.0,529.0,436.3333333333333,0.2701149425287357,0.89,567.96875
144,2001,10,Rajasthan,Bhilwara,1.29,0.96,744.0,442.0,348.0,432.0,407.3333333333333,0.6832579185520362,0.86,849.96875
144,2002,10,Rajasthan,Bhilwara,2.33,0.52,223.0,744.0,442.0,348.0,511.3333333333333,-0.700268817204301,1.29,301.6333333333333
144,2003,10,Rajasthan,Bhilwara,3.58,4.07,1137.0,223.0,744.0,442.0,469.6666666666667,4.098654708520179,2.33,1253.84375
144,2004,10,Rajasthan,Bhilwara,2.27,1.49,656.0,1137.0,223.0,744.0,701.3333333333334,-0.42304309586631483,3.58,842.9677419354839
144,2005,10,Rajasthan,Bhilwara,2.25,0.98,436.0,656.0,1137.0,223.0,672.0,-0.33536585365853655,2.27,567.75
144,2006,10,Rajasthan,Bhilwara,2.63,4.53,1722.0,436.0,656.0,1137.0,743.0,2.94954128440367,2.25,907.28125
144,2007,10,Rajasthan,Bhilwara,2.91,2.86,983.0,1722.0,436.0,656.0,938.0,-0.4291521486643438,2.63,1043.3548387096773
144,2008,10,Rajasthan,Bhilwara,2.72,3.94,1449.0,983.0,1722.0,436.0,1047.0,0.4740590030518821,2.91,1079.8181818181818
144,2009,10,Rajasthan,Bhilwara,3.17,0.6,189.0,1449.0,983.0,1722.0,1384.6666666666667,-0.8695652173913043,2.72,594.258064516129
144,2010,10,Rajasthan,Bhilwara,5.11,5.67,1110.0,189.0,1449.0,983.0,873.6666666666666,4.873015873015873,3.17,1232.6060606060605
144,2011,10,Rajasthan,Bhilwara,2.88,2.38,826.0,1110.0,189.0,1449.0,916.0,-0.2558558558558559,5.11,1307.6363636363637
144,2012,10,Rajasthan,Bhilwara,2.1,3.92,1867.0,826.0,1110.0,189.0,708.3333333333334,1.2602905569007263,2.88,1154.1818181818182
144,2013,10,Rajasthan,Bhilwara,2.03,2.49,1227.0,1867.0,826.0,1110.0,1267.6666666666667,-0.3427959292983396,2.1,1063.7878787878788
144,2014,10,Rajasthan,Bhilwara,2.1,2.63,1252.0,1227.0,1867.0,826.0,1306.6666666666667,0.02037489812550941,2.03,1185.75
144,2015,10,Rajasthan,Bhilwara,2.17,1.72,793.0,1252.0,1227.0,1867.0,1448.6666666666667,-0.36661341853035145,2.1,928.65625
144,2016,10,Rajasthan,Bhilwara,2.22,3.09,1393.0,793.0,1252.0,1227.0,1090.6666666666667,0.7566204287515763,2.17,1111.3939393939395
144,2017,10,Rajasthan,Bhilwara,2.31,2.49,1080.0,1393.0,793.0,1252.0,1146.0,-0.2246949030868629,2.22,1012.3333333333334
144,2018,10,Rajasthan,Bhilwara,2.25,3.54,1576.0,1080.0,1393.0,793.0,1088.6666666666667,0.45925925925925926,2.31,1085.6875
144,2019,10,Rajasthan,Bhilwara,2.95,1.19,403.0,1576.0,1080.0,1393.0,1349.6666666666667,-0.7442893401015229,2.25,1246.3870967741937
145,1993,10,Rajasthan,Bikaner,242.82,18.8,77.0,902.0,153.0,357.0,470.6666666666667,-0.9146341463414634,242.96,448.8965517241379
145,1994,10,Rajasthan,Bikaner,284.86,46.42,163.0,77.0,902.0,153.0,377.3333333333333,1.116883116883117,242.82,649.0666666666667
145,1995,10,Rajasthan,Bikaner,255.42,53.63,210.0,163.0,77.0,902.0,380.6666666666667,0.2883435582822085,284.86,366.48275862068965
145,1996,10,Rajasthan,Bikaner,275.63,116.7,423.0,210.0,163.0,77.0,150.0,1.0142857142857142,255.42,558.4666666666667
145,1997,10,Rajasthan,Bikaner,239.83,135.14,563.0,423.0,210.0,163.0,265.3333333333333,0.33096926713947994,275.63,600.3666666666667
145,1998,10,Rajasthan,Bikaner,193.82,72.59,375.0,563.0,423.0,210.0,398.6666666666667,-0.3339253996447602,239.83,567.0967741935484
145,2000,10,Rajasthan,Bikaner,199.28,38.14,191.0,375.0,563.0,423.0,453.6666666666667,-0.4906666666666667,193.82,567.96875
145,2001,10,Rajasthan,Bikaner,274.45,107.24,391.0,191.0,375.0,563.0,376.3333333333333,1.0471204188481678,199.28,849.96875
145,2002,10,Rajasthan,Bikaner,14.65,2.22,152.0,391.0,191.0,375.0,319.0,-0.6112531969309463,274.45,301.6333333333333
145,2003,10,Rajasthan,Bikaner,302.07,297.97,986.0,152.0,391.0,191.0,244.66666666666666,5.4868421052631575,14.65,1253.84375
145,2004,10,Rajasthan,Bikaner,146.22,35.19,241.0,986.0,152.0,391.0,509.6666666666667,-0.755578093306288,302.07,842.9677419354839
145,2005,10,Rajasthan,Bikaner,217.36,38.42,177.0,241.0,986.0,152.0,459.6666666666667,-0.2655601659751037,146.22,567.75
145,2006,10,Rajasthan,Bikaner,171.92,26.09,152.0,177.0,241.0,986.0,468.0,-0.14124293785310738,217.36,907.28125
145,2007,10,Rajasthan,Bikaner,202.29,96.37,476.0,152.0,177.0,241.0,190.0,2.1315789473684212,171.92,1043.3548387096773
145,2008,10,Rajasthan,Bikaner,256.9,155.78,606.0,476.0,152.0,177.0,268.3333333333333,0.2731092436974789,202.29,1079.8181818181818
145,2009,10,Rajasthan,Bikaner,247.15,18.88,76.0,606.0,476.0,152.0,411.3333333333333,-0.8745874587458746,256.9,594.258064516129
145,2010,10,Rajasthan,Bikaner,252.55,137.65,545.0,76.0,606.0,476.0,386.0,6.171052631578948,247.15,1232.6060606060605
145,2011,10,Rajasthan,Bikaner,206.51,200.22,970.0,545.0,76.0,606.0,409.0,0.7798165137614679,252.55,1307.6363636363637
145,2012,10,Rajasthan,Bikaner,63.44,13.12,207.0,970.0,545.0,76.0,530.3333333333334,-0.7865979381443299,206.51,1154.1818181818182
145,2013,10,Rajasthan,Bikaner,118.84,60.1,506.0,207.0,970.0,545.0,574.0,1.4444444444444446,63.44,1063.7878787878788
145,2014,10,Rajasthan,Bikaner,90.18,50.53,560.0,506.0,207.0,970.0,561.0,0.10671936758893286,118.84,1185.75
145,2015,10,Rajasthan,Bikaner,84.85,27.07,319.0,560.0,506.0,207.0,424.3333333333333,-0.4303571428571429,90.18,928.65625
145,2016,10,Rajasthan,Bikaner,117.99,80.35,681.0,319.0,560.0,506.0,461.6666666666667,1.134796238244514,84.85,1111.3939393939395
145,2017,10,Rajasthan,Bikaner,124.37,60.14,484.0,681.0,319.0,560.0,520.0,-0.28928046989721,117.99,1012.3333333333334
145,2018,10,Rajasthan,Bikaner,124.13,43.65,352.0,484.0,681.0,319.0,494.6666666666667,-0.2727272727272727,124.37,1085.6875
145,2019,10,Rajasthan,Bikaner,92.12,27.45,298.0,352.0,484.0,681.0,505.6666666666667,-0.15340909090909094,124.13,1246.3870967741937
146,1993,10,Rajasthan,Bundi,0.54,0.16,296.0,576.0,228.0,510.0,438.0,-0.48611111111111116,0.85,448.8965517241379
146,1994,10,Rajasthan,Bundi,0.4,0.24,600.0,296.0,576.0,228.0,366.6666666666667,1.0270270270270272,0.54,649.0666666666667
146,1995,10,Rajasthan,Bundi,0.33,0.1,303.0,600.0,296.0,576.0,490.6666666666667,-0.495,0.4,366.48275862068965
146,1996,10,Rajasthan,Bundi,0.52,0.25,481.0,303.0,600.0,296.0,399.6666666666667,0.5874587458745875,0.33,558.4666666666667
146,1997,10,Rajasthan,Bundi,0.72,0.38,528.0,481.0,303.0,600.0,461.3333333333333,0.09771309771309777,0.52,600.3666666666667
146,1998,10,Rajasthan,Bundi,0.68,0.29,426.0,528.0,481.0,303.0,437.3333333333333,-0.19318181818181823,0.72,567.0967741935484
146,1999,10,Rajasthan,Bundi,0.47,0.16,340.0,426.0,528.0,481.0,478.3333333333333,-0.2018779342723005,0.68,468.3333333333333
146,2000,10,Rajasthan,Bundi,1.0,0.44,440.0,340.0,426.0,528.0,431.3333333333333,0.2941176470588236,0.47,567.96875
146,2001,10,Rajasthan,Bundi,1.76,1.31,744.0,440.0,340.0,426.0,402.0,0.6909090909090909,1.0,849.96875
146,2002,10,Rajasthan,Bundi,2.52,0.56,222.0,744.0,440.0,340.0,508.0,-0.7016129032258065,1.76,301.6333333333333
146,2003,10,Rajasthan,Bundi,9.1,10.34,1136.0,222.0,744.0,440.0,468.6666666666667,4.117117117117117,2.52,1253.84375
146,2004,10,Rajasthan,Bundi,2.08,1.37,659.0,1136.0,222.0,744.0,700.6666666666666,-0.4198943661971831,9.1,842.9677419354839
146,2005,10,Rajasthan,Bundi,2.38,1.03,433.0,659.0,1136.0,222.0,672.3333333333334,-0.3429438543247344,2.08,567.75
146,2006,10,Rajasthan,Bundi,2.2,2.05,932.0,433.0,659.0,1136.0,742.6666666666666,1.1524249422632793,2.38,907.28125
146,2007,10,Rajasthan,Bundi,4.1,5.45,1329.0,932.0,433.0,659.0,674.6666666666666,0.4259656652360515,2.2,1043.3548387096773
146,2008,10,Rajasthan,Bundi,2.56,3.14,1227.0,1329.0,932.0,433.0,898.0,-0.07674943566591419,4.1,1079.8181818181818
146,2009,10,Rajasthan,Bundi,3.18,2.61,821.0,1227.0,1329.0,932.0,1162.6666666666667,-0.3308883455582722,2.56,594.258064516129
146,2010,10,Rajasthan,Bundi,4.88,5.42,1111.0,821.0,1227.0,1329.0,1125.6666666666667,0.35322777101096214,3.18,1232.6060606060605
146,2011,10,Rajasthan,Bundi,2.43,3.18,1309.0,1111.0,821.0,1227.0,1053.0,0.17821782178217815,4.88,1307.6363636363637
146,2012,10,Rajasthan,Bundi,1.93,2.93,1518.0,1309.0,1111.0,821.0,1080.3333333333333,0.1596638655462186,2.43,1154.1818181818182
146,2013,10,Rajasthan,Bundi,1.37,1.24,905.0,1518.0,1309.0,1111.0,1312.6666666666667,-0.40382081686429516,1.93,1063.7878787878788
146,2014,10,Rajasthan,Bundi,1.6,1.48,925.0,905.0,1518.0,1309.0,1244.0,0.022099447513812098,1.37,1185.75
146,2015,10,Rajasthan,Bundi,1.36,1.48,1088.0,925.0,905.0,1518.0,1116.0,0.1762162162162162,1.6,928.65625
146,2016,10,Rajasthan,Bundi,1.13,1.35,1195.0,1088.0,925.0,905.0,972.6666666666666,0.09834558823529416,1.36,1111.3939393939395
146,2017,10,Rajasthan,Bundi,0.92,1.57,1706.0,1195.0,1088.0,925.0,1069.3333333333333,0.4276150627615063,1.13,1012.3333333333334
146,2018,10,Rajasthan,Bundi,1.12,1.0,892.0,1706.0,1195.0,1088.0,1329.6666666666667,-0.4771395076201641,0.92,1085.6875
146,2019,10,Rajasthan,Bundi,1.61,1.92,1186.0,892.0,1706.0,1195.0,1264.3333333333333,0.32959641255605376,1.12,1246.3870967741937
147,1993,10,Rajasthan,Chittorgarh,0.06,0.02,333.0,588.0,250.0,600.0,479.3333333333333,-0.4336734693877551,0.17,448.8965517241379
147,1994,10,Rajasthan,Chittorgarh,0.05,0.03,600.0,333.0,588.0,250.0,390.3333333333333,0.8018018018018018,0.06,649.0666666666667
147,1995,10,Rajasthan,Chittorgarh,0.11,0.03,273.0,600.0,333.0,588.0,507.0,-0.5449999999999999,0.05,366.48275862068965
147,1996,10,Rajasthan,Chittorgarh,0.05,0.02,400.0,273.0,600.0,333.0,402.0,0.4652014652014651,0.11,558.4666666666667
147,1997,10,Rajasthan,Chittorgarh,0.06,0.03,500.0,400.0,273.0,600.0,424.3333333333333,0.25,0.05,600.3666666666667
147,1998,10,Rajasthan,Chittorgarh,0.04,0.02,500.0,500.0,400.0,273.0,391.0,0.0,0.06,567.0967741935484
147,2000,10,Rajasthan,Chittorgarh,0.03,0.02,667.0,500.0,500.0,400.0,466.6666666666667,0.3340000000000001,0.04,567.96875
147,2001,10,Rajasthan,Chittorgarh,0.05,0.04,800.0,667.0,500.0,500.0,555.6666666666666,0.199400299850075,0.03,849.96875
147,2002,10,Rajasthan,Chittorgarh,0.04,0.01,250.0,800.0,667.0,500.0,655.6666666666666,-0.6875,0.05,301.6333333333333
147,2003,10,Rajasthan,Chittorgarh,0.04,0.05,1250.0,250.0,800.0,667.0,572.3333333333334,4.0,0.04,1253.84375
147,2004,10,Rajasthan,Chittorgarh,0.03,0.02,667.0,1250.0,250.0,800.0,766.6666666666666,-0.46640000000000004,0.04,842.9677419354839
147,2005,10,Rajasthan,Chittorgarh,0.03,0.01,333.0,667.0,1250.0,250.0,722.3333333333334,-0.5007496251874063,0.03,567.75
147,2006,10,Rajasthan,Chittorgarh,0.02,0.01,500.0,333.0,667.0,1250.0,750.0,0.5015015015015014,0.03,907.28125
147,2007,10,Rajasthan,Chittorgarh,0.03,0.02,667.0,500.0,333.0,667.0,500.0,0.3340000000000001,0.02,1043.3548387096773
147,2008,10,Rajasthan,Chittorgarh,0.03,0.03,1000.0,667.0,500.0,333.0,500.0,0.4992503748125936,0.03,1079.8181818181818
147,2009,10,Rajasthan,Chittorgarh,0.01,0.01,1000.0,1000.0,667.0,500.0,722.3333333333334,0.0,0.03,594.258064516129
147,2010,10,Rajasthan,Chittorgarh,0.02,0.02,1000.0,1000.0,1000.0,667.0,889.0,0.0,0.01,1232.6060606060605
147,2011,10,Rajasthan,Chittorgarh,0.03,0.03,1000.0,1000.0,1000.0,1000.0,1000.0,0.0,0.02,1307.6363636363637
147,2012,10,Rajasthan,Chittorgarh,0.02,0.02,1000.0,1000.0,1000.0,1000.0,1000.0,0.0,0.03,1154.1818181818182
147,2013,10,Rajasthan,Chittorgarh,0.01,0.01,1000.0,1000.0,1000.0,1000.0,1000.0,0.0,0.02,1063.7878787878788
147,2014,10,Rajasthan,Chittorgarh,0.03,0.03,1000.0,1000.0,1000.0,1000.0,1000.0,0.0,0.01,1185.75
147,2015,10,Rajasthan,Chittorgarh,0.06,0.05,833.0,1000.0,1000.0,1000.0,1000.0,-0.16700000000000004,0.03,928.65625
147,2016,10,Rajasthan,Chittorgarh,0.23,0.23,996.0,833.0,1000.0,1000.0,944.3333333333334,0.19567827130852344,0.06,1111.3939393939395
147,2017,10,Rajasthan,Chittorgarh,0.03,0.03,871.0,996.0,833.0,1000.0,943.0,-0.12550200803212852,0.23,1012.3333333333334
147,2018,10,Rajasthan,Chittorgarh,0.07,0.06,894.0,871.0,996.0,833.0,900.0,0.02640642939150406,0.03,1085.6875
147,2019,10,Rajasthan,Chittorgarh,0.1,0.12,1186.0,894.0,871.0,996.0,920.3333333333334,0.3266219239373602,0.07,1246.3870967741937
148,1993,10,Rajasthan,Churu,401.82,80.01,199.0,641.0,134.0,299.0,358.0,-0.6895475819032761,427.14,448.8965517241379
148,1994,10,Rajasthan,Churu,444.06,115.21,259.0,199.0,641.0,134.0,324.6666666666667,0.3015075376884422,401.82,649.0666666666667
148,1995,10,Rajasthan,Churu,428.0,116.19,271.0,259.0,199.0,641.0,366.3333333333333,0.04633204633204624,444.06,366.48275862068965
148,1996,10,Rajasthan,Churu,487.99,334.11,685.0,271.0,259.0,199.0,243.0,1.5276752767527677,428.0,558.4666666666667
148,1997,10,Rajasthan,Churu,480.23,296.85,618.0,685.0,271.0,259.0,405.0,-0.09781021897810216,487.99,600.3666666666667
148,1998,10,Rajasthan,Churu,440.67,76.5,174.0,618.0,685.0,271.0,524.6666666666666,-0.7184466019417476,480.23,567.0967741935484
148,1999,10,Rajasthan,Churu,402.54,27.68,69.0,174.0,618.0,685.0,492.3333333333333,-0.603448275862069,440.67,468.3333333333333
148,2000,10,Rajasthan,Churu,422.52,52.28,124.0,69.0,174.0,618.0,287.0,0.7971014492753623,402.54,567.96875
148,2001,10,Rajasthan,Churu,483.25,351.59,728.0,124.0,69.0,174.0,122.33333333333333,4.870967741935484,422.52,849.96875
148,2002,10,Rajasthan,Churu,294.22,5.23,18.0,728.0,124.0,69.0,307.0,-0.9752747252747253,483.25,301.6333333333333
148,2003,10,Rajasthan,Churu,455.57,394.43,866.0,18.0,728.0,124.0,290.0,47.111111111111114,294.22,1253.84375
148,2004,10,Rajasthan,Churu,404.43,78.28,194.0,866.0,18.0,728.0,537.3333333333334,-0.7759815242494226,455.57,842.9677419354839
148,2005,10,Rajasthan,Churu,427.93,54.95,128.0,194.0,866.0,18.0,359.3333333333333,-0.3402061855670103,404.43,567.75
148,2006,10,Rajasthan,Churu,430.4,154.86,360.0,128.0,194.0,866.0,396.0,1.8125,427.93,907.28125
148,2007,10,Rajasthan,Churu,418.32,252.84,604.0,360.0,128.0,194.0,227.33333333333334,0.6777777777777778,430.4,1043.3548387096773
148,2008,10,Rajasthan,Churu,427.99,335.07,783.0,604.0,360.0,128.0,364.0,0.29635761589403975,418.32,1079.8181818181818
148,2009,10,Rajasthan,Churu,407.61,8.58,21.0,783.0,604.0,360.0,582.3333333333334,-0.9731800766283525,427.99,594.258064516129
148,2010,10,Rajasthan,Churu,402.91,249.73,620.0,21.0,783.0,604.0,469.3333333333333,28.523809523809526,407.61,1232.6060606060605
148,2011,10,Rajasthan,Churu,404.19,293.96,727.0,620.0,21.0,783.0,474.6666666666667,0.17258064516129035,402.91,1307.6363636363637
148,2012,10,Rajasthan,Churu,275.6,149.71,543.0,727.0,620.0,21.0,456.0,-0.2530949105914718,404.19,1154.1818181818182
148,2013,10,Rajasthan,Churu,326.23,185.27,568.0,543.0,727.0,620.0,630.0,0.046040515653775316,275.6,1063.7878787878788
148,2014,10,Rajasthan,Churu,299.57,196.02,654.0,568.0,543.0,727.0,612.6666666666666,0.15140845070422526,326.23,1185.75
148,2015,10,Rajasthan,Churu,289.77,141.63,489.0,654.0,568.0,543.0,588.3333333333334,-0.2522935779816514,299.57,928.65625
148,2016,10,Rajasthan,Churu,258.88,127.43,492.0,489.0,654.0,568.0,570.3333333333334,0.006134969325153339,289.77,1111.3939393939395
148,2017,10,Rajasthan,Churu,266.15,106.08,399.0,492.0,489.0,654.0,545.0,-0.18902439024390238,258.88,1012.3333333333334
148,2018,10,Rajasthan,Churu,265.9,117.85,443.0,399.0,492.0,489.0,460.0,0.11027568922305764,266.15,1085.6875
148,2019,10,Rajasthan,Churu,257.13,142.6,555.0,443.0,399.0,492.0,444.6666666666667,0.2528216704288939,265.9,1246.3870967741937
149,1993,10,Rajasthan,Dungarpur,0.17,0.05,294.0,571.0,243.0,500.0,438.0,-0.4851138353765324,0.28,448.8965517241379
149,1994,10,Rajasthan,Dungarpur,0.09,0.05,556.0,294.0,571.0,243.0,369.3333333333333,0.8911564625850341,0.17,649.0666666666667
149,1995,10,Rajasthan,Dungarpur,0.19,0.06,316.0,556.0,294.0,571.0,473.6666666666667,-0.4316546762589928,0.09,366.48275862068965
149,1996,10,Rajasthan,Dungarpur,0.09,0.04,444.0,316.0,556.0,294.0,388.6666666666667,0.40506329113924044,0.19,558.4666666666667
149,1997,10,Rajasthan,Dungarpur,0.05,0.03,600.0,444.0,316.0,556.0,438.6666666666667,0.3513513513513513,0.09,600.3666666666667
149,1998,10,Rajasthan,Dungarpur,0.04,0.02,500.0,600.0,444.0,316.0,453.3333333333333,-0.16666666666666663,0.05,567.0967741935484
149,1999,10,Rajasthan,Dungarpur,0.11,0.04,364.0,500.0,600.0,444.0,514.6666666666666,-0.272,0.04,468.3333333333333
149,2000,10,Rajasthan,Dungarpur,0.1,0.04,400.0,364.0,500.0,600.0,488.0,0.098901098901099,0.11,567.96875
149,2001,10,Rajasthan,Dungarpur,0.12,0.09,750.0,400.0,364.0,500.0,421.3333333333333,0.875,0.1,849.96875
149,2002,10,Rajasthan,Dungarpur,0.21,0.05,238.0,750.0,400.0,364.0,504.6666666666667,-0.6826666666666666,0.12,301.6333333333333
149,2003,10,Rajasthan,Dungarpur,0.24,0.27,1125.0,238.0,750.0,400.0,462.6666666666667,3.726890756302521,0.21,1253.84375
149,2004,10,Rajasthan,Dungarpur,0.15,0.1,667.0,1125.0,238.0,750.0,704.3333333333334,-0.4071111111111111,0.24,842.9677419354839
149,2005,10,Rajasthan,Dungarpur,0.18,0.08,444.0,667.0,1125.0,238.0,676.6666666666666,-0.3343328335832084,0.15,567.75
149,2006,10,Rajasthan,Dungarpur,0.13,0.09,692.0,444.0,667.0,1125.0,745.3333333333334,0.5585585585585586,0.18,907.28125
149,2007,10,Rajasthan,Dungarpur,0.13,0.1,769.0,692.0,444.0,667.0,601.0,0.1112716763005781,0.13,1043.3548387096773
149,2008,10,Rajasthan,Dungarpur,0.1,0.08,800.0,769.0,692.0,444.0,635.0,0.04031209362808852,0.13,1079.8181818181818
149,2009,10,Rajasthan,Dungarpur,0.21,0.08,381.0,800.0,769.0,692.0,753.6666666666666,-0.5237499999999999,0.1,594.258064516129
149,2010,10,Rajasthan,Dungarpur,0.15,0.17,1133.0,381.0,800.0,769.0,650.0,1.9737532808398952,0.21,1232.6060606060605
149,2011,10,Rajasthan,Dungarpur,0.12,0.16,1333.0,1133.0,381.0,800.0,771.3333333333334,0.1765225066195939,0.15,1307.6363636363637
149,2012,10,Rajasthan,Dungarpur,0.09,0.08,889.0,1333.0,1133.0,381.0,949.0,-0.3330832708177044,0.12,1154.1818181818182
149,2013,10,Rajasthan,Dungarpur,0.04,0.04,1000.0,889.0,1333.0,1133.0,1118.3333333333333,0.12485939257592804,0.09,1063.7878787878788
149,2014,10,Rajasthan,Dungarpur,0.02,0.03,1500.0,1000.0,889.0,1333.0,1074.0,0.5,0.04,1185.75
149,2015,10,Rajasthan,Dungarpur,0.04,0.03,750.0,1500.0,1000.0,889.0,1129.6666666666667,-0.5,0.02,928.65625
149,2016,10,Rajasthan,Dungarpur,0.04,0.04,1000.0,750.0,1500.0,1000.0,1083.3333333333333,0.33333333333333326,0.04,1111.3939393939395
149,2017,10,Rajasthan,Dungarpur,0.04,0.03,886.0,1000.0,750.0,1500.0,1083.3333333333333,-0.11399999999999999,0.04,1012.3333333333334
149,2018,10,Rajasthan,Dungarpur,0.04,0.03,886.0,886.0,1000.0,750.0,878.6666666666666,0.0,0.04,1085.6875
149,2019,10,Rajasthan,Dungarpur,0.15,0.18,1187.0,886.0,886.0,1000.0,924.0,0.3397291196388261,0.04,1246.3870967741937
150,1993,10,Rajasthan,Ganganagar,3.84,14.0,3646.0,1059.0,587.0,653.0,766.3333333333334,2.4428706326723324,76.32,448.8965517241379
150,1994,10,Rajasthan,Ganganagar,10.38,6.29,606.0,3646.0,1059.0,587.0,1764.0,-0.8337904552934723,3.84,649.0666666666667
150,1995,10,Rajasthan,Ganganagar,5.27,1.68,319.0,606.0,3646.0,1059.0,1770.3333333333333,-0.4735973597359736,10.38,366.48275862068965
150,1996,10,Rajasthan,Ganganagar,3.43,1.68,490.0,319.0,606.0,3646.0,1523.6666666666667,0.5360501567398119,5.27,558.4666666666667
150,1997,10,Rajasthan,Ganganagar,2.91,1.55,533.0,490.0,319.0,606.0,471.6666666666667,0.08775510204081627,3.43,600.3666666666667
150,1998,10,Rajasthan,Ganganagar,1.68,0.72,429.0,533.0,490.0,319.0,447.3333333333333,-0.19512195121951215,2.91,567.0967741935484
150,1999,10,Rajasthan,Ganganagar,1.94,0.66,340.0,429.0,533.0,490.0,484.0,-0.20745920745920743,1.68,468.3333333333333
150,2000,10,Rajasthan,Ganganagar,2.97,1.31,441.0,340.0,429.0,533.0,434.0,0.2970588235294118,1.94,567.96875
150,2001,10,Rajasthan,Ganganagar,8.57,6.38,744.0,441.0,340.0,429.0,403.3333333333333,0.6870748299319729,2.97,849.96875
150,2002,10,Rajasthan,Ganganagar,1.54,0.34,221.0,744.0,441.0,340.0,508.3333333333333,-0.7029569892473118,8.57,301.6333333333333
150,2003,10,Rajasthan,Ganganagar,16.17,18.37,1136.0,221.0,744.0,441.0,468.6666666666667,4.14027149321267,1.54,1253.84375
150,2004,10,Rajasthan,Ganganagar,4.47,2.94,658.0,1136.0,221.0,744.0,700.3333333333334,-0.420774647887324,16.17,842.9677419354839
150,2005,10,Rajasthan,Ganganagar,3.8,1.65,434.0,658.0,1136.0,221.0,671.6666666666666,-0.34042553191489366,4.47,567.75
150,2006,10,Rajasthan,Ganganagar,13.49,20.08,1489.0,434.0,658.0,1136.0,742.6666666666666,2.4308755760368665,3.8,907.28125
150,2007,10,Rajasthan,Ganganagar,10.15,18.74,1846.0,1489.0,434.0,658.0,860.3333333333334,0.2397582269979852,13.49,1043.3548387096773
150,2008,10,Rajasthan,Ganganagar,18.0,30.94,1719.0,1846.0,1489.0,434.0,1256.3333333333333,-0.06879739978331523,10.15,1079.8181818181818
150,2009,10,Rajasthan,Ganganagar,4.36,4.5,1032.0,1719.0,1846.0,1489.0,1684.6666666666667,-0.3996509598603839,18.0,594.258064516129
150,2010,10,Rajasthan,Ganganagar,18.04,20.02,1110.0,1032.0,1719.0,1846.0,1532.3333333333333,0.07558139534883712,4.36,1232.6060606060605
150,2011,10,Rajasthan,Ganganagar,5.86,10.73,1831.0,1110.0,1032.0,1719.0,1287.0,0.6495495495495496,18.04,1307.6363636363637
150,2012,10,Rajasthan,Ganganagar,3.28,5.32,1622.0,1831.0,1110.0,1032.0,1324.3333333333333,-0.11414527580557077,5.86,1154.1818181818182
150,2013,10,Rajasthan,Ganganagar,1.98,2.8,1414.0,1622.0,1831.0,1110.0,1521.0,-0.12823674475955615,3.28,1063.7878787878788
150,2014,10,Rajasthan,Ganganagar,2.13,2.66,1249.0,1414.0,1622.0,1831.0,1622.3333333333333,-0.11669024045261667,1.98,1185.75
150,2015,10,Rajasthan,Ganganagar,2.01,2.37,1179.0,1249.0,1414.0,1622.0,1428.3333333333333,-0.05604483586869491,2.13,928.65625
150,2016,10,Rajasthan,Ganganagar,14.57,17.4,1194.0,1179.0,1249.0,1414.0,1280.6666666666667,0.012722646310432628,2.01,1111.3939393939395
150,2017,10,Rajasthan,Ganganagar,9.03,13.14,1455.0,1194.0,1179.0,1249.0,1207.3333333333333,0.2185929648241205,14.57,1012.3333333333334
150,2018,10,Rajasthan,Ganganagar,7.69,11.77,1531.0,1455.0,1194.0,1179.0,1276.0,0.052233676975945054,9.03,1085.6875
150,2019,10,Rajasthan,Ganganagar,5.39,7.6,1410.0,1531.0,1455.0,1194.0,1393.3333333333333,-0.07903331156107118,7.69,1246.3870967741937
151,1993,10,Rajasthan,Jaipur,210.54,120.19,571.0,918.0,533.0,683.0,711.3333333333334,-0.3779956427015251,244.9,448.8965517241379
151,1994,10,Rajasthan,Jaipur,237.38,223.34,941.0,571.0,918.0,533.0,674.0,0.6479859894921192,210.54,649.0666666666667
151,1995,10,Rajasthan,Jaipur,191.64,85.2,445.0,941.0,571.0,918.0,810.0,-0.5270988310308182,237.38,366.48275862068965
151,1996,10,Rajasthan,Jaipur,237.32,162.39,684.0,445.0,941.0,571.0,652.3333333333334,0.5370786516853931,191.64,558.4666666666667
151,1997,10,Rajasthan,Jaipur,219.08,186.05,849.0,684.0,445.0,941.0,690.0,0.24122807017543857,237.32,600.3666666666667
151,1998,10,Rajasthan,Jaipur,204.15,226.63,1110.0,849.0,684.0,445.0,659.3333333333334,0.3074204946996466,219.08,567.0967741935484
151,1999,10,Rajasthan,Jaipur,205.16,134.91,658.0,1110.0,849.0,684.0,881.0,-0.40720720720720716,204.15,468.3333333333333
151,2000,10,Rajasthan,Jaipur,229.02,138.59,605.0,658.0,1110.0,849.0,872.3333333333334,-0.08054711246200608,205.16,567.96875
151,2001,10,Rajasthan,Jaipur,269.97,306.31,1135.0,605.0,658.0,1110.0,791.0,0.8760330578512396,229.02,849.96875
151,2002,10,Rajasthan,Jaipur,237.58,93.94,395.0,1135.0,605.0,658.0,799.3333333333334,-0.6519823788546255,269.97,301.6333333333333
151,2003,10,Rajasthan,Jaipur,330.32,552.51,1673.0,395.0,1135.0,605.0,711.6666666666666,3.235443037974684,237.58,1253.84375
151,2004,10,Rajasthan,Jaipur,268.11,376.78,1405.0,1673.0,395.0,1135.0,1067.6666666666667,-0.16019127316198445,330.32,842.9677419354839
151,2005,10,Rajasthan,Jaipur,278.88,218.45,783.0,1405.0,1673.0,395.0,1157.6666666666667,-0.44270462633451957,268.11,567.75
151,2006,10,Rajasthan,Jaipur,282.25,329.57,1168.0,783.0,1405.0,1673.0,1287.0,0.4916985951468711,278.88,907.28125
151,2007,10,Rajasthan,Jaipur,298.43,450.43,1509.0,1168.0,783.0,1405.0,1118.6666666666667,0.29195205479452047,282.25,1043.3548387096773
151,2008,10,Rajasthan,Jaipur,295.68,455.91,1542.0,1509.0,1168.0,783.0,1153.3333333333333,0.021868787276341894,298.43,1079.8181818181818
151,2009,10,Rajasthan,Jaipur,296.38,240.13,810.0,1542.0,1509.0,1168.0,1406.3333333333333,-0.47470817120622566,295.68,594.258064516129
151,2010,10,Rajasthan,Jaipur,330.66,445.79,1348.0,810.0,1542.0,1509.0,1287.0,0.6641975308641976,296.38,1232.6060606060605
151,2011,10,Rajasthan,Jaipur,317.29,494.23,1558.0,1348.0,810.0,1542.0,1233.3333333333333,0.15578635014836806,330.66,1307.6363636363637
151,2012,10,Rajasthan,Jaipur,301.5,424.68,1409.0,1558.0,1348.0,810.0,1238.6666666666667,-0.09563543003851094,317.29,1154.1818181818182
151,2013,10,Rajasthan,Jaipur,302.96,456.25,1506.0,1409.0,1558.0,1348.0,1438.3333333333333,0.06884315117104323,301.5,1063.7878787878788
151,2014,10,Rajasthan,Jaipur,297.16,486.98,1639.0,1506.0,1409.0,1558.0,1491.0,0.08831341301460816,302.96,1185.75
151,2015,10,Rajasthan,Jaipur,300.1,356.96,1189.0,1639.0,1506.0,1409.0,1518.0,-0.2745576571079926,297.16,928.65625
151,2016,10,Rajasthan,Jaipur,303.97,494.31,1626.0,1189.0,1639.0,1506.0,1444.6666666666667,0.36753574432296054,300.1,1111.3939393939395
151,2017,10,Rajasthan,Jaipur,298.58,445.3,1491.0,1626.0,1189.0,1639.0,1484.6666666666667,-0.08302583025830257,303.97,1012.3333333333334
151,2018,10,Rajasthan,Jaipur,298.2,458.73,1538.0,1491.0,1626.0,1189.0,1435.3333333333333,0.0315224681421864,298.58,1085.6875
151,2019,10,Rajasthan,Jaipur,302.1,569.47,1885.0,1538.0,1491.0,1626.0,1551.6666666666667,0.2256176853055918,298.2,1246.3870967741937
152,1993,10,Rajasthan,Jaisalmer,134.08,4.7,35.0,578.0,188.0,181.0,315.6666666666667,-0.9394463667820069,141.26,448.8965517241379
152,1994,10,Rajasthan,Jaisalmer,159.5,70.64,443.0,35.0,578.0,188.0,267.0,11.657142857142857,134.08,649.0666666666667
152,1995,10,Rajasthan,Jaisalmer,157.18,8.25,52.0,443.0,35.0,578.0,352.0,-0.8826185101580135,159.5,366.48275862068965
152,1996,10,Rajasthan,Jaisalmer,176.05,4.72,27.0,52.0,443.0,35.0,176.66666666666666,-0.4807692307692307,157.18,558.4666666666667
152,1997,10,Rajasthan,Jaisalmer,149.76,3.16,21.0,27.0,52.0,443.0,174.0,-0.2222222222222222,176.05,600.3666666666667
152,1998,10,Rajasthan,Jaisalmer,94.7,0.78,8.0,21.0,27.0,52.0,33.333333333333336,-0.6190476190476191,149.76,567.0967741935484
152,1999,10,Rajasthan,Jaisalmer,66.71,0.89,13.0,8.0,21.0,27.0,18.666666666666668,0.625,94.7,468.3333333333333
152,2000,10,Rajasthan,Jaisalmer,90.12,5.43,60.0,13.0,8.0,21.0,14.0,3.615384615384615,66.71,567.96875
152,2001,10,Rajasthan,Jaisalmer,138.69,25.55,184.0,60.0,13.0,8.0,27.0,2.066666666666667,90.12,849.96875
152,2002,10,Rajasthan,Jaisalmer,11.77,1.49,127.0,184.0,60.0,13.0,85.66666666666667,-0.3097826086956522,138.69,301.6333333333333
152,2003,10,Rajasthan,Jaisalmer,189.15,110.36,583.0,127.0,184.0,60.0,123.66666666666667,3.590551181102362,11.77,1253.84375
152,2005,10,Rajasthan,Jaisalmer,141.0,26.62,189.0,583.0,127.0,184.0,298.0,-0.6758147512864494,189.15,567.75
152,2006,10,Rajasthan,Jaisalmer,101.76,1.86,18.0,189.0,583.0,127.0,299.6666666666667,-0.9047619047619048,141.0,907.28125
152,2007,10,Rajasthan,Jaisalmer,128.86,27.41,213.0,18.0,189.0,583.0,263.3333333333333,10.833333333333334,101.76,1043.3548387096773
152,2008,10,Rajasthan,Jaisalmer,150.59,3.73,25.0,213.0,18.0,189.0,140.0,-0.8826291079812206,128.86,1079.8181818181818
152,2009,10,Rajasthan,Jaisalmer,161.59,1.12,7.0,25.0,213.0,18.0,85.33333333333333,-0.72,150.59,594.258064516129
152,2010,10,Rajasthan,Jaisalmer,191.21,90.73,475.0,7.0,25.0,213.0,81.66666666666667,66.85714285714286,161.59,1232.6060606060605
152,2011,10,Rajasthan,Jaisalmer,143.5,73.48,512.0,475.0,7.0,25.0,169.0,0.07789473684210524,191.21,1307.6363636363637
152,2012,10,Rajasthan,Jaisalmer,56.44,13.04,231.0,512.0,475.0,7.0,331.3333333333333,-0.548828125,143.5,1154.1818181818182
152,2013,10,Rajasthan,Jaisalmer,88.81,8.68,98.0,231.0,512.0,475.0,406.0,-0.5757575757575757,56.44,1063.7878787878788
152,2014,10,Rajasthan,Jaisalmer,71.53,5.02,70.0,98.0,231.0,512.0,280.3333333333333,-0.2857142857142857,88.81,1185.75
152,2015,10,Rajasthan,Jaisalmer,93.0,26.28,283.0,70.0,98.0,231.0,133.0,3.0428571428571427,71.53,928.65625
152,2016,10,Rajasthan,Jaisalmer,98.69,8.66,88.0,283.0,70.0,98.0,150.33333333333334,-0.6890459363957597,93.0,1111.3939393939395
152,2017,10,Rajasthan,Jaisalmer,105.07,13.74,131.0,88.0,283.0,70.0,147.0,0.48863636363636354,98.69,1012.3333333333334
152,2018,10,Rajasthan,Jaisalmer,125.84,16.17,129.0,131.0,88.0,283.0,167.33333333333334,-0.01526717557251911,105.07,1085.6875
152,2019,10,Rajasthan,Jaisalmer,123.03,26.1,212.0,129.0,131.0,88.0,116.0,0.6434108527131783,125.84,1246.3870967741937
153,1993,10,Rajasthan,Jalore,252.32,12.97,51.0,285.0,76.0,591.0,317.3333333333333,-0.8210526315789474,305.14,448.8965517241379
153,1994,10,Rajasthan,Jalore,321.59,156.41,486.0,51.0,285.0,76.0,137.33333333333334,8.529411764705882,252.32,649.0666666666667
153,1995,10,Rajasthan,Jalore,247.7,32.55,131.0,486.0,51.0,285.0,274.0,-0.7304526748971194,321.59,366.48275862068965
153,1996,10,Rajasthan,Jalore,303.99,102.06,336.0,131.0,486.0,51.0,222.66666666666666,1.564885496183206,247.7,558.4666666666667
153,1997,10,Rajasthan,Jalore,328.4,161.39,491.0,336.0,131.0,486.0,317.6666666666667,0.4613095238095237,303.99,600.3666666666667
153,1998,10,Rajasthan,Jalore,207.03,22.99,111.0,491.0,336.0,131.0,319.3333333333333,-0.7739307535641547,328.4,567.0967741935484
153,1999,10,Rajasthan,Jalore,253.82,6.13,24.0,111.0,491.0,336.0,312.6666666666667,-0.7837837837837838,207.03,468.3333333333333
153,2000,10,Rajasthan,Jalore,342.77,107.13,313.0,24.0,111.0,491.0,208.66666666666666,12.041666666666666,253.82,567.96875
153,2001,10,Rajasthan,Jalore,366.43,205.23,560.0,313.0,24.0,111.0,149.33333333333334,0.7891373801916932,342.77,849.96875
153,2002,10,Rajasthan,Jalore,361.93,57.27,158.0,560.0,313.0,24.0,299.0,-0.7178571428571429,366.43,301.6333333333333
153,2003,10,Rajasthan,Jalore,401.93,505.9,1259.0,158.0,560.0,313.0,343.6666666666667,6.968354430379747,361.93,1253.84375
153,2004,10,Rajasthan,Jalore,365.8,149.17,408.0,1259.0,158.0,560.0,659.0,-0.675933280381255,401.93,842.9677419354839
153,2005,10,Rajasthan,Jalore,352.47,152.78,433.0,408.0,1259.0,158.0,608.3333333333334,0.06127450980392157,365.8,567.75
153,2006,10,Rajasthan,Jalore,358.46,297.8,831.0,433.0,408.0,1259.0,700.0,0.9191685912240184,352.47,907.28125
153,2007,10,Rajasthan,Jalore,328.33,238.89,728.0,831.0,433.0,408.0,557.3333333333334,-0.12394705174488563,358.46,1043.3548387096773
153,2008,10,Rajasthan,Jalore,332.53,138.98,418.0,728.0,831.0,433.0,664.0,-0.42582417582417587,328.33,1079.8181818181818
153,2009,10,Rajasthan,Jalore,328.1,16.31,50.0,418.0,728.0,831.0,659.0,-0.8803827751196173,332.53,594.258064516129
153,2010,10,Rajasthan,Jalore,348.45,346.03,993.0,50.0,418.0,728.0,398.6666666666667,18.86,328.1,1232.6060606060605
153,2011,10,Rajasthan,Jalore,325.05,496.04,1526.0,993.0,50.0,418.0,487.0,0.5367573011077542,348.45,1307.6363636363637
153,2012,10,Rajasthan,Jalore,307.11,376.63,1226.0,1526.0,993.0,50.0,856.3333333333334,-0.19659239842726084,325.05,1154.1818181818182
153,2013,10,Rajasthan,Jalore,332.21,157.73,475.0,1226.0,1526.0,993.0,1248.3333333333333,-0.6125611745513866,307.11,1063.7878787878788
153,2014,10,Rajasthan,Jalore,305.35,252.96,828.0,475.0,1226.0,1526.0,1075.6666666666667,0.743157894736842,332.21,1185.75
153,2015,10,Rajasthan,Jalore,292.17,103.42,354.0,828.0,475.0,1226.0,843.0,-0.572463768115942,305.35,928.65625
153,2016,10,Rajasthan,Jalore,306.85,124.5,406.0,354.0,828.0,475.0,552.3333333333334,0.14689265536723162,292.17,1111.3939393939395
153,2017,10,Rajasthan,Jalore,314.12,92.5,294.0,406.0,354.0,828.0,529.3333333333334,-0.27586206896551724,306.85,1012.3333333333334
153,2018,10,Rajasthan,Jalore,330.81,50.32,152.0,294.0,406.0,354.0,351.3333333333333,-0.48299319727891155,314.12,1085.6875
153,2019,10,Rajasthan,Jalore,331.26,342.86,1035.0,152.0,294.0,406.0,284.0,5.809210526315789,330.81,1246.3870967741937
154,1993,10,Rajasthan,Jhalawar,0.55,0.16,291.0,582.0,231.0,515.0,442.6666666666667,-0.5,0.98,448.8965517241379
154,1994,10,Rajasthan,Jhalawar,0.28,0.17,607.0,291.0,582.0,231.0,368.0,1.0859106529209623,0.55,649.0666666666667
154,1995,10,Rajasthan,Jhalawar,0.16,0.05,313.0,607.0,291.0,582.0,493.3333333333333,-0.48434925864909395,0.28,366.48275862068965
154,1996,10,Rajasthan,Jhalawar,0.19,0.09,474.0,313.0,607.0,291.0,403.6666666666667,0.5143769968051117,0.16,558.4666666666667
154,1997,10,Rajasthan,Jhalawar,0.14,0.07,500.0,474.0,313.0,607.0,464.6666666666667,0.05485232067510548,0.19,600.3666666666667
154,1998,10,Rajasthan,Jhalawar,0.09,0.04,444.0,500.0,474.0,313.0,429.0,-0.11199999999999999,0.14,567.0967741935484
154,1999,10,Rajasthan,Jhalawar,0.04,0.01,250.0,444.0,500.0,474.0,472.6666666666667,-0.4369369369369369,0.09,468.3333333333333
154,2000,10,Rajasthan,Jhalawar,0.01,0.01,1000.0,250.0,444.0,500.0,398.0,3.0,0.04,567.96875
154,2001,10,Rajasthan,Jhalawar,0.04,0.03,750.0,1000.0,250.0,444.0,564.6666666666666,-0.25,0.01,849.96875
154,2002,10,Rajasthan,Jhalawar,0.08,0.02,250.0,750.0,1000.0,250.0,666.6666666666666,-0.6666666666666667,0.04,301.6333333333333
154,2003,10,Rajasthan,Jhalawar,0.06,0.07,1167.0,250.0,750.0,1000.0,666.6666666666666,3.668,0.08,1253.84375
154,2004,10,Rajasthan,Jhalawar,0.14,0.09,643.0,1167.0,250.0,750.0,722.3333333333334,-0.44901456726649525,0.06,842.9677419354839
154,2005,10,Rajasthan,Jhalawar,0.04,0.02,500.0,643.0,1167.0,250.0,686.6666666666666,-0.2223950233281493,0.14,567.75
154,2006,10,Rajasthan,Jhalawar,0.02,0.02,1000.0,500.0,643.0,1167.0,770.0,1.0,0.04,907.28125
154,2008,10,Rajasthan,Jhalawar,0.01,0.01,1000.0,1000.0,500.0,643.0,714.3333333333334,0.0,0.02,1079.8181818181818
154,2010,10,Rajasthan,Jhalawar,0.01,0.01,1000.0,1000.0,1000.0,500.0,833.3333333333334,0.0,0.01,1232.6060606060605
154,2011,10,Rajasthan,Jhalawar,0.01,0.01,1000.0,1000.0,1000.0,1000.0,1000.0,0.0,0.01,1307.6363636363637
154,2012,10,Rajasthan,Jhalawar,0.02,0.02,1000.0,1000.0,1000.0,1000.0,1000.0,0.0,0.01,1154.1818181818182
154,2013,10,Rajasthan,Jhalawar,0.01,0.01,1000.0,1000.0,1000.0,1000.0,1000.0,0.0,0.02,1063.7878787878788
154,2014,10,Rajasthan,Jhalawar,0.03,0.03,1000.0,1000.0,1000.0,1000.0,1000.0,0.0,0.01,1185.75
154,2015,10,Rajasthan,Jhalawar,0.01,0.01,1000.0,1000.0,1000.0,1000.0,1000.0,0.0,0.03,928.65625
154,2016,10,Rajasthan,Jhalawar,0.03,0.03,1000.0,1000.0,1000.0,1000.0,1000.0,0.0,0.01,1111.3939393939395
154,2017,10,Rajasthan,Jhalawar,0.01,0.01,909.0,1000.0,1000.0,1000.0,1000.0,-0.09099999999999997,0.03,1012.3333333333334
154,2018,10,Rajasthan,Jhalawar,0.01,0.01,889.0,909.0,1000.0,1000.0,969.6666666666666,-0.022002200220021972,0.01,1085.6875
155,1993,10,Rajasthan,Jhunjhunu,222.18,108.14,487.0,875.0,321.0,469.0,555.0,-0.4434285714285714,257.05,448.8965517241379
155,1994,10,Rajasthan,Jhunjhunu,247.0,92.13,373.0,487.0,875.0,321.0,561.0,-0.2340862422997947,222.18,649.0666666666667
155,1995,10,Rajasthan,Jhunjhunu,237.75,94.79,399.0,373.0,487.0,875.0,578.3333333333334,0.06970509383378021,247.0,366.48275862068965
155,1996,10,Rajasthan,Jhunjhunu,246.65,122.65,497.0,399.0,373.0,487.0,419.6666666666667,0.2456140350877194,237.75,558.4666666666667
155,1997,10,Rajasthan,Jhunjhunu,243.69,116.46,478.0,497.0,399.0,373.0,423.0,-0.0382293762575453,246.65,600.3666666666667
155,1998,10,Rajasthan,Jhunjhunu,247.22,225.38,912.0,478.0,497.0,399.0,458.0,0.9079497907949792,243.69,567.0967741935484
155,1999,10,Rajasthan,Jhunjhunu,250.71,57.91,231.0,912.0,478.0,497.0,629.0,-0.7467105263157895,247.22,468.3333333333333
155,2000,10,Rajasthan,Jhunjhunu,276.95,147.53,533.0,231.0,912.0,478.0,540.3333333333334,1.3073593073593073,250.71,567.96875
155,2001,10,Rajasthan,Jhunjhunu,279.79,290.0,1036.0,533.0,231.0,912.0,558.6666666666666,0.9437148217636022,276.95,849.96875
155,2002,10,Rajasthan,Jhunjhunu,174.74,20.63,118.0,1036.0,533.0,231.0,600.0,-0.8861003861003861,279.79,301.6333333333333
155,2003,10,Rajasthan,Jhunjhunu,291.97,409.95,1404.0,118.0,1036.0,533.0,562.3333333333334,10.898305084745763,174.74,1253.84375
155,2004,10,Rajasthan,Jhunjhunu,266.33,206.62,776.0,1404.0,118.0,1036.0,852.6666666666666,-0.44729344729344733,291.97,842.9677419354839
155,2005,10,Rajasthan,Jhunjhunu,274.02,133.04,486.0,776.0,1404.0,118.0,766.0,-0.37371134020618557,266.33,567.75
155,2006,10,Rajasthan,Jhunjhunu,283.73,231.1,815.0,486.0,776.0,1404.0,888.6666666666666,0.676954732510288,274.02,907.28125
155,2007,10,Rajasthan,Jhunjhunu,285.74,243.82,853.0,815.0,486.0,776.0,692.3333333333334,0.0466257668711656,283.73,1043.3548387096773
155,2008,10,Rajasthan,Jhunjhunu,279.82,329.62,1178.0,853.0,815.0,486.0,718.0,0.38100820633059795,285.74,1079.8181818181818
155,2009,10,Rajasthan,Jhunjhunu,263.7,108.4,411.0,1178.0,853.0,815.0,948.6666666666666,-0.6511035653650254,279.82,594.258064516129
155,2010,10,Rajasthan,Jhunjhunu,286.1,498.47,1742.0,411.0,1178.0,853.0,814.0,3.238442822384428,263.7,1232.6060606060605
155,2011,10,Rajasthan,Jhunjhunu,277.06,491.61,1774.0,1742.0,411.0,1178.0,1110.3333333333333,0.018369690011481143,286.1,1307.6363636363637
155,2012,10,Rajasthan,Jhunjhunu,224.86,243.92,1085.0,1774.0,1742.0,411.0,1309.0,-0.38838782412626827,277.06,1154.1818181818182
155,2013,10,Rajasthan,Jhunjhunu,240.21,294.0,1224.0,1085.0,1774.0,1742.0,1533.6666666666667,0.1281105990783411,224.86,1063.7878787878788
155,2014,10,Rajasthan,Jhunjhunu,228.59,308.41,1349.0,1224.0,1085.0,1774.0,1361.0,0.10212418300653603,240.21,1185.75
155,2015,10,Rajasthan,Jhunjhunu,220.33,219.94,998.0,1349.0,1224.0,1085.0,1219.3333333333333,-0.2601927353595256,228.59,928.65625
155,2016,10,Rajasthan,Jhunjhunu,222.79,327.99,1472.0,998.0,1349.0,1224.0,1190.3333333333333,0.4749498997995991,220.33,1111.3939393939395
155,2017,10,Rajasthan,Jhunjhunu,219.33,229.12,1045.0,1472.0,998.0,1349.0,1273.0,-0.2900815217391305,222.79,1012.3333333333334
155,2018,10,Rajasthan,Jhunjhunu,212.17,309.62,1459.0,1045.0,1472.0,998.0,1171.6666666666667,0.39617224880382773,219.33,1085.6875
155,2019,10,Rajasthan,Jhunjhunu,205.06,283.58,1383.0,1459.0,1045.0,1472.0,1325.3333333333333,-0.052090472926662135,212.17,1246.3870967741937
156,1993,10,Rajasthan,Jodhpur,591.14,39.98,68.0,480.0,145.0,387.0,337.3333333333333,-0.8583333333333334,684.81,448.8965517241379
156,1994,10,Rajasthan,Jodhpur,705.79,377.18,534.0,68.0,480.0,145.0,231.0,6.852941176470588,591.14,649.0666666666667
156,1995,10,Rajasthan,Jodhpur,614.76,89.46,146.0,534.0,68.0,480.0,360.6666666666667,-0.7265917602996255,705.79,366.48275862068965
156,1996,10,Rajasthan,Jodhpur,626.12,230.1,368.0,146.0,534.0,68.0,249.33333333333334,1.5205479452054793,614.76,558.4666666666667
156,1997,10,Rajasthan,Jodhpur,616.18,239.4,389.0,368.0,146.0,534.0,349.3333333333333,0.057065217391304435,626.12,600.3666666666667
156,1998,10,Rajasthan,Jodhpur,511.29,13.29,26.0,389.0,368.0,146.0,301.0,-0.9331619537275064,616.18,567.0967741935484
156,1999,10,Rajasthan,Jodhpur,480.49,36.54,76.0,26.0,389.0,368.0,261.0,1.923076923076923,511.29,468.3333333333333
156,2000,10,Rajasthan,Jodhpur,536.59,65.97,123.0,76.0,26.0,389.0,163.66666666666666,0.618421052631579,480.49,567.96875
156,2001,10,Rajasthan,Jodhpur,652.07,444.58,682.0,123.0,76.0,26.0,75.0,4.544715447154472,536.59,849.96875
156,2002,10,Rajasthan,Jodhpur,45.06,31.63,702.0,682.0,123.0,76.0,293.6666666666667,0.029325513196480912,652.07,301.6333333333333
156,2003,10,Rajasthan,Jodhpur,709.27,826.82,1166.0,702.0,682.0,123.0,502.3333333333333,0.6609686609686609,45.06,1253.84375
156,2004,10,Rajasthan,Jodhpur,564.28,166.32,295.0,1166.0,702.0,682.0,850.0,-0.7469982847341338,709.27,842.9677419354839
156,2005,10,Rajasthan,Jodhpur,603.52,95.37,158.0,295.0,1166.0,702.0,721.0,-0.46440677966101696,564.28,567.75
156,2006,10,Rajasthan,Jodhpur,509.54,118.63,233.0,158.0,295.0,1166.0,539.6666666666666,0.47468354430379756,603.52,907.28125
156,2007,10,Rajasthan,Jodhpur,590.86,376.38,637.0,233.0,158.0,295.0,228.66666666666666,1.7339055793991416,509.54,1043.3548387096773
156,2008,10,Rajasthan,Jodhpur,608.85,247.5,407.0,637.0,233.0,158.0,342.6666666666667,-0.3610675039246468,590.86,1079.8181818181818
156,2009,10,Rajasthan,Jodhpur,574.82,20.23,35.0,407.0,637.0,233.0,425.6666666666667,-0.914004914004914,608.85,594.258064516129
156,2010,10,Rajasthan,Jodhpur,635.17,621.32,978.0,35.0,407.0,637.0,359.6666666666667,26.942857142857143,574.82,1232.6060606060605
156,2011,10,Rajasthan,Jodhpur,578.62,667.59,1154.0,978.0,35.0,407.0,473.3333333333333,0.1799591002044989,635.17,1307.6363636363637
156,2012,10,Rajasthan,Jodhpur,418.2,227.86,545.0,1154.0,978.0,35.0,722.3333333333334,-0.5277296360485269,578.62,1154.1818181818182
156,2013,10,Rajasthan,Jodhpur,491.43,245.09,499.0,545.0,1154.0,978.0,892.3333333333334,-0.08440366972477065,418.2,1063.7878787878788
156,2014,10,Rajasthan,Jodhpur,426.93,476.69,1117.0,499.0,545.0,1154.0,732.6666666666666,1.2384769539078158,491.43,1185.75
156,2015,10,Rajasthan,Jodhpur,403.92,257.66,638.0,1117.0,499.0,545.0,720.3333333333334,-0.42882721575649063,426.93,928.65625
156,2016,10,Rajasthan,Jodhpur,417.35,329.98,791.0,638.0,1117.0,499.0,751.3333333333334,0.23981191222570541,403.92,1111.3939393939395
156,2017,10,Rajasthan,Jodhpur,421.94,420.02,995.0,791.0,638.0,1117.0,848.6666666666666,0.25790139064475337,417.35,1012.3333333333334
156,2018,10,Rajasthan,Jodhpur,374.44,234.59,626.0,995.0,791.0,638.0,808.0,-0.37085427135678395,421.94,1085.6875
156,2019,10,Rajasthan,Jodhpur,386.8,386.8,1000.0,626.0,995.0,791.0,804.0,0.5974440894568691,374.44,1246.3870967741937
157,1999,10,Rajasthan,Kota,0.17,0.06,353.0,316.0,600.0,6.0,307.3333333333333,0.11708860759493667,0.19,468.3333333333333
157,2000,10,Rajasthan,Kota,0.03,0.02,667.0,353.0,316.0,600.0,423.0,0.8895184135977336,0.17,567.96875
157,2001,10,Rajasthan,Kota,0.08,0.06,750.0,667.0,353.0,316.0,445.3333333333333,0.12443778110944526,0.03,849.96875
157,2003,10,Rajasthan,Kota,0.23,0.26,1130.0,750.0,667.0,353.0,590.0,0.5066666666666666,0.08,1253.84375
157,2004,10,Rajasthan,Kota,0.03,0.02,667.0,1130.0,750.0,667.0,849.0,-0.4097345132743363,0.23,842.9677419354839
157,2005,10,Rajasthan,Kota,0.05,0.02,400.0,667.0,1130.0,750.0,849.0,-0.4002998500749625,0.03,567.75
157,2006,10,Rajasthan,Kota,0.02,0.01,500.0,400.0,667.0,1130.0,732.3333333333334,0.25,0.05,907.28125
157,2007,10,Rajasthan,Kota,0.08,0.06,750.0,500.0,400.0,667.0,522.3333333333334,0.5,0.02,1043.3548387096773
157,2008,10,Rajasthan,Kota,0.05,0.04,800.0,750.0,500.0,400.0,550.0,0.06666666666666665,0.08,1079.8181818181818
157,2009,10,Rajasthan,Kota,0.08,0.03,375.0,800.0,750.0,500.0,683.3333333333334,-0.53125,0.05,594.258064516129
157,2010,10,Rajasthan,Kota,0.07,0.08,1143.0,375.0,800.0,750.0,641.6666666666666,2.048,0.08,1232.6060606060605
157,2011,10,Rajasthan,Kota,0.08,0.1,1250.0,1143.0,375.0,800.0,772.6666666666666,0.09361329833770782,0.07,1307.6363636363637
157,2012,10,Rajasthan,Kota,0.08,0.08,1000.0,1250.0,1143.0,375.0,922.6666666666666,-0.19999999999999996,0.08,1154.1818181818182
157,2013,10,Rajasthan,Kota,0.07,0.07,1000.0,1000.0,1250.0,1143.0,1131.0,0.0,0.08,1063.7878787878788
157,2014,10,Rajasthan,Kota,0.05,0.06,1200.0,1000.0,1000.0,1250.0,1083.3333333333333,0.19999999999999996,0.07,1185.75
157,2015,10,Rajasthan,Kota,0.05,0.04,800.0,1200.0,1000.0,1000.0,1066.6666666666667,-0.33333333333333337,0.05,928.65625
157,2016,10,Rajasthan,Kota,0.08,0.08,1000.0,800.0,1200.0,1000.0,1000.0,0.25,0.05,1111.3939393939395
157,2017,10,Rajasthan,Kota,0.04,0.04,875.0,1000.0,800.0,1200.0,1000.0,-0.125,0.08,1012.3333333333334
157,2018,10,Rajasthan,Kota,0.03,0.03,879.0,875.0,1000.0,800.0,891.6666666666666,0.004571428571428671,0.04,1085.6875
157,2019,10,Rajasthan,Kota,0.03,0.04,1176.0,879.0,875.0,1000.0,918.0,0.3378839590443685,0.03,1246.3870967741937
158,1993,10,Rajasthan,Nagaur,492.37,194.29,395.0,576.0,322.0,734.0,544.0,-0.31423611111111116,513.26,448.8965517241379
158,1994,10,Rajasthan,Nagaur,564.47,313.93,556.0,395.0,576.0,322.0,431.0,0.4075949367088607,492.37,649.0666666666667
158,1995,10,Rajasthan,Nagaur,439.67,156.39,356.0,556.0,395.0,576.0,509.0,-0.3597122302158273,564.47,366.48275862068965
158,1996,10,Rajasthan,Nagaur,500.86,320.48,640.0,356.0,556.0,395.0,435.6666666666667,0.797752808988764,439.67,558.4666666666667
158,1997,10,Rajasthan,Nagaur,459.11,273.85,596.0,640.0,356.0,556.0,517.3333333333334,-0.06874999999999998,500.86,600.3666666666667
158,1998,10,Rajasthan,Nagaur,450.81,191.61,425.0,596.0,640.0,356.0,530.6666666666666,-0.28691275167785235,459.11,567.0967741935484
158,1999,10,Rajasthan,Nagaur,392.06,133.81,341.0,425.0,596.0,640.0,553.6666666666666,-0.1976470588235294,450.81,468.3333333333333
158,2000,10,Rajasthan,Nagaur,430.21,241.39,561.0,341.0,425.0,596.0,454.0,0.6451612903225807,392.06,567.96875
158,2001,10,Rajasthan,Nagaur,472.04,391.6,830.0,561.0,341.0,425.0,442.3333333333333,0.47950089126559714,430.21,849.96875
158,2002,10,Rajasthan,Nagaur,240.9,47.44,197.0,830.0,561.0,341.0,577.3333333333334,-0.7626506024096386,472.04,301.6333333333333
158,2003,10,Rajasthan,Nagaur,561.04,683.08,1218.0,197.0,830.0,561.0,529.3333333333334,5.182741116751269,240.9,1253.84375
158,2004,10,Rajasthan,Nagaur,436.48,379.93,870.0,1218.0,197.0,830.0,748.3333333333334,-0.2857142857142857,561.04,842.9677419354839
158,2005,10,Rajasthan,Nagaur,464.88,235.47,507.0,870.0,1218.0,197.0,761.6666666666666,-0.4172413793103448,436.48,567.75
158,2006,10,Rajasthan,Nagaur,461.78,344.15,745.0,507.0,870.0,1218.0,865.0,0.4694280078895463,464.88,907.28125
158,2007,10,Rajasthan,Nagaur,477.64,421.35,882.0,745.0,507.0,870.0,707.3333333333334,0.18389261744966445,461.78,1043.3548387096773
158,2008,10,Rajasthan,Nagaur,492.28,488.58,992.0,882.0,745.0,507.0,711.3333333333334,0.12471655328798192,477.64,1079.8181818181818
158,2009,10,Rajasthan,Nagaur,469.99,164.89,351.0,992.0,882.0,745.0,873.0,-0.6461693548387097,492.28,594.258064516129
158,2010,10,Rajasthan,Nagaur,517.84,744.63,1438.0,351.0,992.0,882.0,741.6666666666666,3.096866096866097,469.99,1232.6060606060605
158,2011,10,Rajasthan,Nagaur,477.58,604.93,1267.0,1438.0,351.0,992.0,927.0,-0.11891515994436719,517.84,1307.6363636363637
158,2012,10,Rajasthan,Nagaur,356.98,105.24,295.0,1267.0,1438.0,351.0,1018.6666666666666,-0.7671665351223362,477.58,1154.1818181818182
158,2013,10,Rajasthan,Nagaur,422.34,361.93,857.0,295.0,1267.0,1438.0,1000.0,1.905084745762712,356.98,1063.7878787878788
158,2014,10,Rajasthan,Nagaur,373.73,339.7,909.0,857.0,295.0,1267.0,806.3333333333334,0.0606767794632439,422.34,1185.75
158,2015,10,Rajasthan,Nagaur,353.03,246.44,698.0,909.0,857.0,295.0,687.0,-0.23212321232123212,373.73,928.65625
158,2016,10,Rajasthan,Nagaur,344.53,363.99,1056.0,698.0,909.0,857.0,821.3333333333334,0.512893982808023,353.03,1111.3939393939395
158,2017,10,Rajasthan,Nagaur,307.54,281.7,916.0,1056.0,698.0,909.0,887.6666666666666,-0.13257575757575757,344.53,1012.3333333333334
158,2018,10,Rajasthan,Nagaur,303.69,309.39,1019.0,916.0,1056.0,698.0,890.0,0.11244541484716164,307.54,1085.6875
158,2019,10,Rajasthan,Nagaur,299.72,295.28,985.0,1019.0,916.0,1056.0,997.0,-0.03336604514229635,303.69,1246.3870967741937
159,1993,10,Rajasthan,Pali,105.16,4.11,39.0,445.0,131.0,509.0,361.6666666666667,-0.9123595505617977,117.67,448.8965517241379
159,1994,10,Rajasthan,Pali,112.94,34.85,309.0,39.0,445.0,131.0,205.0,6.923076923076923,105.16,649.0666666666667
159,1995,10,Rajasthan,Pali,75.3,4.5,60.0,309.0,39.0,445.0,264.3333333333333,-0.8058252427184466,112.94,366.48275862068965
159,1996,10,Rajasthan,Pali,101.14,46.91,464.0,60.0,309.0,39.0,136.0,6.733333333333333,75.3,558.4666666666667
159,1997,10,Rajasthan,Pali,100.35,54.29,541.0,464.0,60.0,309.0,277.6666666666667,0.16594827586206895,101.14,600.3666666666667
159,1998,10,Rajasthan,Pali,92.11,2.38,26.0,541.0,464.0,60.0,355.0,-0.9519408502772644,100.35,567.0967741935484
159,1999,10,Rajasthan,Pali,98.25,6.64,68.0,26.0,541.0,464.0,343.6666666666667,1.6153846153846154,92.11,468.3333333333333
159,2000,10,Rajasthan,Pali,98.15,20.2,206.0,68.0,26.0,541.0,211.66666666666666,2.0294117647058822,98.25,567.96875
159,2001,10,Rajasthan,Pali,104.92,57.81,551.0,206.0,68.0,26.0,100.0,1.674757281553398,98.15,849.96875
159,2003,10,Rajasthan,Pali,129.44,97.52,753.0,551.0,206.0,68.0,275.0,0.366606170598911,104.92,1253.84375
159,2004,10,Rajasthan,Pali,97.93,65.49,669.0,753.0,551.0,206.0,503.3333333333333,-0.11155378486055778,129.44,842.9677419354839
159,2005,10,Rajasthan,Pali,97.75,34.96,358.0,669.0,753.0,551.0,657.6666666666666,-0.46487294469357254,97.93,567.75
159,2006,10,Rajasthan,Pali,96.22,66.07,687.0,358.0,669.0,753.0,593.3333333333334,0.9189944134078212,97.75,907.28125
159,2007,10,Rajasthan,Pali,85.79,66.29,773.0,687.0,358.0,669.0,571.3333333333334,0.12518195050946135,96.22,1043.3548387096773
159,2008,10,Rajasthan,Pali,85.9,50.31,586.0,773.0,687.0,358.0,606.0,-0.24191461836998707,85.79,1079.8181818181818
159,2009,10,Rajasthan,Pali,79.41,0.6,8.0,586.0,773.0,687.0,682.0,-0.9863481228668942,85.9,594.258064516129
159,2010,10,Rajasthan,Pali,94.6,99.25,1049.0,8.0,586.0,773.0,455.6666666666667,130.125,79.41,1232.6060606060605
159,2011,10,Rajasthan,Pali,73.8,61.81,838.0,1049.0,8.0,586.0,547.6666666666666,-0.20114394661582458,94.6,1307.6363636363637
159,2012,10,Rajasthan,Pali,64.88,42.78,659.0,838.0,1049.0,8.0,631.6666666666666,-0.21360381861575184,73.8,1154.1818181818182
159,2013,10,Rajasthan,Pali,67.91,37.93,559.0,659.0,838.0,1049.0,848.6666666666666,-0.15174506828528078,64.88,1063.7878787878788
159,2014,10,Rajasthan,Pali,53.76,33.04,615.0,559.0,659.0,838.0,685.3333333333334,0.10017889087656529,67.91,1185.75
159,2015,10,Rajasthan,Pali,46.93,34.87,743.0,615.0,559.0,659.0,611.0,0.20813008130081312,53.76,928.65625
159,2016,10,Rajasthan,Pali,38.28,28.8,752.0,743.0,615.0,559.0,639.0,0.01211305518169592,46.93,1111.3939393939395
159,2017,10,Rajasthan,Pali,35.42,15.81,446.0,752.0,743.0,615.0,703.3333333333334,-0.40691489361702127,38.28,1012.3333333333334
159,2018,10,Rajasthan,Pali,34.3,39.83,1161.0,446.0,752.0,743.0,647.0,1.6031390134529149,35.42,1085.6875
159,2019,10,Rajasthan,Pali,30.33,27.07,893.0,1161.0,446.0,752.0,786.3333333333334,-0.2308354866494401,34.3,1246.3870967741937
160,1993,10,Rajasthan,Swami Madhopur,115.91,71.32,615.0,886.0,434.0,1059.0,793.0,-0.3058690744920993,130.55,448.8965517241379
160,1994,10,Rajasthan,Swami Madhopur,119.35,129.02,1081.0,615.0,886.0,434.0,645.0,0.7577235772357724,115.91,649.0666666666667
160,1995,10,Rajasthan,Swami Madhopur,114.18,94.0,823.0,1081.0,615.0,886.0,860.6666666666666,-0.23866790009250693,119.35,366.48275862068965
160,1996,10,Rajasthan,Swami Madhopur,140.77,162.99,1158.0,823.0,1081.0,615.0,839.6666666666666,0.4070473876063183,114.18,558.4666666666667
160,1997,10,Rajasthan,Swami Madhopur,49.72,49.03,986.0,1158.0,823.0,1081.0,1020.6666666666666,-0.14853195164075994,140.77,600.3666666666667
160,1998,10,Rajasthan,Swami Madhopur,43.46,51.16,1177.0,986.0,1158.0,823.0,989.0,0.1937119675456389,49.72,567.0967741935484
160,1999,10,Rajasthan,Swami Madhopur,39.44,43.53,1104.0,1177.0,986.0,1158.0,1107.0,-0.062022090059473234,43.46,468.3333333333333
160,2000,10,Rajasthan,Swami Madhopur,61.11,52.12,853.0,1104.0,1177.0,986.0,1089.0,-0.22735507246376807,39.44,567.96875
160,2001,10,Rajasthan,Swami Madhopur,53.0,49.56,935.0,853.0,1104.0,1177.0,1044.6666666666667,0.09613130128956615,61.11,849.96875
160,2002,10,Rajasthan,Swami Madhopur,58.97,21.19,359.0,935.0,853.0,1104.0,964.0,-0.616042780748663,53.0,301.6333333333333
160,2003,10,Rajasthan,Swami Madhopur,105.28,187.35,1780.0,359.0,935.0,853.0,715.6666666666666,3.958217270194986,58.97,1253.84375
160,2004,10,Rajasthan,Swami Madhopur,48.39,91.53,1892.0,1780.0,359.0,935.0,1024.6666666666667,0.06292134831460672,105.28,842.9677419354839
160,2005,10,Rajasthan,Swami Madhopur,58.06,85.15,1467.0,1892.0,1780.0,359.0,1343.6666666666667,-0.2246300211416491,48.39,567.75
160,2006,10,Rajasthan,Swami Madhopur,62.62,104.54,1669.0,1467.0,1892.0,1780.0,1713.0,0.1376959781867757,58.06,907.28125
160,2007,10,Rajasthan,Swami Madhopur,79.13,116.0,1466.0,1669.0,1467.0,1892.0,1676.0,-0.12162971839424808,62.62,1043.3548387096773
160,2008,10,Rajasthan,Swami Madhopur,65.78,103.5,1573.0,1466.0,1669.0,1467.0,1534.0,0.07298772169167811,79.13,1079.8181818181818
160,2009,10,Rajasthan,Swami Madhopur,84.79,106.25,1253.0,1573.0,1466.0,1669.0,1569.3333333333333,-0.20343293070565793,65.78,594.258064516129
160,2010,10,Rajasthan,Swami Madhopur,89.24,166.63,1867.0,1253.0,1573.0,1466.0,1430.6666666666667,0.49002394253790893,84.79,1232.6060606060605
160,2011,10,Rajasthan,Swami Madhopur,73.0,124.5,1705.0,1867.0,1253.0,1573.0,1564.3333333333333,-0.08677021960364217,89.24,1307.6363636363637
160,2012,10,Rajasthan,Swami Madhopur,66.65,113.16,1698.0,1705.0,1867.0,1253.0,1608.3333333333333,-0.004105571847507372,73.0,1154.1818181818182
160,2013,10,Rajasthan,Swami Madhopur,61.93,101.07,1632.0,1698.0,1705.0,1867.0,1756.6666666666667,-0.03886925795053009,66.65,1063.7878787878788
160,2014,10,Rajasthan,Swami Madhopur,59.07,103.2,1747.0,1632.0,1698.0,1705.0,1678.3333333333333,0.07046568627450989,61.93,1185.75
160,2015,10,Rajasthan,Swami Madhopur,60.67,95.91,1581.0,1747.0,1632.0,1698.0,1692.3333333333333,-0.09502003434459072,59.07,928.65625
160,2016,10,Rajasthan,Swami Madhopur,67.18,115.74,1723.0,1581.0,1747.0,1632.0,1653.3333333333333,0.08981657179000635,60.67,1111.3939393939395
160,2017,10,Rajasthan,Swami Madhopur,63.4,98.2,1549.0,1723.0,1581.0,1747.0,1683.6666666666667,-0.10098665118978523,67.18,1012.3333333333334
160,2018,10,Rajasthan,Swami Madhopur,65.11,99.95,1535.0,1549.0,1723.0,1581.0,1617.6666666666667,-0.009038089089735357,63.4,1085.6875
160,2019,10,Rajasthan,Swami Madhopur,70.31,135.13,1922.0,1535.0,1549.0,1723.0,1602.3333333333333,0.2521172638436482,65.11,1246.3870967741937
161,1993,10,Rajasthan,Sikar,256.14,82.27,321.0,688.0,293.0,394.0,458.3333333333333,-0.5334302325581395,276.14,448.8965517241379
161,1994,10,Rajasthan,Sikar,272.75,194.87,714.0,321.0,688.0,293.0,434.0,1.2242990654205608,256.14,649.0666666666667
161,1995,10,Rajasthan,Sikar,237.23,107.6,454.0,714.0,321.0,688.0,574.3333333333334,-0.36414565826330536,272.75,366.48275862068965
161,1996,10,Rajasthan,Sikar,263.73,170.92,648.0,454.0,714.0,321.0,496.3333333333333,0.42731277533039647,237.23,558.4666666666667
161,1997,10,Rajasthan,Sikar,260.35,145.8,560.0,648.0,454.0,714.0,605.3333333333334,-0.13580246913580252,263.73,600.3666666666667
161,1998,10,Rajasthan,Sikar,251.8,168.47,669.0,560.0,648.0,454.0,554.0,0.19464285714285712,260.35,567.0967741935484
161,1999,10,Rajasthan,Sikar,255.5,149.42,585.0,669.0,560.0,648.0,625.6666666666666,-0.12556053811659196,251.8,468.3333333333333
161,2000,10,Rajasthan,Sikar,272.69,194.42,713.0,585.0,669.0,560.0,604.6666666666666,0.21880341880341891,255.5,567.96875
161,2001,10,Rajasthan,Sikar,285.74,306.47,1073.0,713.0,585.0,669.0,655.6666666666666,0.5049088359046283,272.69,849.96875
161,2002,10,Rajasthan,Sikar,214.23,61.31,286.0,1073.0,713.0,585.0,790.3333333333334,-0.733457595526561,285.74,301.6333333333333
161,2003,10,Rajasthan,Sikar,334.76,351.95,1051.0,286.0,1073.0,713.0,690.6666666666666,2.674825174825175,214.23,1253.84375
161,2004,10,Rajasthan,Sikar,284.09,254.85,897.0,1051.0,286.0,1073.0,803.3333333333334,-0.14652711703139865,334.76,842.9677419354839
161,2005,10,Rajasthan,Sikar,284.98,144.62,507.0,897.0,1051.0,286.0,744.6666666666666,-0.4347826086956522,284.09,567.75
161,2006,10,Rajasthan,Sikar,301.35,292.82,972.0,507.0,897.0,1051.0,818.3333333333334,0.9171597633136095,284.98,907.28125
161,2007,10,Rajasthan,Sikar,294.53,260.71,885.0,972.0,507.0,897.0,792.0,-0.08950617283950613,301.35,1043.3548387096773
161,2008,10,Rajasthan,Sikar,306.52,444.77,1451.0,885.0,972.0,507.0,788.0,0.6395480225988701,294.53,1079.8181818181818
161,2009,10,Rajasthan,Sikar,303.95,144.74,476.0,1451.0,885.0,972.0,1102.6666666666667,-0.6719503790489318,306.52,594.258064516129
161,2010,10,Rajasthan,Sikar,328.95,431.34,1311.0,476.0,1451.0,885.0,937.3333333333334,1.754201680672269,303.95,1232.6060606060605
161,2011,10,Rajasthan,Sikar,308.52,474.43,1538.0,1311.0,476.0,1451.0,1079.3333333333333,0.17315026697177727,328.95,1307.6363636363637
161,2012,10,Rajasthan,Sikar,283.82,350.93,1236.0,1538.0,1311.0,476.0,1108.3333333333333,-0.19635890767230169,308.52,1154.1818181818182
161,2013,10,Rajasthan,Sikar,288.59,384.22,1331.0,1236.0,1538.0,1311.0,1361.6666666666667,0.07686084142394822,283.82,1063.7878787878788
161,2014,10,Rajasthan,Sikar,282.2,407.84,1445.0,1331.0,1236.0,1538.0,1368.3333333333333,0.08564988730277978,288.59,1185.75
161,2015,10,Rajasthan,Sikar,272.76,247.45,907.0,1445.0,1331.0,1236.0,1337.3333333333333,-0.37231833910034606,282.2,928.65625
161,2016,10,Rajasthan,Sikar,279.6,412.27,1475.0,907.0,1445.0,1331.0,1227.6666666666667,0.6262403528114664,272.76,1111.3939393939395
161,2017,10,Rajasthan,Sikar,271.3,208.18,767.0,1475.0,907.0,1445.0,1275.6666666666667,-0.48,279.6,1012.3333333333334
161,2018,10,Rajasthan,Sikar,266.37,243.9,916.0,767.0,1475.0,907.0,1049.6666666666667,0.19426336375488917,271.3,1085.6875
161,2019,10,Rajasthan,Sikar,265.92,350.2,1317.0,916.0,767.0,1475.0,1052.6666666666667,0.43777292576419224,266.37,1246.3870967741937
162,1993,10,Rajasthan,Sirohi,22.2,6.58,296.0,578.0,233.0,513.0,441.3333333333333,-0.4878892733564014,26.59,448.8965517241379
162,1994,10,Rajasthan,Sirohi,21.27,12.89,606.0,296.0,578.0,233.0,369.0,1.0472972972972974,22.2,649.0666666666667
162,1995,10,Rajasthan,Sirohi,16.23,5.17,319.0,606.0,296.0,578.0,493.3333333333333,-0.4735973597359736,21.27,366.48275862068965
162,1996,10,Rajasthan,Sirohi,11.62,5.71,491.0,319.0,606.0,296.0,407.0,0.5391849529780564,16.23,558.4666666666667
162,1997,10,Rajasthan,Sirohi,19.35,10.33,534.0,491.0,319.0,606.0,472.0,0.08757637474541746,11.62,600.3666666666667
162,1998,10,Rajasthan,Sirohi,15.33,6.6,431.0,534.0,491.0,319.0,448.0,-0.19288389513108617,19.35,567.0967741935484
162,1999,10,Rajasthan,Sirohi,13.79,4.71,342.0,431.0,534.0,491.0,485.3333333333333,-0.20649651972157768,15.33,468.3333333333333
162,2000,10,Rajasthan,Sirohi,17.18,7.58,441.0,342.0,431.0,534.0,435.6666666666667,0.2894736842105263,13.79,567.96875
162,2001,10,Rajasthan,Sirohi,22.63,16.85,745.0,441.0,342.0,431.0,404.6666666666667,0.6893424036281179,17.18,849.96875
162,2002,10,Rajasthan,Sirohi,21.77,4.86,223.0,745.0,441.0,342.0,509.3333333333333,-0.7006711409395974,22.63,301.6333333333333
162,2003,10,Rajasthan,Sirohi,29.45,33.47,1137.0,223.0,745.0,441.0,469.6666666666667,4.098654708520179,21.77,1253.84375
162,2004,10,Rajasthan,Sirohi,22.71,14.91,657.0,1137.0,223.0,745.0,701.6666666666666,-0.4221635883905013,29.45,842.9677419354839
162,2005,10,Rajasthan,Sirohi,26.03,11.3,434.0,657.0,1137.0,223.0,672.3333333333334,-0.33942161339421617,22.71,567.75
162,2006,10,Rajasthan,Sirohi,24.23,12.28,507.0,434.0,657.0,1137.0,742.6666666666666,0.16820276497695863,26.03,907.28125
162,2007,10,Rajasthan,Sirohi,18.58,10.22,550.0,507.0,434.0,657.0,532.6666666666666,0.08481262327416172,24.23,1043.3548387096773
162,2008,10,Rajasthan,Sirohi,14.44,7.79,539.0,550.0,507.0,434.0,497.0,-0.020000000000000018,18.58,1079.8181818181818
162,2009,10,Rajasthan,Sirohi,15.76,3.21,204.0,539.0,550.0,507.0,532.0,-0.6215213358070502,14.44,594.258064516129
162,2010,10,Rajasthan,Sirohi,21.63,24.0,1110.0,204.0,539.0,550.0,431.0,4.4411764705882355,15.76,1232.6060606060605
162,2011,10,Rajasthan,Sirohi,17.74,12.37,697.0,1110.0,204.0,539.0,617.6666666666666,-0.37207207207207205,21.63,1307.6363636363637
162,2012,10,Rajasthan,Sirohi,13.62,16.53,1214.0,697.0,1110.0,204.0,670.3333333333334,0.7417503586800573,17.74,1154.1818181818182
162,2013,10,Rajasthan,Sirohi,13.76,6.48,471.0,1214.0,697.0,1110.0,1007.0,-0.6120263591433279,13.62,1063.7878787878788
162,2014,10,Rajasthan,Sirohi,13.49,11.47,850.0,471.0,1214.0,697.0,794.0,0.8046709129511678,13.76,1185.75
162,2015,10,Rajasthan,Sirohi,12.19,9.38,769.0,850.0,471.0,1214.0,845.0,-0.09529411764705886,13.49,928.65625
162,2016,10,Rajasthan,Sirohi,11.91,6.14,516.0,769.0,850.0,471.0,696.6666666666666,-0.3289986996098829,12.19,1111.3939393939395
162,2017,10,Rajasthan,Sirohi,16.61,0.01,1.0,516.0,769.0,850.0,711.6666666666666,-0.998062015503876,11.91,1012.3333333333334
162,2018,10,Rajasthan,Sirohi,11.76,7.81,664.0,1.0,516.0,769.0,428.6666666666667,663.0,16.61,1085.6875
162,2019,10,Rajasthan,Sirohi,13.44,16.21,1207.0,664.0,1.0,516.0,393.6666666666667,0.8177710843373494,11.76,1246.3870967741937
163,1993,10,Rajasthan,Tonk,30.77,11.83,384.0,1200.0,401.0,1387.0,996.0,-0.6799999999999999,42.51,448.8965517241379
163,1994,10,Rajasthan,Tonk,34.84,15.59,447.0,384.0,1200.0,401.0,661.6666666666666,0.1640625,30.77,649.0666666666667
163,1995,10,Rajasthan,Tonk,28.06,15.43,550.0,447.0,384.0,1200.0,677.0,0.23042505592841156,34.84,366.48275862068965
163,1996,10,Rajasthan,Tonk,33.04,22.98,696.0,550.0,447.0,384.0,460.3333333333333,0.2654545454545454,28.06,558.4666666666667
163,1997,10,Rajasthan,Tonk,31.1,21.99,707.0,696.0,550.0,447.0,564.3333333333334,0.015804597701149392,33.04,600.3666666666667
163,1998,10,Rajasthan,Tonk,30.08,15.02,499.0,707.0,696.0,550.0,651.0,-0.29420084865629426,31.1,567.0967741935484
163,1999,10,Rajasthan,Tonk,24.61,12.01,488.0,499.0,707.0,696.0,634.0,-0.022044088176352727,30.08,468.3333333333333
163,2000,10,Rajasthan,Tonk,34.48,20.14,584.0,488.0,499.0,707.0,564.6666666666666,0.19672131147540983,24.61,567.96875
163,2001,10,Rajasthan,Tonk,39.82,27.39,688.0,584.0,488.0,499.0,523.6666666666666,0.17808219178082196,34.48,849.96875
163,2002,10,Rajasthan,Tonk,56.73,21.58,380.0,688.0,584.0,488.0,586.6666666666666,-0.4476744186046512,39.82,301.6333333333333
163,2003,10,Rajasthan,Tonk,93.58,135.49,1448.0,380.0,688.0,584.0,550.6666666666666,2.8105263157894735,56.73,1253.84375
163,2004,10,Rajasthan,Tonk,45.19,53.71,1189.0,1448.0,380.0,688.0,838.6666666666666,-0.17886740331491713,93.58,842.9677419354839
163,2005,10,Rajasthan,Tonk,52.69,31.03,589.0,1189.0,1448.0,380.0,1005.6666666666666,-0.5046257359125315,45.19,567.75
163,2006,10,Rajasthan,Tonk,52.97,45.62,861.0,589.0,1189.0,1448.0,1075.3333333333333,0.46179966044142606,52.69,907.28125
163,2007,10,Rajasthan,Tonk,63.22,78.0,1234.0,861.0,589.0,1189.0,879.6666666666666,0.4332171893147503,52.97,1043.3548387096773
163,2008,10,Rajasthan,Tonk,53.48,74.51,1393.0,1234.0,861.0,589.0,894.6666666666666,0.1288492706645057,63.22,1079.8181818181818
163,2009,10,Rajasthan,Tonk,67.77,35.81,528.0,1393.0,1234.0,861.0,1162.6666666666667,-0.6209619526202441,53.48,594.258064516129
163,2010,10,Rajasthan,Tonk,71.07,109.79,1545.0,528.0,1393.0,1234.0,1051.6666666666667,1.9261363636363638,67.77,1232.6060606060605
163,2011,10,Rajasthan,Tonk,47.96,61.27,1278.0,1545.0,528.0,1393.0,1155.3333333333333,-0.17281553398058247,71.07,1307.6363636363637
163,2012,10,Rajasthan,Tonk,41.91,53.0,1265.0,1278.0,1545.0,528.0,1117.0,-0.010172143974960912,47.96,1154.1818181818182
163,2013,10,Rajasthan,Tonk,40.76,53.4,1310.0,1265.0,1278.0,1545.0,1362.6666666666667,0.035573122529644285,41.91,1063.7878787878788
163,2014,10,Rajasthan,Tonk,41.91,61.08,1457.0,1310.0,1265.0,1278.0,1284.3333333333333,0.11221374045801524,40.76,1185.75
163,2015,10,Rajasthan,Tonk,44.99,49.99,1111.0,1457.0,1310.0,1265.0,1344.0,-0.23747426218256695,41.91,928.65625
163,2016,10,Rajasthan,Tonk,44.64,65.12,1459.0,1111.0,1457.0,1310.0,1292.6666666666667,0.31323132313231317,44.99,1111.3939393939395
163,2017,10,Rajasthan,Tonk,41.81,63.86,1528.0,1459.0,1111.0,1457.0,1342.3333333333333,0.0472926662097326,44.64,1012.3333333333334
163,2018,10,Rajasthan,Tonk,43.47,62.66,1441.0,1528.0,1459.0,1111.0,1366.0,-0.056937172774869094,41.81,1085.6875
163,2019,10,Rajasthan,Tonk,51.47,67.35,1309.0,1441.0,1528.0,1459.0,1476.0,-0.09160305343511455,43.47,1246.3870967741937
164,1993,10,Rajasthan,Udaipur,0.03,0.01,333.0,500.0,167.0,42.0,236.33333333333334,-0.33399999999999996,0.02,448.8965517241379
164,1994,10,Rajasthan,Udaipur,0.01,0.01,1000.0,333.0,500.0,167.0,333.3333333333333,2.003003003003003,0.03,649.0666666666667
164,1996,10,Rajasthan,Udaipur,0.03,0.01,333.0,1000.0,333.0,500.0,611.0,-0.667,0.01,558.4666666666667
164,1997,10,Rajasthan,Udaipur,0.02,0.01,500.0,333.0,1000.0,333.0,555.3333333333334,0.5015015015015014,0.03,600.3666666666667
164,1998,10,Rajasthan,Udaipur,0.05,0.02,400.0,500.0,333.0,1000.0,611.0,-0.19999999999999996,0.02,567.0967741935484
164,1999,10,Rajasthan,Udaipur,0.03,0.01,333.0,400.0,500.0,333.0,411.0,-0.16749999999999998,0.05,468.3333333333333
164,2000,10,Rajasthan,Udaipur,0.04,0.02,500.0,333.0,400.0,500.0,411.0,0.5015015015015014,0.03,567.96875
164,2001,10,Rajasthan,Udaipur,0.04,0.03,750.0,500.0,333.0,400.0,411.0,0.5,0.04,849.96875
164,2002,10,Rajasthan,Udaipur,0.06,0.01,167.0,750.0,500.0,333.0,527.6666666666666,-0.7773333333333333,0.04,301.6333333333333
164,2003,10,Rajasthan,Udaipur,0.11,0.12,1091.0,167.0,750.0,500.0,472.3333333333333,5.532934131736527,0.06,1253.84375
164,2004,10,Rajasthan,Udaipur,0.05,0.04,800.0,1091.0,167.0,750.0,669.3333333333334,-0.26672777268560954,0.11,842.9677419354839
164,2005,10,Rajasthan,Udaipur,0.05,0.02,400.0,800.0,1091.0,167.0,686.0,-0.5,0.05,567.75
164,2006,10,Rajasthan,Udaipur,0.03,0.02,667.0,400.0,800.0,1091.0,763.6666666666666,0.6675,0.05,907.28125
164,2007,10,Rajasthan,Udaipur,0.05,0.04,800.0,667.0,400.0,800.0,622.3333333333334,0.199400299850075,0.03,1043.3548387096773
164,2008,10,Rajasthan,Udaipur,0.01,0.01,1000.0,800.0,667.0,400.0,622.3333333333334,0.25,0.05,1079.8181818181818
164,2009,10,Rajasthan,Udaipur,0.08,0.03,375.0,1000.0,800.0,667.0,822.3333333333334,-0.625,0.01,594.258064516129
164,2010,10,Rajasthan,Udaipur,0.02,0.02,1000.0,375.0,1000.0,800.0,725.0,1.6666666666666665,0.08,1232.6060606060605
164,2011,10,Rajasthan,Udaipur,0.02,0.02,1000.0,1000.0,375.0,1000.0,791.6666666666666,0.0,0.02,1307.6363636363637
164,2012,10,Rajasthan,Udaipur,0.01,0.01,1000.0,1000.0,1000.0,375.0,791.6666666666666,0.0,0.02,1154.1818181818182
164,2013,10,Rajasthan,Udaipur,0.16,0.15,938.0,1000.0,1000.0,1000.0,1000.0,-0.062000000000000055,0.01,1063.7878787878788
164,2014,10,Rajasthan,Udaipur,0.01,0.01,1000.0,938.0,1000.0,1000.0,979.3333333333334,0.06609808102345416,0.16,1185.75
164,2015,10,Rajasthan,Udaipur,0.03,0.02,667.0,1000.0,938.0,1000.0,979.3333333333334,-0.33299999999999996,0.01,928.65625
164,2016,10,Rajasthan,Udaipur,0.02,0.02,1000.0,667.0,1000.0,938.0,868.3333333333334,0.4992503748125936,0.03,1111.3939393939395
164,2017,10,Rajasthan,Udaipur,0.04,0.03,895.0,1000.0,667.0,1000.0,889.0,-0.10499999999999998,0.02,1012.3333333333334
164,2018,10,Rajasthan,Udaipur,0.04,0.03,889.0,895.0,1000.0,667.0,854.0,-0.006703910614525133,0.04,1085.6875
164,2019,10,Rajasthan,Udaipur,0.05,0.06,1180.0,889.0,895.0,1000.0,928.0,0.327334083239595,0.04,1246.3870967741937
166,1995,9,Punjab,Amritsar,0.2,0.2,1000.0,1214.0,1000.0,1200.0,1138.0,-0.17627677100494232,1.4,1060.6666666666667
166,1997,9,Punjab,Amritsar,1.0,1.0,1000.0,1000.0,1214.0,1000.0,1071.3333333333333,0.0,0.2,1125.0
166,1999,9,Punjab,Amritsar,0.3,0.2,667.0,1000.0,1000.0,1214.0,1071.3333333333333,-0.33299999999999996,1.0,741.75
166,2001,9,Punjab,Amritsar,0.2,0.2,1000.0,667.0,1000.0,1000.0,889.0,0.4992503748125936,0.3,950.0
166,2008,9,Punjab,Amritsar,1.0,1.0,1000.0,1000.0,667.0,1000.0,889.0,0.0,0.2,1000.0
166,2011,9,Punjab,Amritsar,1.0,1.0,1000.0,1000.0,1000.0,667.0,889.0,0.0,1.0,1000.0
169,1993,9,Punjab,Hoshiarpur,0.6,0.7,1167.0,1000.0,1000.0,1167.0,1055.6666666666667,0.16700000000000004,0.6,1185.0
169,1994,9,Punjab,Hoshiarpur,0.8,1.0,1250.0,1167.0,1000.0,1000.0,1055.6666666666667,0.07112253641816624,0.6,1196.5
169,1995,9,Punjab,Hoshiarpur,0.1,0.1,1000.0,1250.0,1167.0,1000.0,1139.0,-0.19999999999999996,0.8,1060.6666666666667
169,1997,9,Punjab,Hoshiarpur,4.0,4.0,1000.0,1000.0,1250.0,1167.0,1139.0,0.0,0.1,1125.0
170,2004,9,Punjab,Roopnagar,1.0,1.0,1000.0,1000.0,846.0,875.0,907.0,0.0,1.2,1000.0
170,2018,9,Punjab,Roopnagar,0.4,0.2,500.0,1000.0,1000.0,846.0,948.6666666666666,-0.5,1.0,800.0
172,1993,9,Punjab,Ferozpur,1.1,1.3,1182.0,1000.0,1067.0,933.0,1000.0,0.18199999999999994,0.9,1185.0
172,1994,9,Punjab,Ferozpur,1.0,1.0,1000.0,1182.0,1000.0,1067.0,1083.0,-0.1539763113367174,1.1,1196.5
172,1995,9,Punjab,Ferozpur,1.3,1.4,1077.0,1000.0,1182.0,1000.0,1060.6666666666667,0.07699999999999996,1.0,1060.6666666666667
172,1999,9,Punjab,Ferozpur,0.1,0.1,1000.0,1077.0,1000.0,1182.0,1086.3333333333333,-0.07149489322191271,1.3,741.75
172,2001,9,Punjab,Ferozpur,0.3,0.3,1000.0,1000.0,1077.0,1000.0,1025.6666666666667,0.0,0.1,950.0
172,2002,9,Punjab,Ferozpur,0.4,0.3,750.0,1000.0,1000.0,1077.0,1025.6666666666667,-0.25,0.3,877.8888888888889
172,2003,9,Punjab,Ferozpur,0.2,0.2,1000.0,750.0,1000.0,1000.0,916.6666666666666,0.33333333333333326,0.4,989.625
172,2010,9,Punjab,Ferozpur,1.0,1.0,1000.0,1000.0,750.0,1000.0,916.6666666666666,0.0,0.2,1000.0
173,1993,9,Punjab,Faridkot,1.0,1.2,1200.0,1000.0,1133.0,1211.0,1114.6666666666667,0.19999999999999996,0.7,1185.0
173,2001,9,Punjab,Faridkot,0.2,0.2,1000.0,1200.0,1000.0,1133.0,1111.0,-0.16666666666666663,1.0,950.0
173,2002,9,Punjab,Faridkot,0.1,0.1,1000.0,1000.0,1200.0,1000.0,1066.6666666666667,0.0,0.2,877.8888888888889
173,2003,9,Punjab,Faridkot,0.1,0.1,1000.0,1000.0,1000.0,1200.0,1066.6666666666667,0.0,0.1,989.625
174,1993,9,Punjab,Bhatinda,1.4,1.4,1000.0,1750.0,632.0,1033.0,1138.3333333333333,-0.4285714285714286,1.2,1185.0
174,1994,9,Punjab,Bhatinda,0.7,1.0,1429.0,1000.0,1750.0,632.0,1127.3333333333333,0.42900000000000005,1.4,1196.5
174,1996,9,Punjab,Bhatinda,0.5,0.5,1000.0,1429.0,1000.0,1750.0,1393.0,-0.3002099370188943,0.7,969.6666666666666
174,1997,9,Punjab,Bhatinda,1.0,1.0,1000.0,1000.0,1429.0,1000.0,1143.0,0.0,0.5,1125.0
174,1998,9,Punjab,Bhatinda,0.3,0.3,1000.0,1000.0,1000.0,1429.0,1143.0,0.0,1.0,1043.6666666666667
174,1999,9,Punjab,Bhatinda,0.5,0.3,600.0,1000.0,1000.0,1000.0,1000.0,-0.4,0.3,741.75
174,2000,9,Punjab,Bhatinda,1.0,0.9,900.0,600.0,1000.0,1000.0,866.6666666666666,0.5,0.5,875.0
174,2001,9,Punjab,Bhatinda,0.5,0.4,800.0,900.0,600.0,1000.0,833.3333333333334,-0.11111111111111116,1.0,950.0
174,2002,9,Punjab,Bhatinda,0.7,0.6,857.0,800.0,900.0,600.0,766.6666666666666,0.07125000000000004,0.5,877.8888888888889
174,2003,9,Punjab,Bhatinda,1.2,1.1,917.0,857.0,800.0,900.0,852.3333333333334,0.07001166861143515,0.7,989.625
174,2004,9,Punjab,Bhatinda,1.0,1.0,1000.0,917.0,857.0,800.0,858.0,0.09051254089422023,1.2,1000.0
174,2005,9,Punjab,Bhatinda,1.0,1.0,1000.0,1000.0,917.0,857.0,924.6666666666666,0.0,1.0,1000.0
174,2006,9,Punjab,Bhatinda,1.0,1.0,1000.0,1000.0,1000.0,917.0,972.3333333333334,0.0,1.0,1000.0
174,2007,9,Punjab,Bhatinda,1.0,1.0,1000.0,1000.0,1000.0,1000.0,1000.0,0.0,1.0,1000.0
174,2013,9,Punjab,Bhatinda,0.1,0.1,1000.0,1000.0,1000.0,1000.0,1000.0,0.0,1.0,1000.0
174,2016,9,Punjab,Bhatinda,0.2,0.1,500.0,1000.0,1000.0,1000.0,1000.0,-0.5,0.1,550.0
174,2017,9,Punjab,Bhatinda,0.1,0.1,1000.0,500.0,1000.0,1000.0,833.3333333333334,1.0,0.2,650.0
174,2018,9,Punjab,Bhatinda,0.1,0.1,1000.0,1000.0,500.0,1000.0,833.3333333333334,0.0,0.1,800.0
175,1993,9,Punjab,Sangrur,2.2,2.6,1182.0,1095.0,1500.0,1217.0,1270.6666666666667,0.07945205479452055,2.1,1185.0
175,1994,9,Punjab,Sangrur,4.0,5.0,1250.0,1182.0,1095.0,1500.0,1259.0,0.05752961082910324,2.2,1196.5
175,1995,9,Punjab,Sangrur,2.5,2.8,1120.0,1250.0,1182.0,1095.0,1175.6666666666667,-0.10399999999999998,4.0,1060.6666666666667
175,1996,9,Punjab,Sangrur,2.2,2.0,909.0,1120.0,1250.0,1182.0,1184.0,-0.18839285714285714,2.5,969.6666666666666
175,1997,9,Punjab,Sangrur,2.0,3.0,1500.0,909.0,1120.0,1250.0,1093.0,0.6501650165016502,2.2,1125.0
175,1998,9,Punjab,Sangrur,1.8,2.2,1222.0,1500.0,909.0,1120.0,1176.3333333333333,-0.18533333333333335,2.0,1043.6666666666667
175,1999,9,Punjab,Sangrur,1.8,1.4,778.0,1222.0,1500.0,909.0,1210.3333333333333,-0.3633387888707038,1.8,741.75
175,2000,9,Punjab,Sangrur,2.0,2.0,1000.0,778.0,1222.0,1500.0,1166.6666666666667,0.28534704370179953,1.8,875.0
175,2001,9,Punjab,Sangrur,2.1,2.0,952.0,1000.0,778.0,1222.0,1000.0,-0.04800000000000004,2.0,950.0
175,2002,9,Punjab,Sangrur,1.7,1.4,824.0,952.0,1000.0,778.0,910.0,-0.134453781512605,2.1,877.8888888888889
175,2003,9,Punjab,Sangrur,2.3,2.3,1000.0,824.0,952.0,1000.0,925.3333333333334,0.21359223300970864,1.7,989.625
175,2004,9,Punjab,Sangrur,2.0,2.0,1000.0,1000.0,824.0,952.0,925.3333333333334,0.0,2.3,1000.0
175,2005,9,Punjab,Sangrur,2.0,2.0,1000.0,1000.0,1000.0,824.0,941.3333333333334,0.0,2.0,1000.0
175,2006,9,Punjab,Sangrur,1.0,1.0,1000.0,1000.0,1000.0,1000.0,1000.0,0.0,2.0,1000.0
175,2007,9,Punjab,Sangrur,1.0,1.0,1000.0,1000.0,1000.0,1000.0,1000.0,0.0,1.0,1000.0
175,2008,9,Punjab,Sangrur,1.0,1.0,1000.0,1000.0,1000.0,1000.0,1000.0,0.0,1.0,1000.0
175,2009,9,Punjab,Sangrur,1.0,2.0,2000.0,1000.0,1000.0,1000.0,1000.0,1.0,1.0,1333.3333333333333
175,2010,9,Punjab,Sangrur,1.0,1.0,1000.0,2000.0,1000.0,1000.0,1333.3333333333333,-0.5,1.0,1000.0
175,2013,9,Punjab,Sangrur,0.1,0.1,1000.0,1000.0,2000.0,1000.0,1333.3333333333333,0.0,1.0,1000.0
175,2017,9,Punjab,Sangrur,0.2,0.1,500.0,1000.0,1000.0,2000.0,1333.3333333333333,-0.5,0.1,650.0
175,2018,9,Punjab,Sangrur,0.1,0.1,1000.0,500.0,1000.0,1000.0,833.3333333333334,1.0,0.2,800.0
176,1993,9,Punjab,Patiala,0.4,0.5,1250.0,1000.0,1100.0,1143.0,1081.0,0.25,0.5,1185.0
176,1994,9,Punjab,Patiala,0.8,1.0,1250.0,1250.0,1000.0,1100.0,1116.6666666666667,0.0,0.4,1196.5
176,2002,9,Punjab,Patiala,0.2,0.2,1000.0,1250.0,1250.0,1000.0,1166.6666666666667,-0.19999999999999996,0.8,877.8888888888889
177,1993,4,Haryana,Hissar,82.7,75.0,907.0,1465.0,708.0,1195.0,1122.6666666666667,-0.38088737201365186,103.1,765.4666666666667
177,1994,4,Haryana,Hissar,84.7,123.0,1452.0,907.0,1465.0,708.0,1026.6666666666667,0.6008820286659315,82.7,1379.2857142857142
177,1995,4,Haryana,Hissar,84.6,81.0,957.0,1452.0,907.0,1465.0,1274.6666666666667,-0.34090909090909094,84.7,751.8571428571429
177,1996,4,Haryana,Hissar,68.4,108.0,1579.0,957.0,1452.0,907.0,1105.3333333333333,0.6499477533960292,84.6,1211.8
177,1997,4,Haryana,Hissar,61.6,109.0,1769.0,1579.0,957.0,1452.0,1329.3333333333333,0.12032932235592142,68.4,1298.9444444444443
177,1998,4,Haryana,Hissar,65.0,90.0,1385.0,1769.0,1579.0,957.0,1435.0,-0.21707179197286608,61.6,1128.5
177,1999,4,Haryana,Hissar,59.6,91.0,1527.0,1385.0,1769.0,1579.0,1577.6666666666667,0.10252707581227427,65.0,1117.9375
177,2000,4,Haryana,Hissar,58.0,74.0,1276.0,1527.0,1385.0,1769.0,1560.3333333333333,-0.16437459070072036,59.6,1177.8666666666666
177,2001,4,Haryana,Hissar,63.5,96.0,1512.0,1276.0,1527.0,1385.0,1396.0,0.1849529780564263,58.0,1347.8666666666666
177,2002,4,Haryana,Hissar,70.5,88.0,1248.0,1512.0,1276.0,1527.0,1438.3333333333333,-0.17460317460317465,63.5,1085.235294117647
177,2003,4,Haryana,Hissar,72.3,133.0,1840.0,1248.0,1512.0,1276.0,1345.3333333333333,0.47435897435897445,70.5,1915.235294117647
177,2004,4,Haryana,Hissar,61.91,102.0,1648.0,1840.0,1248.0,1512.0,1533.3333333333333,-0.10434782608695647,72.3,1851.0
177,2005,4,Haryana,Hissar,58.6,102.0,1741.0,1648.0,1840.0,1248.0,1578.6666666666667,0.056432038834951515,61.91,1555.1666666666667
177,2006,4,Haryana,Hissar,63.8,147.0,2304.0,1741.0,1648.0,1840.0,1743.0,0.32337736932797245,58.6,2087.3333333333335
177,2007,4,Haryana,Hissar,63.0,146.0,2317.0,2304.0,1741.0,1648.0,1897.6666666666667,0.0056423611111111605,63.8,2267.8888888888887
177,2008,4,Haryana,Hissar,60.2,134.0,2226.0,2317.0,2304.0,1741.0,2120.6666666666665,-0.0392749244712991,63.0,2155.5263157894738
177,2009,4,Haryana,Hissar,45.7,92.0,2013.0,2226.0,2317.0,2304.0,2282.3333333333335,-0.09568733153638809,60.2,1876.388888888889
177,2010,4,Haryana,Hissar,56.8,127.0,2236.0,2013.0,2226.0,2317.0,2185.3333333333335,0.11077993045206158,45.7,1996.1666666666667
177,2011,4,Haryana,Hissar,44.9,99.0,2205.0,2236.0,2013.0,2226.0,2158.3333333333335,-0.013864042933810383,56.8,2137.5
177,2012,4,Haryana,Hissar,28.42,60.0,2111.0,2205.0,2236.0,2013.0,2151.3333333333335,-0.0426303854875284,44.9,2085.5555555555557
177,2013,4,Haryana,Hissar,21.0,41.0,1952.0,2111.0,2205.0,2236.0,2184.0,-0.07531975367124588,28.42,2006.7058823529412
177,2014,4,Haryana,Hissar,21.0,33.0,1571.0,1952.0,2111.0,2205.0,2089.3333333333335,-0.19518442622950816,21.0,1869.235294117647
177,2015,4,Haryana,Hissar,24.2,39.0,1612.0,1571.0,1952.0,2111.0,1878.0,0.026098026734564073,21.0,1843.8235294117646
177,2016,4,Haryana,Hissar,44.1,84.0,1905.0,1612.0,1571.0,1952.0,1711.6666666666667,0.18176178660049636,24.2,2084.4
177,2017,4,Haryana,Hissar,33.2,59.0,1777.0,1905.0,1612.0,1571.0,1696.0,-0.06719160104986877,44.1,1821.235294117647
177,2018,4,Haryana,Hissar,27.0,54.0,2000.0,1777.0,1905.0,1612.0,1764.6666666666667,0.12549240292628028,33.2,2226.7
177,2019,4,Haryana,Hissar,27.1,53.9,1989.0,2000.0,1777.0,1905.0,1894.0,-0.005499999999999949,27.0,2225.5714285714284
178,1993,4,Haryana,Sirsa,6.0,3.0,500.0,1111.0,556.0,964.0,877.0,-0.54995499549955,7.2,765.4666666666667
178,1994,4,Haryana,Sirsa,6.2,6.0,968.0,500.0,1111.0,556.0,722.3333333333334,0.9359999999999999,6.0,1379.2857142857142
178,1995,4,Haryana,Sirsa,5.3,5.0,943.0,968.0,500.0,1111.0,859.6666666666666,-0.025826446280991733,6.2,751.8571428571429
178,1996,4,Haryana,Sirsa,4.7,5.0,1064.0,943.0,968.0,500.0,803.6666666666666,0.12831389183457054,5.3,1211.8
178,1997,4,Haryana,Sirsa,4.3,4.0,930.0,1064.0,943.0,968.0,991.6666666666666,-0.12593984962406013,4.7,1298.9444444444443
178,1998,4,Haryana,Sirsa,5.0,6.0,1200.0,930.0,1064.0,943.0,979.0,0.29032258064516125,4.3,1128.5
178,1999,4,Haryana,Sirsa,2.9,4.0,1379.0,1200.0,930.0,1064.0,1064.6666666666667,0.14916666666666667,5.0,1117.9375
178,2000,4,Haryana,Sirsa,2.9,3.0,1034.0,1379.0,1200.0,930.0,1169.6666666666667,-0.25018129079042783,2.9,1177.8666666666666
178,2001,4,Haryana,Sirsa,3.4,5.0,1471.0,1034.0,1379.0,1200.0,1204.3333333333333,0.4226305609284333,2.9,1347.8666666666666
178,2002,4,Haryana,Sirsa,5.9,5.0,847.0,1471.0,1034.0,1379.0,1294.6666666666667,-0.4242012236573759,3.4,1085.235294117647
178,2003,4,Haryana,Sirsa,8.2,15.0,1829.0,847.0,1471.0,1034.0,1117.3333333333333,1.1593860684769774,5.9,1915.235294117647
178,2004,4,Haryana,Sirsa,5.79,8.0,1382.0,1829.0,847.0,1471.0,1382.3333333333333,-0.24439584472389286,8.2,1851.0
178,2005,4,Haryana,Sirsa,4.9,8.0,1633.0,1382.0,1829.0,847.0,1352.6666666666667,0.1816208393632417,5.79,1555.1666666666667
178,2006,4,Haryana,Sirsa,4.8,9.0,1875.0,1633.0,1382.0,1829.0,1614.6666666666667,0.1481935088793631,4.9,2087.3333333333335
178,2007,4,Haryana,Sirsa,5.7,12.0,2105.0,1875.0,1633.0,1382.0,1630.0,0.1226666666666667,4.8,2267.8888888888887
178,2008,4,Haryana,Sirsa,4.9,10.0,2041.0,2105.0,1875.0,1633.0,1871.0,-0.030403800475059417,5.7,2155.5263157894738
178,2009,4,Haryana,Sirsa,3.0,6.0,2000.0,2041.0,2105.0,1875.0,2007.0,-0.020088192062714394,4.9,1876.388888888889
178,2010,4,Haryana,Sirsa,5.5,19.0,3455.0,2000.0,2041.0,2105.0,2048.6666666666665,0.7275,3.0,1996.1666666666667
178,2011,4,Haryana,Sirsa,3.9,9.0,2308.0,3455.0,2000.0,2041.0,2498.6666666666665,-0.3319826338639653,5.5,2137.5
178,2012,4,Haryana,Sirsa,1.67,3.0,1796.0,2308.0,3455.0,2000.0,2587.6666666666665,-0.22183708838821492,3.9,2085.5555555555557
178,2013,4,Haryana,Sirsa,2.0,3.0,1500.0,1796.0,2308.0,3455.0,2519.6666666666665,-0.16481069042316254,1.67,2006.7058823529412
178,2014,4,Haryana,Sirsa,1.0,2.0,2000.0,1500.0,1796.0,2308.0,1868.0,0.33333333333333326,2.0,1869.235294117647
178,2015,4,Haryana,Sirsa,0.9,1.0,1111.0,2000.0,1500.0,1796.0,1765.3333333333333,-0.4445,1.0,1843.8235294117646
178,2016,4,Haryana,Sirsa,4.1,9.0,2195.0,1111.0,2000.0,1500.0,1537.0,0.9756975697569756,0.9,2084.4
178,2017,4,Haryana,Sirsa,3.2,5.0,1563.0,2195.0,1111.0,2000.0,1768.6666666666667,-0.2879271070615034,4.1,1821.235294117647
178,2018,4,Haryana,Sirsa,4.0,11.0,2750.0,1563.0,2195.0,1111.0,1623.0,0.7594369801663468,3.2,2226.7
178,2019,4,Haryana,Sirsa,5.4,15.2,2815.0,2750.0,1563.0,2195.0,2169.3333333333335,0.023636363636363678,4.0,2225.5714285714284
179,1993,4,Haryana,Bhiwani,135.0,48.0,356.0,936.0,463.0,613.0,670.6666666666666,-0.6196581196581197,175.2,765.4666666666667
179,1994,4,Haryana,Bhiwani,158.4,181.0,1143.0,356.0,936.0,463.0,585.0,2.210674157303371,135.0,1379.2857142857142
179,1995,4,Haryana,Bhiwani,166.2,112.0,674.0,1143.0,356.0,936.0,811.6666666666666,-0.4103237095363079,158.4,751.8571428571429
179,1996,4,Haryana,Bhiwani,190.2,188.0,988.0,674.0,1143.0,356.0,724.3333333333334,0.4658753709198813,166.2,1211.8
179,1997,4,Haryana,Bhiwani,187.1,153.0,818.0,988.0,674.0,1143.0,935.0,-0.17206477732793524,190.2,1298.9444444444443
179,1998,4,Haryana,Bhiwani,203.0,132.0,650.0,818.0,988.0,674.0,826.6666666666666,-0.20537897310513442,187.1,1128.5
179,1999,4,Haryana,Bhiwani,196.4,153.0,779.0,650.0,818.0,988.0,818.6666666666666,0.19846153846153847,203.0,1117.9375
179,2000,4,Haryana,Bhiwani,200.6,156.0,778.0,779.0,650.0,818.0,749.0,-0.0012836970474967568,196.4,1177.8666666666666
179,2001,4,Haryana,Bhiwani,178.7,243.0,1360.0,778.0,779.0,650.0,735.6666666666666,0.7480719794344473,200.6,1347.8666666666666
179,2002,4,Haryana,Bhiwani,180.3,118.0,654.0,1360.0,778.0,779.0,972.3333333333334,-0.5191176470588235,178.7,1085.235294117647
179,2003,4,Haryana,Bhiwani,184.2,243.0,1319.0,654.0,1360.0,778.0,930.6666666666666,1.0168195718654434,180.3,1915.235294117647
179,2004,4,Haryana,Bhiwani,181.57,188.0,1035.0,1319.0,654.0,1360.0,1111.0,-0.21531463229719483,184.2,1851.0
179,2005,4,Haryana,Bhiwani,222.5,153.0,688.0,1035.0,1319.0,654.0,1002.6666666666666,-0.3352657004830918,181.57,1555.1666666666667
179,2006,4,Haryana,Bhiwani,184.7,248.0,1343.0,688.0,1035.0,1319.0,1014.0,0.9520348837209303,222.5,2087.3333333333335
179,2007,4,Haryana,Bhiwani,176.0,263.0,1494.0,1343.0,688.0,1035.0,1022.0,0.11243484735666409,184.7,2267.8888888888887
179,2008,4,Haryana,Bhiwani,174.6,242.0,1386.0,1494.0,1343.0,688.0,1175.0,-0.07228915662650603,176.0,2155.5263157894738
179,2009,4,Haryana,Bhiwani,172.1,181.0,1052.0,1386.0,1494.0,1343.0,1407.6666666666667,-0.24098124098124096,174.6,1876.388888888889
179,2010,4,Haryana,Bhiwani,200.0,326.0,1630.0,1052.0,1386.0,1494.0,1310.6666666666667,0.5494296577946769,172.1,1996.1666666666667
179,2011,4,Haryana,Bhiwani,170.9,298.0,1744.0,1630.0,1052.0,1386.0,1356.0,0.0699386503067485,200.0,2137.5
179,2012,4,Haryana,Bhiwani,88.74,123.0,1386.0,1744.0,1630.0,1052.0,1475.3333333333333,-0.20527522935779818,170.9,2085.5555555555557
179,2013,4,Haryana,Bhiwani,87.0,139.0,1598.0,1386.0,1744.0,1630.0,1586.6666666666667,0.15295815295815296,88.74,2006.7058823529412
179,2014,4,Haryana,Bhiwani,83.0,113.0,1361.0,1598.0,1386.0,1744.0,1576.0,-0.1483103879849812,87.0,1869.235294117647
179,2015,4,Haryana,Bhiwani,52.0,68.0,1308.0,1361.0,1598.0,1386.0,1448.3333333333333,-0.03894195444526083,83.0,1843.8235294117646
179,2016,4,Haryana,Bhiwani,110.8,189.0,1706.0,1308.0,1361.0,1598.0,1422.3333333333333,0.30428134556574915,52.0,2084.4
179,2017,4,Haryana,Bhiwani,60.6,75.0,1238.0,1706.0,1308.0,1361.0,1458.3333333333333,-0.2743259085580305,110.8,1821.235294117647
179,2018,4,Haryana,Bhiwani,58.0,84.0,1448.0,1238.0,1706.0,1308.0,1417.3333333333333,0.1696284329563813,60.6,2226.7
179,2019,4,Haryana,Bhiwani,80.8,132.8,1644.0,1448.0,1238.0,1706.0,1464.0,0.1353591160220995,58.0,2225.5714285714284
180,1993,4,Haryana,Gurgaon,47.7,32.0,671.0,1139.0,663.0,1000.0,934.0,-0.41088674275680426,59.7,765.4666666666667
180,1994,4,Haryana,Gurgaon,50.0,41.0,820.0,671.0,1139.0,663.0,824.3333333333334,0.22205663189269753,47.7,1379.2857142857142
180,1995,4,Haryana,Gurgaon,55.8,37.0,663.0,820.0,671.0,1139.0,876.6666666666666,-0.1914634146341463,50.0,751.8571428571429
180,1996,4,Haryana,Gurgaon,50.1,41.0,818.0,663.0,820.0,671.0,718.0,0.2337858220211162,55.8,1211.8
180,1997,4,Haryana,Gurgaon,52.2,58.0,1111.0,818.0,663.0,820.0,767.0,0.35819070904645467,50.1,1298.9444444444443
180,1998,4,Haryana,Gurgaon,55.0,59.0,1073.0,1111.0,818.0,663.0,864.0,-0.03420342034203416,52.2,1128.5
180,1999,4,Haryana,Gurgaon,59.1,65.0,1100.0,1073.0,1111.0,818.0,1000.6666666666666,0.025163094128611396,55.0,1117.9375
180,2000,4,Haryana,Gurgaon,64.7,78.0,1206.0,1100.0,1073.0,1111.0,1094.6666666666667,0.09636363636363643,59.1,1177.8666666666666
180,2001,4,Haryana,Gurgaon,55.4,80.0,1444.0,1206.0,1100.0,1073.0,1126.3333333333333,0.19734660033167506,64.7,1347.8666666666666
180,2002,4,Haryana,Gurgaon,44.0,43.0,977.0,1444.0,1206.0,1100.0,1250.0,-0.32340720221606645,55.4,1085.235294117647
180,2003,4,Haryana,Gurgaon,55.4,83.0,1498.0,977.0,1444.0,1206.0,1209.0,0.5332650972364381,44.0,1915.235294117647
180,2004,4,Haryana,Gurgaon,51.84,67.0,1292.0,1498.0,977.0,1444.0,1306.3333333333333,-0.13751668891855806,55.4,1851.0
180,2005,4,Haryana,Gurgaon,32.6,35.0,1074.0,1292.0,1498.0,977.0,1255.6666666666667,-0.1687306501547987,51.84,1555.1666666666667
180,2006,4,Haryana,Gurgaon,32.8,60.0,1829.0,1074.0,1292.0,1498.0,1288.0,0.7029795158286778,32.6,2087.3333333333335
180,2007,4,Haryana,Gurgaon,33.7,62.0,1840.0,1829.0,1074.0,1292.0,1398.3333333333333,0.006014215418261415,32.8,2267.8888888888887
180,2008,4,Haryana,Gurgaon,33.7,67.0,1988.0,1840.0,1829.0,1074.0,1581.0,0.08043478260869574,33.7,2155.5263157894738
180,2009,4,Haryana,Gurgaon,34.2,63.0,1842.0,1988.0,1840.0,1829.0,1885.6666666666667,-0.07344064386317906,33.7,1876.388888888889
180,2010,4,Haryana,Gurgaon,34.0,65.0,1912.0,1842.0,1988.0,1840.0,1890.0,0.03800217155266017,34.2,1996.1666666666667
180,2011,4,Haryana,Gurgaon,31.5,71.0,2254.0,1912.0,1842.0,1988.0,1914.0,0.17887029288702938,34.0,2137.5
180,2012,4,Haryana,Gurgaon,30.49,69.0,2263.0,2254.0,1912.0,1842.0,2002.6666666666667,0.003992901508429458,31.5,2085.5555555555557
180,2013,4,Haryana,Gurgaon,32.0,66.0,2063.0,2263.0,2254.0,1912.0,2143.0,-0.08837825894829876,30.49,2006.7058823529412
180,2014,4,Haryana,Gurgaon,31.0,56.0,1806.0,2063.0,2263.0,2254.0,2193.3333333333335,-0.12457586039747937,32.0,1869.235294117647
180,2015,4,Haryana,Gurgaon,32.0,61.0,1906.0,1806.0,2063.0,2263.0,2044.0,0.05537098560354381,31.0,1843.8235294117646
180,2016,4,Haryana,Gurgaon,31.3,59.0,1885.0,1906.0,1806.0,2063.0,1925.0,-0.011017838405036673,32.0,2084.4
180,2017,4,Haryana,Gurgaon,31.7,61.0,1924.0,1885.0,1906.0,1806.0,1865.6666666666667,0.020689655172413834,31.3,1821.235294117647
180,2018,4,Haryana,Gurgaon,32.0,75.0,2344.0,1924.0,1885.0,1906.0,1905.0,0.21829521829521825,31.7,2226.7
180,2019,4,Haryana,Gurgaon,31.3,86.8,2773.0,2344.0,1924.0,1885.0,2051.0,0.18302047781569963,32.0,2225.5714285714284
181,1993,4,Haryana,Jind,35.9,43.0,1198.0,1453.0,925.0,878.0,1085.3333333333333,-0.17549896765313144,40.6,765.4666666666667
181,1994,4,Haryana,Jind,39.1,59.0,1509.0,1198.0,1453.0,925.0,1192.0,0.25959933222036735,35.9,1379.2857142857142
181,1995,4,Haryana,Jind,37.2,25.0,672.0,1509.0,1198.0,1453.0,1386.6666666666667,-0.5546719681908548,39.1,751.8571428571429
181,1996,4,Haryana,Jind,36.0,56.0,1556.0,672.0,1509.0,1198.0,1126.3333333333333,1.3154761904761907,37.2,1211.8
181,1997,4,Haryana,Jind,39.4,56.0,1421.0,1556.0,672.0,1509.0,1245.6666666666667,-0.08676092544987146,36.0,1298.9444444444443
181,1998,4,Haryana,Jind,37.0,57.0,1541.0,1421.0,1556.0,672.0,1216.3333333333333,0.08444757213230125,39.4,1128.5
181,1999,4,Haryana,Jind,34.4,47.0,1366.0,1541.0,1421.0,1556.0,1506.0,-0.11356262167423747,37.0,1117.9375
181,2000,4,Haryana,Jind,40.3,64.0,1588.0,1366.0,1541.0,1421.0,1442.6666666666667,0.16251830161054182,34.4,1177.8666666666666
181,2001,4,Haryana,Jind,38.7,53.0,1370.0,1588.0,1366.0,1541.0,1498.3333333333333,-0.13727959697732994,40.3,1347.8666666666666
181,2002,4,Haryana,Jind,40.7,43.0,1057.0,1370.0,1588.0,1366.0,1441.3333333333333,-0.2284671532846715,38.7,1085.235294117647
181,2003,4,Haryana,Jind,46.0,84.0,1826.0,1057.0,1370.0,1588.0,1338.3333333333333,0.727530747398297,40.7,1915.235294117647
181,2004,4,Haryana,Jind,45.81,67.0,1463.0,1826.0,1057.0,1370.0,1417.6666666666667,-0.1987951807228916,46.0,1851.0
181,2005,4,Haryana,Jind,46.8,88.0,1880.0,1463.0,1826.0,1057.0,1448.6666666666667,0.2850307587149692,45.81,1555.1666666666667
181,2006,4,Haryana,Jind,54.0,109.0,2019.0,1880.0,1463.0,1826.0,1723.0,0.07393617021276588,46.8,2087.3333333333335
181,2007,4,Haryana,Jind,55.7,130.0,2334.0,2019.0,1880.0,1463.0,1787.3333333333333,0.15601783060921237,54.0,2267.8888888888887
181,2008,4,Haryana,Jind,53.1,102.0,1921.0,2334.0,2019.0,1880.0,2077.6666666666665,-0.17694944301628102,55.7,2155.5263157894738
181,2009,4,Haryana,Jind,44.9,79.0,1759.0,1921.0,2334.0,2019.0,2091.3333333333335,-0.0843310775637689,53.1,1876.388888888889
181,2010,4,Haryana,Jind,43.2,89.0,2060.0,1759.0,1921.0,2334.0,2004.6666666666667,0.17111995451961337,44.9,1996.1666666666667
181,2011,4,Haryana,Jind,28.3,58.0,2049.0,2060.0,1759.0,1921.0,1913.3333333333333,-0.005339805825242738,43.2,2137.5
181,2012,4,Haryana,Jind,22.68,47.0,2072.0,2049.0,2060.0,1759.0,1956.0,0.011224987798926334,28.3,2085.5555555555557
181,2013,4,Haryana,Jind,15.0,34.0,2267.0,2072.0,2049.0,2060.0,2060.3333333333335,0.09411196911196917,22.68,2006.7058823529412
181,2014,4,Haryana,Jind,11.0,22.0,2000.0,2267.0,2072.0,2049.0,2129.3333333333335,-0.11777679752977499,15.0,1869.235294117647
181,2015,4,Haryana,Jind,12.0,22.0,1833.0,2000.0,2267.0,2072.0,2113.0,-0.08350000000000002,11.0,1843.8235294117646
181,2016,4,Haryana,Jind,19.0,34.0,1789.0,1833.0,2000.0,2267.0,2033.3333333333333,-0.024004364429896397,12.0,2084.4
181,2017,4,Haryana,Jind,13.9,24.0,1727.0,1789.0,1833.0,2000.0,1874.0,-0.034656232532140896,19.0,1821.235294117647
181,2018,4,Haryana,Jind,11.0,20.0,1818.0,1727.0,1789.0,1833.0,1783.0,0.0526925303995367,13.9,2226.7
181,2019,4,Haryana,Jind,7.9,16.4,2076.0,1818.0,1727.0,1789.0,1778.0,0.14191419141914197,11.0,2225.5714285714284
182,1993,4,Haryana,Mahendragarh,81.6,33.0,404.0,988.0,277.0,683.0,649.3333333333334,-0.5910931174089069,98.2,765.4666666666667
182,1994,4,Haryana,Mahendragarh,98.4,142.0,1443.0,404.0,988.0,277.0,556.3333333333334,2.5717821782178216,81.6,1379.2857142857142
182,1995,4,Haryana,Mahendragarh,86.3,70.0,811.0,1443.0,404.0,988.0,945.0,-0.4379764379764379,98.4,751.8571428571429
182,1996,4,Haryana,Mahendragarh,86.3,109.0,1263.0,811.0,1443.0,404.0,886.0,0.5573366214549937,86.3,1211.8
182,1997,4,Haryana,Mahendragarh,92.3,117.0,1268.0,1263.0,811.0,1443.0,1172.3333333333333,0.003958828186856778,86.3,1298.9444444444443
182,1998,4,Haryana,Mahendragarh,96.0,106.0,1104.0,1268.0,1263.0,811.0,1114.0,-0.12933753943217663,92.3,1128.5
182,1999,4,Haryana,Mahendragarh,94.6,93.0,983.0,1104.0,1268.0,1263.0,1211.6666666666667,-0.1096014492753623,96.0,1117.9375
182,2000,4,Haryana,Mahendragarh,98.5,110.0,1117.0,983.0,1104.0,1268.0,1118.3333333333333,0.13631739572736512,94.6,1177.8666666666666
182,2001,4,Haryana,Mahendragarh,103.4,154.0,1489.0,1117.0,983.0,1104.0,1068.0,0.333034914950761,98.5,1347.8666666666666
182,2002,4,Haryana,Mahendragarh,56.6,49.0,866.0,1489.0,1117.0,983.0,1196.3333333333333,-0.41840161182001345,103.4,1085.235294117647
182,2003,4,Haryana,Mahendragarh,109.1,213.0,1952.0,866.0,1489.0,1117.0,1157.3333333333333,1.2540415704387993,56.6,1915.235294117647
182,2004,4,Haryana,Mahendragarh,85.08,102.0,1199.0,1952.0,866.0,1489.0,1435.6666666666667,-0.3857581967213115,109.1,1851.0
182,2005,4,Haryana,Mahendragarh,98.7,110.0,1114.0,1199.0,1952.0,866.0,1339.0,-0.0708924103419516,85.08,1555.1666666666667
182,2006,4,Haryana,Mahendragarh,101.0,158.0,1564.0,1114.0,1199.0,1952.0,1421.6666666666667,0.4039497307001796,98.7,2087.3333333333335
182,2007,4,Haryana,Mahendragarh,103.1,177.0,1717.0,1564.0,1114.0,1199.0,1292.3333333333333,0.09782608695652173,101.0,2267.8888888888887
182,2008,4,Haryana,Mahendragarh,102.9,182.0,1769.0,1717.0,1564.0,1114.0,1465.0,0.03028538147932447,103.1,2155.5263157894738
182,2009,4,Haryana,Mahendragarh,103.0,183.0,1777.0,1769.0,1717.0,1564.0,1683.3333333333333,0.0045223289994347216,102.9,1876.388888888889
182,2010,4,Haryana,Mahendragarh,111.7,200.0,1791.0,1777.0,1769.0,1717.0,1754.3333333333333,0.007878446820483997,103.0,1996.1666666666667
182,2011,4,Haryana,Mahendragarh,113.2,256.0,2261.0,1791.0,1777.0,1769.0,1779.0,0.2624232272473479,111.7,2137.5
182,2012,4,Haryana,Mahendragarh,90.74,198.0,2182.0,2261.0,1791.0,1777.0,1943.0,-0.034940291906236154,113.2,2085.5555555555557
182,2013,4,Haryana,Mahendragarh,90.0,221.0,2456.0,2182.0,2261.0,1791.0,2078.0,0.12557286892758945,90.74,2006.7058823529412
182,2014,4,Haryana,Mahendragarh,93.0,156.0,1677.0,2456.0,2182.0,2261.0,2299.6666666666665,-0.31718241042345274,90.0,1869.235294117647
182,2015,4,Haryana,Mahendragarh,89.0,135.0,1517.0,1677.0,2456.0,2182.0,2105.0,-0.09540846750149079,93.0,1843.8235294117646
182,2016,4,Haryana,Mahendragarh,99.3,228.0,2296.0,1517.0,1677.0,2456.0,1883.3333333333333,0.5135135135135136,89.0,2084.4
182,2017,4,Haryana,Mahendragarh,98.5,147.0,1492.0,2296.0,1517.0,1677.0,1830.0,-0.3501742160278746,99.3,1821.235294117647
182,2018,4,Haryana,Mahendragarh,99.0,204.0,2061.0,1492.0,2296.0,1517.0,1768.3333333333333,0.38136729222520116,98.5,2226.7
182,2019,4,Haryana,Mahendragarh,113.5,282.8,2492.0,2061.0,1492.0,2296.0,1949.6666666666667,0.20912178554099947,99.0,2225.5714285714284
183,1993,4,Haryana,Ambala,1.9,1.0,526.0,1250.0,714.0,1250.0,1071.3333333333333,-0.5791999999999999,1.6,765.4666666666667
183,1994,4,Haryana,Ambala,1.5,3.0,2000.0,526.0,1250.0,714.0,830.0,2.802281368821293,1.9,1379.2857142857142
183,1995,4,Haryana,Ambala,0.6,1.0,1667.0,2000.0,526.0,1250.0,1258.6666666666667,-0.16649999999999998,1.5,751.8571428571429
183,1996,4,Haryana,Ambala,0.7,1.0,1429.0,1667.0,2000.0,526.0,1397.6666666666667,-0.14277144571085787,0.6,1211.8
183,1997,4,Haryana,Ambala,0.7,1.0,1429.0,1429.0,1667.0,2000.0,1698.6666666666667,0.0,0.7,1298.9444444444443
183,2014,4,Haryana,Ambala,1.0,2.0,2000.0,1429.0,1429.0,1667.0,1508.3333333333333,0.3995801259622114,0.7,1869.235294117647
183,2019,4,Haryana,Ambala,0.1,0.2,2000.0,2000.0,1429.0,1429.0,1619.3333333333333,0.0,1.0,2225.5714285714284
184,1994,4,Haryana,Karnal,1.7,3.0,1765.0,556.0,1176.0,1000.0,910.6666666666666,2.1744604316546763,1.8,1379.2857142857142
184,1995,4,Haryana,Karnal,1.5,1.0,667.0,1765.0,556.0,1176.0,1165.6666666666667,-0.6220963172804532,1.7,751.8571428571429
184,1996,4,Haryana,Karnal,1.6,2.0,1250.0,667.0,1765.0,556.0,996.0,0.8740629685157422,1.5,1211.8
184,1997,4,Haryana,Karnal,1.7,2.0,1176.0,1250.0,667.0,1765.0,1227.3333333333333,-0.05920000000000003,1.6,1298.9444444444443
184,1998,4,Haryana,Karnal,1.0,1.0,1000.0,1176.0,1250.0,667.0,1031.0,-0.1496598639455783,1.7,1128.5
184,1999,4,Haryana,Karnal,1.5,1.0,667.0,1000.0,1176.0,1250.0,1142.0,-0.33299999999999996,1.0,1117.9375
184,2000,4,Haryana,Karnal,2.8,3.0,1071.0,667.0,1000.0,1176.0,947.6666666666666,0.6056971514242879,1.5,1177.8666666666666
184,2001,4,Haryana,Karnal,1.3,1.0,769.0,1071.0,667.0,1000.0,912.6666666666666,-0.2819794584500467,2.8,1347.8666666666666
184,2002,4,Haryana,Karnal,0.9,1.0,1111.0,769.0,1071.0,667.0,835.6666666666666,0.4447334200260078,1.3,1085.235294117647
184,2003,4,Haryana,Karnal,1.0,2.0,2000.0,1111.0,769.0,1071.0,983.6666666666666,0.8001800180018002,0.9,1915.235294117647
184,2004,4,Haryana,Karnal,1.03,2.0,1942.0,2000.0,1111.0,769.0,1293.3333333333333,-0.029000000000000026,1.0,1851.0
184,2005,4,Haryana,Karnal,1.2,3.0,2500.0,1942.0,2000.0,1111.0,1684.3333333333333,0.28733264675592163,1.03,1555.1666666666667
184,2006,4,Haryana,Karnal,1.7,6.0,3529.0,2500.0,1942.0,2000.0,2147.3333333333335,0.41159999999999997,1.2,2087.3333333333335
184,2007,4,Haryana,Karnal,1.6,4.0,2500.0,3529.0,2500.0,1942.0,2657.0,-0.2915840181354491,1.7,2267.8888888888887
184,2008,4,Haryana,Karnal,2.8,9.0,3214.0,2500.0,3529.0,2500.0,2843.0,0.2856000000000001,1.6,2155.5263157894738
184,2009,4,Haryana,Karnal,1.2,2.0,1667.0,3214.0,2500.0,3529.0,3081.0,-0.4813316739265713,2.8,1876.388888888889
184,2011,4,Haryana,Karnal,1.0,2.0,2000.0,1667.0,3214.0,2500.0,2460.3333333333335,0.1997600479904018,1.2,2137.5
184,2012,4,Haryana,Karnal,0.9,2.0,2222.0,2000.0,1667.0,3214.0,2293.6666666666665,0.11099999999999999,1.0,2085.5555555555557
184,2013,4,Haryana,Karnal,1.0,2.0,2000.0,2222.0,2000.0,1667.0,1963.0,-0.09990999099909992,0.9,2006.7058823529412
184,2014,4,Haryana,Karnal,1.0,2.0,2000.0,2000.0,2222.0,2000.0,2074.0,0.0,1.0,1869.235294117647
184,2015,4,Haryana,Karnal,0.6,2.0,3333.0,2000.0,2000.0,2222.0,2074.0,0.6665000000000001,1.0,1843.8235294117646
184,2018,4,Haryana,Karnal,0.2,0.4,2000.0,3333.0,2000.0,2000.0,2444.3333333333335,-0.39993999399939995,0.6,2226.7
184,2019,4,Haryana,Karnal,0.1,0.2,2000.0,2000.0,3333.0,2000.0,2444.3333333333335,0.0,0.2,2225.5714285714284
186,1993,4,Haryana,Rohtak,32.3,32.0,991.0,1205.0,685.0,977.0,955.6666666666666,-0.17759336099585066,44.0,765.4666666666667
186,1994,4,Haryana,Rohtak,37.3,50.0,1340.0,991.0,1205.0,685.0,960.3333333333334,0.3521695257315842,32.3,1379.2857142857142
186,1995,4,Haryana,Rohtak,51.3,20.0,390.0,1340.0,991.0,1205.0,1178.6666666666667,-0.708955223880597,37.3,751.8571428571429
186,1996,4,Haryana,Rohtak,41.1,42.0,1022.0,390.0,1340.0,991.0,907.0,1.6205128205128205,51.3,1211.8
186,1997,4,Haryana,Rohtak,18.8,22.0,1170.0,1022.0,390.0,1340.0,917.3333333333334,0.14481409001956957,41.1,1298.9444444444443
186,1998,4,Haryana,Rohtak,19.0,21.0,1105.0,1170.0,1022.0,390.0,860.6666666666666,-0.05555555555555558,18.8,1128.5
186,1999,4,Haryana,Rohtak,17.0,14.0,824.0,1105.0,1170.0,1022.0,1099.0,-0.25429864253393664,19.0,1117.9375
186,2000,4,Haryana,Rohtak,17.4,27.0,1552.0,824.0,1105.0,1170.0,1033.0,0.883495145631068,17.0,1177.8666666666666
186,2001,4,Haryana,Rohtak,17.2,22.0,1279.0,1552.0,824.0,1105.0,1160.3333333333333,-0.17590206185567014,17.4,1347.8666666666666
186,2002,4,Haryana,Rohtak,15.5,15.0,968.0,1279.0,1552.0,824.0,1218.3333333333333,-0.24315871774824083,17.2,1085.235294117647
186,2003,4,Haryana,Rohtak,16.1,30.0,1863.0,968.0,1279.0,1552.0,1266.3333333333333,0.9245867768595042,15.5,1915.235294117647
186,2004,4,Haryana,Rohtak,13.95,25.0,1792.0,1863.0,968.0,1279.0,1370.0,-0.03811057434245835,16.1,1851.0
186,2005,4,Haryana,Rohtak,14.3,20.0,1399.0,1792.0,1863.0,968.0,1541.0,-0.2193080357142857,13.95,1555.1666666666667
186,2006,4,Haryana,Rohtak,17.4,36.0,2069.0,1399.0,1792.0,1863.0,1684.6666666666667,0.4789135096497499,14.3,2087.3333333333335
186,2007,4,Haryana,Rohtak,19.2,43.0,2240.0,2069.0,1399.0,1792.0,1753.3333333333333,0.0826486225229579,17.4,2267.8888888888887
186,2008,4,Haryana,Rohtak,20.7,37.0,1787.0,2240.0,2069.0,1399.0,1902.6666666666667,-0.20223214285714286,19.2,2155.5263157894738
186,2009,4,Haryana,Rohtak,20.0,31.0,1550.0,1787.0,2240.0,2069.0,2032.0,-0.1326245103525462,20.7,1876.388888888889
186,2010,4,Haryana,Rohtak,22.8,32.0,1404.0,1550.0,1787.0,2240.0,1859.0,-0.09419354838709681,20.0,1996.1666666666667
186,2011,4,Haryana,Rohtak,20.3,39.0,1921.0,1404.0,1550.0,1787.0,1580.3333333333333,0.36823361823361833,22.8,2137.5
186,2012,4,Haryana,Rohtak,16.55,29.0,1752.0,1921.0,1404.0,1550.0,1625.0,-0.08797501301405519,20.3,2085.5555555555557
186,2013,4,Haryana,Rohtak,15.0,20.0,1333.0,1752.0,1921.0,1404.0,1692.3333333333333,-0.23915525114155256,16.55,2006.7058823529412
186,2014,4,Haryana,Rohtak,13.0,22.0,1692.0,1333.0,1752.0,1921.0,1668.6666666666667,0.269317329332333,15.0,1869.235294117647
186,2015,4,Haryana,Rohtak,13.0,23.0,1769.0,1692.0,1333.0,1752.0,1592.3333333333333,0.04550827423167858,13.0,1843.8235294117646
186,2016,4,Haryana,Rohtak,12.9,25.0,1938.0,1769.0,1692.0,1333.0,1598.0,0.09553420011305813,13.0,2084.4
186,2017,4,Haryana,Rohtak,11.8,22.0,1864.0,1938.0,1769.0,1692.0,1799.6666666666667,-0.03818369453044379,12.9,1821.235294117647
186,2018,4,Haryana,Rohtak,8.0,18.0,2250.0,1864.0,1938.0,1769.0,1857.0,0.2070815450643777,11.8,2226.7
186,2019,4,Haryana,Rohtak,10.6,21.4,2019.0,2250.0,1864.0,1938.0,2017.3333333333333,-0.10266666666666668,8.0,2225.5714285714284
187,1993,4,Haryana,Sonepat,6.2,5.0,806.0,1579.0,806.0,1176.0,1187.0,-0.4895503483217226,7.6,765.4666666666667
187,1994,4,Haryana,Sonepat,7.6,8.0,1053.0,806.0,1579.0,806.0,1063.6666666666667,0.30645161290322576,6.2,1379.2857142857142
187,1995,4,Haryana,Sonepat,11.4,4.0,351.0,1053.0,806.0,1579.0,1146.0,-0.6666666666666667,7.6,751.8571428571429
187,1996,4,Haryana,Sonepat,9.3,13.0,1398.0,351.0,1053.0,806.0,736.6666666666666,2.982905982905983,11.4,1211.8
187,1997,4,Haryana,Sonepat,8.9,13.0,1461.0,1398.0,351.0,1053.0,934.0,0.045064377682403345,9.3,1298.9444444444443
187,1998,4,Haryana,Sonepat,6.0,7.0,1167.0,1461.0,1398.0,351.0,1070.0,-0.20123203285420943,8.9,1128.5
187,1999,4,Haryana,Sonepat,6.7,7.0,1045.0,1167.0,1461.0,1398.0,1342.0,-0.10454155955441302,6.0,1117.9375
187,2000,4,Haryana,Sonepat,7.6,12.0,1579.0,1045.0,1167.0,1461.0,1224.3333333333333,0.5110047846889951,6.7,1177.8666666666666
187,2001,4,Haryana,Sonepat,7.7,11.0,1429.0,1579.0,1045.0,1167.0,1263.6666666666667,-0.09499683343888532,7.6,1347.8666666666666
187,2002,4,Haryana,Sonepat,2.9,5.0,1724.0,1429.0,1579.0,1045.0,1351.0,0.20643806857942626,7.7,1085.235294117647
187,2003,4,Haryana,Sonepat,6.9,11.0,1594.0,1724.0,1429.0,1579.0,1577.3333333333333,-0.07540603248259858,2.9,1915.235294117647
187,2004,4,Haryana,Sonepat,6.89,11.0,1597.0,1594.0,1724.0,1429.0,1582.3333333333333,0.0018820577164366803,6.9,1851.0
187,2005,4,Haryana,Sonepat,7.0,11.0,1571.0,1597.0,1594.0,1724.0,1638.3333333333333,-0.016280525986224204,6.89,1555.1666666666667
187,2006,4,Haryana,Sonepat,8.7,18.0,2069.0,1571.0,1597.0,1594.0,1587.3333333333333,0.31699554423933796,7.0,2087.3333333333335
187,2007,4,Haryana,Sonepat,10.6,20.0,1887.0,2069.0,1571.0,1597.0,1745.6666666666667,-0.08796520057999035,8.7,2267.8888888888887
187,2008,4,Haryana,Sonepat,9.2,18.0,1957.0,1887.0,2069.0,1571.0,1842.3333333333333,0.037095919448860704,10.6,2155.5263157894738
187,2009,4,Haryana,Sonepat,12.5,27.0,2160.0,1957.0,1887.0,2069.0,1971.0,0.10373019928461935,9.2,1876.388888888889
187,2010,4,Haryana,Sonepat,13.3,24.0,1805.0,2160.0,1957.0,1887.0,2001.3333333333333,-0.16435185185185186,12.5,1996.1666666666667
187,2011,4,Haryana,Sonepat,11.4,25.0,2193.0,1805.0,2160.0,1957.0,1974.0,0.2149584487534626,13.3,2137.5
187,2012,4,Haryana,Sonepat,8.44,19.0,2251.0,2193.0,1805.0,2160.0,2052.6666666666665,0.026447788417692575,11.4,2085.5555555555557
187,2013,4,Haryana,Sonepat,8.0,18.0,2250.0,2251.0,2193.0,1805.0,2083.0,-0.00044424700133272044,8.44,2006.7058823529412
187,2014,4,Haryana,Sonepat,6.0,11.0,1833.0,2250.0,2251.0,2193.0,2231.3333333333335,-0.18533333333333335,8.0,1869.235294117647
187,2015,4,Haryana,Sonepat,6.1,13.0,2131.0,1833.0,2250.0,2251.0,2111.3333333333335,0.16257501363884352,6.0,1843.8235294117646
187,2016,4,Haryana,Sonepat,6.2,12.0,1935.0,2131.0,1833.0,2250.0,2071.3333333333335,-0.09197559831065227,6.1,2084.4
187,2017,4,Haryana,Sonepat,5.9,8.0,1356.0,1935.0,2131.0,1833.0,1966.3333333333333,-0.29922480620155034,6.2,1821.235294117647
187,2018,4,Haryana,Sonepat,5.0,8.0,1600.0,1356.0,1935.0,2131.0,1807.3333333333333,0.1799410029498525,5.9,2226.7
187,2019,4,Haryana,Sonepat,6.7,17.2,2567.0,1600.0,1356.0,1935.0,1630.3333333333333,0.6043750000000001,5.0,2225.5714285714284
188,1993,4,Haryana,Faridabad,20.2,19.0,941.0,1473.0,741.0,1057.0,1090.3333333333333,-0.36116768499660556,25.8,765.4666666666667
188,1994,4,Haryana,Faridabad,18.7,23.0,1230.0,941.0,1473.0,741.0,1051.6666666666667,0.30712008501594057,20.2,1379.2857142857142
188,1995,4,Haryana,Faridabad,18.6,18.0,968.0,1230.0,941.0,1473.0,1214.6666666666667,-0.21300813008130082,18.7,751.8571428571429
188,1996,4,Haryana,Faridabad,18.1,20.0,1105.0,968.0,1230.0,941.0,1046.3333333333333,0.14152892561983466,18.6,1211.8
188,1997,4,Haryana,Faridabad,19.5,22.0,1128.0,1105.0,968.0,1230.0,1101.0,0.020814479638008976,18.1,1298.9444444444443
188,1998,4,Haryana,Faridabad,16.0,16.0,1000.0,1128.0,1105.0,968.0,1067.0,-0.11347517730496459,19.5,1128.5
188,1999,4,Haryana,Faridabad,15.3,15.0,980.0,1000.0,1128.0,1105.0,1077.6666666666667,-0.020000000000000018,16.0,1117.9375
188,2000,4,Haryana,Faridabad,14.2,19.0,1338.0,980.0,1000.0,1128.0,1036.0,0.36530612244897953,15.3,1177.8666666666666
188,2001,4,Haryana,Faridabad,13.1,19.0,1450.0,1338.0,980.0,1000.0,1106.0,0.08370702541106123,14.2,1347.8666666666666
188,2002,4,Haryana,Faridabad,5.8,7.0,1207.0,1450.0,1338.0,980.0,1256.0,-0.16758620689655168,13.1,1085.235294117647
188,2003,4,Haryana,Faridabad,10.2,14.0,1373.0,1207.0,1450.0,1338.0,1331.6666666666667,0.13753106876553445,5.8,1915.235294117647
188,2004,4,Haryana,Faridabad,10.36,12.0,1158.0,1373.0,1207.0,1450.0,1343.3333333333333,-0.1565914056809905,10.2,1851.0
188,2005,4,Haryana,Faridabad,8.7,13.0,1494.0,1158.0,1373.0,1207.0,1246.0,0.2901554404145077,10.36,1555.1666666666667
188,2006,4,Haryana,Faridabad,8.9,16.0,1798.0,1494.0,1158.0,1373.0,1341.6666666666667,0.20348058902275779,8.7,2087.3333333333335
188,2007,4,Haryana,Faridabad,9.7,17.0,1753.0,1798.0,1494.0,1158.0,1483.3333333333333,-0.02502780867630705,8.9,2267.8888888888887
188,2008,4,Haryana,Faridabad,4.3,7.0,1628.0,1753.0,1798.0,1494.0,1681.6666666666667,-0.07130633200228176,9.7,2155.5263157894738
188,2009,4,Haryana,Faridabad,3.7,6.0,1622.0,1628.0,1753.0,1798.0,1726.3333333333333,-0.0036855036855036882,4.3,1876.388888888889
188,2010,4,Haryana,Faridabad,4.4,5.0,1136.0,1622.0,1628.0,1753.0,1667.6666666666667,-0.29963008631319354,3.7,1996.1666666666667
188,2011,4,Haryana,Faridabad,3.9,6.0,1538.0,1136.0,1622.0,1628.0,1462.0,0.35387323943661975,4.4,2137.5
188,2012,4,Haryana,Faridabad,3.48,5.0,1437.0,1538.0,1136.0,1622.0,1432.0,-0.06566970091027313,3.9,2085.5555555555557
188,2013,4,Haryana,Faridabad,4.0,7.0,1750.0,1437.0,1538.0,1136.0,1370.3333333333333,0.21781489213639538,3.48,2006.7058823529412
188,2014,4,Haryana,Faridabad,4.0,7.0,1750.0,1750.0,1437.0,1538.0,1575.0,0.0,4.0,1869.235294117647
188,2015,4,Haryana,Faridabad,3.0,5.0,1667.0,1750.0,1750.0,1437.0,1645.6666666666667,-0.047428571428571376,4.0,1843.8235294117646
188,2016,4,Haryana,Faridabad,4.0,9.0,2250.0,1667.0,1750.0,1750.0,1722.3333333333333,0.3497300539892021,3.0,2084.4
188,2017,4,Haryana,Faridabad,2.1,4.0,1905.0,2250.0,1667.0,1750.0,1889.0,-0.15333333333333332,4.0,1821.235294117647
188,2018,4,Haryana,Faridabad,3.0,10.0,3333.0,1905.0,2250.0,1667.0,1940.6666666666667,0.7496062992125985,2.1,2226.7
188,2019,4,Haryana,Faridabad,3.9,8.7,2231.0,3333.0,1905.0,2250.0,2496.0,-0.3306330633063307,3.0,2225.5714285714284
189,1993,12,Uttar Pradesh,Saharanpur,0.28,0.19,679.0,1259.0,1258.0,887.0,1134.6666666666667,-0.46068308181096107,0.27,1126.1132075471698
189,1994,12,Uttar Pradesh,Saharanpur,0.19,0.12,632.0,679.0,1259.0,1258.0,1065.3333333333333,-0.06921944035346095,0.28,1007.6603773584906
189,1995,12,Uttar Pradesh,Saharanpur,0.15,0.09,600.0,632.0,679.0,1259.0,856.6666666666666,-0.05063291139240511,0.19,1217.4285714285713
189,1996,12,Uttar Pradesh,Saharanpur,0.13,0.18,1385.0,600.0,632.0,679.0,637.0,1.3083333333333331,0.15,1118.625
189,1997,12,Uttar Pradesh,Saharanpur,0.14,0.2,1429.0,1385.0,600.0,632.0,872.3333333333334,0.031768953068592065,0.13,1335.6029411764705
189,1998,12,Uttar Pradesh,Saharanpur,0.15,0.17,1133.0,1429.0,1385.0,600.0,1138.0,-0.2071378586424073,0.14,1130.3970588235295
189,1999,12,Uttar Pradesh,Saharanpur,0.08,0.11,1375.0,1133.0,1429.0,1385.0,1315.6666666666667,0.21359223300970864,0.15,1361.2424242424242
189,2000,12,Uttar Pradesh,Saharanpur,0.08,0.11,1375.0,1375.0,1133.0,1429.0,1312.3333333333333,0.0,0.08,1263.7462686567164
189,2001,12,Uttar Pradesh,Saharanpur,0.05,0.06,1200.0,1375.0,1375.0,1133.0,1294.3333333333333,-0.12727272727272732,0.08,1174.7910447761194
189,2002,12,Uttar Pradesh,Saharanpur,0.04,0.05,1250.0,1200.0,1375.0,1375.0,1316.6666666666667,0.04166666666666674,0.05,1196.323076923077
189,2004,12,Uttar Pradesh,Saharanpur,0.02,0.03,1500.0,1250.0,1200.0,1375.0,1275.0,0.19999999999999996,0.04,1357.09375
189,2005,12,Uttar Pradesh,Saharanpur,0.03,0.04,1333.0,1500.0,1250.0,1200.0,1316.6666666666667,-0.11133333333333328,0.02,1305.0819672131147
190,1993,12,Uttar Pradesh,Muzaffarnagar,0.24,0.16,667.0,1278.0,1333.0,875.0,1162.0,-0.4780907668231612,0.18,1126.1132075471698
190,1994,12,Uttar Pradesh,Muzaffarnagar,0.04,0.03,750.0,667.0,1278.0,1333.0,1092.6666666666667,0.12443778110944526,0.24,1007.6603773584906
190,1995,12,Uttar Pradesh,Muzaffarnagar,0.04,0.02,500.0,750.0,667.0,1278.0,898.3333333333334,-0.33333333333333337,0.04,1217.4285714285713
190,1996,12,Uttar Pradesh,Muzaffarnagar,0.01,0.01,1000.0,500.0,750.0,667.0,639.0,1.0,0.04,1118.625
190,1998,12,Uttar Pradesh,Muzaffarnagar,0.01,0.01,1000.0,1000.0,500.0,750.0,750.0,0.0,0.01,1130.3970588235295
190,2000,12,Uttar Pradesh,Muzaffarnagar,0.03,0.04,1333.0,1000.0,1000.0,500.0,833.3333333333334,0.33299999999999996,0.01,1263.7462686567164
190,2001,12,Uttar Pradesh,Muzaffarnagar,0.01,0.02,2000.0,1333.0,1000.0,1000.0,1111.0,0.5003750937734435,0.03,1174.7910447761194
190,2007,12,Uttar Pradesh,Muzaffarnagar,0.01,0.01,1000.0,2000.0,1333.0,1000.0,1444.3333333333333,-0.5,0.01,1324.3125
191,1993,12,Uttar Pradesh,Meerut,1.21,0.8,661.0,1263.0,1241.0,888.0,1130.6666666666667,-0.4766429136975455,1.56,1126.1132075471698
191,1994,12,Uttar Pradesh,Meerut,1.35,0.88,652.0,661.0,1263.0,1241.0,1055.0,-0.013615733736762503,1.21,1007.6603773584906
191,1995,12,Uttar Pradesh,Meerut,1.27,0.79,622.0,652.0,661.0,1263.0,858.6666666666666,-0.04601226993865026,1.35,1217.4285714285713
191,1996,12,Uttar Pradesh,Meerut,1.25,1.82,1456.0,622.0,652.0,661.0,645.0,1.3408360128617365,1.27,1118.625
191,1997,12,Uttar Pradesh,Meerut,0.03,0.04,1333.0,1456.0,622.0,652.0,910.0,-0.08447802197802201,1.25,1335.6029411764705
191,1998,12,Uttar Pradesh,Meerut,0.04,0.05,1250.0,1333.0,1456.0,622.0,1137.0,-0.06226556639159786,0.03,1130.3970588235295
191,1999,12,Uttar Pradesh,Meerut,0.41,0.62,1512.0,1250.0,1333.0,1456.0,1346.3333333333333,0.2096,0.04,1361.2424242424242
191,2000,12,Uttar Pradesh,Meerut,0.08,0.1,1250.0,1512.0,1250.0,1333.0,1365.0,-0.17328042328042326,0.41,1263.7462686567164
191,2001,12,Uttar Pradesh,Meerut,0.07,0.07,1000.0,1250.0,1512.0,1250.0,1337.3333333333333,-0.19999999999999996,0.08,1174.7910447761194
191,2002,12,Uttar Pradesh,Meerut,0.04,0.05,1250.0,1000.0,1250.0,1512.0,1254.0,0.25,0.07,1196.323076923077
191,2003,12,Uttar Pradesh,Meerut,0.06,0.08,1333.0,1250.0,1000.0,1250.0,1166.6666666666667,0.06640000000000001,0.04,1157.3809523809523
191,2004,12,Uttar Pradesh,Meerut,0.2,0.3,1500.0,1333.0,1250.0,1000.0,1194.3333333333333,0.12528132033008244,0.06,1357.09375
191,2005,12,Uttar Pradesh,Meerut,0.04,0.06,1500.0,1500.0,1333.0,1250.0,1361.0,0.0,0.2,1305.0819672131147
191,2006,12,Uttar Pradesh,Meerut,0.03,0.04,1333.0,1500.0,1500.0,1333.0,1444.3333333333333,-0.11133333333333328,0.04,1386.5333333333333
191,2007,12,Uttar Pradesh,Meerut,0.03,0.04,1333.0,1333.0,1500.0,1500.0,1444.3333333333333,0.0,0.03,1324.3125
191,2008,12,Uttar Pradesh,Meerut,0.01,0.03,3000.0,1333.0,1333.0,1500.0,1388.6666666666667,1.2505626406601649,0.03,1478.2131147540983
191,2009,12,Uttar Pradesh,Meerut,0.02,0.04,2000.0,3000.0,1333.0,1333.0,1888.6666666666667,-0.33333333333333337,0.01,1416.9333333333334
191,2010,12,Uttar Pradesh,Meerut,0.03,0.06,2000.0,2000.0,3000.0,1333.0,2111.0,0.0,0.02,1360.1186440677966
191,2011,12,Uttar Pradesh,Meerut,0.02,0.03,1500.0,2000.0,2000.0,3000.0,2333.3333333333335,-0.25,0.03,1526.8095238095239
191,2012,12,Uttar Pradesh,Meerut,0.03,0.07,2333.0,1500.0,2000.0,2000.0,1833.3333333333333,0.5553333333333332,0.02,1586.5967741935483
191,2013,12,Uttar Pradesh,Meerut,0.05,0.06,1200.0,2333.0,1500.0,2000.0,1944.3333333333333,-0.48564080582940417,0.03,1458.9322033898304
191,2014,12,Uttar Pradesh,Meerut,0.03,0.06,2000.0,1200.0,2333.0,1500.0,1677.6666666666667,0.6666666666666667,0.05,1524.3559322033898
191,2015,12,Uttar Pradesh,Meerut,0.05,0.1,2000.0,2000.0,1200.0,2333.0,1844.3333333333333,0.0,0.03,1426.6896551724137
191,2016,12,Uttar Pradesh,Meerut,0.02,0.03,1167.0,2000.0,2000.0,1200.0,1733.3333333333333,-0.4165,0.05,1464.7166666666667
191,2017,12,Uttar Pradesh,Meerut,0.02,0.04,1944.0,1167.0,2000.0,2000.0,1722.3333333333333,0.6658097686375322,0.02,1620.1724137931035
191,2018,12,Uttar Pradesh,Meerut,0.07,0.09,1214.0,1944.0,1167.0,2000.0,1703.6666666666667,-0.3755144032921811,0.02,1712.9016393442623
192,1993,12,Uttar Pradesh,Buland Shahar,15.62,12.89,825.0,1177.0,998.0,1167.0,1114.0,-0.2990654205607477,14.5,1126.1132075471698
192,1994,12,Uttar Pradesh,Buland Shahar,16.64,17.52,1053.0,825.0,1177.0,998.0,1000.0,0.27636363636363637,15.62,1007.6603773584906
192,1995,12,Uttar Pradesh,Buland Shahar,16.8,19.18,1142.0,1053.0,825.0,1177.0,1018.3333333333334,0.08452041785375108,16.64,1217.4285714285713
192,1996,12,Uttar Pradesh,Buland Shahar,17.59,20.22,1150.0,1142.0,1053.0,825.0,1006.6666666666666,0.007005253940455258,16.8,1118.625
192,1997,12,Uttar Pradesh,Buland Shahar,10.19,14.27,1400.0,1150.0,1142.0,1053.0,1115.0,0.21739130434782616,17.59,1335.6029411764705
192,1998,12,Uttar Pradesh,Buland Shahar,9.68,11.99,1239.0,1400.0,1150.0,1142.0,1230.6666666666667,-0.11499999999999999,10.19,1130.3970588235295
192,1999,12,Uttar Pradesh,Buland Shahar,8.37,12.63,1509.0,1239.0,1400.0,1150.0,1263.0,0.21791767554479424,9.68,1361.2424242424242
192,2000,12,Uttar Pradesh,Buland Shahar,8.94,14.46,1617.0,1509.0,1239.0,1400.0,1382.6666666666667,0.07157057654075549,8.37,1263.7462686567164
192,2001,12,Uttar Pradesh,Buland Shahar,8.23,12.24,1487.0,1617.0,1509.0,1239.0,1455.0,-0.08039579468150893,8.94,1174.7910447761194
192,2002,12,Uttar Pradesh,Buland Shahar,8.05,10.11,1256.0,1487.0,1617.0,1509.0,1537.6666666666667,-0.15534633490248828,8.23,1196.323076923077
192,2003,12,Uttar Pradesh,Buland Shahar,9.87,14.4,1459.0,1256.0,1487.0,1617.0,1453.3333333333333,0.161624203821656,8.05,1157.3809523809523
192,2004,12,Uttar Pradesh,Buland Shahar,7.33,10.05,1371.0,1459.0,1256.0,1487.0,1400.6666666666667,-0.06031528444139822,9.87,1357.09375
192,2005,12,Uttar Pradesh,Buland Shahar,9.27,13.95,1505.0,1371.0,1459.0,1256.0,1362.0,0.09773887673231219,7.33,1305.0819672131147
192,2006,12,Uttar Pradesh,Buland Shahar,7.35,11.22,1527.0,1505.0,1371.0,1459.0,1445.0,0.0146179401993356,9.27,1386.5333333333333
192,2007,12,Uttar Pradesh,Buland Shahar,7.34,11.39,1552.0,1527.0,1505.0,1371.0,1467.6666666666667,0.016371971185330736,7.35,1324.3125
192,2008,12,Uttar Pradesh,Buland Shahar,8.21,14.87,1811.0,1552.0,1527.0,1505.0,1528.0,0.16688144329896915,7.34,1478.2131147540983
192,2009,12,Uttar Pradesh,Buland Shahar,9.18,18.59,2025.0,1811.0,1552.0,1527.0,1630.0,0.11816675869685267,8.21,1416.9333333333334
192,2010,12,Uttar Pradesh,Buland Shahar,11.8,23.34,1978.0,2025.0,1811.0,1552.0,1796.0,-0.02320987654320983,9.18,1360.1186440677966
192,2011,12,Uttar Pradesh,Buland Shahar,11.98,22.28,1860.0,1978.0,2025.0,1811.0,1938.0,-0.05965621840242674,11.8,1526.8095238095239
192,2012,12,Uttar Pradesh,Buland Shahar,11.98,23.59,1969.0,1860.0,1978.0,2025.0,1954.3333333333333,0.0586021505376344,11.98,1586.5967741935483
192,2013,12,Uttar Pradesh,Buland Shahar,11.5,24.49,2130.0,1969.0,1860.0,1978.0,1935.6666666666667,0.08176739461655669,11.98,1458.9322033898304
192,2014,12,Uttar Pradesh,Buland Shahar,13.78,27.91,2025.0,2130.0,1969.0,1860.0,1986.3333333333333,-0.04929577464788737,11.5,1524.3559322033898
192,2015,12,Uttar Pradesh,Buland Shahar,14.61,29.1,1992.0,2025.0,2130.0,1969.0,2041.3333333333333,-0.016296296296296253,13.78,1426.6896551724137
192,2016,12,Uttar Pradesh,Buland Shahar,12.19,24.03,1972.0,1992.0,2025.0,2130.0,2049.0,-0.010040160642570295,14.61,1464.7166666666667
192,2017,12,Uttar Pradesh,Buland Shahar,13.72,28.01,2041.0,1972.0,1992.0,2025.0,1996.3333333333333,0.03498985801217036,12.19,1620.1724137931035
192,2018,12,Uttar Pradesh,Buland Shahar,13.89,30.0,2160.0,2041.0,1972.0,1992.0,2001.6666666666667,0.058304752572268415,13.72,1712.9016393442623
192,2019,12,Uttar Pradesh,Buland Shahar,12.98,25.0,1926.0,2160.0,2041.0,1972.0,2057.6666666666665,-0.10833333333333328,13.89,1894.1833333333334
193,1993,12,Uttar Pradesh,Ghaziabad,7.6,5.9,776.0,1146.0,1196.0,1326.0,1222.6666666666667,-0.3228621291448517,7.94,1126.1132075471698
193,1994,12,Uttar Pradesh,Ghaziabad,6.37,5.96,936.0,776.0,1146.0,1196.0,1039.3333333333333,0.2061855670103092,7.6,1007.6603773584906
193,1995,12,Uttar Pradesh,Ghaziabad,5.41,4.85,896.0,936.0,776.0,1146.0,952.6666666666666,-0.042735042735042694,6.37,1217.4285714285713
193,1996,12,Uttar Pradesh,Ghaziabad,5.87,6.03,1027.0,896.0,936.0,776.0,869.3333333333334,0.1462053571428572,5.41,1118.625
193,1997,12,Uttar Pradesh,Ghaziabad,1.38,1.93,1399.0,1027.0,896.0,936.0,953.0,0.3622200584225901,5.87,1335.6029411764705
193,1998,12,Uttar Pradesh,Ghaziabad,1.3,1.61,1238.0,1399.0,1027.0,896.0,1107.3333333333333,-0.11508220157255178,1.38,1130.3970588235295
193,1999,12,Uttar Pradesh,Ghaziabad,1.34,2.03,1515.0,1238.0,1399.0,1027.0,1221.3333333333333,0.22374798061389334,1.3,1361.2424242424242
193,2000,12,Uttar Pradesh,Ghaziabad,0.98,1.25,1276.0,1515.0,1238.0,1399.0,1384.0,-0.1577557755775577,1.34,1263.7462686567164
193,2001,12,Uttar Pradesh,Ghaziabad,1.03,1.03,1000.0,1276.0,1515.0,1238.0,1343.0,-0.2163009404388715,0.98,1174.7910447761194
193,2002,12,Uttar Pradesh,Ghaziabad,0.73,0.92,1260.0,1000.0,1276.0,1515.0,1263.6666666666667,0.26,1.03,1196.323076923077
193,2003,12,Uttar Pradesh,Ghaziabad,0.58,0.82,1414.0,1260.0,1000.0,1276.0,1178.6666666666667,0.12222222222222223,0.73,1157.3809523809523
193,2004,12,Uttar Pradesh,Ghaziabad,4.97,7.53,1515.0,1414.0,1260.0,1000.0,1224.6666666666667,0.0714285714285714,0.58,1357.09375
193,2005,12,Uttar Pradesh,Ghaziabad,0.3,0.42,1400.0,1515.0,1414.0,1260.0,1396.3333333333333,-0.07590759075907594,4.97,1305.0819672131147
193,2006,12,Uttar Pradesh,Ghaziabad,0.29,0.4,1379.0,1400.0,1515.0,1414.0,1443.0,-0.015000000000000013,0.3,1386.5333333333333
193,2007,12,Uttar Pradesh,Ghaziabad,0.3,0.45,1500.0,1379.0,1400.0,1515.0,1431.3333333333333,0.08774474256707765,0.29,1324.3125
193,2008,12,Uttar Pradesh,Ghaziabad,0.33,0.57,1727.0,1500.0,1379.0,1400.0,1426.3333333333333,0.15133333333333332,0.3,1478.2131147540983
193,2009,12,Uttar Pradesh,Ghaziabad,0.41,0.8,1951.0,1727.0,1500.0,1379.0,1535.3333333333333,0.12970469021424424,0.33,1416.9333333333334
193,2010,12,Uttar Pradesh,Ghaziabad,0.38,0.7,1842.0,1951.0,1727.0,1500.0,1726.0,-0.05586878523833927,0.41,1360.1186440677966
193,2011,12,Uttar Pradesh,Ghaziabad,0.34,0.62,1824.0,1842.0,1951.0,1727.0,1840.0,-0.009771986970684043,0.38,1526.8095238095239
193,2012,12,Uttar Pradesh,Ghaziabad,0.24,0.55,2292.0,1824.0,1842.0,1951.0,1872.3333333333333,0.256578947368421,0.34,1586.5967741935483
193,2013,12,Uttar Pradesh,Ghaziabad,0.19,0.25,1316.0,2292.0,1824.0,1842.0,1986.0,-0.4258289703315882,0.24,1458.9322033898304
193,2015,12,Uttar Pradesh,Ghaziabad,0.02,0.05,2500.0,1316.0,2292.0,1824.0,1810.6666666666667,0.8996960486322187,0.19,1426.6896551724137
193,2016,12,Uttar Pradesh,Ghaziabad,0.21,0.25,1171.0,2500.0,1316.0,2292.0,2036.0,-0.5316000000000001,0.02,1464.7166666666667
193,2017,12,Uttar Pradesh,Ghaziabad,0.17,0.32,1952.0,1171.0,2500.0,1316.0,1662.3333333333333,0.6669513236549958,0.21,1620.1724137931035
193,2019,12,Uttar Pradesh,Ghaziabad,0.42,0.8,1891.0,1952.0,1171.0,2500.0,1874.3333333333333,-0.03125,0.17,1894.1833333333334
194,1993,12,Uttar Pradesh,Aligarh,86.39,109.17,1264.0,1337.0,1071.0,1328.0,1245.3333333333333,-0.05459985041136872,90.01,1126.1132075471698
194,1994,12,Uttar Pradesh,Aligarh,95.6,123.59,1293.0,1264.0,1337.0,1071.0,1224.0,0.022943037974683556,86.39,1007.6603773584906
194,1995,12,Uttar Pradesh,Aligarh,96.46,132.06,1369.0,1293.0,1264.0,1337.0,1298.0,0.05877803557617933,95.6,1217.4285714285713
194,1996,12,Uttar Pradesh,Aligarh,97.62,162.77,1667.0,1369.0,1293.0,1264.0,1308.6666666666667,0.21767713659605548,96.46,1118.625
194,1997,12,Uttar Pradesh,Aligarh,73.17,135.41,1851.0,1667.0,1369.0,1293.0,1443.0,0.11037792441511707,97.62,1335.6029411764705
194,1998,12,Uttar Pradesh,Aligarh,72.09,87.3,1211.0,1851.0,1667.0,1369.0,1629.0,-0.3457590491626148,73.17,1130.3970588235295
194,1999,12,Uttar Pradesh,Aligarh,75.2,130.91,1741.0,1211.0,1851.0,1667.0,1576.3333333333333,0.4376548307184145,72.09,1361.2424242424242
194,2000,12,Uttar Pradesh,Aligarh,83.0,137.69,1659.0,1741.0,1211.0,1851.0,1601.0,-0.047099368179207346,75.2,1263.7462686567164
194,2001,12,Uttar Pradesh,Aligarh,82.75,106.73,1290.0,1659.0,1741.0,1211.0,1537.0,-0.22242314647377937,83.0,1174.7910447761194
194,2002,12,Uttar Pradesh,Aligarh,75.68,116.69,1542.0,1290.0,1659.0,1741.0,1563.3333333333333,0.1953488372093024,82.75,1196.323076923077
194,2003,12,Uttar Pradesh,Aligarh,85.57,133.29,1558.0,1542.0,1290.0,1659.0,1497.0,0.01037613488975353,75.68,1157.3809523809523
194,2004,12,Uttar Pradesh,Aligarh,75.86,142.18,1874.0,1558.0,1542.0,1290.0,1463.3333333333333,0.2028241335044929,85.57,1357.09375
194,2005,12,Uttar Pradesh,Aligarh,81.67,143.24,1754.0,1874.0,1558.0,1542.0,1658.0,-0.06403415154749204,75.86,1305.0819672131147
194,2006,12,Uttar Pradesh,Aligarh,85.97,147.7,1718.0,1754.0,1874.0,1558.0,1728.6666666666667,-0.02052451539338651,81.67,1386.5333333333333
194,2007,12,Uttar Pradesh,Aligarh,89.11,171.18,1921.0,1718.0,1754.0,1874.0,1782.0,0.11816065192083824,85.97,1324.3125
194,2008,12,Uttar Pradesh,Aligarh,86.85,178.99,2061.0,1921.0,1718.0,1754.0,1797.6666666666667,0.07287870900572613,89.11,1478.2131147540983
194,2009,12,Uttar Pradesh,Aligarh,84.08,152.85,1818.0,2061.0,1921.0,1718.0,1900.0,-0.11790393013100442,86.85,1416.9333333333334
194,2010,12,Uttar Pradesh,Aligarh,91.57,181.12,1978.0,1818.0,2061.0,1921.0,1933.3333333333333,0.08800880088008811,84.08,1360.1186440677966
194,2011,12,Uttar Pradesh,Aligarh,90.7,175.42,1934.0,1978.0,1818.0,2061.0,1952.3333333333333,-0.022244691607684497,91.57,1526.8095238095239
194,2012,12,Uttar Pradesh,Aligarh,91.31,227.82,2495.0,1934.0,1978.0,1818.0,1910.0,0.2900723888314374,90.7,1586.5967741935483
194,2013,12,Uttar Pradesh,Aligarh,86.3,269.6,3124.0,2495.0,1934.0,1978.0,2135.6666666666665,0.2521042084168337,91.31,1458.9322033898304
194,2014,12,Uttar Pradesh,Aligarh,84.04,175.47,2088.0,3124.0,2495.0,1934.0,2517.6666666666665,-0.3316261203585147,86.3,1524.3559322033898
194,2015,12,Uttar Pradesh,Aligarh,89.22,199.76,2239.0,2088.0,3124.0,2495.0,2569.0,0.07231800766283536,84.04,1426.6896551724137
194,2016,12,Uttar Pradesh,Aligarh,88.38,202.91,2296.0,2239.0,2088.0,3124.0,2483.6666666666665,0.025457793657883032,89.22,1464.7166666666667
194,2017,12,Uttar Pradesh,Aligarh,87.17,206.75,2372.0,2296.0,2239.0,2088.0,2207.6666666666665,0.03310104529616731,88.38,1620.1724137931035
194,2018,12,Uttar Pradesh,Aligarh,81.56,179.18,2197.0,2372.0,2296.0,2239.0,2302.3333333333335,-0.07377740303541314,87.17,1712.9016393442623
194,2019,12,Uttar Pradesh,Aligarh,84.35,196.6,2331.0,2197.0,2372.0,2296.0,2288.3333333333335,0.0609922621756942,81.56,1894.1833333333334
195,1993,12,Uttar Pradesh,Mathura,50.63,54.69,1080.0,1089.0,1183.0,1090.0,1120.6666666666667,-0.008264462809917328,57.28,1126.1132075471698
195,1994,12,Uttar Pradesh,Mathura,51.86,60.21,1161.0,1080.0,1089.0,1183.0,1117.3333333333333,0.07499999999999996,50.63,1007.6603773584906
195,1995,12,Uttar Pradesh,Mathura,52.22,76.76,1470.0,1161.0,1080.0,1089.0,1110.0,0.2661498708010337,51.86,1217.4285714285713
195,1996,12,Uttar Pradesh,Mathura,51.57,72.15,1399.0,1470.0,1161.0,1080.0,1237.0,-0.048299319727891143,52.22,1118.625
195,1997,12,Uttar Pradesh,Mathura,40.06,49.28,1230.0,1399.0,1470.0,1161.0,1343.3333333333333,-0.12080057183702642,51.57,1335.6029411764705
195,1998,12,Uttar Pradesh,Mathura,43.2,37.9,877.0,1230.0,1399.0,1470.0,1366.3333333333333,-0.2869918699186992,40.06,1130.3970588235295
195,1999,12,Uttar Pradesh,Mathura,48.15,60.69,1260.0,877.0,1230.0,1399.0,1168.6666666666667,0.4367160775370582,43.2,1361.2424242424242
195,2000,12,Uttar Pradesh,Mathura,62.26,82.18,1320.0,1260.0,877.0,1230.0,1122.3333333333333,0.04761904761904767,48.15,1263.7462686567164
195,2001,12,Uttar Pradesh,Mathura,55.25,47.25,855.0,1320.0,1260.0,877.0,1152.3333333333333,-0.3522727272727273,62.26,1174.7910447761194
195,2002,12,Uttar Pradesh,Mathura,42.93,44.88,1045.0,855.0,1320.0,1260.0,1145.0,0.22222222222222232,55.25,1196.323076923077
195,2003,12,Uttar Pradesh,Mathura,49.63,60.82,1225.0,1045.0,855.0,1320.0,1073.3333333333333,0.1722488038277512,42.93,1157.3809523809523
195,2004,12,Uttar Pradesh,Mathura,32.25,43.67,1354.0,1225.0,1045.0,855.0,1041.6666666666667,0.10530612244897952,49.63,1357.09375
195,2005,12,Uttar Pradesh,Mathura,43.09,58.6,1360.0,1354.0,1225.0,1045.0,1208.0,0.004431314623338345,32.25,1305.0819672131147
195,2006,12,Uttar Pradesh,Mathura,40.84,38.84,951.0,1360.0,1354.0,1225.0,1313.0,-0.3007352941176471,43.09,1386.5333333333333
195,2007,12,Uttar Pradesh,Mathura,42.8,58.72,1372.0,951.0,1360.0,1354.0,1221.6666666666667,0.4426919032597265,40.84,1324.3125
195,2008,12,Uttar Pradesh,Mathura,41.67,57.28,1375.0,1372.0,951.0,1360.0,1227.6666666666667,0.0021865889212828726,42.8,1478.2131147540983
195,2009,12,Uttar Pradesh,Mathura,40.78,42.94,1053.0,1375.0,1372.0,951.0,1232.6666666666667,-0.23418181818181816,41.67,1416.9333333333334
195,2010,12,Uttar Pradesh,Mathura,41.63,51.04,1226.0,1053.0,1375.0,1372.0,1266.6666666666667,0.16429249762583087,40.78,1360.1186440677966
195,2011,12,Uttar Pradesh,Mathura,41.23,56.17,1362.0,1226.0,1053.0,1375.0,1218.0,0.11092985318107673,41.63,1526.8095238095239
195,2012,12,Uttar Pradesh,Mathura,38.87,52.43,1349.0,1362.0,1226.0,1053.0,1213.6666666666667,-0.009544787077826689,41.23,1586.5967741935483
195,2013,12,Uttar Pradesh,Mathura,43.28,66.65,1540.0,1349.0,1362.0,1226.0,1312.3333333333333,0.14158636026686433,38.87,1458.9322033898304
195,2014,12,Uttar Pradesh,Mathura,39.39,51.44,1306.0,1540.0,1349.0,1362.0,1417.0,-0.15194805194805194,43.28,1524.3559322033898
195,2015,12,Uttar Pradesh,Mathura,43.47,63.67,1465.0,1306.0,1540.0,1349.0,1398.3333333333333,0.1217457886676876,39.39,1426.6896551724137
195,2016,12,Uttar Pradesh,Mathura,42.31,59.44,1405.0,1465.0,1306.0,1540.0,1437.0,-0.04095563139931746,43.47,1464.7166666666667
195,2017,12,Uttar Pradesh,Mathura,37.59,64.58,1718.0,1405.0,1465.0,1306.0,1392.0,0.22277580071174374,42.31,1620.1724137931035
195,2018,12,Uttar Pradesh,Mathura,41.66,82.4,1978.0,1718.0,1405.0,1465.0,1529.3333333333333,0.15133876600698493,37.59,1712.9016393442623
195,2019,12,Uttar Pradesh,Mathura,41.02,93.97,2291.0,1978.0,1718.0,1405.0,1700.3333333333333,0.15824064711830133,41.66,1894.1833333333334
196,1993,12,Uttar Pradesh,Agra,73.25,81.03,1106.0,1233.0,1086.0,1033.0,1117.3333333333333,-0.10300081103000813,75.27,1126.1132075471698
196,1994,12,Uttar Pradesh,Agra,77.95,93.29,1197.0,1106.0,1233.0,1086.0,1141.6666666666667,0.08227848101265822,73.25,1007.6603773584906
196,1995,12,Uttar Pradesh,Agra,82.82,99.47,1201.0,1197.0,1106.0,1233.0,1178.6666666666667,0.003341687552213868,77.95,1217.4285714285713
196,1996,12,Uttar Pradesh,Agra,87.39,112.09,1283.0,1201.0,1197.0,1106.0,1168.0,0.06827643630308078,82.82,1118.625
196,1997,12,Uttar Pradesh,Agra,99.9,147.99,1481.0,1283.0,1201.0,1197.0,1227.0,0.15432579890880738,87.39,1335.6029411764705
196,1998,12,Uttar Pradesh,Agra,98.53,146.55,1487.0,1481.0,1283.0,1201.0,1321.6666666666667,0.004051316677920358,99.9,1130.3970588235295
196,1999,12,Uttar Pradesh,Agra,101.13,171.62,1697.0,1487.0,1481.0,1283.0,1417.0,0.14122394082044387,98.53,1361.2424242424242
196,2000,12,Uttar Pradesh,Agra,103.22,145.1,1406.0,1697.0,1487.0,1481.0,1555.0,-0.17147908073070128,101.13,1263.7462686567164
196,2001,12,Uttar Pradesh,Agra,107.56,120.86,1124.0,1406.0,1697.0,1487.0,1530.0,-0.20056899004267426,103.22,1174.7910447761194
196,2002,12,Uttar Pradesh,Agra,97.18,154.78,1593.0,1124.0,1406.0,1697.0,1409.0,0.41725978647686834,107.56,1196.323076923077
196,2003,12,Uttar Pradesh,Agra,105.63,150.14,1421.0,1593.0,1124.0,1406.0,1374.3333333333333,-0.10797237915881985,97.18,1157.3809523809523
196,2004,12,Uttar Pradesh,Agra,106.43,205.7,1933.0,1421.0,1593.0,1124.0,1379.3333333333333,0.3603096410978184,105.63,1357.09375
196,2005,12,Uttar Pradesh,Agra,107.76,151.63,1407.0,1933.0,1421.0,1593.0,1649.0,-0.272115882048629,106.43,1305.0819672131147
196,2006,12,Uttar Pradesh,Agra,107.58,149.25,1387.0,1407.0,1933.0,1421.0,1587.0,-0.014214641080312673,107.76,1386.5333333333333
196,2007,12,Uttar Pradesh,Agra,109.58,136.7,1247.0,1387.0,1407.0,1933.0,1575.6666666666667,-0.10093727469358327,107.58,1324.3125
196,2008,12,Uttar Pradesh,Agra,107.73,169.17,1570.0,1247.0,1387.0,1407.0,1347.0,0.25902165196471527,109.58,1478.2131147540983
196,2009,12,Uttar Pradesh,Agra,109.98,173.61,1579.0,1570.0,1247.0,1387.0,1401.3333333333333,0.005732484076433231,107.73,1416.9333333333334
196,2010,12,Uttar Pradesh,Agra,115.74,204.66,1768.0,1579.0,1570.0,1247.0,1465.3333333333333,0.11969601013299558,109.98,1360.1186440677966
196,2011,12,Uttar Pradesh,Agra,115.69,242.04,2092.0,1768.0,1579.0,1570.0,1639.0,0.18325791855203621,115.74,1526.8095238095239
196,2012,12,Uttar Pradesh,Agra,115.95,248.95,2147.0,2092.0,1768.0,1579.0,1813.0,0.026290630975143392,115.69,1586.5967741935483
196,2013,12,Uttar Pradesh,Agra,118.29,284.15,2402.0,2147.0,2092.0,1768.0,2002.3333333333333,0.11877037727061013,115.95,1458.9322033898304
196,2014,12,Uttar Pradesh,Agra,118.15,246.74,2088.0,2402.0,2147.0,2092.0,2213.6666666666665,-0.13072439633638633,118.29,1524.3559322033898
196,2015,12,Uttar Pradesh,Agra,129.35,245.95,1901.0,2088.0,2402.0,2147.0,2212.3333333333335,-0.08955938697318011,118.15,1426.6896551724137
196,2016,12,Uttar Pradesh,Agra,115.54,282.94,2449.0,1901.0,2088.0,2402.0,2130.3333333333335,0.2882693319305629,129.35,1464.7166666666667
196,2017,12,Uttar Pradesh,Agra,122.63,291.93,2381.0,2449.0,1901.0,2088.0,2146.0,-0.027766435279706014,115.54,1620.1724137931035
196,2018,12,Uttar Pradesh,Agra,113.88,259.86,2282.0,2381.0,2449.0,1901.0,2243.6666666666665,-0.04157916841663167,122.63,1712.9016393442623
196,2019,12,Uttar Pradesh,Agra,118.49,293.96,2481.0,2282.0,2381.0,2449.0,2370.6666666666665,0.08720420683610874,113.88,1894.1833333333334
197,1993,12,Uttar Pradesh,Mainpuri,15.76,22.72,1442.0,1412.0,1206.0,1049.0,1222.3333333333333,0.021246458923512845,15.99,1126.1132075471698
197,1994,12,Uttar Pradesh,Mainpuri,16.45,18.12,1102.0,1442.0,1412.0,1206.0,1353.3333333333333,-0.23578363384188628,15.76,1007.6603773584906
197,1995,12,Uttar Pradesh,Mainpuri,16.07,16.84,1048.0,1102.0,1442.0,1412.0,1318.6666666666667,-0.0490018148820327,16.45,1217.4285714285713
197,1996,12,Uttar Pradesh,Mainpuri,16.64,10.71,644.0,1048.0,1102.0,1442.0,1197.3333333333333,-0.3854961832061069,16.07,1118.625
197,1997,12,Uttar Pradesh,Mainpuri,14.97,26.84,1793.0,644.0,1048.0,1102.0,931.3333333333334,1.7841614906832297,16.64,1335.6029411764705
197,1998,12,Uttar Pradesh,Mainpuri,15.15,18.6,1228.0,1793.0,644.0,1048.0,1161.6666666666667,-0.31511433351924145,14.97,1130.3970588235295
197,1999,12,Uttar Pradesh,Mainpuri,15.95,24.21,1518.0,1228.0,1793.0,644.0,1221.6666666666667,0.23615635179153105,15.15,1361.2424242424242
197,2000,12,Uttar Pradesh,Mainpuri,17.09,26.85,1571.0,1518.0,1228.0,1793.0,1513.0,0.03491436100131762,15.95,1263.7462686567164
197,2001,12,Uttar Pradesh,Mainpuri,13.31,19.23,1445.0,1571.0,1518.0,1228.0,1439.0,-0.0802036919159771,17.09,1174.7910447761194
197,2002,12,Uttar Pradesh,Mainpuri,21.27,26.7,1255.0,1445.0,1571.0,1518.0,1511.3333333333333,-0.13148788927335642,13.31,1196.323076923077
197,2003,12,Uttar Pradesh,Mainpuri,11.02,10.56,958.0,1255.0,1445.0,1571.0,1423.6666666666667,-0.2366533864541832,21.27,1157.3809523809523
197,2004,12,Uttar Pradesh,Mainpuri,12.44,23.45,1885.0,958.0,1255.0,1445.0,1219.3333333333333,0.9676409185803758,11.02,1357.09375
197,2005,12,Uttar Pradesh,Mainpuri,13.86,23.97,1729.0,1885.0,958.0,1255.0,1366.0,-0.08275862068965523,12.44,1305.0819672131147
197,2006,12,Uttar Pradesh,Mainpuri,17.89,34.87,1949.0,1729.0,1885.0,958.0,1524.0,0.12724117987275885,13.86,1386.5333333333333
197,2007,12,Uttar Pradesh,Mainpuri,15.16,26.92,1776.0,1949.0,1729.0,1885.0,1854.3333333333333,-0.08876346844535654,17.89,1324.3125
197,2008,12,Uttar Pradesh,Mainpuri,14.85,28.56,1923.0,1776.0,1949.0,1729.0,1818.0,0.08277027027027017,15.16,1478.2131147540983
197,2009,12,Uttar Pradesh,Mainpuri,18.05,32.32,1791.0,1923.0,1776.0,1949.0,1882.6666666666667,-0.06864274570982842,14.85,1416.9333333333334
197,2010,12,Uttar Pradesh,Mainpuri,15.73,28.42,1807.0,1791.0,1923.0,1776.0,1830.0,0.008933556672250154,18.05,1360.1186440677966
197,2011,12,Uttar Pradesh,Mainpuri,18.25,42.19,2312.0,1807.0,1791.0,1923.0,1840.3333333333333,0.2794687327061427,15.73,1526.8095238095239
197,2012,12,Uttar Pradesh,Mainpuri,17.87,42.41,2373.0,2312.0,1807.0,1791.0,1970.0,0.02638408304498263,18.25,1586.5967741935483
197,2013,12,Uttar Pradesh,Mainpuri,18.33,41.82,2282.0,2373.0,2312.0,1807.0,2164.0,-0.03834808259587019,17.87,1458.9322033898304
197,2014,12,Uttar Pradesh,Mainpuri,21.43,51.06,2383.0,2282.0,2373.0,2312.0,2322.3333333333335,0.04425942156003515,18.33,1524.3559322033898
197,2015,12,Uttar Pradesh,Mainpuri,17.97,45.12,2511.0,2383.0,2282.0,2373.0,2346.0,0.053713806126731045,21.43,1426.6896551724137
197,2016,12,Uttar Pradesh,Mainpuri,18.21,48.45,2660.0,2511.0,2383.0,2282.0,2392.0,0.05933890880127435,17.97,1464.7166666666667
197,2017,12,Uttar Pradesh,Mainpuri,18.47,47.38,2565.0,2660.0,2511.0,2383.0,2518.0,-0.0357142857142857,18.21,1620.1724137931035
197,2018,12,Uttar Pradesh,Mainpuri,18.1,47.38,2617.0,2565.0,2660.0,2511.0,2578.6666666666665,0.020272904483430887,18.47,1712.9016393442623
197,2019,12,Uttar Pradesh,Mainpuri,18.7,56.58,3026.0,2617.0,2565.0,2660.0,2614.0,0.15628582346197928,18.1,1894.1833333333334
198,1993,12,Uttar Pradesh,Etah,73.01,81.06,1110.0,1360.0,1049.0,1204.0,1204.3333333333333,-0.18382352941176472,71.56,1126.1132075471698
198,1994,12,Uttar Pradesh,Etah,68.5,87.15,1272.0,1110.0,1360.0,1049.0,1173.0,0.145945945945946,73.01,1007.6603773584906
198,1995,12,Uttar Pradesh,Etah,71.54,103.37,1445.0,1272.0,1110.0,1360.0,1247.3333333333333,0.13600628930817615,68.5,1217.4285714285713
198,1996,12,Uttar Pradesh,Etah,70.11,110.16,1571.0,1445.0,1272.0,1110.0,1275.6666666666667,0.08719723183391004,71.54,1118.625
198,1997,12,Uttar Pradesh,Etah,76.05,125.62,1652.0,1571.0,1445.0,1272.0,1429.3333333333333,0.05155951623169952,70.11,1335.6029411764705
198,1998,12,Uttar Pradesh,Etah,71.24,88.28,1239.0,1652.0,1571.0,1445.0,1556.0,-0.25,76.05,1130.3970588235295
198,1999,12,Uttar Pradesh,Etah,71.09,111.9,1574.0,1239.0,1652.0,1571.0,1487.3333333333333,0.2703793381759483,71.24,1361.2424242424242
198,2000,12,Uttar Pradesh,Etah,70.24,122.47,1744.0,1574.0,1239.0,1652.0,1488.3333333333333,0.10800508259212194,71.09,1263.7462686567164
198,2001,12,Uttar Pradesh,Etah,70.55,104.21,1477.0,1744.0,1574.0,1239.0,1519.0,-0.1530963302752294,70.24,1174.7910447761194
198,2002,12,Uttar Pradesh,Etah,66.42,96.67,1455.0,1477.0,1744.0,1574.0,1598.3333333333333,-0.014895057549085933,70.55,1196.323076923077
198,2003,12,Uttar Pradesh,Etah,77.94,95.25,1222.0,1455.0,1477.0,1744.0,1558.6666666666667,-0.16013745704467353,66.42,1157.3809523809523
198,2004,12,Uttar Pradesh,Etah,61.04,100.04,1639.0,1222.0,1455.0,1477.0,1384.6666666666667,0.34124386252045835,77.94,1357.09375
198,2005,12,Uttar Pradesh,Etah,82.2,135.68,1651.0,1639.0,1222.0,1455.0,1438.6666666666667,0.007321537522879895,61.04,1305.0819672131147
198,2006,12,Uttar Pradesh,Etah,78.18,141.49,1810.0,1651.0,1639.0,1222.0,1504.0,0.09630526953361596,82.2,1386.5333333333333
198,2007,12,Uttar Pradesh,Etah,81.88,158.49,1936.0,1810.0,1651.0,1639.0,1700.0,0.0696132596685084,78.18,1324.3125
198,2008,12,Uttar Pradesh,Etah,38.05,69.55,1828.0,1936.0,1810.0,1651.0,1799.0,-0.05578512396694213,81.88,1478.2131147540983
198,2009,12,Uttar Pradesh,Etah,37.01,75.05,2028.0,1828.0,1936.0,1810.0,1858.0,0.10940919037199115,38.05,1416.9333333333334
198,2010,12,Uttar Pradesh,Etah,44.17,85.37,1933.0,2028.0,1828.0,1936.0,1930.6666666666667,-0.04684418145956604,37.01,1360.1186440677966
198,2011,12,Uttar Pradesh,Etah,46.02,118.5,2575.0,1933.0,2028.0,1828.0,1929.6666666666667,0.3321262286601139,44.17,1526.8095238095239
198,2012,12,Uttar Pradesh,Etah,48.68,136.49,2804.0,2575.0,1933.0,2028.0,2178.6666666666665,0.08893203883495149,46.02,1586.5967741935483
198,2013,12,Uttar Pradesh,Etah,42.92,127.99,2982.0,2804.0,2575.0,1933.0,2437.3333333333335,0.06348074179743235,48.68,1458.9322033898304
198,2014,12,Uttar Pradesh,Etah,47.46,148.17,3122.0,2982.0,2804.0,2575.0,2787.0,0.04694835680751175,42.92,1524.3559322033898
198,2015,12,Uttar Pradesh,Etah,57.32,148.68,2594.0,3122.0,2982.0,2804.0,2969.3333333333335,-0.16912235746316462,47.46,1426.6896551724137
198,2016,12,Uttar Pradesh,Etah,46.09,105.81,2296.0,2594.0,3122.0,2982.0,2899.3333333333335,-0.11488049344641482,57.32,1464.7166666666667
198,2017,12,Uttar Pradesh,Etah,49.03,119.64,2440.0,2296.0,2594.0,3122.0,2670.6666666666665,0.06271777003484313,46.09,1620.1724137931035
198,2018,12,Uttar Pradesh,Etah,45.29,116.98,2583.0,2440.0,2296.0,2594.0,2443.3333333333335,0.05860655737704912,49.03,1712.9016393442623
198,2019,12,Uttar Pradesh,Etah,45.88,126.57,2759.0,2583.0,2440.0,2296.0,2439.6666666666665,0.06813782423538517,45.29,1894.1833333333334
199,1993,12,Uttar Pradesh,Bareilly,14.81,15.17,1024.0,977.0,940.0,643.0,853.3333333333334,0.048106448311156624,15.97,1126.1132075471698
199,1994,12,Uttar Pradesh,Bareilly,11.12,10.98,987.0,1024.0,977.0,940.0,980.3333333333334,-0.0361328125,14.81,1007.6603773584906
199,1995,12,Uttar Pradesh,Bareilly,11.8,15.88,1346.0,987.0,1024.0,977.0,996.0,0.36372847011144893,11.12,1217.4285714285713
199,1996,12,Uttar Pradesh,Bareilly,10.6,16.84,1589.0,1346.0,987.0,1024.0,1119.0,0.18053491827637447,11.8,1118.625
199,1997,12,Uttar Pradesh,Bareilly,13.34,14.72,1103.0,1589.0,1346.0,987.0,1307.3333333333333,-0.3058527375707992,10.6,1335.6029411764705
199,1998,12,Uttar Pradesh,Bareilly,9.5,5.87,618.0,1103.0,1589.0,1346.0,1346.0,-0.43970988213961926,13.34,1130.3970588235295
199,1999,12,Uttar Pradesh,Bareilly,9.47,9.31,983.0,618.0,1103.0,1589.0,1103.3333333333333,0.5906148867313916,9.5,1361.2424242424242
199,2000,12,Uttar Pradesh,Bareilly,7.78,11.2,1440.0,983.0,618.0,1103.0,901.3333333333334,0.46490335707019326,9.47,1263.7462686567164
199,2001,12,Uttar Pradesh,Bareilly,6.56,6.59,1005.0,1440.0,983.0,618.0,1013.6666666666666,-0.30208333333333337,7.78,1174.7910447761194
199,2002,12,Uttar Pradesh,Bareilly,10.23,11.01,1076.0,1005.0,1440.0,983.0,1142.6666666666667,0.07064676616915433,6.56,1196.323076923077
199,2003,12,Uttar Pradesh,Bareilly,11.63,13.44,1156.0,1076.0,1005.0,1440.0,1173.6666666666667,0.07434944237918217,10.23,1157.3809523809523
199,2004,12,Uttar Pradesh,Bareilly,6.58,7.91,1202.0,1156.0,1076.0,1005.0,1079.0,0.03979238754325265,11.63,1357.09375
199,2005,12,Uttar Pradesh,Bareilly,9.41,8.97,953.0,1202.0,1156.0,1076.0,1144.6666666666667,-0.20715474209650586,6.58,1305.0819672131147
199,2006,12,Uttar Pradesh,Bareilly,9.81,12.84,1309.0,953.0,1202.0,1156.0,1103.6666666666667,0.3735571878279118,9.41,1386.5333333333333
199,2007,12,Uttar Pradesh,Bareilly,11.19,12.77,1141.0,1309.0,953.0,1202.0,1154.6666666666667,-0.12834224598930477,9.81,1324.3125
199,2008,12,Uttar Pradesh,Bareilly,8.54,10.7,1253.0,1141.0,1309.0,953.0,1134.3333333333333,0.09815950920245409,11.19,1478.2131147540983
199,2009,12,Uttar Pradesh,Bareilly,10.18,14.2,1395.0,1253.0,1141.0,1309.0,1234.3333333333333,0.11332801276935345,8.54,1416.9333333333334
199,2010,12,Uttar Pradesh,Bareilly,10.08,12.97,1287.0,1395.0,1253.0,1141.0,1263.0,-0.07741935483870965,10.18,1360.1186440677966
199,2011,12,Uttar Pradesh,Bareilly,8.23,12.38,1504.0,1287.0,1395.0,1253.0,1311.6666666666667,0.16860916860916864,10.08,1526.8095238095239
199,2012,12,Uttar Pradesh,Bareilly,8.37,12.01,1435.0,1504.0,1287.0,1395.0,1395.3333333333333,-0.0458776595744681,8.23,1586.5967741935483
199,2013,12,Uttar Pradesh,Bareilly,7.46,9.28,1244.0,1435.0,1504.0,1287.0,1408.6666666666667,-0.1331010452961673,8.37,1458.9322033898304
199,2014,12,Uttar Pradesh,Bareilly,7.98,8.61,1079.0,1244.0,1435.0,1504.0,1394.3333333333333,-0.132636655948553,7.46,1524.3559322033898
199,2015,12,Uttar Pradesh,Bareilly,8.6,18.04,2098.0,1079.0,1244.0,1435.0,1252.6666666666667,0.9443929564411493,7.98,1426.6896551724137
199,2016,12,Uttar Pradesh,Bareilly,6.69,9.84,1470.0,2098.0,1079.0,1244.0,1473.6666666666667,-0.29933269780743565,8.6,1464.7166666666667
199,2017,12,Uttar Pradesh,Bareilly,7.21,11.59,1608.0,1470.0,2098.0,1079.0,1549.0,0.09387755102040818,6.69,1620.1724137931035
199,2018,12,Uttar Pradesh,Bareilly,6.54,10.38,1587.0,1608.0,1470.0,2098.0,1725.3333333333333,-0.013059701492537323,7.21,1712.9016393442623
199,2019,12,Uttar Pradesh,Bareilly,7.83,12.45,1591.0,1587.0,1608.0,1470.0,1555.0,0.002520478890989386,6.54,1894.1833333333334
200,1993,12,Uttar Pradesh,Budaun,115.22,97.16,843.0,1313.0,950.0,1105.0,1122.6666666666667,-0.357958872810358,130.97,1126.1132075471698
200,1994,12,Uttar Pradesh,Budaun,114.97,105.51,918.0,843.0,1313.0,950.0,1035.3333333333333,0.08896797153024916,115.22,1007.6603773584906
200,1995,12,Uttar Pradesh,Budaun,122.01,137.24,1125.0,918.0,843.0,1313.0,1024.6666666666667,0.22549019607843146,114.97,1217.4285714285713
200,1996,12,Uttar Pradesh,Budaun,119.21,129.62,1087.0,1125.0,918.0,843.0,962.0,-0.033777777777777795,122.01,1118.625
200,1997,12,Uttar Pradesh,Budaun,125.24,172.48,1377.0,1087.0,1125.0,918.0,1043.3333333333333,0.266789328426863,119.21,1335.6029411764705
200,1998,12,Uttar Pradesh,Budaun,110.09,113.79,1034.0,1377.0,1087.0,1125.0,1196.3333333333333,-0.24909222948438636,125.24,1130.3970588235295
200,1999,12,Uttar Pradesh,Budaun,113.25,138.22,1220.0,1034.0,1377.0,1087.0,1166.0,0.17988394584139256,110.09,1361.2424242424242
200,2000,12,Uttar Pradesh,Budaun,117.91,209.7,1778.0,1220.0,1034.0,1377.0,1210.3333333333333,0.45737704918032795,113.25,1263.7462686567164
200,2001,12,Uttar Pradesh,Budaun,111.94,124.9,1116.0,1778.0,1220.0,1034.0,1344.0,-0.3723284589426322,117.91,1174.7910447761194
200,2002,12,Uttar Pradesh,Budaun,120.95,153.22,1267.0,1116.0,1778.0,1220.0,1371.3333333333333,0.1353046594982079,111.94,1196.323076923077
200,2003,12,Uttar Pradesh,Budaun,147.3,256.83,1744.0,1267.0,1116.0,1778.0,1387.0,0.37647987371744285,120.95,1157.3809523809523
200,2004,12,Uttar Pradesh,Budaun,117.96,164.25,1392.0,1744.0,1267.0,1116.0,1375.6666666666667,-0.2018348623853211,147.3,1357.09375
200,2005,12,Uttar Pradesh,Budaun,142.93,196.79,1377.0,1392.0,1744.0,1267.0,1467.6666666666667,-0.010775862068965525,117.96,1305.0819672131147
200,2006,12,Uttar Pradesh,Budaun,150.3,216.24,1439.0,1377.0,1392.0,1744.0,1504.3333333333333,0.04502541757443712,142.93,1386.5333333333333
200,2007,12,Uttar Pradesh,Budaun,159.97,238.77,1493.0,1439.0,1377.0,1392.0,1402.6666666666667,0.037526059763724806,150.3,1324.3125
200,2008,12,Uttar Pradesh,Budaun,138.82,208.35,1501.0,1493.0,1439.0,1377.0,1436.3333333333333,0.005358338914936311,159.97,1478.2131147540983
200,2009,12,Uttar Pradesh,Budaun,165.91,314.68,1897.0,1501.0,1493.0,1439.0,1477.6666666666667,0.2638241172551632,138.82,1416.9333333333334
200,2010,12,Uttar Pradesh,Budaun,156.62,280.95,1794.0,1897.0,1501.0,1493.0,1630.3333333333333,-0.054296257248286794,165.91,1360.1186440677966
200,2011,12,Uttar Pradesh,Budaun,101.14,173.14,1712.0,1794.0,1897.0,1501.0,1730.6666666666667,-0.04570791527313267,156.62,1526.8095238095239
200,2012,12,Uttar Pradesh,Budaun,99.76,185.03,1855.0,1712.0,1794.0,1897.0,1801.0,0.08352803738317749,101.14,1586.5967741935483
200,2013,12,Uttar Pradesh,Budaun,109.95,207.14,1884.0,1855.0,1712.0,1794.0,1787.0,0.01563342318059302,99.76,1458.9322033898304
200,2014,12,Uttar Pradesh,Budaun,121.78,206.45,1695.0,1884.0,1855.0,1712.0,1817.0,-0.10031847133757965,109.95,1524.3559322033898
200,2015,12,Uttar Pradesh,Budaun,120.48,201.08,1669.0,1695.0,1884.0,1855.0,1811.3333333333333,-0.015339233038348055,121.78,1426.6896551724137
200,2016,12,Uttar Pradesh,Budaun,93.01,175.94,1892.0,1669.0,1695.0,1884.0,1749.3333333333333,0.13361294188136608,120.48,1464.7166666666667
200,2017,12,Uttar Pradesh,Budaun,93.43,144.24,1544.0,1892.0,1669.0,1695.0,1752.0,-0.18393234672304437,93.01,1620.1724137931035
200,2018,12,Uttar Pradesh,Budaun,82.3,130.85,1590.0,1544.0,1892.0,1669.0,1701.6666666666667,0.029792746113989743,93.43,1712.9016393442623
200,2019,12,Uttar Pradesh,Budaun,101.98,162.66,1595.0,1590.0,1544.0,1892.0,1675.3333333333333,0.003144654088050425,82.3,1894.1833333333334
201,1993,12,Uttar Pradesh,Moradabad,53.04,47.64,898.0,1202.0,1235.0,761.0,1066.0,-0.2529118136439268,52.6,1126.1132075471698
201,1994,12,Uttar Pradesh,Moradabad,47.75,36.58,766.0,898.0,1202.0,1235.0,1111.6666666666667,-0.14699331848552344,53.04,1007.6603773584906
201,1995,12,Uttar Pradesh,Moradabad,48.44,51.57,1065.0,766.0,898.0,1202.0,955.3333333333334,0.39033942558746726,47.75,1217.4285714285713
201,1996,12,Uttar Pradesh,Moradabad,45.74,48.83,1068.0,1065.0,766.0,898.0,909.6666666666666,0.0028169014084507005,48.44,1118.625
201,1997,12,Uttar Pradesh,Moradabad,39.67,45.26,1141.0,1068.0,1065.0,766.0,966.3333333333334,0.06835205992509352,45.74,1335.6029411764705
201,1998,12,Uttar Pradesh,Moradabad,36.3,37.54,1034.0,1141.0,1068.0,1065.0,1091.3333333333333,-0.09377738825591586,39.67,1130.3970588235295
201,1999,12,Uttar Pradesh,Moradabad,37.28,32.37,868.0,1034.0,1141.0,1068.0,1081.0,-0.160541586073501,36.3,1361.2424242424242
201,2000,12,Uttar Pradesh,Moradabad,36.39,43.82,1204.0,868.0,1034.0,1141.0,1014.3333333333334,0.3870967741935485,37.28,1263.7462686567164
201,2001,12,Uttar Pradesh,Moradabad,34.92,36.34,1041.0,1204.0,868.0,1034.0,1035.3333333333333,-0.13538205980066442,36.39,1174.7910447761194
201,2002,12,Uttar Pradesh,Moradabad,35.92,34.9,972.0,1041.0,1204.0,868.0,1037.6666666666667,-0.06628242074927959,34.92,1196.323076923077
201,2003,12,Uttar Pradesh,Moradabad,43.21,56.16,1300.0,972.0,1041.0,1204.0,1072.3333333333333,0.3374485596707819,35.92,1157.3809523809523
201,2004,12,Uttar Pradesh,Moradabad,37.61,33.3,885.0,1300.0,972.0,1041.0,1104.3333333333333,-0.3192307692307692,43.21,1357.09375
201,2005,12,Uttar Pradesh,Moradabad,37.3,35.88,962.0,885.0,1300.0,972.0,1052.3333333333333,0.08700564971751423,37.61,1305.0819672131147
201,2006,12,Uttar Pradesh,Moradabad,36.73,35.99,980.0,962.0,885.0,1300.0,1049.0,0.018711018711018657,37.3,1386.5333333333333
201,2007,12,Uttar Pradesh,Moradabad,36.15,45.78,1266.0,980.0,962.0,885.0,942.3333333333334,0.2918367346938775,36.73,1324.3125
201,2008,12,Uttar Pradesh,Moradabad,34.12,36.5,1070.0,1266.0,980.0,962.0,1069.3333333333333,-0.15481832543443919,36.15,1478.2131147540983
201,2009,12,Uttar Pradesh,Moradabad,40.97,51.41,1255.0,1070.0,1266.0,980.0,1105.3333333333333,0.17289719626168232,34.12,1416.9333333333334
201,2010,12,Uttar Pradesh,Moradabad,36.31,41.02,1130.0,1255.0,1070.0,1266.0,1197.0,-0.09960159362549803,40.97,1360.1186440677966
201,2011,12,Uttar Pradesh,Moradabad,3.37,4.24,1258.0,1130.0,1255.0,1070.0,1151.6666666666667,0.11327433628318584,36.31,1526.8095238095239
201,2012,12,Uttar Pradesh,Moradabad,3.34,3.49,1045.0,1258.0,1130.0,1255.0,1214.3333333333333,-0.1693163751987281,3.37,1586.5967741935483
201,2013,12,Uttar Pradesh,Moradabad,3.11,4.1,1318.0,1045.0,1258.0,1130.0,1144.3333333333333,0.26124401913875595,3.34,1458.9322033898304
201,2014,12,Uttar Pradesh,Moradabad,4.48,6.21,1386.0,1318.0,1045.0,1258.0,1207.0,0.05159332321699539,3.11,1524.3559322033898
201,2015,12,Uttar Pradesh,Moradabad,3.16,5.82,1842.0,1386.0,1318.0,1045.0,1249.6666666666667,0.32900432900432897,4.48,1426.6896551724137
201,2016,12,Uttar Pradesh,Moradabad,2.94,3.79,1291.0,1842.0,1386.0,1318.0,1515.3333333333333,-0.2991313789359392,3.16,1464.7166666666667
201,2017,12,Uttar Pradesh,Moradabad,2.52,3.8,1508.0,1291.0,1842.0,1386.0,1506.3333333333333,0.16808675445391175,2.94,1620.1724137931035
201,2018,12,Uttar Pradesh,Moradabad,2.61,1.95,746.0,1508.0,1291.0,1842.0,1547.0,-0.5053050397877984,2.52,1712.9016393442623
201,2019,12,Uttar Pradesh,Moradabad,3.67,6.03,1644.0,746.0,1508.0,1291.0,1181.6666666666667,1.2037533512064345,2.61,1894.1833333333334
202,1993,12,Uttar Pradesh,Shahjahanpur,7.08,6.66,941.0,788.0,920.0,313.0,673.6666666666666,0.1941624365482233,9.31,1126.1132075471698
202,1994,12,Uttar Pradesh,Shahjahanpur,6.88,6.79,987.0,941.0,788.0,920.0,883.0,0.0488841657810839,7.08,1007.6603773584906
202,1995,12,Uttar Pradesh,Shahjahanpur,6.36,6.85,1077.0,987.0,941.0,788.0,905.3333333333334,0.09118541033434657,6.88,1217.4285714285713
202,1996,12,Uttar Pradesh,Shahjahanpur,6.22,6.89,1108.0,1077.0,987.0,941.0,1001.6666666666666,0.02878365831012064,6.36,1118.625
202,1997,12,Uttar Pradesh,Shahjahanpur,5.19,7.17,1382.0,1108.0,1077.0,987.0,1057.3333333333333,0.24729241877256314,6.22,1335.6029411764705
202,1998,12,Uttar Pradesh,Shahjahanpur,5.25,3.24,617.0,1382.0,1108.0,1077.0,1189.0,-0.5535455861070911,5.19,1130.3970588235295
202,1999,12,Uttar Pradesh,Shahjahanpur,4.34,4.27,984.0,617.0,1382.0,1108.0,1035.6666666666667,0.5948136142625609,5.25,1361.2424242424242
202,2000,12,Uttar Pradesh,Shahjahanpur,4.62,6.65,1439.0,984.0,617.0,1382.0,994.3333333333334,0.46239837398373984,4.34,1263.7462686567164
202,2001,12,Uttar Pradesh,Shahjahanpur,3.55,1.17,330.0,1439.0,984.0,617.0,1013.3333333333334,-0.7706740792216817,4.62,1174.7910447761194
202,2002,12,Uttar Pradesh,Shahjahanpur,5.17,3.85,745.0,330.0,1439.0,984.0,917.6666666666666,1.2575757575757578,3.55,1196.323076923077
202,2003,12,Uttar Pradesh,Shahjahanpur,6.17,7.23,1172.0,745.0,330.0,1439.0,838.0,0.5731543624161073,5.17,1157.3809523809523
202,2004,12,Uttar Pradesh,Shahjahanpur,4.86,4.38,901.0,1172.0,745.0,330.0,749.0,-0.23122866894197958,6.17,1357.09375
202,2005,12,Uttar Pradesh,Shahjahanpur,3.66,2.96,809.0,901.0,1172.0,745.0,939.3333333333334,-0.10210876803551605,4.86,1305.0819672131147
202,2006,12,Uttar Pradesh,Shahjahanpur,3.69,4.25,1152.0,809.0,901.0,1172.0,960.6666666666666,0.4239802224969098,3.66,1386.5333333333333
202,2007,12,Uttar Pradesh,Shahjahanpur,3.2,3.75,1172.0,1152.0,809.0,901.0,954.0,0.01736111111111116,3.69,1324.3125
202,2008,12,Uttar Pradesh,Shahjahanpur,3.31,4.55,1375.0,1172.0,1152.0,809.0,1044.3333333333333,0.17320819112627994,3.2,1478.2131147540983
202,2009,12,Uttar Pradesh,Shahjahanpur,5.05,6.8,1347.0,1375.0,1172.0,1152.0,1233.0,-0.02036363636363636,3.31,1416.9333333333334
202,2010,12,Uttar Pradesh,Shahjahanpur,4.91,6.4,1303.0,1347.0,1375.0,1172.0,1298.0,-0.03266518188567191,5.05,1360.1186440677966
202,2011,12,Uttar Pradesh,Shahjahanpur,3.69,4.52,1225.0,1303.0,1347.0,1375.0,1341.6666666666667,-0.059861857252494266,4.91,1526.8095238095239
202,2012,12,Uttar Pradesh,Shahjahanpur,3.58,3.43,958.0,1225.0,1303.0,1347.0,1291.6666666666667,-0.21795918367346934,3.69,1586.5967741935483
202,2013,12,Uttar Pradesh,Shahjahanpur,3.2,4.01,1253.0,958.0,1225.0,1303.0,1162.0,0.3079331941544885,3.58,1458.9322033898304
202,2014,12,Uttar Pradesh,Shahjahanpur,4.17,6.8,1631.0,1253.0,958.0,1225.0,1145.3333333333333,0.3016759776536313,3.2,1524.3559322033898
202,2015,12,Uttar Pradesh,Shahjahanpur,2.93,4.5,1536.0,1631.0,1253.0,958.0,1280.6666666666667,-0.05824647455548748,4.17,1426.6896551724137
202,2016,12,Uttar Pradesh,Shahjahanpur,3.57,5.06,1418.0,1536.0,1631.0,1253.0,1473.3333333333333,-0.07682291666666663,2.93,1464.7166666666667
202,2017,12,Uttar Pradesh,Shahjahanpur,3.38,5.26,1556.0,1418.0,1536.0,1631.0,1528.3333333333333,0.09732016925246834,3.57,1620.1724137931035
202,2018,12,Uttar Pradesh,Shahjahanpur,3.85,5.71,1485.0,1556.0,1418.0,1536.0,1503.3333333333333,-0.045629820051413916,3.38,1712.9016393442623
202,2019,12,Uttar Pradesh,Shahjahanpur,3.61,6.05,1674.0,1485.0,1556.0,1418.0,1486.3333333333333,0.1272727272727272,3.85,1894.1833333333334
203,1993,12,Uttar Pradesh,Pilibhit,0.06,0.06,1000.0,750.0,1000.0,333.0,694.3333333333334,0.33333333333333326,0.08,1126.1132075471698
203,1994,12,Uttar Pradesh,Pilibhit,0.03,0.03,1000.0,1000.0,750.0,1000.0,916.6666666666666,0.0,0.06,1007.6603773584906
203,1995,12,Uttar Pradesh,Pilibhit,0.03,0.03,1000.0,1000.0,1000.0,750.0,916.6666666666666,0.0,0.03,1217.4285714285713
203,1996,12,Uttar Pradesh,Pilibhit,0.06,0.06,1000.0,1000.0,1000.0,1000.0,1000.0,0.0,0.03,1118.625
203,1997,12,Uttar Pradesh,Pilibhit,0.1,0.13,1300.0,1000.0,1000.0,1000.0,1000.0,0.30000000000000004,0.06,1335.6029411764705
203,1998,12,Uttar Pradesh,Pilibhit,0.01,0.01,1000.0,1300.0,1000.0,1000.0,1100.0,-0.23076923076923073,0.1,1130.3970588235295
203,1999,12,Uttar Pradesh,Pilibhit,0.03,0.03,1000.0,1000.0,1300.0,1000.0,1100.0,0.0,0.01,1361.2424242424242
203,2000,12,Uttar Pradesh,Pilibhit,0.04,0.06,1500.0,1000.0,1000.0,1300.0,1100.0,0.5,0.03,1263.7462686567164
203,2002,12,Uttar Pradesh,Pilibhit,0.02,0.03,1500.0,1500.0,1000.0,1000.0,1166.6666666666667,0.0,0.04,1196.323076923077
203,2003,12,Uttar Pradesh,Pilibhit,0.02,0.04,2000.0,1500.0,1500.0,1000.0,1333.3333333333333,0.33333333333333326,0.02,1157.3809523809523
203,2004,12,Uttar Pradesh,Pilibhit,0.07,0.12,1714.0,2000.0,1500.0,1500.0,1666.6666666666667,-0.14300000000000002,0.02,1357.09375
203,2005,12,Uttar Pradesh,Pilibhit,0.01,0.01,1000.0,1714.0,2000.0,1500.0,1738.0,-0.41656942823803966,0.07,1305.0819672131147
203,2007,12,Uttar Pradesh,Pilibhit,0.02,0.02,1000.0,1000.0,1714.0,2000.0,1571.3333333333333,0.0,0.01,1324.3125
203,2009,12,Uttar Pradesh,Pilibhit,0.01,0.01,1000.0,1000.0,1000.0,1714.0,1238.0,0.0,0.02,1416.9333333333334
204,1993,12,Uttar Pradesh,Rampur,4.27,3.19,747.0,1424.0,511.0,856.0,930.3333333333334,-0.4754213483146067,4.74,1126.1132075471698
204,1994,12,Uttar Pradesh,Rampur,3.84,4.52,1177.0,747.0,1424.0,511.0,894.0,0.5756358768406962,4.27,1007.6603773584906
204,1995,12,Uttar Pradesh,Rampur,3.93,7.43,1891.0,1177.0,747.0,1424.0,1116.0,0.606627017841971,3.84,1217.4285714285713
204,1996,12,Uttar Pradesh,Rampur,3.76,3.95,1051.0,1891.0,1177.0,747.0,1271.6666666666667,-0.44420941300899,3.93,1118.625
204,1997,12,Uttar Pradesh,Rampur,3.44,2.91,846.0,1051.0,1891.0,1177.0,1373.0,-0.1950523311132255,3.76,1335.6029411764705
204,1998,12,Uttar Pradesh,Rampur,3.64,2.54,698.0,846.0,1051.0,1891.0,1262.6666666666667,-0.1749408983451537,3.44,1130.3970588235295
204,1999,12,Uttar Pradesh,Rampur,3.91,2.58,660.0,698.0,846.0,1051.0,865.0,-0.054441260744985676,3.64,1361.2424242424242
204,2000,12,Uttar Pradesh,Rampur,3.94,3.55,901.0,660.0,698.0,846.0,734.6666666666666,0.3651515151515152,3.91,1263.7462686567164
204,2001,12,Uttar Pradesh,Rampur,3.83,5.12,1337.0,901.0,660.0,698.0,753.0,0.48390677025527196,3.94,1174.7910447761194
204,2002,12,Uttar Pradesh,Rampur,3.45,2.73,791.0,1337.0,901.0,660.0,966.0,-0.4083769633507853,3.83,1196.323076923077
204,2003,12,Uttar Pradesh,Rampur,3.48,3.54,1017.0,791.0,1337.0,901.0,1009.6666666666666,0.2857142857142858,3.45,1157.3809523809523
204,2004,12,Uttar Pradesh,Rampur,3.42,3.43,1003.0,1017.0,791.0,1337.0,1048.3333333333333,-0.013765978367748288,3.48,1357.09375
204,2005,12,Uttar Pradesh,Rampur,2.75,2.92,1062.0,1003.0,1017.0,791.0,937.0,0.05882352941176472,3.42,1305.0819672131147
204,2006,12,Uttar Pradesh,Rampur,2.66,3.94,1481.0,1062.0,1003.0,1017.0,1027.3333333333333,0.3945386064030132,2.75,1386.5333333333333
204,2007,12,Uttar Pradesh,Rampur,2.37,4.29,1810.0,1481.0,1062.0,1003.0,1182.0,0.2221471978392977,2.66,1324.3125
204,2008,12,Uttar Pradesh,Rampur,2.03,2.89,1424.0,1810.0,1481.0,1062.0,1451.0,-0.21325966850828726,2.37,1478.2131147540983
204,2009,12,Uttar Pradesh,Rampur,3.0,3.44,1147.0,1424.0,1810.0,1481.0,1571.6666666666667,-0.1945224719101124,2.03,1416.9333333333334
204,2010,12,Uttar Pradesh,Rampur,2.64,1.57,595.0,1147.0,1424.0,1810.0,1460.3333333333333,-0.4812554489973845,3.0,1360.1186440677966
204,2011,12,Uttar Pradesh,Rampur,2.22,2.37,1068.0,595.0,1147.0,1424.0,1055.3333333333333,0.7949579831932774,2.64,1526.8095238095239
204,2012,12,Uttar Pradesh,Rampur,5.98,2.66,445.0,1068.0,595.0,1147.0,936.6666666666666,-0.5833333333333333,2.22,1586.5967741935483
204,2013,12,Uttar Pradesh,Rampur,2.35,1.41,600.0,445.0,1068.0,595.0,702.6666666666666,0.348314606741573,5.98,1458.9322033898304
204,2014,12,Uttar Pradesh,Rampur,2.03,2.0,985.0,600.0,445.0,1068.0,704.3333333333334,0.6416666666666666,2.35,1524.3559322033898
204,2015,12,Uttar Pradesh,Rampur,1.63,1.78,1092.0,985.0,600.0,445.0,676.6666666666666,0.10862944162436539,2.03,1426.6896551724137
204,2016,12,Uttar Pradesh,Rampur,2.37,2.96,1251.0,1092.0,985.0,600.0,892.3333333333334,0.14560439560439553,1.63,1464.7166666666667
204,2017,12,Uttar Pradesh,Rampur,2.69,2.68,996.0,1251.0,1092.0,985.0,1109.3333333333333,-0.20383693045563545,2.37,1620.1724137931035
204,2018,12,Uttar Pradesh,Rampur,3.29,3.81,1157.0,996.0,1251.0,1092.0,1113.0,0.16164658634538154,2.69,1712.9016393442623
204,2019,12,Uttar Pradesh,Rampur,4.4,7.36,1674.0,1157.0,996.0,1251.0,1134.6666666666667,0.4468452895419188,3.29,1894.1833333333334
205,1993,12,Uttar Pradesh,Bijnor,0.07,0.05,714.0,1444.0,533.0,853.0,943.3333333333334,-0.5055401662049861,0.09,1126.1132075471698
205,1994,12,Uttar Pradesh,Bijnor,0.02,0.03,1500.0,714.0,1444.0,533.0,897.0,1.1008403361344539,0.07,1007.6603773584906
205,1995,12,Uttar Pradesh,Bijnor,0.09,0.17,1889.0,1500.0,714.0,1444.0,1219.3333333333333,0.2593333333333334,0.02,1217.4285714285713
205,1996,12,Uttar Pradesh,Bijnor,0.06,0.06,1000.0,1889.0,1500.0,714.0,1367.6666666666667,-0.47061937533086284,0.09,1118.625
205,1997,12,Uttar Pradesh,Bijnor,0.11,0.1,909.0,1000.0,1889.0,1500.0,1463.0,-0.09099999999999997,0.06,1335.6029411764705
205,1998,12,Uttar Pradesh,Bijnor,0.05,0.04,800.0,909.0,1000.0,1889.0,1266.0,-0.11991199119911988,0.11,1130.3970588235295
205,2000,12,Uttar Pradesh,Bijnor,0.01,0.01,1000.0,800.0,909.0,1000.0,903.0,0.25,0.05,1263.7462686567164
205,2001,12,Uttar Pradesh,Bijnor,0.02,0.02,1000.0,1000.0,800.0,909.0,903.0,0.0,0.01,1174.7910447761194
205,2003,12,Uttar Pradesh,Bijnor,0.01,0.01,1000.0,1000.0,1000.0,800.0,933.3333333333334,0.0,0.02,1157.3809523809523
205,2009,12,Uttar Pradesh,Bijnor,0.02,0.02,1000.0,1000.0,1000.0,1000.0,1000.0,0.0,0.01,1416.9333333333334
206,1993,12,Uttar Pradesh,Farrukhabad,12.34,9.82,796.0,949.0,1034.0,792.0,925.0,-0.16122233930453111,13.11,1126.1132075471698
206,1994,12,Uttar Pradesh,Farrukhabad,11.79,14.79,1254.0,796.0,949.0,1034.0,926.3333333333334,0.5753768844221105,12.34,1007.6603773584906
206,1995,12,Uttar Pradesh,Farrukhabad,12.08,15.65,1296.0,1254.0,796.0,949.0,999.6666666666666,0.03349282296650724,11.79,1217.4285714285713
206,1996,12,Uttar Pradesh,Farrukhabad,11.22,14.55,1297.0,1296.0,1254.0,796.0,1115.3333333333333,0.0007716049382715529,12.08,1118.625
206,1997,12,Uttar Pradesh,Farrukhabad,6.54,9.44,1443.0,1297.0,1296.0,1254.0,1282.3333333333333,0.11256746337702395,11.22,1335.6029411764705
206,1998,12,Uttar Pradesh,Farrukhabad,6.23,7.35,1180.0,1443.0,1297.0,1296.0,1345.3333333333333,-0.18225918225918225,6.54,1130.3970588235295
206,1999,12,Uttar Pradesh,Farrukhabad,5.86,7.11,1213.0,1180.0,1443.0,1297.0,1306.6666666666667,0.027966101694915313,6.23,1361.2424242424242
206,2000,12,Uttar Pradesh,Farrukhabad,5.11,6.35,1243.0,1213.0,1180.0,1443.0,1278.6666666666667,0.024732069249793875,5.86,1263.7462686567164
206,2001,12,Uttar Pradesh,Farrukhabad,4.16,4.41,1060.0,1243.0,1213.0,1180.0,1212.0,-0.14722445695897024,5.11,1174.7910447761194
206,2002,12,Uttar Pradesh,Farrukhabad,3.29,3.88,1179.0,1060.0,1243.0,1213.0,1172.0,0.11226415094339615,4.16,1196.323076923077
206,2003,12,Uttar Pradesh,Farrukhabad,4.12,3.7,898.0,1179.0,1060.0,1243.0,1160.6666666666667,-0.23833757421543678,3.29,1157.3809523809523
206,2004,12,Uttar Pradesh,Farrukhabad,4.06,6.8,1675.0,898.0,1179.0,1060.0,1045.6666666666667,0.8652561247216035,4.12,1357.09375
206,2005,12,Uttar Pradesh,Farrukhabad,4.38,4.98,1137.0,1675.0,898.0,1179.0,1250.6666666666667,-0.3211940298507463,4.06,1305.0819672131147
206,2006,12,Uttar Pradesh,Farrukhabad,4.29,5.41,1261.0,1137.0,1675.0,898.0,1236.6666666666667,0.10905892700087949,4.38,1386.5333333333333
206,2007,12,Uttar Pradesh,Farrukhabad,4.39,5.74,1308.0,1261.0,1137.0,1675.0,1357.6666666666667,0.03727200634417138,4.29,1324.3125
206,2008,12,Uttar Pradesh,Farrukhabad,4.3,9.06,2107.0,1308.0,1261.0,1137.0,1235.3333333333333,0.6108562691131498,4.39,1478.2131147540983
206,2009,12,Uttar Pradesh,Farrukhabad,3.64,7.32,2011.0,2107.0,1308.0,1261.0,1558.6666666666667,-0.04556241101091596,4.3,1416.9333333333334
206,2010,12,Uttar Pradesh,Farrukhabad,4.01,5.11,1274.0,2011.0,2107.0,1308.0,1808.6666666666667,-0.3664843361511686,3.64,1360.1186440677966
206,2011,12,Uttar Pradesh,Farrukhabad,3.83,4.57,1193.0,1274.0,2011.0,2107.0,1797.3333333333333,-0.06357927786499218,4.01,1526.8095238095239
206,2012,12,Uttar Pradesh,Farrukhabad,4.01,6.13,1529.0,1193.0,1274.0,2011.0,1492.6666666666667,0.28164291701592625,3.83,1586.5967741935483
206,2013,12,Uttar Pradesh,Farrukhabad,4.34,5.67,1306.0,1529.0,1193.0,1274.0,1332.0,-0.14584695879659904,4.01,1458.9322033898304
206,2014,12,Uttar Pradesh,Farrukhabad,3.79,5.84,1541.0,1306.0,1529.0,1193.0,1342.6666666666667,0.17993874425727419,4.34,1524.3559322033898
206,2015,12,Uttar Pradesh,Farrukhabad,4.2,6.68,1590.0,1541.0,1306.0,1529.0,1458.6666666666667,0.031797534068786604,3.79,1426.6896551724137
206,2016,12,Uttar Pradesh,Farrukhabad,4.1,8.81,2150.0,1590.0,1541.0,1306.0,1479.0,0.35220125786163514,4.2,1464.7166666666667
206,2017,12,Uttar Pradesh,Farrukhabad,3.9,6.18,1584.0,2150.0,1590.0,1541.0,1760.3333333333333,-0.2632558139534884,4.1,1620.1724137931035
206,2018,12,Uttar Pradesh,Farrukhabad,3.87,8.23,2124.0,1584.0,2150.0,1590.0,1774.6666666666667,0.34090909090909083,3.9,1712.9016393442623
206,2019,12,Uttar Pradesh,Farrukhabad,4.07,10.52,2582.0,2124.0,1584.0,2150.0,1952.6666666666667,0.21563088512241047,3.87,1894.1833333333334
207,1993,12,Uttar Pradesh,Etawah,57.55,79.92,1389.0,1491.0,1124.0,1522.0,1379.0,-0.06841046277665996,59.45,1126.1132075471698
207,1994,12,Uttar Pradesh,Etawah,57.64,61.88,1074.0,1389.0,1491.0,1124.0,1334.6666666666667,-0.2267818574514039,57.55,1007.6603773584906
207,1995,12,Uttar Pradesh,Etawah,59.34,96.57,1627.0,1074.0,1389.0,1491.0,1318.0,0.5148975791433892,57.64,1217.4285714285713
207,1996,12,Uttar Pradesh,Etawah,56.76,77.1,1358.0,1627.0,1074.0,1389.0,1363.3333333333333,-0.16533497234173322,59.34,1118.625
207,1997,12,Uttar Pradesh,Etawah,33.28,57.6,1731.0,1358.0,1627.0,1074.0,1353.0,0.27466863033873334,56.76,1335.6029411764705
207,1998,12,Uttar Pradesh,Etawah,35.07,40.36,1151.0,1731.0,1358.0,1627.0,1572.0,-0.3350664355863663,33.28,1130.3970588235295
207,1999,12,Uttar Pradesh,Etawah,34.54,58.94,1706.0,1151.0,1731.0,1358.0,1413.3333333333333,0.4821894005212859,35.07,1361.2424242424242
207,2000,12,Uttar Pradesh,Etawah,37.07,54.03,1458.0,1706.0,1151.0,1731.0,1529.3333333333333,-0.14536928487690504,34.54,1263.7462686567164
207,2001,12,Uttar Pradesh,Etawah,34.86,45.98,1319.0,1458.0,1706.0,1151.0,1438.3333333333333,-0.09533607681755829,37.07,1174.7910447761194
207,2002,12,Uttar Pradesh,Etawah,35.99,49.23,1368.0,1319.0,1458.0,1706.0,1494.3333333333333,0.0371493555724034,34.86,1196.323076923077
207,2003,12,Uttar Pradesh,Etawah,41.12,36.18,880.0,1368.0,1319.0,1458.0,1381.6666666666667,-0.35672514619883045,35.99,1157.3809523809523
207,2004,12,Uttar Pradesh,Etawah,37.35,75.56,2023.0,880.0,1368.0,1319.0,1189.0,1.2988636363636363,41.12,1357.09375
207,2005,12,Uttar Pradesh,Etawah,38.48,66.11,1718.0,2023.0,880.0,1368.0,1423.6666666666667,-0.1507661888284726,37.35,1305.0819672131147
207,2006,12,Uttar Pradesh,Etawah,39.41,67.66,1717.0,1718.0,2023.0,880.0,1540.3333333333333,-0.0005820721769499437,38.48,1386.5333333333333
207,2007,12,Uttar Pradesh,Etawah,40.17,69.51,1730.0,1717.0,1718.0,2023.0,1819.3333333333333,0.007571345369831173,39.41,1324.3125
207,2008,12,Uttar Pradesh,Etawah,33.84,73.37,2168.0,1730.0,1717.0,1718.0,1721.6666666666667,0.2531791907514451,40.17,1478.2131147540983
207,2009,12,Uttar Pradesh,Etawah,36.79,73.17,1989.0,2168.0,1730.0,1717.0,1871.6666666666667,-0.08256457564575648,33.84,1416.9333333333334
207,2010,12,Uttar Pradesh,Etawah,38.09,79.38,2084.0,1989.0,2168.0,1730.0,1962.3333333333333,0.0477626948215184,36.79,1360.1186440677966
207,2011,12,Uttar Pradesh,Etawah,36.38,73.41,2018.0,2084.0,1989.0,2168.0,2080.3333333333335,-0.03166986564299423,38.09,1526.8095238095239
207,2012,12,Uttar Pradesh,Etawah,35.46,84.64,2387.0,2018.0,2084.0,1989.0,2030.3333333333333,0.18285431119920714,36.38,1586.5967741935483
207,2013,12,Uttar Pradesh,Etawah,35.24,87.42,2481.0,2387.0,2018.0,2084.0,2163.0,0.039379974863845923,35.46,1458.9322033898304
207,2014,12,Uttar Pradesh,Etawah,37.71,73.96,1961.0,2481.0,2387.0,2018.0,2295.3333333333335,-0.20959290608625558,35.24,1524.3559322033898
207,2015,12,Uttar Pradesh,Etawah,39.34,90.88,2310.0,1961.0,2481.0,2387.0,2276.3333333333335,0.17797042325344203,37.71,1426.6896551724137
207,2016,12,Uttar Pradesh,Etawah,35.81,83.43,2330.0,2310.0,1961.0,2481.0,2250.6666666666665,0.008658008658008587,39.34,1464.7166666666667
207,2017,12,Uttar Pradesh,Etawah,38.48,84.95,2208.0,2330.0,2310.0,1961.0,2200.3333333333335,-0.05236051502145922,35.81,1620.1724137931035
207,2018,12,Uttar Pradesh,Etawah,37.38,104.2,2788.0,2208.0,2330.0,2310.0,2282.6666666666665,0.2626811594202898,38.48,1712.9016393442623
207,2019,12,Uttar Pradesh,Etawah,35.24,89.09,2528.0,2788.0,2208.0,2330.0,2442.0,-0.09325681492109039,37.38,1894.1833333333334
209,1993,12,Uttar Pradesh,Fatehpur,6.87,11.66,1697.0,1333.0,1208.0,876.0,1139.0,0.2730682670667668,6.27,1126.1132075471698
209,1994,12,Uttar Pradesh,Fatehpur,8.02,7.09,884.0,1697.0,1333.0,1208.0,1412.6666666666667,-0.47908073070123747,6.87,1007.6603773584906
209,1995,12,Uttar Pradesh,Fatehpur,8.11,7.7,949.0,884.0,1697.0,1333.0,1304.6666666666667,0.07352941176470584,8.02,1217.4285714285713
209,1996,12,Uttar Pradesh,Fatehpur,7.9,5.46,691.0,949.0,884.0,1697.0,1176.6666666666667,-0.2718651211801897,8.11,1118.625
209,1997,12,Uttar Pradesh,Fatehpur,7.9,4.75,601.0,691.0,949.0,884.0,841.3333333333334,-0.13024602026049203,7.9,1335.6029411764705
209,1998,12,Uttar Pradesh,Fatehpur,7.28,5.11,702.0,601.0,691.0,949.0,747.0,0.16805324459234616,7.9,1130.3970588235295
209,1999,12,Uttar Pradesh,Fatehpur,6.99,7.02,1004.0,702.0,601.0,691.0,664.6666666666666,0.4301994301994303,7.28,1361.2424242424242
209,2000,12,Uttar Pradesh,Fatehpur,7.62,6.43,844.0,1004.0,702.0,601.0,769.0,-0.15936254980079678,6.99,1263.7462686567164
209,2001,12,Uttar Pradesh,Fatehpur,7.09,5.46,770.0,844.0,1004.0,702.0,850.0,-0.08767772511848337,7.62,1174.7910447761194
209,2002,12,Uttar Pradesh,Fatehpur,6.78,5.55,819.0,770.0,844.0,1004.0,872.6666666666666,0.06363636363636371,7.09,1196.323076923077
209,2003,12,Uttar Pradesh,Fatehpur,6.82,6.84,1003.0,819.0,770.0,844.0,811.0,0.22466422466422475,6.78,1157.3809523809523
209,2004,12,Uttar Pradesh,Fatehpur,5.05,5.94,1176.0,1003.0,819.0,770.0,864.0,0.17248255234297116,6.82,1357.09375
209,2005,12,Uttar Pradesh,Fatehpur,5.8,8.76,1510.0,1176.0,1003.0,819.0,999.3333333333334,0.2840136054421769,5.05,1305.0819672131147
209,2006,12,Uttar Pradesh,Fatehpur,6.68,7.94,1189.0,1510.0,1176.0,1003.0,1229.6666666666667,-0.21258278145695364,5.8,1386.5333333333333
209,2007,12,Uttar Pradesh,Fatehpur,8.47,8.11,957.0,1189.0,1510.0,1176.0,1291.6666666666667,-0.19512195121951215,6.68,1324.3125
209,2008,12,Uttar Pradesh,Fatehpur,7.21,7.49,1039.0,957.0,1189.0,1510.0,1218.6666666666667,0.0856844305120168,8.47,1478.2131147540983
209,2009,12,Uttar Pradesh,Fatehpur,8.66,8.09,934.0,1039.0,957.0,1189.0,1061.6666666666667,-0.10105871029836377,7.21,1416.9333333333334
209,2010,12,Uttar Pradesh,Fatehpur,8.62,8.16,947.0,934.0,1039.0,957.0,976.6666666666666,0.013918629550321304,8.66,1360.1186440677966
209,2011,12,Uttar Pradesh,Fatehpur,7.68,8.28,1078.0,947.0,934.0,1039.0,973.3333333333334,0.13833157338965152,8.62,1526.8095238095239
209,2012,12,Uttar Pradesh,Fatehpur,6.99,8.96,1282.0,1078.0,947.0,934.0,986.3333333333334,0.18923933209647492,7.68,1586.5967741935483
209,2013,12,Uttar Pradesh,Fatehpur,6.48,6.21,958.0,1282.0,1078.0,947.0,1102.3333333333333,-0.2527301092043682,6.99,1458.9322033898304
209,2014,12,Uttar Pradesh,Fatehpur,5.16,3.94,764.0,958.0,1282.0,1078.0,1106.0,-0.20250521920668063,6.48,1524.3559322033898
209,2015,12,Uttar Pradesh,Fatehpur,5.47,4.48,819.0,764.0,958.0,1282.0,1001.3333333333334,0.07198952879581144,5.16,1426.6896551724137
209,2016,12,Uttar Pradesh,Fatehpur,8.12,7.79,959.0,819.0,764.0,958.0,847.0,0.170940170940171,5.47,1464.7166666666667
209,2017,12,Uttar Pradesh,Fatehpur,7.4,8.83,1194.0,959.0,819.0,764.0,847.3333333333334,0.2450469238790407,8.12,1620.1724137931035
209,2018,12,Uttar Pradesh,Fatehpur,7.87,8.73,1109.0,1194.0,959.0,819.0,990.6666666666666,-0.0711892797319933,7.4,1712.9016393442623
209,2019,12,Uttar Pradesh,Fatehpur,6.59,12.9,1957.0,1109.0,1194.0,959.0,1087.3333333333333,0.7646528403967539,7.87,1894.1833333333334
210,1993,12,Uttar Pradesh,Allahabad,45.35,64.32,1418.0,1336.0,947.0,1303.0,1195.3333333333333,0.06137724550898205,35.79,1126.1132075471698
210,1994,12,Uttar Pradesh,Allahabad,51.34,38.49,750.0,1418.0,1336.0,947.0,1233.6666666666667,-0.47108603667136817,45.35,1007.6603773584906
210,1995,12,Uttar Pradesh,Allahabad,53.43,51.2,958.0,750.0,1418.0,1336.0,1168.0,0.27733333333333343,51.34,1217.4285714285713
210,1996,12,Uttar Pradesh,Allahabad,51.7,48.07,930.0,958.0,750.0,1418.0,1042.0,-0.029227557411273475,53.43,1118.625
210,1997,12,Uttar Pradesh,Allahabad,33.28,28.58,859.0,930.0,958.0,750.0,879.3333333333334,-0.07634408602150533,51.7,1335.6029411764705
210,1998,12,Uttar Pradesh,Allahabad,33.75,31.54,935.0,859.0,930.0,958.0,915.6666666666666,0.08847497089639123,33.28,1130.3970588235295
210,1999,12,Uttar Pradesh,Allahabad,27.47,41.09,1496.0,935.0,859.0,930.0,908.0,0.6000000000000001,33.75,1361.2424242424242
210,2000,12,Uttar Pradesh,Allahabad,31.64,18.58,587.0,1496.0,935.0,859.0,1096.6666666666667,-0.607620320855615,27.47,1263.7462686567164
210,2001,12,Uttar Pradesh,Allahabad,34.5,31.8,922.0,587.0,1496.0,935.0,1006.0,0.5706984667802386,31.64,1174.7910447761194
210,2002,12,Uttar Pradesh,Allahabad,33.93,30.21,890.0,922.0,587.0,1496.0,1001.6666666666666,-0.03470715835141003,34.5,1196.323076923077
210,2003,12,Uttar Pradesh,Allahabad,31.06,18.9,608.0,890.0,922.0,587.0,799.6666666666666,-0.31685393258426964,33.93,1157.3809523809523
210,2004,12,Uttar Pradesh,Allahabad,28.71,28.04,977.0,608.0,890.0,922.0,806.6666666666666,0.606907894736842,31.06,1357.09375
210,2005,12,Uttar Pradesh,Allahabad,27.76,31.76,1144.0,977.0,608.0,890.0,825.0,0.17093142272262019,28.71,1305.0819672131147
210,2006,12,Uttar Pradesh,Allahabad,28.24,25.83,915.0,1144.0,977.0,608.0,909.6666666666666,-0.2001748251748252,27.76,1386.5333333333333
210,2007,12,Uttar Pradesh,Allahabad,27.75,30.87,1112.0,915.0,1144.0,977.0,1012.0,0.2153005464480875,28.24,1324.3125
210,2008,12,Uttar Pradesh,Allahabad,27.69,28.39,1025.0,1112.0,915.0,1144.0,1057.0,-0.0782374100719424,27.75,1478.2131147540983
210,2009,12,Uttar Pradesh,Allahabad,27.09,25.39,937.0,1025.0,1112.0,915.0,1017.3333333333334,-0.08585365853658533,27.69,1416.9333333333334
210,2010,12,Uttar Pradesh,Allahabad,28.47,27.6,969.0,937.0,1025.0,1112.0,1024.6666666666667,0.03415154749199578,27.09,1360.1186440677966
210,2011,12,Uttar Pradesh,Allahabad,28.36,26.17,923.0,969.0,937.0,1025.0,977.0,-0.047471620227038214,28.47,1526.8095238095239
210,2012,12,Uttar Pradesh,Allahabad,28.88,26.47,917.0,923.0,969.0,937.0,943.0,-0.00650054171180936,28.36,1586.5967741935483
210,2013,12,Uttar Pradesh,Allahabad,27.07,19.79,731.0,917.0,923.0,969.0,936.3333333333334,-0.20283533260632503,28.88,1458.9322033898304
210,2014,12,Uttar Pradesh,Allahabad,25.67,17.77,692.0,731.0,917.0,923.0,857.0,-0.05335157318741446,27.07,1524.3559322033898
210,2015,12,Uttar Pradesh,Allahabad,28.82,26.02,903.0,692.0,731.0,917.0,780.0,0.3049132947976878,25.67,1426.6896551724137
210,2016,12,Uttar Pradesh,Allahabad,27.34,26.07,953.0,903.0,692.0,731.0,775.3333333333334,0.05537098560354381,28.82,1464.7166666666667
210,2017,12,Uttar Pradesh,Allahabad,18.17,13.55,746.0,953.0,903.0,692.0,849.3333333333334,-0.21720881427072403,27.34,1620.1724137931035
210,2018,12,Uttar Pradesh,Allahabad,23.92,32.15,1344.0,746.0,953.0,903.0,867.3333333333334,0.8016085790884719,18.17,1712.9016393442623
210,2019,12,Uttar Pradesh,Allahabad,27.04,33.32,1232.0,1344.0,746.0,953.0,1014.3333333333334,-0.08333333333333337,23.92,1894.1833333333334
211,1993,12,Uttar Pradesh,Jhansi,0.06,0.04,667.0,1000.0,750.0,1000.0,916.6666666666666,-0.33299999999999996,0.04,1126.1132075471698
211,1994,12,Uttar Pradesh,Jhansi,0.12,0.06,500.0,667.0,1000.0,750.0,805.6666666666666,-0.2503748125937032,0.06,1007.6603773584906
211,1995,12,Uttar Pradesh,Jhansi,0.01,0.01,1000.0,500.0,667.0,1000.0,722.3333333333334,1.0,0.12,1217.4285714285713
211,1996,12,Uttar Pradesh,Jhansi,0.01,0.01,1000.0,1000.0,500.0,667.0,722.3333333333334,0.0,0.01,1118.625
211,1997,12,Uttar Pradesh,Jhansi,0.01,0.02,2000.0,1000.0,1000.0,500.0,833.3333333333334,1.0,0.01,1335.6029411764705
211,1998,12,Uttar Pradesh,Jhansi,0.01,0.01,1000.0,2000.0,1000.0,1000.0,1333.3333333333333,-0.5,0.01,1130.3970588235295
211,1999,12,Uttar Pradesh,Jhansi,0.14,0.17,1214.0,1000.0,2000.0,1000.0,1333.3333333333333,0.21399999999999997,0.01,1361.2424242424242
211,2000,12,Uttar Pradesh,Jhansi,0.15,0.16,1067.0,1214.0,1000.0,2000.0,1404.6666666666667,-0.12108731466227352,0.14,1263.7462686567164
211,2001,12,Uttar Pradesh,Jhansi,0.1,0.09,900.0,1067.0,1214.0,1000.0,1093.6666666666667,-0.1565135895032802,0.15,1174.7910447761194
211,2002,12,Uttar Pradesh,Jhansi,0.06,0.06,1000.0,900.0,1067.0,1214.0,1060.3333333333333,0.11111111111111116,0.1,1196.323076923077
211,2003,12,Uttar Pradesh,Jhansi,0.04,0.02,500.0,1000.0,900.0,1067.0,989.0,-0.5,0.06,1157.3809523809523
211,2004,12,Uttar Pradesh,Jhansi,0.02,0.02,1000.0,500.0,1000.0,900.0,800.0,1.0,0.04,1357.09375
211,2005,12,Uttar Pradesh,Jhansi,0.04,0.04,1000.0,1000.0,500.0,1000.0,833.3333333333334,0.0,0.02,1305.0819672131147
211,2006,12,Uttar Pradesh,Jhansi,0.1,0.19,1900.0,1000.0,1000.0,500.0,833.3333333333334,0.8999999999999999,0.04,1386.5333333333333
211,2007,12,Uttar Pradesh,Jhansi,0.31,0.16,516.0,1900.0,1000.0,1000.0,1300.0,-0.728421052631579,0.1,1324.3125
211,2008,12,Uttar Pradesh,Jhansi,0.04,0.02,500.0,516.0,1900.0,1000.0,1138.6666666666667,-0.03100775193798455,0.31,1478.2131147540983
211,2009,12,Uttar Pradesh,Jhansi,0.06,0.06,1000.0,500.0,516.0,1900.0,972.0,1.0,0.04,1416.9333333333334
211,2010,12,Uttar Pradesh,Jhansi,0.02,0.02,1000.0,1000.0,500.0,516.0,672.0,0.0,0.06,1360.1186440677966
211,2011,12,Uttar Pradesh,Jhansi,0.01,0.01,1000.0,1000.0,1000.0,500.0,833.3333333333334,0.0,0.02,1526.8095238095239
211,2012,12,Uttar Pradesh,Jhansi,0.04,0.08,2000.0,1000.0,1000.0,1000.0,1000.0,1.0,0.01,1586.5967741935483
211,2014,12,Uttar Pradesh,Jhansi,4.92,3.95,803.0,2000.0,1000.0,1000.0,1333.3333333333333,-0.5985,0.04,1524.3559322033898
211,2015,12,Uttar Pradesh,Jhansi,0.02,0.02,1000.0,803.0,2000.0,1000.0,1267.6666666666667,0.24533001245330022,4.92,1426.6896551724137
211,2016,12,Uttar Pradesh,Jhansi,0.01,0.02,1154.0,1000.0,803.0,2000.0,1267.6666666666667,0.15399999999999991,0.02,1464.7166666666667
211,2018,12,Uttar Pradesh,Jhansi,0.01,0.01,1429.0,1154.0,1000.0,803.0,985.6666666666666,0.23830155979202772,0.01,1712.9016393442623
211,2019,12,Uttar Pradesh,Jhansi,0.02,0.04,1870.0,1429.0,1154.0,1000.0,1194.3333333333333,0.3086074177746676,0.01,1894.1833333333334
212,1998,12,Uttar Pradesh,Lalitpur,0.03,0.04,1333.0,1400.0,727.0,692.0,939.6666666666666,-0.04785714285714282,0.05,1130.3970588235295
212,1999,12,Uttar Pradesh,Lalitpur,0.02,0.02,1000.0,1333.0,1400.0,727.0,1153.3333333333333,-0.24981245311327827,0.03,1361.2424242424242
212,2001,12,Uttar Pradesh,Lalitpur,0.17,0.15,882.0,1000.0,1333.0,1400.0,1244.3333333333333,-0.118,0.02,1174.7910447761194
212,2007,12,Uttar Pradesh,Lalitpur,0.09,0.04,444.0,882.0,1000.0,1333.0,1071.6666666666667,-0.4965986394557823,0.17,1324.3125
213,1993,12,Uttar Pradesh,Jalaun,15.56,11.29,726.0,927.0,746.0,976.0,883.0,-0.21682847896440127,17.6,1126.1132075471698
213,1994,12,Uttar Pradesh,Jalaun,13.26,10.28,775.0,726.0,927.0,746.0,799.6666666666666,0.06749311294765836,15.56,1007.6603773584906
213,1995,12,Uttar Pradesh,Jalaun,14.68,18.46,1257.0,775.0,726.0,927.0,809.3333333333334,0.6219354838709676,13.26,1217.4285714285713
213,1996,12,Uttar Pradesh,Jalaun,12.3,12.09,983.0,1257.0,775.0,726.0,919.3333333333334,-0.21797931583134444,14.68,1118.625
213,1997,12,Uttar Pradesh,Jalaun,12.92,18.33,1419.0,983.0,1257.0,775.0,1005.0,0.44354018311291954,12.3,1335.6029411764705
213,1998,12,Uttar Pradesh,Jalaun,12.89,14.95,1160.0,1419.0,983.0,1257.0,1219.6666666666667,-0.18252290345313604,12.92,1130.3970588235295
213,1999,12,Uttar Pradesh,Jalaun,11.99,15.41,1285.0,1160.0,1419.0,983.0,1187.3333333333333,0.10775862068965525,12.89,1361.2424242424242
213,2000,12,Uttar Pradesh,Jalaun,12.93,13.38,1035.0,1285.0,1160.0,1419.0,1288.0,-0.19455252918287935,11.99,1263.7462686567164
213,2001,12,Uttar Pradesh,Jalaun,11.77,10.58,899.0,1035.0,1285.0,1160.0,1160.0,-0.13140096618357489,12.93,1174.7910447761194
213,2002,12,Uttar Pradesh,Jalaun,12.06,11.98,993.0,899.0,1035.0,1285.0,1073.0,0.1045606229143492,11.77,1196.323076923077
213,2003,12,Uttar Pradesh,Jalaun,15.94,7.33,460.0,993.0,899.0,1035.0,975.6666666666666,-0.5367573011077542,12.06,1157.3809523809523
213,2004,12,Uttar Pradesh,Jalaun,13.79,11.65,845.0,460.0,993.0,899.0,784.0,0.8369565217391304,15.94,1357.09375
213,2005,12,Uttar Pradesh,Jalaun,12.49,13.09,1048.0,845.0,460.0,993.0,766.0,0.24023668639053253,13.79,1305.0819672131147
213,2006,12,Uttar Pradesh,Jalaun,14.39,26.29,1827.0,1048.0,845.0,460.0,784.3333333333334,0.7433206106870229,12.49,1386.5333333333333
213,2007,12,Uttar Pradesh,Jalaun,17.34,8.69,501.0,1827.0,1048.0,845.0,1240.0,-0.7257799671592775,14.39,1324.3125
213,2008,12,Uttar Pradesh,Jalaun,12.95,8.9,687.0,501.0,1827.0,1048.0,1125.3333333333333,0.37125748502994016,17.34,1478.2131147540983
213,2009,12,Uttar Pradesh,Jalaun,17.3,15.23,880.0,687.0,501.0,1827.0,1005.0,0.28093158660844253,12.95,1416.9333333333334
213,2010,12,Uttar Pradesh,Jalaun,15.39,13.17,856.0,880.0,687.0,501.0,689.3333333333334,-0.027272727272727226,17.3,1360.1186440677966
213,2011,12,Uttar Pradesh,Jalaun,14.07,13.09,930.0,856.0,880.0,687.0,807.6666666666666,0.08644859813084116,15.39,1526.8095238095239
213,2012,12,Uttar Pradesh,Jalaun,13.11,23.4,1785.0,930.0,856.0,880.0,888.6666666666666,0.9193548387096775,14.07,1586.5967741935483
213,2013,12,Uttar Pradesh,Jalaun,11.92,8.0,671.0,1785.0,930.0,856.0,1190.3333333333333,-0.6240896358543417,13.11,1458.9322033898304
213,2014,12,Uttar Pradesh,Jalaun,15.68,12.93,825.0,671.0,1785.0,930.0,1128.6666666666667,0.2295081967213115,11.92,1524.3559322033898
213,2015,12,Uttar Pradesh,Jalaun,13.2,11.66,883.0,825.0,671.0,1785.0,1093.6666666666667,0.07030303030303031,15.68,1426.6896551724137
213,2016,12,Uttar Pradesh,Jalaun,14.76,16.98,1150.0,883.0,825.0,671.0,793.0,0.30237825594563983,13.2,1464.7166666666667
213,2017,12,Uttar Pradesh,Jalaun,15.03,24.31,1617.0,1150.0,883.0,825.0,952.6666666666666,0.4060869565217391,14.76,1620.1724137931035
213,2018,12,Uttar Pradesh,Jalaun,15.33,23.52,1535.0,1617.0,1150.0,883.0,1216.6666666666667,-0.05071119356833642,15.03,1712.9016393442623
213,2019,12,Uttar Pradesh,Jalaun,14.66,27.73,1891.0,1535.0,1617.0,1150.0,1434.0,0.23192182410423445,15.33,1894.1833333333334
214,1993,12,Uttar Pradesh,Hamirpur,0.78,0.52,667.0,935.0,750.0,679.0,788.0,-0.28663101604278074,0.46,1126.1132075471698
214,1994,12,Uttar Pradesh,Hamirpur,0.41,0.21,512.0,667.0,935.0,750.0,784.0,-0.23238380809595205,0.78,1007.6603773584906
214,1995,12,Uttar Pradesh,Hamirpur,0.55,0.41,745.0,512.0,667.0,935.0,704.6666666666666,0.455078125,0.41,1217.4285714285713
214,1996,12,Uttar Pradesh,Hamirpur,0.86,0.6,698.0,745.0,512.0,667.0,641.3333333333334,-0.06308724832214763,0.55,1118.625
214,1997,12,Uttar Pradesh,Hamirpur,0.38,0.3,789.0,698.0,745.0,512.0,651.6666666666666,0.1303724928366763,0.86,1335.6029411764705
214,1998,12,Uttar Pradesh,Hamirpur,0.58,0.32,552.0,789.0,698.0,745.0,744.0,-0.30038022813688214,0.38,1130.3970588235295
214,1999,12,Uttar Pradesh,Hamirpur,0.61,0.26,426.0,552.0,789.0,698.0,679.6666666666666,-0.2282608695652174,0.58,1361.2424242424242
214,2000,12,Uttar Pradesh,Hamirpur,0.41,0.35,854.0,426.0,552.0,789.0,589.0,1.004694835680751,0.61,1263.7462686567164
214,2001,12,Uttar Pradesh,Hamirpur,0.32,0.23,719.0,854.0,426.0,552.0,610.6666666666666,-0.15807962529274,0.41,1174.7910447761194
214,2002,12,Uttar Pradesh,Hamirpur,0.48,0.21,438.0,719.0,854.0,426.0,666.3333333333334,-0.3908205841446454,0.32,1196.323076923077
214,2003,12,Uttar Pradesh,Hamirpur,0.55,0.47,855.0,438.0,719.0,854.0,670.3333333333334,0.952054794520548,0.48,1157.3809523809523
214,2004,12,Uttar Pradesh,Hamirpur,0.24,0.33,1375.0,855.0,438.0,719.0,670.6666666666666,0.6081871345029239,0.55,1357.09375
214,2005,12,Uttar Pradesh,Hamirpur,0.56,0.58,1036.0,1375.0,855.0,438.0,889.3333333333334,-0.2465454545454545,0.24,1305.0819672131147
214,2006,12,Uttar Pradesh,Hamirpur,0.31,0.35,1129.0,1036.0,1375.0,855.0,1088.6666666666667,0.08976833976833976,0.56,1386.5333333333333
214,2007,12,Uttar Pradesh,Hamirpur,0.6,0.69,1150.0,1129.0,1036.0,1375.0,1180.0,0.01860053144375562,0.31,1324.3125
214,2008,12,Uttar Pradesh,Hamirpur,0.32,0.39,1219.0,1150.0,1129.0,1036.0,1105.0,0.06000000000000005,0.6,1478.2131147540983
214,2009,12,Uttar Pradesh,Hamirpur,0.55,0.34,618.0,1219.0,1150.0,1129.0,1166.0,-0.49302707136997537,0.32,1416.9333333333334
214,2010,12,Uttar Pradesh,Hamirpur,0.54,0.32,593.0,618.0,1219.0,1150.0,995.6666666666666,-0.04045307443365698,0.55,1360.1186440677966
214,2011,12,Uttar Pradesh,Hamirpur,0.32,0.25,781.0,593.0,618.0,1219.0,810.0,0.31703204047217537,0.54,1526.8095238095239
214,2012,12,Uttar Pradesh,Hamirpur,0.32,0.54,1688.0,781.0,593.0,618.0,664.0,1.1613316261203583,0.32,1586.5967741935483
214,2013,12,Uttar Pradesh,Hamirpur,0.36,0.62,1722.0,1688.0,781.0,593.0,1020.6666666666666,0.020142180094786744,0.32,1458.9322033898304
214,2014,12,Uttar Pradesh,Hamirpur,0.39,0.28,718.0,1722.0,1688.0,781.0,1397.0,-0.5830429732868757,0.36,1524.3559322033898
214,2015,12,Uttar Pradesh,Hamirpur,0.69,0.24,348.0,718.0,1722.0,1688.0,1376.0,-0.5153203342618384,0.39,1426.6896551724137
214,2016,12,Uttar Pradesh,Hamirpur,0.19,0.15,789.0,348.0,718.0,1722.0,929.3333333333334,1.2672413793103448,0.69,1464.7166666666667
214,2017,12,Uttar Pradesh,Hamirpur,0.65,0.68,1041.0,789.0,348.0,718.0,618.3333333333334,0.31939163498098866,0.19,1620.1724137931035
214,2018,12,Uttar Pradesh,Hamirpur,0.18,0.09,486.0,1041.0,789.0,348.0,726.0,-0.5331412103746398,0.65,1712.9016393442623
214,2019,12,Uttar Pradesh,Hamirpur,0.51,0.95,1846.0,486.0,1041.0,789.0,772.0,2.7983539094650207,0.18,1894.1833333333334
215,1993,12,Uttar Pradesh,Banda,11.61,9.46,815.0,733.0,699.0,903.0,778.3333333333334,0.11186903137789894,12.45,1126.1132075471698
215,1994,12,Uttar Pradesh,Banda,10.55,5.45,517.0,815.0,733.0,699.0,749.0,-0.3656441717791411,11.61,1007.6603773584906
215,1995,12,Uttar Pradesh,Banda,11.03,8.31,753.0,517.0,815.0,733.0,688.3333333333334,0.4564796905222437,10.55,1217.4285714285713
215,1996,12,Uttar Pradesh,Banda,11.79,8.19,695.0,753.0,517.0,815.0,695.0,-0.0770252324037185,11.03,1118.625
215,1997,12,Uttar Pradesh,Banda,2.94,2.3,782.0,695.0,753.0,517.0,655.0,0.12517985611510785,11.79,1335.6029411764705
215,1998,12,Uttar Pradesh,Banda,3.36,1.85,551.0,782.0,695.0,753.0,743.3333333333334,-0.2953964194373402,2.94,1130.3970588235295
215,1999,12,Uttar Pradesh,Banda,2.99,1.29,431.0,551.0,782.0,695.0,676.0,-0.21778584392014522,3.36,1361.2424242424242
215,2000,12,Uttar Pradesh,Banda,2.79,2.35,842.0,431.0,551.0,782.0,588.0,0.9535962877030162,2.99,1263.7462686567164
215,2001,12,Uttar Pradesh,Banda,3.8,2.75,724.0,842.0,431.0,551.0,608.0,-0.14014251781472686,2.79,1174.7910447761194
215,2002,12,Uttar Pradesh,Banda,2.68,0.92,343.0,724.0,842.0,431.0,665.6666666666666,-0.5262430939226519,3.8,1196.323076923077
215,2003,12,Uttar Pradesh,Banda,2.79,2.03,728.0,343.0,724.0,842.0,636.3333333333334,1.1224489795918369,2.68,1157.3809523809523
215,2004,12,Uttar Pradesh,Banda,2.03,2.16,1064.0,728.0,343.0,724.0,598.3333333333334,0.46153846153846145,2.79,1357.09375
215,2005,12,Uttar Pradesh,Banda,2.16,2.16,1000.0,1064.0,728.0,343.0,711.6666666666666,-0.06015037593984962,2.03,1305.0819672131147
215,2006,12,Uttar Pradesh,Banda,2.09,1.75,837.0,1000.0,1064.0,728.0,930.6666666666666,-0.16300000000000003,2.16,1386.5333333333333
215,2007,12,Uttar Pradesh,Banda,3.14,2.61,831.0,837.0,1000.0,1064.0,967.0,-0.007168458781361964,2.09,1324.3125
215,2008,12,Uttar Pradesh,Banda,3.13,2.58,824.0,831.0,837.0,1000.0,889.3333333333334,-0.008423586040914532,3.14,1478.2131147540983
215,2009,12,Uttar Pradesh,Banda,4.53,2.99,660.0,824.0,831.0,837.0,830.6666666666666,-0.19902912621359226,3.13,1416.9333333333334
215,2010,12,Uttar Pradesh,Banda,4.25,3.19,751.0,660.0,824.0,831.0,771.6666666666666,0.13787878787878793,4.53,1360.1186440677966
215,2011,12,Uttar Pradesh,Banda,3.92,3.68,939.0,751.0,660.0,824.0,745.0,0.25033288948069243,4.25,1526.8095238095239
215,2012,12,Uttar Pradesh,Banda,2.68,3.82,1425.0,939.0,751.0,660.0,783.3333333333334,0.5175718849840256,3.92,1586.5967741935483
215,2013,12,Uttar Pradesh,Banda,1.04,1.27,1221.0,1425.0,939.0,751.0,1038.3333333333333,-0.14315789473684215,2.68,1458.9322033898304
215,2014,12,Uttar Pradesh,Banda,3.96,3.67,927.0,1221.0,1425.0,939.0,1195.0,-0.24078624078624078,1.04,1524.3559322033898
215,2015,12,Uttar Pradesh,Banda,3.33,1.49,447.0,927.0,1221.0,1425.0,1191.0,-0.5177993527508091,3.96,1426.6896551724137
215,2016,12,Uttar Pradesh,Banda,3.69,3.55,963.0,447.0,927.0,1221.0,865.0,1.1543624161073827,3.33,1464.7166666666667
215,2017,12,Uttar Pradesh,Banda,3.25,6.09,1874.0,963.0,447.0,927.0,779.0,0.9460020768431983,3.69,1620.1724137931035
215,2018,12,Uttar Pradesh,Banda,3.59,3.63,1013.0,1874.0,963.0,447.0,1094.6666666666667,-0.45944503735325504,3.25,1712.9016393442623
215,2019,12,Uttar Pradesh,Banda,3.27,5.99,1833.0,1013.0,1874.0,963.0,1283.3333333333333,0.8094768015794669,3.59,1894.1833333333334
216,1993,12,Uttar Pradesh,Varanasi,18.25,25.65,1405.0,1604.0,693.0,1450.0,1249.0,-0.12406483790523692,16.9,1126.1132075471698
216,1994,12,Uttar Pradesh,Varanasi,17.31,20.13,1163.0,1405.0,1604.0,693.0,1234.0,-0.17224199288256226,18.25,1007.6603773584906
216,1995,12,Uttar Pradesh,Varanasi,9.29,11.51,1239.0,1163.0,1405.0,1604.0,1390.6666666666667,0.0653482373172829,17.31,1217.4285714285713
216,1996,12,Uttar Pradesh,Varanasi,8.96,8.7,971.0,1239.0,1163.0,1405.0,1269.0,-0.2163034705407587,9.29,1118.625
216,1997,12,Uttar Pradesh,Varanasi,5.36,5.69,1062.0,971.0,1239.0,1163.0,1124.3333333333333,0.09371781668383106,8.96,1335.6029411764705
216,1998,12,Uttar Pradesh,Varanasi,5.25,6.74,1284.0,1062.0,971.0,1239.0,1090.6666666666667,0.20903954802259883,5.36,1130.3970588235295
216,1999,12,Uttar Pradesh,Varanasi,5.26,5.01,952.0,1284.0,1062.0,971.0,1105.6666666666667,-0.25856697819314645,5.25,1361.2424242424242
216,2000,12,Uttar Pradesh,Varanasi,5.2,5.07,975.0,952.0,1284.0,1062.0,1099.3333333333333,0.024159663865546133,5.26,1263.7462686567164
216,2001,12,Uttar Pradesh,Varanasi,4.17,3.76,902.0,975.0,952.0,1284.0,1070.3333333333333,-0.07487179487179485,5.2,1174.7910447761194
216,2002,12,Uttar Pradesh,Varanasi,4.76,4.51,947.0,902.0,975.0,952.0,943.0,0.04988913525498884,4.17,1196.323076923077
216,2003,12,Uttar Pradesh,Varanasi,4.0,4.43,1108.0,947.0,902.0,975.0,941.3333333333334,0.1700105596620909,4.76,1157.3809523809523
216,2004,12,Uttar Pradesh,Varanasi,2.98,2.78,933.0,1108.0,947.0,902.0,985.6666666666666,-0.15794223826714804,4.0,1357.09375
216,2005,12,Uttar Pradesh,Varanasi,4.34,5.8,1336.0,933.0,1108.0,947.0,996.0,0.43193997856377275,2.98,1305.0819672131147
216,2006,12,Uttar Pradesh,Varanasi,4.43,6.21,1402.0,1336.0,933.0,1108.0,1125.6666666666667,0.04940119760479034,4.34,1386.5333333333333
216,2007,12,Uttar Pradesh,Varanasi,4.3,4.64,1079.0,1402.0,1336.0,933.0,1223.6666666666667,-0.23038516405135523,4.43,1324.3125
216,2008,12,Uttar Pradesh,Varanasi,4.34,4.74,1092.0,1079.0,1402.0,1336.0,1272.3333333333333,0.012048192771084265,4.3,1478.2131147540983
216,2009,12,Uttar Pradesh,Varanasi,5.56,6.6,1187.0,1092.0,1079.0,1402.0,1191.0,0.08699633699633691,4.34,1416.9333333333334
216,2010,12,Uttar Pradesh,Varanasi,5.39,6.22,1154.0,1187.0,1092.0,1079.0,1119.3333333333333,-0.02780117944397642,5.56,1360.1186440677966
216,2011,12,Uttar Pradesh,Varanasi,5.47,8.67,1585.0,1154.0,1187.0,1092.0,1144.3333333333333,0.37348353552859614,5.39,1526.8095238095239
216,2012,12,Uttar Pradesh,Varanasi,5.47,6.87,1256.0,1585.0,1154.0,1187.0,1308.6666666666667,-0.20757097791798107,5.47,1586.5967741935483
216,2013,12,Uttar Pradesh,Varanasi,5.28,5.55,1051.0,1256.0,1585.0,1154.0,1331.6666666666667,-0.16321656050955413,5.47,1458.9322033898304
216,2014,12,Uttar Pradesh,Varanasi,5.43,5.9,1087.0,1051.0,1256.0,1585.0,1297.3333333333333,0.03425309229305418,5.28,1524.3559322033898
216,2015,12,Uttar Pradesh,Varanasi,5.25,3.96,754.0,1087.0,1051.0,1256.0,1131.3333333333333,-0.30634774609015636,5.43,1426.6896551724137
216,2016,12,Uttar Pradesh,Varanasi,5.05,3.55,704.0,754.0,1087.0,1051.0,964.0,-0.06631299734748008,5.25,1464.7166666666667
216,2017,12,Uttar Pradesh,Varanasi,6.2,5.89,950.0,704.0,754.0,1087.0,848.3333333333334,0.3494318181818181,5.05,1620.1724137931035
216,2018,12,Uttar Pradesh,Varanasi,4.92,8.72,1773.0,950.0,704.0,754.0,802.6666666666666,0.8663157894736842,6.2,1712.9016393442623
216,2019,12,Uttar Pradesh,Varanasi,5.54,8.11,1463.0,1773.0,950.0,704.0,1142.3333333333333,-0.1748448956570784,4.92,1894.1833333333334
217,1993,12,Uttar Pradesh,Mirzpur,11.74,19.28,1642.0,1199.0,693.0,1019.0,970.3333333333334,0.36947456213511254,11.28,1126.1132075471698
217,1994,12,Uttar Pradesh,Mirzpur,11.66,13.87,1190.0,1642.0,1199.0,693.0,1178.0,-0.2752740560292326,11.74,1007.6603773584906
217,1995,12,Uttar Pradesh,Mirzpur,12.1,21.36,1765.0,1190.0,1642.0,1199.0,1343.6666666666667,0.48319327731092443,11.66,1217.4285714285713
217,1996,12,Uttar Pradesh,Mirzpur,10.87,14.03,1291.0,1765.0,1190.0,1642.0,1532.3333333333333,-0.26855524079320114,12.1,1118.625
217,1997,12,Uttar Pradesh,Mirzpur,11.65,16.05,1378.0,1291.0,1765.0,1190.0,1415.3333333333333,0.06738962044926411,10.87,1335.6029411764705
217,1998,12,Uttar Pradesh,Mirzpur,12.49,16.99,1360.0,1378.0,1291.0,1765.0,1478.0,-0.013062409288824406,11.65,1130.3970588235295
217,1999,12,Uttar Pradesh,Mirzpur,11.51,10.34,898.0,1360.0,1378.0,1291.0,1343.0,-0.3397058823529412,12.49,1361.2424242424242
217,2000,12,Uttar Pradesh,Mirzpur,11.2,14.95,1335.0,898.0,1360.0,1378.0,1212.0,0.4866369710467706,11.51,1263.7462686567164
217,2001,12,Uttar Pradesh,Mirzpur,10.89,12.66,1163.0,1335.0,898.0,1360.0,1197.6666666666667,-0.12883895131086143,11.2,1174.7910447761194
217,2002,12,Uttar Pradesh,Mirzpur,8.96,9.18,1025.0,1163.0,1335.0,898.0,1132.0,-0.11865864144453997,10.89,1196.323076923077
217,2003,12,Uttar Pradesh,Mirzpur,10.48,12.79,1220.0,1025.0,1163.0,1335.0,1174.3333333333333,0.19024390243902434,8.96,1157.3809523809523
217,2004,12,Uttar Pradesh,Mirzpur,10.09,8.85,877.0,1220.0,1025.0,1163.0,1136.0,-0.2811475409836065,10.48,1357.09375
217,2005,12,Uttar Pradesh,Mirzpur,9.28,11.72,1263.0,877.0,1220.0,1025.0,1040.6666666666667,0.4401368301026225,10.09,1305.0819672131147
217,2006,12,Uttar Pradesh,Mirzpur,9.22,9.04,980.0,1263.0,877.0,1220.0,1120.0,-0.22406967537608868,9.28,1386.5333333333333
217,2007,12,Uttar Pradesh,Mirzpur,9.21,9.42,1023.0,980.0,1263.0,877.0,1040.0,0.043877551020408134,9.22,1324.3125
217,2008,12,Uttar Pradesh,Mirzpur,8.8,8.02,911.0,1023.0,980.0,1263.0,1088.6666666666667,-0.10948191593352885,9.21,1478.2131147540983
217,2009,12,Uttar Pradesh,Mirzpur,9.88,12.16,1231.0,911.0,1023.0,980.0,971.3333333333334,0.3512623490669593,8.8,1416.9333333333334
217,2010,12,Uttar Pradesh,Mirzpur,9.7,13.9,1433.0,1231.0,911.0,1023.0,1055.0,0.16409423233143783,9.88,1360.1186440677966
217,2011,12,Uttar Pradesh,Mirzpur,9.57,13.45,1405.0,1433.0,1231.0,911.0,1191.6666666666667,-0.01953942777390094,9.7,1526.8095238095239
217,2012,12,Uttar Pradesh,Mirzpur,9.57,13.05,1364.0,1405.0,1433.0,1231.0,1356.3333333333333,-0.02918149466192166,9.57,1586.5967741935483
217,2013,12,Uttar Pradesh,Mirzpur,13.86,16.73,1207.0,1364.0,1405.0,1433.0,1400.6666666666667,-0.11510263929618769,9.57,1458.9322033898304
217,2014,12,Uttar Pradesh,Mirzpur,8.43,10.94,1298.0,1207.0,1364.0,1405.0,1325.3333333333333,0.07539353769676893,13.86,1524.3559322033898
217,2015,12,Uttar Pradesh,Mirzpur,9.27,9.85,1063.0,1298.0,1207.0,1364.0,1289.6666666666667,-0.18104776579352855,8.43,1426.6896551724137
217,2016,12,Uttar Pradesh,Mirzpur,9.54,11.89,1246.0,1063.0,1298.0,1207.0,1189.3333333333333,0.1721542803386642,9.27,1464.7166666666667
217,2017,12,Uttar Pradesh,Mirzpur,9.88,11.65,1179.0,1246.0,1063.0,1298.0,1202.3333333333333,-0.0537720706260032,9.54,1620.1724137931035
217,2018,12,Uttar Pradesh,Mirzpur,9.71,14.7,1514.0,1179.0,1246.0,1063.0,1162.6666666666667,0.2841391009329941,9.88,1712.9016393442623
217,2019,12,Uttar Pradesh,Mirzpur,9.41,12.65,1344.0,1514.0,1179.0,1246.0,1313.0,-0.11228533685601061,9.71,1894.1833333333334
218,1993,12,Uttar Pradesh,Jaunpur,6.11,6.88,1126.0,1089.0,929.0,929.0,982.3333333333334,0.03397612488521573,5.51,1126.1132075471698
218,1994,12,Uttar Pradesh,Jaunpur,6.14,5.27,858.0,1126.0,1089.0,929.0,1048.0,-0.2380106571936057,6.11,1007.6603773584906
218,1995,12,Uttar Pradesh,Jaunpur,5.0,5.96,1192.0,858.0,1126.0,1089.0,1024.3333333333333,0.3892773892773893,6.14,1217.4285714285713
218,1996,12,Uttar Pradesh,Jaunpur,4.86,4.51,928.0,1192.0,858.0,1126.0,1058.6666666666667,-0.2214765100671141,5.0,1118.625
218,1997,12,Uttar Pradesh,Jaunpur,5.44,5.77,1061.0,928.0,1192.0,858.0,992.6666666666666,0.14331896551724133,4.86,1335.6029411764705
218,1998,12,Uttar Pradesh,Jaunpur,5.85,5.28,903.0,1061.0,928.0,1192.0,1060.3333333333333,-0.14891611687087658,5.44,1130.3970588235295
218,1999,12,Uttar Pradesh,Jaunpur,5.36,5.11,953.0,903.0,1061.0,928.0,964.0,0.05537098560354381,5.85,1361.2424242424242
218,2000,12,Uttar Pradesh,Jaunpur,4.9,7.54,1539.0,953.0,903.0,1061.0,972.3333333333334,0.6149003147953831,5.36,1263.7462686567164
218,2001,12,Uttar Pradesh,Jaunpur,5.14,3.33,648.0,1539.0,953.0,903.0,1131.6666666666667,-0.5789473684210527,4.9,1174.7910447761194
218,2002,12,Uttar Pradesh,Jaunpur,4.56,5.19,1138.0,648.0,1539.0,953.0,1046.6666666666667,0.7561728395061729,5.14,1196.323076923077
218,2003,12,Uttar Pradesh,Jaunpur,5.02,3.87,771.0,1138.0,648.0,1539.0,1108.3333333333333,-0.32249560632688923,4.56,1157.3809523809523
218,2004,12,Uttar Pradesh,Jaunpur,5.43,5.92,1090.0,771.0,1138.0,648.0,852.3333333333334,0.41374837872892356,5.02,1357.09375
218,2005,12,Uttar Pradesh,Jaunpur,5.29,6.61,1250.0,1090.0,771.0,1138.0,999.6666666666666,0.14678899082568808,5.43,1305.0819672131147
218,2006,12,Uttar Pradesh,Jaunpur,5.49,6.6,1202.0,1250.0,1090.0,771.0,1037.0,-0.03839999999999999,5.29,1386.5333333333333
218,2007,12,Uttar Pradesh,Jaunpur,5.71,6.22,1089.0,1202.0,1250.0,1090.0,1180.6666666666667,-0.09400998336106492,5.49,1324.3125
218,2008,12,Uttar Pradesh,Jaunpur,5.55,5.27,950.0,1089.0,1202.0,1250.0,1180.3333333333333,-0.12764003673094582,5.71,1478.2131147540983
218,2009,12,Uttar Pradesh,Jaunpur,5.58,7.88,1412.0,950.0,1089.0,1202.0,1080.3333333333333,0.48631578947368426,5.55,1416.9333333333334
218,2010,12,Uttar Pradesh,Jaunpur,6.12,8.27,1351.0,1412.0,950.0,1089.0,1150.3333333333333,-0.043201133144475934,5.58,1360.1186440677966
218,2011,12,Uttar Pradesh,Jaunpur,6.04,9.51,1575.0,1351.0,1412.0,950.0,1237.6666666666667,0.16580310880829008,6.12,1526.8095238095239
218,2012,12,Uttar Pradesh,Jaunpur,5.5,7.78,1415.0,1575.0,1351.0,1412.0,1446.0,-0.10158730158730156,6.04,1586.5967741935483
218,2013,12,Uttar Pradesh,Jaunpur,10.29,8.96,871.0,1415.0,1575.0,1351.0,1447.0,-0.384452296819788,5.5,1458.9322033898304
218,2014,12,Uttar Pradesh,Jaunpur,6.63,8.22,1240.0,871.0,1415.0,1575.0,1287.0,0.42365097588978196,10.29,1524.3559322033898
218,2015,12,Uttar Pradesh,Jaunpur,5.91,6.6,1117.0,1240.0,871.0,1415.0,1175.3333333333333,-0.09919354838709682,6.63,1426.6896551724137
218,2016,12,Uttar Pradesh,Jaunpur,6.75,7.83,1160.0,1117.0,1240.0,871.0,1076.0,0.038495971351835356,5.91,1464.7166666666667
218,2017,12,Uttar Pradesh,Jaunpur,4.94,5.8,1174.0,1160.0,1117.0,1240.0,1172.3333333333333,0.012068965517241459,6.75,1620.1724137931035
218,2018,12,Uttar Pradesh,Jaunpur,5.96,7.51,1261.0,1174.0,1160.0,1117.0,1150.3333333333333,0.07410562180579205,4.94,1712.9016393442623
218,2019,12,Uttar Pradesh,Jaunpur,7.09,11.04,1556.0,1261.0,1174.0,1160.0,1198.3333333333333,0.23394131641554328,5.96,1894.1833333333334
219,1993,12,Uttar Pradesh,Ghazipur,13.92,18.22,1309.0,1222.0,962.0,1112.0,1098.6666666666667,0.07119476268412428,12.39,1126.1132075471698
219,1994,12,Uttar Pradesh,Ghazipur,11.16,6.83,612.0,1309.0,1222.0,962.0,1164.3333333333333,-0.5324675324675325,13.92,1007.6603773584906
219,1995,12,Uttar Pradesh,Ghazipur,12.96,11.23,867.0,612.0,1309.0,1222.0,1047.6666666666667,0.41666666666666674,11.16,1217.4285714285713
219,1996,12,Uttar Pradesh,Ghazipur,12.71,12.44,979.0,867.0,612.0,1309.0,929.3333333333334,0.12918108419838514,12.96,1118.625
219,1997,12,Uttar Pradesh,Ghazipur,11.39,6.89,605.0,979.0,867.0,612.0,819.3333333333334,-0.3820224719101124,12.71,1335.6029411764705
219,1998,12,Uttar Pradesh,Ghazipur,11.52,12.35,1072.0,605.0,979.0,867.0,817.0,0.771900826446281,11.39,1130.3970588235295
219,1999,12,Uttar Pradesh,Ghazipur,10.92,10.42,954.0,1072.0,605.0,979.0,885.3333333333334,-0.1100746268656716,11.52,1361.2424242424242
219,2000,12,Uttar Pradesh,Ghazipur,9.89,12.2,1234.0,954.0,1072.0,605.0,877.0,0.29350104821802936,10.92,1263.7462686567164
219,2001,12,Uttar Pradesh,Ghazipur,9.76,9.51,974.0,1234.0,954.0,1072.0,1086.6666666666667,-0.21069692058346845,9.89,1174.7910447761194
219,2002,12,Uttar Pradesh,Ghazipur,9.83,10.31,1049.0,974.0,1234.0,954.0,1054.0,0.07700205338809041,9.76,1196.323076923077
219,2003,12,Uttar Pradesh,Ghazipur,11.29,10.7,948.0,1049.0,974.0,1234.0,1085.6666666666667,-0.09628217349857005,9.83,1157.3809523809523
219,2004,12,Uttar Pradesh,Ghazipur,10.81,15.28,1414.0,948.0,1049.0,974.0,990.3333333333334,0.49156118143459926,11.29,1357.09375
219,2005,12,Uttar Pradesh,Ghazipur,13.98,19.02,1361.0,1414.0,948.0,1049.0,1137.0,-0.0374823196605375,10.81,1305.0819672131147
219,2006,12,Uttar Pradesh,Ghazipur,14.14,19.98,1413.0,1361.0,1414.0,948.0,1241.0,0.038207200587803136,13.98,1386.5333333333333
219,2007,12,Uttar Pradesh,Ghazipur,13.89,19.97,1438.0,1413.0,1361.0,1414.0,1396.0,0.017692852087756616,14.14,1324.3125
219,2008,12,Uttar Pradesh,Ghazipur,13.69,19.35,1413.0,1438.0,1413.0,1361.0,1404.0,-0.017385257301808066,13.89,1478.2131147540983
219,2009,12,Uttar Pradesh,Ghazipur,14.44,23.92,1657.0,1413.0,1438.0,1413.0,1421.3333333333333,0.17268223637650393,13.69,1416.9333333333334
219,2010,12,Uttar Pradesh,Ghazipur,13.84,19.55,1413.0,1657.0,1413.0,1438.0,1502.6666666666667,-0.1472540736270368,14.44,1360.1186440677966
219,2011,12,Uttar Pradesh,Ghazipur,14.57,22.48,1543.0,1413.0,1657.0,1413.0,1494.3333333333333,0.0920028308563341,13.84,1526.8095238095239
219,2012,12,Uttar Pradesh,Ghazipur,16.15,24.46,1515.0,1543.0,1413.0,1657.0,1537.6666666666667,-0.018146467919637033,14.57,1586.5967741935483
219,2013,12,Uttar Pradesh,Ghazipur,14.99,11.0,734.0,1515.0,1543.0,1413.0,1490.3333333333333,-0.5155115511551155,16.15,1458.9322033898304
219,2014,12,Uttar Pradesh,Ghazipur,13.04,23.38,1793.0,734.0,1515.0,1543.0,1264.0,1.4427792915531334,14.99,1524.3559322033898
219,2015,12,Uttar Pradesh,Ghazipur,17.32,30.0,1732.0,1793.0,734.0,1515.0,1347.3333333333333,-0.03402119353039601,13.04,1426.6896551724137
219,2016,12,Uttar Pradesh,Ghazipur,15.53,10.54,679.0,1732.0,1793.0,734.0,1419.6666666666667,-0.6079676674364896,17.32,1464.7166666666667
219,2017,12,Uttar Pradesh,Ghazipur,14.76,15.48,1049.0,679.0,1732.0,1793.0,1401.3333333333333,0.544918998527246,15.53,1620.1724137931035
219,2018,12,Uttar Pradesh,Ghazipur,15.85,28.36,1790.0,1049.0,679.0,1732.0,1153.3333333333333,0.7063870352716872,14.76,1712.9016393442623
219,2019,12,Uttar Pradesh,Ghazipur,14.57,19.53,1340.0,1790.0,1049.0,679.0,1172.6666666666667,-0.25139664804469275,15.85,1894.1833333333334
220,1993,12,Uttar Pradesh,Ballia,2.7,3.04,1126.0,1092.0,929.0,931.0,984.0,0.031135531135531025,2.83,1126.1132075471698
220,1994,12,Uttar Pradesh,Ballia,3.26,2.8,859.0,1126.0,1092.0,929.0,1049.0,-0.2371225577264654,2.7,1007.6603773584906
220,1995,12,Uttar Pradesh,Ballia,3.21,3.83,1193.0,859.0,1126.0,1092.0,1025.6666666666667,0.3888242142025611,3.26,1217.4285714285713
220,1996,12,Uttar Pradesh,Ballia,1.54,1.43,929.0,1193.0,859.0,1126.0,1059.3333333333333,-0.2212908633696563,3.21,1118.625
220,1997,12,Uttar Pradesh,Ballia,1.72,1.76,1023.0,929.0,1193.0,859.0,993.6666666666666,0.10118406889128084,1.54,1335.6029411764705
220,1998,12,Uttar Pradesh,Ballia,1.92,2.38,1240.0,1023.0,929.0,1193.0,1048.3333333333333,0.21212121212121215,1.72,1130.3970588235295
220,1999,12,Uttar Pradesh,Ballia,0.82,1.32,1610.0,1240.0,1023.0,929.0,1064.0,0.2983870967741935,1.92,1361.2424242424242
220,2000,12,Uttar Pradesh,Ballia,1.49,1.17,785.0,1610.0,1240.0,1023.0,1291.0,-0.5124223602484472,0.82,1263.7462686567164
220,2001,12,Uttar Pradesh,Ballia,1.85,2.19,1184.0,785.0,1610.0,1240.0,1211.6666666666667,0.5082802547770702,1.49,1174.7910447761194
220,2002,12,Uttar Pradesh,Ballia,1.59,2.13,1340.0,1184.0,785.0,1610.0,1193.0,0.1317567567567568,1.85,1196.323076923077
220,2003,12,Uttar Pradesh,Ballia,1.65,2.22,1345.0,1340.0,1184.0,785.0,1103.0,0.003731343283582156,1.59,1157.3809523809523
220,2004,12,Uttar Pradesh,Ballia,1.59,2.62,1648.0,1345.0,1340.0,1184.0,1289.6666666666667,0.22527881040892184,1.65,1357.09375
220,2005,12,Uttar Pradesh,Ballia,1.92,2.98,1552.0,1648.0,1345.0,1340.0,1444.3333333333333,-0.058252427184465994,1.59,1305.0819672131147
220,2006,12,Uttar Pradesh,Ballia,2.1,3.26,1552.0,1552.0,1648.0,1345.0,1515.0,0.0,1.92,1386.5333333333333
220,2007,12,Uttar Pradesh,Ballia,1.75,2.72,1554.0,1552.0,1552.0,1648.0,1584.0,0.0012886597938144284,2.1,1324.3125
220,2008,12,Uttar Pradesh,Ballia,1.19,2.04,1714.0,1554.0,1552.0,1552.0,1552.6666666666667,0.10296010296010305,1.75,1478.2131147540983
220,2009,12,Uttar Pradesh,Ballia,1.89,3.21,1698.0,1714.0,1554.0,1552.0,1606.6666666666667,-0.009334889148191361,1.19,1416.9333333333334
220,2010,12,Uttar Pradesh,Ballia,1.89,2.02,1069.0,1698.0,1714.0,1554.0,1655.3333333333333,-0.3704358068315665,1.89,1360.1186440677966
220,2011,12,Uttar Pradesh,Ballia,1.9,2.46,1295.0,1069.0,1698.0,1714.0,1493.6666666666667,0.21141253507951352,1.89,1526.8095238095239
220,2012,12,Uttar Pradesh,Ballia,2.06,3.96,1922.0,1295.0,1069.0,1698.0,1354.0,0.48416988416988427,1.9,1586.5967741935483
220,2013,12,Uttar Pradesh,Ballia,1.77,2.25,1271.0,1922.0,1295.0,1069.0,1428.6666666666667,-0.33870967741935487,2.06,1458.9322033898304
220,2014,12,Uttar Pradesh,Ballia,2.01,4.0,1990.0,1271.0,1922.0,1295.0,1496.0,0.5656963021243115,1.77,1524.3559322033898
220,2015,12,Uttar Pradesh,Ballia,2.27,4.11,1811.0,1990.0,1271.0,1922.0,1727.6666666666667,-0.08994974874371864,2.01,1426.6896551724137
220,2016,12,Uttar Pradesh,Ballia,1.95,3.71,1901.0,1811.0,1990.0,1271.0,1690.6666666666667,0.049696300386526726,2.27,1464.7166666666667
220,2017,12,Uttar Pradesh,Ballia,1.98,3.83,1931.0,1901.0,1811.0,1990.0,1900.6666666666667,0.015781167806417695,1.95,1620.1724137931035
220,2018,12,Uttar Pradesh,Ballia,1.8,3.75,2080.0,1931.0,1901.0,1811.0,1881.0,0.07716209218021741,1.98,1712.9016393442623
220,2019,12,Uttar Pradesh,Ballia,0.46,0.99,2159.0,2080.0,1931.0,1901.0,1970.6666666666667,0.03798076923076921,1.8,1894.1833333333334
221,1993,12,Uttar Pradesh,Gorakhpur,0.56,0.85,1518.0,1560.0,1216.0,1107.0,1294.3333333333333,-0.02692307692307694,0.5,1126.1132075471698
221,1994,12,Uttar Pradesh,Gorakhpur,0.41,0.55,1341.0,1518.0,1560.0,1216.0,1431.3333333333333,-0.11660079051383399,0.56,1007.6603773584906
221,1995,12,Uttar Pradesh,Gorakhpur,0.35,0.63,1800.0,1341.0,1518.0,1560.0,1473.0,0.34228187919463093,0.41,1217.4285714285713
221,1996,12,Uttar Pradesh,Gorakhpur,0.6,0.92,1533.0,1800.0,1341.0,1518.0,1553.0,-0.14833333333333332,0.35,1118.625
221,1997,12,Uttar Pradesh,Gorakhpur,0.63,1.06,1683.0,1533.0,1800.0,1341.0,1558.0,0.09784735812133083,0.6,1335.6029411764705
221,1998,12,Uttar Pradesh,Gorakhpur,0.27,0.43,1593.0,1683.0,1533.0,1800.0,1672.0,-0.053475935828877,0.63,1130.3970588235295
221,1999,12,Uttar Pradesh,Gorakhpur,0.38,0.68,1789.0,1593.0,1683.0,1533.0,1603.0,0.1230382925298179,0.27,1361.2424242424242
221,2000,12,Uttar Pradesh,Gorakhpur,0.28,0.47,1679.0,1789.0,1593.0,1683.0,1688.3333333333333,-0.061486864169927324,0.38,1263.7462686567164
221,2001,12,Uttar Pradesh,Gorakhpur,0.14,0.19,1357.0,1679.0,1789.0,1593.0,1687.0,-0.1917808219178082,0.28,1174.7910447761194
221,2002,12,Uttar Pradesh,Gorakhpur,0.21,0.31,1476.0,1357.0,1679.0,1789.0,1608.3333333333333,0.08769344141488578,0.14,1196.323076923077
221,2003,12,Uttar Pradesh,Gorakhpur,0.15,0.23,1533.0,1476.0,1357.0,1679.0,1504.0,0.03861788617886175,0.21,1157.3809523809523
221,2004,12,Uttar Pradesh,Gorakhpur,0.37,0.62,1676.0,1533.0,1476.0,1357.0,1455.3333333333333,0.09328114807566856,0.15,1357.09375
221,2005,12,Uttar Pradesh,Gorakhpur,0.11,0.18,1636.0,1676.0,1533.0,1476.0,1561.6666666666667,-0.023866348448687402,0.37,1305.0819672131147
221,2006,12,Uttar Pradesh,Gorakhpur,0.09,0.14,1556.0,1636.0,1676.0,1533.0,1615.0,-0.0488997555012225,0.11,1386.5333333333333
221,2007,12,Uttar Pradesh,Gorakhpur,0.05,0.08,1600.0,1556.0,1636.0,1676.0,1622.6666666666667,0.028277634961439535,0.09,1324.3125
221,2008,12,Uttar Pradesh,Gorakhpur,0.02,0.03,1500.0,1600.0,1556.0,1636.0,1597.3333333333333,-0.0625,0.05,1478.2131147540983
221,2009,12,Uttar Pradesh,Gorakhpur,0.04,0.06,1500.0,1500.0,1600.0,1556.0,1552.0,0.0,0.02,1416.9333333333334
221,2010,12,Uttar Pradesh,Gorakhpur,0.02,0.04,2000.0,1500.0,1500.0,1600.0,1533.3333333333333,0.33333333333333326,0.04,1360.1186440677966
221,2011,12,Uttar Pradesh,Gorakhpur,0.01,0.01,1000.0,2000.0,1500.0,1500.0,1666.6666666666667,-0.5,0.02,1526.8095238095239
221,2012,12,Uttar Pradesh,Gorakhpur,0.01,0.01,1000.0,1000.0,2000.0,1500.0,1500.0,0.0,0.01,1586.5967741935483
221,2013,12,Uttar Pradesh,Gorakhpur,0.01,0.01,1000.0,1000.0,1000.0,2000.0,1333.3333333333333,0.0,0.01,1458.9322033898304
221,2015,12,Uttar Pradesh,Gorakhpur,0.02,0.03,1500.0,1000.0,1000.0,1000.0,1000.0,0.5,0.01,1426.6896551724137
221,2016,12,Uttar Pradesh,Gorakhpur,0.01,0.02,1875.0,1500.0,1000.0,1000.0,1166.6666666666667,0.25,0.02,1464.7166666666667
221,2017,12,Uttar Pradesh,Gorakhpur,0.01,0.02,1889.0,1875.0,1500.0,1000.0,1458.3333333333333,0.0074666666666667325,0.01,1620.1724137931035
221,2018,12,Uttar Pradesh,Gorakhpur,0.01,0.02,2143.0,1889.0,1875.0,1500.0,1754.6666666666667,0.13446267866596084,0.01,1712.9016393442623
221,2019,12,Uttar Pradesh,Gorakhpur,0.01,0.02,2125.0,2143.0,1889.0,1875.0,1969.0,-0.008399440037330841,0.01,1894.1833333333334
222,1993,12,Uttar Pradesh,Deoria,0.7,1.08,1543.0,1575.0,1200.0,1114.0,1296.3333333333333,-0.02031746031746029,0.73,1126.1132075471698
222,1994,12,Uttar Pradesh,Deoria,0.82,1.09,1329.0,1543.0,1575.0,1200.0,1439.3333333333333,-0.13869086195722613,0.7,1007.6603773584906
222,1995,12,Uttar Pradesh,Deoria,0.68,1.23,1809.0,1329.0,1543.0,1575.0,1482.3333333333333,0.3611738148984198,0.82,1217.4285714285713
222,1996,12,Uttar Pradesh,Deoria,0.56,0.85,1518.0,1809.0,1329.0,1543.0,1560.3333333333333,-0.16086235489220568,0.68,1118.625
222,1997,12,Uttar Pradesh,Deoria,1.17,1.97,1684.0,1518.0,1809.0,1329.0,1552.0,0.10935441370223975,0.56,1335.6029411764705
222,1998,12,Uttar Pradesh,Deoria,0.54,0.86,1593.0,1684.0,1518.0,1809.0,1670.3333333333333,-0.05403800475059384,1.17,1130.3970588235295
222,1999,12,Uttar Pradesh,Deoria,0.41,0.73,1780.0,1593.0,1684.0,1518.0,1598.3333333333333,0.11738857501569355,0.54,1361.2424242424242
222,2000,12,Uttar Pradesh,Deoria,0.38,0.64,1684.0,1780.0,1593.0,1684.0,1685.6666666666667,-0.053932584269662964,0.41,1263.7462686567164
222,2001,12,Uttar Pradesh,Deoria,0.24,0.34,1417.0,1684.0,1780.0,1593.0,1685.6666666666667,-0.15855106888361048,0.38,1174.7910447761194
222,2002,12,Uttar Pradesh,Deoria,0.28,0.42,1500.0,1417.0,1684.0,1780.0,1627.0,0.05857445306986597,0.24,1196.323076923077
222,2003,12,Uttar Pradesh,Deoria,0.35,0.52,1486.0,1500.0,1417.0,1684.0,1533.6666666666667,-0.009333333333333305,0.28,1157.3809523809523
222,2004,12,Uttar Pradesh,Deoria,0.26,0.43,1654.0,1486.0,1500.0,1417.0,1467.6666666666667,0.11305518169582762,0.35,1357.09375
222,2005,12,Uttar Pradesh,Deoria,0.22,0.36,1636.0,1654.0,1486.0,1500.0,1546.6666666666667,-0.010882708585247869,0.26,1305.0819672131147
222,2006,12,Uttar Pradesh,Deoria,0.18,0.28,1556.0,1636.0,1654.0,1486.0,1592.0,-0.0488997555012225,0.22,1386.5333333333333
222,2007,12,Uttar Pradesh,Deoria,0.17,0.26,1529.0,1556.0,1636.0,1654.0,1615.3333333333333,-0.01735218508997427,0.18,1324.3125
222,2008,12,Uttar Pradesh,Deoria,0.12,0.2,1667.0,1529.0,1556.0,1636.0,1573.6666666666667,0.0902550686723349,0.17,1478.2131147540983
222,2009,12,Uttar Pradesh,Deoria,0.25,0.42,1680.0,1667.0,1529.0,1556.0,1584.0,0.007798440311937549,0.12,1416.9333333333334
222,2010,12,Uttar Pradesh,Deoria,0.16,0.27,1688.0,1680.0,1667.0,1529.0,1625.3333333333333,0.004761904761904745,0.25,1360.1186440677966
222,2011,12,Uttar Pradesh,Deoria,0.16,0.31,1938.0,1688.0,1680.0,1667.0,1678.3333333333333,0.1481042654028435,0.16,1526.8095238095239
222,2012,12,Uttar Pradesh,Deoria,0.05,0.1,2000.0,1938.0,1688.0,1680.0,1768.6666666666667,0.031991744066047545,0.16,1586.5967741935483
222,2013,12,Uttar Pradesh,Deoria,0.21,0.44,2095.0,2000.0,1938.0,1688.0,1875.3333333333333,0.0475000000000001,0.05,1458.9322033898304
222,2014,12,Uttar Pradesh,Deoria,0.16,0.32,2000.0,2095.0,2000.0,1938.0,2011.0,-0.04534606205250602,0.21,1524.3559322033898
222,2015,12,Uttar Pradesh,Deoria,0.25,0.45,1800.0,2000.0,2095.0,2000.0,2031.6666666666667,-0.09999999999999998,0.16,1426.6896551724137
222,2016,12,Uttar Pradesh,Deoria,0.24,0.45,1831.0,1800.0,2000.0,2095.0,1965.0,0.01722222222222225,0.25,1464.7166666666667
222,2017,12,Uttar Pradesh,Deoria,0.15,0.29,1932.0,1831.0,1800.0,2000.0,1877.0,0.055161114145275914,0.24,1620.1724137931035
222,2018,12,Uttar Pradesh,Deoria,0.19,0.41,2215.0,1932.0,1831.0,1800.0,1854.3333333333333,0.1464803312629399,0.15,1712.9016393442623
222,2019,12,Uttar Pradesh,Deoria,0.14,0.31,2194.0,2215.0,1932.0,1831.0,1992.6666666666667,-0.00948081264108347,0.19,1894.1833333333334
223,1993,12,Uttar Pradesh,Basti,0.1,0.16,1600.0,1588.0,1167.0,1111.0,1288.6666666666667,0.007556675062972307,0.17,1126.1132075471698
223,1994,12,Uttar Pradesh,Basti,0.25,0.33,1320.0,1600.0,1588.0,1167.0,1451.6666666666667,-0.17500000000000004,0.1,1007.6603773584906
223,1995,12,Uttar Pradesh,Basti,0.19,0.34,1789.0,1320.0,1600.0,1588.0,1502.6666666666667,0.35530303030303023,0.25,1217.4285714285713
223,1996,12,Uttar Pradesh,Basti,0.26,0.4,1538.0,1789.0,1320.0,1600.0,1569.6666666666667,-0.1403018446059251,0.19,1118.625
223,1997,12,Uttar Pradesh,Basti,0.08,0.15,1875.0,1538.0,1789.0,1320.0,1549.0,0.21911573472041623,0.26,1335.6029411764705
223,1998,12,Uttar Pradesh,Basti,0.01,0.02,2000.0,1875.0,1538.0,1789.0,1734.0,0.06666666666666665,0.08,1130.3970588235295
223,1999,12,Uttar Pradesh,Basti,0.01,0.02,2000.0,2000.0,1875.0,1538.0,1804.3333333333333,0.0,0.01,1361.2424242424242
223,2000,12,Uttar Pradesh,Basti,0.01,0.01,1000.0,2000.0,2000.0,1875.0,1958.3333333333333,-0.5,0.01,1263.7462686567164
223,2001,12,Uttar Pradesh,Basti,0.05,0.09,1800.0,1000.0,2000.0,2000.0,1666.6666666666667,0.8,0.01,1174.7910447761194
223,2002,12,Uttar Pradesh,Basti,0.02,0.03,1500.0,1800.0,1000.0,2000.0,1600.0,-0.16666666666666663,0.05,1196.323076923077
223,2003,12,Uttar Pradesh,Basti,0.05,0.08,1600.0,1500.0,1800.0,1000.0,1433.3333333333333,0.06666666666666665,0.02,1157.3809523809523
223,2004,12,Uttar Pradesh,Basti,0.05,0.09,1800.0,1600.0,1500.0,1800.0,1633.3333333333333,0.125,0.05,1357.09375
223,2005,12,Uttar Pradesh,Basti,0.04,0.07,1750.0,1800.0,1600.0,1500.0,1633.3333333333333,-0.02777777777777779,0.05,1305.0819672131147
223,2006,12,Uttar Pradesh,Basti,0.04,0.07,1750.0,1750.0,1800.0,1600.0,1716.6666666666667,0.0,0.04,1386.5333333333333
223,2007,12,Uttar Pradesh,Basti,0.04,0.06,1500.0,1750.0,1750.0,1800.0,1766.6666666666667,-0.1428571428571429,0.04,1324.3125
223,2008,12,Uttar Pradesh,Basti,0.04,0.07,1750.0,1500.0,1750.0,1750.0,1666.6666666666667,0.16666666666666674,0.04,1478.2131147540983
224,1993,12,Uttar Pradesh,Azamgarh,0.47,0.71,1511.0,1548.0,1194.0,1112.0,1284.6666666666667,-0.02390180878552972,0.31,1126.1132075471698
224,1994,12,Uttar Pradesh,Azamgarh,0.68,0.91,1338.0,1511.0,1548.0,1194.0,1417.6666666666667,-0.11449371277299802,0.47,1007.6603773584906
224,1995,12,Uttar Pradesh,Azamgarh,0.38,0.45,1184.0,1338.0,1511.0,1548.0,1465.6666666666667,-0.1150971599402093,0.68,1217.4285714285713
224,1996,12,Uttar Pradesh,Azamgarh,0.39,0.37,949.0,1184.0,1338.0,1511.0,1344.3333333333333,-0.19847972972972971,0.38,1118.625
224,1997,12,Uttar Pradesh,Azamgarh,0.21,0.22,1048.0,949.0,1184.0,1338.0,1157.0,0.10432033719704958,0.39,1335.6029411764705
224,1998,12,Uttar Pradesh,Azamgarh,0.21,0.26,1238.0,1048.0,949.0,1184.0,1060.3333333333333,0.18129770992366412,0.21,1130.3970588235295
224,1999,12,Uttar Pradesh,Azamgarh,0.19,0.31,1632.0,1238.0,1048.0,949.0,1078.3333333333333,0.31825525040387714,0.21,1361.2424242424242
224,2000,12,Uttar Pradesh,Azamgarh,0.13,0.1,769.0,1632.0,1238.0,1048.0,1306.0,-0.5287990196078431,0.19,1263.7462686567164
224,2001,12,Uttar Pradesh,Azamgarh,0.12,0.14,1167.0,769.0,1632.0,1238.0,1213.0,0.5175552665799741,0.13,1174.7910447761194
224,2002,12,Uttar Pradesh,Azamgarh,0.06,0.08,1333.0,1167.0,769.0,1632.0,1189.3333333333333,0.14224507283633248,0.12,1196.323076923077
224,2003,12,Uttar Pradesh,Azamgarh,0.19,0.26,1368.0,1333.0,1167.0,769.0,1089.6666666666667,0.026256564141035277,0.06,1157.3809523809523
224,2004,12,Uttar Pradesh,Azamgarh,0.4,0.66,1650.0,1368.0,1333.0,1167.0,1289.3333333333333,0.20614035087719307,0.19,1357.09375
224,2005,12,Uttar Pradesh,Azamgarh,0.11,0.17,1545.0,1650.0,1368.0,1333.0,1450.3333333333333,-0.0636363636363636,0.4,1305.0819672131147
224,2006,12,Uttar Pradesh,Azamgarh,0.11,0.18,1636.0,1545.0,1650.0,1368.0,1521.0,0.05889967637540461,0.11,1386.5333333333333
224,2007,12,Uttar Pradesh,Azamgarh,0.1,0.16,1600.0,1636.0,1545.0,1650.0,1610.3333333333333,-0.022004889975550168,0.11,1324.3125
224,2008,12,Uttar Pradesh,Azamgarh,0.06,0.1,1667.0,1600.0,1636.0,1545.0,1593.6666666666667,0.04187500000000011,0.1,1478.2131147540983
224,2009,12,Uttar Pradesh,Azamgarh,0.13,0.21,1615.0,1667.0,1600.0,1636.0,1634.3333333333333,-0.031193761247750418,0.06,1416.9333333333334
224,2010,12,Uttar Pradesh,Azamgarh,0.11,0.12,1091.0,1615.0,1667.0,1600.0,1627.3333333333333,-0.32445820433436534,0.13,1360.1186440677966
224,2011,12,Uttar Pradesh,Azamgarh,0.06,0.08,1333.0,1091.0,1615.0,1667.0,1457.6666666666667,0.22181484876260305,0.11,1526.8095238095239
224,2012,12,Uttar Pradesh,Azamgarh,0.07,0.13,1857.0,1333.0,1091.0,1615.0,1346.3333333333333,0.3930982745686422,0.06,1586.5967741935483
224,2013,12,Uttar Pradesh,Azamgarh,0.12,0.15,1250.0,1857.0,1333.0,1091.0,1427.0,-0.32687129779213786,0.07,1458.9322033898304
224,2014,12,Uttar Pradesh,Azamgarh,0.07,0.14,2000.0,1250.0,1857.0,1333.0,1480.0,0.6000000000000001,0.12,1524.3559322033898
224,2015,12,Uttar Pradesh,Azamgarh,0.03,0.06,2000.0,2000.0,1250.0,1857.0,1702.3333333333333,0.0,0.07,1426.6896551724137
224,2016,12,Uttar Pradesh,Azamgarh,0.11,0.2,1896.0,2000.0,2000.0,1250.0,1750.0,-0.052000000000000046,0.03,1464.7166666666667
224,2017,12,Uttar Pradesh,Azamgarh,0.11,0.22,1929.0,1896.0,2000.0,2000.0,1965.3333333333333,0.017405063291139333,0.11,1620.1724137931035
224,2018,12,Uttar Pradesh,Azamgarh,0.11,0.22,2076.0,1929.0,1896.0,2000.0,1941.6666666666667,0.07620528771384127,0.11,1712.9016393442623
224,2019,12,Uttar Pradesh,Azamgarh,0.11,0.24,2161.0,2076.0,1929.0,1896.0,1967.0,0.040944123314065495,0.11,1894.1833333333334
225,1993,12,Uttar Pradesh,Lucknow,1.93,1.89,979.0,779.0,532.0,605.0,638.6666666666666,0.25673940949935825,1.99,1126.1132075471698
225,1994,12,Uttar Pradesh,Lucknow,1.96,1.87,954.0,979.0,779.0,532.0,763.3333333333334,-0.025536261491317713,1.93,1007.6603773584906
225,1995,12,Uttar Pradesh,Lucknow,1.97,1.92,975.0,954.0,979.0,779.0,904.0,0.022012578616352307,1.96,1217.4285714285713
225,1996,12,Uttar Pradesh,Lucknow,2.22,2.09,941.0,975.0,954.0,979.0,969.3333333333334,-0.034871794871794926,1.97,1118.625
225,1997,12,Uttar Pradesh,Lucknow,2.13,2.35,1103.0,941.0,975.0,954.0,956.6666666666666,0.17215727948990445,2.22,1335.6029411764705
225,1998,12,Uttar Pradesh,Lucknow,1.83,0.92,503.0,1103.0,941.0,975.0,1006.3333333333334,-0.543970988213962,2.13,1130.3970588235295
225,1999,12,Uttar Pradesh,Lucknow,1.87,2.03,1086.0,503.0,1103.0,941.0,849.0,1.159045725646123,1.83,1361.2424242424242
225,2000,12,Uttar Pradesh,Lucknow,1.57,1.23,783.0,1086.0,503.0,1103.0,897.3333333333334,-0.27900552486187846,1.87,1263.7462686567164
225,2001,12,Uttar Pradesh,Lucknow,1.56,1.29,827.0,783.0,1086.0,503.0,790.6666666666666,0.056194125159642505,1.57,1174.7910447761194
225,2002,12,Uttar Pradesh,Lucknow,1.44,1.05,729.0,827.0,783.0,1086.0,898.6666666666666,-0.1185006045949214,1.56,1196.323076923077
225,2003,12,Uttar Pradesh,Lucknow,1.71,1.36,795.0,729.0,827.0,783.0,779.6666666666666,0.09053497942386834,1.44,1157.3809523809523
225,2004,12,Uttar Pradesh,Lucknow,1.47,1.57,1068.0,795.0,729.0,827.0,783.6666666666666,0.34339622641509426,1.71,1357.09375
225,2005,12,Uttar Pradesh,Lucknow,1.51,1.12,742.0,1068.0,795.0,729.0,864.0,-0.30524344569288386,1.47,1305.0819672131147
225,2006,12,Uttar Pradesh,Lucknow,1.34,1.62,1209.0,742.0,1068.0,795.0,868.3333333333334,0.6293800539083558,1.51,1386.5333333333333
225,2007,12,Uttar Pradesh,Lucknow,1.36,1.3,956.0,1209.0,742.0,1068.0,1006.3333333333334,-0.20926385442514472,1.34,1324.3125
225,2008,12,Uttar Pradesh,Lucknow,0.82,0.87,1061.0,956.0,1209.0,742.0,969.0,0.10983263598326354,1.36,1478.2131147540983
225,2009,12,Uttar Pradesh,Lucknow,0.91,0.78,857.0,1061.0,956.0,1209.0,1075.3333333333333,-0.19227144203581525,0.82,1416.9333333333334
225,2010,12,Uttar Pradesh,Lucknow,0.91,1.02,1121.0,857.0,1061.0,956.0,958.0,0.308051341890315,0.91,1360.1186440677966
225,2011,12,Uttar Pradesh,Lucknow,0.9,0.97,1078.0,1121.0,857.0,1061.0,1013.0,-0.038358608385370196,0.91,1526.8095238095239
225,2012,12,Uttar Pradesh,Lucknow,0.81,0.7,864.0,1078.0,1121.0,857.0,1018.6666666666666,-0.1985157699443414,0.9,1586.5967741935483
225,2013,12,Uttar Pradesh,Lucknow,0.79,0.63,797.0,864.0,1078.0,1121.0,1021.0,-0.07754629629629628,0.81,1458.9322033898304
225,2014,12,Uttar Pradesh,Lucknow,0.63,0.67,1063.0,797.0,864.0,1078.0,913.0,0.3337515683814303,0.79,1524.3559322033898
225,2015,12,Uttar Pradesh,Lucknow,0.55,0.64,1164.0,1063.0,797.0,864.0,908.0,0.09501411100658519,0.63,1426.6896551724137
225,2016,12,Uttar Pradesh,Lucknow,0.87,1.24,1423.0,1164.0,1063.0,797.0,1008.0,0.2225085910652922,0.55,1464.7166666666667
225,2017,12,Uttar Pradesh,Lucknow,0.8,0.9,1128.0,1423.0,1164.0,1063.0,1216.6666666666667,-0.20730850316233307,0.87,1620.1724137931035
225,2018,12,Uttar Pradesh,Lucknow,0.71,0.64,904.0,1128.0,1423.0,1164.0,1238.3333333333333,-0.1985815602836879,0.8,1712.9016393442623
225,2019,12,Uttar Pradesh,Lucknow,0.91,1.46,1597.0,904.0,1128.0,1423.0,1151.6666666666667,0.7665929203539823,0.71,1894.1833333333334
226,1993,12,Uttar Pradesh,Unnao,1.55,1.52,981.0,779.0,535.0,606.0,640.0,0.25930680359435176,1.81,1126.1132075471698
226,1994,12,Uttar Pradesh,Unnao,1.52,1.45,954.0,981.0,779.0,535.0,765.0,-0.02752293577981646,1.55,1007.6603773584906
226,1995,12,Uttar Pradesh,Unnao,1.43,1.4,979.0,954.0,981.0,779.0,904.6666666666666,0.026205450733752578,1.52,1217.4285714285713
226,1996,12,Uttar Pradesh,Unnao,1.43,1.35,944.0,979.0,954.0,981.0,971.3333333333334,-0.035750766087844776,1.43,1118.625
226,1997,12,Uttar Pradesh,Unnao,1.1,1.21,1100.0,944.0,979.0,954.0,959.0,0.1652542372881356,1.43,1335.6029411764705
226,1998,12,Uttar Pradesh,Unnao,0.9,0.45,500.0,1100.0,944.0,979.0,1007.6666666666666,-0.5454545454545454,1.1,1130.3970588235295
226,1999,12,Uttar Pradesh,Unnao,0.98,1.07,1092.0,500.0,1100.0,944.0,848.0,1.1840000000000002,0.9,1361.2424242424242
226,2000,12,Uttar Pradesh,Unnao,0.87,0.69,793.0,1092.0,500.0,1100.0,897.3333333333334,-0.27380952380952384,0.98,1263.7462686567164
226,2001,12,Uttar Pradesh,Unnao,0.7,0.58,829.0,793.0,1092.0,500.0,795.0,0.045397225725094525,0.87,1174.7910447761194
226,2002,12,Uttar Pradesh,Unnao,1.09,0.79,725.0,829.0,793.0,1092.0,904.6666666666666,-0.12545235223160434,0.7,1196.323076923077
226,2003,12,Uttar Pradesh,Unnao,1.55,1.23,794.0,725.0,829.0,793.0,782.3333333333334,0.09517241379310337,1.09,1157.3809523809523
226,2004,12,Uttar Pradesh,Unnao,0.45,0.49,1089.0,794.0,725.0,829.0,782.6666666666666,0.371536523929471,1.55,1357.09375
226,2005,12,Uttar Pradesh,Unnao,1.36,1.01,743.0,1089.0,794.0,725.0,869.3333333333334,-0.317722681359045,0.45,1305.0819672131147
226,2006,12,Uttar Pradesh,Unnao,1.48,1.78,1203.0,743.0,1089.0,794.0,875.3333333333334,0.6191117092866756,1.36,1386.5333333333333
226,2007,12,Uttar Pradesh,Unnao,1.8,1.72,956.0,1203.0,743.0,1089.0,1011.6666666666666,-0.20532003325020787,1.48,1324.3125
226,2008,12,Uttar Pradesh,Unnao,1.47,1.55,1054.0,956.0,1203.0,743.0,967.3333333333334,0.10251046025104604,1.8,1478.2131147540983
226,2009,12,Uttar Pradesh,Unnao,1.36,1.18,868.0,1054.0,956.0,1203.0,1071.0,-0.17647058823529416,1.47,1416.9333333333334
226,2010,12,Uttar Pradesh,Unnao,1.46,1.63,1116.0,868.0,1054.0,956.0,959.3333333333334,0.2857142857142858,1.36,1360.1186440677966
226,2011,12,Uttar Pradesh,Unnao,1.41,1.51,1071.0,1116.0,868.0,1054.0,1012.6666666666666,-0.040322580645161255,1.46,1526.8095238095239
226,2012,12,Uttar Pradesh,Unnao,0.81,0.7,864.0,1071.0,1116.0,868.0,1018.3333333333334,-0.19327731092436973,1.41,1586.5967741935483
226,2013,12,Uttar Pradesh,Unnao,0.96,0.77,802.0,864.0,1071.0,1116.0,1017.0,-0.0717592592592593,0.81,1458.9322033898304
226,2014,12,Uttar Pradesh,Unnao,1.12,1.25,1116.0,802.0,864.0,1071.0,912.3333333333334,0.3915211970074812,0.96,1524.3559322033898
226,2015,12,Uttar Pradesh,Unnao,1.11,1.51,1360.0,1116.0,802.0,864.0,927.3333333333334,0.21863799283154117,1.12,1426.6896551724137
226,2016,12,Uttar Pradesh,Unnao,1.22,1.66,1366.0,1360.0,1116.0,802.0,1092.6666666666667,0.004411764705882337,1.11,1464.7166666666667
226,2017,12,Uttar Pradesh,Unnao,1.17,0.74,633.0,1366.0,1360.0,1116.0,1280.6666666666667,-0.5366032210834553,1.22,1620.1724137931035
226,2018,12,Uttar Pradesh,Unnao,1.16,1.05,905.0,633.0,1366.0,1360.0,1119.6666666666667,0.429699842022117,1.17,1712.9016393442623
226,2019,12,Uttar Pradesh,Unnao,1.42,2.27,1597.0,905.0,633.0,1366.0,968.0,0.7646408839779006,1.16,1894.1833333333334
227,1993,12,Uttar Pradesh,Rae - Bareily,1.96,1.92,980.0,777.0,534.0,604.0,638.3333333333334,0.26126126126126126,2.15,1126.1132075471698
227,1994,12,Uttar Pradesh,Rae - Bareily,2.28,2.17,952.0,980.0,777.0,534.0,763.6666666666666,-0.02857142857142858,1.96,1007.6603773584906
227,1995,12,Uttar Pradesh,Rae - Bareily,2.01,1.97,980.0,952.0,980.0,777.0,903.0,0.02941176470588225,2.28,1217.4285714285713
227,1996,12,Uttar Pradesh,Rae - Bareily,2.46,2.32,943.0,980.0,952.0,980.0,970.6666666666666,-0.037755102040816335,2.01,1118.625
227,1997,12,Uttar Pradesh,Rae - Bareily,2.99,3.29,1100.0,943.0,980.0,952.0,958.3333333333334,0.16648992576882282,2.46,1335.6029411764705
227,1998,12,Uttar Pradesh,Rae - Bareily,3.02,1.52,503.0,1100.0,943.0,980.0,1007.6666666666666,-0.5427272727272727,2.99,1130.3970588235295
227,1999,12,Uttar Pradesh,Rae - Bareily,2.58,2.81,1089.0,503.0,1100.0,943.0,848.6666666666666,1.1650099403578529,3.02,1361.2424242424242
227,2000,12,Uttar Pradesh,Rae - Bareily,2.68,2.1,784.0,1089.0,503.0,1100.0,897.3333333333334,-0.2800734618916437,2.58,1263.7462686567164
227,2001,12,Uttar Pradesh,Rae - Bareily,1.41,1.17,830.0,784.0,1089.0,503.0,792.0,0.058673469387755084,2.68,1174.7910447761194
227,2002,12,Uttar Pradesh,Rae - Bareily,1.35,0.92,681.0,830.0,784.0,1089.0,901.0,-0.17951807228915662,1.41,1196.323076923077
227,2003,12,Uttar Pradesh,Rae - Bareily,2.01,1.6,796.0,681.0,830.0,784.0,765.0,0.16886930983847281,1.35,1157.3809523809523
227,2004,12,Uttar Pradesh,Rae - Bareily,1.81,1.94,1072.0,796.0,681.0,830.0,769.0,0.3467336683417086,2.01,1357.09375
227,2005,12,Uttar Pradesh,Rae - Bareily,1.43,1.06,741.0,1072.0,796.0,681.0,849.6666666666666,-0.30876865671641796,1.81,1305.0819672131147
227,2006,12,Uttar Pradesh,Rae - Bareily,1.38,1.67,1210.0,741.0,1072.0,796.0,869.6666666666666,0.6329284750337383,1.43,1386.5333333333333
227,2007,12,Uttar Pradesh,Rae - Bareily,1.42,1.37,965.0,1210.0,741.0,1072.0,1007.6666666666666,-0.2024793388429752,1.38,1324.3125
227,2008,12,Uttar Pradesh,Rae - Bareily,1.25,1.32,1056.0,965.0,1210.0,741.0,972.0,0.09430051813471496,1.42,1478.2131147540983
227,2009,12,Uttar Pradesh,Rae - Bareily,1.14,0.99,868.0,1056.0,965.0,1210.0,1077.0,-0.17803030303030298,1.25,1416.9333333333334
227,2010,12,Uttar Pradesh,Rae - Bareily,0.84,0.94,1119.0,868.0,1056.0,965.0,963.0,0.2891705069124424,1.14,1360.1186440677966
227,2011,12,Uttar Pradesh,Rae - Bareily,0.81,0.87,1074.0,1119.0,868.0,1056.0,1014.3333333333334,-0.04021447721179627,0.84,1526.8095238095239
227,2012,12,Uttar Pradesh,Rae - Bareily,0.52,0.45,865.0,1074.0,1119.0,868.0,1020.3333333333334,-0.1945996275605214,0.81,1586.5967741935483
227,2013,12,Uttar Pradesh,Rae - Bareily,0.67,0.54,806.0,865.0,1074.0,1119.0,1019.3333333333334,-0.06820809248554915,0.52,1458.9322033898304
227,2014,12,Uttar Pradesh,Rae - Bareily,0.62,0.67,1081.0,806.0,865.0,1074.0,915.0,0.34119106699751867,0.67,1524.3559322033898
227,2015,12,Uttar Pradesh,Rae - Bareily,0.53,0.62,1170.0,1081.0,806.0,865.0,917.3333333333334,0.08233117483811281,0.62,1426.6896551724137
227,2016,12,Uttar Pradesh,Rae - Bareily,0.69,0.99,1423.0,1170.0,1081.0,806.0,1019.0,0.21623931623931614,0.53,1464.7166666666667
227,2017,12,Uttar Pradesh,Rae - Bareily,0.72,0.81,1129.0,1423.0,1170.0,1081.0,1224.6666666666667,-0.20660576247364726,0.69,1620.1724137931035
227,2018,12,Uttar Pradesh,Rae - Bareily,0.88,0.79,905.0,1129.0,1423.0,1170.0,1240.6666666666667,-0.19840566873339238,0.72,1712.9016393442623
227,2019,12,Uttar Pradesh,Rae - Bareily,0.59,0.94,1597.0,905.0,1129.0,1423.0,1152.3333333333333,0.7646408839779006,0.88,1894.1833333333334
228,1993,12,Uttar Pradesh,Sitapur,3.36,3.29,979.0,779.0,533.0,605.0,639.0,0.25673940949935825,3.89,1126.1132075471698
228,1994,12,Uttar Pradesh,Sitapur,2.81,2.67,950.0,979.0,779.0,533.0,763.6666666666666,-0.02962206332992845,3.36,1007.6603773584906
228,1995,12,Uttar Pradesh,Sitapur,1.89,1.85,979.0,950.0,979.0,779.0,902.6666666666666,0.030526315789473735,2.81,1217.4285714285713
228,1996,12,Uttar Pradesh,Sitapur,1.92,1.81,943.0,979.0,950.0,979.0,969.3333333333334,-0.036772216547497405,1.89,1118.625
228,1997,12,Uttar Pradesh,Sitapur,2.97,3.28,1104.0,943.0,979.0,950.0,957.3333333333334,0.1707317073170731,1.92,1335.6029411764705
228,1998,12,Uttar Pradesh,Sitapur,2.77,1.39,502.0,1104.0,943.0,979.0,1008.6666666666666,-0.5452898550724637,2.97,1130.3970588235295
228,1999,12,Uttar Pradesh,Sitapur,3.55,3.86,1087.0,502.0,1104.0,943.0,849.6666666666666,1.1653386454183265,2.77,1361.2424242424242
228,2000,12,Uttar Pradesh,Sitapur,3.51,2.75,783.0,1087.0,502.0,1104.0,897.6666666666666,-0.27966881324747006,3.55,1263.7462686567164
228,2001,12,Uttar Pradesh,Sitapur,3.16,2.62,829.0,783.0,1087.0,502.0,790.6666666666666,0.05874840357598976,3.51,1174.7910447761194
228,2002,12,Uttar Pradesh,Sitapur,4.26,2.94,690.0,829.0,783.0,1087.0,899.6666666666666,-0.16767189384800962,3.16,1196.323076923077
228,2003,12,Uttar Pradesh,Sitapur,5.41,4.72,872.0,690.0,829.0,783.0,767.3333333333334,0.2637681159420291,4.26,1157.3809523809523
228,2004,12,Uttar Pradesh,Sitapur,1.69,1.74,1030.0,872.0,690.0,829.0,797.0,0.1811926605504588,5.41,1357.09375
228,2005,12,Uttar Pradesh,Sitapur,4.46,2.92,655.0,1030.0,872.0,690.0,864.0,-0.36407766990291257,1.69,1305.0819672131147
228,2006,12,Uttar Pradesh,Sitapur,4.6,3.49,759.0,655.0,1030.0,872.0,852.3333333333334,0.15877862595419856,4.46,1386.5333333333333
228,2007,12,Uttar Pradesh,Sitapur,5.02,3.38,673.0,759.0,655.0,1030.0,814.6666666666666,-0.11330698287220031,4.6,1324.3125
228,2008,12,Uttar Pradesh,Sitapur,3.2,2.64,825.0,673.0,759.0,655.0,695.6666666666666,0.22585438335809815,5.02,1478.2131147540983
228,2009,12,Uttar Pradesh,Sitapur,3.74,2.12,567.0,825.0,673.0,759.0,752.3333333333334,-0.31272727272727274,3.2,1416.9333333333334
228,2010,12,Uttar Pradesh,Sitapur,3.11,2.54,817.0,567.0,825.0,673.0,688.3333333333334,0.44091710758377434,3.74,1360.1186440677966
228,2011,12,Uttar Pradesh,Sitapur,2.24,2.11,942.0,817.0,567.0,825.0,736.3333333333334,0.15299877600979195,3.11,1526.8095238095239
228,2012,12,Uttar Pradesh,Sitapur,1.99,1.69,849.0,942.0,817.0,567.0,775.3333333333334,-0.0987261146496815,2.24,1586.5967741935483
228,2013,12,Uttar Pradesh,Sitapur,1.87,1.52,813.0,849.0,942.0,817.0,869.3333333333334,-0.04240282685512364,1.99,1458.9322033898304
228,2014,12,Uttar Pradesh,Sitapur,2.48,2.58,1040.0,813.0,849.0,942.0,868.0,0.27921279212792127,1.87,1524.3559322033898
228,2015,12,Uttar Pradesh,Sitapur,2.7,2.57,952.0,1040.0,813.0,849.0,900.6666666666666,-0.08461538461538465,2.48,1426.6896551724137
228,2016,12,Uttar Pradesh,Sitapur,2.52,1.6,637.0,952.0,1040.0,813.0,935.0,-0.3308823529411765,2.7,1464.7166666666667
228,2017,12,Uttar Pradesh,Sitapur,2.36,2.03,862.0,637.0,952.0,1040.0,876.3333333333334,0.3532182103610675,2.52,1620.1724137931035
228,2018,12,Uttar Pradesh,Sitapur,2.9,2.68,922.0,862.0,637.0,952.0,817.0,0.06960556844547572,2.36,1712.9016393442623
228,2019,12,Uttar Pradesh,Sitapur,2.35,1.87,797.0,922.0,862.0,637.0,807.0,-0.13557483731019526,2.9,1894.1833333333334
229,1993,12,Uttar Pradesh,Hardoi,5.69,5.57,979.0,778.0,533.0,606.0,639.0,0.25835475578406175,5.64,1126.1132075471698
229,1994,12,Uttar Pradesh,Hardoi,4.98,4.74,952.0,979.0,778.0,533.0,763.3333333333334,-0.02757916241062308,5.69,1007.6603773584906
229,1995,12,Uttar Pradesh,Hardoi,5.59,5.45,975.0,952.0,979.0,778.0,903.0,0.024159663865546133,4.98,1217.4285714285713
229,1996,12,Uttar Pradesh,Hardoi,5.13,4.83,942.0,975.0,952.0,979.0,968.6666666666666,-0.03384615384615386,5.59,1118.625
229,1997,12,Uttar Pradesh,Hardoi,6.03,6.65,1103.0,942.0,975.0,952.0,956.3333333333334,0.1709129511677283,5.13,1335.6029411764705
229,1998,12,Uttar Pradesh,Hardoi,5.84,2.94,503.0,1103.0,942.0,975.0,1006.6666666666666,-0.543970988213962,6.03,1130.3970588235295
229,1999,12,Uttar Pradesh,Hardoi,4.68,5.1,1090.0,503.0,1103.0,942.0,849.3333333333334,1.1669980119284293,5.84,1361.2424242424242
229,2000,12,Uttar Pradesh,Hardoi,5.1,3.99,782.0,1090.0,503.0,1103.0,898.6666666666666,-0.28256880733944956,4.68,1263.7462686567164
229,2001,12,Uttar Pradesh,Hardoi,4.55,3.77,829.0,782.0,1090.0,503.0,791.6666666666666,0.06010230179028131,5.1,1174.7910447761194
229,2002,12,Uttar Pradesh,Hardoi,2.41,2.01,834.0,829.0,782.0,1090.0,900.3333333333334,0.006031363088057962,4.55,1196.323076923077
229,2003,12,Uttar Pradesh,Hardoi,5.04,3.45,685.0,834.0,829.0,782.0,815.0,-0.17865707434052758,2.41,1157.3809523809523
229,2004,12,Uttar Pradesh,Hardoi,4.48,4.83,1078.0,685.0,834.0,829.0,782.6666666666666,0.5737226277372263,5.04,1357.09375
229,2005,12,Uttar Pradesh,Hardoi,3.97,3.31,834.0,1078.0,685.0,834.0,865.6666666666666,-0.22634508348794058,4.48,1305.0819672131147
229,2006,12,Uttar Pradesh,Hardoi,4.47,7.46,1669.0,834.0,1078.0,685.0,865.6666666666666,1.001199040767386,3.97,1386.5333333333333
229,2007,12,Uttar Pradesh,Hardoi,5.72,6.9,1206.0,1669.0,834.0,1078.0,1193.6666666666667,-0.2774116237267825,4.47,1324.3125
229,2008,12,Uttar Pradesh,Hardoi,4.83,5.77,1195.0,1206.0,1669.0,834.0,1236.3333333333333,-0.009121061359867344,5.72,1478.2131147540983
229,2009,12,Uttar Pradesh,Hardoi,4.37,4.82,1103.0,1195.0,1206.0,1669.0,1356.6666666666667,-0.07698744769874477,4.83,1416.9333333333334
229,2010,12,Uttar Pradesh,Hardoi,3.8,4.46,1174.0,1103.0,1195.0,1206.0,1168.0,0.06436990027198553,4.37,1360.1186440677966
229,2011,12,Uttar Pradesh,Hardoi,4.04,3.94,975.0,1174.0,1103.0,1195.0,1157.3333333333333,-0.16950596252129468,3.8,1526.8095238095239
229,2012,12,Uttar Pradesh,Hardoi,4.03,4.85,1203.0,975.0,1174.0,1103.0,1084.0,0.23384615384615381,4.04,1586.5967741935483
229,2013,12,Uttar Pradesh,Hardoi,3.78,4.49,1188.0,1203.0,975.0,1174.0,1117.3333333333333,-0.012468827930174564,4.03,1458.9322033898304
229,2014,12,Uttar Pradesh,Hardoi,3.83,3.79,990.0,1188.0,1203.0,975.0,1122.0,-0.16666666666666663,3.78,1524.3559322033898
229,2015,12,Uttar Pradesh,Hardoi,3.59,5.1,1421.0,990.0,1188.0,1203.0,1127.0,0.4353535353535354,3.83,1426.6896551724137
229,2016,12,Uttar Pradesh,Hardoi,3.48,4.71,1353.0,1421.0,990.0,1188.0,1199.6666666666667,-0.04785362420830397,3.59,1464.7166666666667
229,2017,12,Uttar Pradesh,Hardoi,3.39,4.39,1292.0,1353.0,1421.0,990.0,1254.6666666666667,-0.04508499630450846,3.48,1620.1724137931035
229,2018,12,Uttar Pradesh,Hardoi,3.47,4.66,1342.0,1292.0,1353.0,1421.0,1355.3333333333333,0.03869969040247678,3.39,1712.9016393442623
229,2019,12,Uttar Pradesh,Hardoi,3.43,6.91,2013.0,1342.0,1292.0,1353.0,1329.0,0.5,3.47,1894.1833333333334
230,1993,12,Uttar Pradesh,Kheri,0.3,0.29,967.0,780.0,533.0,604.0,639.0,0.23974358974358978,0.5,1126.1132075471698
230,1994,12,Uttar Pradesh,Kheri,0.39,0.37,949.0,967.0,780.0,533.0,760.0,-0.018614270941054833,0.3,1007.6603773584906
230,1995,12,Uttar Pradesh,Kheri,0.4,0.39,975.0,949.0,967.0,780.0,898.6666666666666,0.027397260273972712,0.39,1217.4285714285713
230,1996,12,Uttar Pradesh,Kheri,0.27,0.26,963.0,975.0,949.0,967.0,963.6666666666666,-0.012307692307692353,0.4,1118.625
230,1997,12,Uttar Pradesh,Kheri,0.23,0.25,1087.0,963.0,975.0,949.0,962.3333333333334,0.12876427829698867,0.27,1335.6029411764705
230,1998,12,Uttar Pradesh,Kheri,0.2,0.1,500.0,1087.0,963.0,975.0,1008.3333333333334,-0.5400183992640295,0.23,1130.3970588235295
230,1999,12,Uttar Pradesh,Kheri,0.21,0.23,1095.0,500.0,1087.0,963.0,850.0,1.19,0.2,1361.2424242424242
230,2000,12,Uttar Pradesh,Kheri,0.23,0.18,783.0,1095.0,500.0,1087.0,894.0,-0.2849315068493151,0.21,1263.7462686567164
230,2001,12,Uttar Pradesh,Kheri,0.41,0.34,829.0,783.0,1095.0,500.0,792.6666666666666,0.05874840357598976,0.23,1174.7910447761194
230,2002,12,Uttar Pradesh,Kheri,0.4,0.29,725.0,829.0,783.0,1095.0,902.3333333333334,-0.12545235223160434,0.41,1196.323076923077
230,2003,12,Uttar Pradesh,Kheri,0.43,0.35,814.0,725.0,829.0,783.0,779.0,0.12275862068965515,0.4,1157.3809523809523
230,2004,12,Uttar Pradesh,Kheri,0.65,0.69,1062.0,814.0,725.0,829.0,789.3333333333334,0.30466830466830475,0.43,1357.09375
230,2005,12,Uttar Pradesh,Kheri,0.36,0.27,750.0,1062.0,814.0,725.0,867.0,-0.29378531073446323,0.65,1305.0819672131147
230,2006,12,Uttar Pradesh,Kheri,0.36,0.43,1194.0,750.0,1062.0,814.0,875.3333333333334,0.5920000000000001,0.36,1386.5333333333333
230,2007,12,Uttar Pradesh,Kheri,0.28,0.27,964.0,1194.0,750.0,1062.0,1002.0,-0.19262981574539362,0.36,1324.3125
230,2008,12,Uttar Pradesh,Kheri,0.25,0.26,1040.0,964.0,1194.0,750.0,969.3333333333334,0.07883817427385886,0.28,1478.2131147540983
230,2009,12,Uttar Pradesh,Kheri,0.15,0.13,867.0,1040.0,964.0,1194.0,1066.0,-0.1663461538461538,0.25,1416.9333333333334
230,2010,12,Uttar Pradesh,Kheri,0.33,0.37,1121.0,867.0,1040.0,964.0,957.0,0.29296424452133785,0.15,1360.1186440677966
230,2011,12,Uttar Pradesh,Kheri,0.42,0.45,1071.0,1121.0,867.0,1040.0,1009.3333333333334,-0.044603033006244464,0.33,1526.8095238095239
230,2012,12,Uttar Pradesh,Kheri,0.53,0.45,849.0,1071.0,1121.0,867.0,1019.6666666666666,-0.20728291316526615,0.42,1586.5967741935483
230,2013,12,Uttar Pradesh,Kheri,0.55,0.44,800.0,849.0,1071.0,1121.0,1013.6666666666666,-0.05771495877502941,0.53,1458.9322033898304
230,2014,12,Uttar Pradesh,Kheri,0.28,0.31,1107.0,800.0,849.0,1071.0,906.6666666666666,0.38375000000000004,0.55,1524.3559322033898
230,2015,12,Uttar Pradesh,Kheri,0.28,0.32,1143.0,1107.0,800.0,849.0,918.6666666666666,0.03252032520325199,0.28,1426.6896551724137
230,2016,12,Uttar Pradesh,Kheri,0.56,0.8,1424.0,1143.0,1107.0,800.0,1016.6666666666666,0.24584426946631677,0.28,1464.7166666666667
230,2017,12,Uttar Pradesh,Kheri,0.64,0.72,1128.0,1424.0,1143.0,1107.0,1224.6666666666667,-0.2078651685393258,0.56,1620.1724137931035
230,2018,12,Uttar Pradesh,Kheri,0.43,0.39,904.0,1128.0,1424.0,1143.0,1231.6666666666667,-0.1985815602836879,0.64,1712.9016393442623
230,2019,12,Uttar Pradesh,Kheri,0.75,1.2,1597.0,904.0,1128.0,1424.0,1152.0,0.7665929203539823,0.43,1894.1833333333334
231,1993,12,Uttar Pradesh,Faizabad,0.15,0.17,1133.0,971.0,842.0,885.0,899.3333333333334,0.16683831101956748,0.35,1126.1132075471698
231,1994,12,Uttar Pradesh,Faizabad,0.36,0.4,1111.0,1133.0,971.0,842.0,982.0,-0.01941747572815533,0.15,1007.6603773584906
231,1995,12,Uttar Pradesh,Faizabad,0.17,0.2,1176.0,1111.0,1133.0,971.0,1071.6666666666667,0.058505850585058417,0.36,1217.4285714285713
231,1996,12,Uttar Pradesh,Faizabad,0.01,0.01,1000.0,1176.0,1111.0,1133.0,1140.0,-0.1496598639455783,0.17,1118.625
231,1997,12,Uttar Pradesh,Faizabad,0.09,0.1,1111.0,1000.0,1176.0,1111.0,1095.6666666666667,0.11099999999999999,0.01,1335.6029411764705
231,1998,12,Uttar Pradesh,Faizabad,0.01,0.01,1000.0,1111.0,1000.0,1176.0,1095.6666666666667,-0.09990999099909992,0.09,1130.3970588235295
231,1999,12,Uttar Pradesh,Faizabad,0.02,0.04,2000.0,1000.0,1111.0,1000.0,1037.0,1.0,0.01,1361.2424242424242
231,2000,12,Uttar Pradesh,Faizabad,0.02,0.03,1500.0,2000.0,1000.0,1111.0,1370.3333333333333,-0.25,0.02,1263.7462686567164
231,2001,12,Uttar Pradesh,Faizabad,0.02,0.03,1500.0,1500.0,2000.0,1000.0,1500.0,0.0,0.02,1174.7910447761194
231,2002,12,Uttar Pradesh,Faizabad,0.01,0.01,1000.0,1500.0,1500.0,2000.0,1666.6666666666667,-0.33333333333333337,0.02,1196.323076923077
231,2007,12,Uttar Pradesh,Faizabad,0.02,0.03,1500.0,1000.0,1500.0,1500.0,1333.3333333333333,0.5,0.01,1324.3125
231,2008,12,Uttar Pradesh,Faizabad,0.02,0.03,1500.0,1500.0,1000.0,1500.0,1333.3333333333333,0.0,0.02,1478.2131147540983
231,2011,12,Uttar Pradesh,Faizabad,0.01,0.02,2000.0,1500.0,1500.0,1000.0,1333.3333333333333,0.33333333333333326,0.02,1526.8095238095239
231,2012,12,Uttar Pradesh,Faizabad,0.01,0.01,1000.0,2000.0,1500.0,1500.0,1666.6666666666667,-0.5,0.01,1586.5967741935483
231,2014,12,Uttar Pradesh,Faizabad,0.02,0.02,1000.0,1000.0,2000.0,1500.0,1500.0,0.0,0.01,1524.3559322033898
231,2018,12,Uttar Pradesh,Faizabad,0.07,0.14,2075.0,1000.0,1000.0,2000.0,1333.3333333333333,1.0750000000000002,0.02,1712.9016393442623
232,1993,12,Uttar Pradesh,Gonda,0.13,0.15,1154.0,1000.0,769.0,903.0,890.6666666666666,0.15399999999999991,0.12,1126.1132075471698
232,1994,12,Uttar Pradesh,Gonda,0.12,0.13,1083.0,1154.0,1000.0,769.0,974.3333333333334,-0.06152512998266901,0.13,1007.6603773584906
232,1995,12,Uttar Pradesh,Gonda,0.1,0.12,1200.0,1083.0,1154.0,1000.0,1079.0,0.10803324099723,0.12,1217.4285714285713
232,1996,12,Uttar Pradesh,Gonda,0.11,0.09,818.0,1200.0,1083.0,1154.0,1145.6666666666667,-0.31833333333333336,0.1,1118.625
232,1997,12,Uttar Pradesh,Gonda,0.1,0.18,1800.0,818.0,1200.0,1083.0,1033.6666666666667,1.2004889975550124,0.11,1335.6029411764705
232,1998,12,Uttar Pradesh,Gonda,0.1,0.15,1500.0,1800.0,818.0,1200.0,1272.6666666666667,-0.16666666666666663,0.1,1130.3970588235295
232,1999,12,Uttar Pradesh,Gonda,0.11,0.19,1727.0,1500.0,1800.0,818.0,1372.6666666666667,0.15133333333333332,0.1,1361.2424242424242
232,2000,12,Uttar Pradesh,Gonda,0.13,0.22,1692.0,1727.0,1500.0,1800.0,1675.6666666666667,-0.020266357845975635,0.11,1263.7462686567164
232,2001,12,Uttar Pradesh,Gonda,0.1,0.17,1700.0,1692.0,1727.0,1500.0,1639.6666666666667,0.004728132387706863,0.13,1174.7910447761194
232,2002,12,Uttar Pradesh,Gonda,0.03,0.05,1667.0,1700.0,1692.0,1727.0,1706.3333333333333,-0.01941176470588235,0.1,1196.323076923077
232,2003,12,Uttar Pradesh,Gonda,0.08,0.12,1500.0,1667.0,1700.0,1692.0,1686.3333333333333,-0.10017996400719853,0.03,1157.3809523809523
232,2004,12,Uttar Pradesh,Gonda,0.03,0.05,1667.0,1500.0,1667.0,1700.0,1622.3333333333333,0.11133333333333328,0.08,1357.09375
232,2005,12,Uttar Pradesh,Gonda,0.06,0.11,1833.0,1667.0,1500.0,1667.0,1611.3333333333333,0.09958008398320328,0.03,1305.0819672131147
233,1993,12,Uttar Pradesh,Bahraich,0.24,0.28,1167.0,963.0,800.0,900.0,887.6666666666666,0.21183800623052962,0.27,1126.1132075471698
233,1994,12,Uttar Pradesh,Bahraich,0.24,0.26,1083.0,1167.0,963.0,800.0,976.6666666666666,-0.07197943444730082,0.24,1007.6603773584906
233,1995,12,Uttar Pradesh,Bahraich,0.27,0.32,1185.0,1083.0,1167.0,963.0,1071.0,0.09418282548476453,0.24,1217.4285714285713
233,1996,12,Uttar Pradesh,Bahraich,0.31,0.26,839.0,1185.0,1083.0,1167.0,1145.0,-0.29198312236286916,0.27,1118.625
233,1997,12,Uttar Pradesh,Bahraich,0.32,0.56,1750.0,839.0,1185.0,1083.0,1035.6666666666667,1.0858164481525625,0.31,1335.6029411764705
233,1998,12,Uttar Pradesh,Bahraich,0.28,0.42,1500.0,1750.0,839.0,1185.0,1258.0,-0.1428571428571429,0.32,1130.3970588235295
233,1999,12,Uttar Pradesh,Bahraich,0.29,0.49,1690.0,1500.0,1750.0,839.0,1363.0,0.1266666666666667,0.28,1361.2424242424242
233,2000,12,Uttar Pradesh,Bahraich,0.29,0.5,1724.0,1690.0,1500.0,1750.0,1646.6666666666667,0.020118343195266286,0.29,1263.7462686567164
233,2001,12,Uttar Pradesh,Bahraich,0.21,0.34,1619.0,1724.0,1690.0,1500.0,1638.0,-0.06090487238979114,0.29,1174.7910447761194
233,2002,12,Uttar Pradesh,Bahraich,0.02,0.04,2000.0,1619.0,1724.0,1690.0,1677.6666666666667,0.23533045089561466,0.21,1196.323076923077
233,2003,12,Uttar Pradesh,Bahraich,0.09,0.13,1444.0,2000.0,1619.0,1724.0,1781.0,-0.278,0.02,1157.3809523809523
233,2004,12,Uttar Pradesh,Bahraich,0.01,0.01,1000.0,1444.0,2000.0,1619.0,1687.6666666666667,-0.30747922437673125,0.09,1357.09375
233,2005,12,Uttar Pradesh,Bahraich,0.03,0.05,1667.0,1000.0,1444.0,2000.0,1481.3333333333333,0.667,0.01,1305.0819672131147
233,2006,12,Uttar Pradesh,Bahraich,0.03,0.05,1667.0,1667.0,1000.0,1444.0,1370.3333333333333,0.0,0.03,1386.5333333333333
233,2007,12,Uttar Pradesh,Bahraich,0.01,0.02,2000.0,1667.0,1667.0,1000.0,1444.6666666666667,0.1997600479904018,0.03,1324.3125
233,2008,12,Uttar Pradesh,Bahraich,0.01,0.02,2000.0,2000.0,1667.0,1667.0,1778.0,0.0,0.01,1478.2131147540983
233,2009,12,Uttar Pradesh,Bahraich,0.02,0.03,1500.0,2000.0,2000.0,1667.0,1889.0,-0.25,0.01,1416.9333333333334
233,2010,12,Uttar Pradesh,Bahraich,0.03,0.05,1667.0,1500.0,2000.0,2000.0,1833.3333333333333,0.11133333333333328,0.02,1360.1186440677966
233,2011,12,Uttar Pradesh,Bahraich,0.02,0.04,2000.0,1667.0,1500.0,2000.0,1722.3333333333333,0.1997600479904018,0.03,1526.8095238095239
233,2012,12,Uttar Pradesh,Bahraich,0.02,0.04,2000.0,2000.0,1667.0,1500.0,1722.3333333333333,0.0,0.02,1586.5967741935483
233,2013,12,Uttar Pradesh,Bahraich,0.02,0.05,2500.0,2000.0,2000.0,1667.0,1889.0,0.25,0.02,1458.9322033898304
233,2014,12,Uttar Pradesh,Bahraich,0.03,0.05,1667.0,2500.0,2000.0,2000.0,2166.6666666666665,-0.33320000000000005,0.02,1524.3559322033898
233,2015,12,Uttar Pradesh,Bahraich,0.01,0.01,1000.0,1667.0,2500.0,2000.0,2055.6666666666665,-0.4001199760047991,0.03,1426.6896551724137
233,2016,12,Uttar Pradesh,Bahraich,0.02,0.03,1875.0,1000.0,1667.0,2500.0,1722.3333333333333,0.875,0.01,1464.7166666666667
233,2017,12,Uttar Pradesh,Bahraich,0.01,0.03,1929.0,1875.0,1000.0,1667.0,1514.0,0.028799999999999937,0.02,1620.1724137931035
233,2018,12,Uttar Pradesh,Bahraich,0.03,0.06,2033.0,1929.0,1875.0,1000.0,1601.3333333333333,0.05391394504924829,0.01,1712.9016393442623
233,2019,12,Uttar Pradesh,Bahraich,0.03,0.06,2133.0,2033.0,1929.0,1875.0,1945.6666666666667,0.049188391539596754,0.03,1894.1833333333334
234,1993,12,Uttar Pradesh,Sultanpur,0.65,0.75,1154.0,946.0,812.0,886.0,881.3333333333334,0.2198731501057083,0.74,1126.1132075471698
234,1994,12,Uttar Pradesh,Sultanpur,0.54,0.6,1111.0,1154.0,946.0,812.0,970.6666666666666,-0.03726169844020799,0.65,1007.6603773584906
234,1995,12,Uttar Pradesh,Sultanpur,0.63,0.73,1159.0,1111.0,1154.0,946.0,1070.3333333333333,0.04320432043204314,0.54,1217.4285714285713
234,1996,12,Uttar Pradesh,Sultanpur,0.63,0.52,825.0,1159.0,1111.0,1154.0,1141.3333333333333,-0.28817946505608283,0.63,1118.625
234,1997,12,Uttar Pradesh,Sultanpur,0.53,0.55,1038.0,825.0,1159.0,1111.0,1031.6666666666667,0.2581818181818183,0.63,1335.6029411764705
234,1998,12,Uttar Pradesh,Sultanpur,0.51,0.64,1255.0,1038.0,825.0,1159.0,1007.3333333333334,0.2090558766859345,0.53,1130.3970588235295
234,1999,12,Uttar Pradesh,Sultanpur,0.56,0.86,1536.0,1255.0,1038.0,825.0,1039.3333333333333,0.22390438247011946,0.51,1361.2424242424242
234,2000,12,Uttar Pradesh,Sultanpur,0.62,0.96,1548.0,1536.0,1255.0,1038.0,1276.3333333333333,0.0078125,0.56,1263.7462686567164
234,2001,12,Uttar Pradesh,Sultanpur,0.5,0.63,1260.0,1548.0,1536.0,1255.0,1446.3333333333333,-0.18604651162790697,0.62,1174.7910447761194
234,2002,12,Uttar Pradesh,Sultanpur,0.4,0.55,1375.0,1260.0,1548.0,1536.0,1448.0,0.09126984126984117,0.5,1196.323076923077
234,2003,12,Uttar Pradesh,Sultanpur,0.26,0.36,1385.0,1375.0,1260.0,1548.0,1394.3333333333333,0.0072727272727273196,0.4,1157.3809523809523
234,2004,12,Uttar Pradesh,Sultanpur,1.0,1.6,1600.0,1385.0,1375.0,1260.0,1340.0,0.15523465703971118,0.26,1357.09375
234,2005,12,Uttar Pradesh,Sultanpur,0.35,0.53,1514.0,1600.0,1385.0,1375.0,1453.3333333333333,-0.053749999999999964,1.0,1305.0819672131147
234,2006,12,Uttar Pradesh,Sultanpur,0.25,0.38,1520.0,1514.0,1600.0,1385.0,1499.6666666666667,0.003963011889035695,0.35,1386.5333333333333
234,2007,12,Uttar Pradesh,Sultanpur,0.24,0.37,1542.0,1520.0,1514.0,1600.0,1544.6666666666667,0.014473684210526416,0.25,1324.3125
234,2008,12,Uttar Pradesh,Sultanpur,0.25,0.42,1680.0,1542.0,1520.0,1514.0,1525.3333333333333,0.08949416342412442,0.24,1478.2131147540983
234,2009,12,Uttar Pradesh,Sultanpur,0.27,0.45,1667.0,1680.0,1542.0,1520.0,1580.6666666666667,-0.007738095238095211,0.25,1416.9333333333334
234,2010,12,Uttar Pradesh,Sultanpur,0.15,0.13,867.0,1667.0,1680.0,1542.0,1629.6666666666667,-0.47990401919616077,0.27,1360.1186440677966
234,2011,12,Uttar Pradesh,Sultanpur,0.15,0.28,1867.0,867.0,1667.0,1680.0,1404.6666666666667,1.1534025374855825,0.15,1526.8095238095239
234,2012,12,Uttar Pradesh,Sultanpur,0.14,0.12,857.0,1867.0,867.0,1667.0,1467.0,-0.5409748259239422,0.15,1586.5967741935483
234,2013,12,Uttar Pradesh,Sultanpur,0.16,0.15,938.0,857.0,1867.0,867.0,1197.0,0.09451575262543765,0.14,1458.9322033898304
234,2014,12,Uttar Pradesh,Sultanpur,0.17,0.21,1235.0,938.0,857.0,1867.0,1220.6666666666667,0.3166311300639659,0.16,1524.3559322033898
234,2015,12,Uttar Pradesh,Sultanpur,0.13,0.07,538.0,1235.0,938.0,857.0,1010.0,-0.5643724696356276,0.17,1426.6896551724137
234,2016,12,Uttar Pradesh,Sultanpur,0.13,0.11,799.0,538.0,1235.0,938.0,903.6666666666666,0.4851301115241635,0.13,1464.7166666666667
234,2017,12,Uttar Pradesh,Sultanpur,0.13,0.26,1970.0,799.0,538.0,1235.0,857.3333333333334,1.4655819774718397,0.13,1620.1724137931035
234,2018,12,Uttar Pradesh,Sultanpur,0.2,0.42,2069.0,1970.0,799.0,538.0,1102.3333333333333,0.05025380710659899,0.13,1712.9016393442623
234,2019,12,Uttar Pradesh,Sultanpur,0.21,0.46,2164.0,2069.0,1970.0,799.0,1612.6666666666667,0.045915901401643255,0.2,1894.1833333333334
235,1993,12,Uttar Pradesh,Pratapgarh,16.12,15.85,983.0,1170.0,756.0,900.0,942.0,-0.15982905982905982,16.31,1126.1132075471698
235,1994,12,Uttar Pradesh,Pratapgarh,15.73,16.84,1071.0,983.0,1170.0,756.0,969.6666666666666,0.08952187182095628,16.12,1007.6603773584906
235,1995,12,Uttar Pradesh,Pratapgarh,15.44,23.82,1543.0,1071.0,983.0,1170.0,1074.6666666666667,0.4407096171802054,15.73,1217.4285714285713
235,1996,12,Uttar Pradesh,Pratapgarh,14.32,17.8,1243.0,1543.0,1071.0,983.0,1199.0,-0.19442644199611148,15.44,1118.625
235,1997,12,Uttar Pradesh,Pratapgarh,14.32,17.91,1251.0,1243.0,1543.0,1071.0,1285.6666666666667,0.006436041834271933,14.32,1335.6029411764705
235,1998,12,Uttar Pradesh,Pratapgarh,19.82,12.36,624.0,1251.0,1243.0,1543.0,1345.6666666666667,-0.5011990407673861,14.32,1130.3970588235295
235,1999,12,Uttar Pradesh,Pratapgarh,13.99,11.31,808.0,624.0,1251.0,1243.0,1039.3333333333333,0.29487179487179493,19.82,1361.2424242424242
235,2000,12,Uttar Pradesh,Pratapgarh,13.95,14.43,1034.0,808.0,624.0,1251.0,894.3333333333334,0.27970297029702973,13.99,1263.7462686567164
235,2001,12,Uttar Pradesh,Pratapgarh,14.04,16.31,1162.0,1034.0,808.0,624.0,822.0,0.12379110251450687,13.95,1174.7910447761194
235,2002,12,Uttar Pradesh,Pratapgarh,15.01,14.09,939.0,1162.0,1034.0,808.0,1001.3333333333334,-0.19191049913941483,14.04,1196.323076923077
235,2003,12,Uttar Pradesh,Pratapgarh,13.44,16.51,1228.0,939.0,1162.0,1034.0,1045.0,0.30777422790202347,15.01,1157.3809523809523
235,2004,12,Uttar Pradesh,Pratapgarh,14.57,11.67,801.0,1228.0,939.0,1162.0,1109.6666666666667,-0.34771986970684043,13.44,1357.09375
235,2005,12,Uttar Pradesh,Pratapgarh,12.84,12.14,945.0,801.0,1228.0,939.0,989.3333333333334,0.1797752808988764,14.57,1305.0819672131147
235,2006,12,Uttar Pradesh,Pratapgarh,10.16,9.48,933.0,945.0,801.0,1228.0,991.3333333333334,-0.012698412698412653,12.84,1386.5333333333333
235,2007,12,Uttar Pradesh,Pratapgarh,10.08,7.46,740.0,933.0,945.0,801.0,893.0,-0.20685959271168275,10.16,1324.3125
235,2008,12,Uttar Pradesh,Pratapgarh,10.98,7.67,699.0,740.0,933.0,945.0,872.6666666666666,-0.055405405405405395,10.08,1478.2131147540983
235,2009,12,Uttar Pradesh,Pratapgarh,10.62,6.63,624.0,699.0,740.0,933.0,790.6666666666666,-0.10729613733905574,10.98,1416.9333333333334
235,2010,12,Uttar Pradesh,Pratapgarh,10.44,7.92,759.0,624.0,699.0,740.0,687.6666666666666,0.21634615384615374,10.62,1360.1186440677966
235,2011,12,Uttar Pradesh,Pratapgarh,10.31,7.85,761.0,759.0,624.0,699.0,694.0,0.0026350461133068936,10.44,1526.8095238095239
235,2012,12,Uttar Pradesh,Pratapgarh,10.95,8.42,769.0,761.0,759.0,624.0,714.6666666666666,0.010512483574244502,10.31,1586.5967741935483
235,2013,12,Uttar Pradesh,Pratapgarh,10.82,8.85,818.0,769.0,761.0,759.0,763.0,0.06371911573472033,10.95,1458.9322033898304
235,2014,12,Uttar Pradesh,Pratapgarh,9.86,7.73,784.0,818.0,769.0,761.0,782.6666666666666,-0.041564792176039145,10.82,1524.3559322033898
235,2015,12,Uttar Pradesh,Pratapgarh,9.28,6.68,720.0,784.0,818.0,769.0,790.3333333333334,-0.08163265306122447,9.86,1426.6896551724137
235,2016,12,Uttar Pradesh,Pratapgarh,10.28,8.54,831.0,720.0,784.0,818.0,774.0,0.15416666666666656,9.28,1464.7166666666667
235,2017,12,Uttar Pradesh,Pratapgarh,9.44,7.4,784.0,831.0,720.0,784.0,778.3333333333334,-0.056558363417569146,10.28,1620.1724137931035
235,2018,12,Uttar Pradesh,Pratapgarh,10.27,14.38,1400.0,784.0,831.0,720.0,778.3333333333334,0.7857142857142858,9.44,1712.9016393442623
235,2019,12,Uttar Pradesh,Pratapgarh,11.48,14.07,1226.0,1400.0,784.0,831.0,1005.0,-0.12428571428571433,10.27,1894.1833333333334
236,1993,12,Uttar Pradesh,Barabanki,0.85,0.98,1153.0,952.0,815.0,886.0,884.3333333333334,0.21113445378151252,0.83,1126.1132075471698
236,1994,12,Uttar Pradesh,Barabanki,0.7,0.77,1100.0,1153.0,952.0,815.0,973.3333333333334,-0.04596704249783179,0.85,1007.6603773584906
236,1995,12,Uttar Pradesh,Barabanki,0.83,0.97,1169.0,1100.0,1153.0,952.0,1068.3333333333333,0.06272727272727274,0.7,1217.4285714285713
236,1996,12,Uttar Pradesh,Barabanki,0.88,0.73,830.0,1169.0,1100.0,1153.0,1140.6666666666667,-0.2899914456800684,0.83,1118.625
236,1997,12,Uttar Pradesh,Barabanki,0.84,0.88,1048.0,830.0,1169.0,1100.0,1033.0,0.26265060240963845,0.88,1335.6029411764705
236,1998,12,Uttar Pradesh,Barabanki,0.89,1.1,1236.0,1048.0,830.0,1169.0,1015.6666666666666,0.17938931297709915,0.84,1130.3970588235295
236,1999,12,Uttar Pradesh,Barabanki,0.79,1.2,1519.0,1236.0,1048.0,830.0,1038.0,0.22896440129449847,0.89,1361.2424242424242
236,2000,12,Uttar Pradesh,Barabanki,0.82,1.28,1561.0,1519.0,1236.0,1048.0,1267.6666666666667,0.02764976958525356,0.79,1263.7462686567164
236,2001,12,Uttar Pradesh,Barabanki,0.9,1.13,1256.0,1561.0,1519.0,1236.0,1438.6666666666667,-0.19538757206918644,0.82,1174.7910447761194
236,2002,12,Uttar Pradesh,Barabanki,1.11,1.53,1378.0,1256.0,1561.0,1519.0,1445.3333333333333,0.09713375796178347,0.9,1196.323076923077
236,2003,12,Uttar Pradesh,Barabanki,0.97,1.33,1371.0,1378.0,1256.0,1561.0,1398.3333333333333,-0.005079825834542806,1.11,1157.3809523809523
236,2004,12,Uttar Pradesh,Barabanki,0.85,1.36,1600.0,1371.0,1378.0,1256.0,1335.0,0.16703136396790663,0.97,1357.09375
236,2005,12,Uttar Pradesh,Barabanki,0.86,1.3,1512.0,1600.0,1371.0,1378.0,1449.6666666666667,-0.05500000000000005,0.85,1305.0819672131147
236,2006,12,Uttar Pradesh,Barabanki,0.93,1.4,1505.0,1512.0,1600.0,1371.0,1494.3333333333333,-0.00462962962962965,0.86,1386.5333333333333
236,2007,12,Uttar Pradesh,Barabanki,0.91,1.41,1549.0,1505.0,1512.0,1600.0,1539.0,0.0292358803986712,0.93,1324.3125
236,2008,12,Uttar Pradesh,Barabanki,0.72,1.2,1667.0,1549.0,1505.0,1512.0,1522.0,0.07617817947062622,0.91,1478.2131147540983
236,2009,12,Uttar Pradesh,Barabanki,0.7,1.18,1686.0,1667.0,1549.0,1505.0,1573.6666666666667,0.01139772045590881,0.72,1416.9333333333334
236,2010,12,Uttar Pradesh,Barabanki,0.64,0.55,859.0,1686.0,1667.0,1549.0,1634.0,-0.49051008303677346,0.7,1360.1186440677966
236,2011,12,Uttar Pradesh,Barabanki,0.61,1.13,1852.0,859.0,1686.0,1667.0,1404.0,1.1559953434225845,0.64,1526.8095238095239
236,2012,12,Uttar Pradesh,Barabanki,0.52,0.34,654.0,1852.0,859.0,1686.0,1465.6666666666667,-0.6468682505399568,0.61,1586.5967741935483
236,2013,12,Uttar Pradesh,Barabanki,0.48,0.45,938.0,654.0,1852.0,859.0,1121.6666666666667,0.43425076452599387,0.52,1458.9322033898304
236,2014,12,Uttar Pradesh,Barabanki,0.58,0.71,1224.0,938.0,654.0,1852.0,1148.0,0.3049040511727079,0.48,1524.3559322033898
236,2015,12,Uttar Pradesh,Barabanki,0.45,0.24,533.0,1224.0,938.0,654.0,938.6666666666666,-0.5645424836601307,0.58,1426.6896551724137
236,2016,12,Uttar Pradesh,Barabanki,0.42,0.31,736.0,533.0,1224.0,938.0,898.3333333333334,0.38086303939962485,0.45,1464.7166666666667
236,2017,12,Uttar Pradesh,Barabanki,0.55,1.09,1973.0,736.0,533.0,1224.0,831.0,1.6807065217391304,0.42,1620.1724137931035
236,2018,12,Uttar Pradesh,Barabanki,0.64,1.33,2069.0,1973.0,736.0,533.0,1080.6666666666667,0.048656867714140795,0.55,1712.9016393442623
236,2019,12,Uttar Pradesh,Barabanki,0.44,0.96,2160.0,2069.0,1973.0,736.0,1592.6666666666667,0.04398260028999523,0.64,1894.1833333333334
501,2018,14,Chhattisgarh,Rajnandgaon,0.01,0.01,1250.0,1433.0,1000.0,1000.0,1144.3333333333333,-0.1277041172365666,1.34,684.0
503,1993,1,Andhra Pradesh,Vizianagaram,5.0,4.0,800.0,873.0,929.0,1072.0,958.0,-0.08361970217640324,5.42,1079.5454545454545
503,1994,1,Andhra Pradesh,Vizianagaram,6.0,7.0,1167.0,800.0,873.0,929.0,867.3333333333334,0.45875,5.0,1245.9
503,1995,1,Andhra Pradesh,Vizianagaram,5.0,5.0,1000.0,1167.0,800.0,873.0,946.6666666666666,-0.14310197086546705,6.0,1337.2
503,1996,1,Andhra Pradesh,Vizianagaram,5.0,6.0,1200.0,1000.0,1167.0,800.0,989.0,0.19999999999999996,5.0,1181.7
503,1997,1,Andhra Pradesh,Vizianagaram,5.0,4.0,800.0,1200.0,1000.0,1167.0,1122.3333333333333,-0.33333333333333337,5.0,1110.6
503,1998,1,Andhra Pradesh,Vizianagaram,4.0,5.0,1250.0,800.0,1200.0,1000.0,1000.0,0.5625,5.0,1243.7
503,1999,1,Andhra Pradesh,Vizianagaram,3.91,3.72,951.0,1250.0,800.0,1200.0,1083.3333333333333,-0.23919999999999997,4.0,1046.5454545454545
503,2000,1,Andhra Pradesh,Vizianagaram,3.62,4.08,1127.0,951.0,1250.0,800.0,1000.3333333333334,0.18506834910620396,3.91,1221.3636363636363
503,2001,1,Andhra Pradesh,Vizianagaram,2.72,2.96,1088.0,1127.0,951.0,1250.0,1109.3333333333333,-0.034605146406388676,3.62,1064.2727272727273
503,2002,1,Andhra Pradesh,Vizianagaram,3.0,3.0,1000.0,1088.0,1127.0,951.0,1055.3333333333333,-0.08088235294117652,2.72,953.9090909090909
503,2003,1,Andhra Pradesh,Vizianagaram,1.57,2.04,1299.0,1000.0,1088.0,1127.0,1071.6666666666667,0.29899999999999993,3.0,1247.2307692307693
503,2004,1,Andhra Pradesh,Vizianagaram,1.69,1.3,769.0,1299.0,1000.0,1088.0,1129.0,-0.40800615858352574,1.57,1120.75
503,2005,1,Andhra Pradesh,Vizianagaram,0.97,0.68,701.0,769.0,1299.0,1000.0,1022.6666666666666,-0.08842652795838757,1.69,1101.25
503,2006,1,Andhra Pradesh,Vizianagaram,1.61,1.88,1168.0,701.0,769.0,1299.0,923.0,0.666191155492154,0.97,972.1818181818181
503,2007,1,Andhra Pradesh,Vizianagaram,1.46,2.41,1651.0,1168.0,701.0,769.0,879.3333333333334,0.413527397260274,1.61,1586.4
503,2008,1,Andhra Pradesh,Vizianagaram,1.35,1.37,1015.0,1651.0,1168.0,701.0,1173.3333333333333,-0.38522107813446393,1.46,1445.7
503,2009,1,Andhra Pradesh,Vizianagaram,0.85,0.9,1059.0,1015.0,1651.0,1168.0,1278.0,0.04334975369458127,1.35,1599.0
503,2010,1,Andhra Pradesh,Vizianagaram,0.62,0.36,581.0,1059.0,1015.0,1651.0,1241.6666666666667,-0.45136921624173754,0.85,1570.8181818181818
503,2011,1,Andhra Pradesh,Vizianagaram,0.15,0.11,733.0,581.0,1059.0,1015.0,885.0,0.26161790017211706,0.62,1540.090909090909
503,2012,1,Andhra Pradesh,Vizianagaram,0.35,0.28,800.0,733.0,581.0,1059.0,791.0,0.09140518417462484,0.15,1697.090909090909
503,2013,1,Andhra Pradesh,Vizianagaram,0.21,0.19,905.0,800.0,733.0,581.0,704.6666666666666,0.1312500000000001,0.35,1620.1818181818182
503,2014,1,Andhra Pradesh,Vizianagaram,0.13,0.1,769.0,905.0,800.0,733.0,812.6666666666666,-0.15027624309392262,0.21,1561.909090909091
503,2015,1,Andhra Pradesh,Vizianagaram,0.2,0.36,1800.0,769.0,905.0,800.0,824.6666666666666,1.3407022106631992,0.13,1891.8181818181818
503,2016,1,Andhra Pradesh,Vizianagaram,0.09,0.11,1222.0,1800.0,769.0,905.0,1158.0,-0.3211111111111111,0.2,1743.909090909091
503,2017,1,Andhra Pradesh,Vizianagaram,0.11,0.16,1455.0,1222.0,1800.0,769.0,1263.6666666666667,0.19067103109656292,0.09,1854.7272727272727
503,2018,1,Andhra Pradesh,Vizianagaram,0.08,0.09,1122.0,1455.0,1222.0,1800.0,1492.3333333333333,-0.22886597938144326,0.11,1301.090909090909
503,2019,1,Andhra Pradesh,Vizianagaram,0.03,0.04,1206.0,1122.0,1455.0,1222.0,1266.3333333333333,0.07486631016042788,0.08,2004.0
504,1993,1,Andhra Pradesh,Prakasam,19.0,26.0,1368.0,1095.0,1078.0,1178.0,1117.0,0.24931506849315066,30.31,1079.5454545454545
504,1994,1,Andhra Pradesh,Prakasam,15.0,15.0,1000.0,1368.0,1095.0,1078.0,1180.3333333333333,-0.26900584795321636,19.0,1245.9
504,1995,1,Andhra Pradesh,Prakasam,17.0,31.0,1824.0,1000.0,1368.0,1095.0,1154.3333333333333,0.8240000000000001,15.0,1337.2
504,1996,1,Andhra Pradesh,Prakasam,20.0,30.0,1500.0,1824.0,1000.0,1368.0,1397.3333333333333,-0.17763157894736847,17.0,1181.7
504,1997,1,Andhra Pradesh,Prakasam,13.0,13.0,1000.0,1500.0,1824.0,1000.0,1441.3333333333333,-0.33333333333333337,20.0,1110.6
504,1998,1,Andhra Pradesh,Prakasam,17.0,25.0,1471.0,1000.0,1500.0,1824.0,1441.3333333333333,0.4710000000000001,13.0,1243.7
504,1999,1,Andhra Pradesh,Prakasam,16.12,21.63,1342.0,1471.0,1000.0,1500.0,1323.6666666666667,-0.08769544527532291,17.0,1046.5454545454545
504,2000,1,Andhra Pradesh,Prakasam,30.35,45.59,1502.0,1342.0,1471.0,1000.0,1271.0,0.11922503725782407,16.12,1221.3636363636363
504,2001,1,Andhra Pradesh,Prakasam,8.69,10.67,1228.0,1502.0,1342.0,1471.0,1438.3333333333333,-0.18242343541944073,30.35,1064.2727272727273
504,2002,1,Andhra Pradesh,Prakasam,10.0,9.0,900.0,1228.0,1502.0,1342.0,1357.3333333333333,-0.2671009771986971,8.69,953.9090909090909
504,2003,1,Andhra Pradesh,Prakasam,26.63,37.42,1405.0,900.0,1228.0,1502.0,1210.0,0.5611111111111111,10.0,1247.2307692307693
504,2004,1,Andhra Pradesh,Prakasam,17.79,21.13,1188.0,1405.0,900.0,1228.0,1177.6666666666667,-0.1544483985765125,26.63,1120.75
504,2005,1,Andhra Pradesh,Prakasam,16.68,27.28,1635.0,1188.0,1405.0,900.0,1164.3333333333333,0.3762626262626263,17.79,1101.25
504,2006,1,Andhra Pradesh,Prakasam,9.48,11.07,1168.0,1635.0,1188.0,1405.0,1409.3333333333333,-0.28562691131498474,16.68,972.1818181818181
504,2007,1,Andhra Pradesh,Prakasam,18.54,37.85,2042.0,1168.0,1635.0,1188.0,1330.3333333333333,0.7482876712328768,9.48,1586.4
504,2008,1,Andhra Pradesh,Prakasam,12.23,13.81,1129.0,2042.0,1168.0,1635.0,1615.0,-0.4471106758080313,18.54,1445.7
504,2009,1,Andhra Pradesh,Prakasam,5.34,13.53,2534.0,1129.0,2042.0,1168.0,1446.3333333333333,1.2444641275465012,12.23,1599.0
504,2010,1,Andhra Pradesh,Prakasam,19.82,42.87,2163.0,2534.0,1129.0,2042.0,1901.6666666666667,-0.14640883977900554,5.34,1570.8181818181818
504,2011,1,Andhra Pradesh,Prakasam,10.12,21.24,2099.0,2163.0,2534.0,1129.0,1942.0,-0.029588534442903325,19.82,1540.090909090909
504,2012,1,Andhra Pradesh,Prakasam,29.43,60.68,2062.0,2099.0,2163.0,2534.0,2265.3333333333335,-0.01762744163887564,10.12,1697.090909090909
504,2013,1,Andhra Pradesh,Prakasam,25.93,46.9,1809.0,2062.0,2099.0,2163.0,2108.0,-0.12269641125121244,29.43,1620.1818181818182
504,2014,1,Andhra Pradesh,Prakasam,11.78,12.09,1026.0,1809.0,2062.0,2099.0,1990.0,-0.4328358208955224,25.93,1561.909090909091
504,2015,1,Andhra Pradesh,Prakasam,11.68,26.15,2239.0,1026.0,1809.0,2062.0,1632.3333333333333,1.182261208576998,11.78,1891.8181818181818
504,2016,1,Andhra Pradesh,Prakasam,16.96,33.69,1986.0,2239.0,1026.0,1809.0,1691.3333333333333,-0.11299687360428767,11.68,1743.909090909091
504,2017,1,Andhra Pradesh,Prakasam,17.83,36.21,2031.0,1986.0,2239.0,1026.0,1750.3333333333333,0.0226586102719033,16.96,1854.7272727272727
504,2018,1,Andhra Pradesh,Prakasam,6.64,5.3,798.0,2031.0,1986.0,2239.0,2085.3333333333335,-0.6070901033973413,17.83,1301.090909090909
504,2019,1,Andhra Pradesh,Prakasam,7.43,17.06,2298.0,798.0,2031.0,1986.0,1605.0,1.8796992481203008,6.64,2004.0
506,1993,11,Tamil Nadu,Dharmapuri,12.0,23.0,1917.0,1504.0,1842.0,1417.0,1587.6666666666667,0.27460106382978733,5.85,1526.9375
506,1994,11,Tamil Nadu,Dharmapuri,10.47,28.0,2674.0,1917.0,1504.0,1842.0,1754.3333333333333,0.394887845592071,12.0,1371.2380952380952
506,1995,11,Tamil Nadu,Dharmapuri,4.35,10.17,2338.0,2674.0,1917.0,1504.0,2031.6666666666667,-0.12565445026178013,10.47,1302.4
506,1996,11,Tamil Nadu,Dharmapuri,2.56,5.64,2203.0,2338.0,2674.0,1917.0,2309.6666666666665,-0.05774165953806676,4.35,1290.76
506,1997,11,Tamil Nadu,Dharmapuri,2.67,4.6,1723.0,2203.0,2338.0,2674.0,2405.0,-0.21788470267816618,2.56,1471.1363636363637
506,1998,11,Tamil Nadu,Dharmapuri,2.46,3.6,1463.0,1723.0,2203.0,2338.0,2088.0,-0.150899593731863,2.67,1540.1818181818182
506,1999,11,Tamil Nadu,Dharmapuri,3.74,7.23,1933.0,1463.0,1723.0,2203.0,1796.3333333333333,0.32125768967874224,2.46,1686.5416666666667
506,2000,11,Tamil Nadu,Dharmapuri,3.43,5.71,1665.0,1933.0,1463.0,1723.0,1706.3333333333333,-0.1386445938954992,3.74,1490.8333333333333
506,2001,11,Tamil Nadu,Dharmapuri,3.39,5.1,1504.0,1665.0,1933.0,1463.0,1687.0,-0.09669669669669667,3.43,1411.7083333333333
506,2002,11,Tamil Nadu,Dharmapuri,3.28,3.8,1159.0,1504.0,1665.0,1933.0,1700.6666666666667,-0.22938829787234039,3.39,1024.6818181818182
506,2003,11,Tamil Nadu,Dharmapuri,0.61,0.99,1623.0,1159.0,1504.0,1665.0,1442.6666666666667,0.4003451251078516,3.28,1060.8
506,2004,11,Tamil Nadu,Dharmapuri,1.81,2.05,1133.0,1623.0,1159.0,1504.0,1428.6666666666667,-0.30191004313000613,0.61,1259.4615384615386
506,2005,11,Tamil Nadu,Dharmapuri,1.08,1.39,1287.0,1133.0,1623.0,1159.0,1305.0,0.13592233009708732,1.81,1316.625
506,2006,11,Tamil Nadu,Dharmapuri,0.91,1.57,1725.0,1287.0,1133.0,1623.0,1347.6666666666667,0.34032634032634035,1.08,1589.5652173913043
506,2007,11,Tamil Nadu,Dharmapuri,0.87,1.4,1609.0,1725.0,1287.0,1133.0,1381.6666666666667,-0.06724637681159418,0.91,1603.8695652173913
506,2008,11,Tamil Nadu,Dharmapuri,0.56,2.19,3911.0,1609.0,1725.0,1287.0,1540.3333333333333,1.4307022995649472,0.87,1738.4166666666667
506,2009,11,Tamil Nadu,Dharmapuri,0.87,0.67,770.0,3911.0,1609.0,1725.0,2415.0,-0.8031194068013296,0.56,1623.92
506,2010,11,Tamil Nadu,Dharmapuri,1.38,1.9,1377.0,770.0,3911.0,1609.0,2096.6666666666665,0.7883116883116883,0.87,1499.9583333333333
506,2011,11,Tamil Nadu,Dharmapuri,1.52,3.54,2329.0,1377.0,770.0,3911.0,2019.3333333333333,0.691358024691358,1.38,2250.72
506,2012,11,Tamil Nadu,Dharmapuri,0.61,1.13,1852.0,2329.0,1377.0,770.0,1492.0,-0.20480893087161867,1.52,1478.6153846153845
506,2013,11,Tamil Nadu,Dharmapuri,0.47,1.04,2213.0,1852.0,2329.0,1377.0,1852.6666666666667,0.19492440604751615,0.61,2170.25
506,2014,11,Tamil Nadu,Dharmapuri,0.64,2.76,4313.0,2213.0,1852.0,2329.0,2131.3333333333335,0.9489380930863083,0.47,3069.8846153846152
506,2015,11,Tamil Nadu,Dharmapuri,1.54,6.86,4455.0,4313.0,2213.0,1852.0,2792.6666666666665,0.032923718989102735,0.64,2671.75
506,2016,11,Tamil Nadu,Dharmapuri,0.44,1.26,2874.0,4455.0,4313.0,2213.0,3660.3333333333335,-0.3548821548821549,1.54,2170.375
506,2017,11,Tamil Nadu,Dharmapuri,0.43,0.51,1193.0,2874.0,4455.0,4313.0,3880.6666666666665,-0.5848990953375087,0.44,2231.28
506,2018,11,Tamil Nadu,Dharmapuri,0.63,1.78,2820.0,1193.0,2874.0,4455.0,2840.6666666666665,1.3637887678122382,0.43,2474.84
506,2019,11,Tamil Nadu,Dharmapuri,0.39,1.08,2784.0,2820.0,1193.0,2874.0,2295.6666666666665,-0.012765957446808529,0.63,2837.84
507,1993,11,Tamil Nadu,Periyar(Erode),5.0,6.0,1200.0,1001.0,868.0,888.0,919.0,0.19880119880119884,7.05,1526.9375
507,1994,11,Tamil Nadu,Periyar(Erode),3.22,4.5,1398.0,1200.0,1001.0,868.0,1023.0,0.16500000000000004,5.0,1371.2380952380952
507,1995,11,Tamil Nadu,Periyar(Erode),2.73,3.37,1234.0,1398.0,1200.0,1001.0,1199.6666666666667,-0.11731044349070097,3.22,1302.4
507,1996,11,Tamil Nadu,Periyar(Erode),2.32,2.45,1056.0,1234.0,1398.0,1200.0,1277.3333333333333,-0.14424635332252833,2.73,1290.76
507,1997,11,Tamil Nadu,Periyar(Erode),1.99,2.89,1452.0,1056.0,1234.0,1398.0,1229.3333333333333,0.375,2.32,1471.1363636363637
507,1998,11,Tamil Nadu,Periyar(Erode),1.56,2.56,1641.0,1452.0,1056.0,1234.0,1247.3333333333333,0.1301652892561984,1.99,1540.1818181818182
507,1999,11,Tamil Nadu,Periyar(Erode),1.32,2.28,1727.0,1641.0,1452.0,1056.0,1383.0,0.05240706886045099,1.56,1686.5416666666667
507,2000,11,Tamil Nadu,Periyar(Erode),1.18,1.36,1153.0,1727.0,1641.0,1452.0,1606.6666666666667,-0.33236826867400115,1.32,1490.8333333333333
507,2001,11,Tamil Nadu,Periyar(Erode),0.68,0.74,1088.0,1153.0,1727.0,1641.0,1507.0,-0.056374674761491717,1.18,1411.7083333333333
507,2002,11,Tamil Nadu,Periyar(Erode),1.58,1.35,854.0,1088.0,1153.0,1727.0,1322.6666666666667,-0.21507352941176472,0.68,1024.6818181818182
507,2003,11,Tamil Nadu,Periyar(Erode),1.57,1.7,1083.0,854.0,1088.0,1153.0,1031.6666666666667,0.26814988290398123,1.58,1060.8
507,2004,11,Tamil Nadu,Periyar(Erode),1.33,1.67,1256.0,1083.0,854.0,1088.0,1008.3333333333334,0.159741458910434,1.57,1259.4615384615386
507,2005,11,Tamil Nadu,Periyar(Erode),0.47,0.57,1213.0,1256.0,1083.0,854.0,1064.3333333333333,-0.03423566878980888,1.33,1316.625
507,2006,11,Tamil Nadu,Periyar(Erode),0.48,0.7,1458.0,1213.0,1256.0,1083.0,1184.0,0.2019785655399835,0.47,1589.5652173913043
507,2007,11,Tamil Nadu,Periyar(Erode),0.46,0.73,1587.0,1458.0,1213.0,1256.0,1309.0,0.08847736625514413,0.48,1603.8695652173913
507,2008,11,Tamil Nadu,Periyar(Erode),0.24,0.43,1792.0,1587.0,1458.0,1213.0,1419.3333333333333,0.12917454316320098,0.46,1738.4166666666667
507,2009,11,Tamil Nadu,Periyar(Erode),0.22,0.34,1545.0,1792.0,1587.0,1458.0,1612.3333333333333,-0.1378348214285714,0.24,1623.92
507,2010,11,Tamil Nadu,Periyar(Erode),0.24,0.3,1250.0,1545.0,1792.0,1587.0,1641.3333333333333,-0.1909385113268608,0.22,1499.9583333333333
507,2011,11,Tamil Nadu,Periyar(Erode),0.08,0.18,2250.0,1250.0,1545.0,1792.0,1529.0,0.8,0.24,2250.72
507,2012,11,Tamil Nadu,Periyar(Erode),0.06,0.09,1500.0,2250.0,1250.0,1545.0,1681.6666666666667,-0.33333333333333337,0.08,1478.6153846153845
507,2013,11,Tamil Nadu,Periyar(Erode),0.1,0.22,2200.0,1500.0,2250.0,1250.0,1666.6666666666667,0.46666666666666656,0.06,2170.25
507,2014,11,Tamil Nadu,Periyar(Erode),0.1,0.3,3000.0,2200.0,1500.0,2250.0,1983.3333333333333,0.36363636363636354,0.1,3069.8846153846152
507,2015,11,Tamil Nadu,Periyar(Erode),0.04,0.1,2500.0,3000.0,2200.0,1500.0,2233.3333333333335,-0.16666666666666663,0.1,2671.75
507,2016,11,Tamil Nadu,Periyar(Erode),0.06,0.16,2825.0,2500.0,3000.0,2200.0,2566.6666666666665,0.1299999999999999,0.04,2170.375
507,2017,11,Tamil Nadu,Periyar(Erode),0.27,0.6,2227.0,2825.0,2500.0,3000.0,2775.0,-0.21168141592920353,0.06,2231.28
507,2018,11,Tamil Nadu,Periyar(Erode),0.18,0.48,2760.0,2227.0,2825.0,2500.0,2517.3333333333335,0.23933542882801984,0.27,2474.84
507,2019,11,Tamil Nadu,Periyar(Erode),0.11,0.29,2738.0,2760.0,2227.0,2825.0,2604.0,-0.007971014492753614,0.18,2837.84
508,1994,11,Tamil Nadu,Pudukkottai,0.1,0.11,1100.0,1143.0,1314.0,976.0,1144.3333333333333,-0.03762029746281714,0.14,1371.2380952380952
508,1995,11,Tamil Nadu,Pudukkottai,0.04,0.04,1000.0,1100.0,1143.0,1314.0,1185.6666666666667,-0.09090909090909094,0.1,1302.4
508,1996,11,Tamil Nadu,Pudukkottai,0.03,0.04,1333.0,1000.0,1100.0,1143.0,1081.0,0.33299999999999996,0.04,1290.76
508,1997,11,Tamil Nadu,Pudukkottai,0.02,0.04,2000.0,1333.0,1000.0,1100.0,1144.3333333333333,0.5003750937734435,0.03,1471.1363636363637
508,1998,11,Tamil Nadu,Pudukkottai,0.02,0.07,3500.0,2000.0,1333.0,1000.0,1444.3333333333333,0.75,0.02,1540.1818181818182
508,1999,11,Tamil Nadu,Pudukkottai,0.05,0.1,2000.0,3500.0,2000.0,1333.0,2277.6666666666665,-0.4285714285714286,0.02,1686.5416666666667
508,2000,11,Tamil Nadu,Pudukkottai,0.03,0.06,2000.0,2000.0,3500.0,2000.0,2500.0,0.0,0.05,1490.8333333333333
508,2001,11,Tamil Nadu,Pudukkottai,0.03,0.04,1333.0,2000.0,2000.0,3500.0,2500.0,-0.3335,0.03,1411.7083333333333
508,2002,11,Tamil Nadu,Pudukkottai,0.01,0.01,1000.0,1333.0,2000.0,2000.0,1777.6666666666667,-0.24981245311327827,0.03,1024.6818181818182
508,2003,11,Tamil Nadu,Pudukkottai,0.04,0.04,1000.0,1000.0,1333.0,2000.0,1444.3333333333333,0.0,0.01,1060.8
508,2004,11,Tamil Nadu,Pudukkottai,0.04,0.04,1000.0,1000.0,1000.0,1333.0,1111.0,0.0,0.04,1259.4615384615386
508,2005,11,Tamil Nadu,Pudukkottai,0.04,0.05,1250.0,1000.0,1000.0,1000.0,1000.0,0.25,0.04,1316.625
508,2006,11,Tamil Nadu,Pudukkottai,0.06,0.08,1333.0,1250.0,1000.0,1000.0,1083.3333333333333,0.06640000000000001,0.04,1589.5652173913043
508,2007,11,Tamil Nadu,Pudukkottai,0.01,0.03,3000.0,1333.0,1250.0,1000.0,1194.3333333333333,1.2505626406601649,0.06,1603.8695652173913
508,2011,11,Tamil Nadu,Pudukkottai,0.01,0.02,2000.0,3000.0,1333.0,1250.0,1861.0,-0.33333333333333337,0.01,2250.72
508,2012,11,Tamil Nadu,Pudukkottai,0.05,0.08,1600.0,2000.0,3000.0,1333.0,2111.0,-0.19999999999999996,0.01,1478.6153846153845
508,2013,11,Tamil Nadu,Pudukkottai,0.02,0.05,2500.0,1600.0,2000.0,3000.0,2200.0,0.5625,0.05,2170.25
508,2017,11,Tamil Nadu,Pudukkottai,0.01,0.02,2300.0,2500.0,1600.0,2000.0,2033.3333333333333,-0.07999999999999996,0.02,2231.28
508,2018,11,Tamil Nadu,Pudukkottai,0.01,0.01,1857.0,2300.0,2500.0,1600.0,2133.3333333333335,-0.19260869565217387,0.01,2474.84
509,1993,11,Tamil Nadu,Dindigul Anna,10.0,19.0,1900.0,1506.0,1675.0,1652.0,1611.0,0.26162018592297476,6.13,1526.9375
509,1994,11,Tamil Nadu,Dindigul Anna,8.22,16.08,1956.0,1900.0,1506.0,1675.0,1693.6666666666667,0.02947368421052632,10.0,1371.2380952380952
509,1995,11,Tamil Nadu,Dindigul Anna,7.19,14.35,1996.0,1956.0,1900.0,1506.0,1787.3333333333333,0.020449897750511203,8.22,1302.4
509,1996,11,Tamil Nadu,Dindigul Anna,5.11,8.62,1687.0,1996.0,1956.0,1900.0,1950.6666666666667,-0.15480961923847691,7.19,1290.76
509,1997,11,Tamil Nadu,Dindigul Anna,7.89,15.87,2011.0,1687.0,1996.0,1956.0,1879.6666666666667,0.1920569057498518,5.11,1471.1363636363637
509,1998,11,Tamil Nadu,Dindigul Anna,9.87,18.58,1882.0,2011.0,1687.0,1996.0,1898.0,-0.06414719045251116,7.89,1540.1818181818182
509,1999,11,Tamil Nadu,Dindigul Anna,9.16,20.66,2255.0,1882.0,2011.0,1687.0,1860.0,0.1981934112646122,9.87,1686.5416666666667
509,2000,11,Tamil Nadu,Dindigul Anna,5.62,12.42,2210.0,2255.0,1882.0,2011.0,2049.3333333333335,-0.019955654101995512,9.16,1490.8333333333333
509,2001,11,Tamil Nadu,Dindigul Anna,5.04,6.04,1198.0,2210.0,2255.0,1882.0,2115.6666666666665,-0.45791855203619913,5.62,1411.7083333333333
509,2002,11,Tamil Nadu,Dindigul Anna,5.06,5.14,1016.0,1198.0,2210.0,2255.0,1887.6666666666667,-0.1519198664440734,5.04,1024.6818181818182
509,2003,11,Tamil Nadu,Dindigul Anna,4.61,5.61,1217.0,1016.0,1198.0,2210.0,1474.6666666666667,0.19783464566929143,5.06,1060.8
509,2004,11,Tamil Nadu,Dindigul Anna,4.0,5.35,1338.0,1217.0,1016.0,1198.0,1143.6666666666667,0.09942481511914547,4.61,1259.4615384615386
509,2005,11,Tamil Nadu,Dindigul Anna,4.34,4.36,1005.0,1338.0,1217.0,1016.0,1190.3333333333333,-0.2488789237668162,4.0,1316.625
509,2006,11,Tamil Nadu,Dindigul Anna,3.63,6.12,1686.0,1005.0,1338.0,1217.0,1186.6666666666667,0.6776119402985075,4.34,1589.5652173913043
509,2007,11,Tamil Nadu,Dindigul Anna,3.38,2.7,799.0,1686.0,1005.0,1338.0,1343.0,-0.5260972716488731,3.63,1603.8695652173913
509,2008,11,Tamil Nadu,Dindigul Anna,2.24,3.94,1759.0,799.0,1686.0,1005.0,1163.3333333333333,1.2015018773466832,3.38,1738.4166666666667
509,2009,11,Tamil Nadu,Dindigul Anna,2.05,2.89,1410.0,1759.0,799.0,1686.0,1414.6666666666667,-0.19840818646958502,2.24,1623.92
509,2010,11,Tamil Nadu,Dindigul Anna,1.99,3.21,1613.0,1410.0,1759.0,799.0,1322.6666666666667,0.1439716312056738,2.05,1499.9583333333333
509,2011,11,Tamil Nadu,Dindigul Anna,2.04,5.6,2745.0,1613.0,1410.0,1759.0,1594.0,0.7017978921264725,1.99,2250.72
509,2012,11,Tamil Nadu,Dindigul Anna,1.28,1.38,1078.0,2745.0,1613.0,1410.0,1922.6666666666667,-0.6072859744990893,2.04,1478.6153846153845
509,2013,11,Tamil Nadu,Dindigul Anna,0.75,1.53,2040.0,1078.0,2745.0,1613.0,1812.0,0.8923933209647494,1.28,2170.25
509,2014,11,Tamil Nadu,Dindigul Anna,0.95,3.67,3863.0,2040.0,1078.0,2745.0,1954.3333333333333,0.8936274509803921,0.75,3069.8846153846152
509,2015,11,Tamil Nadu,Dindigul Anna,0.85,2.15,2529.0,3863.0,2040.0,1078.0,2327.0,-0.345327465700233,0.95,2671.75
509,2016,11,Tamil Nadu,Dindigul Anna,0.66,0.51,771.0,2529.0,3863.0,2040.0,2810.6666666666665,-0.6951364175563464,0.85,2170.375
509,2017,11,Tamil Nadu,Dindigul Anna,0.43,0.87,2016.0,771.0,2529.0,3863.0,2387.6666666666665,1.6147859922178989,0.66,2231.28
509,2018,11,Tamil Nadu,Dindigul Anna,0.32,0.52,1621.0,2016.0,771.0,2529.0,1772.0,-0.19593253968253965,0.43,2474.84
509,2019,11,Tamil Nadu,Dindigul Anna,0.22,0.59,2635.0,1621.0,2016.0,771.0,1469.3333333333333,0.6255397902529303,0.32,2837.84
510,1993,11,Tamil Nadu,Virudhunagar Kamarajar,13.0,27.0,2077.0,1346.0,1415.0,1122.0,1294.3333333333333,0.5430906389301635,11.43,1526.9375
510,1994,11,Tamil Nadu,Virudhunagar Kamarajar,8.43,10.51,1247.0,2077.0,1346.0,1415.0,1612.6666666666667,-0.39961482908040447,13.0,1371.2380952380952
510,1995,11,Tamil Nadu,Virudhunagar Kamarajar,8.61,5.62,653.0,1247.0,2077.0,1346.0,1556.6666666666667,-0.4763432237369687,8.43,1302.4
510,1996,11,Tamil Nadu,Virudhunagar Kamarajar,11.24,14.69,1307.0,653.0,1247.0,2077.0,1325.6666666666667,1.001531393568147,8.61,1290.76
510,1997,11,Tamil Nadu,Virudhunagar Kamarajar,9.96,18.24,1831.0,1307.0,653.0,1247.0,1069.0,0.4009181331293037,11.24,1471.1363636363637
510,1998,11,Tamil Nadu,Virudhunagar Kamarajar,8.87,13.74,1549.0,1831.0,1307.0,653.0,1263.6666666666667,-0.15401419989077003,9.96,1540.1818181818182
510,1999,11,Tamil Nadu,Virudhunagar Kamarajar,10.44,16.84,1613.0,1549.0,1831.0,1307.0,1562.3333333333333,0.04131697869593287,8.87,1686.5416666666667
510,2000,11,Tamil Nadu,Virudhunagar Kamarajar,8.4,8.48,1010.0,1613.0,1549.0,1831.0,1664.3333333333333,-0.3738375697458153,10.44,1490.8333333333333
510,2001,11,Tamil Nadu,Virudhunagar Kamarajar,6.42,8.76,1364.0,1010.0,1613.0,1549.0,1390.6666666666667,0.3504950495049506,8.4,1411.7083333333333
510,2002,11,Tamil Nadu,Virudhunagar Kamarajar,6.26,8.04,1284.0,1364.0,1010.0,1613.0,1329.0,-0.058651026392961825,6.42,1024.6818181818182
510,2003,11,Tamil Nadu,Virudhunagar Kamarajar,4.85,5.33,1099.0,1284.0,1364.0,1010.0,1219.3333333333333,-0.1440809968847352,6.26,1060.8
510,2004,11,Tamil Nadu,Virudhunagar Kamarajar,5.59,6.72,1202.0,1099.0,1284.0,1364.0,1249.0,0.09372156505914475,4.85,1259.4615384615386
510,2005,11,Tamil Nadu,Virudhunagar Kamarajar,6.25,9.19,1470.0,1202.0,1099.0,1284.0,1195.0,0.22296173044925127,5.59,1316.625
510,2006,11,Tamil Nadu,Virudhunagar Kamarajar,4.41,16.71,3789.0,1470.0,1202.0,1099.0,1257.0,1.5775510204081633,6.25,1589.5652173913043
510,2007,11,Tamil Nadu,Virudhunagar Kamarajar,3.95,7.59,1922.0,3789.0,1470.0,1202.0,2153.6666666666665,-0.492742148324096,4.41,1603.8695652173913
510,2008,11,Tamil Nadu,Virudhunagar Kamarajar,3.13,5.52,1764.0,1922.0,3789.0,1470.0,2393.6666666666665,-0.08220603537981275,3.95,1738.4166666666667
510,2009,11,Tamil Nadu,Virudhunagar Kamarajar,3.26,5.01,1537.0,1764.0,1922.0,3789.0,2491.6666666666665,-0.12868480725623588,3.13,1623.92
510,2010,11,Tamil Nadu,Virudhunagar Kamarajar,2.48,6.13,2472.0,1537.0,1764.0,1922.0,1741.0,0.6083279115159401,3.26,1499.9583333333333
510,2011,11,Tamil Nadu,Virudhunagar Kamarajar,2.2,5.65,2568.0,2472.0,1537.0,1764.0,1924.3333333333333,0.03883495145631066,2.48,2250.72
510,2012,11,Tamil Nadu,Virudhunagar Kamarajar,2.78,3.1,1115.0,2568.0,2472.0,1537.0,2192.3333333333335,-0.565809968847352,2.2,1478.6153846153845
510,2013,11,Tamil Nadu,Virudhunagar Kamarajar,3.93,10.48,2667.0,1115.0,2568.0,2472.0,2051.6666666666665,1.3919282511210764,2.78,2170.25
510,2014,11,Tamil Nadu,Virudhunagar Kamarajar,3.86,16.71,4329.0,2667.0,1115.0,2568.0,2116.6666666666665,0.6231721034870641,3.93,3069.8846153846152
510,2015,11,Tamil Nadu,Virudhunagar Kamarajar,2.61,8.5,3257.0,4329.0,2667.0,1115.0,2703.6666666666665,-0.24763224763224767,3.86,2671.75
510,2016,11,Tamil Nadu,Virudhunagar Kamarajar,2.31,2.24,971.0,3257.0,4329.0,2667.0,3417.6666666666665,-0.7018728891618053,2.61,2170.375
510,2017,11,Tamil Nadu,Virudhunagar Kamarajar,1.38,3.46,2507.0,971.0,3257.0,4329.0,2852.3333333333335,1.5818743563336768,2.31,2231.28
510,2018,11,Tamil Nadu,Virudhunagar Kamarajar,1.12,3.23,2895.0,2507.0,971.0,3257.0,2245.0,0.1547666533705625,1.38,2474.84
510,2019,11,Tamil Nadu,Virudhunagar Kamarajar,1.31,4.65,3566.0,2895.0,2507.0,971.0,2124.3333333333335,0.2317789291882557,1.12,2837.84
512,1993,11,Tamil Nadu,Sivagangai Pasumpon,1.0,1.0,1000.0,1158.0,1057.0,1000.0,1071.6666666666667,-0.13644214162348878,0.19,1526.9375
512,1994,11,Tamil Nadu,Sivagangai Pasumpon,0.09,0.11,1222.0,1000.0,1158.0,1057.0,1071.6666666666667,0.22199999999999998,1.0,1371.2380952380952
512,1995,11,Tamil Nadu,Sivagangai Pasumpon,0.06,0.1,1667.0,1222.0,1000.0,1158.0,1126.6666666666667,0.3641571194762685,0.09,1302.4
512,1996,11,Tamil Nadu,Sivagangai Pasumpon,0.1,0.13,1300.0,1667.0,1222.0,1000.0,1296.3333333333333,-0.22015596880623878,0.06,1290.76
512,1997,11,Tamil Nadu,Sivagangai Pasumpon,0.06,0.07,1167.0,1300.0,1667.0,1222.0,1396.3333333333333,-0.10230769230769232,0.1,1471.1363636363637
512,1998,11,Tamil Nadu,Sivagangai Pasumpon,0.02,0.02,1000.0,1167.0,1300.0,1667.0,1378.0,-0.14310197086546705,0.06,1540.1818181818182
512,1999,11,Tamil Nadu,Sivagangai Pasumpon,0.03,0.06,2000.0,1000.0,1167.0,1300.0,1155.6666666666667,1.0,0.02,1686.5416666666667
512,2000,11,Tamil Nadu,Sivagangai Pasumpon,0.03,0.04,1333.0,2000.0,1000.0,1167.0,1389.0,-0.3335,0.03,1490.8333333333333
512,2001,11,Tamil Nadu,Sivagangai Pasumpon,0.03,0.05,1667.0,1333.0,2000.0,1000.0,1444.3333333333333,0.2505626406601651,0.03,1411.7083333333333
512,2003,11,Tamil Nadu,Sivagangai Pasumpon,0.03,0.04,1333.0,1667.0,1333.0,2000.0,1666.6666666666667,-0.20035992801439717,0.03,1060.8
512,2004,11,Tamil Nadu,Sivagangai Pasumpon,0.06,0.12,2000.0,1333.0,1667.0,1333.0,1444.3333333333333,0.5003750937734435,0.03,1259.4615384615386
512,2005,11,Tamil Nadu,Sivagangai Pasumpon,0.05,0.1,2000.0,2000.0,1333.0,1667.0,1666.6666666666667,0.0,0.06,1316.625
512,2008,11,Tamil Nadu,Sivagangai Pasumpon,0.01,0.01,1000.0,2000.0,2000.0,1333.0,1777.6666666666667,-0.5,0.05,1738.4166666666667
512,2009,11,Tamil Nadu,Sivagangai Pasumpon,0.08,0.11,1375.0,1000.0,2000.0,2000.0,1666.6666666666667,0.375,0.01,1623.92
512,2013,11,Tamil Nadu,Sivagangai Pasumpon,0.02,0.05,2500.0,1375.0,1000.0,2000.0,1458.3333333333333,0.8181818181818181,0.08,2170.25
512,2014,11,Tamil Nadu,Sivagangai Pasumpon,0.05,0.14,2800.0,2500.0,1375.0,1000.0,1625.0,0.1200000000000001,0.02,3069.8846153846152
512,2015,11,Tamil Nadu,Sivagangai Pasumpon,0.02,0.04,2000.0,2800.0,2500.0,1375.0,2225.0,-0.2857142857142857,0.05,2671.75
512,2016,11,Tamil Nadu,Sivagangai Pasumpon,0.02,0.05,2941.0,2000.0,2800.0,2500.0,2433.3333333333335,0.4704999999999999,0.02,2170.375
512,2019,11,Tamil Nadu,Sivagangai Pasumpon,0.04,0.1,2778.0,2941.0,2000.0,2800.0,2580.3333333333335,-0.05542332539952399,0.02,2837.84
513,1993,11,Tamil Nadu,Chidambanar Toothukudi,21.0,27.0,1286.0,1575.0,1496.0,1520.0,1530.3333333333333,-0.18349206349206348,17.16,1526.9375
513,1994,11,Tamil Nadu,Chidambanar Toothukudi,18.84,26.44,1403.0,1286.0,1575.0,1496.0,1452.3333333333333,0.09097978227060644,21.0,1371.2380952380952
513,1995,11,Tamil Nadu,Chidambanar Toothukudi,19.04,4.11,216.0,1403.0,1286.0,1575.0,1421.3333333333333,-0.8460441910192444,18.84,1302.4
513,1996,11,Tamil Nadu,Chidambanar Toothukudi,23.2,40.13,1730.0,216.0,1403.0,1286.0,968.3333333333334,7.0092592592592595,19.04,1290.76
513,1997,11,Tamil Nadu,Chidambanar Toothukudi,25.2,51.57,2046.0,1730.0,216.0,1403.0,1116.3333333333333,0.18265895953757227,23.2,1471.1363636363637
513,1998,11,Tamil Nadu,Chidambanar Toothukudi,18.18,32.93,1811.0,2046.0,1730.0,216.0,1330.6666666666667,-0.11485826001955035,25.2,1540.1818181818182
513,1999,11,Tamil Nadu,Chidambanar Toothukudi,26.46,53.96,2039.0,1811.0,2046.0,1730.0,1862.3333333333333,0.1258972943125345,18.18,1686.5416666666667
513,2000,11,Tamil Nadu,Chidambanar Toothukudi,18.97,22.97,1211.0,2039.0,1811.0,2046.0,1965.3333333333333,-0.40608141245708684,26.46,1490.8333333333333
513,2001,11,Tamil Nadu,Chidambanar Toothukudi,18.15,20.16,1111.0,1211.0,2039.0,1811.0,1687.0,-0.08257638315441784,18.97,1411.7083333333333
513,2002,11,Tamil Nadu,Chidambanar Toothukudi,18.37,24.45,1331.0,1111.0,1211.0,2039.0,1453.6666666666667,0.19801980198019797,18.15,1024.6818181818182
513,2003,11,Tamil Nadu,Chidambanar Toothukudi,21.33,35.26,1653.0,1331.0,1111.0,1211.0,1217.6666666666667,0.24192336589030794,18.37,1060.8
513,2004,11,Tamil Nadu,Chidambanar Toothukudi,20.97,43.65,2082.0,1653.0,1331.0,1111.0,1365.0,0.25952813067150626,21.33,1259.4615384615386
513,2005,11,Tamil Nadu,Chidambanar Toothukudi,20.17,33.32,1652.0,2082.0,1653.0,1331.0,1688.6666666666667,-0.2065321805955812,20.97,1316.625
513,2006,11,Tamil Nadu,Chidambanar Toothukudi,14.53,27.85,1917.0,1652.0,2082.0,1653.0,1795.6666666666667,0.160411622276029,20.17,1589.5652173913043
513,2007,11,Tamil Nadu,Chidambanar Toothukudi,11.14,23.74,2131.0,1917.0,1652.0,2082.0,1883.6666666666667,0.11163275952008345,14.53,1603.8695652173913
513,2008,11,Tamil Nadu,Chidambanar Toothukudi,11.71,22.99,1963.0,2131.0,1917.0,1652.0,1900.0,-0.0788362271234162,11.14,1738.4166666666667
513,2009,11,Tamil Nadu,Chidambanar Toothukudi,12.64,22.17,1754.0,1963.0,2131.0,1917.0,2003.6666666666667,-0.1064696892511462,11.71,1623.92
513,2010,11,Tamil Nadu,Chidambanar Toothukudi,9.39,16.47,1754.0,1754.0,1963.0,2131.0,1949.3333333333333,0.0,12.64,1499.9583333333333
513,2011,11,Tamil Nadu,Chidambanar Toothukudi,7.98,26.05,3264.0,1754.0,1754.0,1963.0,1823.6666666666667,0.8608893956670467,9.39,2250.72
513,2012,11,Tamil Nadu,Chidambanar Toothukudi,12.2,9.0,738.0,3264.0,1754.0,1754.0,2257.3333333333335,-0.7738970588235294,7.98,1478.6153846153845
513,2013,11,Tamil Nadu,Chidambanar Toothukudi,12.85,19.94,1552.0,738.0,3264.0,1754.0,1918.6666666666667,1.102981029810298,12.2,2170.25
513,2014,11,Tamil Nadu,Chidambanar Toothukudi,12.81,36.52,2851.0,1552.0,738.0,3264.0,1851.3333333333333,0.8369845360824741,12.85,3069.8846153846152
513,2015,11,Tamil Nadu,Chidambanar Toothukudi,8.73,17.9,2050.0,2851.0,1552.0,738.0,1713.6666666666667,-0.28095405121010175,12.81,2671.75
513,2016,11,Tamil Nadu,Chidambanar Toothukudi,9.03,1.32,146.0,2050.0,2851.0,1552.0,2151.0,-0.9287804878048781,8.73,2170.375
513,2017,11,Tamil Nadu,Chidambanar Toothukudi,9.61,17.21,1791.0,146.0,2050.0,2851.0,1682.3333333333333,11.267123287671232,9.03,2231.28
513,2018,11,Tamil Nadu,Chidambanar Toothukudi,10.6,16.66,1573.0,1791.0,146.0,2050.0,1329.0,-0.12171970965940815,9.61,2474.84
513,2019,11,Tamil Nadu,Chidambanar Toothukudi,11.53,29.26,2538.0,1573.0,1791.0,146.0,1170.0,0.61347743165925,10.6,2837.84
514,1993,7,Maharashtra,Jalna,72.3,72.1,997.0,1038.0,510.0,626.0,724.6666666666666,-0.039499036608863225,73.2,750.1904761904761
514,1994,7,Maharashtra,Jalna,79.7,48.9,614.0,997.0,1038.0,510.0,848.3333333333334,-0.38415245737211634,72.3,660.3636363636364
514,1995,7,Maharashtra,Jalna,89.1,60.2,676.0,614.0,997.0,1038.0,883.0,0.10097719869706845,79.7,632.1904761904761
514,1996,7,Maharashtra,Jalna,96.9,123.3,1272.0,676.0,614.0,997.0,762.3333333333334,0.8816568047337279,89.1,856.9545454545455
514,1997,7,Maharashtra,Jalna,81.1,63.2,779.0,1272.0,676.0,614.0,854.0,-0.38757861635220126,96.9,597.0434782608696
514,1998,7,Maharashtra,Jalna,80.8,64.4,797.0,779.0,1272.0,676.0,909.0,0.02310654685494229,81.1,740.7916666666666
514,1999,7,Maharashtra,Jalna,84.8,61.7,728.0,797.0,779.0,1272.0,949.3333333333334,-0.0865746549560853,80.8,649.28
514,2000,7,Maharashtra,Jalna,93.2,76.2,818.0,728.0,797.0,779.0,768.0,0.12362637362637363,84.8,584.7272727272727
514,2001,7,Maharashtra,Jalna,76.7,54.9,716.0,818.0,728.0,797.0,781.0,-0.12469437652811732,93.2,515.7272727272727
514,2002,7,Maharashtra,Jalna,86.4,83.9,971.0,716.0,818.0,728.0,754.0,0.3561452513966481,76.7,676.7727272727273
514,2003,7,Maharashtra,Jalna,74.5,75.6,1015.0,971.0,716.0,818.0,835.0,0.04531410916580847,86.4,582.6363636363636
514,2004,7,Maharashtra,Jalna,73.3,65.1,888.0,1015.0,971.0,716.0,900.6666666666666,-0.1251231527093596,74.5,622.1363636363636
514,2005,7,Maharashtra,Jalna,76.2,77.3,1014.0,888.0,1015.0,971.0,958.0,0.14189189189189189,73.3,596.3181818181819
514,2006,7,Maharashtra,Jalna,72.6,76.6,1055.0,1014.0,888.0,1015.0,972.3333333333334,0.04043392504930976,76.2,632.8571428571429
514,2007,7,Maharashtra,Jalna,51.7,55.38,1071.0,1055.0,1014.0,888.0,985.6666666666666,0.01516587677725112,72.6,736.9090909090909
514,2008,7,Maharashtra,Jalna,31.8,21.9,689.0,1071.0,1055.0,1014.0,1046.6666666666667,-0.3566760037348272,51.7,642.4545454545455
514,2009,7,Maharashtra,Jalna,39.1,36.43,932.0,689.0,1071.0,1055.0,938.3333333333334,0.3526850507982584,31.8,685.7142857142857
514,2010,7,Maharashtra,Jalna,41.3,44.3,1073.0,932.0,689.0,1071.0,897.3333333333334,0.15128755364806867,39.1,847.1428571428571
514,2011,7,Maharashtra,Jalna,26.4,27.2,1030.0,1073.0,932.0,689.0,898.0,-0.040074557315936676,41.3,833.2380952380952
514,2012,7,Maharashtra,Jalna,26.1,14.15,542.0,1030.0,1073.0,932.0,1011.6666666666666,-0.4737864077669903,26.4,665.85
514,2013,7,Maharashtra,Jalna,16.7,20.1,1204.0,542.0,1030.0,1073.0,881.6666666666666,1.2214022140221403,26.1,844.578947368421
514,2014,7,Maharashtra,Jalna,23.3,7.7,330.0,1204.0,542.0,1030.0,925.3333333333334,-0.7259136212624584,16.7,504.88235294117646
514,2015,7,Maharashtra,Jalna,22.7,5.8,256.0,330.0,1204.0,542.0,692.0,-0.22424242424242424,23.3,369.5625
514,2016,7,Maharashtra,Jalna,21.9,18.5,845.0,256.0,330.0,1204.0,596.6666666666666,2.30078125,22.7,650.1818181818181
514,2017,7,Maharashtra,Jalna,19.5,12.3,631.0,845.0,256.0,330.0,477.0,-0.2532544378698225,21.9,609.0952380952381
514,2018,7,Maharashtra,Jalna,12.36,4.27,345.0,631.0,845.0,256.0,577.3333333333334,-0.4532488114104596,19.5,423.63157894736844
514,2019,7,Maharashtra,Jalna,14.57,18.76,1288.0,345.0,631.0,845.0,607.0,2.7333333333333334,12.36,578.837
515,1993,7,Maharashtra,Latur,8.8,7.7,875.0,658.0,231.0,411.0,433.3333333333333,0.32978723404255317,7.9,750.1904761904761
515,1994,7,Maharashtra,Latur,8.2,4.6,561.0,875.0,658.0,231.0,588.0,-0.3588571428571429,8.8,660.3636363636364
515,1995,7,Maharashtra,Latur,7.5,5.3,707.0,561.0,875.0,658.0,698.0,0.26024955436720143,8.2,632.1904761904761
515,1996,7,Maharashtra,Latur,8.3,5.9,711.0,707.0,561.0,875.0,714.3333333333334,0.005657708628005631,7.5,856.9545454545455
515,1997,7,Maharashtra,Latur,10.1,3.6,356.0,711.0,707.0,561.0,659.6666666666666,-0.4992967651195499,8.3,597.0434782608696
515,1998,7,Maharashtra,Latur,9.9,4.7,475.0,356.0,711.0,707.0,591.3333333333334,0.3342696629213484,10.1,740.7916666666666
515,1999,7,Maharashtra,Latur,10.1,5.7,564.0,475.0,356.0,711.0,514.0,0.18736842105263163,9.9,649.28
515,2000,7,Maharashtra,Latur,10.1,7.7,762.0,564.0,475.0,356.0,465.0,0.35106382978723394,10.1,584.7272727272727
515,2001,7,Maharashtra,Latur,9.5,3.1,326.0,762.0,564.0,475.0,600.3333333333334,-0.5721784776902887,10.1,515.7272727272727
515,2002,7,Maharashtra,Latur,9.3,5.7,613.0,326.0,762.0,564.0,550.6666666666666,0.8803680981595092,9.5,676.7727272727273
515,2003,7,Maharashtra,Latur,8.1,3.6,444.0,613.0,326.0,762.0,567.0,-0.27569331158238175,9.3,582.6363636363636
515,2004,7,Maharashtra,Latur,7.4,3.9,527.0,444.0,613.0,326.0,461.0,0.18693693693693691,8.1,622.1363636363636
515,2005,7,Maharashtra,Latur,6.0,3.3,550.0,527.0,444.0,613.0,528.0,0.0436432637571158,7.4,596.3181818181819
515,2006,7,Maharashtra,Latur,5.9,2.4,407.0,550.0,527.0,444.0,507.0,-0.26,6.0,632.8571428571429
515,2007,7,Maharashtra,Latur,5.6,3.08,550.0,407.0,550.0,527.0,494.6666666666667,0.3513513513513513,5.9,736.9090909090909
515,2008,7,Maharashtra,Latur,5.0,2.3,460.0,550.0,407.0,550.0,502.3333333333333,-0.1636363636363637,5.6,642.4545454545455
515,2009,7,Maharashtra,Latur,4.0,1.54,385.0,460.0,550.0,407.0,472.3333333333333,-0.1630434782608695,5.0,685.7142857142857
515,2010,7,Maharashtra,Latur,4.3,2.2,512.0,385.0,460.0,550.0,465.0,0.32987012987012987,4.0,847.1428571428571
515,2011,7,Maharashtra,Latur,3.8,2.1,553.0,512.0,385.0,460.0,452.3333333333333,0.080078125,4.3,833.2380952380952
515,2012,7,Maharashtra,Latur,3.8,2.68,705.0,553.0,512.0,385.0,483.3333333333333,0.274864376130199,3.8,665.85
515,2013,7,Maharashtra,Latur,2.7,1.3,481.0,705.0,553.0,512.0,590.0,-0.3177304964539007,3.8,844.578947368421
515,2014,7,Maharashtra,Latur,2.5,0.4,160.0,481.0,705.0,553.0,579.6666666666666,-0.6673596673596673,2.7,504.88235294117646
515,2015,7,Maharashtra,Latur,2.3,0.3,130.0,160.0,481.0,705.0,448.6666666666667,-0.1875,2.5,369.5625
515,2016,7,Maharashtra,Latur,2.2,0.3,136.0,130.0,160.0,481.0,257.0,0.04615384615384621,2.3,650.1818181818181
515,2017,7,Maharashtra,Latur,1.5,0.3,200.0,136.0,130.0,160.0,142.0,0.47058823529411775,2.2,609.0952380952381
515,2018,7,Maharashtra,Latur,1.55,0.38,244.0,200.0,136.0,130.0,155.33333333333334,0.21999999999999997,1.5,423.63157894736844
515,2019,7,Maharashtra,Latur,1.67,0.37,222.0,244.0,200.0,136.0,193.33333333333334,-0.0901639344262295,1.55,578.837
518,1993,3,Gujarat,Gandhinagar,13.0,12.2,938.0,1226.0,961.0,1101.0,1096.0,-0.234910277324633,16.4,692.0588235294117
518,1994,3,Gujarat,Gandhinagar,14.0,20.0,1429.0,938.0,1226.0,961.0,1041.6666666666667,0.523454157782516,13.0,1062.4705882352941
518,1995,3,Gujarat,Gandhinagar,13.6,24.5,1801.0,1429.0,938.0,1226.0,1197.6666666666667,0.2603219034289712,14.0,990.3529411764706
518,1996,3,Gujarat,Gandhinagar,8.8,15.6,1773.0,1801.0,1429.0,938.0,1389.3333333333333,-0.015546918378678498,13.6,1330.125
518,1997,3,Gujarat,Gandhinagar,13.1,19.0,1450.0,1773.0,1801.0,1429.0,1667.6666666666667,-0.1821771009588269,8.8,1369.6470588235295
518,1998,3,Gujarat,Gandhinagar,13.2,19.2,1455.0,1450.0,1773.0,1801.0,1674.6666666666667,0.0034482758620688614,13.1,1224.1176470588234
518,1999,3,Gujarat,Gandhinagar,11.6,27.4,2362.0,1455.0,1450.0,1773.0,1559.3333333333333,0.6233676975945017,13.2,914.5294117647059
518,2000,3,Gujarat,Gandhinagar,41.4,45.6,1101.0,2362.0,1455.0,1450.0,1755.6666666666667,-0.5338696020321761,11.6,935.5909090909091
518,2001,3,Gujarat,Gandhinagar,39.8,71.8,1804.0,1101.0,2362.0,1455.0,1639.3333333333333,0.6385104450499546,41.4,1448.6666666666667
518,2002,3,Gujarat,Gandhinagar,40.4,73.5,1819.0,1804.0,1101.0,2362.0,1755.6666666666667,0.008314855875831473,39.8,1155.590909090909
518,2003,3,Gujarat,Gandhinagar,39.8,68.8,1729.0,1819.0,1804.0,1101.0,1574.6666666666667,-0.04947773501924135,40.4,1547.4545454545455
518,2004,3,Gujarat,Gandhinagar,25.6,43.2,1688.0,1729.0,1819.0,1804.0,1784.0,-0.023713128976286857,39.8,1259.3181818181818
518,2005,3,Gujarat,Gandhinagar,27.1,40.4,1491.0,1688.0,1729.0,1819.0,1745.3333333333333,-0.11670616113744081,25.6,1396.1363636363637
518,2006,3,Gujarat,Gandhinagar,26.0,33.1,1273.0,1491.0,1688.0,1729.0,1636.0,-0.1462105969148223,27.1,1213.952380952381
518,2007,3,Gujarat,Gandhinagar,23.4,41.3,1765.0,1273.0,1491.0,1688.0,1484.0,0.3864886095836606,26.0,1595.952380952381
518,2008,3,Gujarat,Gandhinagar,24.3,46.8,1926.0,1765.0,1273.0,1491.0,1509.6666666666667,0.09121813031161463,23.4,1624.4761904761904
518,2009,3,Gujarat,Gandhinagar,15.7,26.6,1694.0,1926.0,1765.0,1273.0,1654.6666666666667,-0.12045690550363453,24.3,1447.090909090909
518,2010,3,Gujarat,Gandhinagar,15.1,29.8,1974.0,1694.0,1926.0,1765.0,1795.0,0.165289256198347,15.7,1734.9545454545455
518,2011,3,Gujarat,Gandhinagar,25.1,55.1,2195.0,1974.0,1694.0,1926.0,1864.6666666666667,0.11195542046605866,15.1,1943.95
518,2012,3,Gujarat,Gandhinagar,17.8,38.4,2157.0,2195.0,1974.0,1694.0,1954.3333333333333,-0.017312072892938457,25.1,1657.095238095238
518,2013,3,Gujarat,Gandhinagar,13.92,36.92,2652.0,2157.0,2195.0,1974.0,2108.6666666666665,0.22948539638386656,17.8,2143.2727272727275
518,2014,3,Gujarat,Gandhinagar,14.28,36.9,2584.0,2652.0,2157.0,2195.0,2334.6666666666665,-0.02564102564102566,13.92,2152.9666666666667
518,2015,3,Gujarat,Gandhinagar,10.99,30.48,2773.0,2584.0,2652.0,2157.0,2464.3333333333335,0.07314241486068118,14.28,2088.689655172414
518,2016,3,Gujarat,Gandhinagar,8.06,21.59,2679.0,2773.0,2584.0,2652.0,2669.6666666666665,-0.03389830508474578,10.99,2088.7586206896553
518,2017,3,Gujarat,Gandhinagar,8.33,26.39,3168.0,2679.0,2773.0,2584.0,2678.6666666666665,0.18253079507278835,8.06,2351.5172413793102
518,2018,3,Gujarat,Gandhinagar,7.92,23.33,2946.0,3168.0,2679.0,2773.0,2873.3333333333335,-0.07007575757575757,8.33,2204.777777777778
518,2019,3,Gujarat,Gandhinagar,8.35,23.94,2865.0,2946.0,3168.0,2679.0,2931.0,-0.027494908350305547,7.92,2517.0666666666666
519,1993,10,Rajasthan,Dholpur,46.0,37.4,813.0,974.0,684.0,769.0,809.0,-0.1652977412731006,49.76,448.8965517241379
519,1994,10,Rajasthan,Dholpur,44.88,53.63,1195.0,813.0,974.0,684.0,823.6666666666666,0.46986469864698654,46.0,649.0666666666667
519,1995,10,Rajasthan,Dholpur,38.89,34.43,885.0,1195.0,813.0,974.0,994.0,-0.2594142259414226,44.88,366.48275862068965
519,1996,10,Rajasthan,Dholpur,47.36,60.58,1279.0,885.0,1195.0,813.0,964.3333333333334,0.4451977401129943,38.89,558.4666666666667
519,1997,10,Rajasthan,Dholpur,55.29,55.96,1012.0,1279.0,885.0,1195.0,1119.6666666666667,-0.2087568412822518,47.36,600.3666666666667
519,1998,10,Rajasthan,Dholpur,55.28,65.74,1189.0,1012.0,1279.0,885.0,1058.6666666666667,0.17490118577075098,55.29,567.0967741935484
519,1999,10,Rajasthan,Dholpur,53.82,68.09,1265.0,1189.0,1012.0,1279.0,1160.0,0.063919259882254,55.28,468.3333333333333
519,2000,10,Rajasthan,Dholpur,68.22,97.51,1429.0,1265.0,1189.0,1012.0,1155.3333333333333,0.12964426877470347,53.82,567.96875
519,2001,10,Rajasthan,Dholpur,58.45,87.98,1505.0,1429.0,1265.0,1189.0,1294.3333333333333,0.05318404478656413,68.22,849.96875
519,2002,10,Rajasthan,Dholpur,61.76,101.92,1650.0,1505.0,1429.0,1265.0,1399.6666666666667,0.09634551495016619,58.45,301.6333333333333
519,2003,10,Rajasthan,Dholpur,67.46,119.95,1778.0,1650.0,1505.0,1429.0,1528.0,0.07757575757575763,61.76,1253.84375
519,2004,10,Rajasthan,Dholpur,61.32,150.2,2449.0,1778.0,1650.0,1505.0,1644.3333333333333,0.37739032620922375,67.46,842.9677419354839
519,2005,10,Rajasthan,Dholpur,68.53,113.1,1650.0,2449.0,1778.0,1650.0,1959.0,-0.3262556145365455,61.32,567.75
519,2006,10,Rajasthan,Dholpur,67.48,114.03,1690.0,1650.0,2449.0,1778.0,1959.0,0.024242424242424176,68.53,907.28125
519,2007,10,Rajasthan,Dholpur,76.44,142.46,1864.0,1690.0,1650.0,2449.0,1929.6666666666667,0.1029585798816568,67.48,1043.3548387096773
519,2008,10,Rajasthan,Dholpur,69.92,121.08,1732.0,1864.0,1690.0,1650.0,1734.6666666666667,-0.07081545064377681,76.44,1079.8181818181818
519,2009,10,Rajasthan,Dholpur,86.38,167.78,1942.0,1732.0,1864.0,1690.0,1762.0,0.1212471131639723,69.92,594.258064516129
519,2010,10,Rajasthan,Dholpur,86.25,155.13,1799.0,1942.0,1732.0,1864.0,1846.0,-0.07363542739443873,86.38,1232.6060606060605
519,2011,10,Rajasthan,Dholpur,82.91,184.95,2231.0,1799.0,1942.0,1732.0,1824.3333333333333,0.24013340744858258,86.25,1307.6363636363637
519,2012,10,Rajasthan,Dholpur,80.45,160.95,2001.0,2231.0,1799.0,1942.0,1990.6666666666667,-0.1030927835051546,82.91,1154.1818181818182
519,2013,10,Rajasthan,Dholpur,81.18,158.47,1952.0,2001.0,2231.0,1799.0,2010.3333333333333,-0.024487756121938986,80.45,1063.7878787878788
519,2014,10,Rajasthan,Dholpur,83.52,177.85,2129.0,1952.0,2001.0,2231.0,2061.3333333333335,0.09067622950819665,81.18,1185.75
519,2015,10,Rajasthan,Dholpur,85.05,178.14,2095.0,2129.0,1952.0,2001.0,2027.3333333333333,-0.015969938938468764,83.52,928.65625
519,2016,10,Rajasthan,Dholpur,81.99,164.8,2010.0,2095.0,2129.0,1952.0,2058.6666666666665,-0.04057279236276845,85.05,1111.3939393939395
519,2017,10,Rajasthan,Dholpur,84.38,199.42,2363.0,2010.0,2095.0,2129.0,2078.0,0.17562189054726374,81.99,1012.3333333333334
519,2018,10,Rajasthan,Dholpur,91.5,205.25,2243.0,2363.0,2010.0,2095.0,2156.0,-0.05078290308929323,84.38,1085.6875
519,2019,10,Rajasthan,Dholpur,94.1,209.39,2225.0,2243.0,2363.0,2010.0,2205.3333333333335,-0.00802496656263929,91.5,1246.3870967741937
520,1993,20,Telangana,Rangareddy,2.0,1.0,500.0,306.36,298.78,396.83,333.99,0.6320668494581538,1.73,654.5233333333333
520,1994,20,Telangana,Rangareddy,2.0,1.0,500.0,500.0,306.36,298.78,368.38000000000005,0.0,2.0,507.4666666666667
520,1995,20,Telangana,Rangareddy,1.0,1.0,1000.0,500.0,500.0,306.36,435.4533333333334,1.0,2.0,580.302
520,1996,20,Telangana,Rangareddy,1.0,1.0,1000.0,1000.0,500.0,500.0,666.6666666666666,0.0,1.0,623.376
520,1998,20,Telangana,Rangareddy,1.0,1.0,1000.0,1000.0,1000.0,500.0,833.3333333333334,0.0,1.0,606.58
520,1999,20,Telangana,Rangareddy,1.22,0.72,590.16,1000.0,1000.0,1000.0,1000.0,-0.40984,1.0,613.8822222222223
520,2000,20,Telangana,Rangareddy,1.14,0.68,596.49,590.16,1000.0,1000.0,863.3866666666667,0.010725904839365752,1.22,608.6266666666666
520,2001,20,Telangana,Rangareddy,0.74,0.35,472.97,596.49,590.16,1000.0,728.8833333333333,-0.20707807339603346,1.14,468.0055555555556
520,2003,20,Telangana,Rangareddy,0.97,0.59,608.25,472.97,596.49,590.16,553.2066666666666,0.28602236928346403,0.74,610.1088888888889
520,2004,20,Telangana,Rangareddy,0.97,0.31,319.59,608.25,472.97,596.49,559.2366666666667,-0.47457459926017265,0.97,321.30111111111114
520,2005,20,Telangana,Rangareddy,0.52,0.33,634.62,319.59,608.25,472.97,466.93666666666667,0.9857317187646675,0.97,644.60625
520,2006,20,Telangana,Rangareddy,0.35,0.13,371.43,634.62,319.59,608.25,520.82,-0.4147206202136712,0.52,358.52666666666664
520,2007,20,Telangana,Rangareddy,0.38,0.24,631.58,371.43,634.62,319.59,441.87999999999994,0.7004011523032605,0.35,641.1233333333333
520,2008,20,Telangana,Rangareddy,0.33,0.21,636.36,631.58,371.43,634.62,545.8766666666667,0.007568320719465449,0.38,634.9442857142857
520,2009,20,Telangana,Rangareddy,0.17,0.08,470.59,636.36,631.58,371.43,546.4566666666666,-0.2604972028411592,0.33,513.03625
520,2010,20,Telangana,Rangareddy,0.33,0.24,727.27,470.59,636.36,631.58,579.51,0.5454429545889203,0.17,756.24375
520,2011,20,Telangana,Rangareddy,0.09,0.06,666.67,727.27,470.59,636.36,611.4066666666666,-0.08332531246992181,0.33,650.4328571428571
520,2012,20,Telangana,Rangareddy,0.2,0.18,900.0,666.67,727.27,470.59,621.5100000000001,0.3499932500337499,0.09,1222.4828571428573
520,2013,20,Telangana,Rangareddy,0.15,0.14,933.33,900.0,666.67,727.27,764.6466666666666,0.037033333333333474,0.2,957.04125
520,2014,20,Telangana,Rangareddy,0.06,0.06,1000.0,933.33,900.0,666.67,833.3333333333334,0.07143239797284995,0.15,899.5875
520,2015,20,Telangana,Rangareddy,0.07,0.06,857.14,1000.0,933.33,900.0,944.4433333333333,-0.14286,0.06,881.95125
520,2016,20,Telangana,Rangareddy,0.14,0.12,870.5,857.14,1000.0,933.33,930.1566666666666,0.015586718622395468,0.07,850.6381818181818
520,2017,20,Telangana,Rangareddy,0.07,0.07,1060.61,870.5,857.14,1000.0,909.2133333333333,0.21839172889144165,0.14,1030.3625
520,2018,20,Telangana,Rangareddy,0.06,0.03,482.0,1060.61,870.5,857.14,929.4166666666666,-0.545544545120261,0.07,495.3333333333333
520,2019,20,Telangana,Rangareddy,0.13,0.15,1212.6,482.0,1060.61,870.5,804.37,1.5157676348547717,0.06,1174.3999999999999
521,1993,11,Tamil Nadu,Thiruvannamalai,12.0,7.0,583.0,467.0,1037.0,1063.0,855.6666666666666,0.24839400428265535,9.79,1526.9375
521,1994,11,Tamil Nadu,Thiruvannamalai,9.07,8.99,991.0,583.0,467.0,1037.0,695.6666666666666,0.6998284734133791,12.0,1371.2380952380952
521,1995,11,Tamil Nadu,Thiruvannamalai,8.53,10.57,1239.0,991.0,583.0,467.0,680.3333333333334,0.2502522704339052,9.07,1302.4
521,1996,11,Tamil Nadu,Thiruvannamalai,9.79,8.44,862.0,1239.0,991.0,583.0,937.6666666666666,-0.30427764326069406,8.53,1290.76
521,1997,11,Tamil Nadu,Thiruvannamalai,10.98,8.06,734.0,862.0,1239.0,991.0,1030.6666666666667,-0.14849187935034802,9.79,1471.1363636363637
521,1998,11,Tamil Nadu,Thiruvannamalai,12.61,11.96,948.0,734.0,862.0,1239.0,945.0,0.29155313351498635,10.98,1540.1818181818182
521,1999,11,Tamil Nadu,Thiruvannamalai,13.47,13.37,993.0,948.0,734.0,862.0,848.0,0.04746835443037978,12.61,1686.5416666666667
521,2000,11,Tamil Nadu,Thiruvannamalai,11.25,9.62,855.0,993.0,948.0,734.0,891.6666666666666,-0.13897280966767367,13.47,1490.8333333333333
521,2001,11,Tamil Nadu,Thiruvannamalai,14.14,13.74,972.0,855.0,993.0,948.0,932.0,0.13684210526315788,11.25,1411.7083333333333
521,2002,11,Tamil Nadu,Thiruvannamalai,6.27,3.49,557.0,972.0,855.0,993.0,940.0,-0.42695473251028804,14.14,1024.6818181818182
521,2003,11,Tamil Nadu,Thiruvannamalai,18.06,12.25,678.0,557.0,972.0,855.0,794.6666666666666,0.21723518850987422,6.27,1060.8
521,2004,11,Tamil Nadu,Thiruvannamalai,6.05,1.97,326.0,678.0,557.0,972.0,735.6666666666666,-0.5191740412979351,18.06,1259.4615384615386
521,2005,11,Tamil Nadu,Thiruvannamalai,4.91,3.02,615.0,326.0,678.0,557.0,520.3333333333334,0.8865030674846626,6.05,1316.625
521,2006,11,Tamil Nadu,Thiruvannamalai,3.72,2.76,742.0,615.0,326.0,678.0,539.6666666666666,0.20650406504065044,4.91,1589.5652173913043
521,2007,11,Tamil Nadu,Thiruvannamalai,4.0,4.16,1040.0,742.0,615.0,326.0,561.0,0.40161725067385445,3.72,1603.8695652173913
521,2008,11,Tamil Nadu,Thiruvannamalai,5.62,6.67,1187.0,1040.0,742.0,615.0,799.0,0.1413461538461538,4.0,1738.4166666666667
521,2009,11,Tamil Nadu,Thiruvannamalai,2.6,1.8,692.0,1187.0,1040.0,742.0,989.6666666666666,-0.4170176916596462,5.62,1623.92
521,2010,11,Tamil Nadu,Thiruvannamalai,3.33,2.15,646.0,692.0,1187.0,1040.0,973.0,-0.06647398843930641,2.6,1499.9583333333333
521,2011,11,Tamil Nadu,Thiruvannamalai,2.87,5.24,1826.0,646.0,692.0,1187.0,841.6666666666666,1.8266253869969042,3.33,2250.72
521,2012,11,Tamil Nadu,Thiruvannamalai,2.84,5.01,1764.0,1826.0,646.0,692.0,1054.6666666666667,-0.033953997809419545,2.87,1478.6153846153845
521,2013,11,Tamil Nadu,Thiruvannamalai,4.14,9.56,2309.0,1764.0,1826.0,646.0,1412.0,0.30895691609977316,2.84,2170.25
521,2014,11,Tamil Nadu,Thiruvannamalai,6.12,20.04,3275.0,2309.0,1764.0,1826.0,1966.3333333333333,0.41836292767431793,4.14,3069.8846153846152
521,2015,11,Tamil Nadu,Thiruvannamalai,4.84,9.63,1990.0,3275.0,2309.0,1764.0,2449.3333333333335,-0.39236641221374047,6.12,2671.75
521,2016,11,Tamil Nadu,Thiruvannamalai,3.16,7.61,2407.0,1990.0,3275.0,2309.0,2524.6666666666665,0.20954773869346743,4.84,2170.375
521,2017,11,Tamil Nadu,Thiruvannamalai,6.08,13.91,2286.0,2407.0,1990.0,3275.0,2557.3333333333335,-0.050270045700041566,3.16,2231.28
521,2018,11,Tamil Nadu,Thiruvannamalai,2.44,5.93,2430.0,2286.0,2407.0,1990.0,2227.6666666666665,0.06299212598425208,6.08,2474.84
521,2019,11,Tamil Nadu,Thiruvannamalai,4.06,16.94,4170.0,2430.0,2286.0,2407.0,2374.3333333333335,0.7160493827160495,2.44,2837.84
523,1993,4,Haryana,Yamunanagar,1.8,1.0,556.0,1176.0,667.0,833.0,892.0,-0.5272108843537415,1.7,765.4666666666667
523,1994,4,Haryana,Yamunanagar,1.6,3.0,1875.0,556.0,1176.0,667.0,799.6666666666666,2.3723021582733814,1.8,1379.2857142857142
523,1995,4,Haryana,Yamunanagar,1.6,1.0,625.0,1875.0,556.0,1176.0,1202.3333333333333,-0.6666666666666667,1.6,751.8571428571429
523,1996,4,Haryana,Yamunanagar,1.6,2.0,1250.0,625.0,1875.0,556.0,1018.6666666666666,1.0,1.6,1211.8
523,1997,4,Haryana,Yamunanagar,1.4,1.0,714.0,1250.0,625.0,1875.0,1250.0,-0.42879999999999996,1.6,1298.9444444444443
523,1998,4,Haryana,Yamunanagar,1.0,1.0,1000.0,714.0,1250.0,625.0,863.0,0.40056022408963576,1.4,1128.5
523,1999,4,Haryana,Yamunanagar,1.2,1.0,833.0,1000.0,714.0,1250.0,988.0,-0.16700000000000004,1.0,1117.9375
523,2000,4,Haryana,Yamunanagar,1.5,1.0,667.0,833.0,1000.0,714.0,849.0,-0.1992797118847539,1.2,1177.8666666666666
523,2001,4,Haryana,Yamunanagar,1.1,1.0,909.0,667.0,833.0,1000.0,833.3333333333334,0.3628185907046477,1.5,1347.8666666666666
523,2002,4,Haryana,Yamunanagar,1.0,1.0,1000.0,909.0,667.0,833.0,803.0,0.10011001100110017,1.1,1085.235294117647
523,2003,4,Haryana,Yamunanagar,0.8,2.0,2500.0,1000.0,909.0,667.0,858.6666666666666,1.5,1.0,1915.235294117647
523,2004,4,Haryana,Yamunanagar,0.98,2.0,2041.0,2500.0,1000.0,909.0,1469.6666666666667,-0.18359999999999999,0.8,1851.0
523,2005,4,Haryana,Yamunanagar,0.9,1.0,1111.0,2041.0,2500.0,1000.0,1847.0,-0.4556589906908378,0.98,1555.1666666666667
523,2006,4,Haryana,Yamunanagar,1.0,2.0,2000.0,1111.0,2041.0,2500.0,1884.0,0.8001800180018002,0.9,2087.3333333333335
523,2007,4,Haryana,Yamunanagar,0.7,2.0,2857.0,2000.0,1111.0,2041.0,1717.3333333333333,0.4285000000000001,1.0,2267.8888888888887
523,2008,4,Haryana,Yamunanagar,0.9,2.0,2222.0,2857.0,2000.0,1111.0,1989.3333333333333,-0.22226111305565277,0.7,2155.5263157894738
523,2009,4,Haryana,Yamunanagar,1.2,2.0,1667.0,2222.0,2857.0,2000.0,2359.6666666666665,-0.2497749774977498,0.9,1876.388888888889
523,2010,4,Haryana,Yamunanagar,0.9,2.0,2222.0,1667.0,2222.0,2857.0,2248.6666666666665,0.3329334133173365,1.2,1996.1666666666667
523,2011,4,Haryana,Yamunanagar,0.6,2.0,3333.0,2222.0,1667.0,2222.0,2037.0,0.5,0.9,2137.5
523,2012,4,Haryana,Yamunanagar,0.61,2.0,3279.0,3333.0,2222.0,1667.0,2407.3333333333335,-0.016201620162016206,0.6,2085.5555555555557
523,2018,4,Haryana,Yamunanagar,0.1,0.2,2000.0,3279.0,3333.0,2222.0,2944.6666666666665,-0.390057944495273,0.61,2226.7
523,2019,4,Haryana,Yamunanagar,0.1,0.2,2000.0,2000.0,3279.0,3333.0,2870.6666666666665,0.0,0.1,2225.5714285714284
524,1993,4,Haryana,Kaithal,9.0,10.0,1111.0,1413.0,899.0,847.0,1053.0,-0.21372965322009907,9.2,765.4666666666667
524,1994,4,Haryana,Kaithal,7.9,12.0,1519.0,1111.0,1413.0,899.0,1141.0,0.36723672367236726,9.0,1379.2857142857142
524,1995,4,Haryana,Kaithal,8.4,4.0,476.0,1519.0,1111.0,1413.0,1347.6666666666667,-0.6866359447004609,7.9,751.8571428571429
524,1996,4,Haryana,Kaithal,7.4,9.0,1216.0,476.0,1519.0,1111.0,1035.3333333333333,1.5546218487394956,8.4,1211.8
524,1997,4,Haryana,Kaithal,5.7,11.0,1930.0,1216.0,476.0,1519.0,1070.3333333333333,0.587171052631579,7.4,1298.9444444444443
524,1998,4,Haryana,Kaithal,4.0,5.0,1250.0,1930.0,1216.0,476.0,1207.3333333333333,-0.3523316062176166,5.7,1128.5
524,1999,4,Haryana,Kaithal,4.7,5.0,1064.0,1250.0,1930.0,1216.0,1465.3333333333333,-0.14880000000000004,4.0,1117.9375
524,2000,4,Haryana,Kaithal,5.4,5.0,926.0,1064.0,1250.0,1930.0,1414.6666666666667,-0.12969924812030076,4.7,1177.8666666666666
524,2001,4,Haryana,Kaithal,6.1,9.0,1475.0,926.0,1064.0,1250.0,1080.0,0.5928725701943844,5.4,1347.8666666666666
524,2002,4,Haryana,Kaithal,9.7,9.0,928.0,1475.0,926.0,1064.0,1155.0,-0.3708474576271187,6.1,1085.235294117647
524,2003,4,Haryana,Kaithal,10.9,14.0,1284.0,928.0,1475.0,926.0,1109.6666666666667,0.3836206896551724,9.7,1915.235294117647
524,2004,4,Haryana,Kaithal,10.83,17.0,1570.0,1284.0,928.0,1475.0,1229.0,0.22274143302180693,10.9,1851.0
524,2005,4,Haryana,Kaithal,11.8,23.0,1949.0,1570.0,1284.0,928.0,1260.6666666666667,0.24140127388535038,10.83,1555.1666666666667
524,2006,4,Haryana,Kaithal,13.0,27.0,2077.0,1949.0,1570.0,1284.0,1601.0,0.0656747049769113,11.8,2087.3333333333335
524,2007,4,Haryana,Kaithal,14.0,46.0,3286.0,2077.0,1949.0,1570.0,1865.3333333333333,0.5820895522388059,13.0,2267.8888888888887
524,2008,4,Haryana,Kaithal,13.5,31.0,2296.0,3286.0,2077.0,1949.0,2437.3333333333335,-0.3012781497261108,14.0,2155.5263157894738
524,2009,4,Haryana,Kaithal,10.9,20.0,1835.0,2296.0,3286.0,2077.0,2553.0,-0.20078397212543553,13.5,1876.388888888889
524,2010,4,Haryana,Kaithal,9.2,14.0,1522.0,1835.0,2296.0,3286.0,2472.3333333333335,-0.17057220708446863,10.9,1996.1666666666667
524,2011,4,Haryana,Kaithal,5.8,15.0,2586.0,1522.0,1835.0,2296.0,1884.3333333333333,0.6990801576872536,9.2,2137.5
524,2012,4,Haryana,Kaithal,4.59,13.0,2832.0,2586.0,1522.0,1835.0,1981.0,0.09512761020881677,5.8,2085.5555555555557
524,2013,4,Haryana,Kaithal,4.0,10.0,2500.0,2832.0,2586.0,1522.0,2313.3333333333335,-0.11723163841807904,4.59,2006.7058823529412
524,2014,4,Haryana,Kaithal,2.0,5.0,2500.0,2500.0,2832.0,2586.0,2639.3333333333335,0.0,4.0,1869.235294117647
524,2015,4,Haryana,Kaithal,2.5,4.0,1600.0,2500.0,2500.0,2832.0,2610.6666666666665,-0.36,2.0,1843.8235294117646
524,2016,4,Haryana,Kaithal,3.0,6.0,2000.0,1600.0,2500.0,2500.0,2200.0,0.25,2.5,2084.4
524,2017,4,Haryana,Kaithal,2.5,6.0,2400.0,2000.0,1600.0,2500.0,2033.3333333333333,0.19999999999999996,3.0,1821.235294117647
524,2018,4,Haryana,Kaithal,1.0,2.0,2000.0,2400.0,2000.0,1600.0,2000.0,-0.16666666666666663,2.5,2226.7
524,2019,4,Haryana,Kaithal,0.6,1.2,2000.0,2000.0,2400.0,2000.0,2133.3333333333335,0.0,1.0,2225.5714285714284
525,1993,4,Haryana,Panipat,0.7,1.0,1429.0,1111.0,1111.0,417.0,879.6666666666666,0.2862286228622861,0.9,765.4666666666667
525,1997,4,Haryana,Panipat,0.6,1.0,1667.0,1429.0,1111.0,1111.0,1217.0,0.16655003498950305,0.7,1298.9444444444443
525,2002,4,Haryana,Panipat,0.6,1.0,1667.0,1667.0,1429.0,1111.0,1402.3333333333333,0.0,0.6,1085.235294117647
525,2003,4,Haryana,Panipat,0.6,2.0,3333.0,1667.0,1667.0,1429.0,1587.6666666666667,0.9994001199760048,0.6,1915.235294117647
525,2004,4,Haryana,Panipat,0.7,3.0,4286.0,3333.0,1667.0,1667.0,2222.3333333333335,0.28592859285928585,0.6,1851.0
525,2005,4,Haryana,Panipat,0.6,2.0,3333.0,4286.0,3333.0,1667.0,3095.3333333333335,-0.22235184321045265,0.7,1555.1666666666667
525,2006,4,Haryana,Panipat,0.7,2.0,2857.0,3333.0,4286.0,3333.0,3650.6666666666665,-0.1428142814281428,0.6,2087.3333333333335
525,2007,4,Haryana,Panipat,0.7,2.0,2857.0,2857.0,3333.0,4286.0,3492.0,0.0,0.7,2267.8888888888887
525,2008,4,Haryana,Panipat,0.5,2.0,4000.0,2857.0,2857.0,3333.0,3015.6666666666665,0.40007000350017496,0.7,2155.5263157894738
525,2010,4,Haryana,Panipat,0.5,2.0,4000.0,4000.0,2857.0,2857.0,3238.0,0.0,0.5,1996.1666666666667
525,2018,4,Haryana,Panipat,0.4,0.7,1750.0,4000.0,4000.0,2857.0,3619.0,-0.5625,0.5,2226.7
525,2019,4,Haryana,Panipat,0.3,0.4,1333.0,1750.0,4000.0,4000.0,3250.0,-0.23828571428571432,0.4,2225.5714285714284
526,1993,4,Haryana,Rewari,45.3,24.0,530.0,1223.0,608.0,1255.0,1028.6666666666667,-0.5666394112837285,59.7,765.4666666666667
526,1994,4,Haryana,Rewari,55.3,66.0,1193.0,530.0,1223.0,608.0,787.0,1.2509433962264151,45.3,1379.2857142857142
526,1995,4,Haryana,Rewari,45.3,30.0,662.0,1193.0,530.0,1223.0,982.0,-0.4450963956412406,55.3,751.8571428571429
526,1996,4,Haryana,Rewari,53.6,53.0,989.0,662.0,1193.0,530.0,795.0,0.4939577039274925,45.3,1211.8
526,1997,4,Haryana,Rewari,49.0,53.0,1082.0,989.0,662.0,1193.0,948.0,0.09403437815975724,53.6,1298.9444444444443
526,1998,4,Haryana,Rewari,55.0,60.0,1091.0,1082.0,989.0,662.0,911.0,0.008317929759704246,49.0,1128.5
526,1999,4,Haryana,Rewari,54.3,56.0,1031.0,1091.0,1082.0,989.0,1054.0,-0.05499541704857924,55.0,1117.9375
526,2000,4,Haryana,Rewari,54.4,59.0,1085.0,1031.0,1091.0,1082.0,1068.0,0.05237633365664407,54.3,1177.8666666666666
526,2001,4,Haryana,Rewari,58.7,91.0,1550.0,1085.0,1031.0,1091.0,1069.0,0.4285714285714286,54.4,1347.8666666666666
526,2002,4,Haryana,Rewari,38.0,26.0,684.0,1550.0,1085.0,1031.0,1222.0,-0.5587096774193548,58.7,1085.235294117647
526,2003,4,Haryana,Rewari,60.5,101.0,1669.0,684.0,1550.0,1085.0,1106.3333333333333,1.4400584795321638,38.0,1915.235294117647
526,2004,4,Haryana,Rewari,50.38,78.0,1548.0,1669.0,684.0,1550.0,1301.0,-0.0724985020970641,60.5,1851.0
526,2005,4,Haryana,Rewari,55.4,48.0,866.0,1548.0,1669.0,684.0,1300.3333333333333,-0.44056847545219635,50.38,1555.1666666666667
526,2006,4,Haryana,Rewari,57.6,82.0,1424.0,866.0,1548.0,1669.0,1361.0,0.6443418013856812,55.4,2087.3333333333335
526,2007,4,Haryana,Rewari,64.1,101.0,1576.0,1424.0,866.0,1548.0,1279.3333333333333,0.10674157303370779,57.6,2267.8888888888887
526,2008,4,Haryana,Rewari,62.6,121.0,1933.0,1576.0,1424.0,866.0,1288.6666666666667,0.226522842639594,64.1,2155.5263157894738
526,2009,4,Haryana,Rewari,58.6,97.0,1655.0,1933.0,1576.0,1424.0,1644.3333333333333,-0.14381789963786862,62.6,1876.388888888889
526,2010,4,Haryana,Rewari,66.7,126.0,1889.0,1655.0,1933.0,1576.0,1721.3333333333333,0.14138972809667671,58.6,1996.1666666666667
526,2011,4,Haryana,Rewari,62.8,147.0,2341.0,1889.0,1655.0,1933.0,1825.6666666666667,0.23928004235044997,66.7,2137.5
526,2012,4,Haryana,Rewari,49.47,98.0,1981.0,2341.0,1889.0,1655.0,1961.6666666666667,-0.15378043571123456,62.8,2085.5555555555557
526,2013,4,Haryana,Rewari,60.0,140.0,2333.0,1981.0,2341.0,1889.0,2070.3333333333335,0.1776880363452802,49.47,2006.7058823529412
526,2014,4,Haryana,Rewari,59.0,135.0,2288.0,2333.0,1981.0,2341.0,2218.3333333333335,-0.01928846978139731,60.0,1869.235294117647
526,2015,4,Haryana,Rewari,62.0,132.0,2129.0,2288.0,2333.0,1981.0,2200.6666666666665,-0.06949300699300698,59.0,1843.8235294117646
526,2016,4,Haryana,Rewari,68.2,149.0,2185.0,2129.0,2288.0,2333.0,2250.0,0.026303428839830945,62.0,2084.4
526,2017,4,Haryana,Rewari,67.7,133.0,1965.0,2185.0,2129.0,2288.0,2200.6666666666665,-0.10068649885583525,68.2,1821.235294117647
526,2018,4,Haryana,Rewari,65.0,136.0,2092.0,1965.0,2185.0,2129.0,2093.0,0.06463104325699742,67.7,2226.7
526,2019,4,Haryana,Rewari,67.2,145.0,2158.0,2092.0,1965.0,2185.0,2080.6666666666665,0.031548757170172026,65.0,2225.5714285714284
527,1993,16,Uttarakhand,Haridwar,0.04,0.02,500.0,1250.0,1333.0,900.0,1161.0,-0.6,0.04,500.0
527,1994,16,Uttarakhand,Haridwar,0.02,0.01,500.0,500.0,1250.0,1333.0,1027.6666666666667,0.0,0.04,500.0
527,1995,16,Uttarakhand,Haridwar,0.04,0.02,500.0,500.0,500.0,1250.0,750.0,0.0,0.02,500.0
527,1996,16,Uttarakhand,Haridwar,0.02,0.03,1500.0,500.0,500.0,500.0,500.0,2.0,0.04,1500.0
527,1997,16,Uttarakhand,Haridwar,0.02,0.02,1000.0,1500.0,500.0,500.0,833.3333333333334,-0.33333333333333337,0.02,1000.0
527,1998,16,Uttarakhand,Haridwar,0.02,0.02,1000.0,1000.0,1500.0,500.0,1000.0,0.0,0.02,1000.0
527,1999,16,Uttarakhand,Haridwar,0.02,0.03,1500.0,1000.0,1000.0,1500.0,1166.6666666666667,0.5,0.02,1500.0
527,2000,16,Uttarakhand,Haridwar,0.01,0.02,2000.0,1500.0,1000.0,1000.0,1166.6666666666667,0.33333333333333326,0.02,2000.0
527,2001,16,Uttarakhand,Haridwar,0.04,0.05,1250.0,2000.0,1500.0,1000.0,1500.0,-0.375,0.01,1125.0
528,1993,12,Uttar Pradesh,Firozabad,48.69,71.32,1465.0,1111.0,1307.0,971.0,1129.6666666666667,0.31863186318631853,48.86,1126.1132075471698
528,1994,12,Uttar Pradesh,Firozabad,48.18,60.96,1265.0,1465.0,1111.0,1307.0,1294.3333333333333,-0.13651877133105805,48.69,1007.6603773584906
528,1995,12,Uttar Pradesh,Firozabad,46.9,65.94,1406.0,1265.0,1465.0,1111.0,1280.3333333333333,0.1114624505928854,48.18,1217.4285714285713
528,1996,12,Uttar Pradesh,Firozabad,50.08,63.88,1276.0,1406.0,1265.0,1465.0,1378.6666666666667,-0.09246088193456614,46.9,1118.625
528,1997,12,Uttar Pradesh,Firozabad,56.68,103.63,1828.0,1276.0,1406.0,1265.0,1315.6666666666667,0.432601880877743,50.08,1335.6029411764705
528,1998,12,Uttar Pradesh,Firozabad,54.47,77.72,1427.0,1828.0,1276.0,1406.0,1503.3333333333333,-0.21936542669584247,56.68,1130.3970588235295
528,1999,12,Uttar Pradesh,Firozabad,59.22,92.59,1563.0,1427.0,1828.0,1276.0,1510.3333333333333,0.09530483531885081,54.47,1361.2424242424242
528,2000,12,Uttar Pradesh,Firozabad,61.5,106.54,1732.0,1563.0,1427.0,1828.0,1606.0,0.10812539987204084,59.22,1263.7462686567164
528,2001,12,Uttar Pradesh,Firozabad,62.05,65.96,1063.0,1732.0,1563.0,1427.0,1574.0,-0.3862586605080831,61.5,1174.7910447761194
528,2002,12,Uttar Pradesh,Firozabad,59.1,75.17,1272.0,1063.0,1732.0,1563.0,1452.6666666666667,0.19661335841956729,62.05,1196.323076923077
528,2003,12,Uttar Pradesh,Firozabad,65.02,57.98,892.0,1272.0,1063.0,1732.0,1355.6666666666667,-0.2987421383647799,59.1,1157.3809523809523
528,2004,12,Uttar Pradesh,Firozabad,66.9,127.07,1899.0,892.0,1272.0,1063.0,1075.6666666666667,1.1289237668161434,65.02,1357.09375
528,2005,12,Uttar Pradesh,Firozabad,65.73,124.25,1890.0,1899.0,892.0,1272.0,1354.3333333333333,-0.004739336492891044,66.9,1305.0819672131147
528,2006,12,Uttar Pradesh,Firozabad,65.62,121.32,1849.0,1890.0,1899.0,892.0,1560.3333333333333,-0.021693121693121653,65.73,1386.5333333333333
528,2007,12,Uttar Pradesh,Firozabad,63.58,113.8,1790.0,1849.0,1890.0,1899.0,1879.3333333333333,-0.03190914007571666,65.62,1324.3125
528,2008,12,Uttar Pradesh,Firozabad,63.65,133.88,2103.0,1790.0,1849.0,1890.0,1843.0,0.17486033519553068,63.58,1478.2131147540983
528,2009,12,Uttar Pradesh,Firozabad,64.62,134.0,2074.0,2103.0,1790.0,1849.0,1914.0,-0.013789824060865485,63.65,1416.9333333333334
528,2010,12,Uttar Pradesh,Firozabad,66.12,134.98,2041.0,2074.0,2103.0,1790.0,1989.0,-0.015911282545805205,64.62,1360.1186440677966
528,2011,12,Uttar Pradesh,Firozabad,72.72,163.49,2248.0,2041.0,2074.0,2103.0,2072.6666666666665,0.10142087212150908,66.12,1526.8095238095239
528,2012,12,Uttar Pradesh,Firozabad,63.33,143.64,2268.0,2248.0,2041.0,2074.0,2121.0,0.008896797153024938,72.72,1586.5967741935483
528,2013,12,Uttar Pradesh,Firozabad,70.41,166.54,2365.0,2268.0,2248.0,2041.0,2185.6666666666665,0.0427689594356262,63.33,1458.9322033898304
528,2014,12,Uttar Pradesh,Firozabad,75.37,160.02,2123.0,2365.0,2268.0,2248.0,2293.6666666666665,-0.10232558139534886,70.41,1524.3559322033898
528,2015,12,Uttar Pradesh,Firozabad,70.89,148.69,2097.0,2123.0,2365.0,2268.0,2252.0,-0.01224682053697601,75.37,1426.6896551724137
528,2016,12,Uttar Pradesh,Firozabad,70.89,165.02,2328.0,2097.0,2123.0,2365.0,2195.0,0.11015736766809736,70.89,1464.7166666666667
528,2017,12,Uttar Pradesh,Firozabad,83.42,196.0,2350.0,2328.0,2097.0,2123.0,2182.6666666666665,0.009450171821305808,70.89,1620.1724137931035
528,2018,12,Uttar Pradesh,Firozabad,72.04,161.86,2247.0,2350.0,2328.0,2097.0,2258.3333333333335,-0.043829787234042517,83.42,1712.9016393442623
528,2019,12,Uttar Pradesh,Firozabad,76.5,179.83,2351.0,2247.0,2350.0,2328.0,2308.3333333333335,0.04628393413440146,72.04,1894.1833333333334
529,1993,12,Uttar Pradesh,Sonbhadra,0.27,0.3,1111.0,1100.0,1000.0,920.0,1006.6666666666666,0.010000000000000009,0.1,1126.1132075471698
529,1994,12,Uttar Pradesh,Sonbhadra,0.5,0.43,860.0,1111.0,1100.0,1000.0,1070.3333333333333,-0.22592259225922595,0.27,1007.6603773584906
529,1995,12,Uttar Pradesh,Sonbhadra,0.4,0.5,1250.0,860.0,1111.0,1100.0,1023.6666666666666,0.4534883720930232,0.5,1217.4285714285713
529,1996,12,Uttar Pradesh,Sonbhadra,0.35,0.34,971.0,1250.0,860.0,1111.0,1073.6666666666667,-0.22319999999999995,0.4,1118.625
529,1997,12,Uttar Pradesh,Sonbhadra,0.18,0.27,1500.0,971.0,1250.0,860.0,1027.0,0.544799176107106,0.35,1335.6029411764705
529,1998,12,Uttar Pradesh,Sonbhadra,0.18,0.24,1333.0,1500.0,971.0,1250.0,1240.3333333333333,-0.11133333333333328,0.18,1130.3970588235295
529,1999,12,Uttar Pradesh,Sonbhadra,0.14,0.19,1357.0,1333.0,1500.0,971.0,1268.0,0.018004501125281402,0.18,1361.2424242424242
529,2000,12,Uttar Pradesh,Sonbhadra,0.07,0.08,1143.0,1357.0,1333.0,1500.0,1396.6666666666667,-0.15770081061164332,0.14,1263.7462686567164
529,2001,12,Uttar Pradesh,Sonbhadra,0.64,0.81,1266.0,1143.0,1357.0,1333.0,1277.6666666666667,0.1076115485564304,0.07,1174.7910447761194
529,2002,12,Uttar Pradesh,Sonbhadra,0.49,0.67,1367.0,1266.0,1143.0,1357.0,1255.3333333333333,0.07977883096366511,0.64,1196.323076923077
529,2003,12,Uttar Pradesh,Sonbhadra,0.54,0.62,1148.0,1367.0,1266.0,1143.0,1258.6666666666667,-0.16020482809070957,0.49,1157.3809523809523
529,2004,12,Uttar Pradesh,Sonbhadra,0.63,0.57,905.0,1148.0,1367.0,1266.0,1260.3333333333333,-0.2116724738675958,0.54,1357.09375
529,2005,12,Uttar Pradesh,Sonbhadra,0.36,0.48,1333.0,905.0,1148.0,1367.0,1140.0,0.4729281767955802,0.63,1305.0819672131147
529,2006,12,Uttar Pradesh,Sonbhadra,0.37,0.39,1054.0,1333.0,905.0,1148.0,1128.6666666666667,-0.2093023255813954,0.36,1386.5333333333333
529,2007,12,Uttar Pradesh,Sonbhadra,0.33,0.33,1000.0,1054.0,1333.0,905.0,1097.3333333333333,-0.05123339658444026,0.37,1324.3125
529,2008,12,Uttar Pradesh,Sonbhadra,0.29,0.29,1000.0,1000.0,1054.0,1333.0,1129.0,0.0,0.33,1478.2131147540983
529,2009,12,Uttar Pradesh,Sonbhadra,0.13,0.18,1385.0,1000.0,1000.0,1054.0,1018.0,0.385,0.29,1416.9333333333334
529,2010,12,Uttar Pradesh,Sonbhadra,0.29,0.38,1310.0,1385.0,1000.0,1000.0,1128.3333333333333,-0.054151624548736454,0.13,1360.1186440677966
529,2011,12,Uttar Pradesh,Sonbhadra,0.29,0.45,1552.0,1310.0,1385.0,1000.0,1231.6666666666667,0.18473282442748085,0.29,1526.8095238095239
529,2012,12,Uttar Pradesh,Sonbhadra,0.29,0.25,862.0,1552.0,1310.0,1385.0,1415.6666666666667,-0.44458762886597936,0.29,1586.5967741935483
529,2013,12,Uttar Pradesh,Sonbhadra,0.18,0.29,1611.0,862.0,1552.0,1310.0,1241.3333333333333,0.8689095127610209,0.29,1458.9322033898304
529,2014,12,Uttar Pradesh,Sonbhadra,0.17,0.26,1529.0,1611.0,862.0,1552.0,1341.6666666666667,-0.05090006207324638,0.18,1524.3559322033898
529,2015,12,Uttar Pradesh,Sonbhadra,0.02,0.02,1000.0,1529.0,1611.0,862.0,1334.0,-0.34597776324395024,0.17,1426.6896551724137
529,2016,12,Uttar Pradesh,Sonbhadra,0.56,0.8,1427.0,1000.0,1529.0,1611.0,1380.0,0.42700000000000005,0.02,1464.7166666666667
529,2018,12,Uttar Pradesh,Sonbhadra,0.19,0.31,1599.0,1427.0,1000.0,1529.0,1318.6666666666667,0.12053258584442883,0.56,1712.9016393442623
529,2019,12,Uttar Pradesh,Sonbhadra,0.19,0.26,1379.0,1599.0,1427.0,1000.0,1342.0,-0.13758599124452786,0.19,1894.1833333333334
530,1993,12,Uttar Pradesh,Mau,0.47,0.71,1511.0,1558.0,1213.0,1123.0,1298.0,-0.030166880616174563,0.52,1126.1132075471698
530,1994,12,Uttar Pradesh,Mau,0.37,0.5,1351.0,1511.0,1558.0,1213.0,1427.3333333333333,-0.10589013898080746,0.47,1007.6603773584906
530,1995,12,Uttar Pradesh,Mau,0.31,0.37,1194.0,1351.0,1511.0,1558.0,1473.3333333333333,-0.1162102146558105,0.37,1217.4285714285713
530,1996,12,Uttar Pradesh,Mau,0.56,0.52,929.0,1194.0,1351.0,1511.0,1352.0,-0.22194304857621439,0.31,1118.625
530,1997,12,Uttar Pradesh,Mau,0.24,0.25,1042.0,929.0,1194.0,1351.0,1158.0,0.12163616792249732,0.56,1335.6029411764705
530,1998,12,Uttar Pradesh,Mau,0.42,0.52,1238.0,1042.0,929.0,1194.0,1055.0,0.18809980806142024,0.24,1130.3970588235295
530,1999,12,Uttar Pradesh,Mau,0.36,0.58,1611.0,1238.0,1042.0,929.0,1069.6666666666667,0.301292407108239,0.42,1361.2424242424242
530,2000,12,Uttar Pradesh,Mau,0.23,0.18,783.0,1611.0,1238.0,1042.0,1297.0,-0.5139664804469274,0.36,1263.7462686567164
530,2001,12,Uttar Pradesh,Mau,0.17,0.2,1176.0,783.0,1611.0,1238.0,1210.6666666666667,0.5019157088122606,0.23,1174.7910447761194
530,2002,12,Uttar Pradesh,Mau,0.14,0.19,1357.0,1176.0,783.0,1611.0,1190.0,0.15391156462585043,0.17,1196.323076923077
530,2003,12,Uttar Pradesh,Mau,0.14,0.18,1286.0,1357.0,1176.0,783.0,1105.3333333333333,-0.052321296978629306,0.14,1157.3809523809523
530,2004,12,Uttar Pradesh,Mau,0.17,0.27,1588.0,1286.0,1357.0,1176.0,1273.0,0.234836702954899,0.14,1357.09375
530,2005,12,Uttar Pradesh,Mau,0.09,0.14,1556.0,1588.0,1286.0,1357.0,1410.3333333333333,-0.02015113350125941,0.17,1305.0819672131147
530,2006,12,Uttar Pradesh,Mau,0.08,0.12,1500.0,1556.0,1588.0,1286.0,1476.6666666666667,-0.03598971722365041,0.09,1386.5333333333333
530,2007,12,Uttar Pradesh,Mau,0.07,0.1,1429.0,1500.0,1556.0,1588.0,1548.0,-0.04733333333333334,0.08,1324.3125
530,2008,12,Uttar Pradesh,Mau,0.07,0.13,1857.0,1429.0,1500.0,1556.0,1495.0,0.29951014695591316,0.07,1478.2131147540983
530,2009,12,Uttar Pradesh,Mau,0.09,0.15,1667.0,1857.0,1429.0,1500.0,1595.3333333333333,-0.10231556273559506,0.07,1416.9333333333334
530,2010,12,Uttar Pradesh,Mau,0.07,0.08,1143.0,1667.0,1857.0,1429.0,1651.0,-0.3143371325734853,0.09,1360.1186440677966
530,2011,12,Uttar Pradesh,Mau,0.08,0.1,1250.0,1143.0,1667.0,1857.0,1555.6666666666667,0.09361329833770782,0.07,1526.8095238095239
530,2012,12,Uttar Pradesh,Mau,0.09,0.17,1889.0,1250.0,1143.0,1667.0,1353.3333333333333,0.5112000000000001,0.08,1586.5967741935483
530,2013,12,Uttar Pradesh,Mau,0.04,0.05,1250.0,1889.0,1250.0,1143.0,1427.3333333333333,-0.3382742191635786,0.09,1458.9322033898304
530,2014,12,Uttar Pradesh,Mau,0.07,0.13,1857.0,1250.0,1889.0,1250.0,1463.0,0.48560000000000003,0.04,1524.3559322033898
530,2015,12,Uttar Pradesh,Mau,0.01,0.02,2000.0,1857.0,1250.0,1889.0,1665.3333333333333,0.07700592353257951,0.07,1426.6896551724137
530,2016,12,Uttar Pradesh,Mau,0.05,0.1,1904.0,2000.0,1857.0,1250.0,1702.3333333333333,-0.04800000000000004,0.01,1464.7166666666667
530,2017,12,Uttar Pradesh,Mau,0.05,0.09,1938.0,1904.0,2000.0,1857.0,1920.3333333333333,0.017857142857142794,0.05,1620.1724137931035
530,2018,12,Uttar Pradesh,Mau,0.02,0.05,2091.0,1938.0,1904.0,2000.0,1947.3333333333333,0.07894736842105265,0.05,1712.9016393442623
530,2019,12,Uttar Pradesh,Mau,0.05,0.1,2167.0,2091.0,1938.0,1904.0,1977.6666666666667,0.03634624581539936,0.02,1894.1833333333334
531,1994,12,Uttar Pradesh,Mahrajgani,0.07,0.09,1286.0,1500.0,1500.0,1167.0,1389.0,-0.14266666666666672,0.02,1007.6603773584906
531,1995,12,Uttar Pradesh,Mahrajgani,0.01,0.02,2000.0,1286.0,1500.0,1500.0,1428.6666666666667,0.5552099533437014,0.07,1217.4285714285713
531,1996,12,Uttar Pradesh,Mahrajgani,0.01,0.02,2000.0,2000.0,1286.0,1500.0,1595.3333333333333,0.0,0.01,1118.625
531,1997,12,Uttar Pradesh,Mahrajgani,0.01,0.02,2000.0,2000.0,2000.0,1286.0,1762.0,0.0,0.01,1335.6029411764705
531,1998,12,Uttar Pradesh,Mahrajgani,0.12,0.18,1500.0,2000.0,2000.0,2000.0,2000.0,-0.25,0.01,1130.3970588235295
531,1999,12,Uttar Pradesh,Mahrajgani,0.04,0.08,2000.0,1500.0,2000.0,2000.0,1833.3333333333333,0.33333333333333326,0.12,1361.2424242424242
531,2004,12,Uttar Pradesh,Mahrajgani,0.13,0.22,1692.0,2000.0,1500.0,2000.0,1833.3333333333333,-0.15400000000000003,0.04,1357.09375
532,1993,12,Uttar Pradesh,Sidharthnagar,0.02,0.03,1500.0,1500.0,1000.0,1000.0,1166.6666666666667,0.0,0.02,1126.1132075471698
532,1994,12,Uttar Pradesh,Sidharthnagar,0.02,0.02,1000.0,1500.0,1500.0,1000.0,1333.3333333333333,-0.33333333333333337,0.02,1007.6603773584906
532,1995,12,Uttar Pradesh,Sidharthnagar,0.01,0.02,2000.0,1000.0,1500.0,1500.0,1333.3333333333333,1.0,0.02,1217.4285714285713
532,1996,12,Uttar Pradesh,Sidharthnagar,0.05,0.08,1600.0,2000.0,1000.0,1500.0,1500.0,-0.19999999999999996,0.01,1118.625
532,1997,12,Uttar Pradesh,Sidharthnagar,0.02,0.03,1500.0,1600.0,2000.0,1000.0,1533.3333333333333,-0.0625,0.05,1335.6029411764705
532,1998,12,Uttar Pradesh,Sidharthnagar,0.01,0.02,2000.0,1500.0,1600.0,2000.0,1700.0,0.33333333333333326,0.02,1130.3970588235295
532,1999,12,Uttar Pradesh,Sidharthnagar,0.01,0.03,3000.0,2000.0,1500.0,1600.0,1700.0,0.5,0.01,1361.2424242424242
532,2000,12,Uttar Pradesh,Sidharthnagar,0.01,0.02,2000.0,3000.0,2000.0,1500.0,2166.6666666666665,-0.33333333333333337,0.01,1263.7462686567164
532,2001,12,Uttar Pradesh,Sidharthnagar,0.01,0.02,2000.0,2000.0,3000.0,2000.0,2333.3333333333335,0.0,0.01,1174.7910447761194
532,2002,12,Uttar Pradesh,Sidharthnagar,0.05,0.09,1800.0,2000.0,2000.0,3000.0,2333.3333333333335,-0.09999999999999998,0.01,1196.323076923077
532,2003,12,Uttar Pradesh,Sidharthnagar,0.08,0.14,1750.0,1800.0,2000.0,2000.0,1933.3333333333333,-0.02777777777777779,0.05,1157.3809523809523
533,2007,12,Uttar Pradesh,Mahoba,0.01,0.01,1000.0,1500.0,1000.0,667.0,1055.6666666666667,-0.33333333333333337,0.04,1324.3125
533,2008,12,Uttar Pradesh,Mahoba,0.01,0.01,1000.0,1000.0,1500.0,1000.0,1166.6666666666667,0.0,0.01,1478.2131147540983
533,2011,12,Uttar Pradesh,Mahoba,0.01,0.01,1000.0,1000.0,1000.0,1500.0,1166.6666666666667,0.0,0.01,1526.8095238095239
533,2018,12,Uttar Pradesh,Mahoba,0.12,0.06,484.0,1000.0,1000.0,1000.0,1000.0,-0.516,0.01,1712.9016393442623
533,2019,12,Uttar Pradesh,Mahoba,0.03,0.05,1857.0,484.0,1000.0,1000.0,828.0,2.8367768595041323,0.12,1894.1833333333334
536,1994,10,Rajasthan,Baran,1.94,1.18,608.0,295.0,579.0,233.0,369.0,1.0610169491525423,2.07,649.0666666666667
536,1995,10,Rajasthan,Baran,2.02,0.64,317.0,608.0,295.0,579.0,494.0,-0.4786184210526315,1.94,366.48275862068965
536,1996,10,Rajasthan,Baran,2.0,0.98,490.0,317.0,608.0,295.0,406.6666666666667,0.5457413249211356,2.02,558.4666666666667
536,1997,10,Rajasthan,Baran,2.08,1.11,534.0,490.0,317.0,608.0,471.6666666666667,0.0897959183673469,2.0,600.3666666666667
536,1998,10,Rajasthan,Baran,2.23,0.96,430.0,534.0,490.0,317.0,447.0,-0.19475655430711614,2.08,567.0967741935484
536,1999,10,Rajasthan,Baran,1.7,0.58,341.0,430.0,534.0,490.0,484.6666666666667,-0.2069767441860465,2.23,468.3333333333333
536,2000,10,Rajasthan,Baran,1.85,0.82,443.0,341.0,430.0,534.0,435.0,0.29912023460410553,1.7,567.96875
536,2001,10,Rajasthan,Baran,2.11,1.57,744.0,443.0,341.0,430.0,404.6666666666667,0.6794582392776525,1.85,849.96875
536,2002,10,Rajasthan,Baran,3.35,0.75,224.0,744.0,443.0,341.0,509.3333333333333,-0.6989247311827957,2.11,301.6333333333333
536,2003,10,Rajasthan,Baran,5.01,5.69,1136.0,224.0,744.0,443.0,470.3333333333333,4.071428571428571,3.35,1253.84375
536,2004,10,Rajasthan,Baran,2.43,1.59,654.0,1136.0,224.0,744.0,701.3333333333334,-0.42429577464788737,5.01,842.9677419354839
536,2005,10,Rajasthan,Baran,2.42,1.05,434.0,654.0,1136.0,224.0,671.3333333333334,-0.33639143730886845,2.43,567.75
536,2006,10,Rajasthan,Baran,2.82,2.27,805.0,434.0,654.0,1136.0,741.3333333333334,0.8548387096774193,2.42,907.28125
536,2007,10,Rajasthan,Baran,3.15,4.19,1330.0,805.0,434.0,654.0,631.0,0.6521739130434783,2.82,1043.3548387096773
536,2008,10,Rajasthan,Baran,3.21,3.93,1224.0,1330.0,805.0,434.0,856.3333333333334,-0.07969924812030071,3.15,1079.8181818181818
536,2009,10,Rajasthan,Baran,3.59,2.94,819.0,1224.0,1330.0,805.0,1119.6666666666667,-0.3308823529411765,3.21,594.258064516129
536,2010,10,Rajasthan,Baran,3.47,3.85,1110.0,819.0,1224.0,1330.0,1124.3333333333333,0.3553113553113554,3.59,1232.6060606060605
536,2011,10,Rajasthan,Baran,2.85,3.74,1312.0,1110.0,819.0,1224.0,1051.0,0.1819819819819819,3.47,1307.6363636363637
536,2012,10,Rajasthan,Baran,2.22,2.51,1131.0,1312.0,1110.0,819.0,1080.3333333333333,-0.13795731707317072,2.85,1154.1818181818182
536,2013,10,Rajasthan,Baran,0.56,0.28,500.0,1131.0,1312.0,1110.0,1184.3333333333333,-0.5579133510167993,2.22,1063.7878787878788
536,2014,10,Rajasthan,Baran,1.09,0.72,661.0,500.0,1131.0,1312.0,981.0,0.32200000000000006,0.56,1185.75
536,2015,10,Rajasthan,Baran,1.1,0.87,791.0,661.0,500.0,1131.0,764.0,0.19667170953101354,1.09,928.65625
536,2016,10,Rajasthan,Baran,1.12,1.34,1195.0,791.0,661.0,500.0,650.6666666666666,0.5107458912768648,1.1,1111.3939393939395
536,2017,10,Rajasthan,Baran,0.55,0.49,881.0,1195.0,791.0,661.0,882.3333333333334,-0.2627615062761506,1.12,1012.3333333333334
536,2018,10,Rajasthan,Baran,0.97,0.87,892.0,881.0,1195.0,791.0,955.6666666666666,0.012485811577752637,0.55,1085.6875
536,2019,10,Rajasthan,Baran,1.24,1.47,1186.0,892.0,881.0,1195.0,989.3333333333334,0.32959641255605376,0.97,1246.3870967741937
537,1994,10,Rajasthan,Dausa,80.66,68.02,843.0,514.0,927.0,733.0,724.6666666666666,0.6400778210116731,75.53,649.0666666666667
537,1995,10,Rajasthan,Dausa,70.08,29.81,425.0,843.0,514.0,927.0,761.3333333333334,-0.49584816132858833,80.66,366.48275862068965
537,1996,10,Rajasthan,Dausa,84.62,56.04,662.0,425.0,843.0,514.0,594.0,0.5576470588235294,70.08,558.4666666666667
537,1997,10,Rajasthan,Dausa,82.8,58.13,702.0,662.0,425.0,843.0,643.3333333333334,0.06042296072507547,84.62,600.3666666666667
537,1998,10,Rajasthan,Dausa,83.85,102.57,1223.0,702.0,662.0,425.0,596.3333333333334,0.7421652421652423,82.8,567.0967741935484
537,1999,10,Rajasthan,Dausa,79.24,82.98,1047.0,1223.0,702.0,662.0,862.3333333333334,-0.14390842191332787,83.85,468.3333333333333
537,2000,10,Rajasthan,Dausa,87.43,100.47,1149.0,1047.0,1223.0,702.0,990.6666666666666,0.09742120343839544,79.24,567.96875
537,2001,10,Rajasthan,Dausa,91.19,142.56,1563.0,1149.0,1047.0,1223.0,1139.6666666666667,0.360313315926893,87.43,849.96875
537,2002,10,Rajasthan,Dausa,95.84,47.17,492.0,1563.0,1149.0,1047.0,1253.0,-0.6852207293666026,91.19,301.6333333333333
537,2003,10,Rajasthan,Dausa,120.01,222.79,1856.0,492.0,1563.0,1149.0,1068.0,2.772357723577236,95.84,1253.84375
537,2004,10,Rajasthan,Dausa,103.66,117.82,1137.0,1856.0,492.0,1563.0,1303.6666666666667,-0.3873922413793104,120.01,842.9677419354839
537,2005,10,Rajasthan,Dausa,107.95,89.92,833.0,1137.0,1856.0,492.0,1161.6666666666667,-0.2673702726473175,103.66,567.75
537,2006,10,Rajasthan,Dausa,111.35,205.27,1843.0,833.0,1137.0,1856.0,1275.3333333333333,1.2124849939975992,107.95,907.28125
537,2007,10,Rajasthan,Dausa,124.26,218.09,1755.0,1843.0,833.0,1137.0,1271.0,-0.04774823657080851,111.35,1043.3548387096773
537,2008,10,Rajasthan,Dausa,119.58,211.09,1765.0,1755.0,1843.0,833.0,1477.0,0.005698005698005604,124.26,1079.8181818181818
537,2009,10,Rajasthan,Dausa,138.52,184.64,1333.0,1765.0,1755.0,1843.0,1787.6666666666667,-0.24475920679886687,119.58,594.258064516129
537,2010,10,Rajasthan,Dausa,140.58,200.85,1429.0,1333.0,1765.0,1755.0,1617.6666666666667,0.07201800450112539,138.52,1232.6060606060605
537,2011,10,Rajasthan,Dausa,138.71,228.03,1644.0,1429.0,1333.0,1765.0,1509.0,0.15045486354093773,140.58,1307.6363636363637
537,2012,10,Rajasthan,Dausa,134.49,250.33,1861.0,1644.0,1429.0,1333.0,1468.6666666666667,0.13199513381995143,138.71,1154.1818181818182
537,2013,10,Rajasthan,Dausa,131.56,228.25,1735.0,1861.0,1644.0,1429.0,1644.6666666666667,-0.0677055346587856,134.49,1063.7878787878788
537,2014,10,Rajasthan,Dausa,136.27,247.74,1818.0,1735.0,1861.0,1644.0,1746.6666666666667,0.04783861671469736,131.56,1185.75
537,2015,10,Rajasthan,Dausa,146.6,168.36,1148.0,1818.0,1735.0,1861.0,1804.6666666666667,-0.3685368536853685,136.27,928.65625
537,2016,10,Rajasthan,Dausa,149.55,242.83,1624.0,1148.0,1818.0,1735.0,1567.0,0.41463414634146334,146.6,1111.3939393939395
537,2017,10,Rajasthan,Dausa,150.64,207.99,1381.0,1624.0,1148.0,1818.0,1530.0,-0.14963054187192115,149.55,1012.3333333333334
537,2018,10,Rajasthan,Dausa,153.93,267.11,1735.0,1381.0,1624.0,1148.0,1384.3333333333333,0.2563359884141927,150.64,1085.6875
537,2019,10,Rajasthan,Dausa,155.05,305.93,1973.0,1735.0,1381.0,1624.0,1580.0,0.13717579250720457,153.93,1246.3870967741937
538,1994,10,Rajasthan,Rajsamand,0.27,0.17,630.0,294.0,579.0,235.0,369.3333333333333,1.1428571428571428,0.17,649.0666666666667
538,1995,10,Rajasthan,Rajsamand,0.16,0.05,313.0,630.0,294.0,579.0,501.0,-0.5031746031746032,0.27,366.48275862068965
538,1996,10,Rajasthan,Rajsamand,0.18,0.09,500.0,313.0,630.0,294.0,412.3333333333333,0.5974440894568691,0.16,558.4666666666667
538,1997,10,Rajasthan,Rajsamand,0.18,0.1,556.0,500.0,313.0,630.0,481.0,0.1120000000000001,0.18,600.3666666666667
538,1998,10,Rajasthan,Rajsamand,0.15,0.06,400.0,556.0,500.0,313.0,456.3333333333333,-0.28057553956834536,0.18,567.0967741935484
538,1999,10,Rajasthan,Rajsamand,0.19,0.07,368.0,400.0,556.0,500.0,485.3333333333333,-0.07999999999999996,0.15,468.3333333333333
538,2000,10,Rajasthan,Rajsamand,0.24,0.11,458.0,368.0,400.0,556.0,441.3333333333333,0.24456521739130443,0.19,567.96875
538,2001,10,Rajasthan,Rajsamand,0.38,0.28,737.0,458.0,368.0,400.0,408.6666666666667,0.6091703056768558,0.24,849.96875
538,2002,10,Rajasthan,Rajsamand,0.67,0.15,224.0,737.0,458.0,368.0,521.0,-0.6960651289009498,0.38,301.6333333333333
538,2003,10,Rajasthan,Rajsamand,0.98,1.11,1133.0,224.0,737.0,458.0,473.0,4.058035714285714,0.67,1253.84375
538,2004,10,Rajasthan,Rajsamand,0.65,0.43,662.0,1133.0,224.0,737.0,698.0,-0.4157105030891438,0.98,842.9677419354839
538,2005,10,Rajasthan,Rajsamand,0.57,0.25,439.0,662.0,1133.0,224.0,673.0,-0.3368580060422961,0.65,567.75
538,2006,10,Rajasthan,Rajsamand,0.52,0.37,712.0,439.0,662.0,1133.0,744.6666666666666,0.6218678815489749,0.57,907.28125
538,2007,10,Rajasthan,Rajsamand,0.41,0.34,829.0,712.0,439.0,662.0,604.3333333333334,0.1643258426966292,0.52,1043.3548387096773
538,2008,10,Rajasthan,Rajsamand,0.5,0.41,820.0,829.0,712.0,439.0,660.0,-0.010856453558504175,0.41,1079.8181818181818
538,2009,10,Rajasthan,Rajsamand,0.46,0.18,391.0,820.0,829.0,712.0,787.0,-0.5231707317073171,0.5,594.258064516129
538,2010,10,Rajasthan,Rajsamand,0.45,0.5,1111.0,391.0,820.0,829.0,680.0,1.8414322250639388,0.46,1232.6060606060605
538,2011,10,Rajasthan,Rajsamand,0.43,0.54,1256.0,1111.0,391.0,820.0,774.0,0.13051305130513047,0.45,1307.6363636363637
538,2012,10,Rajasthan,Rajsamand,0.37,0.36,973.0,1256.0,1111.0,391.0,919.3333333333334,-0.22531847133757965,0.43,1154.1818181818182
538,2013,10,Rajasthan,Rajsamand,0.33,0.3,909.0,973.0,1256.0,1111.0,1113.3333333333333,-0.06577595066803699,0.37,1063.7878787878788
538,2014,10,Rajasthan,Rajsamand,0.32,0.35,1094.0,909.0,973.0,1256.0,1046.0,0.20352035203520358,0.33,1185.75
538,2015,10,Rajasthan,Rajsamand,0.36,0.28,778.0,1094.0,909.0,973.0,992.0,-0.2888482632541134,0.32,928.65625
538,2016,10,Rajasthan,Rajsamand,0.36,0.36,997.0,778.0,1094.0,909.0,927.0,0.28149100257069404,0.36,1111.3939393939395
538,2017,10,Rajasthan,Rajsamand,0.32,0.28,883.0,997.0,778.0,1094.0,956.3333333333334,-0.1143430290872618,0.36,1012.3333333333334
538,2018,10,Rajasthan,Rajsamand,0.35,0.31,891.0,883.0,997.0,778.0,886.0,0.009060022650056565,0.32,1085.6875
538,2019,10,Rajasthan,Rajsamand,0.32,0.38,1187.0,891.0,883.0,997.0,923.6666666666666,0.3322109988776656,0.35,1246.3870967741937
539,1997,10,Rajasthan,Hanumangarh,68.29,44.65,654.0,691.0,623.0,791.0,701.6666666666666,-0.05354558610709115,58.21,600.3666666666667
539,1998,10,Rajasthan,Hanumangarh,54.43,35.8,658.0,654.0,691.0,623.0,656.0,0.006116207951070374,68.29,567.0967741935484
539,1999,10,Rajasthan,Hanumangarh,53.88,16.15,300.0,658.0,654.0,691.0,667.6666666666666,-0.5440729483282675,54.43,468.3333333333333
539,2000,10,Rajasthan,Hanumangarh,51.85,8.45,163.0,300.0,658.0,654.0,537.3333333333334,-0.45666666666666667,53.88,567.96875
539,2001,10,Rajasthan,Hanumangarh,96.46,74.77,775.0,163.0,300.0,658.0,373.6666666666667,3.7546012269938647,51.85,849.96875
539,2002,10,Rajasthan,Hanumangarh,59.71,4.52,76.0,775.0,163.0,300.0,412.6666666666667,-0.9019354838709678,96.46,301.6333333333333
539,2003,10,Rajasthan,Hanumangarh,116.15,109.91,946.0,76.0,775.0,163.0,338.0,11.447368421052632,59.71,1253.84375
539,2004,10,Rajasthan,Hanumangarh,69.22,33.47,484.0,946.0,76.0,775.0,599.0,-0.4883720930232558,116.15,842.9677419354839
539,2005,10,Rajasthan,Hanumangarh,78.77,74.23,942.0,484.0,946.0,76.0,502.0,0.9462809917355373,69.22,567.75
539,2006,10,Rajasthan,Hanumangarh,97.27,88.15,906.0,942.0,484.0,946.0,790.6666666666666,-0.03821656050955413,78.77,907.28125
539,2007,10,Rajasthan,Hanumangarh,86.57,136.16,1573.0,906.0,942.0,484.0,777.3333333333334,0.7362030905077264,97.27,1043.3548387096773
539,2008,10,Rajasthan,Hanumangarh,80.11,129.12,1612.0,1573.0,906.0,942.0,1140.3333333333333,0.024793388429751984,86.57,1079.8181818181818
539,2009,10,Rajasthan,Hanumangarh,53.34,24.01,450.0,1612.0,1573.0,906.0,1363.6666666666667,-0.7208436724565757,80.11,594.258064516129
539,2010,10,Rajasthan,Hanumangarh,91.09,79.36,871.0,450.0,1612.0,1573.0,1211.6666666666667,0.9355555555555555,53.34,1232.6060606060605
539,2011,10,Rajasthan,Hanumangarh,72.88,100.79,1383.0,871.0,450.0,1612.0,977.6666666666666,0.5878300803673937,91.09,1307.6363636363637
539,2012,10,Rajasthan,Hanumangarh,33.66,54.75,1627.0,1383.0,871.0,450.0,901.3333333333334,0.17642805495300062,72.88,1154.1818181818182
539,2013,10,Rajasthan,Hanumangarh,32.95,33.8,1026.0,1627.0,1383.0,871.0,1293.6666666666667,-0.36939151813153037,33.66,1063.7878787878788
539,2014,10,Rajasthan,Hanumangarh,34.17,44.63,1306.0,1026.0,1627.0,1383.0,1345.3333333333333,0.2729044834307992,32.95,1185.75
539,2015,10,Rajasthan,Hanumangarh,29.2,23.07,790.0,1306.0,1026.0,1627.0,1319.6666666666667,-0.39509954058192953,34.17,928.65625
539,2016,10,Rajasthan,Hanumangarh,41.71,18.42,442.0,790.0,1306.0,1026.0,1040.6666666666667,-0.44050632911392407,29.2,1111.3939393939395
539,2017,10,Rajasthan,Hanumangarh,36.99,18.95,512.0,442.0,790.0,1306.0,846.0,0.158371040723982,41.71,1012.3333333333334
539,2018,10,Rajasthan,Hanumangarh,30.47,19.71,647.0,512.0,442.0,790.0,581.3333333333334,0.263671875,36.99,1085.6875
539,2019,10,Rajasthan,Hanumangarh,31.72,16.44,518.0,647.0,512.0,442.0,533.6666666666666,-0.19938176197836166,30.47,1246.3870967741937
542,1996,11,Tamil Nadu,Nagapattinam,0.01,0.02,2000.0,1500.0,2000.0,3000.0,2166.6666666666665,0.33333333333333326,0.02,1290.76
542,2004,11,Tamil Nadu,Nagapattinam,0.01,0.01,1000.0,2000.0,1500.0,2000.0,1833.3333333333333,-0.5,0.01,1259.4615384615386
542,2012,11,Tamil Nadu,Nagapattinam,0.01,0.01,1000.0,1000.0,2000.0,1500.0,1500.0,0.0,0.01,1478.6153846153845
542,2013,11,Tamil Nadu,Nagapattinam,0.01,0.01,1000.0,1000.0,1000.0,2000.0,1333.3333333333333,0.0,0.01,2170.25
542,2014,11,Tamil Nadu,Nagapattinam,0.01,0.02,2000.0,1000.0,1000.0,1000.0,1000.0,1.0,0.01,3069.8846153846152
543,1997,11,Tamil Nadu,Villupuram,58.19,51.29,881.0,1048.0,1298.0,1034.0,1126.6666666666667,-0.15935114503816794,59.07,1471.1363636363637
543,1998,11,Tamil Nadu,Villupuram,51.07,62.9,1232.0,881.0,1048.0,1298.0,1075.6666666666667,0.398410896708286,58.19,1540.1818181818182
543,1999,11,Tamil Nadu,Villupuram,44.39,64.66,1457.0,1232.0,881.0,1048.0,1053.6666666666667,0.1826298701298701,51.07,1686.5416666666667
543,2000,11,Tamil Nadu,Villupuram,41.49,62.24,1500.0,1457.0,1232.0,881.0,1190.0,0.02951269732326689,44.39,1490.8333333333333
543,2001,11,Tamil Nadu,Villupuram,42.11,53.36,1267.0,1500.0,1457.0,1232.0,1396.3333333333333,-0.15533333333333332,41.49,1411.7083333333333
543,2002,11,Tamil Nadu,Villupuram,27.29,10.77,395.0,1267.0,1500.0,1457.0,1408.0,-0.6882399368587213,42.11,1024.6818181818182
543,2003,11,Tamil Nadu,Villupuram,67.29,75.92,1128.0,395.0,1267.0,1500.0,1054.0,1.8556962025316457,27.29,1060.8
543,2004,11,Tamil Nadu,Villupuram,20.44,19.55,956.0,1128.0,395.0,1267.0,930.0,-0.15248226950354615,67.29,1259.4615384615386
543,2005,11,Tamil Nadu,Villupuram,14.81,12.81,865.0,956.0,1128.0,395.0,826.3333333333334,-0.09518828451882844,20.44,1316.625
543,2006,11,Tamil Nadu,Villupuram,11.83,9.69,819.0,865.0,956.0,1128.0,983.0,-0.05317919075144506,14.81,1589.5652173913043
543,2007,11,Tamil Nadu,Villupuram,15.17,17.24,1136.0,819.0,865.0,956.0,880.0,0.387057387057387,11.83,1603.8695652173913
543,2008,11,Tamil Nadu,Villupuram,12.57,13.59,1081.0,1136.0,819.0,865.0,940.0,-0.0484154929577465,15.17,1738.4166666666667
543,2009,11,Tamil Nadu,Villupuram,11.33,12.08,1066.0,1081.0,1136.0,819.0,1012.0,-0.013876040703052706,12.57,1623.92
543,2010,11,Tamil Nadu,Villupuram,10.73,12.89,1201.0,1066.0,1081.0,1136.0,1094.3333333333333,0.12664165103189484,11.33,1499.9583333333333
543,2011,11,Tamil Nadu,Villupuram,12.82,29.87,2330.0,1201.0,1066.0,1081.0,1116.0,0.9400499583680266,10.73,2250.72
543,2012,11,Tamil Nadu,Villupuram,8.57,10.72,1251.0,2330.0,1201.0,1066.0,1532.3333333333333,-0.4630901287553648,12.82,1478.6153846153845
543,2013,11,Tamil Nadu,Villupuram,15.83,40.49,2558.0,1251.0,2330.0,1201.0,1594.0,1.0447641886490806,8.57,2170.25
543,2014,11,Tamil Nadu,Villupuram,17.4,48.09,2764.0,2558.0,1251.0,2330.0,2046.3333333333333,0.08053166536356526,15.83,3069.8846153846152
543,2015,11,Tamil Nadu,Villupuram,16.39,39.07,2384.0,2764.0,2558.0,1251.0,2191.0,-0.13748191027496381,17.4,2671.75
543,2016,11,Tamil Nadu,Villupuram,16.79,47.37,2821.0,2384.0,2764.0,2558.0,2568.6666666666665,0.18330536912751683,16.39,2170.375
543,2017,11,Tamil Nadu,Villupuram,29.07,62.64,2155.0,2821.0,2384.0,2764.0,2656.3333333333335,-0.23608649415101024,16.79,2231.28
543,2018,11,Tamil Nadu,Villupuram,17.8,50.49,2836.0,2155.0,2821.0,2384.0,2453.3333333333335,0.3160092807424595,29.07,2474.84
543,2019,11,Tamil Nadu,Villupuram,37.11,94.03,2534.0,2836.0,2155.0,2821.0,2604.0,-0.10648801128349783,17.8,2837.84
545,1996,9,Punjab,Mansa,1.0,1.0,1000.0,1167.0,1000.0,1270.0,1145.6666666666667,-0.14310197086546705,0.6,969.6666666666666
545,1998,9,Punjab,Mansa,1.1,1.0,909.0,1000.0,1167.0,1000.0,1055.6666666666667,-0.09099999999999997,1.0,1043.6666666666667
545,1999,9,Punjab,Mansa,1.8,1.3,722.0,909.0,1000.0,1167.0,1025.3333333333333,-0.20572057205720573,1.1,741.75
545,2000,9,Punjab,Mansa,2.0,1.4,700.0,722.0,909.0,1000.0,877.0,-0.030470914127423865,1.8,875.0
545,2001,9,Punjab,Mansa,1.3,1.2,923.0,700.0,722.0,909.0,777.0,0.3185714285714285,2.0,950.0
545,2002,9,Punjab,Mansa,1.7,1.4,824.0,923.0,700.0,722.0,781.6666666666666,-0.10725893824485377,1.3,877.8888888888889
545,2003,9,Punjab,Mansa,2.7,2.7,1000.0,824.0,923.0,700.0,815.6666666666666,0.21359223300970864,1.7,989.625
545,2004,9,Punjab,Mansa,2.0,2.0,1000.0,1000.0,824.0,923.0,915.6666666666666,0.0,2.7,1000.0
545,2005,9,Punjab,Mansa,1.0,1.0,1000.0,1000.0,1000.0,824.0,941.3333333333334,0.0,2.0,1000.0
545,2006,9,Punjab,Mansa,1.0,1.0,1000.0,1000.0,1000.0,1000.0,1000.0,0.0,1.0,1000.0
545,2007,9,Punjab,Mansa,1.0,1.0,1000.0,1000.0,1000.0,1000.0,1000.0,0.0,1.0,1000.0
545,2008,9,Punjab,Mansa,1.0,1.0,1000.0,1000.0,1000.0,1000.0,1000.0,0.0,1.0,1000.0
545,2009,9,Punjab,Mansa,1.0,1.0,1000.0,1000.0,1000.0,1000.0,1000.0,0.0,1.0,1333.3333333333333
545,2010,9,Punjab,Mansa,1.0,1.0,1000.0,1000.0,1000.0,1000.0,1000.0,0.0,1.0,1000.0
545,2011,9,Punjab,Mansa,1.0,1.0,1000.0,1000.0,1000.0,1000.0,1000.0,0.0,1.0,1000.0
545,2012,9,Punjab,Mansa,1.0,1.0,1000.0,1000.0,1000.0,1000.0,1000.0,0.0,1.0,1000.0
545,2013,9,Punjab,Mansa,0.2,0.2,1000.0,1000.0,1000.0,1000.0,1000.0,0.0,1.0,1000.0
545,2016,9,Punjab,Mansa,1.0,0.6,600.0,1000.0,1000.0,1000.0,1000.0,-0.4,0.2,550.0
545,2017,9,Punjab,Mansa,0.5,0.3,600.0,600.0,1000.0,1000.0,866.6666666666666,0.0,1.0,650.0
545,2018,9,Punjab,Mansa,0.4,0.2,500.0,600.0,600.0,1000.0,733.3333333333334,-0.16666666666666663,0.5,800.0
545,2019,9,Punjab,Mansa,0.3,0.2,667.0,500.0,600.0,600.0,566.6666666666666,0.3340000000000001,0.4,583.5
547,1993,12,Uttar Pradesh,Kanpur Nagar,0.14,0.22,1571.0,1909.0,1700.0,1286.0,1631.6666666666667,-0.177056050288109,0.11,1126.1132075471698
547,1994,12,Uttar Pradesh,Kanpur Nagar,0.16,0.19,1188.0,1571.0,1909.0,1700.0,1726.6666666666667,-0.24379376193507318,0.14,1007.6603773584906
547,1995,12,Uttar Pradesh,Kanpur Nagar,0.05,0.06,1200.0,1188.0,1571.0,1909.0,1556.0,0.010101010101010166,0.16,1217.4285714285713
547,1996,12,Uttar Pradesh,Kanpur Nagar,0.07,0.1,1429.0,1200.0,1188.0,1571.0,1319.6666666666667,0.1908333333333334,0.05,1118.625
547,1997,12,Uttar Pradesh,Kanpur Nagar,1.05,1.73,1648.0,1429.0,1200.0,1188.0,1272.3333333333333,0.15325402379286213,0.07,1335.6029411764705
547,1998,12,Uttar Pradesh,Kanpur Nagar,1.09,1.29,1183.0,1648.0,1429.0,1200.0,1425.6666666666667,-0.28216019417475724,1.05,1130.3970588235295
547,1999,12,Uttar Pradesh,Kanpur Nagar,1.27,1.54,1213.0,1183.0,1648.0,1429.0,1420.0,0.025359256128486996,1.09,1361.2424242424242
547,2000,12,Uttar Pradesh,Kanpur Nagar,1.26,1.57,1246.0,1213.0,1183.0,1648.0,1348.0,0.027205276174773196,1.27,1263.7462686567164
547,2001,12,Uttar Pradesh,Kanpur Nagar,0.83,0.88,1060.0,1246.0,1213.0,1183.0,1214.0,-0.1492776886035313,1.26,1174.7910447761194
547,2002,12,Uttar Pradesh,Kanpur Nagar,0.68,0.86,1265.0,1060.0,1246.0,1213.0,1173.0,0.19339622641509435,0.83,1196.323076923077
547,2003,12,Uttar Pradesh,Kanpur Nagar,0.83,0.99,1193.0,1265.0,1060.0,1246.0,1190.3333333333333,-0.056916996047430835,0.68,1157.3809523809523
547,2004,12,Uttar Pradesh,Kanpur Nagar,0.77,1.29,1675.0,1193.0,1265.0,1060.0,1172.6666666666667,0.4040234702430847,0.83,1357.09375
547,2005,12,Uttar Pradesh,Kanpur Nagar,0.89,1.39,1562.0,1675.0,1193.0,1265.0,1377.6666666666667,-0.06746268656716414,0.77,1305.0819672131147
547,2006,12,Uttar Pradesh,Kanpur Nagar,0.98,1.65,1684.0,1562.0,1675.0,1193.0,1476.6666666666667,0.07810499359795142,0.89,1386.5333333333333
547,2007,12,Uttar Pradesh,Kanpur Nagar,0.93,1.65,1774.0,1684.0,1562.0,1675.0,1640.3333333333333,0.05344418052256539,0.98,1324.3125
547,2008,12,Uttar Pradesh,Kanpur Nagar,1.04,2.27,2183.0,1774.0,1684.0,1562.0,1673.3333333333333,0.23055242390078923,0.93,1478.2131147540983
547,2009,12,Uttar Pradesh,Kanpur Nagar,1.2,2.41,2008.0,2183.0,1774.0,1684.0,1880.3333333333333,-0.08016491067338527,1.04,1416.9333333333334
547,2010,12,Uttar Pradesh,Kanpur Nagar,1.98,3.88,1960.0,2008.0,2183.0,1774.0,1988.3333333333333,-0.0239043824701195,1.2,1360.1186440677966
547,2011,12,Uttar Pradesh,Kanpur Nagar,1.52,2.74,1803.0,1960.0,2008.0,2183.0,2050.3333333333335,-0.08010204081632655,1.98,1526.8095238095239
547,2012,12,Uttar Pradesh,Kanpur Nagar,1.56,2.07,1327.0,1803.0,1960.0,2008.0,1923.6666666666667,-0.26400443704936216,1.52,1586.5967741935483
547,2013,12,Uttar Pradesh,Kanpur Nagar,1.17,2.07,1769.0,1327.0,1803.0,1960.0,1696.6666666666667,0.3330821401657875,1.56,1458.9322033898304
547,2014,12,Uttar Pradesh,Kanpur Nagar,1.02,1.26,1235.0,1769.0,1327.0,1803.0,1633.0,-0.30186546071226683,1.17,1524.3559322033898
547,2015,12,Uttar Pradesh,Kanpur Nagar,1.21,1.27,1050.0,1235.0,1769.0,1327.0,1443.6666666666667,-0.1497975708502024,1.02,1426.6896551724137
547,2016,12,Uttar Pradesh,Kanpur Nagar,1.17,1.89,1608.0,1050.0,1235.0,1769.0,1351.3333333333333,0.5314285714285714,1.21,1464.7166666666667
547,2017,12,Uttar Pradesh,Kanpur Nagar,1.17,2.06,1757.0,1608.0,1050.0,1235.0,1297.6666666666667,0.09266169154228865,1.17,1620.1724137931035
547,2018,12,Uttar Pradesh,Kanpur Nagar,1.0,2.83,2827.0,1757.0,1608.0,1050.0,1471.6666666666667,0.6089926010244735,1.17,1712.9016393442623
547,2019,12,Uttar Pradesh,Kanpur Nagar,1.16,2.03,1750.0,2827.0,1757.0,1608.0,2064.0,-0.380969225327202,1.0,1894.1833333333334
548,1993,12,Uttar Pradesh,Kanpur Dehat,9.24,15.57,1685.0,1754.0,1224.0,1368.0,1448.6666666666667,-0.03933865450399088,9.96,1126.1132075471698
548,1994,12,Uttar Pradesh,Kanpur Dehat,14.3,7.53,527.0,1685.0,1754.0,1224.0,1554.3333333333333,-0.687240356083086,9.24,1007.6603773584906
548,1995,12,Uttar Pradesh,Kanpur Dehat,14.45,14.56,1008.0,527.0,1685.0,1754.0,1322.0,0.9127134724857684,14.3,1217.4285714285713
548,1996,12,Uttar Pradesh,Kanpur Dehat,15.94,17.34,1088.0,1008.0,527.0,1685.0,1073.3333333333333,0.0793650793650793,14.45,1118.625
548,1997,12,Uttar Pradesh,Kanpur Dehat,12.79,17.12,1339.0,1088.0,1008.0,527.0,874.3333333333334,0.23069852941176472,15.94,1335.6029411764705
548,1998,12,Uttar Pradesh,Kanpur Dehat,12.49,12.45,997.0,1339.0,1088.0,1008.0,1145.0,-0.2554144884241971,12.79,1130.3970588235295
548,1999,12,Uttar Pradesh,Kanpur Dehat,9.46,14.21,1502.0,997.0,1339.0,1088.0,1141.3333333333333,0.506519558676028,12.49,1361.2424242424242
548,2000,12,Uttar Pradesh,Kanpur Dehat,9.47,12.29,1298.0,1502.0,997.0,1339.0,1279.3333333333333,-0.1358189081225033,9.46,1263.7462686567164
548,2001,12,Uttar Pradesh,Kanpur Dehat,11.48,15.02,1308.0,1298.0,1502.0,997.0,1265.6666666666667,0.007704160246533087,9.47,1174.7910447761194
548,2002,12,Uttar Pradesh,Kanpur Dehat,13.34,15.84,1187.0,1308.0,1298.0,1502.0,1369.3333333333333,-0.09250764525993882,11.48,1196.323076923077
548,2003,12,Uttar Pradesh,Kanpur Dehat,14.0,14.86,1061.0,1187.0,1308.0,1298.0,1264.3333333333333,-0.10614995787700088,13.34,1157.3809523809523
548,2004,12,Uttar Pradesh,Kanpur Dehat,13.65,17.89,1311.0,1061.0,1187.0,1308.0,1185.3333333333333,0.23562676720075393,14.0,1357.09375
548,2005,12,Uttar Pradesh,Kanpur Dehat,15.05,19.48,1294.0,1311.0,1061.0,1187.0,1186.3333333333333,-0.012967200610221163,13.65,1305.0819672131147
548,2006,12,Uttar Pradesh,Kanpur Dehat,16.23,25.41,1566.0,1294.0,1311.0,1061.0,1222.0,0.21020092735703244,15.05,1386.5333333333333
548,2007,12,Uttar Pradesh,Kanpur Dehat,17.14,32.76,1911.0,1566.0,1294.0,1311.0,1390.3333333333333,0.22030651340996177,16.23,1324.3125
548,2008,12,Uttar Pradesh,Kanpur Dehat,17.33,34.18,1972.0,1911.0,1566.0,1294.0,1590.3333333333333,0.03192046049188901,17.14,1478.2131147540983
548,2009,12,Uttar Pradesh,Kanpur Dehat,16.74,24.21,1446.0,1972.0,1911.0,1566.0,1816.3333333333333,-0.2667342799188641,17.33,1416.9333333333334
548,2010,12,Uttar Pradesh,Kanpur Dehat,16.81,31.82,1893.0,1446.0,1972.0,1911.0,1776.3333333333333,0.3091286307053942,16.74,1360.1186440677966
548,2011,12,Uttar Pradesh,Kanpur Dehat,16.92,33.02,1952.0,1893.0,1446.0,1972.0,1770.3333333333333,0.031167459059693536,16.81,1526.8095238095239
548,2012,12,Uttar Pradesh,Kanpur Dehat,16.92,41.07,2427.0,1952.0,1893.0,1446.0,1763.6666666666667,0.24334016393442615,16.92,1586.5967741935483
548,2013,12,Uttar Pradesh,Kanpur Dehat,16.56,41.12,2483.0,2427.0,1952.0,1893.0,2090.6666666666665,0.023073753605274083,16.92,1458.9322033898304
548,2014,12,Uttar Pradesh,Kanpur Dehat,18.13,38.68,2133.0,2483.0,2427.0,1952.0,2287.3333333333335,-0.14095851792186875,16.56,1524.3559322033898
548,2015,12,Uttar Pradesh,Kanpur Dehat,22.7,37.64,1658.0,2133.0,2483.0,2427.0,2347.6666666666665,-0.2226910454758556,18.13,1426.6896551724137
548,2016,12,Uttar Pradesh,Kanpur Dehat,17.45,43.2,2475.0,1658.0,2133.0,2483.0,2091.3333333333335,0.4927623642943306,22.7,1464.7166666666667
548,2017,12,Uttar Pradesh,Kanpur Dehat,17.29,31.95,1848.0,2475.0,1658.0,2133.0,2088.6666666666665,-0.2533333333333333,17.45,1620.1724137931035
548,2018,12,Uttar Pradesh,Kanpur Dehat,15.3,46.46,3037.0,1848.0,2475.0,1658.0,1993.6666666666667,0.6433982683982684,17.29,1712.9016393442623
548,2019,12,Uttar Pradesh,Kanpur Dehat,17.56,45.2,2574.0,3037.0,1848.0,2475.0,2453.3333333333335,-0.1524530786960817,15.3,1894.1833333333334
549,2016,5,Karnataka,Bangalore(Rural),0.01,0.01,1000.0,1000.0,1000.0,667.0,889.0,0.0,0.01,919.8888888888889
549,2018,5,Karnataka,Bangalore(Rural),0.01,0.01,909.0,1000.0,1000.0,1000.0,1000.0,-0.09099999999999997,0.01,968.64
549,2019,5,Karnataka,Bangalore(Rural),0.01,0.01,1125.0,909.0,1000.0,1000.0,969.6666666666666,0.2376237623762376,0.01,1106.3633333333335
628,2014,18,Himachal Pradesh,Hamirpur,0.12,0.08,666.67,666.67,500.0,1000.0,722.2233333333334,0.0,0.12,511.628
629,1997,18,Himachal Pradesh,Kangra,0.34,0.19,558.82,555.56,666.67,600.0,607.41,0.005867953056375663,0.09,552.94
629,1998,18,Himachal Pradesh,Kangra,0.44,0.24,545.45,558.82,555.56,666.67,593.6833333333333,-0.023925414265774325,0.34,681.8166666666667
629,1999,18,Himachal Pradesh,Kangra,0.09,0.05,555.56,545.45,558.82,555.56,553.2766666666668,0.018535154459620395,0.44,740.7433333333333
629,2000,18,Himachal Pradesh,Kangra,0.07,0.02,285.71,555.56,545.45,558.82,553.2766666666666,-0.48572611419108647,0.09,392.855
629,2001,18,Himachal Pradesh,Kangra,0.06,0.04,666.67,285.71,555.56,545.45,462.24,1.3333800007000107,0.07,833.335
629,2003,18,Himachal Pradesh,Kangra,0.22,0.12,545.45,666.67,285.71,555.56,502.6466666666666,-0.18182909085454557,0.06,609.0899999999999
629,2004,18,Himachal Pradesh,Kangra,0.21,0.11,523.81,545.45,666.67,285.71,499.27666666666664,-0.03967366394719973,0.22,619.05
629,2008,18,Himachal Pradesh,Kangra,0.15,0.08,533.33,523.81,545.45,666.67,578.6433333333333,0.01817452893224658,0.21,516.665
629,2009,18,Himachal Pradesh,Kangra,0.15,0.08,533.33,533.33,523.81,545.45,534.1966666666667,0.0,0.15,466.665
629,2010,18,Himachal Pradesh,Kangra,0.14,0.08,571.43,533.33,533.33,523.81,530.1566666666666,0.07143794648716528,0.15,585.7149999999999
629,2011,18,Himachal Pradesh,Kangra,0.15,0.09,600.0,571.43,533.33,533.33,546.0300000000001,0.04999737500656254,0.14,700.0
629,2012,18,Himachal Pradesh,Kangra,0.56,0.28,500.0,600.0,571.43,533.33,568.2533333333334,-0.16666666666666663,0.15,498.31375
629,2013,18,Himachal Pradesh,Kangra,0.32,0.18,562.5,500.0,600.0,571.43,557.1433333333333,0.125,0.56,528.1279999999999
629,2014,18,Himachal Pradesh,Kangra,0.25,0.12,480.0,562.5,500.0,600.0,554.1666666666666,-0.1466666666666666,0.32,511.628
629,2015,18,Himachal Pradesh,Kangra,0.05,0.03,600.0,480.0,562.5,500.0,514.1666666666666,0.25,0.25,550.0
629,2016,18,Himachal Pradesh,Kangra,0.12,0.06,482.76,600.0,480.0,562.5,547.5,-0.19540000000000002,0.05,498.955
629,2017,18,Himachal Pradesh,Kangra,0.05,0.04,750.0,482.76,600.0,480.0,520.9200000000001,0.5535669898086006,0.12,744.565
629,2018,18,Himachal Pradesh,Kangra,0.06,0.05,820.0,750.0,482.76,600.0,610.9200000000001,0.09333333333333327,0.05,643.5
629,2019,18,Himachal Pradesh,Kangra,0.08,0.08,1027.0,820.0,750.0,482.76,684.2533333333334,0.2524390243902439,0.06,1009.0
634,1999,18,Himachal Pradesh,Mandi,0.03,0.02,666.67,500.0,500.0,1000.0,666.6666666666666,0.33333999999999997,0.02,740.7433333333333
634,2000,18,Himachal Pradesh,Mandi,0.02,0.01,500.0,666.67,500.0,500.0,555.5566666666667,-0.2500037499812501,0.03,392.855
634,2003,18,Himachal Pradesh,Mandi,0.03,0.01,333.33,500.0,666.67,500.0,555.5566666666667,-0.3333400000000001,0.02,609.0899999999999
634,2004,18,Himachal Pradesh,Mandi,0.03,0.02,666.67,333.33,500.0,666.67,500.0,1.0000300003000029,0.03,619.05
634,2008,18,Himachal Pradesh,Mandi,0.04,0.02,500.0,666.67,333.33,500.0,500.0,-0.2500037499812501,0.03,516.665
634,2009,18,Himachal Pradesh,Mandi,0.05,0.02,400.0,500.0,666.67,333.33,500.0,-0.19999999999999996,0.04,466.665
634,2010,18,Himachal Pradesh,Mandi,0.05,0.03,600.0,400.0,500.0,666.67,522.2233333333334,0.5,0.05,585.7149999999999
634,2011,18,Himachal Pradesh,Mandi,0.06,0.03,500.0,600.0,400.0,500.0,500.0,-0.16666666666666663,0.05,700.0
634,2012,18,Himachal Pradesh,Mandi,0.27,0.14,518.52,500.0,600.0,400.0,500.0,0.03703999999999996,0.06,498.31375
634,2013,18,Himachal Pradesh,Mandi,0.13,0.07,538.46,518.52,500.0,600.0,539.5066666666667,0.03845560441255902,0.27,528.1279999999999
634,2014,18,Himachal Pradesh,Mandi,0.13,0.07,538.46,538.46,518.52,500.0,518.9933333333333,0.0,0.13,511.628
634,2015,18,Himachal Pradesh,Mandi,0.02,0.01,500.0,538.46,538.46,518.52,531.8133333333334,-0.07142591835976686,0.13,550.0
634,2016,18,Himachal Pradesh,Mandi,0.03,0.02,515.15,500.0,538.46,538.46,525.64,0.030299999999999994,0.02,498.955
634,2017,18,Himachal Pradesh,Mandi,0.02,0.02,739.13,515.15,500.0,538.46,517.87,0.4347859846646609,0.03,744.565
634,2018,18,Himachal Pradesh,Mandi,0.02,0.01,467.0,739.13,515.15,500.0,584.7599999999999,-0.368176098927117,0.02,643.5
634,2019,18,Himachal Pradesh,Mandi,0.02,0.02,1000.0,467.0,739.13,515.15,573.7599999999999,1.1413276231263385,0.02,1009.0
636,1995,18,Himachal Pradesh,Sirmaur,0.05,0.01,200.0,600.0,250.0,500.0,450.0,-0.6666666666666667,0.05,200.0
636,1996,18,Himachal Pradesh,Sirmaur,0.06,0.06,1000.0,200.0,600.0,250.0,350.0,4.0,0.05,851.8533333333334
636,1997,18,Himachal Pradesh,Sirmaur,0.05,0.03,600.0,1000.0,200.0,600.0,600.0,-0.4,0.06,552.94
636,1998,18,Himachal Pradesh,Sirmaur,0.01,0.01,1000.0,600.0,1000.0,200.0,600.0,0.6666666666666667,0.05,681.8166666666667
636,1999,18,Himachal Pradesh,Sirmaur,0.01,0.01,1000.0,1000.0,600.0,1000.0,866.6666666666666,0.0,0.01,740.7433333333333
636,2003,18,Himachal Pradesh,Sirmaur,0.03,0.02,666.67,1000.0,1000.0,600.0,866.6666666666666,-0.33333,0.01,609.0899999999999
636,2004,18,Himachal Pradesh,Sirmaur,0.03,0.02,666.67,666.67,1000.0,1000.0,888.89,0.0,0.03,619.05
636,2012,18,Himachal Pradesh,Sirmaur,0.29,0.16,551.72,666.67,666.67,1000.0,777.7800000000001,-0.17242413787931055,0.03,498.31375
636,2013,18,Himachal Pradesh,Sirmaur,0.09,0.04,444.44,551.72,666.67,666.67,628.3533333333334,-0.19444645834843766,0.29,528.1279999999999
636,2014,18,Himachal Pradesh,Sirmaur,0.09,0.04,444.44,444.44,551.72,666.67,554.2766666666666,0.0,0.09,511.628
705,1993,8,Orissa,Ganjam,2.45,1.24,506.0,694.0,749.0,800.0,747.6666666666666,-0.27089337175792505,0.49,586.6666666666666
705,1994,8,Orissa,Ganjam,2.41,1.13,469.0,506.0,694.0,749.0,649.6666666666666,-0.0731225296442688,2.45,528.6
705,1995,8,Orissa,Ganjam,0.52,0.36,692.0,469.0,506.0,694.0,556.3333333333334,0.47547974413646066,2.41,659.6
705,1996,8,Orissa,Ganjam,0.4,0.2,500.0,692.0,469.0,506.0,555.6666666666666,-0.2774566473988439,0.52,507.6363636363636
705,1997,8,Orissa,Ganjam,0.43,0.26,605.0,500.0,692.0,469.0,553.6666666666666,0.20999999999999996,0.4,565.7272727272727
705,1998,8,Orissa,Ganjam,0.04,0.02,500.0,605.0,500.0,692.0,599.0,-0.17355371900826444,0.43,615.1
705,1999,8,Orissa,Ganjam,0.41,0.26,634.0,500.0,605.0,500.0,535.0,0.268,0.04,586.1818181818181
705,2000,8,Orissa,Ganjam,0.56,0.35,625.0,634.0,500.0,605.0,579.6666666666666,-0.014195583596214534,0.41,563.8
705,2001,8,Orissa,Ganjam,0.43,0.3,698.0,625.0,634.0,500.0,586.3333333333334,0.11680000000000001,0.56,549.6363636363636
705,2002,8,Orissa,Ganjam,0.37,0.18,486.0,698.0,625.0,634.0,652.3333333333334,-0.3037249283667621,0.43,528.6666666666666
705,2003,8,Orissa,Ganjam,0.33,0.2,606.0,486.0,698.0,625.0,603.0,0.24691358024691357,0.37,537.6666666666666
705,2004,8,Orissa,Ganjam,0.27,0.17,630.0,606.0,486.0,698.0,596.6666666666666,0.03960396039603964,0.33,486.46153846153845
705,2005,8,Orissa,Ganjam,0.31,0.19,613.0,630.0,606.0,486.0,574.0,-0.026984126984127,0.27,542.5
705,2006,8,Orissa,Ganjam,0.08,0.05,625.0,613.0,630.0,606.0,616.3333333333334,0.019575856443719397,0.31,576.6666666666666
705,2007,8,Orissa,Ganjam,0.11,0.07,636.0,625.0,613.0,630.0,622.6666666666666,0.01760000000000006,0.08,615.6666666666666
705,2008,8,Orissa,Ganjam,0.1,0.07,700.0,636.0,625.0,613.0,624.6666666666666,0.10062893081761004,0.11,600.6363636363636
705,2009,8,Orissa,Ganjam,0.08,0.05,625.0,700.0,636.0,625.0,653.6666666666666,-0.1071428571428571,0.1,597.9090909090909
705,2010,8,Orissa,Ganjam,0.04,0.03,750.0,625.0,700.0,636.0,653.6666666666666,0.19999999999999996,0.08,606.8181818181819
705,2011,8,Orissa,Ganjam,0.05,0.04,800.0,750.0,625.0,700.0,691.6666666666666,0.06666666666666665,0.04,575.0909090909091
705,2012,8,Orissa,Ganjam,0.08,0.05,625.0,800.0,750.0,625.0,725.0,-0.21875,0.05,662.0
705,2013,8,Orissa,Ganjam,0.08,0.05,625.0,625.0,800.0,750.0,725.0,0.0,0.08,649.2727272727273
705,2014,8,Orissa,Ganjam,0.09,0.05,556.0,625.0,625.0,800.0,683.3333333333334,-0.11040000000000005,0.08,672.0
705,2015,8,Orissa,Ganjam,0.1,0.07,700.0,556.0,625.0,625.0,602.0,0.2589928057553956,0.09,659.2727272727273
705,2016,8,Orissa,Ganjam,0.04,0.02,500.0,700.0,556.0,625.0,627.0,-0.2857142857142857,0.1,704.1818181818181
705,2017,8,Orissa,Ganjam,0.05,0.03,600.0,500.0,700.0,556.0,585.3333333333334,0.19999999999999996,0.04,695.4545454545455
705,2019,8,Orissa,Ganjam,0.11,0.07,636.0,600.0,500.0,700.0,600.0,0.06000000000000005,0.05,676.5
706,1993,8,Orissa,Kalahandi,0.07,0.03,429.0,607.0,520.0,525.0,550.6666666666666,-0.2932454695222405,0.28,586.6666666666666
706,1994,8,Orissa,Kalahandi,0.09,0.03,333.0,429.0,607.0,520.0,518.6666666666666,-0.22377622377622375,0.07,528.6
706,1995,8,Orissa,Kalahandi,0.07,0.03,429.0,333.0,429.0,607.0,456.3333333333333,0.28828828828828823,0.09,659.6
706,1996,8,Orissa,Kalahandi,0.06,0.03,500.0,429.0,333.0,429.0,397.0,0.16550116550116556,0.07,507.6363636363636
706,1997,8,Orissa,Kalahandi,0.03,0.02,667.0,500.0,429.0,333.0,420.6666666666667,0.3340000000000001,0.06,565.7272727272727
706,1998,8,Orissa,Kalahandi,0.03,0.02,667.0,667.0,500.0,429.0,532.0,0.0,0.03,615.1
706,1999,8,Orissa,Kalahandi,0.1,0.06,600.0,667.0,667.0,500.0,611.3333333333334,-0.1004497751124438,0.03,586.1818181818181
706,2000,8,Orissa,Kalahandi,0.04,0.02,500.0,600.0,667.0,667.0,644.6666666666666,-0.16666666666666663,0.1,563.8
706,2001,8,Orissa,Kalahandi,0.13,0.08,615.0,500.0,600.0,667.0,589.0,0.22999999999999998,0.04,549.6363636363636
706,2002,8,Orissa,Kalahandi,0.06,0.04,667.0,615.0,500.0,600.0,571.6666666666666,0.08455284552845521,0.13,528.6666666666666
706,2003,8,Orissa,Kalahandi,0.07,0.05,714.0,667.0,615.0,500.0,594.0,0.0704647676161918,0.06,537.6666666666666
706,2004,8,Orissa,Kalahandi,0.06,0.03,500.0,714.0,667.0,615.0,665.3333333333334,-0.2997198879551821,0.07,486.46153846153845
706,2005,8,Orissa,Kalahandi,0.07,0.05,714.0,500.0,714.0,667.0,627.0,0.42799999999999994,0.06,542.5
706,2006,8,Orissa,Kalahandi,0.06,0.04,667.0,714.0,500.0,714.0,642.6666666666666,-0.06582633053221287,0.07,576.6666666666666
706,2007,8,Orissa,Kalahandi,0.06,0.04,667.0,667.0,714.0,500.0,627.0,0.0,0.06,615.6666666666666
706,2008,8,Orissa,Kalahandi,0.06,0.04,667.0,667.0,667.0,714.0,682.6666666666666,0.0,0.06,600.6363636363636
706,2009,8,Orissa,Kalahandi,0.07,0.05,714.0,667.0,667.0,667.0,667.0,0.0704647676161918,0.06,597.9090909090909
706,2010,8,Orissa,Kalahandi,0.07,0.05,714.0,714.0,667.0,667.0,682.6666666666666,0.0,0.07,606.8181818181819
706,2011,8,Orissa,Kalahandi,0.05,0.03,600.0,714.0,714.0,667.0,698.3333333333334,-0.15966386554621848,0.07,575.0909090909091
706,2012,8,Orissa,Kalahandi,0.06,0.04,667.0,600.0,714.0,714.0,676.0,0.11166666666666658,0.05,662.0
706,2013,8,Orissa,Kalahandi,0.01,0.01,1000.0,667.0,600.0,714.0,660.3333333333334,0.4992503748125936,0.06,649.2727272727273
706,2014,8,Orissa,Kalahandi,0.01,0.01,1000.0,1000.0,667.0,600.0,755.6666666666666,0.0,0.01,672.0
706,2015,8,Orissa,Kalahandi,0.01,0.01,1000.0,1000.0,1000.0,667.0,889.0,0.0,0.01,659.2727272727273
706,2016,8,Orissa,Kalahandi,0.01,0.01,1000.0,1000.0,1000.0,1000.0,1000.0,0.0,0.01,704.1818181818181
706,2019,8,Orissa,Kalahandi,0.06,0.04,667.0,1000.0,1000.0,1000.0,1000.0,-0.33299999999999996,0.01,676.5
707,1993,8,Orissa,Keonjhar,0.28,0.21,750.0,690.0,885.0,778.0,784.3333333333334,0.08695652173913038,0.29,586.6666666666666
707,1994,8,Orissa,Keonjhar,0.28,0.21,750.0,750.0,690.0,885.0,775.0,0.0,0.28,528.6
707,1995,8,Orissa,Keonjhar,0.2,0.15,750.0,750.0,750.0,690.0,730.0,0.0,0.28,659.6
707,1996,8,Orissa,Keonjhar,0.29,0.15,517.0,750.0,750.0,750.0,750.0,-0.31066666666666665,0.2,507.6363636363636
707,1997,8,Orissa,Keonjhar,0.26,0.15,577.0,517.0,750.0,750.0,672.3333333333334,0.11605415860735002,0.29,565.7272727272727
707,1998,8,Orissa,Keonjhar,0.26,0.15,577.0,577.0,517.0,750.0,614.6666666666666,0.0,0.26,615.1
707,1999,8,Orissa,Keonjhar,0.29,0.19,655.0,577.0,577.0,517.0,557.0,0.13518197573656843,0.26,586.1818181818181
707,2000,8,Orissa,Keonjhar,0.26,0.13,500.0,655.0,577.0,577.0,603.0,-0.23664122137404575,0.29,563.8
707,2001,8,Orissa,Keonjhar,0.21,0.11,524.0,500.0,655.0,577.0,577.3333333333334,0.04800000000000004,0.26,549.6363636363636
707,2002,8,Orissa,Keonjhar,0.1,0.05,500.0,524.0,500.0,655.0,559.6666666666666,-0.04580152671755722,0.21,528.6666666666666
707,2003,8,Orissa,Keonjhar,0.07,0.04,571.0,500.0,524.0,500.0,508.0,0.1419999999999999,0.1,537.6666666666666
707,2004,8,Orissa,Keonjhar,0.1,0.05,500.0,571.0,500.0,524.0,531.6666666666666,-0.12434325744308228,0.07,486.46153846153845
707,2005,8,Orissa,Keonjhar,0.1,0.06,600.0,500.0,571.0,500.0,523.6666666666666,0.19999999999999996,0.1,542.5
707,2006,8,Orissa,Keonjhar,0.1,0.06,600.0,600.0,500.0,571.0,557.0,0.0,0.1,576.6666666666666
707,2007,8,Orissa,Keonjhar,0.03,0.02,667.0,600.0,600.0,500.0,566.6666666666666,0.11166666666666658,0.1,615.6666666666666
707,2008,8,Orissa,Keonjhar,0.05,0.03,600.0,667.0,600.0,600.0,622.3333333333334,-0.1004497751124438,0.03,600.6363636363636
707,2009,8,Orissa,Keonjhar,0.05,0.03,600.0,600.0,667.0,600.0,622.3333333333334,0.0,0.05,597.9090909090909
707,2010,8,Orissa,Keonjhar,0.04,0.03,750.0,600.0,600.0,667.0,622.3333333333334,0.25,0.05,606.8181818181819
707,2011,8,Orissa,Keonjhar,0.05,0.03,600.0,750.0,600.0,600.0,650.0,-0.19999999999999996,0.04,575.0909090909091
707,2012,8,Orissa,Keonjhar,0.03,0.02,667.0,600.0,750.0,600.0,650.0,0.11166666666666658,0.05,662.0
707,2013,8,Orissa,Keonjhar,0.02,0.01,500.0,667.0,600.0,750.0,672.3333333333334,-0.2503748125937032,0.03,649.2727272727273
707,2014,8,Orissa,Keonjhar,0.02,0.01,500.0,500.0,667.0,600.0,589.0,0.0,0.02,672.0
707,2015,8,Orissa,Keonjhar,0.02,0.01,500.0,500.0,500.0,667.0,555.6666666666666,0.0,0.02,659.2727272727273
707,2016,8,Orissa,Keonjhar,0.01,0.01,1000.0,500.0,500.0,500.0,500.0,1.0,0.02,704.1818181818181
707,2017,8,Orissa,Keonjhar,0.01,0.01,1000.0,1000.0,500.0,500.0,666.6666666666666,0.0,0.01,695.4545454545455
707,2019,8,Orissa,Keonjhar,0.01,0.01,1000.0,1000.0,1000.0,500.0,833.3333333333334,0.0,0.01,676.5
708,1993,8,Orissa,Koraput,3.09,1.89,612.0,677.0,992.0,947.0,872.0,-0.09601181683899562,3.99,586.6666666666666
708,1994,8,Orissa,Koraput,2.86,1.53,535.0,612.0,677.0,992.0,760.3333333333334,-0.12581699346405228,3.09,528.6
708,1995,8,Orissa,Koraput,1.1,1.02,927.0,535.0,612.0,677.0,608.0,0.7327102803738317,2.86,659.6
708,1996,8,Orissa,Koraput,0.92,0.65,707.0,927.0,535.0,612.0,691.3333333333334,-0.2373247033441208,1.1,507.6363636363636
708,1997,8,Orissa,Koraput,0.76,0.44,579.0,707.0,927.0,535.0,723.0,-0.18104667609618108,0.92,565.7272727272727
708,1998,8,Orissa,Koraput,0.71,0.42,592.0,579.0,707.0,927.0,737.6666666666666,0.022452504317789224,0.76,615.1
708,1999,8,Orissa,Koraput,0.62,0.37,597.0,592.0,579.0,707.0,626.0,0.008445945945946054,0.71,586.1818181818181
708,2000,8,Orissa,Koraput,0.62,0.39,629.0,597.0,592.0,579.0,589.3333333333334,0.05360134003350092,0.62,563.8
708,2001,8,Orissa,Koraput,0.59,0.34,576.0,629.0,597.0,592.0,606.0,-0.0842607313195548,0.62,549.6363636363636
708,2002,8,Orissa,Koraput,0.49,0.27,551.0,576.0,629.0,597.0,600.6666666666666,-0.04340277777777779,0.59,528.6666666666666
708,2003,8,Orissa,Koraput,0.43,0.24,558.0,551.0,576.0,629.0,585.3333333333334,0.012704174228675091,0.49,537.6666666666666
708,2004,8,Orissa,Koraput,0.42,0.24,571.0,558.0,551.0,576.0,561.6666666666666,0.023297491039426577,0.43,486.46153846153845
708,2005,8,Orissa,Koraput,0.39,0.25,641.0,571.0,558.0,551.0,560.0,0.12259194395796857,0.42,542.5
708,2006,8,Orissa,Koraput,0.4,0.26,650.0,641.0,571.0,558.0,590.0,0.014040561622464809,0.39,576.6666666666666
708,2007,8,Orissa,Koraput,0.41,0.25,610.0,650.0,641.0,571.0,620.6666666666666,-0.06153846153846154,0.4,615.6666666666666
708,2008,8,Orissa,Koraput,0.42,0.26,619.0,610.0,650.0,641.0,633.6666666666666,0.014754098360655776,0.41,600.6363636363636
708,2009,8,Orissa,Koraput,0.42,0.23,548.0,619.0,610.0,650.0,626.3333333333334,-0.11470113085621969,0.42,597.9090909090909
708,2010,8,Orissa,Koraput,0.32,0.18,563.0,548.0,619.0,610.0,592.3333333333334,0.027372262773722733,0.42,606.8181818181819
708,2011,8,Orissa,Koraput,0.21,0.14,667.0,563.0,548.0,619.0,576.6666666666666,0.18472468916518658,0.32,575.0909090909091
708,2012,8,Orissa,Koraput,0.11,0.07,636.0,667.0,563.0,548.0,592.6666666666666,-0.046476761619190454,0.21,662.0
708,2013,8,Orissa,Koraput,0.12,0.08,667.0,636.0,667.0,563.0,622.0,0.04874213836477992,0.11,649.2727272727273
708,2014,8,Orissa,Koraput,0.11,0.07,636.0,667.0,636.0,667.0,656.6666666666666,-0.046476761619190454,0.12,672.0
708,2015,8,Orissa,Koraput,0.12,0.07,583.0,636.0,667.0,636.0,646.3333333333334,-0.08333333333333337,0.11,659.2727272727273
708,2016,8,Orissa,Koraput,0.13,0.07,538.0,583.0,636.0,667.0,628.6666666666666,-0.07718696397941682,0.12,704.1818181818181
708,2017,8,Orissa,Koraput,0.12,0.08,667.0,538.0,583.0,636.0,585.6666666666666,0.2397769516728625,0.13,695.4545454545455
708,2019,8,Orissa,Koraput,0.2,0.13,650.0,667.0,538.0,583.0,596.0,-0.025487256371814038,0.12,676.5
709,1993,8,Orissa,Mayurbhanja,0.53,0.31,585.0,571.0,571.0,571.0,571.0,0.024518388791593626,0.07,586.6666666666666
709,1994,8,Orissa,Mayurbhanja,0.09,0.05,556.0,585.0,571.0,571.0,575.6666666666666,-0.04957264957264962,0.53,528.6
709,1995,8,Orissa,Mayurbhanja,0.08,0.04,500.0,556.0,585.0,571.0,570.6666666666666,-0.1007194244604317,0.09,659.6
709,1996,8,Orissa,Mayurbhanja,0.06,0.03,500.0,500.0,556.0,585.0,547.0,0.0,0.08,507.6363636363636
709,1997,8,Orissa,Mayurbhanja,0.06,0.03,500.0,500.0,500.0,556.0,518.6666666666666,0.0,0.06,565.7272727272727
709,1998,8,Orissa,Mayurbhanja,0.07,0.04,571.0,500.0,500.0,500.0,500.0,0.1419999999999999,0.06,615.1
709,1999,8,Orissa,Mayurbhanja,0.08,0.04,500.0,571.0,500.0,500.0,523.6666666666666,-0.12434325744308228,0.07,586.1818181818181
709,2000,8,Orissa,Mayurbhanja,0.06,0.03,500.0,500.0,571.0,500.0,523.6666666666666,0.0,0.08,563.8
709,2001,8,Orissa,Mayurbhanja,0.03,0.01,333.0,500.0,500.0,571.0,523.6666666666666,-0.33399999999999996,0.06,549.6363636363636
709,2002,8,Orissa,Mayurbhanja,0.05,0.02,400.0,333.0,500.0,500.0,444.3333333333333,0.20120120120120122,0.03,528.6666666666666
709,2003,8,Orissa,Mayurbhanja,0.06,0.03,500.0,400.0,333.0,500.0,411.0,0.25,0.05,537.6666666666666
709,2004,8,Orissa,Mayurbhanja,0.06,0.03,500.0,500.0,400.0,333.0,411.0,0.0,0.06,486.46153846153845
709,2005,8,Orissa,Mayurbhanja,0.04,0.02,500.0,500.0,500.0,400.0,466.6666666666667,0.0,0.06,542.5
709,2006,8,Orissa,Mayurbhanja,0.03,0.01,333.0,500.0,500.0,500.0,500.0,-0.33399999999999996,0.04,576.6666666666666
709,2007,8,Orissa,Mayurbhanja,0.04,0.02,500.0,333.0,500.0,500.0,444.3333333333333,0.5015015015015014,0.03,615.6666666666666
710,2004,8,Orissa,Phulbani(Kandhamal),0.2,0.07,350.0,333.0,333.0,333.0,333.0,0.05105105105105112,0.18,486.46153846153845
710,2005,8,Orissa,Phulbani(Kandhamal),0.49,0.17,347.0,350.0,333.0,333.0,338.6666666666667,-0.008571428571428563,0.2,542.5
710,2006,8,Orissa,Phulbani(Kandhamal),0.2,0.07,350.0,347.0,350.0,333.0,343.3333333333333,0.008645533141210304,0.49,576.6666666666666
710,2007,8,Orissa,Phulbani(Kandhamal),0.19,0.08,421.0,350.0,347.0,350.0,349.0,0.20285714285714285,0.2,615.6666666666666
710,2008,8,Orissa,Phulbani(Kandhamal),0.19,0.08,421.0,421.0,350.0,347.0,372.6666666666667,0.0,0.19,600.6363636363636
710,2009,8,Orissa,Phulbani(Kandhamal),0.2,0.08,400.0,421.0,421.0,350.0,397.3333333333333,-0.049881235154394354,0.19,597.9090909090909
710,2010,8,Orissa,Phulbani(Kandhamal),0.2,0.08,400.0,400.0,421.0,421.0,414.0,0.0,0.2,606.8181818181819
710,2011,8,Orissa,Phulbani(Kandhamal),0.24,0.1,417.0,400.0,400.0,421.0,407.0,0.04249999999999998,0.2,575.0909090909091
710,2012,8,Orissa,Phulbani(Kandhamal),0.24,0.13,542.0,417.0,400.0,400.0,405.6666666666667,0.2997601918465227,0.24,662.0
710,2013,8,Orissa,Phulbani(Kandhamal),0.23,0.13,565.0,542.0,417.0,400.0,453.0,0.04243542435424352,0.24,649.2727272727273
710,2014,8,Orissa,Phulbani(Kandhamal),0.28,0.16,571.0,565.0,542.0,417.0,508.0,0.010619469026548645,0.23,672.0
710,2015,8,Orissa,Phulbani(Kandhamal),0.07,0.03,429.0,571.0,565.0,542.0,559.3333333333334,-0.24868651488616467,0.28,659.2727272727273
710,2016,8,Orissa,Phulbani(Kandhamal),0.07,0.04,571.0,429.0,571.0,565.0,521.6666666666666,0.3310023310023309,0.07,704.1818181818181
710,2017,8,Orissa,Phulbani(Kandhamal),0.07,0.05,714.0,571.0,429.0,571.0,523.6666666666666,0.2504378283712785,0.07,695.4545454545455
710,2019,8,Orissa,Phulbani(Kandhamal),0.07,0.04,571.0,714.0,571.0,429.0,571.3333333333334,-0.20028011204481788,0.07,676.5
713,1993,8,Orissa,Sundargarh,0.47,0.3,638.0,638.0,630.0,643.0,637.0,0.0,0.47,586.6666666666666
713,1996,8,Orissa,Sundargarh,0.04,0.02,500.0,638.0,638.0,630.0,635.3333333333334,-0.2163009404388715,0.47,507.6363636363636
713,1997,8,Orissa,Sundargarh,0.02,0.01,500.0,500.0,638.0,638.0,592.0,0.0,0.04,565.7272727272727
713,1998,8,Orissa,Sundargarh,0.03,0.02,667.0,500.0,500.0,638.0,546.0,0.3340000000000001,0.02,615.1
713,1999,8,Orissa,Sundargarh,0.03,0.01,333.0,667.0,500.0,500.0,555.6666666666666,-0.5007496251874063,0.03,586.1818181818181
713,2000,8,Orissa,Sundargarh,0.15,0.06,400.0,333.0,667.0,500.0,500.0,0.20120120120120122,0.03,563.8
713,2001,8,Orissa,Sundargarh,0.08,0.04,500.0,400.0,333.0,667.0,466.6666666666667,0.25,0.15,549.6363636363636
713,2002,8,Orissa,Sundargarh,0.04,0.03,750.0,500.0,400.0,333.0,411.0,0.5,0.08,528.6666666666666
713,2003,8,Orissa,Sundargarh,0.04,0.02,500.0,750.0,500.0,400.0,550.0,-0.33333333333333337,0.04,537.6666666666666
713,2004,8,Orissa,Sundargarh,0.04,0.02,500.0,500.0,750.0,500.0,583.3333333333334,0.0,0.04,486.46153846153845
713,2005,8,Orissa,Sundargarh,0.08,0.04,500.0,500.0,500.0,750.0,583.3333333333334,0.0,0.04,542.5
713,2006,8,Orissa,Sundargarh,0.02,0.01,500.0,500.0,500.0,500.0,500.0,0.0,0.08,576.6666666666666
713,2007,8,Orissa,Sundargarh,0.02,0.01,500.0,500.0,500.0,500.0,500.0,0.0,0.02,615.6666666666666
713,2009,8,Orissa,Sundargarh,0.05,0.03,600.0,500.0,500.0,500.0,500.0,0.19999999999999996,0.02,597.9090909090909
713,2010,8,Orissa,Sundargarh,0.03,0.02,667.0,600.0,500.0,500.0,533.3333333333334,0.11166666666666658,0.05,606.8181818181819
713,2011,8,Orissa,Sundargarh,0.05,0.03,600.0,667.0,600.0,500.0,589.0,-0.1004497751124438,0.03,575.0909090909091
713,2012,8,Orissa,Sundargarh,0.04,0.03,750.0,600.0,667.0,600.0,622.3333333333334,0.25,0.05,662.0
713,2013,8,Orissa,Sundargarh,0.02,0.01,500.0,750.0,600.0,667.0,672.3333333333334,-0.33333333333333337,0.04,649.2727272727273
713,2015,8,Orissa,Sundargarh,0.03,0.02,667.0,500.0,750.0,600.0,616.6666666666666,0.3340000000000001,0.02,659.2727272727273
713,2016,8,Orissa,Sundargarh,0.03,0.02,667.0,667.0,500.0,750.0,639.0,0.0,0.03,704.1818181818181
713,2017,8,Orissa,Sundargarh,0.03,0.02,667.0,667.0,667.0,500.0,611.3333333333334,0.0,0.03,695.4545454545455
713,2019,8,Orissa,Sundargarh,0.01,0.01,1000.0,667.0,667.0,667.0,667.0,0.4992503748125936,0.03,676.5
720,1998,8,Orissa,Gajapati,1.14,0.51,447.0,447.0,399.0,408.0,418.0,0.0,1.14,615.1
720,1999,8,Orissa,Gajapati,1.16,0.56,483.0,447.0,447.0,399.0,431.0,0.08053691275167796,1.14,586.1818181818181
720,2000,8,Orissa,Gajapati,1.14,0.63,553.0,483.0,447.0,447.0,459.0,0.14492753623188404,1.16,563.8
720,2001,8,Orissa,Gajapati,1.17,0.56,479.0,553.0,483.0,447.0,494.3333333333333,-0.13381555153707048,1.14,549.6363636363636
720,2002,8,Orissa,Gajapati,1.17,0.54,462.0,479.0,553.0,483.0,505.0,-0.035490605427975,1.17,528.6666666666666
720,2003,8,Orissa,Gajapati,1.05,0.48,457.0,462.0,479.0,553.0,498.0,-0.010822510822510845,1.17,537.6666666666666
720,2004,8,Orissa,Gajapati,0.98,0.45,459.0,457.0,462.0,479.0,466.0,0.004376367614879584,1.05,486.46153846153845
720,2005,8,Orissa,Gajapati,0.68,0.39,574.0,459.0,457.0,462.0,459.3333333333333,0.2505446623093681,0.98,542.5
720,2006,8,Orissa,Gajapati,0.72,0.44,611.0,574.0,459.0,457.0,496.6666666666667,0.06445993031358888,0.68,576.6666666666666
720,2007,8,Orissa,Gajapati,1.03,0.63,612.0,611.0,574.0,459.0,548.0,0.0016366612111293755,0.72,615.6666666666666
720,2008,8,Orissa,Gajapati,1.18,0.74,627.0,612.0,611.0,574.0,599.0,0.02450980392156854,1.03,600.6363636363636
720,2009,8,Orissa,Gajapati,1.16,0.71,612.0,627.0,612.0,611.0,616.6666666666666,-0.02392344497607657,1.18,597.9090909090909
720,2010,8,Orissa,Gajapati,1.98,1.25,631.0,612.0,627.0,612.0,617.0,0.031045751633986818,1.16,606.8181818181819
720,2011,8,Orissa,Gajapati,1.93,1.24,642.0,631.0,612.0,627.0,623.3333333333334,0.017432646592709933,1.98,575.0909090909091
720,2012,8,Orissa,Gajapati,1.82,1.11,610.0,642.0,631.0,612.0,628.3333333333334,-0.049844236760124616,1.93,662.0
720,2013,8,Orissa,Gajapati,1.76,1.08,614.0,610.0,642.0,631.0,627.6666666666666,0.006557377049180246,1.82,649.2727272727273
720,2014,8,Orissa,Gajapati,1.29,0.8,620.0,614.0,610.0,642.0,622.0,0.009771986970684043,1.76,672.0
720,2015,8,Orissa,Gajapati,1.31,0.81,618.0,620.0,614.0,610.0,614.6666666666666,-0.003225806451612856,1.29,659.2727272727273
720,2016,8,Orissa,Gajapati,1.15,0.71,617.0,618.0,620.0,614.0,617.3333333333334,-0.0016181229773463146,1.31,704.1818181818181
720,2017,8,Orissa,Gajapati,0.99,0.6,606.0,617.0,618.0,620.0,618.3333333333334,-0.017828200972447306,1.15,695.4545454545455
720,2019,8,Orissa,Gajapati,0.99,0.63,636.0,606.0,617.0,618.0,613.6666666666666,0.04950495049504955,0.99,676.5
721,1999,8,Orissa,Nuapada,0.02,0.01,500.0,500.0,333.0,600.0,477.6666666666667,0.0,0.02,586.1818181818181
721,2003,8,Orissa,Nuapada,0.02,0.01,500.0,500.0,500.0,333.0,444.3333333333333,0.0,0.02,537.6666666666666
721,2006,8,Orissa,Nuapada,0.02,0.01,500.0,500.0,500.0,500.0,500.0,0.0,0.02,576.6666666666666
721,2007,8,Orissa,Nuapada,0.07,0.05,714.0,500.0,500.0,500.0,500.0,0.42799999999999994,0.02,615.6666666666666
721,2008,8,Orissa,Nuapada,0.06,0.04,667.0,714.0,500.0,500.0,571.3333333333334,-0.06582633053221287,0.07,600.6363636363636
721,2009,8,Orissa,Nuapada,0.09,0.04,444.0,667.0,714.0,500.0,627.0,-0.3343328335832084,0.06,597.9090909090909
721,2010,8,Orissa,Nuapada,0.1,0.05,500.0,444.0,667.0,714.0,608.3333333333334,0.12612612612612617,0.09,606.8181818181819
721,2011,8,Orissa,Nuapada,0.05,0.02,400.0,500.0,444.0,667.0,537.0,-0.19999999999999996,0.1,575.0909090909091
721,2012,8,Orissa,Nuapada,0.08,0.04,500.0,400.0,500.0,444.0,448.0,0.25,0.05,662.0
721,2013,8,Orissa,Nuapada,0.09,0.05,556.0,500.0,400.0,500.0,466.6666666666667,0.1120000000000001,0.08,649.2727272727273
721,2014,8,Orissa,Nuapada,0.11,0.06,545.0,556.0,500.0,400.0,485.3333333333333,-0.01978417266187049,0.09,672.0
721,2015,8,Orissa,Nuapada,0.11,0.05,455.0,545.0,556.0,500.0,533.6666666666666,-0.1651376146788991,0.11,659.2727272727273
721,2016,8,Orissa,Nuapada,0.09,0.05,556.0,455.0,545.0,556.0,518.6666666666666,0.22197802197802208,0.11,704.1818181818181
721,2017,8,Orissa,Nuapada,0.14,0.09,643.0,556.0,455.0,545.0,518.6666666666666,0.1564748201438848,0.09,695.4545454545455
721,2019,8,Orissa,Nuapada,0.11,0.06,545.0,643.0,556.0,455.0,551.3333333333334,-0.15241057542768277,0.14,676.5
722,1998,8,Orissa,Malkangiri,0.46,0.29,630.0,635.0,660.0,609.0,634.6666666666666,-0.007874015748031482,0.52,615.1
722,1999,8,Orissa,Malkangiri,0.69,0.45,652.0,630.0,635.0,660.0,641.6666666666666,0.03492063492063502,0.46,586.1818181818181
722,2000,8,Orissa,Malkangiri,0.55,0.28,509.0,652.0,630.0,635.0,639.0,-0.21932515337423308,0.69,563.8
722,2001,8,Orissa,Malkangiri,0.47,0.3,638.0,509.0,652.0,630.0,597.0,0.25343811394891946,0.55,549.6363636363636
722,2002,8,Orissa,Malkangiri,0.32,0.18,563.0,638.0,509.0,652.0,599.6666666666666,-0.11755485893416928,0.47,528.6666666666666
722,2003,8,Orissa,Malkangiri,0.33,0.18,545.0,563.0,638.0,509.0,570.0,-0.03197158081705154,0.32,537.6666666666666
722,2004,8,Orissa,Malkangiri,0.2,0.08,400.0,545.0,563.0,638.0,582.0,-0.2660550458715596,0.33,486.46153846153845
722,2005,8,Orissa,Malkangiri,0.21,0.09,429.0,400.0,545.0,563.0,502.6666666666667,0.07250000000000001,0.2,542.5
722,2006,8,Orissa,Malkangiri,0.15,0.07,467.0,429.0,400.0,545.0,458.0,0.08857808857808869,0.21,576.6666666666666
722,2007,8,Orissa,Malkangiri,0.16,0.07,438.0,467.0,429.0,400.0,432.0,-0.062098501070663836,0.15,615.6666666666666
722,2008,8,Orissa,Malkangiri,0.17,0.09,529.0,438.0,467.0,429.0,444.6666666666667,0.2077625570776256,0.16,600.6363636363636
722,2009,8,Orissa,Malkangiri,0.03,0.02,667.0,529.0,438.0,467.0,478.0,0.26086956521739135,0.17,597.9090909090909
722,2010,8,Orissa,Malkangiri,0.04,0.02,500.0,667.0,529.0,438.0,544.6666666666666,-0.2503748125937032,0.03,606.8181818181819
722,2011,8,Orissa,Malkangiri,0.04,0.02,500.0,500.0,667.0,529.0,565.3333333333334,0.0,0.04,575.0909090909091
722,2012,8,Orissa,Malkangiri,0.03,0.02,667.0,500.0,500.0,667.0,555.6666666666666,0.3340000000000001,0.04,662.0
722,2013,8,Orissa,Malkangiri,0.04,0.02,500.0,667.0,500.0,500.0,555.6666666666666,-0.2503748125937032,0.03,649.2727272727273
722,2014,8,Orissa,Malkangiri,0.03,0.02,667.0,500.0,667.0,500.0,555.6666666666666,0.3340000000000001,0.04,672.0
722,2015,8,Orissa,Malkangiri,0.03,0.02,667.0,667.0,500.0,667.0,611.3333333333334,0.0,0.03,659.2727272727273
722,2016,8,Orissa,Malkangiri,0.03,0.02,667.0,667.0,667.0,500.0,611.3333333333334,0.0,0.03,704.1818181818181
722,2017,8,Orissa,Malkangiri,0.03,0.02,667.0,667.0,667.0,667.0,667.0,0.0,0.03,695.4545454545455
722,2019,8,Orissa,Malkangiri,0.06,0.03,500.0,667.0,667.0,667.0,667.0,-0.2503748125937032,0.03,676.5
723,1998,8,Orissa,Nawarangpur,0.01,0.01,1000.0,750.0,400.0,1000.0,716.6666666666666,0.33333333333333326,0.04,615.1
723,1999,8,Orissa,Nawarangpur,0.16,0.15,938.0,1000.0,750.0,400.0,716.6666666666666,-0.062000000000000055,0.01,586.1818181818181
723,2000,8,Orissa,Nawarangpur,0.19,0.17,895.0,938.0,1000.0,750.0,896.0,-0.04584221748400852,0.16,563.8
723,2001,8,Orissa,Nawarangpur,0.2,0.15,750.0,895.0,938.0,1000.0,944.3333333333334,-0.16201117318435754,0.19,549.6363636363636
723,2002,8,Orissa,Nawarangpur,0.14,0.08,571.0,750.0,895.0,938.0,861.0,-0.2386666666666667,0.2,528.6666666666666
723,2003,8,Orissa,Nawarangpur,0.07,0.04,571.0,571.0,750.0,895.0,738.6666666666666,0.0,0.14,537.6666666666666
723,2004,8,Orissa,Nawarangpur,0.04,0.02,500.0,571.0,571.0,750.0,630.6666666666666,-0.12434325744308228,0.07,486.46153846153845
723,2005,8,Orissa,Nawarangpur,0.02,0.01,500.0,500.0,571.0,571.0,547.3333333333334,0.0,0.04,542.5
723,2006,8,Orissa,Nawarangpur,0.01,0.01,1000.0,500.0,500.0,571.0,523.6666666666666,1.0,0.02,576.6666666666666
723,2007,8,Orissa,Nawarangpur,0.01,0.01,1000.0,1000.0,500.0,500.0,666.6666666666666,0.0,0.01,615.6666666666666
723,2008,8,Orissa,Nawarangpur,0.03,0.02,667.0,1000.0,1000.0,500.0,833.3333333333334,-0.33299999999999996,0.01,600.6363636363636
723,2009,8,Orissa,Nawarangpur,0.03,0.02,667.0,667.0,1000.0,1000.0,889.0,0.0,0.03,597.9090909090909
723,2010,8,Orissa,Nawarangpur,0.02,0.01,500.0,667.0,667.0,1000.0,778.0,-0.2503748125937032,0.03,606.8181818181819
723,2011,8,Orissa,Nawarangpur,0.02,0.01,500.0,500.0,667.0,667.0,611.3333333333334,0.0,0.02,575.0909090909091
723,2012,8,Orissa,Nawarangpur,0.01,0.01,1000.0,500.0,500.0,667.0,555.6666666666666,1.0,0.02,662.0
723,2013,8,Orissa,Nawarangpur,0.01,0.01,1000.0,1000.0,500.0,500.0,666.6666666666666,0.0,0.01,649.2727272727273
723,2014,8,Orissa,Nawarangpur,0.01,0.01,1000.0,1000.0,1000.0,500.0,833.3333333333334,0.0,0.01,672.0
723,2015,8,Orissa,Nawarangpur,0.01,0.01,1000.0,1000.0,1000.0,1000.0,1000.0,0.0,0.01,659.2727272727273
723,2016,8,Orissa,Nawarangpur,0.01,0.01,1000.0,1000.0,1000.0,1000.0,1000.0,0.0,0.01,704.1818181818181
723,2017,8,Orissa,Nawarangpur,0.01,0.01,1000.0,1000.0,1000.0,1000.0,1000.0,0.0,0.01,695.4545454545455
724,1998,8,Orissa,Rayagada,0.38,0.19,500.0,463.0,568.0,681.0,570.6666666666666,0.079913606911447,0.54,615.1
724,1999,8,Orissa,Rayagada,0.45,0.25,556.0,500.0,463.0,568.0,510.3333333333333,0.1120000000000001,0.38,586.1818181818181
724,2000,8,Orissa,Rayagada,0.55,0.29,527.0,556.0,500.0,463.0,506.3333333333333,-0.05215827338129497,0.45,563.8
724,2001,8,Orissa,Rayagada,0.6,0.36,600.0,527.0,556.0,500.0,527.6666666666666,0.13851992409867164,0.55,549.6363636363636
724,2002,8,Orissa,Rayagada,0.66,0.26,394.0,600.0,527.0,556.0,561.0,-0.3433333333333334,0.6,528.6666666666666
724,2003,8,Orissa,Rayagada,0.62,0.37,597.0,394.0,600.0,527.0,507.0,0.515228426395939,0.66,537.6666666666666
724,2004,8,Orissa,Rayagada,0.62,0.37,597.0,597.0,394.0,600.0,530.3333333333334,0.0,0.62,486.46153846153845
724,2005,8,Orissa,Rayagada,0.49,0.29,592.0,597.0,597.0,394.0,529.3333333333334,-0.008375209380234505,0.62,542.5
724,2006,8,Orissa,Rayagada,0.6,0.37,617.0,592.0,597.0,597.0,595.3333333333334,0.042229729729729826,0.49,576.6666666666666
724,2007,8,Orissa,Rayagada,0.61,0.38,623.0,617.0,592.0,597.0,602.0,0.009724473257698651,0.6,615.6666666666666
724,2008,8,Orissa,Rayagada,0.59,0.36,610.0,623.0,617.0,592.0,610.6666666666666,-0.020866773675762396,0.61,600.6363636363636
724,2009,8,Orissa,Rayagada,0.6,0.42,700.0,610.0,623.0,617.0,616.6666666666666,0.14754098360655732,0.59,597.9090909090909
724,2010,8,Orissa,Rayagada,0.5,0.35,700.0,700.0,610.0,623.0,644.3333333333334,0.0,0.6,606.8181818181819
724,2011,8,Orissa,Rayagada,0.4,0.24,600.0,700.0,700.0,610.0,670.0,-0.1428571428571429,0.5,575.0909090909091
724,2012,8,Orissa,Rayagada,0.34,0.21,618.0,600.0,700.0,700.0,666.6666666666666,0.030000000000000027,0.4,662.0
724,2013,8,Orissa,Rayagada,0.65,0.4,615.0,618.0,600.0,700.0,639.3333333333334,-0.004854368932038833,0.34,649.2727272727273
724,2014,8,Orissa,Rayagada,0.4,0.25,625.0,615.0,618.0,600.0,611.0,0.016260162601626105,0.65,672.0
724,2015,8,Orissa,Rayagada,0.3,0.19,633.0,625.0,615.0,618.0,619.3333333333334,0.012799999999999923,0.4,659.2727272727273
724,2016,8,Orissa,Rayagada,0.27,0.17,630.0,633.0,625.0,615.0,624.3333333333334,-0.004739336492891044,0.3,704.1818181818181
724,2017,8,Orissa,Rayagada,0.29,0.17,586.0,630.0,633.0,625.0,629.3333333333334,-0.06984126984126982,0.27,695.4545454545455
724,2019,8,Orissa,Rayagada,0.25,0.14,560.0,586.0,630.0,633.0,616.3333333333334,-0.04436860068259385,0.29,676.5
804,1993,13,West Bengal,Murshidabad,0.05,0.03,600.0,1077.0,1091.0,1000.0,1056.0,-0.4428969359331476,0.13,474.25
804,1994,13,West Bengal,Murshidabad,0.03,0.01,333.0,600.0,1077.0,1091.0,922.6666666666666,-0.44499999999999995,0.05,455.25
804,1995,13,West Bengal,Murshidabad,0.03,0.01,333.0,333.0,600.0,1077.0,670.0,0.0,0.03,422.0
804,1996,13,West Bengal,Murshidabad,0.02,0.01,500.0,333.0,333.0,600.0,422.0,0.5015015015015014,0.03,458.3333333333333
805,2003,13,West Bengal,Burdwan,0.1,0.11,1100.0,1100.0,1100.0,1100.0,1100.0,0.0,0.1,676.3333333333334
806,1993,13,West Bengal,Birbhum,0.17,0.11,647.0,588.0,647.0,611.0,615.3333333333334,0.10034013605442182,0.17,474.25
806,1994,13,West Bengal,Birbhum,0.17,0.1,588.0,647.0,588.0,647.0,627.3333333333334,-0.09119010819165374,0.17,455.25
806,1995,13,West Bengal,Birbhum,0.1,0.06,600.0,588.0,647.0,588.0,607.6666666666666,0.020408163265306145,0.17,422.0
806,1996,13,West Bengal,Birbhum,0.04,0.02,500.0,600.0,588.0,647.0,611.6666666666666,-0.16666666666666663,0.1,458.3333333333333
806,1997,13,West Bengal,Birbhum,0.03,0.02,667.0,500.0,600.0,588.0,562.6666666666666,0.3340000000000001,0.04,552.5
806,1998,13,West Bengal,Birbhum,0.03,0.02,667.0,667.0,500.0,600.0,589.0,0.0,0.03,564.5
807,1994,13,West Bengal,Bankura,0.1,0.04,400.0,400.0,500.0,444.0,448.0,0.0,0.05,455.25
807,1995,13,West Bengal,Bankura,0.09,0.03,333.0,400.0,400.0,500.0,433.3333333333333,-0.16749999999999998,0.1,422.0
807,1996,13,West Bengal,Bankura,0.16,0.06,375.0,333.0,400.0,400.0,377.6666666666667,0.12612612612612617,0.09,458.3333333333333
807,1997,13,West Bengal,Bankura,0.16,0.07,438.0,375.0,333.0,400.0,369.3333333333333,0.16799999999999993,0.16,552.5
807,1998,13,West Bengal,Bankura,0.13,0.06,462.0,438.0,375.0,333.0,382.0,0.0547945205479452,0.16,564.5
807,1999,13,West Bengal,Bankura,0.09,0.04,444.0,462.0,438.0,375.0,425.0,-0.038961038961038974,0.13,722.0
807,2000,13,West Bengal,Bankura,0.19,0.12,632.0,444.0,462.0,438.0,448.0,0.4234234234234233,0.09,808.0
807,2001,13,West Bengal,Bankura,0.2,0.13,650.0,632.0,444.0,462.0,512.6666666666666,0.028481012658227778,0.19,801.25
807,2002,13,West Bengal,Bankura,0.15,0.11,733.0,650.0,632.0,444.0,575.3333333333334,0.12769230769230777,0.2,722.0
807,2003,13,West Bengal,Bankura,0.08,0.04,500.0,733.0,650.0,632.0,671.6666666666666,-0.3178717598908595,0.15,676.3333333333334
807,2004,13,West Bengal,Bankura,0.02,0.01,500.0,500.0,733.0,650.0,627.6666666666666,0.0,0.08,432.0
816,2016,13,West Bengal,Cooch Behar,0.11,0.03,254.0,273.0,250.0,273.0,265.3333333333333,-0.06959706959706957,0.11,315.5
817,1993,13,West Bengal,Purulia,0.04,0.01,250.0,500.0,333.0,333.0,388.6666666666667,-0.5,0.02,474.25
817,1994,13,West Bengal,Purulia,0.04,0.02,500.0,250.0,500.0,333.0,361.0,1.0,0.04,455.25
817,2000,13,West Bengal,Purulia,0.02,0.01,500.0,500.0,250.0,500.0,416.6666666666667,0.0,0.04,808.0
817,2001,13,West Bengal,Purulia,0.11,0.05,455.0,500.0,500.0,250.0,416.6666666666667,-0.08999999999999997,0.02,801.25
817,2002,13,West Bengal,Purulia,0.09,0.03,333.0,455.0,500.0,500.0,485.0,-0.2681318681318682,0.11,722.0
817,2003,13,West Bengal,Purulia,0.07,0.03,429.0,333.0,455.0,500.0,429.3333333333333,0.28828828828828823,0.09,676.3333333333334
817,2004,13,West Bengal,Purulia,0.11,0.04,364.0,429.0,333.0,455.0,405.6666666666667,-0.1515151515151515,0.07,432.0
817,2005,13,West Bengal,Purulia,0.05,0.02,400.0,364.0,429.0,333.0,375.3333333333333,0.098901098901099,0.11,400.0
817,2010,13,West Bengal,Purulia,0.06,0.02,333.0,400.0,364.0,429.0,397.6666666666667,-0.16749999999999998,0.05,333.0
817,2011,13,West Bengal,Purulia,0.06,0.02,333.0,333.0,400.0,364.0,365.6666666666667,0.0,0.06,333.0
817,2012,13,West Bengal,Purulia,0.06,0.02,333.0,333.0,333.0,400.0,355.3333333333333,0.0,0.06,333.0
817,2013,13,West Bengal,Purulia,0.03,0.01,333.0,333.0,333.0,333.0,333.0,0.0,0.06,303.0
817,2014,13,West Bengal,Purulia,0.05,0.02,400.0,333.0,333.0,333.0,333.0,0.20120120120120122,0.03,325.0
817,2015,13,West Bengal,Purulia,0.05,0.02,400.0,400.0,333.0,333.0,355.3333333333333,0.0,0.05,336.5
817,2016,13,West Bengal,Purulia,0.05,0.02,377.0,400.0,400.0,333.0,377.6666666666667,-0.057499999999999996,0.05,315.5
817,2017,13,West Bengal,Purulia,0.03,0.01,400.0,377.0,400.0,400.0,392.3333333333333,0.0610079575596818,0.05,400.0
817,2018,13,West Bengal,Purulia,0.07,0.03,408.0,400.0,377.0,400.0,392.3333333333333,0.020000000000000018,0.03,408.0
817,2019,13,West Bengal,Purulia,0.07,0.03,397.0,408.0,400.0,377.0,395.0,-0.026960784313725505,0.07,397.0
902,1995,2,Bihar,Muzaffarpur,0.03,0.02,667.0,1000.0,667.0,500.0,722.3333333333334,-0.33299999999999996,0.01,623.0
902,1996,2,Bihar,Muzaffarpur,0.06,0.04,667.0,667.0,1000.0,667.0,778.0,0.0,0.03,619.5833333333334
902,1997,2,Bihar,Muzaffarpur,0.13,0.08,615.0,667.0,667.0,1000.0,778.0,-0.07796101949025491,0.06,662.2857142857143
902,1998,2,Bihar,Muzaffarpur,0.05,0.03,600.0,615.0,667.0,667.0,649.6666666666666,-0.024390243902439046,0.13,579.8666666666667
903,1994,2,Bihar,Darbhanga,0.2,0.02,100.0,563.0,526.0,1000.0,696.3333333333334,-0.822380106571936,0.16,615.2307692307693
903,1995,2,Bihar,Darbhanga,0.04,0.02,500.0,100.0,563.0,526.0,396.3333333333333,4.0,0.2,623.0
903,1996,2,Bihar,Darbhanga,0.06,0.03,500.0,500.0,100.0,563.0,387.6666666666667,0.0,0.04,619.5833333333334
903,2002,2,Bihar,Darbhanga,0.05,0.05,1000.0,500.0,500.0,100.0,366.6666666666667,1.0,0.06,983.0
906,1993,2,Bihar,Saran,0.02,0.01,500.0,667.0,500.0,1000.0,722.3333333333334,-0.2503748125937032,0.03,611.0
906,1994,2,Bihar,Saran,0.02,0.01,500.0,500.0,667.0,500.0,555.6666666666666,0.0,0.02,615.2307692307693
906,1996,2,Bihar,Saran,0.03,0.02,667.0,500.0,500.0,667.0,555.6666666666666,0.3340000000000001,0.02,619.5833333333334
906,1997,2,Bihar,Saran,0.02,0.02,1000.0,667.0,500.0,500.0,555.6666666666666,0.4992503748125936,0.03,662.2857142857143
906,1998,2,Bihar,Saran,0.03,0.01,333.0,1000.0,667.0,500.0,722.3333333333334,-0.667,0.02,579.8666666666667
906,1999,2,Bihar,Saran,0.03,0.01,333.0,333.0,1000.0,667.0,666.6666666666666,0.0,0.03,601.4545454545455
906,2000,2,Bihar,Saran,0.03,0.01,333.0,333.0,333.0,1000.0,555.3333333333334,0.0,0.03,748.3636363636364
906,2001,2,Bihar,Saran,0.03,0.02,667.0,333.0,333.0,333.0,333.0,1.0030030030030028,0.03,780.4444444444445
906,2002,2,Bihar,Saran,0.03,0.02,667.0,667.0,333.0,333.0,444.3333333333333,0.0,0.03,983.0
906,2003,2,Bihar,Saran,0.1,0.1,1000.0,667.0,667.0,333.0,555.6666666666666,0.4992503748125936,0.03,1042.7
906,2004,2,Bihar,Saran,0.01,0.01,1000.0,1000.0,667.0,667.0,778.0,0.0,0.1,1096.2222222222222
906,2005,2,Bihar,Saran,0.05,0.06,1200.0,1000.0,1000.0,667.0,889.0,0.19999999999999996,0.01,1086.3636363636363
906,2006,2,Bihar,Saran,0.04,0.04,1000.0,1200.0,1000.0,1000.0,1066.6666666666667,-0.16666666666666663,0.05,1035.3333333333333
906,2007,2,Bihar,Saran,6.04,6.71,1111.0,1000.0,1200.0,1000.0,1066.6666666666667,0.11099999999999999,0.04,1052.2727272727273
906,2009,2,Bihar,Saran,0.01,0.01,1000.0,1111.0,1000.0,1200.0,1103.6666666666667,-0.09990999099909992,6.04,1040.75
907,2006,2,Bihar,Patna,0.27,0.28,1037.0,1029.0,1065.0,1032.0,1042.0,0.007774538386783325,0.35,1035.3333333333333
907,2007,2,Bihar,Patna,0.22,0.25,1136.0,1037.0,1029.0,1065.0,1043.6666666666667,0.09546769527483123,0.27,1052.2727272727273
907,2017,2,Bihar,Patna,0.01,0.02,1143.0,1136.0,1037.0,1029.0,1067.3333333333333,0.0061619718309859906,0.22,1129.4
909,2002,2,Bihar,Bhagalpur,0.01,0.01,1000.0,800.0,600.0,500.0,633.3333333333334,0.25,0.1,983.0
909,2005,2,Bihar,Bhagalpur,0.01,0.01,1000.0,1000.0,800.0,600.0,800.0,0.0,0.01,1086.3636363636363
909,2007,2,Bihar,Bhagalpur,0.01,0.01,1000.0,1000.0,1000.0,800.0,933.3333333333334,0.0,0.01,1052.2727272727273
909,2010,2,Bihar,Bhagalpur,0.01,0.01,1000.0,1000.0,1000.0,1000.0,1000.0,0.0,0.01,1233.0
909,2011,2,Bihar,Bhagalpur,0.01,0.01,1000.0,1000.0,1000.0,1000.0,1000.0,0.0,0.01,1056.1666666666667
909,2012,2,Bihar,Bhagalpur,0.01,0.01,1000.0,1000.0,1000.0,1000.0,1000.0,0.0,0.01,1089.142857142857
909,2013,2,Bihar,Bhagalpur,0.01,0.01,1000.0,1000.0,1000.0,1000.0,1000.0,0.0,0.01,1139.3333333333333
909,2014,2,Bihar,Bhagalpur,0.01,0.01,1000.0,1000.0,1000.0,1000.0,1000.0,0.0,0.01,1234.1666666666667
909,2015,2,Bihar,Bhagalpur,0.01,0.01,1000.0,1000.0,1000.0,1000.0,1000.0,0.0,0.01,1095.75
909,2017,2,Bihar,Bhagalpur,0.01,0.01,1100.0,1000.0,1000.0,1000.0,1000.0,0.10000000000000009,0.01,1129.4
909,2018,2,Bihar,Bhagalpur,0.01,0.01,1091.0,1100.0,1000.0,1000.0,1033.3333333333333,-0.008181818181818179,0.01,1125.4
909,2019,2,Bihar,Bhagalpur,0.01,0.02,1143.0,1091.0,1100.0,1000.0,1063.6666666666667,0.04766269477543528,0.01,1134.0
910,1993,15,Jharkhand,Santhal Paragana Dumka,0.27,0.16,593.0,533.0,419.0,485.0,479.0,0.11257035647279556,0.3,624.5333333333333
910,1994,15,Jharkhand,Santhal Paragana Dumka,0.26,0.15,577.0,593.0,533.0,419.0,515.0,-0.026981450252951067,0.27,617.6153846153846
910,2017,15,Jharkhand,Santhal Paragana Dumka,0.04,0.03,762.0,577.0,593.0,533.0,567.6666666666666,0.3206239168110918,0.26,594.25
910,2018,15,Jharkhand,Santhal Paragana Dumka,0.04,0.03,750.0,762.0,577.0,593.0,644.0,-0.015748031496062964,0.04,590.3333333333334
910,2019,15,Jharkhand,Santhal Paragana Dumka,0.07,0.05,776.0,750.0,762.0,577.0,696.3333333333334,0.03466666666666662,0.04,620.1111111111111
912,2003,2,Bihar,Gaya,0.06,0.06,1000.0,600.0,833.0,600.0,677.6666666666666,0.6666666666666667,0.05,1042.7
912,2005,2,Bihar,Gaya,0.01,0.01,1000.0,1000.0,600.0,833.0,811.0,0.0,0.06,1086.3636363636363
912,2006,2,Bihar,Gaya,0.03,0.03,1000.0,1000.0,1000.0,600.0,866.6666666666666,0.0,0.01,1035.3333333333333
912,2007,2,Bihar,Gaya,0.01,0.01,1000.0,1000.0,1000.0,1000.0,1000.0,0.0,0.03,1052.2727272727273
912,2012,2,Bihar,Gaya,0.02,0.02,1000.0,1000.0,1000.0,1000.0,1000.0,0.0,0.01,1089.142857142857
912,2014,2,Bihar,Gaya,0.01,0.02,2000.0,1000.0,1000.0,1000.0,1000.0,1.0,0.02,1234.1666666666667
913,1993,15,Jharkhand,Hazaribagh,0.41,0.24,585.0,524.0,520.0,546.0,530.0,0.11641221374045796,0.42,624.5333333333333
913,1994,15,Jharkhand,Hazaribagh,0.38,0.23,605.0,585.0,524.0,520.0,543.0,0.03418803418803429,0.41,617.6153846153846
913,2019,15,Jharkhand,Hazaribagh,0.01,0.01,538.0,605.0,585.0,524.0,571.3333333333334,-0.11074380165289255,0.38,620.1111111111111
914,1993,15,Jharkhand,Dhanbad,0.25,0.14,560.0,538.0,500.0,500.0,512.6666666666666,0.040892193308550207,0.13,624.5333333333333
914,1994,15,Jharkhand,Dhanbad,0.15,0.09,600.0,560.0,538.0,500.0,532.6666666666666,0.0714285714285714,0.25,617.6153846153846
914,2017,15,Jharkhand,Dhanbad,0.01,0.01,571.0,600.0,560.0,538.0,566.0,-0.04833333333333334,0.15,594.25
915,1993,15,Jharkhand,Palamau,0.1,0.06,600.0,400.0,421.0,419.0,413.3333333333333,0.5,0.05,624.5333333333333
915,1994,15,Jharkhand,Palamau,0.27,0.16,593.0,600.0,400.0,421.0,473.6666666666667,-0.011666666666666714,0.1,617.6153846153846
916,1993,15,Jharkhand,Ranchi,0.51,0.29,569.0,526.0,308.0,421.0,418.3333333333333,0.08174904942965777,0.19,624.5333333333333
916,1994,15,Jharkhand,Ranchi,0.2,0.12,600.0,569.0,526.0,308.0,467.6666666666667,0.054481546572934914,0.51,617.6153846153846
919,2009,2,Bihar,Nawada,0.03,0.03,1000.0,1200.0,1000.0,1000.0,1066.6666666666667,-0.16666666666666663,0.05,1040.75
919,2013,2,Bihar,Nawada,0.16,0.18,1125.0,1000.0,1200.0,1000.0,1066.6666666666667,0.125,0.03,1139.3333333333333
921,1993,2,Bihar,Bhojpur,1.15,0.67,583.0,500.0,413.0,494.0,469.0,0.16599999999999993,0.24,611.0
921,1994,2,Bihar,Bhojpur,0.62,0.37,597.0,583.0,500.0,413.0,498.6666666666667,0.02401372212692965,1.15,615.2307692307693
921,1995,2,Bihar,Bhojpur,0.68,0.38,559.0,597.0,583.0,500.0,560.0,-0.06365159128978226,0.62,623.0
921,1996,2,Bihar,Bhojpur,0.61,0.35,574.0,559.0,597.0,583.0,579.6666666666666,0.02683363148479434,0.68,619.5833333333334
921,1997,2,Bihar,Bhojpur,0.83,0.51,614.0,574.0,559.0,597.0,576.6666666666666,0.06968641114982588,0.61,662.2857142857143
921,1998,2,Bihar,Bhojpur,1.0,0.59,590.0,614.0,574.0,559.0,582.3333333333334,-0.039087947882736174,0.83,579.8666666666667
921,1999,2,Bihar,Bhojpur,0.26,0.16,615.0,590.0,614.0,574.0,592.6666666666666,0.04237288135593231,1.0,601.4545454545455
921,2000,2,Bihar,Bhojpur,0.3,0.26,867.0,615.0,590.0,614.0,606.3333333333334,0.40975609756097553,0.26,748.3636363636364
921,2001,2,Bihar,Bhojpur,0.15,0.11,733.0,867.0,615.0,590.0,690.6666666666666,-0.15455594002306805,0.3,780.4444444444445
921,2002,2,Bihar,Bhojpur,0.15,0.15,1000.0,733.0,867.0,615.0,738.3333333333334,0.36425648021828105,0.15,983.0
921,2003,2,Bihar,Bhojpur,0.47,0.46,979.0,1000.0,733.0,867.0,866.6666666666666,-0.02100000000000002,0.15,1042.7
921,2004,2,Bihar,Bhojpur,0.13,0.13,1000.0,979.0,1000.0,733.0,904.0,0.021450459652706755,0.47,1096.2222222222222
921,2005,2,Bihar,Bhojpur,1.18,1.16,983.0,1000.0,979.0,1000.0,993.0,-0.017000000000000015,0.13,1086.3636363636363
921,2006,2,Bihar,Bhojpur,0.59,0.58,983.0,983.0,1000.0,979.0,987.3333333333334,0.0,1.18,1035.3333333333333
921,2007,2,Bihar,Bhojpur,0.85,0.95,1118.0,983.0,983.0,1000.0,988.6666666666666,0.1373346897253307,0.59,1052.2727272727273
921,2008,2,Bihar,Bhojpur,1.18,1.42,1203.0,1118.0,983.0,983.0,1028.0,0.07602862254025045,0.85,1099.6666666666667
921,2009,2,Bihar,Bhojpur,1.18,1.31,1110.0,1203.0,1118.0,983.0,1101.3333333333333,-0.07730673316708225,1.18,1040.75
921,2010,2,Bihar,Bhojpur,1.34,1.5,1119.0,1110.0,1203.0,1118.0,1143.6666666666667,0.008108108108108025,1.18,1233.0
921,2011,2,Bihar,Bhojpur,1.32,1.48,1121.0,1119.0,1110.0,1203.0,1144.0,0.0017873100983021306,1.34,1056.1666666666667
921,2012,2,Bihar,Bhojpur,0.88,1.0,1136.0,1121.0,1119.0,1110.0,1116.6666666666667,0.01338090990187335,1.32,1089.142857142857
921,2013,2,Bihar,Bhojpur,0.44,0.5,1136.0,1136.0,1121.0,1119.0,1125.3333333333333,0.0,0.88,1139.3333333333333
921,2014,2,Bihar,Bhojpur,0.25,0.29,1160.0,1136.0,1136.0,1121.0,1131.0,0.021126760563380254,0.44,1234.1666666666667
921,2015,2,Bihar,Bhojpur,1.17,1.32,1128.0,1160.0,1136.0,1136.0,1144.0,-0.02758620689655178,0.25,1095.75
921,2016,2,Bihar,Bhojpur,0.93,1.05,1135.0,1128.0,1160.0,1136.0,1141.3333333333333,0.00620567375886516,1.17,1126.5
921,2017,2,Bihar,Bhojpur,0.98,1.11,1134.0,1135.0,1128.0,1160.0,1141.0,-0.0008810572687224516,0.93,1129.4
921,2018,2,Bihar,Bhojpur,0.29,0.33,1134.0,1134.0,1135.0,1128.0,1132.3333333333333,0.0,0.98,1125.4
921,2019,2,Bihar,Bhojpur,0.34,0.39,1134.0,1134.0,1134.0,1135.0,1134.3333333333333,0.0,0.29,1134.0
922,1997,2,Bihar,Rohtas,0.02,0.01,500.0,1000.0,409.0,500.0,636.3333333333334,-0.5,0.01,662.2857142857143
922,1998,2,Bihar,Rohtas,0.04,0.02,500.0,500.0,1000.0,409.0,636.3333333333334,0.0,0.02,579.8666666666667
922,1999,2,Bihar,Rohtas,0.05,0.03,600.0,500.0,500.0,1000.0,666.6666666666666,0.19999999999999996,0.04,601.4545454545455
922,2000,2,Bihar,Rohtas,0.05,0.04,800.0,600.0,500.0,500.0,533.3333333333334,0.33333333333333326,0.05,748.3636363636364
922,2001,2,Bihar,Rohtas,0.01,0.01,1000.0,800.0,600.0,500.0,633.3333333333334,0.25,0.05,780.4444444444445
922,2002,2,Bihar,Rohtas,0.01,0.01,1000.0,1000.0,800.0,600.0,800.0,0.0,0.01,983.0
922,2003,2,Bihar,Rohtas,0.03,0.03,1000.0,1000.0,1000.0,800.0,933.3333333333334,0.0,0.01,1042.7
922,2004,2,Bihar,Rohtas,0.02,0.03,1500.0,1000.0,1000.0,1000.0,1000.0,0.5,0.03,1096.2222222222222
922,2005,2,Bihar,Rohtas,0.02,0.03,1500.0,1500.0,1000.0,1000.0,1166.6666666666667,0.0,0.02,1086.3636363636363
922,2008,2,Bihar,Rohtas,0.01,0.01,1000.0,1500.0,1500.0,1000.0,1333.3333333333333,-0.33333333333333337,0.02,1099.6666666666667
922,2009,2,Bihar,Rohtas,0.01,0.01,1000.0,1000.0,1500.0,1500.0,1333.3333333333333,0.0,0.01,1040.75
922,2010,2,Bihar,Rohtas,0.01,0.01,1000.0,1000.0,1000.0,1500.0,1166.6666666666667,0.0,0.01,1233.0
923,1994,2,Bihar,Siwan,0.06,0.03,500.0,1000.0,1000.0,375.0,791.6666666666666,-0.5,0.01,615.2307692307693
923,1995,2,Bihar,Siwan,0.06,0.04,667.0,500.0,1000.0,1000.0,833.3333333333334,0.3340000000000001,0.06,623.0
923,1996,2,Bihar,Siwan,0.13,0.07,538.0,667.0,500.0,1000.0,722.3333333333334,-0.1934032983508246,0.06,619.5833333333334
923,1997,2,Bihar,Siwan,0.1,0.06,600.0,538.0,667.0,500.0,568.3333333333334,0.11524163568773238,0.13,662.2857142857143
923,1998,2,Bihar,Siwan,0.16,0.04,250.0,600.0,538.0,667.0,601.6666666666666,-0.5833333333333333,0.1,579.8666666666667
923,1999,2,Bihar,Siwan,0.05,0.03,600.0,250.0,600.0,538.0,462.6666666666667,1.4,0.16,601.4545454545455
923,2000,2,Bihar,Siwan,0.01,0.01,1000.0,600.0,250.0,600.0,483.3333333333333,0.6666666666666667,0.05,748.3636363636364
923,2001,2,Bihar,Siwan,0.02,0.01,500.0,1000.0,600.0,250.0,616.6666666666666,-0.5,0.01,780.4444444444445
923,2002,2,Bihar,Siwan,0.02,0.02,1000.0,500.0,1000.0,600.0,700.0,1.0,0.02,983.0
923,2003,2,Bihar,Siwan,0.02,0.02,1000.0,1000.0,500.0,1000.0,833.3333333333334,0.0,0.02,1042.7
923,2004,2,Bihar,Siwan,0.06,0.07,1167.0,1000.0,1000.0,500.0,833.3333333333334,0.16700000000000004,0.02,1096.2222222222222
923,2005,2,Bihar,Siwan,0.03,0.03,1000.0,1167.0,1000.0,1000.0,1055.6666666666667,-0.14310197086546705,0.06,1086.3636363636363
923,2006,2,Bihar,Siwan,0.03,0.03,1000.0,1000.0,1167.0,1000.0,1055.6666666666667,0.0,0.03,1035.3333333333333
923,2007,2,Bihar,Siwan,0.02,0.02,1000.0,1000.0,1000.0,1167.0,1055.6666666666667,0.0,0.03,1052.2727272727273
923,2008,2,Bihar,Siwan,0.02,0.02,1000.0,1000.0,1000.0,1000.0,1000.0,0.0,0.02,1099.6666666666667
923,2009,2,Bihar,Siwan,0.02,0.02,1000.0,1000.0,1000.0,1000.0,1000.0,0.0,0.02,1040.75
923,2010,2,Bihar,Siwan,0.07,0.08,1143.0,1000.0,1000.0,1000.0,1000.0,0.14300000000000002,0.02,1233.0
923,2011,2,Bihar,Siwan,0.11,0.12,1091.0,1143.0,1000.0,1000.0,1047.6666666666667,-0.045494313210848625,0.07,1056.1666666666667
923,2012,2,Bihar,Siwan,0.1,0.11,1100.0,1091.0,1143.0,1000.0,1078.0,0.008249312557286892,0.11,1089.142857142857
923,2013,2,Bihar,Siwan,0.1,0.11,1100.0,1100.0,1091.0,1143.0,1111.3333333333333,0.0,0.1,1139.3333333333333
923,2014,2,Bihar,Siwan,0.09,0.1,1111.0,1100.0,1100.0,1091.0,1097.0,0.010000000000000009,0.1,1234.1666666666667
923,2015,2,Bihar,Siwan,0.08,0.09,1125.0,1111.0,1100.0,1100.0,1103.6666666666667,0.012601260126012592,0.09,1095.75
923,2016,2,Bihar,Siwan,0.08,0.09,1136.0,1125.0,1111.0,1100.0,1112.0,0.009777777777777885,0.08,1126.5
923,2017,2,Bihar,Siwan,0.08,0.09,1136.0,1136.0,1125.0,1111.0,1124.0,0.0,0.08,1129.4
923,2018,2,Bihar,Siwan,0.08,0.09,1138.0,1136.0,1136.0,1125.0,1132.3333333333333,0.0017605633802817433,0.08,1125.4
923,2019,2,Bihar,Siwan,0.08,0.09,1125.0,1138.0,1136.0,1136.0,1136.6666666666667,-0.011423550087873435,0.08,1134.0
924,1993,2,Bihar,Gopalganj,0.02,0.01,500.0,583.0,375.0,500.0,486.0,-0.14236706689536882,0.12,611.0
924,1994,2,Bihar,Gopalganj,0.03,0.02,667.0,500.0,583.0,375.0,486.0,0.3340000000000001,0.02,615.2307692307693
924,1995,2,Bihar,Gopalganj,0.06,0.04,667.0,667.0,500.0,583.0,583.3333333333334,0.0,0.03,623.0
924,1997,2,Bihar,Gopalganj,0.02,0.01,500.0,667.0,667.0,500.0,611.3333333333334,-0.2503748125937032,0.06,662.2857142857143
924,2000,2,Bihar,Gopalganj,0.03,0.01,333.0,500.0,667.0,667.0,611.3333333333334,-0.33399999999999996,0.02,748.3636363636364
924,2003,2,Bihar,Gopalganj,0.08,0.08,1000.0,333.0,500.0,667.0,500.0,2.003003003003003,0.03,1042.7
924,2004,2,Bihar,Gopalganj,0.1,0.11,1100.0,1000.0,333.0,500.0,611.0,0.10000000000000009,0.08,1096.2222222222222
924,2006,2,Bihar,Gopalganj,0.03,0.03,1000.0,1100.0,1000.0,333.0,811.0,-0.09090909090909094,0.1,1035.3333333333333
924,2007,2,Bihar,Gopalganj,0.1,0.11,1100.0,1000.0,1100.0,1000.0,1033.3333333333333,0.10000000000000009,0.03,1052.2727272727273
924,2008,2,Bihar,Gopalganj,0.09,0.11,1222.0,1100.0,1000.0,1100.0,1066.6666666666667,0.11090909090909085,0.1,1099.6666666666667
924,2009,2,Bihar,Gopalganj,0.1,0.11,1100.0,1222.0,1100.0,1000.0,1107.3333333333333,-0.09983633387888702,0.09,1040.75
924,2010,2,Bihar,Gopalganj,0.01,0.02,2000.0,1100.0,1222.0,1100.0,1140.6666666666667,0.8181818181818181,0.1,1233.0
924,2011,2,Bihar,Gopalganj,0.01,0.01,1000.0,2000.0,1100.0,1222.0,1440.6666666666667,-0.5,0.01,1056.1666666666667
924,2012,2,Bihar,Gopalganj,0.04,0.05,1250.0,1000.0,2000.0,1100.0,1366.6666666666667,0.25,0.01,1089.142857142857
925,2002,2,Bihar,Champaran(East),0.07,0.07,1000.0,600.0,600.0,500.0,566.6666666666666,0.6666666666666667,0.05,983.0
926,1993,2,Bihar,Champaran(West),0.12,0.07,583.0,444.0,429.0,500.0,457.6666666666667,0.3130630630630631,0.09,611.0
926,1994,2,Bihar,Champaran(West),0.09,0.06,667.0,583.0,444.0,429.0,485.3333333333333,0.1440823327615781,0.12,615.2307692307693
926,1995,2,Bihar,Champaran(West),0.02,0.01,500.0,667.0,583.0,444.0,564.6666666666666,-0.2503748125937032,0.09,623.0
926,1996,2,Bihar,Champaran(West),0.02,0.01,500.0,500.0,667.0,583.0,583.3333333333334,0.0,0.02,619.5833333333334
926,1999,2,Bihar,Champaran(West),0.06,0.04,667.0,500.0,500.0,667.0,555.6666666666666,0.3340000000000001,0.02,601.4545454545455
926,2000,2,Bihar,Champaran(West),0.14,0.09,643.0,667.0,500.0,500.0,555.6666666666666,-0.0359820089955023,0.06,748.3636363636364
926,2001,2,Bihar,Champaran(West),0.07,0.05,714.0,643.0,667.0,500.0,603.3333333333334,0.11041990668740276,0.14,780.4444444444445
926,2002,2,Bihar,Champaran(West),0.04,0.04,1000.0,714.0,643.0,667.0,674.6666666666666,0.40056022408963576,0.07,983.0
926,2003,2,Bihar,Champaran(West),0.04,0.05,1250.0,1000.0,714.0,643.0,785.6666666666666,0.25,0.04,1042.7
926,2004,2,Bihar,Champaran(West),0.05,0.05,1000.0,1250.0,1000.0,714.0,988.0,-0.19999999999999996,0.04,1096.2222222222222
926,2005,2,Bihar,Champaran(West),0.14,0.15,1071.0,1000.0,1250.0,1000.0,1083.3333333333333,0.07099999999999995,0.05,1086.3636363636363
926,2006,2,Bihar,Champaran(West),0.05,0.06,1200.0,1071.0,1000.0,1250.0,1107.0,0.1204481792717087,0.14,1035.3333333333333
926,2007,2,Bihar,Champaran(West),0.05,0.05,1000.0,1200.0,1071.0,1000.0,1090.3333333333333,-0.16666666666666663,0.05,1052.2727272727273
926,2008,2,Bihar,Champaran(West),0.05,0.05,1000.0,1000.0,1200.0,1071.0,1090.3333333333333,0.0,0.05,1099.6666666666667
926,2009,2,Bihar,Champaran(West),0.05,0.05,1000.0,1000.0,1000.0,1200.0,1066.6666666666667,0.0,0.05,1040.75
926,2011,2,Bihar,Champaran(West),0.06,0.06,1000.0,1000.0,1000.0,1000.0,1000.0,0.0,0.05,1056.1666666666667
926,2012,2,Bihar,Champaran(West),0.02,0.02,1000.0,1000.0,1000.0,1000.0,1000.0,0.0,0.06,1089.142857142857
926,2013,2,Bihar,Champaran(West),0.03,0.04,1333.0,1000.0,1000.0,1000.0,1000.0,0.33299999999999996,0.02,1139.3333333333333
927,2006,2,Bihar,Vaishali,0.01,0.01,1000.0,500.0,500.0,500.0,500.0,1.0,0.02,1035.3333333333333
927,2007,2,Bihar,Vaishali,0.01,0.01,1000.0,1000.0,500.0,500.0,666.6666666666666,0.0,0.01,1052.2727272727273
927,2008,2,Bihar,Vaishali,0.01,0.01,1000.0,1000.0,1000.0,500.0,833.3333333333334,0.0,0.01,1099.6666666666667
928,1999,2,Bihar,Sitamarhi,0.02,0.01,500.0,1000.0,1000.0,500.0,833.3333333333334,-0.5,0.01,601.4545454545455
928,2008,2,Bihar,Sitamarhi,0.35,0.37,1057.0,500.0,1000.0,1000.0,833.3333333333334,1.1139999999999999,0.02,1099.6666666666667
928,2010,2,Bihar,Sitamarhi,0.04,0.05,1250.0,1057.0,500.0,1000.0,852.3333333333334,0.18259224219489112,0.35,1233.0
929,1993,2,Bihar,Madhubani,0.03,0.02,667.0,571.0,1000.0,556.0,709.0,0.1681260945709282,0.07,611.0
929,1994,2,Bihar,Madhubani,0.03,0.03,1000.0,667.0,571.0,1000.0,746.0,0.4992503748125936,0.03,615.2307692307693
929,1995,2,Bihar,Madhubani,0.13,0.07,538.0,1000.0,667.0,571.0,746.0,-0.46199999999999997,0.03,623.0
929,1997,2,Bihar,Madhubani,0.01,0.01,1000.0,538.0,1000.0,667.0,735.0,0.8587360594795539,0.13,662.2857142857143
929,1998,2,Bihar,Madhubani,0.21,0.15,714.0,1000.0,538.0,1000.0,846.0,-0.28600000000000003,0.01,579.8666666666667
929,2000,2,Bihar,Madhubani,0.07,0.05,714.0,714.0,1000.0,538.0,750.6666666666666,0.0,0.21,748.3636363636364
929,2001,2,Bihar,Madhubani,0.02,0.02,1000.0,714.0,714.0,1000.0,809.3333333333334,0.40056022408963576,0.07,780.4444444444445
932,1994,2,Bihar,Katihar,0.04,0.03,750.0,400.0,500.0,500.0,466.6666666666667,0.875,0.05,615.2307692307693
932,1995,2,Bihar,Katihar,0.03,0.02,667.0,750.0,400.0,500.0,550.0,-0.11066666666666669,0.04,623.0
932,1996,2,Bihar,Katihar,0.02,0.01,500.0,667.0,750.0,400.0,605.6666666666666,-0.2503748125937032,0.03,619.5833333333334
932,1997,2,Bihar,Katihar,0.04,0.02,500.0,500.0,667.0,750.0,639.0,0.0,0.02,662.2857142857143
932,1998,2,Bihar,Katihar,0.05,0.03,600.0,500.0,500.0,667.0,555.6666666666666,0.19999999999999996,0.04,579.8666666666667
932,1999,2,Bihar,Katihar,0.01,0.01,1000.0,600.0,500.0,500.0,533.3333333333334,0.6666666666666667,0.05,601.4545454545455
932,2018,2,Bihar,Katihar,0.08,0.09,1130.0,1000.0,600.0,500.0,700.0,0.1299999999999999,0.01,1125.4
933,1993,15,Jharkhand,Giridih,1.5,0.87,580.0,520.0,519.0,544.0,527.6666666666666,0.11538461538461542,1.0,624.5333333333333
933,1994,15,Jharkhand,Giridih,1.27,0.75,591.0,580.0,520.0,519.0,539.6666666666666,0.018965517241379404,1.5,617.6153846153846
933,2018,15,Jharkhand,Giridih,0.01,0.01,857.0,591.0,580.0,520.0,563.6666666666666,0.45008460236886627,1.27,590.3333333333334
933,2019,15,Jharkhand,Giridih,0.02,0.02,773.0,857.0,591.0,580.0,676.0,-0.09801633605600935,0.01,620.1111111111111
937,1993,15,Jharkhand,Godda,0.57,0.33,579.0,508.0,409.0,500.0,472.3333333333333,0.13976377952755903,0.59,624.5333333333333
937,1994,15,Jharkhand,Godda,0.33,0.2,606.0,579.0,508.0,409.0,498.6666666666667,0.04663212435233155,0.57,617.6153846153846
937,2019,15,Jharkhand,Godda,0.02,0.01,529.0,606.0,579.0,508.0,564.3333333333334,-0.1270627062706271,0.33,620.1111111111111
938,1993,15,Jharkhand,Sahebganj,1.06,0.62,585.0,521.0,414.0,496.0,477.0,0.12284069097888684,0.96,624.5333333333333
938,1994,15,Jharkhand,Sahebganj,1.0,0.59,590.0,585.0,521.0,414.0,506.6666666666667,0.008547008547008517,1.06,617.6153846153846
938,2017,15,Jharkhand,Sahebganj,0.01,0.01,692.0,590.0,585.0,521.0,565.3333333333334,0.17288135593220333,1.0,594.25
940,1993,15,Jharkhand,Devghar Deogarh,0.01,0.01,1000.0,1000.0,1000.0,500.0,833.3333333333334,0.0,0.01,624.5333333333333
940,1994,15,Jharkhand,Devghar Deogarh,0.01,0.01,1000.0,1000.0,1000.0,1000.0,1000.0,0.0,0.01,617.6153846153846
942,1993,15,Jharkhand,Gumla,0.49,0.28,571.0,526.0,303.0,424.0,417.6666666666667,0.08555133079847899,0.19,624.5333333333333
942,1994,15,Jharkhand,Gumla,0.4,0.24,600.0,571.0,526.0,303.0,466.6666666666667,0.05078809106830118,0.49,617.6153846153846
943,1993,15,Jharkhand,Singhbhum East,0.01,0.01,1000.0,500.0,333.0,500.0,444.3333333333333,1.0,0.02,624.5333333333333
943,1994,15,Jharkhand,Singhbhum East,0.02,0.01,500.0,1000.0,500.0,333.0,611.0,-0.5,0.01,617.6153846153846
943,2017,15,Jharkhand,Singhbhum East,0.33,0.18,541.0,500.0,1000.0,500.0,666.6666666666666,0.08200000000000007,0.02,594.25
944,1993,15,Jharkhand,Singhbhum West,0.52,0.3,577.0,526.0,268.0,431.0,408.3333333333333,0.09695817490494307,0.57,624.5333333333333
944,1994,15,Jharkhand,Singhbhum West,0.56,0.33,589.0,577.0,526.0,268.0,457.0,0.020797227036395194,0.52,617.6153846153846
944,2017,15,Jharkhand,Singhbhum West,0.04,0.02,417.0,589.0,577.0,526.0,564.0,-0.2920203735144312,0.56,594.25
944,2018,15,Jharkhand,Singhbhum West,0.01,0.01,417.0,417.0,589.0,577.0,527.6666666666666,0.0,0.04,590.3333333333334
944,2019,15,Jharkhand,Singhbhum West,0.02,0.01,429.0,417.0,417.0,589.0,474.3333333333333,0.02877697841726623,0.01,620.1111111111111
947,1995,2,Bihar,Buxar,0.8,0.45,563.0,593.0,587.0,512.0,564.0,-0.050590219224283306,0.81,623.0
947,1996,2,Bihar,Buxar,0.78,0.45,577.0,563.0,593.0,587.0,581.0,0.0248667850799289,0.8,619.5833333333334
947,1997,2,Bihar,Buxar,0.36,0.22,611.0,577.0,563.0,593.0,577.6666666666666,0.05892547660311953,0.78,662.2857142857143
947,1998,2,Bihar,Buxar,0.79,0.46,582.0,611.0,577.0,563.0,583.6666666666666,-0.04746317512274956,0.36,579.8666666666667
947,1999,2,Bihar,Buxar,0.64,0.39,609.0,582.0,611.0,577.0,590.0,0.046391752577319645,0.79,601.4545454545455
947,2000,2,Bihar,Buxar,0.64,0.56,875.0,609.0,582.0,611.0,600.6666666666666,0.4367816091954022,0.64,748.3636363636364
947,2001,2,Bihar,Buxar,0.36,0.26,722.0,875.0,609.0,582.0,688.6666666666666,-0.17485714285714282,0.64,780.4444444444445
947,2002,2,Bihar,Buxar,0.31,0.34,1097.0,722.0,875.0,609.0,735.3333333333334,0.5193905817174516,0.36,983.0
947,2003,2,Bihar,Buxar,0.3,0.34,1133.0,1097.0,722.0,875.0,898.0,0.03281677301731989,0.31,1042.7
947,2004,2,Bihar,Buxar,0.81,0.89,1099.0,1133.0,1097.0,722.0,984.0,-0.030008826125330956,0.3,1096.2222222222222
947,2005,2,Bihar,Buxar,2.39,2.62,1096.0,1099.0,1133.0,1097.0,1109.6666666666667,-0.0027297543221109777,0.81,1086.3636363636363
947,2006,2,Bihar,Buxar,3.06,3.36,1098.0,1096.0,1099.0,1133.0,1109.3333333333333,0.0018248175182482562,2.39,1035.3333333333333
947,2007,2,Bihar,Buxar,1.64,1.82,1110.0,1098.0,1096.0,1099.0,1097.6666666666667,0.010928961748633892,3.06,1052.2727272727273
947,2008,2,Bihar,Buxar,1.21,1.47,1215.0,1110.0,1098.0,1096.0,1101.3333333333333,0.09459459459459452,1.64,1099.6666666666667
947,2009,2,Bihar,Buxar,1.55,1.73,1116.0,1215.0,1110.0,1098.0,1141.0,-0.08148148148148149,1.21,1040.75
947,2010,2,Bihar,Buxar,3.37,3.77,1119.0,1116.0,1215.0,1110.0,1147.0,0.0026881720430107503,1.55,1233.0
947,2011,2,Bihar,Buxar,2.95,3.32,1125.0,1119.0,1116.0,1215.0,1150.0,0.00536193029490617,3.37,1056.1666666666667
947,2012,2,Bihar,Buxar,3.19,3.63,1138.0,1125.0,1119.0,1116.0,1120.0,0.011555555555555541,2.95,1089.142857142857
947,2013,2,Bihar,Buxar,1.9,2.17,1142.0,1138.0,1125.0,1119.0,1127.3333333333333,0.0035149384885764245,3.19,1139.3333333333333
947,2014,2,Bihar,Buxar,2.91,3.3,1134.0,1142.0,1138.0,1125.0,1135.0,-0.007005253940455369,1.9,1234.1666666666667
947,2015,2,Bihar,Buxar,2.84,3.21,1130.0,1134.0,1142.0,1138.0,1138.0,-0.003527336860670194,2.91,1095.75
947,2016,2,Bihar,Buxar,2.55,2.89,1135.0,1130.0,1134.0,1142.0,1135.3333333333333,0.004424778761061843,2.84,1126.5
947,2017,2,Bihar,Buxar,3.3,3.74,1134.0,1135.0,1130.0,1134.0,1133.0,-0.0008810572687224516,2.55,1129.4
947,2018,2,Bihar,Buxar,2.65,3.01,1134.0,1134.0,1135.0,1130.0,1133.0,0.0,3.3,1125.4
947,2019,2,Bihar,Buxar,2.72,3.09,1134.0,1134.0,1134.0,1135.0,1134.3333333333333,0.0,2.65,1134.0
948,1995,2,Bihar,Bhabhua Kaimur,0.21,0.12,571.0,579.0,571.0,522.0,557.3333333333334,-0.013816925734024155,0.19,623.0
948,1996,2,Bihar,Bhabhua Kaimur,0.19,0.11,579.0,571.0,579.0,571.0,573.6666666666666,0.014010507880910739,0.21,619.5833333333334
948,1997,2,Bihar,Bhabhua Kaimur,0.19,0.12,632.0,579.0,571.0,579.0,576.3333333333334,0.09153713298791022,0.19,662.2857142857143
948,1998,2,Bihar,Bhabhua Kaimur,0.19,0.11,579.0,632.0,579.0,571.0,594.0,-0.08386075949367089,0.19,579.8666666666667
948,1999,2,Bihar,Bhabhua Kaimur,0.19,0.11,579.0,579.0,632.0,579.0,596.6666666666666,0.0,0.19,601.4545454545455
948,2000,2,Bihar,Bhabhua Kaimur,0.15,0.13,867.0,579.0,579.0,632.0,596.6666666666666,0.49740932642487046,0.19,748.3636363636364
948,2001,2,Bihar,Bhabhua Kaimur,0.16,0.11,688.0,867.0,579.0,579.0,675.0,-0.20645905420991928,0.15,780.4444444444445
948,2005,2,Bihar,Bhabhua Kaimur,0.14,0.15,1071.0,688.0,867.0,579.0,711.3333333333334,0.5566860465116279,0.16,1086.3636363636363
949,2003,2,Bihar,Banka,0.02,0.02,1000.0,1000.0,750.0,500.0,750.0,0.0,0.01,1042.7
949,2004,2,Bihar,Banka,0.01,0.01,1000.0,1000.0,1000.0,750.0,916.6666666666666,0.0,0.02,1096.2222222222222
953,2017,15,Jharkhand,Bokaro,0.04,0.01,325.0,578.0,569.0,519.0,555.3333333333334,-0.4377162629757786,0.45,594.25
953,2018,15,Jharkhand,Bokaro,0.02,0.01,318.0,325.0,578.0,569.0,490.6666666666667,-0.021538461538461506,0.04,590.3333333333334
953,2019,15,Jharkhand,Bokaro,0.09,0.08,906.0,318.0,325.0,578.0,407.0,1.849056603773585,0.02,620.1111111111111
1001,2003,3,Gujarat,Anand,58.2,99.3,1706.0,1479.0,1660.0,1405.0,1514.6666666666667,0.15348208248816775,51.1,1547.4545454545455
1001,2004,3,Gujarat,Anand,54.0,87.8,1626.0,1706.0,1479.0,1660.0,1615.0,-0.04689331770222738,58.2,1259.3181818181818
1001,2005,3,Gujarat,Anand,51.5,81.3,1579.0,1626.0,1706.0,1479.0,1603.6666666666667,-0.02890528905289058,54.0,1396.1363636363637
1001,2006,3,Gujarat,Anand,50.2,81.0,1614.0,1579.0,1626.0,1706.0,1637.0,0.02216592780240667,51.5,1213.952380952381
1001,2007,3,Gujarat,Anand,52.7,103.9,1972.0,1614.0,1579.0,1626.0,1606.3333333333333,0.2218091697645601,50.2,1595.952380952381
1001,2008,3,Gujarat,Anand,48.2,93.1,1932.0,1972.0,1614.0,1579.0,1721.6666666666667,-0.020283975659229236,52.7,1624.4761904761904
1001,2009,3,Gujarat,Anand,53.8,111.1,2065.0,1932.0,1972.0,1614.0,1839.3333333333333,0.06884057971014501,48.2,1447.090909090909
1001,2010,3,Gujarat,Anand,70.7,155.3,2197.0,2065.0,1932.0,1972.0,1989.6666666666667,0.06392251815980621,53.8,1734.9545454545455
1001,2011,3,Gujarat,Anand,79.6,175.9,2210.0,2197.0,2065.0,1932.0,2064.6666666666665,0.00591715976331364,70.7,1943.95
1001,2012,3,Gujarat,Anand,61.8,136.4,2207.0,2210.0,2197.0,2065.0,2157.3333333333335,-0.0013574660633484115,79.6,1657.095238095238
1001,2013,3,Gujarat,Anand,62.51,163.2,2611.0,2207.0,2210.0,2197.0,2204.6666666666665,0.18305391934753068,61.8,2143.2727272727275
1001,2014,3,Gujarat,Anand,45.18,109.95,2434.0,2611.0,2207.0,2210.0,2342.6666666666665,-0.06779011872845653,62.51,2152.9666666666667
1001,2015,3,Gujarat,Anand,47.35,137.44,2903.0,2434.0,2611.0,2207.0,2417.3333333333335,0.19268693508627766,45.18,2088.689655172414
1001,2016,3,Gujarat,Anand,44.48,110.7,2489.0,2903.0,2434.0,2611.0,2649.3333333333335,-0.14261109197382016,47.35,2088.7586206896553
1001,2017,3,Gujarat,Anand,39.6,104.28,2633.0,2489.0,2903.0,2434.0,2608.6666666666665,0.0578545600642828,44.48,2351.5172413793102
1001,2018,3,Gujarat,Anand,34.84,97.92,2810.0,2633.0,2489.0,2903.0,2675.0,0.06722369920243065,39.6,2204.777777777778
1001,2019,3,Gujarat,Anand,35.02,96.02,2742.0,2810.0,2633.0,2489.0,2644.0,-0.024199288256227747,34.84,2517.0666666666666
1002,2004,3,Gujarat,Dahod,0.1,0.1,1000.0,1667.0,1000.0,1000.0,1222.3333333333333,-0.4001199760047991,0.3,1259.3181818181818
1002,2005,3,Gujarat,Dahod,0.1,0.2,2000.0,1000.0,1667.0,1000.0,1222.3333333333333,1.0,0.1,1396.1363636363637
1002,2015,3,Gujarat,Dahod,0.01,0.02,2000.0,2000.0,1000.0,1667.0,1555.6666666666667,0.0,0.1,2088.689655172414
1002,2016,3,Gujarat,Dahod,0.02,0.04,2467.0,2000.0,2000.0,1000.0,1666.6666666666667,0.23350000000000004,0.01,2088.7586206896553
1002,2017,3,Gujarat,Dahod,0.01,0.02,3000.0,2467.0,2000.0,2000.0,2155.6666666666665,0.2160518848804216,0.02,2351.5172413793102
1002,2018,3,Gujarat,Dahod,0.02,0.06,2900.0,3000.0,2467.0,2000.0,2489.0,-0.033333333333333326,0.01,2204.777777777778
1002,2019,3,Gujarat,Dahod,0.09,0.25,2872.0,2900.0,3000.0,2467.0,2789.0,-0.0096551724137931,0.02,2517.0666666666666
1003,2003,3,Gujarat,Narmada,0.9,1.5,1667.0,926.0,1296.0,795.0,1005.6666666666666,0.8002159827213824,2.7,1547.4545454545455
1003,2004,3,Gujarat,Narmada,0.5,0.6,1200.0,1667.0,926.0,1296.0,1296.3333333333333,-0.28014397120575885,0.9,1259.3181818181818
1003,2005,3,Gujarat,Narmada,0.5,0.8,1600.0,1200.0,1667.0,926.0,1264.3333333333333,0.33333333333333326,0.5,1396.1363636363637
1003,2006,3,Gujarat,Narmada,1.3,2.8,2154.0,1600.0,1200.0,1667.0,1489.0,0.34624999999999995,0.5,1213.952380952381
1003,2007,3,Gujarat,Narmada,1.3,2.9,2231.0,2154.0,1600.0,1200.0,1651.3333333333333,0.03574744661095641,1.3,1595.952380952381
1003,2008,3,Gujarat,Narmada,1.0,2.4,2400.0,2231.0,2154.0,1600.0,1995.0,0.07575078440161365,1.3,1624.4761904761904
1003,2009,3,Gujarat,Narmada,1.1,2.5,2273.0,2400.0,2231.0,2154.0,2261.6666666666665,-0.05291666666666661,1.0,1447.090909090909
1003,2010,3,Gujarat,Narmada,1.5,3.6,2400.0,2273.0,2400.0,2231.0,2301.3333333333335,0.05587329520457551,1.1,1734.9545454545455
1003,2011,3,Gujarat,Narmada,1.7,4.3,2529.0,2400.0,2273.0,2400.0,2357.6666666666665,0.053749999999999964,1.5,1943.95
1003,2012,3,Gujarat,Narmada,0.2,0.6,3000.0,2529.0,2400.0,2273.0,2400.6666666666665,0.18623962040332143,1.7,1657.095238095238
1003,2013,3,Gujarat,Narmada,1.3,3.61,2777.0,3000.0,2529.0,2400.0,2643.0,-0.07433333333333336,0.2,2143.2727272727275
1003,2014,3,Gujarat,Narmada,0.75,1.24,1653.0,2777.0,3000.0,2529.0,2768.6666666666665,-0.4047533309326612,1.3,2152.9666666666667
1003,2015,3,Gujarat,Narmada,0.46,0.82,1783.0,1653.0,2777.0,3000.0,2476.6666666666665,0.07864488808227454,0.75,2088.689655172414
1003,2016,3,Gujarat,Narmada,0.33,0.57,1705.0,1783.0,1653.0,2777.0,2071.0,-0.04374649467190128,0.46,2088.7586206896553
1003,2017,3,Gujarat,Narmada,0.11,0.28,2676.0,1705.0,1783.0,1653.0,1713.6666666666667,0.5695014662756599,0.33,2351.5172413793102
1003,2018,3,Gujarat,Narmada,0.2,0.55,2725.0,2676.0,1705.0,1783.0,2054.6666666666665,0.018310911808669728,0.11,2204.777777777778
1003,2019,3,Gujarat,Narmada,0.55,1.23,2241.0,2725.0,2676.0,1705.0,2368.6666666666665,-0.17761467889908256,0.2,2517.0666666666666
1005,2003,3,Gujarat,Patan,86.8,85.0,979.0,918.0,1322.0,725.0,988.3333333333334,0.06644880174291945,89.9,1547.4545454545455
1005,2004,3,Gujarat,Patan,67.7,53.6,792.0,979.0,918.0,1322.0,1073.0,-0.1910112359550562,86.8,1259.3181818181818
1005,2005,3,Gujarat,Patan,95.0,63.0,663.0,792.0,979.0,918.0,896.3333333333334,-0.16287878787878785,67.7,1396.1363636363637
1005,2006,3,Gujarat,Patan,96.2,32.6,339.0,663.0,792.0,979.0,811.3333333333334,-0.4886877828054299,95.0,1213.952380952381
1005,2007,3,Gujarat,Patan,93.1,55.6,597.0,339.0,663.0,792.0,598.0,0.7610619469026549,96.2,1595.952380952381
1005,2008,3,Gujarat,Patan,63.1,55.7,883.0,597.0,339.0,663.0,533.0,0.47906197654941374,93.1,1624.4761904761904
1005,2009,3,Gujarat,Patan,67.5,38.2,566.0,883.0,597.0,339.0,606.3333333333334,-0.35900339750849375,63.1,1447.090909090909
1005,2010,3,Gujarat,Patan,66.3,64.2,968.0,566.0,883.0,597.0,682.0,0.7102473498233215,67.5,1734.9545454545455
1005,2011,3,Gujarat,Patan,56.7,72.5,1279.0,968.0,566.0,883.0,805.6666666666666,0.32128099173553726,66.3,1943.95
1005,2012,3,Gujarat,Patan,45.2,46.0,1018.0,1279.0,968.0,566.0,937.6666666666666,-0.20406567630961692,56.7,1657.095238095238
1005,2013,3,Gujarat,Patan,46.15,73.82,1600.0,1018.0,1279.0,968.0,1088.3333333333333,0.5717092337917484,45.2,2143.2727272727275
1005,2014,3,Gujarat,Patan,9.57,23.41,2446.0,1600.0,1018.0,1279.0,1299.0,0.52875,46.15,2152.9666666666667
1005,2015,3,Gujarat,Patan,6.8,16.56,2435.0,2446.0,1600.0,1018.0,1688.0,-0.0044971381847914715,9.57,2088.689655172414
1005,2016,3,Gujarat,Patan,8.08,18.51,2292.0,2435.0,2446.0,1600.0,2160.3333333333335,-0.058726899383983566,6.8,2088.7586206896553
1005,2017,3,Gujarat,Patan,15.35,14.38,937.0,2292.0,2435.0,2446.0,2391.0,-0.5911867364746946,8.08,2351.5172413793102
1005,2018,3,Gujarat,Patan,9.54,20.42,2139.0,937.0,2292.0,2435.0,1888.0,1.2828175026680895,15.35,2204.777777777778
1005,2019,3,Gujarat,Patan,6.41,13.95,2175.0,2139.0,937.0,2292.0,1789.3333333333333,0.016830294530154388,9.54,2517.0666666666666
1006,2003,3,Gujarat,Porbandar,3.3,7.6,2303.0,2056.0,2316.0,1706.0,2026.0,0.12013618677042803,5.4,1547.4545454545455
1006,2004,3,Gujarat,Porbandar,3.3,5.8,1758.0,2303.0,2056.0,2316.0,2225.0,-0.23664785062961358,3.3,1259.3181818181818
1006,2005,3,Gujarat,Porbandar,1.1,2.0,1818.0,1758.0,2303.0,2056.0,2039.0,0.03412969283276457,3.3,1396.1363636363637
1006,2006,3,Gujarat,Porbandar,1.9,3.0,1579.0,1818.0,1758.0,2303.0,1959.6666666666667,-0.13146314631463152,1.1,1213.952380952381
1006,2007,3,Gujarat,Porbandar,1.7,3.9,2294.0,1579.0,1818.0,1758.0,1718.3333333333333,0.45281823939202037,1.9,1595.952380952381
1006,2008,3,Gujarat,Porbandar,0.6,1.3,2167.0,2294.0,1579.0,1818.0,1897.0,-0.05536181342632951,1.7,1624.4761904761904
1006,2009,3,Gujarat,Porbandar,0.3,0.4,1333.0,2167.0,2294.0,1579.0,2013.3333333333333,-0.38486386709736964,0.6,1447.090909090909
1006,2010,3,Gujarat,Porbandar,0.4,0.9,2250.0,1333.0,2167.0,2294.0,1931.3333333333333,0.6879219804951238,0.3,1734.9545454545455
1006,2011,3,Gujarat,Porbandar,0.5,0.9,1800.0,2250.0,1333.0,2167.0,1916.6666666666667,-0.19999999999999996,0.4,1943.95
1006,2012,3,Gujarat,Porbandar,0.3,0.5,1667.0,1800.0,2250.0,1333.0,1794.3333333333333,-0.07388888888888889,0.5,1657.095238095238
1006,2013,3,Gujarat,Porbandar,0.31,0.77,2484.0,1667.0,1800.0,2250.0,1905.6666666666667,0.4901019796040791,0.3,2143.2727272727275
1006,2014,3,Gujarat,Porbandar,0.1,0.18,1800.0,2484.0,1667.0,1800.0,1983.6666666666667,-0.2753623188405797,0.31,2152.9666666666667
1006,2015,3,Gujarat,Porbandar,0.09,0.17,1889.0,1800.0,2484.0,1667.0,1983.6666666666667,0.0494444444444444,0.1,2088.689655172414
1006,2016,3,Gujarat,Porbandar,0.1,0.19,1989.0,1889.0,1800.0,2484.0,2057.6666666666665,0.05293806246691379,0.09,2088.7586206896553
1006,2017,3,Gujarat,Porbandar,0.09,0.26,2920.0,1989.0,1889.0,1800.0,1892.6666666666667,0.46807440925087973,0.1,2351.5172413793102
1006,2018,3,Gujarat,Porbandar,0.02,0.06,2900.0,2920.0,1989.0,1889.0,2266.0,-0.006849315068493178,0.09,2204.777777777778
1006,2019,3,Gujarat,Porbandar,0.24,0.69,2871.0,2900.0,2920.0,1989.0,2603.0,-0.010000000000000009,0.02,2517.0666666666666
1007,2000,4,Haryana,Fatehabad,10.3,14.0,1359.0,1271.0,1462.0,1518.0,1417.0,0.06923682140047216,11.8,1177.8666666666666
1007,2001,4,Haryana,Fatehabad,10.1,15.0,1485.0,1359.0,1271.0,1462.0,1364.0,0.0927152317880795,10.3,1347.8666666666666
1007,2002,4,Haryana,Fatehabad,12.9,14.0,1085.0,1485.0,1359.0,1271.0,1371.6666666666667,-0.26936026936026936,10.1,1085.235294117647
1007,2003,4,Haryana,Fatehabad,14.7,18.0,1224.0,1085.0,1485.0,1359.0,1309.6666666666667,0.1281105990783411,12.9,1915.235294117647
1007,2004,4,Haryana,Fatehabad,11.91,23.0,1931.0,1224.0,1085.0,1485.0,1264.6666666666667,0.5776143790849673,14.7,1851.0
1007,2005,4,Haryana,Fatehabad,14.6,28.0,1918.0,1931.0,1224.0,1085.0,1413.3333333333333,-0.006732263076126399,11.91,1555.1666666666667
1007,2006,4,Haryana,Fatehabad,11.7,26.0,2222.0,1918.0,1931.0,1224.0,1691.0,0.15849843587069867,14.6,2087.3333333333335
1007,2007,4,Haryana,Fatehabad,11.3,30.0,2655.0,2222.0,1918.0,1931.0,2023.6666666666667,0.19486948694869488,11.7,2267.8888888888887
1007,2008,4,Haryana,Fatehabad,10.3,27.0,2621.0,2655.0,2222.0,1918.0,2265.0,-0.012806026365348444,11.3,2155.5263157894738
1007,2009,4,Haryana,Fatehabad,7.8,21.0,2692.0,2621.0,2655.0,2222.0,2499.3333333333335,0.027088897367417042,10.3,1876.388888888889
1007,2010,4,Haryana,Fatehabad,7.9,19.0,2405.0,2692.0,2621.0,2655.0,2656.0,-0.10661218424962848,7.8,1996.1666666666667
1007,2011,4,Haryana,Fatehabad,4.9,11.0,2245.0,2405.0,2692.0,2621.0,2572.6666666666665,-0.06652806652806653,7.9,2137.5
1007,2012,4,Haryana,Fatehabad,3.31,7.0,2115.0,2245.0,2405.0,2692.0,2447.3333333333335,-0.057906458797327365,4.9,2085.5555555555557
1007,2013,4,Haryana,Fatehabad,2.0,4.0,2000.0,2115.0,2245.0,2405.0,2255.0,-0.05437352245862881,3.31,2006.7058823529412
1007,2014,4,Haryana,Fatehabad,2.0,4.0,2000.0,2000.0,2115.0,2245.0,2120.0,0.0,2.0,1869.235294117647
1007,2015,4,Haryana,Fatehabad,1.5,3.0,2000.0,2000.0,2000.0,2115.0,2038.3333333333333,0.0,2.0,1843.8235294117646
1007,2016,4,Haryana,Fatehabad,3.5,9.0,2571.0,2000.0,2000.0,2000.0,2000.0,0.2855000000000001,1.5,2084.4
1007,2017,4,Haryana,Fatehabad,2.4,6.0,2500.0,2571.0,2000.0,2000.0,2190.3333333333335,-0.027615713730066105,3.5,1821.235294117647
1007,2018,4,Haryana,Fatehabad,2.0,5.0,2500.0,2500.0,2571.0,2000.0,2357.0,0.0,2.4,2226.7
1007,2019,4,Haryana,Fatehabad,2.2,5.2,2364.0,2500.0,2500.0,2571.0,2523.6666666666665,-0.054400000000000004,2.0,2225.5714285714284
1008,2000,4,Haryana,Jhajjar,28.4,31.0,1092.0,538.0,1028.0,1122.0,896.0,1.029739776951673,26.0,1177.8666666666666
1008,2001,4,Haryana,Jhajjar,26.1,32.0,1226.0,1092.0,538.0,1028.0,886.0,0.12271062271062272,28.4,1347.8666666666666
1008,2002,4,Haryana,Jhajjar,27.2,32.0,1176.0,1226.0,1092.0,538.0,952.0,-0.04078303425774876,26.1,1085.235294117647
1008,2003,4,Haryana,Jhajjar,26.8,39.0,1455.0,1176.0,1226.0,1092.0,1164.6666666666667,0.2372448979591837,27.2,1915.235294117647
1008,2004,4,Haryana,Jhajjar,25.43,36.0,1416.0,1455.0,1176.0,1226.0,1285.6666666666667,-0.026804123711340222,26.8,1851.0
1008,2005,4,Haryana,Jhajjar,26.8,34.0,1269.0,1416.0,1455.0,1176.0,1349.0,-0.10381355932203384,25.43,1555.1666666666667
1008,2006,4,Haryana,Jhajjar,30.0,39.0,1300.0,1269.0,1416.0,1455.0,1380.0,0.024428684003152012,26.8,2087.3333333333335
1008,2007,4,Haryana,Jhajjar,31.0,55.0,1774.0,1300.0,1269.0,1416.0,1328.3333333333333,0.36461538461538456,30.0,2267.8888888888887
1008,2008,4,Haryana,Jhajjar,27.3,44.0,1612.0,1774.0,1300.0,1269.0,1447.6666666666667,-0.09131905298759868,31.0,2155.5263157894738
1008,2009,4,Haryana,Jhajjar,31.0,61.0,1968.0,1612.0,1774.0,1300.0,1562.0,0.22084367245657566,27.3,1876.388888888889
1008,2010,4,Haryana,Jhajjar,45.6,78.0,1711.0,1968.0,1612.0,1774.0,1784.6666666666667,-0.13058943089430897,31.0,1996.1666666666667
1008,2011,4,Haryana,Jhajjar,37.8,73.0,1931.0,1711.0,1968.0,1612.0,1763.6666666666667,0.1285797779076563,45.6,2137.5
1008,2012,4,Haryana,Jhajjar,28.78,56.0,1946.0,1931.0,1711.0,1968.0,1870.0,0.007767995857068888,37.8,2085.5555555555557
1008,2013,4,Haryana,Jhajjar,30.0,57.0,1900.0,1946.0,1931.0,1711.0,1862.6666666666667,-0.023638232271325776,28.78,2006.7058823529412
1008,2014,4,Haryana,Jhajjar,32.0,56.0,1750.0,1900.0,1946.0,1931.0,1925.6666666666667,-0.07894736842105265,30.0,1869.235294117647
1008,2015,4,Haryana,Jhajjar,35.4,81.0,2288.0,1750.0,1900.0,1946.0,1865.3333333333333,0.3074285714285714,32.0,1843.8235294117646
1008,2016,4,Haryana,Jhajjar,24.2,88.0,3636.0,2288.0,1750.0,1900.0,1979.3333333333333,0.5891608391608392,35.4,2084.4
1008,2017,4,Haryana,Jhajjar,43.1,67.0,1555.0,3636.0,2288.0,1750.0,2558.0,-0.5723322332233223,24.2,1821.235294117647
1008,2018,4,Haryana,Jhajjar,38.0,92.0,2421.0,1555.0,3636.0,2288.0,2493.0,0.5569131832797427,43.1,2226.7
1008,2019,4,Haryana,Jhajjar,38.1,90.5,2375.0,2421.0,1555.0,3636.0,2537.3333333333335,-0.0190004130524577,38.0,2225.5714285714284
1009,1999,4,Haryana,Panchkula,0.4,1.0,2500.0,1000.0,1667.0,1250.0,1305.6666666666667,1.5,1.0,1117.9375
1009,2002,4,Haryana,Panchkula,0.8,1.0,1250.0,2500.0,1000.0,1667.0,1722.3333333333333,-0.5,0.4,1085.235294117647
1009,2003,4,Haryana,Panchkula,0.5,2.0,4000.0,1250.0,2500.0,1000.0,1583.3333333333333,2.2,0.8,1915.235294117647
1009,2004,4,Haryana,Panchkula,0.48,2.0,4167.0,4000.0,1250.0,2500.0,2583.3333333333335,0.041749999999999954,0.5,1851.0
1009,2005,4,Haryana,Panchkula,0.7,1.0,1429.0,4167.0,4000.0,1250.0,3139.0,-0.6570674346052316,0.48,1555.1666666666667
1009,2006,4,Haryana,Panchkula,0.5,2.0,4000.0,1429.0,4167.0,4000.0,3198.6666666666665,1.7991602519244227,0.7,2087.3333333333335
1009,2007,4,Haryana,Panchkula,0.5,2.0,4000.0,4000.0,1429.0,4167.0,3198.6666666666665,0.0,0.5,2267.8888888888887
1009,2008,4,Haryana,Panchkula,0.7,2.0,2857.0,4000.0,4000.0,1429.0,3143.0,-0.28574999999999995,0.5,2155.5263157894738
1009,2009,4,Haryana,Panchkula,0.7,2.0,2857.0,2857.0,4000.0,4000.0,3619.0,0.0,0.7,1876.388888888889
1009,2010,4,Haryana,Panchkula,1.3,2.0,1538.0,2857.0,2857.0,4000.0,3238.0,-0.4616730836541827,0.7,1996.1666666666667
1009,2011,4,Haryana,Panchkula,1.1,2.0,1818.0,1538.0,2857.0,2857.0,2417.3333333333335,0.1820546163849155,1.3,2137.5
1009,2012,4,Haryana,Panchkula,0.99,2.0,2020.0,1818.0,1538.0,2857.0,2071.0,0.11111111111111116,1.1,2085.5555555555557
1009,2013,4,Haryana,Panchkula,1.0,2.0,2000.0,2020.0,1818.0,1538.0,1792.0,-0.00990099009900991,0.99,2006.7058823529412
1009,2015,4,Haryana,Panchkula,1.0,2.0,2000.0,2000.0,2020.0,1818.0,1946.0,0.0,1.0,1843.8235294117646
1009,2017,4,Haryana,Panchkula,0.9,2.0,2222.0,2000.0,2000.0,2020.0,2006.6666666666667,0.11099999999999999,1.0,1821.235294117647
1009,2018,4,Haryana,Panchkula,1.0,3.0,3000.0,2222.0,2000.0,2000.0,2074.0,0.3501350135013501,0.9,2226.7
1009,2019,4,Haryana,Panchkula,1.2,3.0,2500.0,3000.0,2222.0,2000.0,2407.3333333333335,-0.16666666666666663,1.0,2225.5714285714284
1010,2001,5,Karnataka,Bagalkote,15.17,11.52,759.0,995.0,728.0,1072.0,931.6666666666666,-0.23718592964824126,41.2,511.5
1010,2002,5,Karnataka,Bagalkote,24.01,7.17,299.0,759.0,995.0,728.0,827.3333333333334,-0.6060606060606061,15.17,432.3125
1010,2003,5,Karnataka,Bagalkote,15.45,8.15,528.0,299.0,759.0,995.0,684.3333333333334,0.765886287625418,24.01,547.0666666666667
1010,2004,5,Karnataka,Bagalkote,50.95,32.97,647.0,528.0,299.0,759.0,528.6666666666666,0.22537878787878785,15.45,593.7333333333333
1010,2005,5,Karnataka,Bagalkote,44.35,54.67,1233.0,647.0,528.0,299.0,491.3333333333333,0.9057187017001544,50.95,812.8125
1010,2006,5,Karnataka,Bagalkote,39.19,13.23,338.0,1233.0,647.0,528.0,802.6666666666666,-0.7258718572587186,44.35,492.8
1010,2007,5,Karnataka,Bagalkote,51.04,58.79,1152.0,338.0,1233.0,647.0,739.3333333333334,2.408284023668639,39.19,896.9333333333333
1010,2008,5,Karnataka,Bagalkote,22.01,24.29,1104.0,1152.0,338.0,1233.0,907.6666666666666,-0.04166666666666663,51.04,644.4285714285714
1010,2009,5,Karnataka,Bagalkote,43.61,17.32,397.0,1104.0,1152.0,338.0,864.6666666666666,-0.6403985507246377,22.01,475.3076923076923
1010,2010,5,Karnataka,Bagalkote,34.05,52.59,1544.0,397.0,1104.0,1152.0,884.3333333333334,2.889168765743073,43.61,1009.0
1010,2011,5,Karnataka,Bagalkote,33.22,42.89,1291.0,1544.0,397.0,1104.0,1015.0,-0.16386010362694303,34.05,867.625
1010,2012,5,Karnataka,Bagalkote,19.09,18.23,955.0,1291.0,1544.0,397.0,1077.3333333333333,-0.2602633617350891,33.22,988.1
1010,2013,5,Karnataka,Bagalkote,26.52,24.21,913.0,955.0,1291.0,1544.0,1263.3333333333333,-0.043979057591623016,19.09,1081.0555555555557
1010,2014,5,Karnataka,Bagalkote,22.02,24.29,1103.0,913.0,955.0,1291.0,1053.0,0.208105147864184,26.52,981.625
1010,2015,5,Karnataka,Bagalkote,15.9,8.67,545.0,1103.0,913.0,955.0,990.3333333333334,-0.5058930190389845,22.02,714.4705882352941
1010,2016,5,Karnataka,Bagalkote,29.34,32.81,1118.0,545.0,1103.0,913.0,853.6666666666666,1.0513761467889906,15.9,919.8888888888889
1010,2017,5,Karnataka,Bagalkote,21.83,34.15,1565.0,1118.0,545.0,1103.0,922.0,0.3998211091234347,29.34,1521.235294117647
1010,2018,5,Karnataka,Bagalkote,18.21,27.89,1531.0,1565.0,1118.0,545.0,1076.0,-0.021725239616613434,21.83,968.64
1010,2019,5,Karnataka,Bagalkote,41.95,69.33,1653.0,1531.0,1565.0,1118.0,1404.6666666666667,0.07968647942521234,18.21,1106.3633333333335
1011,2001,5,Karnataka,Chamaraja Nagar,0.32,0.16,500.0,1429.0,606.0,696.0,910.3333333333334,-0.6501049685094471,0.7,511.5
1011,2002,5,Karnataka,Chamaraja Nagar,0.57,0.38,667.0,500.0,1429.0,606.0,845.0,0.3340000000000001,0.32,432.3125
1011,2003,5,Karnataka,Chamaraja Nagar,0.24,0.16,667.0,667.0,500.0,1429.0,865.3333333333334,0.0,0.57,547.0666666666667
1011,2004,5,Karnataka,Chamaraja Nagar,0.62,0.5,806.0,667.0,667.0,500.0,611.3333333333334,0.20839580209895048,0.24,593.7333333333333
1011,2005,5,Karnataka,Chamaraja Nagar,0.92,0.9,978.0,806.0,667.0,667.0,713.3333333333334,0.21339950372208438,0.62,812.8125
1011,2006,5,Karnataka,Chamaraja Nagar,0.39,0.24,615.0,978.0,806.0,667.0,817.0,-0.3711656441717791,0.92,492.8
1011,2007,5,Karnataka,Chamaraja Nagar,0.78,0.97,1244.0,615.0,978.0,806.0,799.6666666666666,1.0227642276422766,0.39,896.9333333333333
1011,2008,5,Karnataka,Chamaraja Nagar,0.48,0.34,708.0,1244.0,615.0,978.0,945.6666666666666,-0.43086816720257237,0.78,644.4285714285714
1011,2009,5,Karnataka,Chamaraja Nagar,0.54,0.3,556.0,708.0,1244.0,615.0,855.6666666666666,-0.21468926553672318,0.48,475.3076923076923
1011,2010,5,Karnataka,Chamaraja Nagar,0.31,0.34,1097.0,556.0,708.0,1244.0,836.0,0.9730215827338129,0.54,1009.0
1011,2011,5,Karnataka,Chamaraja Nagar,0.26,0.22,846.0,1097.0,556.0,708.0,787.0,-0.22880583409298083,0.31,867.625
1011,2012,5,Karnataka,Chamaraja Nagar,0.64,1.26,1969.0,846.0,1097.0,556.0,833.0,1.3274231678486998,0.26,988.1
1011,2013,5,Karnataka,Chamaraja Nagar,0.92,1.41,1533.0,1969.0,846.0,1097.0,1304.0,-0.22143219908583034,0.64,1081.0555555555557
1011,2014,5,Karnataka,Chamaraja Nagar,0.37,0.46,1243.0,1533.0,1969.0,846.0,1449.3333333333333,-0.18917155903457272,0.92,981.625
1011,2015,5,Karnataka,Chamaraja Nagar,0.52,0.66,1269.0,1243.0,1533.0,1969.0,1581.6666666666667,0.02091713596138378,0.37,714.4705882352941
1011,2016,5,Karnataka,Chamaraja Nagar,0.05,0.04,679.0,1269.0,1243.0,1533.0,1348.3333333333333,-0.4649330181245075,0.52,919.8888888888889
1011,2017,5,Karnataka,Chamaraja Nagar,1.7,2.99,1752.0,679.0,1269.0,1243.0,1063.6666666666667,1.5802650957290134,0.05,1521.235294117647
1011,2018,5,Karnataka,Chamaraja Nagar,0.5,1.03,2040.0,1752.0,679.0,1269.0,1233.3333333333333,0.1643835616438356,1.7,968.64
1011,2019,5,Karnataka,Chamaraja Nagar,0.89,2.04,2302.0,2040.0,1752.0,679.0,1490.3333333333333,0.1284313725490196,0.5,1106.3633333333335
1012,2001,5,Karnataka,Davanagere,0.52,0.22,423.0,1667.0,467.0,571.0,901.6666666666666,-0.7462507498500299,0.6,511.5
1012,2002,5,Karnataka,Davanagere,0.41,0.14,341.0,423.0,1667.0,467.0,852.3333333333334,-0.19385342789598103,0.52,432.3125
1012,2003,5,Karnataka,Davanagere,0.91,0.54,593.0,341.0,423.0,1667.0,810.3333333333334,0.7390029325513197,0.41,547.0666666666667
1012,2004,5,Karnataka,Davanagere,0.6,0.33,550.0,593.0,341.0,423.0,452.3333333333333,-0.07251264755480602,0.91,593.7333333333333
1012,2005,5,Karnataka,Davanagere,0.72,0.44,611.0,550.0,593.0,341.0,494.6666666666667,0.11090909090909085,0.6,812.8125
1012,2006,5,Karnataka,Davanagere,0.49,0.37,755.0,611.0,550.0,593.0,584.6666666666666,0.23567921440261874,0.72,492.8
1012,2007,5,Karnataka,Davanagere,0.72,0.72,1000.0,755.0,611.0,550.0,638.6666666666666,0.32450331125827825,0.49,896.9333333333333
1012,2008,5,Karnataka,Davanagere,0.93,0.58,624.0,1000.0,755.0,611.0,788.6666666666666,-0.376,0.72,644.4285714285714
1012,2009,5,Karnataka,Davanagere,0.97,0.65,670.0,624.0,1000.0,755.0,793.0,0.07371794871794868,0.93,475.3076923076923
1012,2010,5,Karnataka,Davanagere,1.41,2.14,1518.0,670.0,624.0,1000.0,764.6666666666666,1.265671641791045,0.97,1009.0
1012,2011,5,Karnataka,Davanagere,0.89,0.75,843.0,1518.0,670.0,624.0,937.3333333333334,-0.44466403162055335,1.41,867.625
1012,2012,5,Karnataka,Davanagere,0.88,0.64,727.0,843.0,1518.0,670.0,1010.3333333333334,-0.1376037959667853,0.89,988.1
1012,2013,5,Karnataka,Davanagere,0.65,0.66,1015.0,727.0,843.0,1518.0,1029.3333333333333,0.3961485557083906,0.88,1081.0555555555557
1012,2014,5,Karnataka,Davanagere,0.62,0.62,1000.0,1015.0,727.0,843.0,861.6666666666666,-0.014778325123152691,0.65,981.625
1012,2015,5,Karnataka,Davanagere,0.72,0.61,847.0,1000.0,1015.0,727.0,914.0,-0.15300000000000002,0.62,714.4705882352941
1012,2016,5,Karnataka,Davanagere,0.56,0.38,668.0,847.0,1000.0,1015.0,954.0,-0.21133412042502953,0.72,919.8888888888889
1012,2017,5,Karnataka,Davanagere,1.56,2.33,1490.0,668.0,847.0,1000.0,838.3333333333334,1.2305389221556888,0.56,1521.235294117647
1012,2018,5,Karnataka,Davanagere,0.47,0.28,587.0,1490.0,668.0,847.0,1001.6666666666666,-0.6060402684563758,1.56,968.64
1012,2019,5,Karnataka,Davanagere,0.75,0.57,751.0,587.0,1490.0,668.0,915.0,0.27938671209540034,0.47,1106.3633333333335
1013,2001,5,Karnataka,Gadag,2.03,1.08,532.0,526.0,376.0,504.0,468.6666666666667,0.011406844106463865,1.9,511.5
1013,2002,5,Karnataka,Gadag,1.4,0.81,579.0,532.0,526.0,376.0,478.0,0.08834586466165417,2.03,432.3125
1013,2003,5,Karnataka,Gadag,1.5,0.69,460.0,579.0,532.0,526.0,545.6666666666666,-0.20552677029360966,1.4,547.0666666666667
1013,2004,5,Karnataka,Gadag,2.02,1.19,589.0,460.0,579.0,532.0,523.6666666666666,0.2804347826086957,1.5,593.7333333333333
1013,2005,5,Karnataka,Gadag,2.48,2.2,887.0,589.0,460.0,579.0,542.6666666666666,0.5059422750424447,2.02,812.8125
1013,2006,5,Karnataka,Gadag,2.0,0.89,445.0,887.0,589.0,460.0,645.3333333333334,-0.49830890642615555,2.48,492.8
1013,2007,5,Karnataka,Gadag,1.95,3.2,1641.0,445.0,887.0,589.0,640.3333333333334,2.6876404494382022,2.0,896.9333333333333
1013,2008,5,Karnataka,Gadag,1.62,0.93,574.0,1641.0,445.0,887.0,991.0,-0.6502132845825717,1.95,644.4285714285714
1013,2009,5,Karnataka,Gadag,1.8,0.91,506.0,574.0,1641.0,445.0,886.6666666666666,-0.11846689895470386,1.62,475.3076923076923
1013,2010,5,Karnataka,Gadag,2.8,2.4,857.0,506.0,574.0,1641.0,907.0,0.6936758893280632,1.8,1009.0
1013,2011,5,Karnataka,Gadag,2.16,1.65,764.0,857.0,506.0,574.0,645.6666666666666,-0.10851808634772464,2.8,867.625
1013,2012,5,Karnataka,Gadag,2.96,2.31,780.0,764.0,857.0,506.0,709.0,0.020942408376963373,2.16,988.1
1013,2013,5,Karnataka,Gadag,2.77,2.17,783.0,780.0,764.0,857.0,800.3333333333334,0.0038461538461538325,2.96,1081.0555555555557
1013,2014,5,Karnataka,Gadag,2.42,1.42,587.0,783.0,780.0,764.0,775.6666666666666,-0.25031928480204346,2.77,981.625
1013,2015,5,Karnataka,Gadag,1.09,0.41,376.0,587.0,783.0,780.0,716.6666666666666,-0.35945485519591136,2.42,714.4705882352941
1013,2016,5,Karnataka,Gadag,1.28,0.86,676.0,376.0,587.0,783.0,582.0,0.7978723404255319,1.09,919.8888888888889
1013,2017,5,Karnataka,Gadag,2.17,2.88,1327.0,676.0,376.0,587.0,546.3333333333334,0.9630177514792899,1.28,1521.235294117647
1013,2018,5,Karnataka,Gadag,3.62,1.66,458.0,1327.0,676.0,376.0,793.0,-0.6548605877920121,2.17,968.64
1013,2019,5,Karnataka,Gadag,3.04,2.1,690.0,458.0,1327.0,676.0,820.3333333333334,0.5065502183406114,3.62,1106.3633333333335
1014,2002,5,Karnataka,Haveri,0.43,0.16,372.0,500.0,538.0,663.0,567.0,-0.256,0.34,432.3125
1014,2003,5,Karnataka,Haveri,0.04,0.03,750.0,372.0,500.0,538.0,470.0,1.0161290322580645,0.43,547.0666666666667
1014,2004,5,Karnataka,Haveri,0.18,0.1,556.0,750.0,372.0,500.0,540.6666666666666,-0.2586666666666667,0.04,593.7333333333333
1014,2005,5,Karnataka,Haveri,0.07,0.06,857.0,556.0,750.0,372.0,559.3333333333334,0.5413669064748201,0.18,812.8125
1014,2006,5,Karnataka,Haveri,0.07,0.03,429.0,857.0,556.0,750.0,721.0,-0.4994165694282381,0.07,492.8
1014,2007,5,Karnataka,Haveri,0.05,0.03,600.0,429.0,857.0,556.0,614.0,0.39860139860139854,0.07,896.9333333333333
1014,2008,5,Karnataka,Haveri,0.02,0.01,500.0,600.0,429.0,857.0,628.6666666666666,-0.16666666666666663,0.05,644.4285714285714
1014,2011,5,Karnataka,Haveri,0.01,0.01,1000.0,500.0,600.0,429.0,509.6666666666667,1.0,0.02,867.625
1014,2012,5,Karnataka,Haveri,0.06,0.06,1000.0,1000.0,500.0,600.0,700.0,0.0,0.01,988.1
1014,2016,5,Karnataka,Haveri,0.01,0.01,1000.0,1000.0,1000.0,500.0,833.3333333333334,0.0,0.06,919.8888888888889
1014,2018,5,Karnataka,Haveri,0.01,0.01,833.0,1000.0,1000.0,1000.0,1000.0,-0.16700000000000004,0.01,968.64
1014,2019,5,Karnataka,Haveri,0.07,0.07,1075.0,833.0,1000.0,1000.0,944.3333333333334,0.290516206482593,0.01,1106.3633333333335
1015,2001,5,Karnataka,Koppal,38.28,15.61,408.0,593.0,557.0,498.0,549.3333333333334,-0.311973018549747,59.0,511.5
1015,2002,5,Karnataka,Koppal,50.67,6.02,119.0,408.0,593.0,557.0,519.3333333333334,-0.7083333333333333,38.28,432.3125
1015,2003,5,Karnataka,Koppal,76.3,48.59,637.0,119.0,408.0,593.0,373.3333333333333,4.352941176470588,50.67,547.0666666666667
1015,2004,5,Karnataka,Koppal,73.31,33.52,457.0,637.0,119.0,408.0,388.0,-0.28257456828885397,76.3,593.7333333333333
1015,2005,5,Karnataka,Koppal,94.69,101.39,1071.0,457.0,637.0,119.0,404.3333333333333,1.3435448577680527,73.31,812.8125
1015,2006,5,Karnataka,Koppal,69.1,16.61,240.0,1071.0,457.0,637.0,721.6666666666666,-0.7759103641456583,94.69,492.8
1015,2007,5,Karnataka,Koppal,72.36,61.35,848.0,240.0,1071.0,457.0,589.3333333333334,2.533333333333333,69.1,896.9333333333333
1015,2008,5,Karnataka,Koppal,64.7,35.84,554.0,848.0,240.0,1071.0,719.6666666666666,-0.3466981132075472,72.36,644.4285714285714
1015,2009,5,Karnataka,Koppal,56.21,18.51,329.0,554.0,848.0,240.0,547.3333333333334,-0.40613718411552346,64.7,475.3076923076923
1015,2010,5,Karnataka,Koppal,66.9,93.36,1396.0,329.0,554.0,848.0,577.0,3.2431610942249236,56.21,1009.0
1015,2011,5,Karnataka,Koppal,65.87,87.11,1322.0,1396.0,329.0,554.0,759.6666666666666,-0.05300859598853869,66.9,867.625
1015,2012,5,Karnataka,Koppal,71.35,97.2,1362.0,1322.0,1396.0,329.0,1015.6666666666666,0.030257186081694476,65.87,988.1
1015,2013,5,Karnataka,Koppal,59.56,99.36,1668.0,1362.0,1322.0,1396.0,1360.0,0.22466960352422904,71.35,1081.0555555555557
1015,2014,5,Karnataka,Koppal,51.34,88.91,1732.0,1668.0,1362.0,1322.0,1450.6666666666667,0.0383693045563549,59.56,981.625
1015,2015,5,Karnataka,Koppal,44.19,31.57,714.0,1732.0,1668.0,1362.0,1587.3333333333333,-0.5877598152424942,51.34,714.4705882352941
1015,2016,5,Karnataka,Koppal,56.14,37.6,670.0,714.0,1732.0,1668.0,1371.3333333333333,-0.06162464985994398,44.19,919.8888888888889
1015,2017,5,Karnataka,Koppal,79.21,144.47,1824.0,670.0,714.0,1732.0,1038.6666666666667,1.7223880597014927,56.14,1521.235294117647
1015,2018,5,Karnataka,Koppal,67.05,45.1,673.0,1824.0,670.0,714.0,1069.3333333333333,-0.6310307017543859,79.21,968.64
1015,2019,5,Karnataka,Koppal,106.68,90.79,851.0,673.0,1824.0,670.0,1055.6666666666667,0.2644873699851411,67.05,1106.3633333333335
1018,2003,9,Punjab,Shri Mukatsar Sahib,0.1,0.1,1000.0,800.0,1000.0,667.0,822.3333333333334,0.25,0.5,989.625
1018,2004,9,Punjab,Shri Mukatsar Sahib,1.0,1.0,1000.0,1000.0,800.0,1000.0,933.3333333333334,0.0,0.1,1000.0
1018,2013,9,Punjab,Shri Mukatsar Sahib,0.1,0.1,1000.0,1000.0,1000.0,800.0,933.3333333333334,0.0,1.0,1000.0
1019,2002,9,Punjab,Moga,0.2,0.2,1000.0,1000.0,900.0,1000.0,966.6666666666666,0.0,0.8,877.8888888888889
1019,2003,9,Punjab,Moga,0.2,0.2,1000.0,1000.0,1000.0,900.0,966.6666666666666,0.0,0.2,989.625
1019,2019,9,Punjab,Moga,0.2,0.1,500.0,1000.0,1000.0,1000.0,1000.0,-0.5,0.2,583.5
1020,2001,10,Rajasthan,Karoli,111.14,114.62,1031.0,1195.0,1428.0,1330.0,1317.6666666666667,-0.13723849372384933,110.81,849.96875
1020,2002,10,Rajasthan,Karoli,111.29,42.54,382.0,1031.0,1195.0,1428.0,1218.0,-0.6294859359844811,111.14,301.6333333333333
1020,2003,10,Rajasthan,Karoli,134.21,303.8,2264.0,382.0,1031.0,1195.0,869.3333333333334,4.9267015706806285,111.29,1253.84375
1020,2004,10,Rajasthan,Karoli,111.47,183.59,1647.0,2264.0,382.0,1031.0,1225.6666666666667,-0.2725265017667845,134.21,842.9677419354839
1020,2005,10,Rajasthan,Karoli,117.83,149.63,1270.0,1647.0,2264.0,382.0,1431.0,-0.2289010321797207,111.47,567.75
1020,2006,10,Rajasthan,Karoli,119.45,189.3,1585.0,1270.0,1647.0,2264.0,1727.0,0.24803149606299213,117.83,907.28125
1020,2007,10,Rajasthan,Karoli,126.17,221.99,1759.0,1585.0,1270.0,1647.0,1500.6666666666667,0.10977917981072549,119.45,1043.3548387096773
1020,2008,10,Rajasthan,Karoli,117.31,204.26,1741.0,1759.0,1585.0,1270.0,1538.0,-0.01023308698123937,126.17,1079.8181818181818
1020,2009,10,Rajasthan,Karoli,133.66,247.77,1854.0,1741.0,1759.0,1585.0,1695.0,0.06490522688110278,117.31,594.258064516129
1020,2010,10,Rajasthan,Karoli,133.5,253.93,1902.0,1854.0,1741.0,1759.0,1784.6666666666667,0.025889967637540368,133.66,1232.6060606060605
1020,2011,10,Rajasthan,Karoli,128.62,253.41,1970.0,1902.0,1854.0,1741.0,1832.3333333333333,0.035751840168243953,133.5,1307.6363636363637
1020,2012,10,Rajasthan,Karoli,123.0,227.96,1853.0,1970.0,1902.0,1854.0,1908.6666666666667,-0.059390862944162404,128.62,1154.1818181818182
1020,2013,10,Rajasthan,Karoli,121.91,247.89,2033.0,1853.0,1970.0,1902.0,1908.3333333333333,0.09713977334052881,123.0,1063.7878787878788
1020,2014,10,Rajasthan,Karoli,124.75,258.21,2070.0,2033.0,1853.0,1970.0,1952.0,0.018199704869650724,121.91,1185.75
1020,2015,10,Rajasthan,Karoli,124.76,226.38,1815.0,2070.0,2033.0,1853.0,1985.3333333333333,-0.12318840579710144,124.75,928.65625
1020,2016,10,Rajasthan,Karoli,127.4,247.18,1940.0,1815.0,2070.0,2033.0,1972.6666666666667,0.06887052341597788,124.76,1111.3939393939395
1020,2017,10,Rajasthan,Karoli,130.93,272.56,2082.0,1940.0,1815.0,2070.0,1941.6666666666667,0.07319587628865976,127.4,1012.3333333333334
1020,2018,10,Rajasthan,Karoli,129.7,250.02,1928.0,2082.0,1940.0,1815.0,1945.6666666666667,-0.07396733909702213,130.93,1085.6875
1020,2019,10,Rajasthan,Karoli,131.44,292.3,2224.0,1928.0,2082.0,1940.0,1983.3333333333333,0.15352697095435675,129.7,1246.3870967741937
1022,1999,11,Tamil Nadu,Karur,12.14,3.82,315.0,243.0,304.0,461.0,336.0,0.2962962962962963,13.06,1686.5416666666667
1022,2000,11,Tamil Nadu,Karur,10.59,2.97,280.0,315.0,243.0,304.0,287.3333333333333,-0.11111111111111116,12.14,1490.8333333333333
1022,2001,11,Tamil Nadu,Karur,7.28,3.06,420.0,280.0,315.0,243.0,279.3333333333333,0.5,10.59,1411.7083333333333
1022,2002,11,Tamil Nadu,Karur,6.23,1.55,249.0,420.0,280.0,315.0,338.3333333333333,-0.40714285714285714,7.28,1024.6818181818182
1022,2003,11,Tamil Nadu,Karur,5.26,1.56,297.0,249.0,420.0,280.0,316.3333333333333,0.19277108433734935,6.23,1060.8
1022,2004,11,Tamil Nadu,Karur,5.19,1.46,281.0,297.0,249.0,420.0,322.0,-0.05387205387205385,5.26,1259.4615384615386
1022,2005,11,Tamil Nadu,Karur,5.73,1.46,255.0,281.0,297.0,249.0,275.6666666666667,-0.09252669039145911,5.19,1316.625
1022,2006,11,Tamil Nadu,Karur,4.37,1.83,419.0,255.0,281.0,297.0,277.6666666666667,0.6431372549019607,5.73,1589.5652173913043
1022,2007,11,Tamil Nadu,Karur,2.32,0.65,280.0,419.0,255.0,281.0,318.3333333333333,-0.3317422434367542,4.37,1603.8695652173913
1022,2008,11,Tamil Nadu,Karur,2.97,1.36,458.0,280.0,419.0,255.0,318.0,0.6357142857142857,2.32,1738.4166666666667
1022,2009,11,Tamil Nadu,Karur,2.4,1.82,758.0,458.0,280.0,419.0,385.6666666666667,0.6550218340611353,2.97,1623.92
1022,2010,11,Tamil Nadu,Karur,1.55,0.72,465.0,758.0,458.0,280.0,498.6666666666667,-0.3865435356200527,2.4,1499.9583333333333
1022,2011,11,Tamil Nadu,Karur,1.56,2.67,1712.0,465.0,758.0,458.0,560.3333333333334,2.681720430107527,1.55,2250.72
1022,2012,11,Tamil Nadu,Karur,0.93,1.45,1559.0,1712.0,465.0,758.0,978.3333333333334,-0.08936915887850472,1.56,1478.6153846153845
1022,2013,11,Tamil Nadu,Karur,0.85,1.9,2235.0,1559.0,1712.0,465.0,1245.3333333333333,0.4336112892880051,0.93,2170.25
1022,2014,11,Tamil Nadu,Karur,0.52,0.86,1654.0,2235.0,1559.0,1712.0,1835.3333333333333,-0.25995525727069346,0.85,3069.8846153846152
1022,2015,11,Tamil Nadu,Karur,0.83,1.4,1687.0,1654.0,2235.0,1559.0,1816.0,0.019951632406287834,0.52,2671.75
1022,2016,11,Tamil Nadu,Karur,0.23,0.63,2691.0,1687.0,1654.0,2235.0,1858.6666666666667,0.5951393005334915,0.83,2170.375
1022,2017,11,Tamil Nadu,Karur,0.45,1.0,2216.0,2691.0,1687.0,1654.0,2010.6666666666667,-0.17651430694908954,0.23,2231.28
1022,2018,11,Tamil Nadu,Karur,0.34,0.82,2428.0,2216.0,2691.0,1687.0,2198.0,0.09566787003610111,0.45,2474.84
1022,2019,11,Tamil Nadu,Karur,0.52,1.42,2730.0,2428.0,2216.0,2691.0,2445.0,0.12438220757825369,0.34,2837.84
1023,1999,11,Tamil Nadu,Namakkal,0.63,1.22,1937.0,1424.0,1483.0,1137.0,1348.0,0.360252808988764,0.92,1686.5416666666667
1023,2000,11,Tamil Nadu,Namakkal,0.57,0.88,1544.0,1937.0,1424.0,1483.0,1614.6666666666667,-0.20289106866288076,0.63,1490.8333333333333
1023,2001,11,Tamil Nadu,Namakkal,0.35,0.49,1400.0,1544.0,1937.0,1424.0,1635.0,-0.09326424870466321,0.57,1411.7083333333333
1023,2002,11,Tamil Nadu,Namakkal,0.43,0.45,1047.0,1400.0,1544.0,1937.0,1627.0,-0.2521428571428571,0.35,1024.6818181818182
1023,2003,11,Tamil Nadu,Namakkal,1.02,1.11,1088.0,1047.0,1400.0,1544.0,1330.3333333333333,0.03915950334288443,0.43,1060.8
1023,2004,11,Tamil Nadu,Namakkal,0.35,0.41,1171.0,1088.0,1047.0,1400.0,1178.3333333333333,0.07628676470588225,1.02,1259.4615384615386
1023,2005,11,Tamil Nadu,Namakkal,0.39,0.54,1385.0,1171.0,1088.0,1047.0,1102.0,0.1827497865072587,0.35,1316.625
1023,2006,11,Tamil Nadu,Namakkal,0.54,0.87,1611.0,1385.0,1171.0,1088.0,1214.6666666666667,0.1631768953068593,0.39,1589.5652173913043
1023,2007,11,Tamil Nadu,Namakkal,0.21,0.36,1714.0,1611.0,1385.0,1171.0,1389.0,0.06393544382371208,0.54,1603.8695652173913
1023,2008,11,Tamil Nadu,Namakkal,0.12,0.24,2000.0,1714.0,1611.0,1385.0,1570.0,0.16686114352392067,0.21,1738.4166666666667
1023,2009,11,Tamil Nadu,Namakkal,0.27,0.44,1630.0,2000.0,1714.0,1611.0,1775.0,-0.18500000000000005,0.12,1623.92
1023,2010,11,Tamil Nadu,Namakkal,0.09,0.13,1444.0,1630.0,2000.0,1714.0,1781.3333333333333,-0.11411042944785277,0.27,1499.9583333333333
1023,2011,11,Tamil Nadu,Namakkal,0.05,0.12,2400.0,1444.0,1630.0,2000.0,1691.3333333333333,0.6620498614958448,0.09,2250.72
1023,2012,11,Tamil Nadu,Namakkal,0.18,0.27,1500.0,2400.0,1444.0,1630.0,1824.6666666666667,-0.375,0.05,1478.6153846153845
1023,2013,11,Tamil Nadu,Namakkal,0.39,0.85,2179.0,1500.0,2400.0,1444.0,1781.3333333333333,0.4526666666666668,0.18,2170.25
1023,2014,11,Tamil Nadu,Namakkal,0.28,0.85,3036.0,2179.0,1500.0,2400.0,2026.3333333333333,0.3932996787517209,0.39,3069.8846153846152
1023,2015,11,Tamil Nadu,Namakkal,0.06,0.15,2500.0,3036.0,2179.0,1500.0,2238.3333333333335,-0.17654808959156787,0.28,2671.75
1023,2016,11,Tamil Nadu,Namakkal,0.05,0.16,2907.0,2500.0,3036.0,2179.0,2571.6666666666665,0.16280000000000006,0.06,2170.375
1023,2017,11,Tamil Nadu,Namakkal,0.23,0.54,2357.0,2907.0,2500.0,3036.0,2814.3333333333335,-0.18919848641210868,0.05,2231.28
1023,2018,11,Tamil Nadu,Namakkal,0.17,0.47,2810.0,2357.0,2907.0,2500.0,2588.0,0.192193466270683,0.23,2474.84
1023,2019,11,Tamil Nadu,Namakkal,0.06,0.17,2758.0,2810.0,2357.0,2907.0,2691.3333333333335,-0.0185053380782918,0.17,2837.84
1024,1999,11,Tamil Nadu,Perambular,3.27,3.71,1135.0,1059.0,1044.0,477.0,860.0,0.07176581680830973,4.04,1686.5416666666667
1024,2000,11,Tamil Nadu,Perambular,2.83,4.08,1442.0,1135.0,1059.0,1044.0,1079.3333333333333,0.2704845814977974,3.27,1490.8333333333333
1024,2001,11,Tamil Nadu,Perambular,2.9,3.07,1059.0,1442.0,1135.0,1059.0,1212.0,-0.2656033287101248,2.83,1411.7083333333333
1024,2002,11,Tamil Nadu,Perambular,2.7,2.15,796.0,1059.0,1442.0,1135.0,1212.0,-0.24834749763928232,2.9,1024.6818181818182
1024,2003,11,Tamil Nadu,Perambular,2.23,2.44,1094.0,796.0,1059.0,1442.0,1099.0,0.3743718592964824,2.7,1060.8
1024,2004,11,Tamil Nadu,Perambular,1.82,2.75,1511.0,1094.0,796.0,1059.0,983.0,0.3811700182815356,2.23,1259.4615384615386
1024,2005,11,Tamil Nadu,Perambular,1.02,1.52,1490.0,1511.0,1094.0,796.0,1133.6666666666667,-0.013898080741231,1.82,1316.625
1024,2006,11,Tamil Nadu,Perambular,0.82,0.8,976.0,1490.0,1511.0,1094.0,1365.0,-0.34496644295302015,1.02,1589.5652173913043
1024,2007,11,Tamil Nadu,Perambular,0.64,0.91,1422.0,976.0,1490.0,1511.0,1325.6666666666667,0.4569672131147542,0.82,1603.8695652173913
1024,2008,11,Tamil Nadu,Perambular,0.06,0.1,1667.0,1422.0,976.0,1490.0,1296.0,0.1722925457102673,0.64,1738.4166666666667
1024,2009,11,Tamil Nadu,Perambular,0.21,0.53,2524.0,1667.0,1422.0,976.0,1355.0,0.5140971805638872,0.06,1623.92
1024,2010,11,Tamil Nadu,Perambular,0.29,0.38,1310.0,2524.0,1667.0,1422.0,1871.0,-0.4809825673534073,0.21,1499.9583333333333
1024,2011,11,Tamil Nadu,Perambular,0.15,0.38,2533.0,1310.0,2524.0,1667.0,1833.6666666666667,0.9335877862595421,0.29,2250.72
1024,2012,11,Tamil Nadu,Perambular,0.32,0.5,1563.0,2533.0,1310.0,2524.0,2122.3333333333335,-0.38294512435846817,0.15,1478.6153846153845
1024,2013,11,Tamil Nadu,Perambular,0.19,0.41,2158.0,1563.0,2533.0,1310.0,1802.0,0.38067818298144585,0.32,2170.25
1024,2014,11,Tamil Nadu,Perambular,0.1,0.31,3100.0,2158.0,1563.0,2533.0,2084.6666666666665,0.4365152919369786,0.19,3069.8846153846152
1024,2015,11,Tamil Nadu,Perambular,0.09,0.23,2556.0,3100.0,2158.0,1563.0,2273.6666666666665,-0.17548387096774198,0.1,2671.75
1024,2016,11,Tamil Nadu,Perambular,0.21,0.32,1529.0,2556.0,3100.0,2158.0,2604.6666666666665,-0.4017996870109546,0.09,2170.375
1024,2017,11,Tamil Nadu,Perambular,0.09,0.2,2247.0,1529.0,2556.0,3100.0,2395.0,0.46958796599084374,0.21,2231.28
1024,2018,11,Tamil Nadu,Perambular,0.16,0.44,2772.0,2247.0,1529.0,2556.0,2110.6666666666665,0.23364485981308403,0.09,2474.84
1024,2019,11,Tamil Nadu,Perambular,0.06,0.17,2705.0,2772.0,2247.0,1529.0,2182.6666666666665,-0.024170274170274175,0.16,2837.84
1025,1999,11,Tamil Nadu,Theni,4.46,7.27,1630.0,1524.0,1413.0,1411.0,1449.3333333333333,0.06955380577427817,2.9,1686.5416666666667
1025,2000,11,Tamil Nadu,Theni,3.17,4.06,1281.0,1630.0,1524.0,1413.0,1522.3333333333333,-0.21411042944785275,4.46,1490.8333333333333
1025,2001,11,Tamil Nadu,Theni,4.1,5.93,1446.0,1281.0,1630.0,1524.0,1478.3333333333333,0.12880562060889922,3.17,1411.7083333333333
1025,2002,11,Tamil Nadu,Theni,4.86,4.14,852.0,1446.0,1281.0,1630.0,1452.3333333333333,-0.4107883817427386,4.1,1024.6818181818182
1025,2003,11,Tamil Nadu,Theni,6.85,3.03,442.0,852.0,1446.0,1281.0,1193.0,-0.48122065727699526,4.86,1060.8
1025,2004,11,Tamil Nadu,Theni,5.34,8.01,1500.0,442.0,852.0,1446.0,913.3333333333334,2.3936651583710407,6.85,1259.4615384615386
1025,2005,11,Tamil Nadu,Theni,3.9,5.9,1513.0,1500.0,442.0,852.0,931.3333333333334,0.0086666666666666,5.34,1316.625
1025,2006,11,Tamil Nadu,Theni,3.13,6.64,2121.0,1513.0,1500.0,442.0,1151.6666666666667,0.4018506278916061,3.9,1589.5652173913043
1025,2007,11,Tamil Nadu,Theni,2.84,4.86,1711.0,2121.0,1513.0,1500.0,1711.3333333333333,-0.19330504479019328,3.13,1603.8695652173913
1025,2008,11,Tamil Nadu,Theni,2.66,4.57,1718.0,1711.0,2121.0,1513.0,1781.6666666666667,0.004091174751607252,2.84,1738.4166666666667
1025,2009,11,Tamil Nadu,Theni,3.42,8.74,2556.0,1718.0,1711.0,2121.0,1850.0,0.4877764842840513,2.66,1623.92
1025,2010,11,Tamil Nadu,Theni,3.2,10.36,3238.0,2556.0,1718.0,1711.0,1995.0,0.26682316118935834,3.42,1499.9583333333333
1025,2011,11,Tamil Nadu,Theni,3.34,7.49,2243.0,3238.0,2556.0,1718.0,2504.0,-0.3072884496602841,3.2,2250.72
1025,2012,11,Tamil Nadu,Theni,2.5,4.12,1648.0,2243.0,3238.0,2556.0,2679.0,-0.2652697280427998,3.34,1478.6153846153845
1025,2013,11,Tamil Nadu,Theni,1.14,2.82,2474.0,1648.0,2243.0,3238.0,2376.3333333333335,0.5012135922330097,2.5,2170.25
1025,2014,11,Tamil Nadu,Theni,1.48,5.0,3378.0,2474.0,1648.0,2243.0,2121.6666666666665,0.3654001616814875,1.14,3069.8846153846152
1025,2015,11,Tamil Nadu,Theni,1.65,5.35,3242.0,3378.0,2474.0,1648.0,2500.0,-0.04026050917702784,1.48,2671.75
1025,2016,11,Tamil Nadu,Theni,2.94,1.83,622.0,3242.0,3378.0,2474.0,3031.3333333333335,-0.8081431215299197,1.65,2170.375
1025,2017,11,Tamil Nadu,Theni,1.49,2.94,1980.0,622.0,3242.0,3378.0,2414.0,2.1832797427652735,2.94,2231.28
1025,2018,11,Tamil Nadu,Theni,2.36,8.64,3664.0,1980.0,622.0,3242.0,1948.0,0.8505050505050504,1.49,2474.84
1025,2019,11,Tamil Nadu,Theni,1.06,2.19,2076.0,3664.0,1980.0,622.0,2088.6666666666665,-0.4334061135371179,2.36,2837.84
1027,1999,11,Tamil Nadu,Thiruvallur,0.98,2.28,2327.0,1951.0,2000.0,1295.0,1748.6666666666667,0.1927216811891337,1.03,1686.5416666666667
1027,2000,11,Tamil Nadu,Thiruvallur,1.11,2.09,1883.0,2327.0,1951.0,2000.0,2092.6666666666665,-0.19080360979802324,0.98,1490.8333333333333
1027,2001,11,Tamil Nadu,Thiruvallur,1.32,2.32,1758.0,1883.0,2327.0,1951.0,2053.6666666666665,-0.06638343069569841,1.11,1411.7083333333333
1027,2002,11,Tamil Nadu,Thiruvallur,1.47,1.91,1299.0,1758.0,1883.0,2327.0,1989.3333333333333,-0.26109215017064846,1.32,1024.6818181818182
1027,2003,11,Tamil Nadu,Thiruvallur,1.61,1.8,1118.0,1299.0,1758.0,1883.0,1646.6666666666667,-0.13933795227097767,1.47,1060.8
1027,2004,11,Tamil Nadu,Thiruvallur,1.95,3.68,1887.0,1118.0,1299.0,1758.0,1391.6666666666667,0.6878354203935599,1.61,1259.4615384615386
1027,2005,11,Tamil Nadu,Thiruvallur,1.45,2.34,1614.0,1887.0,1118.0,1299.0,1434.6666666666667,-0.1446740858505564,1.95,1316.625
1027,2006,11,Tamil Nadu,Thiruvallur,1.15,3.4,2957.0,1614.0,1887.0,1118.0,1539.6666666666667,0.8320941759603471,1.45,1589.5652173913043
1027,2007,11,Tamil Nadu,Thiruvallur,0.92,2.43,2641.0,2957.0,1614.0,1887.0,2152.6666666666665,-0.10686506594521472,1.15,1603.8695652173913
1027,2008,11,Tamil Nadu,Thiruvallur,0.63,1.31,2079.0,2641.0,2957.0,1614.0,2404.0,-0.2127981825066263,0.92,1738.4166666666667
1027,2009,11,Tamil Nadu,Thiruvallur,0.3,0.57,1900.0,2079.0,2641.0,2957.0,2559.0,-0.08609908609908612,0.63,1623.92
1027,2010,11,Tamil Nadu,Thiruvallur,0.28,0.37,1321.0,1900.0,2079.0,2641.0,2206.6666666666665,-0.3047368421052632,0.3,1499.9583333333333
1027,2011,11,Tamil Nadu,Thiruvallur,0.22,0.29,1318.0,1321.0,1900.0,2079.0,1766.6666666666667,-0.002271006813020393,0.28,2250.72
1027,2012,11,Tamil Nadu,Thiruvallur,0.48,0.73,1521.0,1318.0,1321.0,1900.0,1513.0,0.15402124430955988,0.22,1478.6153846153845
1027,2013,11,Tamil Nadu,Thiruvallur,0.9,2.02,2244.0,1521.0,1318.0,1321.0,1386.6666666666667,0.47534516765285995,0.48,2170.25
1027,2014,11,Tamil Nadu,Thiruvallur,0.77,2.33,3026.0,2244.0,1521.0,1318.0,1694.3333333333333,0.3484848484848484,0.9,3069.8846153846152
1027,2015,11,Tamil Nadu,Thiruvallur,1.09,2.89,2651.0,3026.0,2244.0,1521.0,2263.6666666666665,-0.12392597488433577,0.77,2671.75
1027,2016,11,Tamil Nadu,Thiruvallur,0.93,2.56,2761.0,2651.0,3026.0,2244.0,2640.3333333333335,0.04149377593361003,1.09,2170.375
1027,2017,11,Tamil Nadu,Thiruvallur,0.71,1.67,2348.0,2761.0,2651.0,3026.0,2812.6666666666665,-0.1495834842448388,0.93,2231.28
1027,2018,11,Tamil Nadu,Thiruvallur,0.53,1.48,2819.0,2348.0,2761.0,2651.0,2586.6666666666665,0.20059625212947196,0.71,2474.84
1027,2019,11,Tamil Nadu,Thiruvallur,0.47,1.31,2772.0,2819.0,2348.0,2761.0,2642.6666666666665,-0.016672578928698112,0.53,2837.84
1028,1999,12,Uttar Pradesh,Ambedkar Nagar,0.03,0.05,1667.0,1333.0,1071.0,857.0,1087.0,0.2505626406601651,0.03,1361.2424242424242
1028,2000,12,Uttar Pradesh,Ambedkar Nagar,0.08,0.12,1500.0,1667.0,1333.0,1071.0,1357.0,-0.10017996400719853,0.03,1263.7462686567164
1028,2001,12,Uttar Pradesh,Ambedkar Nagar,0.48,0.6,1250.0,1500.0,1667.0,1333.0,1500.0,-0.16666666666666663,0.08,1174.7910447761194
1028,2002,12,Uttar Pradesh,Ambedkar Nagar,0.04,0.06,1500.0,1250.0,1500.0,1667.0,1472.3333333333333,0.19999999999999996,0.48,1196.323076923077
1028,2003,12,Uttar Pradesh,Ambedkar Nagar,0.07,0.1,1429.0,1500.0,1250.0,1500.0,1416.6666666666667,-0.04733333333333334,0.04,1157.3809523809523
1028,2004,12,Uttar Pradesh,Ambedkar Nagar,0.08,0.13,1625.0,1429.0,1500.0,1250.0,1393.0,0.1371588523442968,0.07,1357.09375
1028,2005,12,Uttar Pradesh,Ambedkar Nagar,0.14,0.21,1500.0,1625.0,1429.0,1500.0,1518.0,-0.07692307692307687,0.08,1305.0819672131147
1028,2006,12,Uttar Pradesh,Ambedkar Nagar,0.04,0.06,1500.0,1500.0,1625.0,1429.0,1518.0,0.0,0.14,1386.5333333333333
1028,2007,12,Uttar Pradesh,Ambedkar Nagar,0.03,0.05,1667.0,1500.0,1500.0,1625.0,1541.6666666666667,0.11133333333333328,0.04,1324.3125
1028,2008,12,Uttar Pradesh,Ambedkar Nagar,0.02,0.03,1500.0,1667.0,1500.0,1500.0,1555.6666666666667,-0.10017996400719853,0.03,1478.2131147540983
1028,2009,12,Uttar Pradesh,Ambedkar Nagar,0.02,0.03,1500.0,1500.0,1667.0,1500.0,1555.6666666666667,0.0,0.02,1416.9333333333334
1028,2010,12,Uttar Pradesh,Ambedkar Nagar,0.01,0.01,1000.0,1500.0,1500.0,1667.0,1555.6666666666667,-0.33333333333333337,0.02,1360.1186440677966
1028,2011,12,Uttar Pradesh,Ambedkar Nagar,0.01,0.02,2000.0,1000.0,1500.0,1500.0,1333.3333333333333,1.0,0.01,1526.8095238095239
1028,2012,12,Uttar Pradesh,Ambedkar Nagar,0.01,0.01,1000.0,2000.0,1000.0,1500.0,1500.0,-0.5,0.01,1586.5967741935483
1028,2013,12,Uttar Pradesh,Ambedkar Nagar,0.05,0.05,1000.0,1000.0,2000.0,1000.0,1333.3333333333333,0.0,0.01,1458.9322033898304
1028,2014,12,Uttar Pradesh,Ambedkar Nagar,0.01,0.02,2000.0,1000.0,1000.0,2000.0,1333.3333333333333,1.0,0.05,1524.3559322033898
1028,2015,12,Uttar Pradesh,Ambedkar Nagar,0.02,0.01,500.0,2000.0,1000.0,1000.0,1333.3333333333333,-0.75,0.01,1426.6896551724137
1028,2016,12,Uttar Pradesh,Ambedkar Nagar,0.01,0.01,875.0,500.0,2000.0,1000.0,1166.6666666666667,0.75,0.02,1464.7166666666667
1028,2017,12,Uttar Pradesh,Ambedkar Nagar,0.01,0.02,2000.0,875.0,500.0,2000.0,1125.0,1.2857142857142856,0.01,1620.1724137931035
1028,2018,12,Uttar Pradesh,Ambedkar Nagar,0.01,0.02,2111.0,2000.0,875.0,500.0,1125.0,0.055500000000000105,0.01,1712.9016393442623
1028,2019,12,Uttar Pradesh,Ambedkar Nagar,0.01,0.02,2111.0,2111.0,2000.0,875.0,1662.0,0.0,0.01,1894.1833333333334
1029,1998,12,Uttar Pradesh,Kushi Nagar Padrauna,0.23,0.36,1565.0,1677.0,1519.0,1808.0,1668.0,-0.06678592725104349,0.31,1130.3970588235295
1029,1999,12,Uttar Pradesh,Kushi Nagar Padrauna,0.2,0.36,1800.0,1565.0,1677.0,1519.0,1587.0,0.15015974440894575,0.23,1361.2424242424242
1029,2000,12,Uttar Pradesh,Kushi Nagar Padrauna,0.2,0.33,1650.0,1800.0,1565.0,1677.0,1680.6666666666667,-0.08333333333333337,0.2,1263.7462686567164
1029,2001,12,Uttar Pradesh,Kushi Nagar Padrauna,0.15,0.22,1467.0,1650.0,1800.0,1565.0,1671.6666666666667,-0.11090909090909096,0.2,1174.7910447761194
1029,2002,12,Uttar Pradesh,Kushi Nagar Padrauna,0.13,0.19,1462.0,1467.0,1650.0,1800.0,1639.0,-0.0034083162917518672,0.15,1196.323076923077
1029,2003,12,Uttar Pradesh,Kushi Nagar Padrauna,0.1,0.15,1500.0,1462.0,1467.0,1650.0,1526.3333333333333,0.025991792065663377,0.13,1157.3809523809523
1029,2004,12,Uttar Pradesh,Kushi Nagar Padrauna,0.1,0.16,1600.0,1500.0,1462.0,1467.0,1476.3333333333333,0.06666666666666665,0.1,1357.09375
1029,2005,12,Uttar Pradesh,Kushi Nagar Padrauna,0.08,0.13,1625.0,1600.0,1500.0,1462.0,1520.6666666666667,0.015625,0.1,1305.0819672131147
1029,2006,12,Uttar Pradesh,Kushi Nagar Padrauna,0.1,0.16,1600.0,1625.0,1600.0,1500.0,1575.0,-0.01538461538461533,0.08,1386.5333333333333
1029,2007,12,Uttar Pradesh,Kushi Nagar Padrauna,0.12,0.19,1583.0,1600.0,1625.0,1600.0,1608.3333333333333,-0.010624999999999996,0.1,1324.3125
1029,2008,12,Uttar Pradesh,Kushi Nagar Padrauna,0.07,0.12,1714.0,1583.0,1600.0,1625.0,1602.6666666666667,0.08275426405559072,0.12,1478.2131147540983
1029,2009,12,Uttar Pradesh,Kushi Nagar Padrauna,0.07,0.12,1714.0,1714.0,1583.0,1600.0,1632.3333333333333,0.0,0.07,1416.9333333333334
1029,2010,12,Uttar Pradesh,Kushi Nagar Padrauna,0.08,0.14,1750.0,1714.0,1714.0,1583.0,1670.3333333333333,0.02100350058343059,0.07,1360.1186440677966
1029,2011,12,Uttar Pradesh,Kushi Nagar Padrauna,0.1,0.19,1900.0,1750.0,1714.0,1714.0,1726.0,0.08571428571428563,0.08,1526.8095238095239
1029,2012,12,Uttar Pradesh,Kushi Nagar Padrauna,0.09,0.19,2111.0,1900.0,1750.0,1714.0,1788.0,0.11105263157894729,0.1,1586.5967741935483
1029,2013,12,Uttar Pradesh,Kushi Nagar Padrauna,0.07,0.14,2000.0,2111.0,1900.0,1750.0,1920.3333333333333,-0.05258171482709617,0.09,1458.9322033898304
1029,2014,12,Uttar Pradesh,Kushi Nagar Padrauna,0.09,0.18,2000.0,2000.0,2111.0,1900.0,2003.6666666666667,0.0,0.07,1524.3559322033898
1029,2015,12,Uttar Pradesh,Kushi Nagar Padrauna,0.07,0.13,1857.0,2000.0,2000.0,2111.0,2037.0,-0.07150000000000001,0.09,1426.6896551724137
1029,2016,12,Uttar Pradesh,Kushi Nagar Padrauna,0.23,0.43,1833.0,1857.0,2000.0,2000.0,1952.3333333333333,-0.012924071082390909,0.07,1464.7166666666667
1029,2017,12,Uttar Pradesh,Kushi Nagar Padrauna,0.1,0.2,1932.0,1833.0,1857.0,2000.0,1896.6666666666667,0.054009819967266726,0.23,1620.1724137931035
1029,2018,12,Uttar Pradesh,Kushi Nagar Padrauna,0.34,0.74,2215.0,1932.0,1833.0,1857.0,1874.0,0.1464803312629399,0.1,1712.9016393442623
1029,2019,12,Uttar Pradesh,Kushi Nagar Padrauna,0.18,0.4,2193.0,2215.0,1932.0,1833.0,1993.3333333333333,-0.009932279909706576,0.34,1894.1833333333334
1031,2000,12,Uttar Pradesh,Auraiya,24.38,35.07,1438.0,1670.0,1628.0,1590.0,1629.3333333333333,-0.13892215568862276,23.21,1263.7462686567164
1031,2001,12,Uttar Pradesh,Auraiya,21.9,29.6,1352.0,1438.0,1670.0,1628.0,1578.6666666666667,-0.0598052851182197,24.38,1174.7910447761194
1031,2002,12,Uttar Pradesh,Auraiya,28.26,39.09,1383.0,1352.0,1438.0,1670.0,1486.6666666666667,0.022928994082840326,21.9,1196.323076923077
1031,2003,12,Uttar Pradesh,Auraiya,29.56,39.69,1343.0,1383.0,1352.0,1438.0,1391.0,-0.028922631959508283,28.26,1157.3809523809523
1031,2004,12,Uttar Pradesh,Auraiya,29.14,44.8,1537.0,1343.0,1383.0,1352.0,1359.3333333333333,0.14445271779597912,29.56,1357.09375
1031,2005,12,Uttar Pradesh,Auraiya,29.0,44.83,1546.0,1537.0,1343.0,1383.0,1421.0,0.005855562784645496,29.14,1305.0819672131147
1031,2006,12,Uttar Pradesh,Auraiya,30.78,53.78,1747.0,1546.0,1537.0,1343.0,1475.3333333333333,0.13001293661060798,29.0,1386.5333333333333
1031,2007,12,Uttar Pradesh,Auraiya,35.45,65.93,1860.0,1747.0,1546.0,1537.0,1610.0,0.06468231253577561,30.78,1324.3125
1031,2008,12,Uttar Pradesh,Auraiya,33.09,76.95,2325.0,1860.0,1747.0,1546.0,1717.6666666666667,0.25,35.45,1478.2131147540983
1031,2009,12,Uttar Pradesh,Auraiya,35.28,80.17,2272.0,2325.0,1860.0,1747.0,1977.3333333333333,-0.02279569892473121,33.09,1416.9333333333334
1031,2010,12,Uttar Pradesh,Auraiya,34.97,70.14,2006.0,2272.0,2325.0,1860.0,2152.3333333333335,-0.11707746478873238,35.28,1360.1186440677966
1031,2011,12,Uttar Pradesh,Auraiya,28.01,52.04,1858.0,2006.0,2272.0,2325.0,2201.0,-0.07377866400797606,34.97,1526.8095238095239
1031,2012,12,Uttar Pradesh,Auraiya,29.94,71.74,2396.0,1858.0,2006.0,2272.0,2045.3333333333333,0.2895586652314317,28.01,1586.5967741935483
1031,2013,12,Uttar Pradesh,Auraiya,28.11,64.29,2287.0,2396.0,1858.0,2006.0,2086.6666666666665,-0.04549248747913193,29.94,1458.9322033898304
1031,2014,12,Uttar Pradesh,Auraiya,36.54,80.31,2198.0,2287.0,2396.0,1858.0,2180.3333333333335,-0.03891560996939225,28.11,1524.3559322033898
1031,2015,12,Uttar Pradesh,Auraiya,31.98,73.29,2292.0,2198.0,2287.0,2396.0,2293.6666666666665,0.04276615104640591,36.54,1426.6896551724137
1031,2016,12,Uttar Pradesh,Auraiya,31.77,73.74,2321.0,2292.0,2198.0,2287.0,2259.0,0.01265270506108207,31.98,1464.7166666666667
1031,2017,12,Uttar Pradesh,Auraiya,31.17,71.52,2295.0,2321.0,2292.0,2198.0,2270.3333333333335,-0.011202068074105953,31.77,1620.1724137931035
1031,2018,12,Uttar Pradesh,Auraiya,29.1,71.96,2473.0,2295.0,2321.0,2292.0,2302.6666666666665,0.07755991285403052,31.17,1712.9016393442623
1031,2019,12,Uttar Pradesh,Auraiya,30.68,79.22,2582.0,2473.0,2295.0,2321.0,2363.0,0.044076021027092516,29.1,1894.1833333333334
1033,2000,12,Uttar Pradesh,Bagpat,0.72,0.92,1278.0,1493.0,1250.0,1398.0,1380.3333333333333,-0.14400535833891492,0.75,1263.7462686567164
1033,2001,12,Uttar Pradesh,Bagpat,0.67,0.67,1000.0,1278.0,1493.0,1250.0,1340.3333333333333,-0.21752738654147108,0.72,1174.7910447761194
1033,2002,12,Uttar Pradesh,Bagpat,0.56,0.71,1268.0,1000.0,1278.0,1493.0,1257.0,0.268,0.67,1196.323076923077
1033,2003,12,Uttar Pradesh,Bagpat,0.91,1.3,1429.0,1268.0,1000.0,1278.0,1182.0,0.12697160883280767,0.56,1157.3809523809523
1033,2004,12,Uttar Pradesh,Bagpat,0.79,1.2,1519.0,1429.0,1268.0,1000.0,1232.3333333333333,0.06298110566829962,0.91,1357.09375
1033,2005,12,Uttar Pradesh,Bagpat,0.8,1.12,1400.0,1519.0,1429.0,1268.0,1405.3333333333333,-0.07834101382488479,0.79,1305.0819672131147
1033,2006,12,Uttar Pradesh,Bagpat,0.51,0.7,1373.0,1400.0,1519.0,1429.0,1449.3333333333333,-0.01928571428571424,0.8,1386.5333333333333
1033,2007,12,Uttar Pradesh,Bagpat,0.52,0.78,1500.0,1373.0,1400.0,1519.0,1430.6666666666667,0.09249817916970149,0.51,1324.3125
1033,2008,12,Uttar Pradesh,Bagpat,0.37,0.65,1757.0,1500.0,1373.0,1400.0,1424.3333333333333,0.17133333333333334,0.52,1478.2131147540983
1033,2009,12,Uttar Pradesh,Bagpat,0.56,1.08,1929.0,1757.0,1500.0,1373.0,1543.3333333333333,0.09789413773477529,0.37,1416.9333333333334
1033,2010,12,Uttar Pradesh,Bagpat,0.61,1.13,1852.0,1929.0,1757.0,1500.0,1728.6666666666667,-0.03991705546915503,0.56,1360.1186440677966
1033,2011,12,Uttar Pradesh,Bagpat,0.51,0.92,1804.0,1852.0,1929.0,1757.0,1846.0,-0.02591792656587477,0.61,1526.8095238095239
1033,2012,12,Uttar Pradesh,Bagpat,0.44,1.02,2318.0,1804.0,1852.0,1929.0,1861.6666666666667,0.28492239467849223,0.51,1586.5967741935483
1033,2013,12,Uttar Pradesh,Bagpat,0.92,1.24,1348.0,2318.0,1804.0,1852.0,1991.3333333333333,-0.41846419327006035,0.44,1458.9322033898304
1033,2014,12,Uttar Pradesh,Bagpat,0.69,1.39,2014.0,1348.0,2318.0,1804.0,1823.3333333333333,0.4940652818991098,0.92,1524.3559322033898
1033,2015,12,Uttar Pradesh,Bagpat,0.57,1.14,2000.0,2014.0,1348.0,2318.0,1893.3333333333333,-0.006951340615690138,0.69,1426.6896551724137
1033,2016,12,Uttar Pradesh,Bagpat,0.45,0.52,1171.0,2000.0,2014.0,1348.0,1787.3333333333333,-0.4145,0.57,1464.7166666666667
1033,2017,12,Uttar Pradesh,Bagpat,1.78,3.47,1954.0,1171.0,2000.0,2014.0,1728.3333333333333,0.6686592655849701,0.45,1620.1724137931035
1033,2018,12,Uttar Pradesh,Bagpat,0.54,1.27,2351.0,1954.0,1171.0,2000.0,1708.3333333333333,0.20317297850562954,1.78,1712.9016393442623
1033,2019,12,Uttar Pradesh,Bagpat,0.64,1.21,1891.0,2351.0,1954.0,1171.0,1825.3333333333333,-0.1956614206720545,0.54,1894.1833333333334
1034,2006,12,Uttar Pradesh,Balrampur,0.11,0.18,1636.0,1636.0,1667.0,1692.0,1665.0,0.0,0.11,1386.5333333333333
1034,2007,12,Uttar Pradesh,Balrampur,0.11,0.17,1545.0,1636.0,1636.0,1667.0,1646.3333333333333,-0.05562347188264061,0.11,1324.3125
1036,2000,12,Uttar Pradesh,Chandauli,3.9,4.08,1046.0,954.0,903.0,1062.0,973.0,0.09643605870020955,3.93,1263.7462686567164
1036,2001,12,Uttar Pradesh,Chandauli,3.69,4.77,1293.0,1046.0,954.0,903.0,967.6666666666666,0.2361376673040152,3.9,1174.7910447761194
1036,2002,12,Uttar Pradesh,Chandauli,3.72,6.37,1712.0,1293.0,1046.0,954.0,1097.6666666666667,0.3240525908739367,3.69,1196.323076923077
1036,2003,12,Uttar Pradesh,Chandauli,4.38,4.27,975.0,1712.0,1293.0,1046.0,1350.3333333333333,-0.4304906542056075,3.72,1157.3809523809523
1036,2004,12,Uttar Pradesh,Chandauli,1.49,1.65,1107.0,975.0,1712.0,1293.0,1326.6666666666667,0.13538461538461544,4.38,1357.09375
1036,2005,12,Uttar Pradesh,Chandauli,4.9,6.53,1333.0,1107.0,975.0,1712.0,1264.6666666666667,0.20415537488708213,1.49,1305.0819672131147
1036,2006,12,Uttar Pradesh,Chandauli,4.93,7.69,1560.0,1333.0,1107.0,975.0,1138.3333333333333,0.17029257314328583,4.9,1386.5333333333333
1036,2007,12,Uttar Pradesh,Chandauli,4.91,7.11,1448.0,1560.0,1333.0,1107.0,1333.3333333333333,-0.07179487179487176,4.93,1324.3125
1036,2008,12,Uttar Pradesh,Chandauli,4.87,5.87,1205.0,1448.0,1560.0,1333.0,1447.0,-0.16781767955801108,4.91,1478.2131147540983
1036,2009,12,Uttar Pradesh,Chandauli,5.02,4.54,904.0,1205.0,1448.0,1560.0,1404.3333333333333,-0.24979253112033195,4.87,1416.9333333333334
1036,2010,12,Uttar Pradesh,Chandauli,4.89,6.39,1307.0,904.0,1205.0,1448.0,1185.6666666666667,0.44579646017699126,5.02,1360.1186440677966
1036,2011,12,Uttar Pradesh,Chandauli,4.87,7.52,1544.0,1307.0,904.0,1205.0,1138.6666666666667,0.1813312930374904,4.89,1526.8095238095239
1036,2012,12,Uttar Pradesh,Chandauli,4.64,5.8,1250.0,1544.0,1307.0,904.0,1251.6666666666667,-0.19041450777202074,4.87,1586.5967741935483
1036,2013,12,Uttar Pradesh,Chandauli,4.89,5.0,1022.0,1250.0,1544.0,1307.0,1367.0,-0.1824,4.64,1458.9322033898304
1036,2014,12,Uttar Pradesh,Chandauli,8.79,13.82,1572.0,1022.0,1250.0,1544.0,1272.0,0.538160469667319,4.89,1524.3559322033898
1036,2015,12,Uttar Pradesh,Chandauli,5.25,6.78,1291.0,1572.0,1022.0,1250.0,1281.3333333333333,-0.17875318066157764,8.79,1426.6896551724137
1036,2016,12,Uttar Pradesh,Chandauli,6.18,4.77,771.0,1291.0,1572.0,1022.0,1295.0,-0.4027885360185902,5.25,1464.7166666666667
1036,2017,12,Uttar Pradesh,Chandauli,4.15,4.77,1149.0,771.0,1291.0,1572.0,1211.3333333333333,0.49027237354085607,6.18,1620.1724137931035
1036,2018,12,Uttar Pradesh,Chandauli,4.93,5.64,1143.0,1149.0,771.0,1291.0,1070.3333333333333,-0.005221932114882533,4.15,1712.9016393442623
1036,2019,12,Uttar Pradesh,Chandauli,4.89,4.39,899.0,1143.0,1149.0,771.0,1021.0,-0.21347331583552054,4.93,1894.1833333333334
1037,2000,12,Uttar Pradesh,Chitrakoot,8.12,5.92,729.0,809.0,825.0,782.0,805.3333333333334,-0.09888751545117425,7.59,1263.7462686567164
1037,2001,12,Uttar Pradesh,Chitrakoot,7.36,5.22,709.0,729.0,809.0,825.0,787.6666666666666,-0.027434842249657088,8.12,1174.7910447761194
1037,2002,12,Uttar Pradesh,Chitrakoot,9.73,5.65,581.0,709.0,729.0,809.0,749.0,-0.1805359661495064,7.36,1196.323076923077
1037,2003,12,Uttar Pradesh,Chitrakoot,9.72,7.42,763.0,581.0,709.0,729.0,673.0,0.31325301204819267,9.73,1157.3809523809523
1037,2004,12,Uttar Pradesh,Chitrakoot,8.11,8.92,1100.0,763.0,581.0,709.0,684.3333333333334,0.44167758846657934,9.72,1357.09375
1037,2005,12,Uttar Pradesh,Chitrakoot,7.88,7.87,999.0,1100.0,763.0,581.0,814.6666666666666,-0.0918181818181818,8.11,1305.0819672131147
1037,2006,12,Uttar Pradesh,Chitrakoot,8.49,7.28,857.0,999.0,1100.0,763.0,954.0,-0.14214214214214216,7.88,1386.5333333333333
1037,2007,12,Uttar Pradesh,Chitrakoot,10.02,7.2,719.0,857.0,999.0,1100.0,985.3333333333334,-0.161026837806301,8.49,1324.3125
1037,2008,12,Uttar Pradesh,Chitrakoot,10.15,11.55,1138.0,719.0,857.0,999.0,858.3333333333334,0.5827538247566064,10.02,1478.2131147540983
1037,2009,12,Uttar Pradesh,Chitrakoot,11.18,7.63,682.0,1138.0,719.0,857.0,904.6666666666666,-0.4007029876977153,10.15,1416.9333333333334
1037,2010,12,Uttar Pradesh,Chitrakoot,11.35,7.57,667.0,682.0,1138.0,719.0,846.3333333333334,-0.021994134897360684,11.18,1360.1186440677966
1037,2011,12,Uttar Pradesh,Chitrakoot,9.87,9.11,923.0,667.0,682.0,1138.0,829.0,0.38380809595202403,11.35,1526.8095238095239
1037,2012,12,Uttar Pradesh,Chitrakoot,9.87,13.59,1377.0,923.0,667.0,682.0,757.3333333333334,0.49187432286023824,9.87,1586.5967741935483
1037,2013,12,Uttar Pradesh,Chitrakoot,8.16,11.63,1425.0,1377.0,923.0,667.0,989.0,0.034858387799564294,9.87,1458.9322033898304
1037,2014,12,Uttar Pradesh,Chitrakoot,7.27,7.33,1008.0,1425.0,1377.0,923.0,1241.6666666666667,-0.29263157894736846,8.16,1524.3559322033898
1037,2015,12,Uttar Pradesh,Chitrakoot,14.56,5.16,354.0,1008.0,1425.0,1377.0,1270.0,-0.6488095238095238,7.27,1426.6896551724137
1037,2016,12,Uttar Pradesh,Chitrakoot,11.83,12.23,1034.0,354.0,1008.0,1425.0,929.0,1.92090395480226,14.56,1464.7166666666667
1037,2017,12,Uttar Pradesh,Chitrakoot,10.19,8.72,856.0,1034.0,354.0,1008.0,798.6666666666666,-0.17214700193423593,11.83,1620.1724137931035
1037,2018,12,Uttar Pradesh,Chitrakoot,7.85,8.31,1060.0,856.0,1034.0,354.0,748.0,0.23831775700934577,10.19,1712.9016393442623
1037,2019,12,Uttar Pradesh,Chitrakoot,10.81,19.97,1847.0,1060.0,856.0,1034.0,983.3333333333334,0.7424528301886792,7.85,1894.1833333333334
1038,2000,12,Uttar Pradesh,G.B.Nagar,11.33,16.77,1480.0,1508.0,1240.0,1332.0,1360.0,-0.018567639257294433,11.06,1263.7462686567164
1038,2001,12,Uttar Pradesh,G.B.Nagar,12.66,19.71,1557.0,1480.0,1508.0,1240.0,1409.3333333333333,0.052027027027027106,11.33,1174.7910447761194
1038,2002,12,Uttar Pradesh,G.B.Nagar,7.16,9.0,1257.0,1557.0,1480.0,1508.0,1515.0,-0.19267822736030826,12.66,1196.323076923077
1038,2003,12,Uttar Pradesh,G.B.Nagar,6.02,8.61,1430.0,1257.0,1557.0,1480.0,1431.3333333333333,0.13762927605409714,7.16,1157.3809523809523
1038,2004,12,Uttar Pradesh,G.B.Nagar,6.15,10.42,1694.0,1430.0,1257.0,1557.0,1414.6666666666667,0.18461538461538463,6.02,1357.09375
1038,2005,12,Uttar Pradesh,G.B.Nagar,4.72,5.53,1172.0,1694.0,1430.0,1257.0,1460.3333333333333,-0.30814639905549,6.15,1305.0819672131147
1038,2006,12,Uttar Pradesh,G.B.Nagar,2.93,2.78,949.0,1172.0,1694.0,1430.0,1432.0,-0.19027303754266212,4.72,1386.5333333333333
1038,2007,12,Uttar Pradesh,G.B.Nagar,4.36,6.14,1408.0,949.0,1172.0,1694.0,1271.6666666666667,0.48366701791359334,2.93,1324.3125
1038,2008,12,Uttar Pradesh,G.B.Nagar,2.42,4.45,1839.0,1408.0,949.0,1172.0,1176.3333333333333,0.3061079545454546,4.36,1478.2131147540983
1038,2009,12,Uttar Pradesh,G.B.Nagar,2.27,3.69,1626.0,1839.0,1408.0,949.0,1398.6666666666667,-0.11582381729200653,2.42,1416.9333333333334
1038,2010,12,Uttar Pradesh,G.B.Nagar,1.66,1.7,1024.0,1626.0,1839.0,1408.0,1624.3333333333333,-0.37023370233702335,2.27,1360.1186440677966
1038,2011,12,Uttar Pradesh,G.B.Nagar,1.97,2.8,1421.0,1024.0,1626.0,1839.0,1496.3333333333333,0.3876953125,1.66,1526.8095238095239
1038,2012,12,Uttar Pradesh,G.B.Nagar,1.95,4.53,2323.0,1421.0,1024.0,1626.0,1357.0,0.6347642505277973,1.97,1586.5967741935483
1038,2013,12,Uttar Pradesh,G.B.Nagar,8.76,11.8,1347.0,2323.0,1421.0,1024.0,1589.3333333333333,-0.42014636246233317,1.95,1458.9322033898304
1038,2014,12,Uttar Pradesh,G.B.Nagar,1.44,2.9,2014.0,1347.0,2323.0,1421.0,1697.0,0.4951744617668894,8.76,1524.3559322033898
1038,2016,12,Uttar Pradesh,G.B.Nagar,8.3,9.72,1170.0,2014.0,1347.0,2323.0,1894.6666666666667,-0.4190665342601787,1.44,1464.7166666666667
1038,2017,12,Uttar Pradesh,G.B.Nagar,8.3,8.34,1004.0,1170.0,2014.0,1347.0,1510.3333333333333,-0.14188034188034193,8.3,1620.1724137931035
1038,2018,12,Uttar Pradesh,G.B.Nagar,2.21,3.0,1356.0,1004.0,1170.0,2014.0,1396.0,0.3505976095617529,8.3,1712.9016393442623
1038,2019,12,Uttar Pradesh,G.B.Nagar,1.54,2.4,1556.0,1356.0,1004.0,1170.0,1176.6666666666667,0.14749262536873164,2.21,1894.1833333333334
1039,2000,12,Uttar Pradesh,Hathras,47.28,83.77,1772.0,1444.0,1452.0,1851.0,1582.3333333333333,0.22714681440443218,37.81,1263.7462686567164
1039,2001,12,Uttar Pradesh,Hathras,44.27,40.38,912.0,1772.0,1444.0,1452.0,1556.0,-0.4853273137697517,47.28,1174.7910447761194
1039,2002,12,Uttar Pradesh,Hathras,37.07,69.33,1870.0,912.0,1772.0,1444.0,1376.0,1.0504385964912282,44.27,1196.323076923077
1039,2003,12,Uttar Pradesh,Hathras,45.51,79.41,1745.0,1870.0,912.0,1772.0,1518.0,-0.0668449197860963,37.07,1157.3809523809523
1039,2004,12,Uttar Pradesh,Hathras,25.37,42.23,1665.0,1745.0,1870.0,912.0,1509.0,-0.045845272206303744,45.51,1357.09375
1039,2005,12,Uttar Pradesh,Hathras,45.74,73.46,1606.0,1665.0,1745.0,1870.0,1760.0,-0.03543543543543548,25.37,1305.0819672131147
1039,2006,12,Uttar Pradesh,Hathras,47.9,76.92,1606.0,1606.0,1665.0,1745.0,1672.0,0.0,45.74,1386.5333333333333
1039,2007,12,Uttar Pradesh,Hathras,46.82,81.14,1733.0,1606.0,1606.0,1665.0,1625.6666666666667,0.07907845579078465,47.9,1324.3125
1039,2008,12,Uttar Pradesh,Hathras,46.11,67.91,1473.0,1733.0,1606.0,1606.0,1648.3333333333333,-0.15002885170225044,46.82,1478.2131147540983
1039,2009,12,Uttar Pradesh,Hathras,39.94,71.77,1797.0,1473.0,1733.0,1606.0,1604.0,0.21995926680244393,46.11,1416.9333333333334
1039,2010,12,Uttar Pradesh,Hathras,47.67,84.29,1768.0,1797.0,1473.0,1733.0,1667.6666666666667,-0.016138007790762354,39.94,1360.1186440677966
1039,2011,12,Uttar Pradesh,Hathras,43.35,79.46,1833.0,1768.0,1797.0,1473.0,1679.3333333333333,0.03676470588235303,47.67,1526.8095238095239
1039,2012,12,Uttar Pradesh,Hathras,45.39,86.37,1903.0,1833.0,1768.0,1797.0,1799.3333333333333,0.038188761593016984,43.35,1586.5967741935483
1039,2013,12,Uttar Pradesh,Hathras,45.37,82.76,1824.0,1903.0,1833.0,1768.0,1834.6666666666667,-0.04151339989490277,45.39,1458.9322033898304
1039,2014,12,Uttar Pradesh,Hathras,36.69,80.6,2197.0,1824.0,1903.0,1833.0,1853.3333333333333,0.20449561403508776,45.37,1524.3559322033898
1039,2015,12,Uttar Pradesh,Hathras,42.95,82.81,1928.0,2197.0,1824.0,1903.0,1974.6666666666667,-0.12243969048702774,36.69,1426.6896551724137
1039,2016,12,Uttar Pradesh,Hathras,39.93,73.91,1851.0,1928.0,2197.0,1824.0,1983.0,-0.039937759336099554,42.95,1464.7166666666667
1039,2017,12,Uttar Pradesh,Hathras,48.17,112.72,2340.0,1851.0,1928.0,2197.0,1992.0,0.2641815235008105,39.93,1620.1724137931035
1039,2018,12,Uttar Pradesh,Hathras,37.82,89.81,2375.0,2340.0,1851.0,1928.0,2039.6666666666667,0.014957264957264904,48.17,1712.9016393442623
1039,2019,12,Uttar Pradesh,Hathras,44.21,102.82,2325.0,2375.0,2340.0,1851.0,2188.6666666666665,-0.021052631578947323,37.82,1894.1833333333334
1040,2000,12,Uttar Pradesh,Amroha J.B.Fulenagar,6.8,6.13,901.0,661.0,697.0,846.0,734.6666666666666,0.3630862329803328,6.26,1263.7462686567164
1040,2001,12,Uttar Pradesh,Amroha J.B.Fulenagar,5.64,7.53,1335.0,901.0,661.0,697.0,753.0,0.4816870144284129,6.8,1174.7910447761194
1040,2002,12,Uttar Pradesh,Amroha J.B.Fulenagar,5.23,2.13,407.0,1335.0,901.0,661.0,965.6666666666666,-0.6951310861423221,5.64,1196.323076923077
1040,2003,12,Uttar Pradesh,Amroha J.B.Fulenagar,5.12,3.37,658.0,407.0,1335.0,901.0,881.0,0.6167076167076166,5.23,1157.3809523809523
1040,2004,12,Uttar Pradesh,Amroha J.B.Fulenagar,5.99,5.58,932.0,658.0,407.0,1335.0,800.0,0.4164133738601823,5.12,1357.09375
1040,2005,12,Uttar Pradesh,Amroha J.B.Fulenagar,3.34,2.63,787.0,932.0,658.0,407.0,665.6666666666666,-0.15557939914163088,5.99,1305.0819672131147
1040,2006,12,Uttar Pradesh,Amroha J.B.Fulenagar,3.3,2.27,688.0,787.0,932.0,658.0,792.3333333333334,-0.12579415501905977,3.34,1386.5333333333333
1040,2007,12,Uttar Pradesh,Amroha J.B.Fulenagar,3.26,3.35,1028.0,688.0,787.0,932.0,802.3333333333334,0.4941860465116279,3.3,1324.3125
1040,2008,12,Uttar Pradesh,Amroha J.B.Fulenagar,3.28,3.35,1021.0,1028.0,688.0,787.0,834.3333333333334,-0.006809338521400754,3.26,1478.2131147540983
1040,2009,12,Uttar Pradesh,Amroha J.B.Fulenagar,4.06,3.68,906.0,1021.0,1028.0,688.0,912.3333333333334,-0.11263467189030363,3.28,1416.9333333333334
1040,2010,12,Uttar Pradesh,Amroha J.B.Fulenagar,3.18,2.46,774.0,906.0,1021.0,1028.0,985.0,-0.14569536423841056,4.06,1360.1186440677966
1040,2011,12,Uttar Pradesh,Amroha J.B.Fulenagar,4.04,3.38,837.0,774.0,906.0,1021.0,900.3333333333334,0.08139534883720922,3.18,1526.8095238095239
1040,2012,12,Uttar Pradesh,Amroha J.B.Fulenagar,3.95,2.24,567.0,837.0,774.0,906.0,839.0,-0.32258064516129037,4.04,1586.5967741935483
1040,2013,12,Uttar Pradesh,Amroha J.B.Fulenagar,3.38,1.91,565.0,567.0,837.0,774.0,726.0,-0.003527336860670194,3.95,1458.9322033898304
1040,2014,12,Uttar Pradesh,Amroha J.B.Fulenagar,4.17,4.31,1034.0,565.0,567.0,837.0,656.3333333333334,0.8300884955752212,3.38,1524.3559322033898
1040,2015,12,Uttar Pradesh,Amroha J.B.Fulenagar,4.07,5.25,1290.0,1034.0,565.0,567.0,722.0,0.2475822050290135,4.17,1426.6896551724137
1040,2016,12,Uttar Pradesh,Amroha J.B.Fulenagar,3.22,3.2,993.0,1290.0,1034.0,565.0,963.0,-0.23023255813953492,4.07,1464.7166666666667
1040,2017,12,Uttar Pradesh,Amroha J.B.Fulenagar,3.04,2.94,970.0,993.0,1290.0,1034.0,1105.6666666666667,-0.023162134944612278,3.22,1620.1724137931035
1040,2018,12,Uttar Pradesh,Amroha J.B.Fulenagar,2.86,3.26,1138.0,970.0,993.0,1290.0,1084.3333333333333,0.17319587628865984,3.04,1712.9016393442623
1040,2019,12,Uttar Pradesh,Amroha J.B.Fulenagar,3.26,3.48,1070.0,1138.0,970.0,993.0,1033.6666666666667,-0.05975395430579966,2.86,1894.1833333333334
1041,2000,12,Uttar Pradesh,Kannauj,4.1,5.09,1241.0,1212.0,1178.0,1640.0,1343.3333333333333,0.023927392739274023,4.49,1263.7462686567164
1041,2001,12,Uttar Pradesh,Kannauj,3.68,3.9,1060.0,1241.0,1212.0,1178.0,1210.3333333333333,-0.14585012087026594,4.1,1174.7910447761194
1041,2002,12,Uttar Pradesh,Kannauj,3.53,4.03,1142.0,1060.0,1241.0,1212.0,1171.0,0.07735849056603783,3.68,1196.323076923077
1041,2003,12,Uttar Pradesh,Kannauj,3.28,2.08,634.0,1142.0,1060.0,1241.0,1147.6666666666667,-0.44483362521891423,3.53,1157.3809523809523
1041,2004,12,Uttar Pradesh,Kannauj,3.11,1.96,630.0,634.0,1142.0,1060.0,945.3333333333334,-0.006309148264984188,3.28,1357.09375
1041,2005,12,Uttar Pradesh,Kannauj,2.94,4.61,1568.0,630.0,634.0,1142.0,802.0,1.488888888888889,3.11,1305.0819672131147
1041,2006,12,Uttar Pradesh,Kannauj,2.96,4.94,1669.0,1568.0,630.0,634.0,944.0,0.06441326530612246,2.94,1386.5333333333333
1041,2007,12,Uttar Pradesh,Kannauj,3.34,5.96,1784.0,1669.0,1568.0,630.0,1289.0,0.06890353505092861,2.96,1324.3125
1041,2008,12,Uttar Pradesh,Kannauj,2.23,4.88,2188.0,1784.0,1669.0,1568.0,1673.6666666666667,0.2264573991031391,3.34,1478.2131147540983
1041,2009,12,Uttar Pradesh,Kannauj,2.06,4.13,2005.0,2188.0,1784.0,1669.0,1880.3333333333333,-0.0836380255941499,2.23,1416.9333333333334
1041,2010,12,Uttar Pradesh,Kannauj,2.26,4.43,1960.0,2005.0,2188.0,1784.0,1992.3333333333333,-0.02244389027431426,2.06,1360.1186440677966
1041,2011,12,Uttar Pradesh,Kannauj,2.64,4.78,1811.0,1960.0,2005.0,2188.0,2051.0,-0.07602040816326527,2.26,1526.8095238095239
1041,2012,12,Uttar Pradesh,Kannauj,2.57,5.88,2288.0,1811.0,1960.0,2005.0,1925.3333333333333,0.26339039204859205,2.64,1586.5967741935483
1041,2013,12,Uttar Pradesh,Kannauj,1.34,2.37,1769.0,2288.0,1811.0,1960.0,2019.6666666666667,-0.22683566433566438,2.57,1458.9322033898304
1041,2014,12,Uttar Pradesh,Kannauj,1.08,1.18,1093.0,1769.0,2288.0,1811.0,1956.0,-0.38213680045223286,1.34,1524.3559322033898
1041,2015,12,Uttar Pradesh,Kannauj,0.79,1.19,1506.0,1093.0,1769.0,2288.0,1716.6666666666667,0.37785910338517836,1.08,1426.6896551724137
1041,2016,12,Uttar Pradesh,Kannauj,1.25,1.74,1395.0,1506.0,1093.0,1769.0,1456.0,-0.07370517928286857,0.79,1464.7166666666667
1041,2017,12,Uttar Pradesh,Kannauj,1.18,2.06,1757.0,1395.0,1506.0,1093.0,1331.3333333333333,0.25949820788530475,1.25,1620.1724137931035
1041,2018,12,Uttar Pradesh,Kannauj,1.2,2.02,1683.0,1757.0,1395.0,1506.0,1552.6666666666667,-0.04211724530449634,1.18,1712.9016393442623
1041,2019,12,Uttar Pradesh,Kannauj,1.26,2.6,2056.0,1683.0,1757.0,1395.0,1611.6666666666667,0.22162804515745682,1.2,1894.1833333333334
1042,2000,12,Uttar Pradesh,Kushambi,14.53,10.84,746.0,767.0,1144.0,1543.0,1151.3333333333333,-0.027379400260756248,15.1,1263.7462686567164
1042,2001,12,Uttar Pradesh,Kushambi,9.53,10.07,1057.0,746.0,767.0,1144.0,885.6666666666666,0.41689008042895437,14.53,1174.7910447761194
1042,2002,12,Uttar Pradesh,Kushambi,12.11,12.75,1053.0,1057.0,746.0,767.0,856.6666666666666,-0.0037842951750236553,9.53,1196.323076923077
1042,2003,12,Uttar Pradesh,Kushambi,12.0,14.27,1189.0,1053.0,1057.0,746.0,952.0,0.1291547958214625,12.11,1157.3809523809523
1042,2004,12,Uttar Pradesh,Kushambi,7.87,12.91,1640.0,1189.0,1053.0,1057.0,1099.6666666666667,0.3793103448275863,12.0,1357.09375
1042,2005,12,Uttar Pradesh,Kushambi,9.46,10.63,1124.0,1640.0,1189.0,1053.0,1294.0,-0.31463414634146336,7.87,1305.0819672131147
1042,2006,12,Uttar Pradesh,Kushambi,10.75,12.4,1153.0,1124.0,1640.0,1189.0,1317.6666666666667,0.025800711743772187,9.46,1386.5333333333333
1042,2007,12,Uttar Pradesh,Kushambi,11.4,13.69,1201.0,1153.0,1124.0,1640.0,1305.6666666666667,0.04163052905464015,10.75,1324.3125
1042,2008,12,Uttar Pradesh,Kushambi,11.07,13.99,1264.0,1201.0,1153.0,1124.0,1159.3333333333333,0.05245628642797673,11.4,1478.2131147540983
1042,2009,12,Uttar Pradesh,Kushambi,11.1,12.02,1083.0,1264.0,1201.0,1153.0,1206.0,-0.14319620253164556,11.07,1416.9333333333334
1042,2010,12,Uttar Pradesh,Kushambi,10.77,10.92,1014.0,1083.0,1264.0,1201.0,1182.6666666666667,-0.06371191135734067,11.1,1360.1186440677966
1042,2011,12,Uttar Pradesh,Kushambi,10.64,16.57,1557.0,1014.0,1083.0,1264.0,1120.3333333333333,0.5355029585798816,10.77,1526.8095238095239
1042,2012,12,Uttar Pradesh,Kushambi,6.42,8.25,1285.0,1557.0,1014.0,1083.0,1218.0,-0.1746949261400128,10.64,1586.5967741935483
1042,2013,12,Uttar Pradesh,Kushambi,7.84,7.49,955.0,1285.0,1557.0,1014.0,1285.3333333333333,-0.25680933852140075,6.42,1458.9322033898304
1042,2014,12,Uttar Pradesh,Kushambi,11.31,10.59,936.0,955.0,1285.0,1557.0,1265.6666666666667,-0.019895287958115238,7.84,1524.3559322033898
1042,2015,12,Uttar Pradesh,Kushambi,9.54,8.69,911.0,936.0,955.0,1285.0,1058.6666666666667,-0.026709401709401726,11.31,1426.6896551724137
1042,2016,12,Uttar Pradesh,Kushambi,9.78,9.72,994.0,911.0,936.0,955.0,934.0,0.09110867178924265,9.54,1464.7166666666667
1042,2017,12,Uttar Pradesh,Kushambi,11.47,13.54,1181.0,994.0,911.0,936.0,947.0,0.18812877263581496,9.78,1620.1724137931035
1042,2018,12,Uttar Pradesh,Kushambi,8.95,13.88,1551.0,1181.0,994.0,911.0,1028.6666666666667,0.3132938187976291,11.47,1712.9016393442623
1042,2019,12,Uttar Pradesh,Kushambi,10.6,12.18,1149.0,1551.0,1181.0,994.0,1242.0,-0.25918762088974856,8.95,1894.1833333333334
1044,1998,12,Uttar Pradesh,Santh Ravi Das Nagar Bhadoi,9.01,12.48,1385.0,1465.0,970.0,1239.0,1224.6666666666667,-0.05460750853242324,8.78,1130.3970588235295
1044,1999,12,Uttar Pradesh,Santh Ravi Das Nagar Bhadoi,8.74,16.97,1942.0,1385.0,1465.0,970.0,1273.3333333333333,0.4021660649819494,9.01,1361.2424242424242
1044,2000,12,Uttar Pradesh,Santh Ravi Das Nagar Bhadoi,9.31,9.95,1069.0,1942.0,1385.0,1465.0,1597.3333333333333,-0.4495365602471678,8.74,1263.7462686567164
1044,2001,12,Uttar Pradesh,Santh Ravi Das Nagar Bhadoi,8.93,13.92,1559.0,1069.0,1942.0,1385.0,1465.3333333333333,0.4583723105706268,9.31,1174.7910447761194
1044,2002,12,Uttar Pradesh,Santh Ravi Das Nagar Bhadoi,8.66,15.04,1737.0,1559.0,1069.0,1942.0,1523.3333333333333,0.11417575368826172,8.93,1196.323076923077
1044,2003,12,Uttar Pradesh,Santh Ravi Das Nagar Bhadoi,8.19,8.32,1016.0,1737.0,1559.0,1069.0,1455.0,-0.415083477259643,8.66,1157.3809523809523
1044,2004,12,Uttar Pradesh,Santh Ravi Das Nagar Bhadoi,5.84,6.56,1123.0,1016.0,1737.0,1559.0,1437.3333333333333,0.1053149606299213,8.19,1357.09375
1044,2005,12,Uttar Pradesh,Santh Ravi Das Nagar Bhadoi,9.0,8.89,988.0,1123.0,1016.0,1737.0,1292.0,-0.1202137132680321,5.84,1305.0819672131147
1044,2006,12,Uttar Pradesh,Santh Ravi Das Nagar Bhadoi,8.7,8.07,928.0,988.0,1123.0,1016.0,1042.3333333333333,-0.06072874493927127,9.0,1386.5333333333333
1044,2007,12,Uttar Pradesh,Santh Ravi Das Nagar Bhadoi,8.56,7.23,845.0,928.0,988.0,1123.0,1013.0,-0.08943965517241381,8.7,1324.3125
1044,2008,12,Uttar Pradesh,Santh Ravi Das Nagar Bhadoi,7.76,6.81,878.0,845.0,928.0,988.0,920.3333333333334,0.03905325443786989,8.56,1478.2131147540983
1044,2009,12,Uttar Pradesh,Santh Ravi Das Nagar Bhadoi,8.41,9.08,1080.0,878.0,845.0,928.0,883.6666666666666,0.23006833712984065,7.76,1416.9333333333334
1044,2010,12,Uttar Pradesh,Santh Ravi Das Nagar Bhadoi,8.5,9.01,1060.0,1080.0,878.0,845.0,934.3333333333334,-0.01851851851851849,8.41,1360.1186440677966
1044,2011,12,Uttar Pradesh,Santh Ravi Das Nagar Bhadoi,8.52,12.91,1515.0,1060.0,1080.0,878.0,1006.0,0.429245283018868,8.5,1526.8095238095239
1044,2012,12,Uttar Pradesh,Santh Ravi Das Nagar Bhadoi,8.72,10.51,1205.0,1515.0,1060.0,1080.0,1218.3333333333333,-0.20462046204620465,8.52,1586.5967741935483
1044,2013,12,Uttar Pradesh,Santh Ravi Das Nagar Bhadoi,9.0,12.09,1343.0,1205.0,1515.0,1060.0,1260.0,0.11452282157676352,8.72,1458.9322033898304
1044,2014,12,Uttar Pradesh,Santh Ravi Das Nagar Bhadoi,9.69,11.38,1174.0,1343.0,1205.0,1515.0,1354.3333333333333,-0.12583767684288905,9.0,1524.3559322033898
1044,2015,12,Uttar Pradesh,Santh Ravi Das Nagar Bhadoi,9.03,10.1,1118.0,1174.0,1343.0,1205.0,1240.6666666666667,-0.047700170357751315,9.69,1426.6896551724137
1044,2016,12,Uttar Pradesh,Santh Ravi Das Nagar Bhadoi,8.75,9.89,1130.0,1118.0,1174.0,1343.0,1211.6666666666667,0.01073345259391778,9.03,1464.7166666666667
1044,2017,12,Uttar Pradesh,Santh Ravi Das Nagar Bhadoi,8.61,11.65,1353.0,1130.0,1118.0,1174.0,1140.6666666666667,0.19734513274336285,8.75,1620.1724137931035
1044,2018,12,Uttar Pradesh,Santh Ravi Das Nagar Bhadoi,8.56,6.46,754.0,1353.0,1130.0,1118.0,1200.3333333333333,-0.442719881744272,8.61,1712.9016393442623
1044,2019,12,Uttar Pradesh,Santh Ravi Das Nagar Bhadoi,8.38,9.11,1086.0,754.0,1353.0,1130.0,1079.0,0.4403183023872679,8.56,1894.1833333333334
1045,2000,12,Uttar Pradesh,Santh Kabir Nagar,0.04,0.07,1750.0,2091.0,1913.0,2043.0,2015.6666666666667,-0.16307986609277858,0.22,1263.7462686567164
1045,2001,12,Uttar Pradesh,Santh Kabir Nagar,0.02,0.04,2000.0,1750.0,2091.0,1913.0,1918.0,0.1428571428571428,0.04,1174.7910447761194
1045,2002,12,Uttar Pradesh,Santh Kabir Nagar,0.03,0.05,1667.0,2000.0,1750.0,2091.0,1947.0,-0.16649999999999998,0.02,1196.323076923077
1045,2003,12,Uttar Pradesh,Santh Kabir Nagar,0.02,0.03,1500.0,1667.0,2000.0,1750.0,1805.6666666666667,-0.10017996400719853,0.03,1157.3809523809523
1045,2004,12,Uttar Pradesh,Santh Kabir Nagar,0.02,0.03,1500.0,1500.0,1667.0,2000.0,1722.3333333333333,0.0,0.02,1357.09375
1045,2005,12,Uttar Pradesh,Santh Kabir Nagar,0.03,0.05,1667.0,1500.0,1500.0,1667.0,1555.6666666666667,0.11133333333333328,0.02,1305.0819672131147
1045,2006,12,Uttar Pradesh,Santh Kabir Nagar,0.03,0.05,1667.0,1667.0,1500.0,1500.0,1555.6666666666667,0.0,0.03,1386.5333333333333
1045,2007,12,Uttar Pradesh,Santh Kabir Nagar,0.02,0.04,2000.0,1667.0,1667.0,1500.0,1611.3333333333333,0.1997600479904018,0.03,1324.3125
1045,2008,12,Uttar Pradesh,Santh Kabir Nagar,0.02,0.04,2000.0,2000.0,1667.0,1667.0,1778.0,0.0,0.02,1478.2131147540983
1045,2009,12,Uttar Pradesh,Santh Kabir Nagar,0.01,0.02,2000.0,2000.0,2000.0,1667.0,1889.0,0.0,0.02,1416.9333333333334
1045,2010,12,Uttar Pradesh,Santh Kabir Nagar,0.01,0.02,2000.0,2000.0,2000.0,2000.0,2000.0,0.0,0.01,1360.1186440677966
1045,2011,12,Uttar Pradesh,Santh Kabir Nagar,0.01,0.02,2000.0,2000.0,2000.0,2000.0,2000.0,0.0,0.01,1526.8095238095239
1045,2012,12,Uttar Pradesh,Santh Kabir Nagar,0.01,0.02,2000.0,2000.0,2000.0,2000.0,2000.0,0.0,0.01,1586.5967741935483
1045,2013,12,Uttar Pradesh,Santh Kabir Nagar,0.01,0.02,2000.0,2000.0,2000.0,2000.0,2000.0,0.0,0.01,1458.9322033898304
1045,2014,12,Uttar Pradesh,Santh Kabir Nagar,0.02,0.04,2000.0,2000.0,2000.0,2000.0,2000.0,0.0,0.01,1524.3559322033898
1045,2016,12,Uttar Pradesh,Santh Kabir Nagar,0.01,0.02,1692.0,2000.0,2000.0,2000.0,2000.0,-0.15400000000000003,0.02,1464.7166666666667
1045,2018,12,Uttar Pradesh,Santh Kabir Nagar,0.05,0.09,2089.0,1692.0,2000.0,2000.0,1897.3333333333333,0.23463356973995264,0.01,1712.9016393442623
1045,2019,12,Uttar Pradesh,Santh Kabir Nagar,0.01,0.03,2308.0,2089.0,1692.0,2000.0,1927.0,0.1048348492101483,0.05,1894.1833333333334
1046,2000,12,Uttar Pradesh,Shravasti,0.03,0.05,1667.0,2000.0,2000.0,2000.0,2000.0,-0.16649999999999998,0.01,1263.7462686567164
1046,2001,12,Uttar Pradesh,Shravasti,0.11,0.18,1636.0,1667.0,2000.0,2000.0,1889.0,-0.018596280743851223,0.03,1174.7910447761194
1046,2002,12,Uttar Pradesh,Shravasti,0.06,0.09,1500.0,1636.0,1667.0,2000.0,1767.6666666666667,-0.08312958435207829,0.11,1196.323076923077
1046,2003,12,Uttar Pradesh,Shravasti,0.01,0.01,1000.0,1500.0,1636.0,1667.0,1601.0,-0.33333333333333337,0.06,1157.3809523809523
1046,2004,12,Uttar Pradesh,Shravasti,0.01,0.01,1000.0,1000.0,1500.0,1636.0,1378.6666666666667,0.0,0.01,1357.09375
1046,2006,12,Uttar Pradesh,Shravasti,0.02,0.03,1500.0,1000.0,1000.0,1500.0,1166.6666666666667,0.5,0.01,1386.5333333333333
1046,2017,12,Uttar Pradesh,Shravasti,0.01,0.02,1900.0,1500.0,1000.0,1000.0,1166.6666666666667,0.2666666666666666,0.02,1620.1724137931035
1060,2002,6,Madhya Pradesh,Barwani,9.9,2.5,253.0,347.0,297.0,223.0,289.0,-0.27089337175792505,9.8,581.9473684210526
1060,2003,6,Madhya Pradesh,Barwani,10.1,4.1,406.0,253.0,347.0,297.0,299.0,0.6047430830039526,9.9,1085.6315789473683
1060,2004,6,Madhya Pradesh,Barwani,10.23,3.64,356.0,406.0,253.0,347.0,335.3333333333333,-0.12315270935960587,10.1,940.3870967741935
1060,2005,6,Madhya Pradesh,Barwani,9.92,3.41,344.0,356.0,406.0,253.0,338.3333333333333,-0.0337078651685393,10.23,1001.9333333333333
1060,2006,6,Madhya Pradesh,Barwani,9.73,4.06,417.0,344.0,356.0,406.0,368.6666666666667,0.21220930232558133,9.92,1027.1290322580646
1060,2007,6,Madhya Pradesh,Barwani,9.4,3.8,404.0,417.0,344.0,356.0,372.3333333333333,-0.031175059952038398,9.73,859.5
1060,2008,6,Madhya Pradesh,Barwani,9.0,4.3,478.0,404.0,417.0,344.0,388.3333333333333,0.1831683168316831,9.4,1110.0555555555557
1060,2009,6,Madhya Pradesh,Barwani,6.0,2.7,450.0,478.0,404.0,417.0,433.0,-0.05857740585774063,9.0,1051.3157894736842
1060,2010,6,Madhya Pradesh,Barwani,7.36,4.45,605.0,450.0,478.0,404.0,444.0,0.34444444444444455,6.0,1238.107142857143
1060,2011,6,Madhya Pradesh,Barwani,6.81,6.24,917.0,605.0,450.0,478.0,511.0,0.515702479338843,7.36,1214.76
1060,2012,6,Madhya Pradesh,Barwani,5.83,10.14,1739.0,917.0,605.0,450.0,657.3333333333334,0.8964013086150491,6.81,1543.9166666666667
1060,2013,6,Madhya Pradesh,Barwani,5.9,6.99,1185.0,1739.0,917.0,605.0,1087.0,-0.31857389304197814,5.83,1295.88
1060,2014,6,Madhya Pradesh,Barwani,9.0,12.0,1333.0,1185.0,1739.0,917.0,1280.3333333333333,0.12489451476793256,5.9,1621.1304347826087
1060,2015,6,Madhya Pradesh,Barwani,7.0,12.0,1714.0,1333.0,1185.0,1739.0,1419.0,0.28582145536384096,9.0,1552.9166666666667
1060,2016,6,Madhya Pradesh,Barwani,9.0,11.0,1222.0,1714.0,1333.0,1185.0,1410.6666666666667,-0.28704784130688443,7.0,2052.0
1060,2017,6,Madhya Pradesh,Barwani,8.5,14.16,1666.0,1222.0,1714.0,1333.0,1423.0,0.3633387888707038,9.0,1603.7391304347825
1060,2018,6,Madhya Pradesh,Barwani,5.27,6.46,1226.0,1666.0,1222.0,1714.0,1534.0,-0.2641056422569028,8.5,1588.7435897435898
1060,2019,6,Madhya Pradesh,Barwani,4.59,4.74,1034.0,1226.0,1666.0,1222.0,1371.3333333333333,-0.1566068515497553,5.27,1341.735294117647
1062,2010,6,Madhya Pradesh,Neemuch,0.02,0.02,1222.0,1000.0,667.0,1000.0,889.0,0.22199999999999998,0.03,1238.107142857143
1062,2011,6,Madhya Pradesh,Neemuch,0.01,0.01,1091.0,1222.0,1000.0,667.0,963.0,-0.10720130932896887,0.02,1214.76
1062,2013,6,Madhya Pradesh,Neemuch,0.01,0.01,1000.0,1091.0,1222.0,1000.0,1104.3333333333333,-0.08340971585701196,0.01,1295.88
1062,2018,6,Madhya Pradesh,Neemuch,0.05,0.08,1689.0,1000.0,1091.0,1222.0,1104.3333333333333,0.6890000000000001,0.01,1588.7435897435898
1062,2019,6,Madhya Pradesh,Neemuch,0.06,0.04,632.0,1689.0,1000.0,1091.0,1260.0,-0.625814091178212,0.05,1341.735294117647
1063,2002,6,Madhya Pradesh,Sheopur Kalan,8.7,2.9,333.0,1083.0,1595.0,1165.0,1281.0,-0.6925207756232687,16.8,581.9473684210526
1063,2003,6,Madhya Pradesh,Sheopur Kalan,22.3,32.0,1435.0,333.0,1083.0,1595.0,1003.6666666666666,3.3093093093093096,8.7,1085.6315789473683
1063,2004,6,Madhya Pradesh,Sheopur Kalan,18.21,20.61,1132.0,1435.0,333.0,1083.0,950.3333333333334,-0.21114982578397212,22.3,940.3870967741935
1063,2005,6,Madhya Pradesh,Sheopur Kalan,16.92,25.23,1491.0,1132.0,1435.0,333.0,966.6666666666666,0.3171378091872792,18.21,1001.9333333333333
1063,2006,6,Madhya Pradesh,Sheopur Kalan,16.77,26.16,1560.0,1491.0,1132.0,1435.0,1352.6666666666667,0.046277665995975825,16.92,1027.1290322580646
1063,2007,6,Madhya Pradesh,Sheopur Kalan,19.1,26.7,1398.0,1560.0,1491.0,1132.0,1394.3333333333333,-0.10384615384615381,16.77,859.5
1063,2008,6,Madhya Pradesh,Sheopur Kalan,17.5,28.1,1606.0,1398.0,1560.0,1491.0,1483.0,0.14878397711015734,19.1,1110.0555555555557
1063,2009,6,Madhya Pradesh,Sheopur Kalan,14.5,21.3,1469.0,1606.0,1398.0,1560.0,1521.3333333333333,-0.08530510585305107,17.5,1051.3157894736842
1063,2010,6,Madhya Pradesh,Sheopur Kalan,16.74,28.65,1712.0,1469.0,1606.0,1398.0,1491.0,0.16541865214431595,14.5,1238.107142857143
1063,2011,6,Madhya Pradesh,Sheopur Kalan,16.29,28.08,1724.0,1712.0,1469.0,1606.0,1595.6666666666667,0.007009345794392496,16.74,1214.76
1063,2012,6,Madhya Pradesh,Sheopur Kalan,15.44,29.71,1924.0,1724.0,1712.0,1469.0,1635.0,0.11600928074245931,16.29,1543.9166666666667
1063,2013,6,Madhya Pradesh,Sheopur Kalan,13.69,27.2,1987.0,1924.0,1724.0,1712.0,1786.6666666666667,0.03274428274428276,15.44,1295.88
1063,2014,6,Madhya Pradesh,Sheopur Kalan,17.0,18.0,1059.0,1987.0,1924.0,1724.0,1878.3333333333333,-0.467035732259688,13.69,1621.1304347826087
1063,2015,6,Madhya Pradesh,Sheopur Kalan,15.0,19.0,1267.0,1059.0,1987.0,1924.0,1656.6666666666667,0.1964117091595845,17.0,1552.9166666666667
1063,2016,6,Madhya Pradesh,Sheopur Kalan,20.0,45.0,2250.0,1267.0,1059.0,1987.0,1437.6666666666667,0.7758484609313339,15.0,2052.0
1063,2017,6,Madhya Pradesh,Sheopur Kalan,27.0,35.37,1310.0,2250.0,1267.0,1059.0,1525.3333333333333,-0.4177777777777778,20.0,1603.7391304347825
1063,2018,6,Madhya Pradesh,Sheopur Kalan,25.23,45.67,1810.0,1310.0,2250.0,1267.0,1609.0,0.38167938931297707,27.0,1588.7435897435898
1063,2019,6,Madhya Pradesh,Sheopur Kalan,22.38,39.91,1783.0,1810.0,1310.0,2250.0,1790.0,-0.014917127071823244,25.23,1341.735294117647
1066,2003,14,Chhattisgarh,Jashpur,0.03,0.01,333.0,1000.0,333.0,500.0,611.0,-0.667,0.01,333.0
1066,2006,14,Chhattisgarh,Jashpur,0.02,0.01,500.0,333.0,1000.0,333.0,555.3333333333334,0.5015015015015014,0.03,450.0
1066,2007,14,Chhattisgarh,Jashpur,0.02,0.01,500.0,500.0,333.0,1000.0,611.0,0.0,0.02,666.6666666666666
1066,2008,14,Chhattisgarh,Jashpur,0.03,0.01,333.0,500.0,500.0,333.0,444.3333333333333,-0.33399999999999996,0.02,420.6666666666667
1066,2009,14,Chhattisgarh,Jashpur,0.02,0.01,500.0,333.0,500.0,500.0,444.3333333333333,0.5015015015015014,0.03,500.0
1066,2011,14,Chhattisgarh,Jashpur,0.01,0.01,1000.0,500.0,333.0,500.0,444.3333333333333,1.0,0.02,833.25
1066,2012,14,Chhattisgarh,Jashpur,0.02,0.01,500.0,1000.0,500.0,333.0,611.0,-0.5,0.01,723.5
1066,2013,14,Chhattisgarh,Jashpur,0.03,0.01,333.0,500.0,1000.0,500.0,666.6666666666666,-0.33399999999999996,0.02,810.5
1066,2014,14,Chhattisgarh,Jashpur,0.02,0.01,500.0,333.0,500.0,1000.0,611.0,0.5015015015015014,0.03,750.0
1066,2015,14,Chhattisgarh,Jashpur,0.02,0.01,500.0,500.0,333.0,500.0,444.3333333333333,0.0,0.02,666.6666666666666
1066,2016,14,Chhattisgarh,Jashpur,0.04,0.02,409.0,500.0,500.0,333.0,444.3333333333333,-0.18200000000000005,0.02,585.3333333333334
1066,2017,14,Chhattisgarh,Jashpur,0.02,0.01,435.0,409.0,500.0,500.0,469.6666666666667,0.0635696821515892,0.04,402.0
1066,2018,14,Chhattisgarh,Jashpur,0.01,0.01,385.0,435.0,409.0,500.0,448.0,-0.11494252873563215,0.02,684.0
1066,2019,14,Chhattisgarh,Jashpur,0.01,0.01,500.0,385.0,435.0,409.0,409.6666666666667,0.2987012987012987,0.01,492.0
1073,2002,7,Maharashtra,Hingoli,0.6,0.5,833.0,500.0,500.0,500.0,500.0,0.6659999999999999,0.4,676.7727272727273
1073,2003,7,Maharashtra,Hingoli,1.1,0.7,636.0,833.0,500.0,500.0,611.0,-0.23649459783913562,0.6,582.6363636363636
1073,2004,7,Maharashtra,Hingoli,0.8,0.4,500.0,636.0,833.0,500.0,656.3333333333334,-0.21383647798742134,1.1,622.1363636363636
1073,2005,7,Maharashtra,Hingoli,0.3,0.1,333.0,500.0,636.0,833.0,656.3333333333334,-0.33399999999999996,0.8,596.3181818181819
1073,2006,7,Maharashtra,Hingoli,0.3,0.2,667.0,333.0,500.0,636.0,489.6666666666667,1.0030030030030028,0.3,632.8571428571429
1073,2007,7,Maharashtra,Hingoli,0.2,0.11,550.0,667.0,333.0,500.0,500.0,-0.17541229385307344,0.3,736.9090909090909
1073,2008,7,Maharashtra,Hingoli,0.2,0.1,500.0,550.0,667.0,333.0,516.6666666666666,-0.09090909090909094,0.2,642.4545454545455
1073,2009,7,Maharashtra,Hingoli,0.3,0.15,500.0,500.0,550.0,667.0,572.3333333333334,0.0,0.2,685.7142857142857
1073,2010,7,Maharashtra,Hingoli,0.2,0.1,500.0,500.0,500.0,550.0,516.6666666666666,0.0,0.3,847.1428571428571
1073,2011,7,Maharashtra,Hingoli,0.2,0.2,1000.0,500.0,500.0,500.0,500.0,1.0,0.2,833.2380952380952
1073,2016,7,Maharashtra,Hingoli,0.3,0.09,287.0,1000.0,500.0,500.0,666.6666666666666,-0.7130000000000001,0.2,650.1818181818181
1073,2017,7,Maharashtra,Hingoli,0.3,0.1,333.0,287.0,1000.0,500.0,595.6666666666666,0.16027874564459932,0.3,609.0952380952381
1074,2001,7,Maharashtra,Nandurbar,16.6,18.1,1090.0,415.0,490.0,1054.0,653.0,1.6265060240963853,15.9,515.7272727272727
1074,2002,7,Maharashtra,Nandurbar,16.6,11.8,711.0,1090.0,415.0,490.0,665.0,-0.34770642201834867,16.6,676.7727272727273
1074,2003,7,Maharashtra,Nandurbar,19.1,19.5,1021.0,711.0,1090.0,415.0,738.6666666666666,0.4360056258790437,16.6,582.6363636363636
1074,2004,7,Maharashtra,Nandurbar,17.1,9.7,567.0,1021.0,711.0,1090.0,940.6666666666666,-0.44466209598432904,19.1,622.1363636363636
1074,2005,7,Maharashtra,Nandurbar,13.5,10.3,763.0,567.0,1021.0,711.0,766.3333333333334,0.345679012345679,17.1,596.3181818181819
1074,2006,7,Maharashtra,Nandurbar,13.2,8.3,629.0,763.0,567.0,1021.0,783.6666666666666,-0.17562254259501964,13.5,632.8571428571429
1074,2007,7,Maharashtra,Nandurbar,14.9,21.2,1423.0,629.0,763.0,567.0,653.0,1.262321144674086,13.2,736.9090909090909
1074,2008,7,Maharashtra,Nandurbar,15.0,21.2,1413.0,1423.0,629.0,763.0,938.3333333333334,-0.007027406886858767,14.9,642.4545454545455
1074,2009,7,Maharashtra,Nandurbar,15.6,12.91,828.0,1413.0,1423.0,629.0,1155.0,-0.4140127388535032,15.0,685.7142857142857
1074,2010,7,Maharashtra,Nandurbar,16.2,24.1,1488.0,828.0,1413.0,1423.0,1221.3333333333333,0.7971014492753623,15.6,847.1428571428571
1074,2011,7,Maharashtra,Nandurbar,12.6,15.3,1214.0,1488.0,828.0,1413.0,1243.0,-0.1841397849462365,16.2,833.2380952380952
1074,2012,7,Maharashtra,Nandurbar,12.2,15.99,1311.0,1214.0,1488.0,828.0,1176.6666666666667,0.07990115321252067,12.6,665.85
1074,2013,7,Maharashtra,Nandurbar,4.5,5.4,1200.0,1311.0,1214.0,1488.0,1337.6666666666667,-0.08466819221967958,12.2,844.578947368421
1074,2014,7,Maharashtra,Nandurbar,6.2,3.2,516.0,1200.0,1311.0,1214.0,1241.6666666666667,-0.5700000000000001,4.5,504.88235294117646
1074,2015,7,Maharashtra,Nandurbar,5.2,4.3,827.0,516.0,1200.0,1311.0,1009.0,0.6027131782945736,6.2,369.5625
1074,2016,7,Maharashtra,Nandurbar,4.6,4.8,1043.0,827.0,516.0,1200.0,847.6666666666666,0.2611850060459493,5.2,650.1818181818181
1074,2017,7,Maharashtra,Nandurbar,4.96,3.6,726.0,1043.0,827.0,516.0,795.3333333333334,-0.3039309683604986,4.6,609.0952380952381
1074,2018,7,Maharashtra,Nandurbar,6.69,4.82,720.0,726.0,1043.0,827.0,865.3333333333334,-0.008264462809917328,4.96,423.63157894736844
1074,2019,7,Maharashtra,Nandurbar,7.45,6.16,826.0,720.0,726.0,1043.0,829.6666666666666,0.14722222222222214,6.69,578.837
1075,2001,7,Maharashtra,Washim,2.3,0.8,348.0,600.0,519.0,500.0,539.6666666666666,-0.42000000000000004,2.5,515.7272727272727
1075,2002,7,Maharashtra,Washim,2.4,1.5,625.0,348.0,600.0,519.0,489.0,0.7959770114942528,2.3,676.7727272727273
1075,2003,7,Maharashtra,Washim,2.0,0.9,450.0,625.0,348.0,600.0,524.3333333333334,-0.28,2.4,582.6363636363636
1075,2004,7,Maharashtra,Washim,1.6,0.7,438.0,450.0,625.0,348.0,474.3333333333333,-0.026666666666666616,2.0,622.1363636363636
1075,2005,7,Maharashtra,Washim,1.4,0.7,500.0,438.0,450.0,625.0,504.3333333333333,0.14155251141552516,1.6,596.3181818181819
1075,2006,7,Maharashtra,Washim,1.6,0.9,563.0,500.0,438.0,450.0,462.6666666666667,0.1259999999999999,1.4,632.8571428571429
1075,2007,7,Maharashtra,Washim,0.9,0.49,544.0,563.0,500.0,438.0,500.3333333333333,-0.03374777975133214,1.6,736.9090909090909
1075,2008,7,Maharashtra,Washim,0.4,0.2,500.0,544.0,563.0,500.0,535.6666666666666,-0.08088235294117652,0.9,642.4545454545455
1075,2009,7,Maharashtra,Washim,0.4,0.28,700.0,500.0,544.0,563.0,535.6666666666666,0.3999999999999999,0.4,685.7142857142857
1075,2010,7,Maharashtra,Washim,0.5,0.2,400.0,700.0,500.0,544.0,581.3333333333334,-0.4285714285714286,0.4,847.1428571428571
1075,2011,7,Maharashtra,Washim,0.3,0.2,667.0,400.0,700.0,500.0,533.3333333333334,0.6675,0.5,833.2380952380952
1075,2012,7,Maharashtra,Washim,0.3,0.19,633.0,667.0,400.0,700.0,589.0,-0.050974512743628186,0.3,665.85
1075,2013,7,Maharashtra,Washim,0.4,0.3,750.0,633.0,667.0,400.0,566.6666666666666,0.18483412322274884,0.3,844.578947368421
1075,2016,7,Maharashtra,Washim,0.3,0.1,333.0,750.0,633.0,667.0,683.3333333333334,-0.556,0.4,650.1818181818181
1075,2017,7,Maharashtra,Washim,0.2,0.1,500.0,333.0,750.0,633.0,572.0,0.5015015015015014,0.3,609.0952380952381
1075,2018,7,Maharashtra,Washim,0.33,0.05,148.0,500.0,333.0,750.0,527.6666666666666,-0.704,0.2,423.63157894736844
1075,2019,7,Maharashtra,Washim,0.36,0.08,227.0,148.0,500.0,333.0,327.0,0.5337837837837838,0.33,578.837
1077,2011,11,Tamil Nadu,Ariyalur,0.6,1.52,2533.0,1290.0,1688.0,1561.0,1513.0,0.9635658914728682,0.69,2250.72
1077,2012,11,Tamil Nadu,Ariyalur,0.61,1.04,1705.0,2533.0,1290.0,1688.0,1837.0,-0.32688511646269247,0.6,1478.6153846153845
1077,2013,11,Tamil Nadu,Ariyalur,0.87,3.08,3540.0,1705.0,2533.0,1290.0,1842.6666666666667,1.0762463343108504,0.61,2170.25
1077,2014,11,Tamil Nadu,Ariyalur,0.72,2.35,3264.0,3540.0,1705.0,2533.0,2592.6666666666665,-0.07796610169491525,0.87,3069.8846153846152
1077,2015,11,Tamil Nadu,Ariyalur,0.71,2.45,3451.0,3264.0,3540.0,1705.0,2836.3333333333335,0.05729166666666674,0.72,2671.75
1077,2016,11,Tamil Nadu,Ariyalur,1.01,4.3,4269.0,3451.0,3264.0,3540.0,3418.3333333333335,0.2370327441321356,0.71,2170.375
1077,2017,11,Tamil Nadu,Ariyalur,1.49,3.5,2353.0,4269.0,3451.0,3264.0,3661.3333333333335,-0.4488170531740454,1.01,2231.28
1077,2018,11,Tamil Nadu,Ariyalur,0.83,1.93,2323.0,2353.0,4269.0,3451.0,3357.6666666666665,-0.012749681257968604,1.49,2474.84
1077,2019,11,Tamil Nadu,Ariyalur,1.03,3.38,3281.0,2323.0,2353.0,4269.0,2981.6666666666665,0.41239776151528207,0.83,2837.84
1080,2006,11,Tamil Nadu,Krishnagiri,0.55,0.96,1745.0,897.0,1368.0,361.0,875.3333333333334,0.9453734671125975,0.58,1589.5652173913043
1080,2007,11,Tamil Nadu,Krishnagiri,0.46,0.66,1435.0,1745.0,897.0,1368.0,1336.6666666666667,-0.1776504297994269,0.55,1603.8695652173913
1080,2008,11,Tamil Nadu,Krishnagiri,0.44,0.6,1364.0,1435.0,1745.0,897.0,1359.0,-0.049477351916376255,0.46,1738.4166666666667
1080,2009,11,Tamil Nadu,Krishnagiri,0.52,0.76,1462.0,1364.0,1435.0,1745.0,1514.6666666666667,0.07184750733137824,0.44,1623.92
1080,2010,11,Tamil Nadu,Krishnagiri,0.44,0.57,1295.0,1462.0,1364.0,1435.0,1420.3333333333333,-0.11422708618331057,0.52,1499.9583333333333
1080,2011,11,Tamil Nadu,Krishnagiri,0.34,0.75,2206.0,1295.0,1462.0,1364.0,1373.6666666666667,0.7034749034749035,0.44,2250.72
1080,2012,11,Tamil Nadu,Krishnagiri,0.46,0.71,1543.0,2206.0,1295.0,1462.0,1654.3333333333333,-0.30054397098821395,0.34,1478.6153846153845
1080,2013,11,Tamil Nadu,Krishnagiri,0.51,1.58,3098.0,1543.0,2206.0,1295.0,1681.3333333333333,1.0077770576798444,0.46,2170.25
1080,2014,11,Tamil Nadu,Krishnagiri,0.27,0.81,3000.0,3098.0,1543.0,2206.0,2282.3333333333335,-0.031633311814073584,0.51,3069.8846153846152
1080,2015,11,Tamil Nadu,Krishnagiri,0.52,1.39,2673.0,3000.0,3098.0,1543.0,2547.0,-0.10899999999999999,0.27,2671.75
1080,2016,11,Tamil Nadu,Krishnagiri,0.53,1.54,2897.0,2673.0,3000.0,3098.0,2923.6666666666665,0.08380097268986164,0.52,2170.375
1080,2017,11,Tamil Nadu,Krishnagiri,0.62,1.46,2352.0,2897.0,2673.0,3000.0,2856.6666666666665,-0.18812564722126335,0.53,2231.28
1080,2018,11,Tamil Nadu,Krishnagiri,0.76,2.13,2823.0,2352.0,2897.0,2673.0,2640.6666666666665,0.2002551020408163,0.62,2474.84
1080,2019,11,Tamil Nadu,Krishnagiri,0.43,1.19,2777.0,2823.0,2352.0,2897.0,2690.6666666666665,-0.016294721927027966,0.76,2837.84
1081,2019,6,Madhya Pradesh,Ashoknagar,0.01,0.01,1833.0,2167.0,863.0,1548.0,1526.0,-0.15413013382556529,0.01,1341.735294117647
1082,2006,6,Madhya Pradesh,Burhanpur,0.11,0.08,727.0,692.0,595.0,1000.0,762.3333333333334,0.050578034682081,0.13,1027.1290322580646
1082,2007,6,Madhya Pradesh,Burhanpur,0.2,0.2,1000.0,727.0,692.0,595.0,671.3333333333334,0.37551581843191206,0.11,859.5
1082,2009,6,Madhya Pradesh,Burhanpur,0.1,0.1,1000.0,1000.0,727.0,692.0,806.3333333333334,0.0,0.2,1051.3157894736842
1082,2010,6,Madhya Pradesh,Burhanpur,0.09,0.1,1075.0,1000.0,1000.0,727.0,909.0,0.07499999999999996,0.1,1238.107142857143
1082,2011,6,Madhya Pradesh,Burhanpur,0.1,0.11,1029.0,1075.0,1000.0,1000.0,1025.0,-0.042790697674418565,0.09,1214.76
1082,2012,6,Madhya Pradesh,Burhanpur,0.11,0.13,1182.0,1029.0,1075.0,1000.0,1034.6666666666667,0.14868804664723023,0.1,1543.9166666666667
1082,2013,6,Madhya Pradesh,Burhanpur,0.07,0.07,1000.0,1182.0,1029.0,1075.0,1095.3333333333333,-0.1539763113367174,0.11,1295.88
1082,2017,6,Madhya Pradesh,Burhanpur,0.1,0.1,1000.0,1000.0,1182.0,1029.0,1070.3333333333333,0.0,0.07,1603.7391304347825
1082,2018,6,Madhya Pradesh,Burhanpur,0.03,0.05,1424.0,1000.0,1000.0,1182.0,1060.6666666666667,0.42399999999999993,0.1,1588.7435897435898
1082,2019,6,Madhya Pradesh,Burhanpur,0.09,0.07,824.0,1424.0,1000.0,1000.0,1141.3333333333333,-0.4213483146067416,0.03,1341.735294117647
2001,2013,3,Gujarat,Tapi,0.13,0.35,2692.0,2000.0,1000.0,2000.0,1666.6666666666667,0.3460000000000001,0.1,2143.2727272727275
2001,2014,3,Gujarat,Tapi,0.09,0.21,2333.0,2692.0,2000.0,1000.0,1897.3333333333333,-0.13335809806835064,0.13,2152.9666666666667
2001,2015,3,Gujarat,Tapi,0.09,0.15,1667.0,2333.0,2692.0,2000.0,2341.6666666666665,-0.28546935276468066,0.09,2088.689655172414
2001,2019,3,Gujarat,Tapi,0.02,0.04,2867.0,1667.0,2333.0,2692.0,2230.6666666666665,0.719856028794241,0.09,2517.0666666666666
2002,2008,4,Haryana,Mewat,22.6,35.0,1549.0,1630.0,1293.0,1024.0,1315.6666666666667,-0.04969325153374238,27.0,2155.5263157894738
2002,2009,4,Haryana,Mewat,25.6,44.0,1719.0,1549.0,1630.0,1293.0,1490.6666666666667,0.1097482246610717,22.6,1876.388888888889
2002,2010,4,Haryana,Mewat,26.6,38.0,1429.0,1719.0,1549.0,1630.0,1632.6666666666667,-0.16870273414776038,25.6,1996.1666666666667
2002,2011,4,Haryana,Mewat,25.1,47.0,1873.0,1429.0,1719.0,1549.0,1565.6666666666667,0.31070678796361095,26.6,2137.5
2002,2012,4,Haryana,Mewat,22.38,43.0,1921.0,1873.0,1429.0,1719.0,1673.6666666666667,0.02562733582487997,25.1,2085.5555555555557
2002,2013,4,Haryana,Mewat,23.0,48.0,2087.0,1921.0,1873.0,1429.0,1741.0,0.08641332639250399,22.38,2006.7058823529412
2002,2014,4,Haryana,Mewat,26.0,44.0,1692.0,2087.0,1921.0,1873.0,1960.3333333333333,-0.18926689027311927,23.0,1869.235294117647
2002,2015,4,Haryana,Mewat,26.5,51.0,1925.0,1692.0,2087.0,1921.0,1900.0,0.13770685579196207,26.0,1843.8235294117646
2002,2016,4,Haryana,Mewat,24.7,49.0,1984.0,1925.0,1692.0,2087.0,1901.3333333333333,0.030649350649350593,26.5,2084.4
2002,2017,4,Haryana,Mewat,25.4,59.0,2323.0,1984.0,1925.0,1692.0,1867.0,0.170866935483871,24.7,1821.235294117647
2002,2018,4,Haryana,Mewat,26.0,68.0,2615.0,2323.0,1984.0,1925.0,2077.3333333333335,0.12569952647438654,25.4,2226.7
2002,2019,4,Haryana,Mewat,30.1,83.2,2764.0,2615.0,2323.0,1984.0,2307.3333333333335,0.05697896749521991,26.0,2225.5714285714284
2003,2011,4,Haryana,Palwal,8.0,15.0,1875.0,1786.0,1940.0,1948.0,1891.3333333333333,0.049832026875699986,8.4,2137.5
2003,2012,4,Haryana,Palwal,7.6,15.0,1974.0,1875.0,1786.0,1940.0,1867.0,0.05279999999999996,8.0,2085.5555555555557
2003,2013,4,Haryana,Palwal,8.0,17.0,2125.0,1974.0,1875.0,1786.0,1878.3333333333333,0.0764944275582573,7.6,2006.7058823529412
2003,2014,4,Haryana,Palwal,7.0,13.0,1857.0,2125.0,1974.0,1875.0,1991.3333333333333,-0.12611764705882356,8.0,1869.235294117647
2003,2015,4,Haryana,Palwal,7.4,9.0,1216.0,1857.0,2125.0,1974.0,1985.3333333333333,-0.34518039849219173,7.0,1843.8235294117646
2003,2016,4,Haryana,Palwal,11.1,11.0,991.0,1216.0,1857.0,2125.0,1732.6666666666667,-0.18503289473684215,7.4,2084.4
2003,2017,4,Haryana,Palwal,5.4,13.0,2407.0,991.0,1216.0,1857.0,1354.6666666666667,1.4288597376387489,11.1,1821.235294117647
2003,2018,4,Haryana,Palwal,7.0,19.0,2714.0,2407.0,991.0,1216.0,1538.0,0.1275446614042377,5.4,2226.7
2003,2019,4,Haryana,Palwal,10.5,27.9,2657.0,2714.0,2407.0,991.0,2037.3333333333333,-0.021002210759027307,7.0,2225.5714285714284
2004,2016,5,Karnataka,Ramanagaram,0.01,0.01,1000.0,1000.0,1143.0,1000.0,1047.6666666666667,0.0,0.01,919.8888888888889
2004,2017,5,Karnataka,Ramanagaram,0.09,0.1,1080.0,1000.0,1000.0,1143.0,1047.6666666666667,0.08000000000000007,0.01,1521.235294117647
2004,2018,5,Karnataka,Ramanagaram,0.01,0.01,857.0,1080.0,1000.0,1000.0,1026.6666666666667,-0.2064814814814815,0.09,968.64
2005,2016,5,Karnataka,Chikkaballapur,0.04,0.04,1050.0,625.0,929.0,1000.0,851.3333333333334,0.6799999999999999,0.08,919.8888888888889
2005,2017,5,Karnataka,Chikkaballapur,0.11,0.17,1594.0,1050.0,625.0,929.0,868.0,0.5180952380952382,0.04,1521.235294117647
2005,2018,5,Karnataka,Chikkaballapur,0.21,0.19,910.0,1594.0,1050.0,625.0,1089.6666666666667,-0.42910915934755334,0.11,968.64
2005,2019,5,Karnataka,Chikkaballapur,0.21,0.22,1082.0,910.0,1594.0,1050.0,1184.6666666666667,0.189010989010989,0.21,1106.3633333333335
2006,2011,6,Madhya Pradesh,Alirajpur,15.63,11.11,711.0,725.0,542.0,692.0,653.0,-0.0193103448275862,16.27,1214.76
2006,2012,6,Madhya Pradesh,Alirajpur,15.58,19.72,1266.0,711.0,725.0,542.0,659.3333333333334,0.7805907172995781,15.63,1543.9166666666667
2006,2013,6,Madhya Pradesh,Alirajpur,13.62,18.38,1349.0,1266.0,711.0,725.0,900.6666666666666,0.0655608214849921,15.58,1295.88
2006,2014,6,Madhya Pradesh,Alirajpur,11.0,9.0,818.0,1349.0,1266.0,711.0,1108.6666666666667,-0.3936249073387694,13.62,1621.1304347826087
2006,2015,6,Madhya Pradesh,Alirajpur,14.0,16.0,1143.0,818.0,1349.0,1266.0,1144.3333333333333,0.39731051344743284,11.0,1552.9166666666667
2006,2016,6,Madhya Pradesh,Alirajpur,17.0,18.0,1059.0,1143.0,818.0,1349.0,1103.3333333333333,-0.07349081364829402,14.0,2052.0
2006,2017,6,Madhya Pradesh,Alirajpur,17.0,38.85,2285.0,1059.0,1143.0,818.0,1006.6666666666666,1.1576959395656279,17.0,1603.7391304347825
2006,2018,6,Madhya Pradesh,Alirajpur,8.79,11.12,1266.0,2285.0,1059.0,1143.0,1495.6666666666667,-0.4459518599562363,17.0,1588.7435897435898
2006,2019,6,Madhya Pradesh,Alirajpur,8.54,8.71,1020.0,1266.0,2285.0,1059.0,1536.6666666666667,-0.1943127962085308,8.79,1341.735294117647
2007,2018,6,Madhya Pradesh,Singrauli,0.11,0.14,1228.0,2689.0,619.0,1125.0,1477.6666666666667,-0.5433246560059501,23.6,1588.7435897435898
2007,2019,6,Madhya Pradesh,Singrauli,0.02,0.02,913.0,1228.0,2689.0,619.0,1512.0,-0.25651465798045603,0.11,1341.735294117647
2012,2012,10,Rajasthan,Pratapgarh,0.01,0.01,1000.0,1000.0,2000.0,1000.0,1333.3333333333333,0.0,0.01,1154.1818181818182
2012,2013,10,Rajasthan,Pratapgarh,0.01,0.01,1000.0,1000.0,1000.0,2000.0,1333.3333333333333,0.0,0.01,1063.7878787878788
2012,2016,10,Rajasthan,Pratapgarh,0.01,0.01,1000.0,1000.0,1000.0,1000.0,1000.0,0.0,0.01,1111.3939393939395
2012,2017,10,Rajasthan,Pratapgarh,0.01,0.01,857.0,1000.0,1000.0,1000.0,1000.0,-0.14300000000000002,0.01,1012.3333333333334
2013,2011,12,Uttar Pradesh,Kasganj Khansi Ram Nagar,36.05,95.45,2648.0,1909.0,2036.0,1826.0,1923.6666666666667,0.3871136720796229,38.27,1526.8095238095239
2013,2012,12,Uttar Pradesh,Kasganj Khansi Ram Nagar,36.35,104.27,2869.0,2648.0,1909.0,2036.0,2197.6666666666665,0.0834592145015105,36.05,1586.5967741935483
2013,2013,12,Uttar Pradesh,Kasganj Khansi Ram Nagar,39.42,123.12,3123.0,2869.0,2648.0,1909.0,2475.3333333333335,0.08853258975252709,36.35,1458.9322033898304
2013,2014,12,Uttar Pradesh,Kasganj Khansi Ram Nagar,47.29,157.61,3333.0,3123.0,2869.0,2648.0,2880.0,0.06724303554274735,39.42,1524.3559322033898
2013,2015,12,Uttar Pradesh,Kasganj Khansi Ram Nagar,46.4,112.02,2414.0,3333.0,3123.0,2869.0,3108.3333333333335,-0.2757275727572758,47.29,1426.6896551724137
2013,2016,12,Uttar Pradesh,Kasganj Khansi Ram Nagar,43.17,96.52,2236.0,2414.0,3333.0,3123.0,2956.6666666666665,-0.07373653686826842,46.4,1464.7166666666667
2013,2017,12,Uttar Pradesh,Kasganj Khansi Ram Nagar,39.79,90.28,2269.0,2236.0,2414.0,3333.0,2661.0,0.01475849731663681,43.17,1620.1724137931035
2013,2018,12,Uttar Pradesh,Kasganj Khansi Ram Nagar,40.04,99.67,2489.0,2269.0,2236.0,2414.0,2306.3333333333335,0.09695901278096075,39.79,1712.9016393442623
2013,2019,12,Uttar Pradesh,Kasganj Khansi Ram Nagar,39.13,121.29,3100.0,2489.0,2269.0,2236.0,2331.3333333333335,0.24548011249497792,40.04,1894.1833333333334
2020,2011,11,Tamil Nadu,Thiruppur,0.08,0.19,2375.0,1444.0,3688.0,4810.0,3314.0,0.644736842105263,0.09,2250.72
2020,2012,11,Tamil Nadu,Thiruppur,0.07,0.09,1286.0,2375.0,1444.0,3688.0,2502.3333333333335,-0.45852631578947367,0.08,1478.6153846153845
2020,2013,11,Tamil Nadu,Thiruppur,0.04,0.09,2250.0,1286.0,2375.0,1444.0,1701.6666666666667,0.7496111975116642,0.07,2170.25
2020,2014,11,Tamil Nadu,Thiruppur,0.06,0.18,3000.0,2250.0,1286.0,2375.0,1970.3333333333333,0.33333333333333326,0.04,3069.8846153846152
2020,2015,11,Tamil Nadu,Thiruppur,0.38,0.96,2526.0,3000.0,2250.0,1286.0,2178.6666666666665,-0.15800000000000003,0.06,2671.75
2020,2016,11,Tamil Nadu,Thiruppur,0.15,0.1,698.0,2526.0,3000.0,2250.0,2592.0,-0.723673792557403,0.38,2170.375
2020,2017,11,Tamil Nadu,Thiruppur,0.39,0.86,2202.0,698.0,2526.0,3000.0,2074.6666666666665,2.154727793696275,0.15,2231.28
2020,2018,11,Tamil Nadu,Thiruppur,0.04,0.1,2366.0,2202.0,698.0,2526.0,1808.6666666666667,0.07447774750227065,0.39,2474.84
2020,2019,11,Tamil Nadu,Thiruppur,0.05,0.15,2741.0,2366.0,2202.0,698.0,1755.3333333333333,0.1584953508030431,0.04,2837.84
2025,2013,5,Karnataka,Yadagiri,19.65,20.53,1045.0,896.0,717.0,849.0,820.6666666666666,0.1662946428571428,21.18,1081.0555555555557
2025,2014,5,Karnataka,Yadagiri,16.16,15.55,962.0,1045.0,896.0,717.0,886.0,-0.07942583732057418,19.65,981.625
2025,2015,5,Karnataka,Yadagiri,15.61,11.19,717.0,962.0,1045.0,896.0,967.6666666666666,-0.25467775467775466,16.16,714.4705882352941
2025,2016,5,Karnataka,Yadagiri,17.86,14.19,795.0,717.0,962.0,1045.0,908.0,0.10878661087866104,15.61,919.8888888888889
2025,2017,5,Karnataka,Yadagiri,13.68,22.56,1650.0,795.0,717.0,962.0,824.6666666666666,1.0754716981132075,17.86,1521.235294117647
2025,2018,5,Karnataka,Yadagiri,8.88,10.63,1197.0,1650.0,795.0,717.0,1054.0,-0.27454545454545454,13.68,968.64
2025,2019,5,Karnataka,Yadagiri,12.87,18.86,1464.81,1197.0,1650.0,795.0,1214.0,0.2237343358395989,8.88,1106.3633333333335
2026,2013,12,Uttar Pradesh,Amethi C.S.M.Nagar,0.77,0.74,961.0,837.0,1854.0,875.0,1188.6666666666667,0.14814814814814814,0.49,1458.9322033898304
2026,2014,12,Uttar Pradesh,Amethi C.S.M.Nagar,0.16,0.2,1250.0,961.0,837.0,1854.0,1217.3333333333333,0.3007284079084287,0.77,1524.3559322033898
2026,2015,12,Uttar Pradesh,Amethi C.S.M.Nagar,0.21,0.11,524.0,1250.0,961.0,837.0,1016.0,-0.5808,0.16,1426.6896551724137
2026,2016,12,Uttar Pradesh,Amethi C.S.M.Nagar,0.42,0.34,801.0,524.0,1250.0,961.0,911.6666666666666,0.5286259541984732,0.21,1464.7166666666667
2026,2017,12,Uttar Pradesh,Amethi C.S.M.Nagar,0.46,0.9,1974.0,801.0,524.0,1250.0,858.3333333333334,1.4644194756554305,0.42,1620.1724137931035
2026,2018,12,Uttar Pradesh,Amethi C.S.M.Nagar,0.39,0.8,2068.0,1974.0,801.0,524.0,1099.6666666666667,0.04761904761904767,0.46,1712.9016393442623
2026,2019,12,Uttar Pradesh,Amethi C.S.M.Nagar,0.43,0.92,2162.0,2068.0,1974.0,801.0,1614.3333333333333,0.045454545454545414,0.39,1894.1833333333334
2031,2014,12,Uttar Pradesh,Sambhal,74.35,111.75,1503.0,1386.0,1251.0,1426.0,1354.3333333333333,0.0844155844155845,72.57,1524.3559322033898
2031,2015,12,Uttar Pradesh,Sambhal,71.79,103.45,1441.0,1503.0,1386.0,1251.0,1380.0,-0.041250831669993326,74.35,1426.6896551724137
2031,2016,12,Uttar Pradesh,Sambhal,66.84,102.19,1529.0,1441.0,1503.0,1386.0,1443.3333333333333,0.06106870229007644,71.79,1464.7166666666667
2031,2017,12,Uttar Pradesh,Sambhal,72.91,101.57,1393.0,1529.0,1441.0,1503.0,1491.0,-0.08894702419882272,66.84,1620.1724137931035
2031,2018,12,Uttar Pradesh,Sambhal,78.77,121.46,1542.0,1393.0,1529.0,1441.0,1454.3333333333333,0.10696338837042352,72.91,1712.9016393442623
2031,2019,12,Uttar Pradesh,Sambhal,71.9,100.16,1393.0,1542.0,1393.0,1529.0,1488.0,-0.09662775616083008,78.77,1894.1833333333334
2050,2017,3,Gujarat,Aravalli,3.54,9.17,2595.0,2232.0,1840.0,1979.0,2017.0,0.1626344086021505,4.12,2351.5172413793102
2050,2018,3,Gujarat,Aravalli,2.85,5.2,1823.0,2595.0,2232.0,1840.0,2222.3333333333335,-0.297495183044316,3.54,2204.777777777778
2050,2019,3,Gujarat,Aravalli,5.1,13.87,2720.0,1823.0,2595.0,2232.0,2216.6666666666665,0.492046077893582,2.85,2517.0666666666666
2051,2017,3,Gujarat,Botad,0.75,1.35,1802.0,1514.0,2597.0,2550.0,2220.3333333333335,0.190224570673712,0.69,2351.5172413793102
2051,2018,3,Gujarat,Botad,0.44,0.74,1681.0,1802.0,1514.0,2597.0,1971.0,-0.06714761376248612,0.75,2204.777777777778
2051,2019,3,Gujarat,Botad,1.0,2.49,2483.0,1681.0,1802.0,1514.0,1665.6666666666667,0.47709696609161223,0.44,2517.0666666666666
2052,2019,3,Gujarat,Chhota Udaipur,0.01,0.04,2857.0,2925.0,2500.0,3000.0,2808.3333333333335,-0.02324786324786321,0.05,2517.0666666666666
2053,2017,3,Gujarat,Devbhoomi Dwarka,0.09,0.17,1860.0,1532.0,1647.0,1714.0,1631.0,0.21409921671018273,0.28,2351.5172413793102
2053,2018,3,Gujarat,Devbhoomi Dwarka,0.05,0.07,1396.0,1860.0,1532.0,1647.0,1679.6666666666667,-0.2494623655913979,0.09,2204.777777777778
2053,2019,3,Gujarat,Devbhoomi Dwarka,0.31,0.9,2872.0,1396.0,1860.0,1532.0,1596.0,1.0573065902578795,0.05,2517.0666666666666
2054,2017,3,Gujarat,Gir Somnath,4.54,14.42,3174.0,2157.0,2400.0,3066.0,2541.0,0.47148817802503484,8.11,2351.5172413793102
2054,2018,3,Gujarat,Gir Somnath,5.45,16.05,2946.0,3174.0,2157.0,2400.0,2577.0,-0.07183364839319473,4.54,2204.777777777778
2054,2019,3,Gujarat,Gir Somnath,8.41,25.67,3054.0,2946.0,3174.0,2157.0,2759.0,0.03665987780040725,5.45,2517.0666666666666
2055,2017,3,Gujarat,Mahi Sagar,7.57,9.18,1212.0,1600.0,1421.0,1541.0,1520.6666666666667,-0.24250000000000005,10.85,2351.5172413793102
2055,2018,3,Gujarat,Mahi Sagar,6.86,14.46,2107.0,1212.0,1600.0,1421.0,1411.0,0.7384488448844884,7.57,2204.777777777778
2055,2019,3,Gujarat,Mahi Sagar,5.25,10.66,2029.0,2107.0,1212.0,1600.0,1639.6666666666667,-0.037019458946369266,6.86,2517.0666666666666
2056,2017,3,Gujarat,Morbi,0.57,0.93,1631.0,1688.0,1332.0,1468.0,1496.0,-0.03376777251184837,1.6,2351.5172413793102
2056,2018,3,Gujarat,Morbi,7.89,5.58,708.0,1631.0,1688.0,1332.0,1550.3333333333333,-0.5659104843654199,0.57,2204.777777777778
2056,2019,3,Gujarat,Morbi,6.13,4.12,672.0,708.0,1631.0,1688.0,1342.3333333333333,-0.05084745762711862,7.89,2517.0666666666666
2104,2019,20,Telangana,Jagityal,1.23,1.49,1215.62,497.0,1057.01,869.96,807.9900000000001,1.4459154929577465,1.62,1174.3999999999999
2108,2019,20,Telangana,Jogulamba,0.35,0.53,1502.86,503.0,1168.87,1061.07,910.9799999999999,1.9877932405566598,0.32,1174.3999999999999
2111,2019,20,Telangana,Sangareddy,0.12,0.06,466.1,496.0,1060.61,870.83,809.1466666666665,-0.06028225806451604,0.13,1174.3999999999999
