dist_code,year,state_code,state_name,dist_name,area,production,yield_kg_ha
1,2000,14,Chhattisgarh,Durg,0.02,0.01,500.0
1,2010,14,Chhattisgarh,Durg,0.33,0.49,1485.0
1,2017,14,Chhattisgarh,Durg,0.02,0.01,333.0
3,1991,14,Chhattisgarh,Raipur,0.02,0.02,1000.0
3,1992,14,Chhattisgarh,Raipur,0.01,0.01,1000.0
3,2007,14,Chhattisgarh,Raipur,0.01,0.01,1000.0
4,2011,14,Chhattisgarh,Bilaspur,0.01,0.01,1000.0
4,2012,14,Chhattisgarh,Bilaspur,0.01,0.01,1000.0
4,2013,14,Chhattisgarh,Bilaspur,0.01,0.01,1000.0
4,2014,14,Chhattisgarh,Bilaspur,0.02,0.01,500.0
4,2015,14,Chhattisgarh,Bilaspur,0.02,0.01,500.0
4,2016,14,Chhattisgarh,Bilaspur,0.02,0.01,400.0
4,2017,14,Chhattisgarh,Bilaspur,0.02,0.01,438.0
4,2018,14,Chhattisgarh,Bilaspur,0.01,0.01,417.0
5,1990,14,Chhattisgarh,Raigarh,0.07,0.04,571.0
5,1991,14,Chhattisgarh,Raigarh,0.04,0.02,500.0
5,1992,14,Chhattisgarh,Raigarh,0.05,0.03,600.0
5,1993,14,Chhattisgarh,Raigarh,0.06,0.03,500.0
5,2000,14,Chhattisgarh,Raigarh,0.02,0.01,500.0
5,2001,14,Chhattisgarh,Raigarh,0.03,0.01,333.0
5,2002,14,Chhattisgarh,Raigarh,0.03,0.01,333.0
5,2004,14,Chhattisgarh,Raigarh,0.03,0.01,333.0
5,2005,14,Chhattisgarh,Raigarh,0.03,0.01,333.0
5,2006,14,Chhattisgarh,Raigarh,0.05,0.02,400.0
5,2007,14,Chhattisgarh,Raigarh,0.02,0.01,500.0
5,2008,14,Chhattisgarh,Raigarh,0.02,0.01,500.0
5,2009,14,Chhattisgarh,Raigarh,0.02,0.01,500.0
5,2011,14,Chhattisgarh,Raigarh,0.03,0.01,333.0
5,2012,14,Chhattisgarh,Raigarh,0.33,0.13,394.0
5,2013,14,Chhattisgarh,Raigarh,0.01,0.01,1000.0
5,2014,14,Chhattisgarh,Raigarh,0.01,0.01,1000.0
5,2015,14,Chhattisgarh,Raigarh,0.01,0.01,1000.0
6,1990,14,Chhattisgarh,Surguja,0.04,0.02,500.0
7,1990,6,Madhya Pradesh,Jabalpur,0.04,0.04,1000.0
7,1991,6,Madhya Pradesh,Jabalpur,0.03,0.02,667.0
7,1992,6,Madhya Pradesh,Jabalpur,0.05,0.04,800.0
7,1993,6,Madhya Pradesh,Jabalpur,0.02,0.01,500.0
7,2005,6,Madhya Pradesh,Jabalpur,0.01,0.01,1000.0
7,2006,6,Madhya Pradesh,Jabalpur,0.01,0.01,1000.0
7,2018,6,Madhya Pradesh,Jabalpur,0.03,0.04,1321.0
7,2019,6,Madhya Pradesh,Jabalpur,0.01,0.02,1727.0
8,2006,6,Madhya Pradesh,Balaghat,0.01,0.01,1000.0
9,1990,6,Madhya Pradesh,Chhindwara,0.08,0.05,625.0
9,1991,6,Madhya Pradesh,Chhindwara,0.07,0.04,571.0
9,1992,6,Madhya Pradesh,Chhindwara,0.15,0.1,667.0
9,1993,6,Madhya Pradesh,Chhindwara,0.17,0.12,706.0
9,1994,6,Madhya Pradesh,Chhindwara,0.3,0.2,667.0
9,1995,6,Madhya Pradesh,Chhindwara,0.2,0.2,1000.0
9,1996,6,Madhya Pradesh,Chhindwara,0.1,0.1,1000.0
9,1997,6,Madhya Pradesh,Chhindwara,0.2,0.2,1000.0
9,1998,6,Madhya Pradesh,Chhindwara,0.2,0.1,500.0
9,1999,6,Madhya Pradesh,Chhindwara,0.1,0.1,1000.0
9,2000,6,Madhya Pradesh,Chhindwara,0.3,0.2,667.0
9,2001,6,Madhya Pradesh,Chhindwara,0.4,0.2,500.0
9,2002,6,Madhya Pradesh,Chhindwara,0.1,0.1,1000.0
9,2003,6,Madhya Pradesh,Chhindwara,0.1,0.1,1000.0
9,2004,6,Madhya Pradesh,Chhindwara,0.11,0.09,818.0
9,2005,6,Madhya Pradesh,Chhindwara,0.08,0.05,625.0
9,2006,6,Madhya Pradesh,Chhindwara,0.11,0.09,818.0
9,2010,6,Madhya Pradesh,Chhindwara,0.11,0.11,964.0
9,2011,6,Madhya Pradesh,Chhindwara,0.11,0.13,1218.0
9,2014,6,Madhya Pradesh,Chhindwara,2.0,3.0,1500.0
9,2018,6,Madhya Pradesh,Chhindwara,0.14,0.17,1169.0
9,2019,6,Madhya Pradesh,Chhindwara,0.01,0.01,1143.0
10,1990,6,Madhya Pradesh,Narsinghpur,0.14,0.14,1000.0
10,1991,6,Madhya Pradesh,Narsinghpur,0.11,0.09,818.0
10,1992,6,Madhya Pradesh,Narsinghpur,0.09,0.1,1111.0
10,1993,6,Madhya Pradesh,Narsinghpur,0.07,0.06,857.0
10,1995,6,Madhya Pradesh,Narsinghpur,0.2,0.2,1000.0
10,2000,6,Madhya Pradesh,Narsinghpur,0.1,0.1,1000.0
10,2004,6,Madhya Pradesh,Narsinghpur,0.02,0.03,1500.0
10,2005,6,Madhya Pradesh,Narsinghpur,0.01,0.02,2000.0
10,2007,6,Madhya Pradesh,Narsinghpur,0.1,0.1,1000.0
10,2011,6,Madhya Pradesh,Narsinghpur,0.02,0.04,1947.0
10,2013,6,Madhya Pradesh,Narsinghpur,0.01,0.01,1000.0
10,2014,6,Madhya Pradesh,Narsinghpur,3.0,4.0,1333.0
10,2017,6,Madhya Pradesh,Narsinghpur,1.0,2.54,2540.0
10,2018,6,Madhya Pradesh,Narsinghpur,0.01,0.01,1429.0
11,1990,6,Madhya Pradesh,Seoni,0.05,0.06,1200.0
11,2012,6,Madhya Pradesh,Seoni,0.01,0.02,2000.0
11,2018,6,Madhya Pradesh,Seoni,0.01,0.01,1250.0
13,1990,6,Madhya Pradesh,Sagar,0.03,0.02,667.0
13,1991,6,Madhya Pradesh,Sagar,0.06,0.03,500.0
13,1992,6,Madhya Pradesh,Sagar,0.01,0.01,1000.0
13,1993,6,Madhya Pradesh,Sagar,0.01,0.01,1000.0
13,2004,6,Madhya Pradesh,Sagar,0.03,0.02,667.0
13,2005,6,Madhya Pradesh,Sagar,0.04,0.04,1000.0
13,2006,6,Madhya Pradesh,Sagar,0.02,0.02,1000.0
13,2009,6,Madhya Pradesh,Sagar,0.1,0.1,1000.0
13,2010,6,Madhya Pradesh,Sagar,0.02,0.02,1050.0
13,2011,6,Madhya Pradesh,Sagar,0.06,0.07,1048.0
13,2012,6,Madhya Pradesh,Sagar,0.02,0.07,3500.0
13,2013,6,Madhya Pradesh,Sagar,0.01,0.01,1000.0
13,2018,6,Madhya Pradesh,Sagar,0.02,0.03,1737.0
13,2019,6,Madhya Pradesh,Sagar,0.02,0.02,1267.0
14,1992,6,Madhya Pradesh,Damoh,0.02,0.02,1000.0
14,1993,6,Madhya Pradesh,Damoh,0.03,0.03,1000.0
14,2002,6,Madhya Pradesh,Damoh,0.1,0.1,1000.0
14,2003,6,Madhya Pradesh,Damoh,0.2,0.2,1000.0
14,2004,6,Madhya Pradesh,Damoh,0.06,0.07,1167.0
14,2005,6,Madhya Pradesh,Damoh,0.06,0.08,1333.0
14,2006,6,Madhya Pradesh,Damoh,0.07,0.08,1143.0
14,2007,6,Madhya Pradesh,Damoh,0.1,0.1,1000.0
14,2010,6,Madhya Pradesh,Damoh,0.01,0.01,2000.0
14,2011,6,Madhya Pradesh,Damoh,1.4,2.69,1923.0
14,2012,6,Madhya Pradesh,Damoh,0.01,0.02,2000.0
14,2014,6,Madhya Pradesh,Damoh,2.0,5.0,2500.0
15,2012,6,Madhya Pradesh,Tikamgarh,0.03,0.03,1000.0
15,2018,6,Madhya Pradesh,Tikamgarh,0.01,0.01,857.0
15,2019,6,Madhya Pradesh,Tikamgarh,0.01,0.01,889.0
16,1990,6,Madhya Pradesh,Chhatarpur,0.04,0.02,500.0
16,1991,6,Madhya Pradesh,Chhatarpur,0.04,0.01,250.0
16,1992,6,Madhya Pradesh,Chhatarpur,0.06,0.04,667.0
16,1993,6,Madhya Pradesh,Chhatarpur,0.04,0.02,500.0
16,2004,6,Madhya Pradesh,Chhatarpur,0.04,0.02,500.0
16,2005,6,Madhya Pradesh,Chhatarpur,0.04,0.02,500.0
16,2006,6,Madhya Pradesh,Chhatarpur,0.24,0.12,500.0
16,2007,6,Madhya Pradesh,Chhatarpur,0.3,0.1,333.0
16,2008,6,Madhya Pradesh,Chhatarpur,0.2,0.1,500.0
16,2009,6,Madhya Pradesh,Chhatarpur,0.2,0.1,500.0
16,2010,6,Madhya Pradesh,Chhatarpur,0.03,0.01,538.0
16,2011,6,Madhya Pradesh,Chhatarpur,0.02,0.01,421.0
16,2013,6,Madhya Pradesh,Chhatarpur,0.07,0.05,714.0
16,2014,6,Madhya Pradesh,Chhatarpur,2.0,3.0,1500.0
16,2017,6,Madhya Pradesh,Chhatarpur,0.01,0.03,3000.0
16,2018,6,Madhya Pradesh,Chhatarpur,0.01,0.01,571.0
16,2019,6,Madhya Pradesh,Chhatarpur,0.01,0.01,571.0
17,1990,6,Madhya Pradesh,Panna,0.03,0.03,1000.0
17,1991,6,Madhya Pradesh,Panna,0.03,0.02,667.0
17,1992,6,Madhya Pradesh,Panna,0.02,0.02,1000.0
17,1993,6,Madhya Pradesh,Panna,0.04,0.03,750.0
17,1995,6,Madhya Pradesh,Panna,0.1,0.1,1000.0
17,1997,6,Madhya Pradesh,Panna,0.1,0.1,1000.0
17,1998,6,Madhya Pradesh,Panna,0.1,0.1,1000.0
17,2002,6,Madhya Pradesh,Panna,0.1,0.1,1000.0
17,2004,6,Madhya Pradesh,Panna,0.04,0.03,750.0
17,2005,6,Madhya Pradesh,Panna,0.04,0.04,1000.0
17,2006,6,Madhya Pradesh,Panna,0.04,0.03,750.0
17,2009,6,Madhya Pradesh,Panna,0.1,0.1,1000.0
17,2010,6,Madhya Pradesh,Panna,0.07,0.1,1471.0
17,2011,6,Madhya Pradesh,Panna,0.08,0.09,1146.0
17,2013,6,Madhya Pradesh,Panna,0.01,0.02,2000.0
17,2014,6,Madhya Pradesh,Panna,2.0,3.0,1500.0
17,2019,6,Madhya Pradesh,Panna,0.01,0.01,1300.0
18,1990,6,Madhya Pradesh,Rewa,0.77,0.41,532.0
18,1991,6,Madhya Pradesh,Rewa,0.83,0.31,373.0
18,1992,6,Madhya Pradesh,Rewa,0.97,0.58,598.0
18,1993,6,Madhya Pradesh,Rewa,1.14,0.58,509.0
18,1994,6,Madhya Pradesh,Rewa,0.9,0.4,444.0
18,1995,6,Madhya Pradesh,Rewa,0.9,0.5,556.0
18,1996,6,Madhya Pradesh,Rewa,0.6,0.3,500.0
18,1997,6,Madhya Pradesh,Rewa,0.7,0.3,429.0
18,1998,6,Madhya Pradesh,Rewa,0.7,0.5,714.0
18,1999,6,Madhya Pradesh,Rewa,0.6,0.3,500.0
18,2000,6,Madhya Pradesh,Rewa,0.6,0.4,667.0
18,2001,6,Madhya Pradesh,Rewa,0.5,0.2,400.0
18,2002,6,Madhya Pradesh,Rewa,0.6,0.2,333.0
18,2003,6,Madhya Pradesh,Rewa,0.7,0.4,571.0
18,2004,6,Madhya Pradesh,Rewa,0.66,0.35,530.0
18,2005,6,Madhya Pradesh,Rewa,1.11,0.55,495.0
18,2006,6,Madhya Pradesh,Rewa,0.96,0.33,344.0
18,2007,6,Madhya Pradesh,Rewa,1.3,0.6,462.0
18,2008,6,Madhya Pradesh,Rewa,1.0,0.6,600.0
18,2009,6,Madhya Pradesh,Rewa,0.8,0.3,375.0
18,2010,6,Madhya Pradesh,Rewa,0.57,0.32,562.0
18,2011,6,Madhya Pradesh,Rewa,0.47,0.25,522.0
18,2012,6,Madhya Pradesh,Rewa,0.12,0.05,417.0
18,2013,6,Madhya Pradesh,Rewa,0.29,0.12,414.0
18,2014,6,Madhya Pradesh,Rewa,2.0,3.0,1500.0
18,2015,6,Madhya Pradesh,Rewa,2.0,2.0,1000.0
18,2017,6,Madhya Pradesh,Rewa,8.0,13.24,1655.0
18,2018,6,Madhya Pradesh,Rewa,0.11,0.06,583.0
18,2019,6,Madhya Pradesh,Rewa,0.05,0.02,469.0
19,1999,6,Madhya Pradesh,Sidhi,0.2,0.1,500.0
19,2012,6,Madhya Pradesh,Sidhi,0.34,0.19,559.0
19,2015,6,Madhya Pradesh,Sidhi,9.0,4.0,444.0
19,2017,6,Madhya Pradesh,Sidhi,8.9,12.68,1425.0
19,2019,6,Madhya Pradesh,Sidhi,0.03,0.01,346.0
20,1990,6,Madhya Pradesh,Satna,0.09,0.06,667.0
20,1991,6,Madhya Pradesh,Satna,0.07,0.03,429.0
20,1992,6,Madhya Pradesh,Satna,0.25,0.16,640.0
20,1993,6,Madhya Pradesh,Satna,0.11,0.06,545.0
20,1994,6,Madhya Pradesh,Satna,0.1,0.1,1000.0
20,1995,6,Madhya Pradesh,Satna,0.1,0.1,1000.0
20,1998,6,Madhya Pradesh,Satna,0.1,0.1,1000.0
20,2000,6,Madhya Pradesh,Satna,0.1,0.1,1000.0
20,2001,6,Madhya Pradesh,Satna,0.1,0.1,1000.0
20,2002,6,Madhya Pradesh,Satna,0.1,0.1,1000.0
20,2004,6,Madhya Pradesh,Satna,0.08,0.04,500.0
20,2005,6,Madhya Pradesh,Satna,0.06,0.04,667.0
20,2006,6,Madhya Pradesh,Satna,0.06,0.03,500.0
20,2010,6,Madhya Pradesh,Satna,0.04,0.02,686.0
20,2011,6,Madhya Pradesh,Satna,0.05,0.03,617.0
20,2013,6,Madhya Pradesh,Satna,0.04,0.03,750.0
20,2014,6,Madhya Pradesh,Satna,2.0,3.0,1500.0
20,2017,6,Madhya Pradesh,Satna,0.4,0.54,1350.0
20,2018,6,Madhya Pradesh,Satna,0.02,0.01,765.0
20,2019,6,Madhya Pradesh,Satna,0.05,0.03,565.0
21,1993,6,Madhya Pradesh,Shahdol,0.05,0.02,400.0
21,2012,6,Madhya Pradesh,Shahdol,0.06,0.06,1000.0
21,2018,6,Madhya Pradesh,Shahdol,0.01,0.01,417.0
22,1990,6,Madhya Pradesh,Gwalior,2.43,2.93,1206.0
22,1991,6,Madhya Pradesh,Gwalior,1.46,1.83,1253.0
22,1992,6,Madhya Pradesh,Gwalior,1.66,2.87,1729.0
22,1993,6,Madhya Pradesh,Gwalior,1.47,1.81,1231.0
22,1994,6,Madhya Pradesh,Gwalior,1.3,1.9,1462.0
22,1995,6,Madhya Pradesh,Gwalior,1.4,2.6,1857.0
22,1996,6,Madhya Pradesh,Gwalior,1.7,2.5,1471.0
22,1997,6,Madhya Pradesh,Gwalior,1.8,3.0,1667.0
22,1998,6,Madhya Pradesh,Gwalior,1.6,3.2,2000.0
22,1999,6,Madhya Pradesh,Gwalior,1.4,2.8,2000.0
22,2000,6,Madhya Pradesh,Gwalior,2.3,5.0,2174.0
22,2001,6,Madhya Pradesh,Gwalior,3.9,8.6,2205.0
22,2002,6,Madhya Pradesh,Gwalior,5.6,3.0,536.0
22,2003,6,Madhya Pradesh,Gwalior,13.2,26.4,2000.0
22,2004,6,Madhya Pradesh,Gwalior,6.98,13.69,1961.0
22,2005,6,Madhya Pradesh,Gwalior,5.78,13.56,2346.0
22,2006,6,Madhya Pradesh,Gwalior,5.92,13.18,2226.0
22,2007,6,Madhya Pradesh,Gwalior,9.7,11.5,1186.0
22,2008,6,Madhya Pradesh,Gwalior,9.7,21.2,2186.0
22,2009,6,Madhya Pradesh,Gwalior,10.0,22.7,2270.0
22,2010,6,Madhya Pradesh,Gwalior,10.09,25.91,2569.0
22,2011,6,Madhya Pradesh,Gwalior,10.32,27.44,2659.0
22,2012,6,Madhya Pradesh,Gwalior,9.09,22.65,2492.0
22,2013,6,Madhya Pradesh,Gwalior,7.05,13.65,1936.0
22,2014,6,Madhya Pradesh,Gwalior,8.0,14.0,1750.0
22,2015,6,Madhya Pradesh,Gwalior,9.0,18.0,2000.0
22,2016,6,Madhya Pradesh,Gwalior,10.0,28.0,2800.0
22,2017,6,Madhya Pradesh,Gwalior,11.9,19.02,1598.0
22,2018,6,Madhya Pradesh,Gwalior,18.78,45.29,2412.0
22,2019,6,Madhya Pradesh,Gwalior,17.1,33.71,1972.0
23,1990,6,Madhya Pradesh,Shivpuri,7.53,6.99,928.0
23,1991,6,Madhya Pradesh,Shivpuri,6.36,4.79,753.0
23,1992,6,Madhya Pradesh,Shivpuri,5.79,6.37,1100.0
23,1993,6,Madhya Pradesh,Shivpuri,5.33,4.92,923.0
23,1994,6,Madhya Pradesh,Shivpuri,4.9,4.4,898.0
23,1995,6,Madhya Pradesh,Shivpuri,5.0,5.3,1060.0
23,1996,6,Madhya Pradesh,Shivpuri,4.7,4.7,1000.0
23,1997,6,Madhya Pradesh,Shivpuri,4.4,4.5,1023.0
23,1998,6,Madhya Pradesh,Shivpuri,4.4,5.8,1318.0
23,1999,6,Madhya Pradesh,Shivpuri,4.0,4.1,1025.0
23,2000,6,Madhya Pradesh,Shivpuri,4.2,6.8,1619.0
23,2001,6,Madhya Pradesh,Shivpuri,4.4,5.2,1182.0
23,2002,6,Madhya Pradesh,Shivpuri,7.7,2.3,299.0
23,2003,6,Madhya Pradesh,Shivpuri,15.4,21.9,1422.0
23,2004,6,Madhya Pradesh,Shivpuri,10.49,14.83,1414.0
23,2005,6,Madhya Pradesh,Shivpuri,8.76,13.68,1562.0
23,2006,6,Madhya Pradesh,Shivpuri,8.97,12.57,1401.0
23,2007,6,Madhya Pradesh,Shivpuri,11.4,9.8,860.0
23,2008,6,Madhya Pradesh,Shivpuri,10.1,15.8,1564.0
23,2009,6,Madhya Pradesh,Shivpuri,11.5,17.5,1522.0
23,2010,6,Madhya Pradesh,Shivpuri,11.11,19.64,1767.0
23,2011,6,Madhya Pradesh,Shivpuri,10.3,17.2,1670.0
23,2012,6,Madhya Pradesh,Shivpuri,9.75,15.45,1585.0
23,2013,6,Madhya Pradesh,Shivpuri,5.34,7.24,1356.0
23,2014,6,Madhya Pradesh,Shivpuri,9.0,12.0,1333.0
23,2015,6,Madhya Pradesh,Shivpuri,5.0,7.0,1400.0
23,2016,6,Madhya Pradesh,Shivpuri,8.0,21.0,2625.0
23,2017,6,Madhya Pradesh,Shivpuri,8.7,12.76,1467.0
23,2018,6,Madhya Pradesh,Shivpuri,8.91,15.05,1688.0
23,2019,6,Madhya Pradesh,Shivpuri,5.76,8.8,1529.0
24,1990,6,Madhya Pradesh,Guna,0.31,0.28,903.0
24,1991,6,Madhya Pradesh,Guna,0.14,0.1,714.0
24,1992,6,Madhya Pradesh,Guna,0.09,0.12,1333.0
24,1993,6,Madhya Pradesh,Guna,0.15,0.15,1000.0
24,1994,6,Madhya Pradesh,Guna,0.2,0.1,500.0
24,1995,6,Madhya Pradesh,Guna,0.1,0.1,1000.0
24,1996,6,Madhya Pradesh,Guna,0.2,0.2,1000.0
24,1997,6,Madhya Pradesh,Guna,0.1,0.1,1000.0
24,1998,6,Madhya Pradesh,Guna,0.1,0.2,2000.0
24,1999,6,Madhya Pradesh,Guna,0.1,0.1,1000.0
24,2000,6,Madhya Pradesh,Guna,0.1,0.1,1000.0
24,2001,6,Madhya Pradesh,Guna,0.2,0.2,1000.0
24,2002,6,Madhya Pradesh,Guna,0.2,0.1,500.0
24,2003,6,Madhya Pradesh,Guna,0.3,0.5,1667.0
24,2004,6,Madhya Pradesh,Guna,0.24,0.33,1375.0
24,2005,6,Madhya Pradesh,Guna,0.05,0.08,1600.0
24,2006,6,Madhya Pradesh,Guna,0.16,0.26,1625.0
24,2007,6,Madhya Pradesh,Guna,0.2,0.1,500.0
24,2008,6,Madhya Pradesh,Guna,0.1,0.1,1000.0
24,2009,6,Madhya Pradesh,Guna,0.2,0.4,2000.0
24,2010,6,Madhya Pradesh,Guna,0.06,0.12,1871.0
24,2011,6,Madhya Pradesh,Guna,0.08,0.13,1613.0
24,2012,6,Madhya Pradesh,Guna,0.06,0.1,1667.0
24,2013,6,Madhya Pradesh,Guna,0.07,0.09,1286.0
24,2018,6,Madhya Pradesh,Guna,0.03,0.05,2000.0
24,2019,6,Madhya Pradesh,Guna,0.01,0.01,1750.0
25,1990,6,Madhya Pradesh,Datia,0.97,0.93,959.0
25,1991,6,Madhya Pradesh,Datia,0.64,0.48,750.0
25,1992,6,Madhya Pradesh,Datia,0.9,1.05,1167.0
25,1993,6,Madhya Pradesh,Datia,0.7,0.58,829.0
25,1994,6,Madhya Pradesh,Datia,0.7,0.5,714.0
25,1995,6,Madhya Pradesh,Datia,0.6,0.7,1167.0
25,1996,6,Madhya Pradesh,Datia,1.0,1.0,1000.0
25,1997,6,Madhya Pradesh,Datia,0.2,0.3,1500.0
25,1998,6,Madhya Pradesh,Datia,1.9,2.5,1316.0
25,1999,6,Madhya Pradesh,Datia,0.8,0.8,1000.0
25,2000,6,Madhya Pradesh,Datia,0.7,1.0,1429.0
25,2001,6,Madhya Pradesh,Datia,0.6,0.7,1167.0
25,2002,6,Madhya Pradesh,Datia,1.2,0.7,583.0
25,2003,6,Madhya Pradesh,Datia,1.2,1.2,1000.0
25,2004,6,Madhya Pradesh,Datia,1.09,0.86,789.0
25,2005,6,Madhya Pradesh,Datia,1.01,1.31,1297.0
25,2006,6,Madhya Pradesh,Datia,1.02,1.19,1167.0
25,2007,6,Madhya Pradesh,Datia,2.2,1.4,636.0
25,2008,6,Madhya Pradesh,Datia,0.8,1.6,2000.0
25,2010,6,Madhya Pradesh,Datia,0.91,1.07,1171.0
25,2011,6,Madhya Pradesh,Datia,1.09,1.42,1304.0
25,2012,6,Madhya Pradesh,Datia,0.96,1.66,1729.0
25,2013,6,Madhya Pradesh,Datia,0.81,0.89,1099.0
25,2014,6,Madhya Pradesh,Datia,3.0,5.0,1667.0
25,2015,6,Madhya Pradesh,Datia,1.0,2.0,2000.0
25,2016,6,Madhya Pradesh,Datia,5.0,7.0,1400.0
25,2018,6,Madhya Pradesh,Datia,1.98,3.3,1665.0
25,2019,6,Madhya Pradesh,Datia,2.61,3.49,1335.0
26,1990,6,Madhya Pradesh,Morena,67.72,80.04,1182.0
26,1991,6,Madhya Pradesh,Morena,63.3,62.29,984.0
26,1992,6,Madhya Pradesh,Morena,59.53,61.91,1040.0
26,1993,6,Madhya Pradesh,Morena,60.91,62.31,1023.0
26,1994,6,Madhya Pradesh,Morena,60.6,73.3,1210.0
26,1995,6,Madhya Pradesh,Morena,55.1,54.1,982.0
26,1996,6,Madhya Pradesh,Morena,60.9,79.6,1307.0
26,1997,6,Madhya Pradesh,Morena,69.7,100.1,1436.0
26,1998,6,Madhya Pradesh,Morena,68.2,100.3,1471.0
26,1999,6,Madhya Pradesh,Morena,55.0,73.4,1335.0
26,2000,6,Madhya Pradesh,Morena,73.9,124.0,1678.0
26,2001,6,Madhya Pradesh,Morena,70.2,122.0,1738.0
26,2002,6,Madhya Pradesh,Morena,73.3,68.9,940.0
26,2003,6,Madhya Pradesh,Morena,76.8,131.1,1707.0
26,2004,6,Madhya Pradesh,Morena,73.79,129.58,1756.0
26,2005,6,Madhya Pradesh,Morena,79.78,156.45,1961.0
26,2006,6,Madhya Pradesh,Morena,82.75,145.73,1761.0
26,2007,6,Madhya Pradesh,Morena,89.4,168.7,1887.0
26,2008,6,Madhya Pradesh,Morena,87.5,143.1,1635.0
26,2009,6,Madhya Pradesh,Morena,74.8,143.6,1920.0
26,2010,6,Madhya Pradesh,Morena,96.46,238.27,2470.0
26,2011,6,Madhya Pradesh,Morena,98.57,238.54,2420.0
26,2012,6,Madhya Pradesh,Morena,94.71,223.42,2359.0
26,2013,6,Madhya Pradesh,Morena,111.05,237.85,2142.0
26,2014,6,Madhya Pradesh,Morena,87.0,196.0,2253.0
26,2015,6,Madhya Pradesh,Morena,135.0,390.0,2889.0
26,2016,6,Madhya Pradesh,Morena,163.0,480.0,2945.0
26,2017,6,Madhya Pradesh,Morena,121.5,361.1,2972.0
26,2018,6,Madhya Pradesh,Morena,197.85,338.71,1712.0
26,2019,6,Madhya Pradesh,Morena,202.06,444.32,2199.0
27,1990,6,Madhya Pradesh,Bhind,35.75,37.66,1053.0
27,1991,6,Madhya Pradesh,Bhind,30.89,28.98,938.0
27,1992,6,Madhya Pradesh,Bhind,34.98,48.33,1382.0
27,1993,6,Madhya Pradesh,Bhind,32.02,34.25,1070.0
27,1994,6,Madhya Pradesh,Bhind,26.6,22.3,838.0
27,1995,6,Madhya Pradesh,Bhind,29.4,37.7,1282.0
27,1996,6,Madhya Pradesh,Bhind,29.3,33.8,1154.0
27,1997,6,Madhya Pradesh,Bhind,26.1,30.0,1149.0
27,1998,6,Madhya Pradesh,Bhind,25.3,36.0,1423.0
27,1999,6,Madhya Pradesh,Bhind,30.3,32.9,1086.0
27,2000,6,Madhya Pradesh,Bhind,34.2,36.9,1079.0
27,2001,6,Madhya Pradesh,Bhind,29.5,35.1,1190.0
27,2002,6,Madhya Pradesh,Bhind,33.3,34.7,1042.0
27,2003,6,Madhya Pradesh,Bhind,34.8,48.1,1382.0
27,2004,6,Madhya Pradesh,Bhind,36.11,50.34,1394.0
27,2005,6,Madhya Pradesh,Bhind,33.06,42.46,1284.0
27,2006,6,Madhya Pradesh,Bhind,31.69,34.07,1075.0
27,2007,6,Madhya Pradesh,Bhind,33.2,38.1,1148.0
27,2008,6,Madhya Pradesh,Bhind,28.3,30.1,1064.0
27,2009,6,Madhya Pradesh,Bhind,22.2,23.5,1059.0
27,2010,6,Madhya Pradesh,Bhind,35.36,50.22,1420.0
27,2011,6,Madhya Pradesh,Bhind,33.59,51.99,1548.0
27,2012,6,Madhya Pradesh,Bhind,36.92,60.86,1648.0
27,2013,6,Madhya Pradesh,Bhind,29.76,84.76,2848.0
27,2014,6,Madhya Pradesh,Bhind,50.0,112.0,2240.0
27,2015,6,Madhya Pradesh,Bhind,46.0,130.0,2826.0
27,2016,6,Madhya Pradesh,Bhind,45.0,165.0,3667.0
27,2017,6,Madhya Pradesh,Bhind,61.9,170.47,2754.0
27,2018,6,Madhya Pradesh,Bhind,57.62,158.85,2757.0
27,2019,6,Madhya Pradesh,Bhind,74.16,238.61,3218.0
28,1990,6,Madhya Pradesh,Indore,0.01,0.01,1000.0
28,1991,6,Madhya Pradesh,Indore,0.01,0.01,1000.0
28,2018,6,Madhya Pradesh,Indore,0.02,0.05,2889.0
28,2019,6,Madhya Pradesh,Indore,0.01,0.02,2714.0
29,1990,6,Madhya Pradesh,Ratlam,2.0,1.38,690.0
29,1991,6,Madhya Pradesh,Ratlam,1.63,0.98,601.0
29,1992,6,Madhya Pradesh,Ratlam,1.14,0.88,772.0
29,1993,6,Madhya Pradesh,Ratlam,0.89,0.66,742.0
29,1994,6,Madhya Pradesh,Ratlam,0.5,0.4,800.0
29,1995,6,Madhya Pradesh,Ratlam,0.2,0.2,1000.0
29,1996,6,Madhya Pradesh,Ratlam,0.1,0.1,1000.0
29,1997,6,Madhya Pradesh,Ratlam,0.1,0.1,1000.0
29,1998,6,Madhya Pradesh,Ratlam,0.1,0.1,1000.0
29,2002,6,Madhya Pradesh,Ratlam,0.3,0.1,333.0
29,2003,6,Madhya Pradesh,Ratlam,0.3,0.5,1667.0
29,2004,6,Madhya Pradesh,Ratlam,0.05,0.07,1400.0
29,2005,6,Madhya Pradesh,Ratlam,0.03,0.04,1333.0
29,2006,6,Madhya Pradesh,Ratlam,0.06,0.09,1500.0
29,2007,6,Madhya Pradesh,Ratlam,0.9,1.3,1444.0
29,2009,6,Madhya Pradesh,Ratlam,0.2,0.3,1500.0
29,2018,6,Madhya Pradesh,Ratlam,0.02,0.04,2412.0
29,2019,6,Madhya Pradesh,Ratlam,0.01,0.01,1091.0
30,1990,6,Madhya Pradesh,Ujjain,0.68,0.54,794.0
30,1991,6,Madhya Pradesh,Ujjain,0.55,0.36,655.0
30,1992,6,Madhya Pradesh,Ujjain,0.36,0.28,778.0
30,1993,6,Madhya Pradesh,Ujjain,0.25,0.16,640.0
30,1994,6,Madhya Pradesh,Ujjain,0.1,0.1,1000.0
30,1995,6,Madhya Pradesh,Ujjain,0.1,0.1,1000.0
30,1997,6,Madhya Pradesh,Ujjain,0.1,0.1,1000.0
30,1998,6,Madhya Pradesh,Ujjain,0.1,0.1,1000.0
30,2004,6,Madhya Pradesh,Ujjain,0.04,0.03,750.0
30,2005,6,Madhya Pradesh,Ujjain,0.02,0.01,500.0
30,2006,6,Madhya Pradesh,Ujjain,0.01,0.01,1000.0
30,2010,6,Madhya Pradesh,Ujjain,0.01,0.01,1167.0
30,2018,6,Madhya Pradesh,Ujjain,0.03,0.05,1382.0
30,2019,6,Madhya Pradesh,Ujjain,0.02,0.02,1095.0
31,1990,6,Madhya Pradesh,Mandsaur,1.25,0.98,784.0
31,1991,6,Madhya Pradesh,Mandsaur,1.06,0.72,679.0
31,1992,6,Madhya Pradesh,Mandsaur,1.22,1.09,893.0
31,1993,6,Madhya Pradesh,Mandsaur,0.75,0.51,680.0
31,1994,6,Madhya Pradesh,Mandsaur,0.4,0.3,750.0
31,1995,6,Madhya Pradesh,Mandsaur,0.3,0.3,1000.0
31,1996,6,Madhya Pradesh,Mandsaur,0.3,0.2,667.0
31,1997,6,Madhya Pradesh,Mandsaur,0.2,0.2,1000.0
31,1998,6,Madhya Pradesh,Mandsaur,0.2,0.3,1500.0
31,1999,6,Madhya Pradesh,Mandsaur,0.1,0.1,1000.0
31,2000,6,Madhya Pradesh,Mandsaur,0.1,0.1,1000.0
31,2003,6,Madhya Pradesh,Mandsaur,0.1,0.1,1000.0
31,2004,6,Madhya Pradesh,Mandsaur,0.05,0.04,800.0
31,2005,6,Madhya Pradesh,Mandsaur,0.06,0.04,667.0
31,2006,6,Madhya Pradesh,Mandsaur,0.03,0.03,1000.0
31,2008,6,Madhya Pradesh,Mandsaur,0.1,0.1,1000.0
31,2010,6,Madhya Pradesh,Mandsaur,0.04,0.05,1184.0
31,2011,6,Madhya Pradesh,Mandsaur,0.04,0.04,1000.0
31,2012,6,Madhya Pradesh,Mandsaur,0.04,0.06,1500.0
31,2013,6,Madhya Pradesh,Mandsaur,0.03,0.03,1000.0
31,2017,6,Madhya Pradesh,Mandsaur,0.17,0.11,647.0
31,2018,6,Madhya Pradesh,Mandsaur,0.08,0.13,1634.0
31,2019,6,Madhya Pradesh,Mandsaur,0.12,0.12,1008.0
32,1990,6,Madhya Pradesh,Dewas,0.23,0.16,696.0
32,1991,6,Madhya Pradesh,Dewas,0.1,0.07,700.0
32,1992,6,Madhya Pradesh,Dewas,0.13,0.1,769.0
32,1993,6,Madhya Pradesh,Dewas,0.15,0.09,600.0
32,1997,6,Madhya Pradesh,Dewas,0.1,0.1,1000.0
32,1998,6,Madhya Pradesh,Dewas,0.1,0.1,1000.0
32,2000,6,Madhya Pradesh,Dewas,0.1,0.1,1000.0
32,2001,6,Madhya Pradesh,Dewas,0.1,0.1,1000.0
32,2003,6,Madhya Pradesh,Dewas,0.1,0.1,1000.0
32,2004,6,Madhya Pradesh,Dewas,0.04,0.04,1000.0
32,2005,6,Madhya Pradesh,Dewas,0.06,0.04,667.0
32,2006,6,Madhya Pradesh,Dewas,0.04,0.04,1000.0
32,2008,6,Madhya Pradesh,Dewas,0.1,0.1,1000.0
32,2018,6,Madhya Pradesh,Dewas,0.01,0.02,1500.0
33,1990,6,Madhya Pradesh,Dhar,8.27,3.11,376.0
33,1991,6,Madhya Pradesh,Dhar,7.72,1.99,258.0
33,1992,6,Madhya Pradesh,Dhar,7.44,3.6,484.0
33,1993,6,Madhya Pradesh,Dhar,7.05,2.64,374.0
33,1994,6,Madhya Pradesh,Dhar,6.2,2.6,419.0
33,1995,6,Madhya Pradesh,Dhar,5.6,2.3,411.0
33,1996,6,Madhya Pradesh,Dhar,5.3,1.8,340.0
33,1997,6,Madhya Pradesh,Dhar,5.2,1.9,365.0
33,1998,6,Madhya Pradesh,Dhar,5.2,2.2,423.0
33,1999,6,Madhya Pradesh,Dhar,4.7,1.0,213.0
33,2000,6,Madhya Pradesh,Dhar,5.6,1.7,304.0
33,2001,6,Madhya Pradesh,Dhar,5.9,2.4,407.0
33,2002,6,Madhya Pradesh,Dhar,6.3,2.3,365.0
33,2003,6,Madhya Pradesh,Dhar,5.7,3.0,526.0
33,2004,6,Madhya Pradesh,Dhar,5.61,2.71,483.0
33,2005,6,Madhya Pradesh,Dhar,5.56,2.46,442.0
33,2006,6,Madhya Pradesh,Dhar,5.27,2.48,471.0
33,2007,6,Madhya Pradesh,Dhar,5.2,2.3,442.0
33,2008,6,Madhya Pradesh,Dhar,4.7,2.3,489.0
33,2009,6,Madhya Pradesh,Dhar,5.1,2.3,451.0
33,2010,6,Madhya Pradesh,Dhar,3.74,2.33,623.0
33,2011,6,Madhya Pradesh,Dhar,3.67,1.96,534.0
33,2012,6,Madhya Pradesh,Dhar,3.26,3.41,1046.0
33,2013,6,Madhya Pradesh,Dhar,2.85,3.76,1319.0
33,2014,6,Madhya Pradesh,Dhar,6.0,9.0,1500.0
33,2015,6,Madhya Pradesh,Dhar,3.0,4.0,1333.0
33,2016,6,Madhya Pradesh,Dhar,2.0,1.0,500.0
33,2017,6,Madhya Pradesh,Dhar,2.9,2.91,1003.0
33,2018,6,Madhya Pradesh,Dhar,1.62,2.5,1539.0
33,2019,6,Madhya Pradesh,Dhar,1.79,2.69,1504.0
34,1990,6,Madhya Pradesh,Jhabua,16.02,6.03,376.0
34,1991,6,Madhya Pradesh,Jhabua,16.29,5.77,354.0
34,1992,6,Madhya Pradesh,Jhabua,15.4,9.11,592.0
34,1993,6,Madhya Pradesh,Jhabua,14.98,7.06,471.0
34,1994,6,Madhya Pradesh,Jhabua,15.7,6.5,414.0
34,1995,6,Madhya Pradesh,Jhabua,14.7,6.4,435.0
34,1996,6,Madhya Pradesh,Jhabua,15.5,6.2,400.0
34,1997,6,Madhya Pradesh,Jhabua,15.1,6.7,444.0
34,1998,6,Madhya Pradesh,Jhabua,15.3,6.5,425.0
34,1999,6,Madhya Pradesh,Jhabua,14.7,6.5,442.0
34,2000,6,Madhya Pradesh,Jhabua,16.0,3.9,244.0
34,2001,6,Madhya Pradesh,Jhabua,16.8,7.2,429.0
34,2002,6,Madhya Pradesh,Jhabua,17.1,5.7,333.0
34,2003,6,Madhya Pradesh,Jhabua,17.2,10.3,599.0
34,2004,6,Madhya Pradesh,Jhabua,17.32,9.71,561.0
34,2005,6,Madhya Pradesh,Jhabua,17.63,10.94,621.0
34,2006,6,Madhya Pradesh,Jhabua,17.27,10.08,584.0
34,2007,6,Madhya Pradesh,Jhabua,16.4,9.9,604.0
34,2010,6,Madhya Pradesh,Jhabua,0.01,0.01,625.0
34,2017,6,Madhya Pradesh,Jhabua,0.04,0.03,750.0
35,1990,6,Madhya Pradesh,Khargone,24.9,8.26,332.0
35,1991,6,Madhya Pradesh,Khargone,23.92,5.57,233.0
35,1992,6,Madhya Pradesh,Khargone,23.73,9.92,418.0
35,1993,6,Madhya Pradesh,Khargone,22.94,8.13,354.0
35,1994,6,Madhya Pradesh,Khargone,20.7,6.8,329.0
35,1995,6,Madhya Pradesh,Khargone,18.3,5.7,311.0
35,1996,6,Madhya Pradesh,Khargone,17.6,4.3,244.0
35,1997,6,Madhya Pradesh,Khargone,16.1,5.5,342.0
35,1998,6,Madhya Pradesh,Khargone,15.4,6.3,409.0
35,1999,6,Madhya Pradesh,Khargone,2.4,0.5,208.0
35,2000,6,Madhya Pradesh,Khargone,2.2,0.6,273.0
35,2001,6,Madhya Pradesh,Khargone,1.8,0.6,333.0
35,2002,6,Madhya Pradesh,Khargone,1.8,0.5,278.0
35,2003,6,Madhya Pradesh,Khargone,1.7,0.7,412.0
35,2004,6,Madhya Pradesh,Khargone,1.56,0.54,346.0
35,2005,6,Madhya Pradesh,Khargone,1.53,0.56,366.0
35,2006,6,Madhya Pradesh,Khargone,1.36,0.71,522.0
35,2007,6,Madhya Pradesh,Khargone,1.4,0.7,500.0
35,2008,6,Madhya Pradesh,Khargone,1.2,0.5,417.0
35,2009,6,Madhya Pradesh,Khargone,1.2,0.5,417.0
35,2010,6,Madhya Pradesh,Khargone,1.06,0.61,572.0
35,2011,6,Madhya Pradesh,Khargone,1.02,0.42,409.0
35,2012,6,Madhya Pradesh,Khargone,0.34,0.2,588.0
35,2013,6,Madhya Pradesh,Khargone,0.41,0.21,512.0
35,2014,6,Madhya Pradesh,Khargone,2.0,3.0,1500.0
35,2017,6,Madhya Pradesh,Khargone,0.41,0.49,1195.0
35,2018,6,Madhya Pradesh,Khargone,0.1,0.07,687.0
35,2019,6,Madhya Pradesh,Khargone,0.04,0.02,528.0
36,1990,6,Madhya Pradesh,Khandwa,1.44,0.78,542.0
36,1991,6,Madhya Pradesh,Khandwa,1.29,0.57,442.0
36,1992,6,Madhya Pradesh,Khandwa,1.5,0.84,560.0
36,1993,6,Madhya Pradesh,Khandwa,1.45,0.77,531.0
36,1994,6,Madhya Pradesh,Khandwa,1.0,0.4,400.0
36,1995,6,Madhya Pradesh,Khandwa,1.1,0.6,545.0
36,1996,6,Madhya Pradesh,Khandwa,0.9,0.6,667.0
36,1997,6,Madhya Pradesh,Khandwa,0.8,0.5,625.0
36,1998,6,Madhya Pradesh,Khandwa,1.0,0.7,700.0
36,1999,6,Madhya Pradesh,Khandwa,1.6,0.8,500.0
36,2000,6,Madhya Pradesh,Khandwa,0.8,0.4,500.0
36,2001,6,Madhya Pradesh,Khandwa,0.6,0.3,500.0
36,2002,6,Madhya Pradesh,Khandwa,0.7,0.3,429.0
36,2003,6,Madhya Pradesh,Khandwa,0.6,0.5,833.0
36,2004,6,Madhya Pradesh,Khandwa,0.74,0.45,608.0
36,2005,6,Madhya Pradesh,Khandwa,0.4,0.22,550.0
36,2006,6,Madhya Pradesh,Khandwa,0.36,0.21,583.0
36,2007,6,Madhya Pradesh,Khandwa,0.3,0.2,667.0
36,2008,6,Madhya Pradesh,Khandwa,0.4,0.3,750.0
36,2009,6,Madhya Pradesh,Khandwa,0.4,0.2,500.0
36,2010,6,Madhya Pradesh,Khandwa,0.25,0.21,842.0
36,2011,6,Madhya Pradesh,Khandwa,0.21,0.13,589.0
36,2012,6,Madhya Pradesh,Khandwa,0.29,0.32,1103.0
36,2013,6,Madhya Pradesh,Khandwa,0.16,0.12,750.0
36,2017,6,Madhya Pradesh,Khandwa,0.2,0.16,800.0
36,2018,6,Madhya Pradesh,Khandwa,0.02,0.02,1118.0
36,2019,6,Madhya Pradesh,Khandwa,0.02,0.01,526.0
37,1992,6,Madhya Pradesh,Sehore,0.03,0.04,1333.0
37,2017,6,Madhya Pradesh,Sehore,0.06,0.1,1667.0
37,2018,6,Madhya Pradesh,Sehore,0.02,0.05,2455.0
38,1993,6,Madhya Pradesh,Raisen,0.01,0.01,1000.0
38,2006,6,Madhya Pradesh,Raisen,0.03,0.05,1667.0
38,2010,6,Madhya Pradesh,Raisen,0.01,0.01,2000.0
38,2012,6,Madhya Pradesh,Raisen,0.01,0.01,1000.0
38,2013,6,Madhya Pradesh,Raisen,0.01,0.02,2000.0
38,2014,6,Madhya Pradesh,Raisen,1.0,2.0,2000.0
38,2019,6,Madhya Pradesh,Raisen,0.01,0.02,1538.0
39,2004,6,Madhya Pradesh,Vidisha,0.02,0.02,1000.0
39,2008,6,Madhya Pradesh,Vidisha,0.2,0.4,2000.0
39,2009,6,Madhya Pradesh,Vidisha,0.1,0.1,1000.0
39,2014,6,Madhya Pradesh,Vidisha,1.0,3.0,3000.0
39,2018,6,Madhya Pradesh,Vidisha,0.02,0.05,2722.0
39,2019,6,Madhya Pradesh,Vidisha,0.02,0.05,2130.0
40,1990,6,Madhya Pradesh,Betul,0.03,0.02,667.0
40,1991,6,Madhya Pradesh,Betul,0.06,0.02,333.0
40,1992,6,Madhya Pradesh,Betul,0.19,0.1,526.0
40,1993,6,Madhya Pradesh,Betul,0.18,0.09,500.0
40,1994,6,Madhya Pradesh,Betul,0.1,0.1,1000.0
40,1995,6,Madhya Pradesh,Betul,0.1,0.1,1000.0
40,1997,6,Madhya Pradesh,Betul,0.5,0.3,600.0
40,1998,6,Madhya Pradesh,Betul,0.3,0.2,667.0
40,2001,6,Madhya Pradesh,Betul,0.1,0.1,1000.0
40,2002,6,Madhya Pradesh,Betul,0.2,0.1,500.0
40,2004,6,Madhya Pradesh,Betul,0.01,0.01,1000.0
40,2012,6,Madhya Pradesh,Betul,0.04,0.09,2250.0
40,2013,6,Madhya Pradesh,Betul,0.04,0.07,1750.0
40,2018,6,Madhya Pradesh,Betul,0.04,0.11,2944.0
40,2019,6,Madhya Pradesh,Betul,0.01,0.02,2100.0
41,2013,6,Madhya Pradesh,Rajgarh,0.01,0.01,1000.0
41,2018,6,Madhya Pradesh,Rajgarh,0.02,0.02,1250.0
41,2019,6,Madhya Pradesh,Rajgarh,0.01,0.01,923.0
42,1990,6,Madhya Pradesh,Shajapur,1.24,1.03,831.0
42,1991,6,Madhya Pradesh,Shajapur,0.59,0.36,610.0
42,1992,6,Madhya Pradesh,Shajapur,0.41,0.36,878.0
42,1993,6,Madhya Pradesh,Shajapur,0.15,0.1,667.0
42,1994,6,Madhya Pradesh,Shajapur,0.1,0.1,1000.0
42,1995,6,Madhya Pradesh,Shajapur,0.1,0.1,1000.0
42,2004,6,Madhya Pradesh,Shajapur,0.02,0.02,1000.0
42,2005,6,Madhya Pradesh,Shajapur,0.02,0.01,500.0
42,2006,6,Madhya Pradesh,Shajapur,0.01,0.01,1000.0
42,2010,6,Madhya Pradesh,Shajapur,0.01,0.01,1000.0
42,2011,6,Madhya Pradesh,Shajapur,0.01,0.01,833.0
42,2017,6,Madhya Pradesh,Shajapur,0.04,0.05,1250.0
42,2018,6,Madhya Pradesh,Shajapur,0.01,0.01,1167.0
43,1990,6,Madhya Pradesh,Hoshangabad,0.01,0.01,1000.0
43,1992,6,Madhya Pradesh,Hoshangabad,0.02,0.02,1000.0
43,1993,6,Madhya Pradesh,Hoshangabad,0.04,0.03,750.0
43,1997,6,Madhya Pradesh,Hoshangabad,0.1,0.1,1000.0
43,1998,6,Madhya Pradesh,Hoshangabad,0.1,0.1,1000.0
43,1999,6,Madhya Pradesh,Hoshangabad,0.3,0.3,1000.0
43,2004,6,Madhya Pradesh,Hoshangabad,0.01,0.01,1000.0
43,2005,6,Madhya Pradesh,Hoshangabad,0.01,0.01,1000.0
43,2006,6,Madhya Pradesh,Hoshangabad,0.02,0.03,1500.0
43,2008,6,Madhya Pradesh,Hoshangabad,0.1,0.1,1000.0
43,2009,6,Madhya Pradesh,Hoshangabad,0.1,0.1,1000.0
43,2010,6,Madhya Pradesh,Hoshangabad,0.04,0.07,1651.0
43,2011,6,Madhya Pradesh,Hoshangabad,0.02,0.03,1476.0
43,2012,6,Madhya Pradesh,Hoshangabad,0.02,0.03,1500.0
43,2013,6,Madhya Pradesh,Hoshangabad,0.02,0.02,1000.0
43,2014,6,Madhya Pradesh,Hoshangabad,1.0,1.0,1000.0
43,2018,6,Madhya Pradesh,Hoshangabad,0.01,0.02,1636.0
44,1990,1,Andhra Pradesh,Srikakulam,5.48,7.75,1414.0
44,1991,1,Andhra Pradesh,Srikakulam,4.67,8.67,1857.0
44,1992,1,Andhra Pradesh,Srikakulam,3.39,4.34,1280.0
44,1993,1,Andhra Pradesh,Srikakulam,4.0,5.0,1250.0
44,1994,1,Andhra Pradesh,Srikakulam,4.0,6.0,1500.0
44,1995,1,Andhra Pradesh,Srikakulam,4.0,6.0,1500.0
44,1996,1,Andhra Pradesh,Srikakulam,4.0,5.0,1250.0
44,1997,1,Andhra Pradesh,Srikakulam,3.0,6.0,2000.0
44,1998,1,Andhra Pradesh,Srikakulam,4.0,5.0,1250.0
44,1999,1,Andhra Pradesh,Srikakulam,3.67,5.02,1368.0
44,2000,1,Andhra Pradesh,Srikakulam,4.2,7.26,1729.0
44,2001,1,Andhra Pradesh,Srikakulam,2.91,2.93,1007.0
44,2002,1,Andhra Pradesh,Srikakulam,4.0,5.0,1250.0
44,2003,1,Andhra Pradesh,Srikakulam,3.65,8.63,2364.0
44,2004,1,Andhra Pradesh,Srikakulam,3.71,6.95,1873.0
44,2005,1,Andhra Pradesh,Srikakulam,4.35,4.66,1071.0
44,2006,1,Andhra Pradesh,Srikakulam,3.99,2.08,521.0
44,2007,1,Andhra Pradesh,Srikakulam,3.95,4.28,1084.0
44,2008,1,Andhra Pradesh,Srikakulam,2.92,4.49,1538.0
44,2009,1,Andhra Pradesh,Srikakulam,1.05,1.67,1590.0
44,2010,1,Andhra Pradesh,Srikakulam,1.18,2.72,2305.0
44,2011,1,Andhra Pradesh,Srikakulam,1.14,1.6,1404.0
44,2012,1,Andhra Pradesh,Srikakulam,0.46,1.17,2543.0
44,2013,1,Andhra Pradesh,Srikakulam,0.21,0.36,1714.0
44,2014,1,Andhra Pradesh,Srikakulam,0.2,0.52,2600.0
44,2015,1,Andhra Pradesh,Srikakulam,0.18,0.44,2444.0
44,2016,1,Andhra Pradesh,Srikakulam,0.13,0.42,3360.0
44,2017,1,Andhra Pradesh,Srikakulam,0.09,0.29,3345.0
44,2018,1,Andhra Pradesh,Srikakulam,0.08,0.14,1667.0
44,2019,1,Andhra Pradesh,Srikakulam,0.08,0.13,1530.0
45,1990,1,Andhra Pradesh,Visakhapatnam,40.19,30.63,762.0
45,1991,1,Andhra Pradesh,Visakhapatnam,36.21,27.81,768.0
45,1992,1,Andhra Pradesh,Visakhapatnam,36.86,28.67,778.0
45,1993,1,Andhra Pradesh,Visakhapatnam,23.0,14.0,609.0
45,1994,1,Andhra Pradesh,Visakhapatnam,29.0,31.0,1069.0
45,1995,1,Andhra Pradesh,Visakhapatnam,31.0,30.0,968.0
45,1996,1,Andhra Pradesh,Visakhapatnam,28.0,24.0,857.0
45,1997,1,Andhra Pradesh,Visakhapatnam,18.0,10.0,556.0
45,1998,1,Andhra Pradesh,Visakhapatnam,25.0,29.0,1160.0
45,1999,1,Andhra Pradesh,Visakhapatnam,18.35,16.96,924.0
45,2000,1,Andhra Pradesh,Visakhapatnam,17.75,19.66,1108.0
45,2001,1,Andhra Pradesh,Visakhapatnam,15.69,13.02,830.0
45,2002,1,Andhra Pradesh,Visakhapatnam,14.0,9.0,643.0
45,2003,1,Andhra Pradesh,Visakhapatnam,17.77,20.31,1143.0
45,2004,1,Andhra Pradesh,Visakhapatnam,12.46,13.09,1051.0
45,2005,1,Andhra Pradesh,Visakhapatnam,8.32,4.63,556.0
45,2006,1,Andhra Pradesh,Visakhapatnam,8.2,7.53,918.0
45,2007,1,Andhra Pradesh,Visakhapatnam,7.14,6.02,843.0
45,2008,1,Andhra Pradesh,Visakhapatnam,6.29,5.11,812.0
45,2009,1,Andhra Pradesh,Visakhapatnam,4.83,5.38,1114.0
45,2010,1,Andhra Pradesh,Visakhapatnam,5.98,5.21,871.0
45,2011,1,Andhra Pradesh,Visakhapatnam,4.64,5.08,1095.0
45,2012,1,Andhra Pradesh,Visakhapatnam,4.14,3.85,930.0
45,2013,1,Andhra Pradesh,Visakhapatnam,3.18,2.19,689.0
45,2014,1,Andhra Pradesh,Visakhapatnam,2.4,2.17,904.0
45,2015,1,Andhra Pradesh,Visakhapatnam,2.51,2.45,976.0
45,2016,1,Andhra Pradesh,Visakhapatnam,1.73,1.82,1049.0
45,2017,1,Andhra Pradesh,Visakhapatnam,1.7,2.05,1207.0
45,2018,1,Andhra Pradesh,Visakhapatnam,1.52,1.72,1131.0
45,2019,1,Andhra Pradesh,Visakhapatnam,1.06,1.1,1042.0
46,1990,1,Andhra Pradesh,East Godavari,12.37,9.14,739.0
46,1991,1,Andhra Pradesh,East Godavari,11.41,8.4,736.0
46,1992,1,Andhra Pradesh,East Godavari,9.81,6.81,694.0
46,1993,1,Andhra Pradesh,East Godavari,7.0,5.0,714.0
46,1994,1,Andhra Pradesh,East Godavari,9.0,6.0,667.0
46,1995,1,Andhra Pradesh,East Godavari,5.0,3.0,600.0
46,1996,1,Andhra Pradesh,East Godavari,4.0,2.0,500.0
46,1997,1,Andhra Pradesh,East Godavari,2.0,1.0,500.0
46,1998,1,Andhra Pradesh,East Godavari,4.0,2.0,500.0
46,1999,1,Andhra Pradesh,East Godavari,3.25,2.34,720.0
46,2000,1,Andhra Pradesh,East Godavari,3.04,2.01,661.0
46,2001,1,Andhra Pradesh,East Godavari,2.22,2.05,923.0
46,2002,1,Andhra Pradesh,East Godavari,1.0,1.0,1000.0
46,2003,1,Andhra Pradesh,East Godavari,2.7,2.3,852.0
46,2004,1,Andhra Pradesh,East Godavari,1.84,1.4,761.0
46,2005,1,Andhra Pradesh,East Godavari,1.51,1.04,689.0
46,2006,1,Andhra Pradesh,East Godavari,1.54,0.72,468.0
46,2007,1,Andhra Pradesh,East Godavari,1.2,0.92,767.0
46,2008,1,Andhra Pradesh,East Godavari,0.82,0.55,671.0
46,2009,1,Andhra Pradesh,East Godavari,0.38,0.29,763.0
46,2010,1,Andhra Pradesh,East Godavari,0.16,0.08,500.0
46,2011,1,Andhra Pradesh,East Godavari,0.1,0.08,800.0
46,2012,1,Andhra Pradesh,East Godavari,0.09,0.1,1111.0
46,2013,1,Andhra Pradesh,East Godavari,0.07,0.08,1143.0
46,2014,1,Andhra Pradesh,East Godavari,0.06,0.08,1333.0
46,2015,1,Andhra Pradesh,East Godavari,0.07,0.06,857.0
46,2016,1,Andhra Pradesh,East Godavari,0.08,0.09,1098.0
46,2017,1,Andhra Pradesh,East Godavari,0.06,0.07,1115.0
46,2018,1,Andhra Pradesh,East Godavari,0.09,0.09,1033.0
46,2019,1,Andhra Pradesh,East Godavari,0.01,0.01,1200.0
47,2003,1,Andhra Pradesh,West Godavari,0.08,0.1,1250.0
47,2004,1,Andhra Pradesh,West Godavari,0.07,0.07,1000.0
47,2005,1,Andhra Pradesh,West Godavari,0.04,0.05,1250.0
48,1990,1,Andhra Pradesh,Krishna,0.05,0.05,1000.0
48,2003,1,Andhra Pradesh,Krishna,0.01,0.01,1000.0
49,1990,1,Andhra Pradesh,Guntur,0.72,0.3,417.0
49,1992,1,Andhra Pradesh,Guntur,0.02,0.02,1000.0
49,1993,1,Andhra Pradesh,Guntur,1.0,1.0,1000.0
49,1999,1,Andhra Pradesh,Guntur,0.14,0.16,1143.0
49,2000,1,Andhra Pradesh,Guntur,0.44,0.59,1341.0
49,2001,1,Andhra Pradesh,Guntur,0.12,0.12,1000.0
49,2002,1,Andhra Pradesh,Guntur,1.0,1.0,1000.0
49,2003,1,Andhra Pradesh,Guntur,16.28,22.11,1358.0
49,2004,1,Andhra Pradesh,Guntur,5.83,1.59,273.0
49,2005,1,Andhra Pradesh,Guntur,0.8,0.46,575.0
49,2006,1,Andhra Pradesh,Guntur,0.04,0.04,1000.0
49,2009,1,Andhra Pradesh,Guntur,0.32,0.56,1750.0
49,2010,1,Andhra Pradesh,Guntur,1.18,2.2,1864.0
49,2011,1,Andhra Pradesh,Guntur,0.01,0.02,2000.0
49,2012,1,Andhra Pradesh,Guntur,1.91,3.72,1948.0
49,2013,1,Andhra Pradesh,Guntur,3.32,5.81,1750.0
49,2014,1,Andhra Pradesh,Guntur,0.75,0.83,1107.0
49,2015,1,Andhra Pradesh,Guntur,1.56,3.19,2045.0
49,2016,1,Andhra Pradesh,Guntur,2.22,1.27,571.0
49,2017,1,Andhra Pradesh,Guntur,1.34,1.25,936.0
49,2018,1,Andhra Pradesh,Guntur,0.07,0.1,1418.0
49,2019,1,Andhra Pradesh,Guntur,0.04,0.09,2000.0
50,1990,1,Andhra Pradesh,S.P.S.Nellore,4.9,6.45,1316.0
50,1991,1,Andhra Pradesh,S.P.S.Nellore,4.89,5.72,1170.0
50,1992,1,Andhra Pradesh,S.P.S.Nellore,3.83,6.57,1715.0
50,1993,1,Andhra Pradesh,S.P.S.Nellore,3.0,5.0,1667.0
50,1994,1,Andhra Pradesh,S.P.S.Nellore,3.0,5.0,1667.0
50,1995,1,Andhra Pradesh,S.P.S.Nellore,3.0,5.0,1667.0
50,1996,1,Andhra Pradesh,S.P.S.Nellore,5.0,11.0,2200.0
50,1997,1,Andhra Pradesh,S.P.S.Nellore,2.0,5.0,2500.0
50,1998,1,Andhra Pradesh,S.P.S.Nellore,2.0,4.0,2000.0
50,1999,1,Andhra Pradesh,S.P.S.Nellore,2.15,3.85,1791.0
50,2000,1,Andhra Pradesh,S.P.S.Nellore,3.07,5.66,1844.0
50,2001,1,Andhra Pradesh,S.P.S.Nellore,0.98,1.46,1490.0
50,2002,1,Andhra Pradesh,S.P.S.Nellore,1.0,2.0,2000.0
50,2003,1,Andhra Pradesh,S.P.S.Nellore,1.23,2.0,1626.0
50,2004,1,Andhra Pradesh,S.P.S.Nellore,1.48,3.57,2412.0
50,2005,1,Andhra Pradesh,S.P.S.Nellore,0.84,1.14,1357.0
50,2006,1,Andhra Pradesh,S.P.S.Nellore,0.54,1.15,2130.0
50,2007,1,Andhra Pradesh,S.P.S.Nellore,0.66,1.86,2818.0
50,2008,1,Andhra Pradesh,S.P.S.Nellore,0.46,1.02,2217.0
50,2009,1,Andhra Pradesh,S.P.S.Nellore,0.86,2.11,2453.0
50,2010,1,Andhra Pradesh,S.P.S.Nellore,1.61,3.82,2373.0
50,2011,1,Andhra Pradesh,S.P.S.Nellore,0.65,1.55,2385.0
50,2012,1,Andhra Pradesh,S.P.S.Nellore,0.76,2.65,3487.0
50,2013,1,Andhra Pradesh,S.P.S.Nellore,1.15,4.19,3643.0
50,2014,1,Andhra Pradesh,S.P.S.Nellore,0.64,1.7,2656.0
50,2015,1,Andhra Pradesh,S.P.S.Nellore,0.42,1.53,3643.0
50,2016,1,Andhra Pradesh,S.P.S.Nellore,1.44,5.36,3737.0
50,2017,1,Andhra Pradesh,S.P.S.Nellore,1.83,4.88,2664.0
50,2018,1,Andhra Pradesh,S.P.S.Nellore,0.22,0.37,1664.0
50,2019,1,Andhra Pradesh,S.P.S.Nellore,0.24,0.66,2728.0
51,1990,1,Andhra Pradesh,Kurnool,23.97,11.05,461.0
51,1991,1,Andhra Pradesh,Kurnool,17.35,9.6,553.0
51,1992,1,Andhra Pradesh,Kurnool,17.71,13.27,749.0
51,1993,1,Andhra Pradesh,Kurnool,19.0,19.0,1000.0
51,1994,1,Andhra Pradesh,Kurnool,18.0,10.0,556.0
51,1995,1,Andhra Pradesh,Kurnool,16.0,17.0,1063.0
51,1996,1,Andhra Pradesh,Kurnool,14.0,9.0,643.0
51,1997,1,Andhra Pradesh,Kurnool,12.0,9.0,750.0
51,1998,1,Andhra Pradesh,Kurnool,18.0,16.0,889.0
51,1999,1,Andhra Pradesh,Kurnool,15.82,9.52,602.0
51,2000,1,Andhra Pradesh,Kurnool,19.22,15.61,812.0
51,2001,1,Andhra Pradesh,Kurnool,14.12,11.21,794.0
51,2002,1,Andhra Pradesh,Kurnool,10.0,7.0,700.0
51,2003,1,Andhra Pradesh,Kurnool,15.03,17.99,1197.0
51,2004,1,Andhra Pradesh,Kurnool,11.14,10.3,925.0
51,2005,1,Andhra Pradesh,Kurnool,12.19,14.91,1223.0
51,2006,1,Andhra Pradesh,Kurnool,9.47,8.61,909.0
51,2007,1,Andhra Pradesh,Kurnool,10.01,11.05,1104.0
51,2008,1,Andhra Pradesh,Kurnool,8.23,8.94,1086.0
51,2009,1,Andhra Pradesh,Kurnool,6.75,4.87,721.0
51,2010,1,Andhra Pradesh,Kurnool,7.61,11.31,1486.0
51,2011,1,Andhra Pradesh,Kurnool,5.79,2.72,470.0
51,2012,1,Andhra Pradesh,Kurnool,12.35,16.1,1304.0
51,2013,1,Andhra Pradesh,Kurnool,7.83,8.89,1135.0
51,2014,1,Andhra Pradesh,Kurnool,5.24,7.34,1401.0
51,2015,1,Andhra Pradesh,Kurnool,9.86,13.39,1358.0
51,2016,1,Andhra Pradesh,Kurnool,8.63,14.86,1721.0
51,2017,1,Andhra Pradesh,Kurnool,8.2,15.91,1941.0
51,2018,1,Andhra Pradesh,Kurnool,6.72,4.91,730.0
51,2019,1,Andhra Pradesh,Kurnool,7.35,16.76,2280.0
52,1990,1,Andhra Pradesh,Anantapur,6.52,2.45,376.0
52,1991,1,Andhra Pradesh,Anantapur,4.98,1.76,353.0
52,1992,1,Andhra Pradesh,Anantapur,5.16,3.29,638.0
52,1993,1,Andhra Pradesh,Anantapur,5.0,2.0,400.0
52,1994,1,Andhra Pradesh,Anantapur,3.0,1.0,333.0
52,1995,1,Andhra Pradesh,Anantapur,4.0,3.0,750.0
52,1996,1,Andhra Pradesh,Anantapur,3.0,2.0,667.0
52,1997,1,Andhra Pradesh,Anantapur,1.0,1.0,1000.0
52,1998,1,Andhra Pradesh,Anantapur,3.0,2.0,667.0
52,1999,1,Andhra Pradesh,Anantapur,1.73,0.94,543.0
52,2000,1,Andhra Pradesh,Anantapur,2.79,1.63,584.0
52,2001,1,Andhra Pradesh,Anantapur,1.62,0.54,333.0
52,2002,1,Andhra Pradesh,Anantapur,2.0,1.0,500.0
52,2003,1,Andhra Pradesh,Anantapur,2.39,0.4,167.0
52,2004,1,Andhra Pradesh,Anantapur,1.08,0.43,398.0
52,2005,1,Andhra Pradesh,Anantapur,1.06,2.01,1896.0
52,2006,1,Andhra Pradesh,Anantapur,0.76,0.23,303.0
52,2007,1,Andhra Pradesh,Anantapur,1.23,2.63,2138.0
52,2008,1,Andhra Pradesh,Anantapur,0.77,1.05,1364.0
52,2009,1,Andhra Pradesh,Anantapur,1.77,3.25,1836.0
52,2010,1,Andhra Pradesh,Anantapur,2.02,1.47,728.0
52,2011,1,Andhra Pradesh,Anantapur,2.73,3.45,1264.0
52,2012,1,Andhra Pradesh,Anantapur,2.2,1.47,668.0
52,2013,1,Andhra Pradesh,Anantapur,1.35,1.24,919.0
52,2014,1,Andhra Pradesh,Anantapur,1.8,1.06,589.0
52,2015,1,Andhra Pradesh,Anantapur,3.26,3.36,1031.0
52,2016,1,Andhra Pradesh,Anantapur,2.47,1.26,510.0
52,2017,1,Andhra Pradesh,Anantapur,5.29,7.07,1337.0
52,2018,1,Andhra Pradesh,Anantapur,3.01,3.48,1157.0
52,2019,1,Andhra Pradesh,Anantapur,2.27,3.48,1531.0
53,1990,1,Andhra Pradesh,Kadapa YSR,7.01,11.06,1578.0
53,1991,1,Andhra Pradesh,Kadapa YSR,5.73,7.79,1360.0
53,1992,1,Andhra Pradesh,Kadapa YSR,4.7,7.82,1664.0
53,1993,1,Andhra Pradesh,Kadapa YSR,3.0,5.0,1667.0
53,1994,1,Andhra Pradesh,Kadapa YSR,2.0,5.0,2500.0
53,1995,1,Andhra Pradesh,Kadapa YSR,2.0,6.0,3000.0
53,1996,1,Andhra Pradesh,Kadapa YSR,3.0,6.0,2000.0
53,1997,1,Andhra Pradesh,Kadapa YSR,2.0,2.0,1000.0
53,1998,1,Andhra Pradesh,Kadapa YSR,4.0,7.0,1750.0
53,1999,1,Andhra Pradesh,Kadapa YSR,4.26,4.33,1016.0
53,2000,1,Andhra Pradesh,Kadapa YSR,9.68,13.72,1417.0
53,2001,1,Andhra Pradesh,Kadapa YSR,2.92,5.26,1801.0
53,2002,1,Andhra Pradesh,Kadapa YSR,4.0,4.0,1000.0
53,2003,1,Andhra Pradesh,Kadapa YSR,5.32,4.71,885.0
53,2004,1,Andhra Pradesh,Kadapa YSR,6.16,9.15,1485.0
53,2005,1,Andhra Pradesh,Kadapa YSR,5.79,6.19,1069.0
53,2006,1,Andhra Pradesh,Kadapa YSR,3.81,5.58,1465.0
53,2007,1,Andhra Pradesh,Kadapa YSR,3.75,6.94,1851.0
53,2008,1,Andhra Pradesh,Kadapa YSR,2.48,6.71,2706.0
53,2009,1,Andhra Pradesh,Kadapa YSR,3.59,9.34,2602.0
53,2010,1,Andhra Pradesh,Kadapa YSR,4.94,12.36,2502.0
53,2011,1,Andhra Pradesh,Kadapa YSR,4.14,10.72,2589.0
53,2012,1,Andhra Pradesh,Kadapa YSR,3.36,4.43,1318.0
53,2013,1,Andhra Pradesh,Kadapa YSR,4.19,8.09,1931.0
53,2014,1,Andhra Pradesh,Kadapa YSR,3.12,8.0,2564.0
53,2015,1,Andhra Pradesh,Kadapa YSR,4.64,7.44,1603.0
53,2016,1,Andhra Pradesh,Kadapa YSR,5.89,6.89,1169.0
53,2017,1,Andhra Pradesh,Kadapa YSR,9.82,20.48,2085.0
53,2018,1,Andhra Pradesh,Kadapa YSR,1.86,2.65,1429.0
53,2019,1,Andhra Pradesh,Kadapa YSR,4.48,11.33,2528.0
54,1990,1,Andhra Pradesh,Chittoor,5.86,9.38,1601.0
54,1991,1,Andhra Pradesh,Chittoor,4.79,6.42,1340.0
54,1992,1,Andhra Pradesh,Chittoor,4.07,4.81,1182.0
54,1993,1,Andhra Pradesh,Chittoor,5.0,7.0,1400.0
54,1994,1,Andhra Pradesh,Chittoor,2.0,4.0,2000.0
54,1995,1,Andhra Pradesh,Chittoor,3.0,3.0,1000.0
54,1996,1,Andhra Pradesh,Chittoor,3.0,3.0,1000.0
54,1997,1,Andhra Pradesh,Chittoor,2.0,2.0,1000.0
54,1998,1,Andhra Pradesh,Chittoor,2.0,3.0,1500.0
54,1999,1,Andhra Pradesh,Chittoor,2.6,2.89,1112.0
54,2000,1,Andhra Pradesh,Chittoor,4.16,5.45,1310.0
54,2001,1,Andhra Pradesh,Chittoor,3.19,3.87,1213.0
54,2002,1,Andhra Pradesh,Chittoor,2.0,1.0,500.0
54,2003,1,Andhra Pradesh,Chittoor,2.2,3.67,1668.0
54,2004,1,Andhra Pradesh,Chittoor,2.74,3.6,1314.0
54,2005,1,Andhra Pradesh,Chittoor,1.92,2.29,1193.0
54,2006,1,Andhra Pradesh,Chittoor,1.49,0.96,644.0
54,2007,1,Andhra Pradesh,Chittoor,2.21,3.46,1566.0
54,2008,1,Andhra Pradesh,Chittoor,1.72,3.3,1919.0
54,2009,1,Andhra Pradesh,Chittoor,2.88,3.36,1167.0
54,2010,1,Andhra Pradesh,Chittoor,3.1,5.91,1906.0
54,2011,1,Andhra Pradesh,Chittoor,2.36,4.96,2102.0
54,2012,1,Andhra Pradesh,Chittoor,1.69,4.22,2497.0
54,2013,1,Andhra Pradesh,Chittoor,1.79,3.91,2184.0
54,2014,1,Andhra Pradesh,Chittoor,2.07,4.62,2232.0
54,2015,1,Andhra Pradesh,Chittoor,2.37,6.67,2814.0
54,2016,1,Andhra Pradesh,Chittoor,2.25,6.2,2760.0
54,2017,1,Andhra Pradesh,Chittoor,2.1,4.81,2286.0
54,2018,1,Andhra Pradesh,Chittoor,1.83,3.96,2163.0
54,2019,1,Andhra Pradesh,Chittoor,2.09,7.72,3701.0
56,1990,20,Telangana,Nizamabad,3.1,1.23,396.77
56,1991,20,Telangana,Nizamabad,2.27,0.67,295.15
56,1992,20,Telangana,Nizamabad,4.41,1.34,303.85
56,1993,20,Telangana,Nizamabad,4.0,1.0,250.0
56,1994,20,Telangana,Nizamabad,4.0,2.0,500.0
56,1995,20,Telangana,Nizamabad,4.0,2.0,500.0
56,1996,20,Telangana,Nizamabad,4.0,2.0,500.0
56,1997,20,Telangana,Nizamabad,4.0,2.0,500.0
56,1999,20,Telangana,Nizamabad,6.24,3.65,584.94
56,2000,20,Telangana,Nizamabad,6.78,4.07,600.29
56,2001,20,Telangana,Nizamabad,5.61,2.62,467.02
56,2002,20,Telangana,Nizamabad,5.0,2.0,400.0
56,2003,20,Telangana,Nizamabad,4.78,2.92,610.88
56,2004,20,Telangana,Nizamabad,4.78,1.51,315.9
56,2005,20,Telangana,Nizamabad,7.31,4.64,634.75
56,2006,20,Telangana,Nizamabad,7.85,2.77,352.87
56,2007,20,Telangana,Nizamabad,9.37,6.0,640.34
56,2008,20,Telangana,Nizamabad,7.03,4.45,633.0
56,2009,20,Telangana,Nizamabad,7.95,3.85,484.28
56,2010,20,Telangana,Nizamabad,8.05,5.84,725.47
56,2011,20,Telangana,Nizamabad,6.54,4.1,626.91
56,2012,20,Telangana,Nizamabad,3.3,5.52,1672.73
56,2013,20,Telangana,Nizamabad,6.76,6.36,940.83
56,2014,20,Telangana,Nizamabad,6.06,5.68,937.29
56,2015,20,Telangana,Nizamabad,1.58,1.48,936.71
56,2016,20,Telangana,Nizamabad,1.53,1.33,868.94
56,2017,20,Telangana,Nizamabad,4.75,5.02,1057.04
56,2018,20,Telangana,Nizamabad,5.07,2.52,497.0
56,2019,20,Telangana,Nizamabad,6.5,7.91,1215.97
57,1990,20,Telangana,Medak,2.79,1.1,394.27
57,1991,20,Telangana,Medak,2.6,0.77,296.15
57,1992,20,Telangana,Medak,2.39,0.73,305.44
57,1993,20,Telangana,Medak,2.0,1.0,500.0
57,1994,20,Telangana,Medak,3.0,1.0,333.33
57,1995,20,Telangana,Medak,2.0,1.0,500.0
57,1996,20,Telangana,Medak,2.0,1.0,500.0
57,1997,20,Telangana,Medak,2.0,1.0,500.0
57,1998,20,Telangana,Medak,2.0,1.0,500.0
57,1999,20,Telangana,Medak,1.47,0.86,585.03
57,2000,20,Telangana,Medak,1.08,0.65,601.85
57,2001,20,Telangana,Medak,0.87,0.41,471.26
57,2003,20,Telangana,Medak,0.67,0.41,611.94
57,2004,20,Telangana,Medak,0.34,0.11,323.53
57,2005,20,Telangana,Medak,0.62,0.39,629.03
57,2006,20,Telangana,Medak,0.51,0.18,352.94
57,2007,20,Telangana,Medak,0.67,0.43,641.79
57,2008,20,Telangana,Medak,0.74,0.47,635.14
57,2009,20,Telangana,Medak,0.27,0.13,481.48
57,2010,20,Telangana,Medak,0.41,0.29,707.32
57,2011,20,Telangana,Medak,0.32,0.2,625.0
57,2012,20,Telangana,Medak,0.33,0.29,878.79
57,2013,20,Telangana,Medak,0.23,0.22,956.52
57,2014,20,Telangana,Medak,0.3,0.28,933.33
57,2015,20,Telangana,Medak,0.29,0.27,931.03
57,2019,20,Telangana,Medak,0.03,0.03,1230.77
58,1990,20,Telangana,Mahabubnagar,24.15,12.1,501.04
58,1991,20,Telangana,Mahabubnagar,16.65,4.15,249.25
58,1992,20,Telangana,Mahabubnagar,13.32,3.61,271.02
58,1993,20,Telangana,Mahabubnagar,14.0,5.0,357.14
58,1994,20,Telangana,Mahabubnagar,11.0,4.0,363.64
58,1995,20,Telangana,Mahabubnagar,12.0,7.0,583.33
58,1996,20,Telangana,Mahabubnagar,14.0,8.0,571.43
58,1997,20,Telangana,Mahabubnagar,10.0,4.0,400.0
58,1998,20,Telangana,Mahabubnagar,15.0,6.0,400.0
58,1999,20,Telangana,Mahabubnagar,16.64,7.99,480.17
58,2000,20,Telangana,Mahabubnagar,18.56,11.38,613.15
58,2001,20,Telangana,Mahabubnagar,17.98,8.63,479.98
58,2002,20,Telangana,Mahabubnagar,12.0,6.0,500.0
58,2003,20,Telangana,Mahabubnagar,11.55,6.7,580.09
58,2004,20,Telangana,Mahabubnagar,8.41,3.93,467.3
58,2005,20,Telangana,Mahabubnagar,8.63,6.81,789.11
58,2006,20,Telangana,Mahabubnagar,6.34,2.42,381.7
58,2007,20,Telangana,Mahabubnagar,5.79,4.39,758.2
58,2008,20,Telangana,Mahabubnagar,11.05,7.31,661.54
58,2009,20,Telangana,Mahabubnagar,4.98,2.21,443.78
58,2010,20,Telangana,Mahabubnagar,3.9,2.87,735.9
58,2011,20,Telangana,Mahabubnagar,2.34,1.29,551.28
58,2012,20,Telangana,Mahabubnagar,2.99,2.82,943.14
58,2013,20,Telangana,Mahabubnagar,3.14,2.9,923.57
58,2014,20,Telangana,Mahabubnagar,1.58,1.5,949.37
58,2015,20,Telangana,Mahabubnagar,1.22,1.17,959.02
58,2019,20,Telangana,Mahabubnagar,0.01,0.01,1222.22
59,1990,20,Telangana,Nalgonda,46.98,15.32,326.1
59,1991,20,Telangana,Nalgonda,38.82,11.84,305.0
59,1992,20,Telangana,Nalgonda,25.91,8.21,316.87
59,1993,20,Telangana,Nalgonda,25.0,8.0,320.0
59,1994,20,Telangana,Nalgonda,23.0,8.0,347.83
59,1995,20,Telangana,Nalgonda,22.0,7.0,318.18
59,1996,20,Telangana,Nalgonda,22.0,12.0,545.45
59,1997,20,Telangana,Nalgonda,17.0,7.0,411.76
59,1998,20,Telangana,Nalgonda,19.0,10.0,526.32
59,1999,20,Telangana,Nalgonda,17.04,11.68,685.45
59,2000,20,Telangana,Nalgonda,16.14,9.44,584.88
59,2001,20,Telangana,Nalgonda,9.81,4.34,442.41
59,2002,20,Telangana,Nalgonda,15.0,6.0,400.0
59,2003,20,Telangana,Nalgonda,21.44,13.44,626.87
59,2004,20,Telangana,Nalgonda,11.09,2.22,200.18
59,2005,20,Telangana,Nalgonda,8.33,3.94,472.99
59,2006,20,Telangana,Nalgonda,3.85,1.19,309.09
59,2007,20,Telangana,Nalgonda,4.72,2.34,495.76
59,2008,20,Telangana,Nalgonda,2.32,1.16,500.0
59,2009,20,Telangana,Nalgonda,1.81,1.08,596.69
59,2010,20,Telangana,Nalgonda,2.16,1.52,703.7
59,2011,20,Telangana,Nalgonda,0.92,0.75,815.22
59,2012,20,Telangana,Nalgonda,2.01,1.64,815.92
59,2013,20,Telangana,Nalgonda,0.77,0.78,1012.99
59,2014,20,Telangana,Nalgonda,0.04,0.02,500.0
59,2015,20,Telangana,Nalgonda,0.06,0.03,500.0
59,2016,20,Telangana,Nalgonda,1.1,0.64,584.7
59,2017,20,Telangana,Nalgonda,0.14,0.1,725.93
59,2019,20,Telangana,Nalgonda,0.09,0.11,1219.78
60,1990,20,Telangana,Warangal,2.61,1.79,685.82
60,1991,20,Telangana,Warangal,1.23,0.93,756.1
60,1992,20,Telangana,Warangal,0.83,0.36,433.73
60,1993,20,Telangana,Warangal,1.0,2.0,2000.0
60,1994,20,Telangana,Warangal,1.0,1.0,1000.0
60,1999,20,Telangana,Warangal,0.17,0.14,823.53
60,2000,20,Telangana,Warangal,0.09,0.06,666.67
60,2001,20,Telangana,Warangal,0.06,0.03,500.0
60,2003,20,Telangana,Warangal,0.35,0.22,628.57
60,2004,20,Telangana,Warangal,0.03,0.01,333.33
60,2005,20,Telangana,Warangal,0.07,0.05,714.29
60,2006,20,Telangana,Warangal,0.02,0.01,500.0
60,2007,20,Telangana,Warangal,1.45,0.93,641.38
60,2010,20,Telangana,Warangal,0.01,0.01,1000.0
60,2014,20,Telangana,Warangal,0.08,0.08,1000.0
60,2015,20,Telangana,Warangal,0.01,0.01,1000.0
61,1990,20,Telangana,Khammam,1.33,0.53,398.5
61,1991,20,Telangana,Khammam,1.02,0.3,294.12
61,1992,20,Telangana,Khammam,0.58,0.18,310.34
61,1999,20,Telangana,Khammam,0.42,0.25,595.24
61,2000,20,Telangana,Khammam,0.31,0.19,612.9
61,2001,20,Telangana,Khammam,0.2,0.09,450.0
61,2003,20,Telangana,Khammam,0.74,0.45,608.11
61,2004,20,Telangana,Khammam,0.2,0.06,300.0
61,2005,20,Telangana,Khammam,0.26,0.17,653.85
61,2006,20,Telangana,Khammam,0.04,0.01,250.0
61,2007,20,Telangana,Khammam,0.06,0.04,666.67
61,2008,20,Telangana,Khammam,0.04,0.03,750.0
61,2009,20,Telangana,Khammam,0.03,0.02,666.67
61,2013,20,Telangana,Khammam,0.01,0.01,1000.0
62,1990,20,Telangana,Karimnagar,0.02,0.01,500.0
62,1992,20,Telangana,Karimnagar,0.22,0.07,318.18
62,1999,20,Telangana,Karimnagar,0.75,0.44,586.67
62,2000,20,Telangana,Karimnagar,0.76,0.46,605.26
62,2001,20,Telangana,Karimnagar,0.47,0.22,468.09
62,2003,20,Telangana,Karimnagar,0.94,0.57,606.38
62,2004,20,Telangana,Karimnagar,0.54,0.17,314.81
62,2006,20,Telangana,Karimnagar,0.17,0.06,352.94
62,2007,20,Telangana,Karimnagar,0.35,0.23,657.14
62,2009,20,Telangana,Karimnagar,0.71,0.34,478.87
62,2010,20,Telangana,Karimnagar,2.7,1.96,725.93
62,2011,20,Telangana,Karimnagar,0.6,0.38,633.33
62,2012,20,Telangana,Karimnagar,0.7,1.16,1657.14
62,2013,20,Telangana,Karimnagar,1.97,1.85,939.09
62,2014,20,Telangana,Karimnagar,1.5,1.41,940.0
62,2015,20,Telangana,Karimnagar,1.04,0.97,932.69
63,1990,20,Telangana,Adilabad,1.34,0.53,395.52
63,1991,20,Telangana,Adilabad,0.03,0.01,333.33
63,1992,20,Telangana,Adilabad,0.16,0.05,312.5
63,1999,20,Telangana,Adilabad,0.64,0.38,593.75
63,2000,20,Telangana,Adilabad,0.52,0.31,596.15
63,2001,20,Telangana,Adilabad,0.63,0.29,460.32
63,2003,20,Telangana,Adilabad,1.82,1.11,609.89
63,2004,20,Telangana,Adilabad,1.23,0.39,317.07
63,2005,20,Telangana,Adilabad,0.78,0.49,628.21
63,2006,20,Telangana,Adilabad,1.04,0.37,355.77
63,2007,20,Telangana,Adilabad,1.02,0.65,637.25
63,2008,20,Telangana,Adilabad,0.35,0.22,628.57
63,2009,20,Telangana,Adilabad,0.83,0.4,481.93
63,2010,20,Telangana,Adilabad,1.56,1.13,724.36
63,2011,20,Telangana,Adilabad,0.52,0.33,634.62
63,2012,20,Telangana,Adilabad,0.29,0.49,1689.66
63,2013,20,Telangana,Adilabad,0.2,0.19,950.0
63,2014,20,Telangana,Adilabad,1.58,1.48,936.71
63,2015,20,Telangana,Adilabad,1.64,1.54,939.02
63,2019,20,Telangana,Adilabad,0.03,0.04,1206.9
65,1990,5,Karnataka,Kolar,0.57,0.26,456.0
65,1991,5,Karnataka,Kolar,0.69,0.34,493.0
65,1992,5,Karnataka,Kolar,0.43,0.13,302.0
65,1993,5,Karnataka,Kolar,0.47,0.27,574.0
65,1994,5,Karnataka,Kolar,0.21,0.07,333.0
65,1995,5,Karnataka,Kolar,0.22,0.12,545.0
65,1996,5,Karnataka,Kolar,0.23,0.13,565.0
65,1997,5,Karnataka,Kolar,0.12,0.04,333.0
65,1998,5,Karnataka,Kolar,0.17,0.08,471.0
65,1999,5,Karnataka,Kolar,0.23,0.09,391.0
65,2002,5,Karnataka,Kolar,0.38,0.14,368.0
65,2003,5,Karnataka,Kolar,0.03,0.01,333.0
65,2004,5,Karnataka,Kolar,0.08,0.03,375.0
65,2005,5,Karnataka,Kolar,0.09,0.05,556.0
65,2006,5,Karnataka,Kolar,0.1,0.05,500.0
65,2007,5,Karnataka,Kolar,0.04,0.03,750.0
65,2018,5,Karnataka,Kolar,0.1,0.09,908.0
65,2019,5,Karnataka,Kolar,0.13,0.14,1079.0
66,1990,5,Karnataka,Tumkur,1.46,0.29,199.0
66,1991,5,Karnataka,Tumkur,1.57,0.76,484.0
66,1992,5,Karnataka,Tumkur,1.25,0.36,288.0
66,1993,5,Karnataka,Tumkur,0.92,0.4,435.0
66,1994,5,Karnataka,Tumkur,0.53,0.17,321.0
66,1995,5,Karnataka,Tumkur,0.52,0.23,442.0
66,1996,5,Karnataka,Tumkur,0.38,0.16,421.0
66,1997,5,Karnataka,Tumkur,0.22,0.05,227.0
66,1998,5,Karnataka,Tumkur,0.38,0.18,474.0
66,1999,5,Karnataka,Tumkur,0.21,0.08,381.0
66,2001,5,Karnataka,Tumkur,0.25,0.1,400.0
66,2002,5,Karnataka,Tumkur,0.24,0.09,375.0
66,2003,5,Karnataka,Tumkur,0.31,0.09,290.0
66,2004,5,Karnataka,Tumkur,0.26,0.1,385.0
66,2005,5,Karnataka,Tumkur,0.25,0.21,840.0
66,2006,5,Karnataka,Tumkur,0.11,0.05,455.0
66,2007,5,Karnataka,Tumkur,0.19,0.14,737.0
66,2008,5,Karnataka,Tumkur,0.14,0.07,500.0
66,2009,5,Karnataka,Tumkur,0.14,0.04,286.0
66,2010,5,Karnataka,Tumkur,0.2,0.22,1100.0
66,2011,5,Karnataka,Tumkur,0.09,0.09,1000.0
66,2012,5,Karnataka,Tumkur,0.09,0.09,1000.0
66,2013,5,Karnataka,Tumkur,0.09,0.11,1222.0
66,2014,5,Karnataka,Tumkur,0.34,0.36,1059.0
66,2015,5,Karnataka,Tumkur,0.28,0.19,679.0
66,2016,5,Karnataka,Tumkur,0.02,0.02,1048.0
66,2017,5,Karnataka,Tumkur,0.02,0.04,1583.0
66,2018,5,Karnataka,Tumkur,0.18,0.17,927.0
66,2019,5,Karnataka,Tumkur,0.18,0.1,516.0
67,1990,5,Karnataka,Mysore,2.11,1.31,621.0
67,1991,5,Karnataka,Mysore,4.64,9.92,2138.0
67,1992,5,Karnataka,Mysore,1.96,1.83,934.0
67,1993,5,Karnataka,Mysore,1.95,1.88,964.0
67,1994,5,Karnataka,Mysore,2.09,1.57,751.0
67,1995,5,Karnataka,Mysore,0.86,0.87,1012.0
67,1996,5,Karnataka,Mysore,0.75,0.56,747.0
67,1997,5,Karnataka,Mysore,0.37,0.16,432.0
67,1999,5,Karnataka,Mysore,0.05,0.03,600.0
67,2018,5,Karnataka,Mysore,0.02,0.02,889.0
67,2019,5,Karnataka,Mysore,0.02,0.02,1059.0
68,2014,5,Karnataka,Mandya,0.04,0.04,1000.0
68,2018,5,Karnataka,Mandya,0.01,0.01,923.0
68,2019,5,Karnataka,Mandya,0.01,0.01,1091.0
69,2012,5,Karnataka,Hassan,0.04,0.05,1250.0
69,2013,5,Karnataka,Hassan,0.04,0.05,1250.0
69,2018,5,Karnataka,Hassan,0.1,0.09,906.0
69,2019,5,Karnataka,Hassan,0.09,0.1,1076.0
70,2002,5,Karnataka,Shimoge,0.03,0.01,333.0
70,2017,5,Karnataka,Shimoge,0.01,0.01,1571.0
70,2019,5,Karnataka,Shimoge,0.01,0.01,1000.0
71,2012,5,Karnataka,Chickmagalur,0.01,0.01,1000.0
71,2018,5,Karnataka,Chickmagalur,0.03,0.03,912.0
71,2019,5,Karnataka,Chickmagalur,0.03,0.03,1080.0
72,1990,5,Karnataka,Chitradurga,14.06,2.99,213.0
72,1991,5,Karnataka,Chitradurga,14.11,6.87,487.0
72,1992,5,Karnataka,Chitradurga,11.54,4.66,404.0
72,1993,5,Karnataka,Chitradurga,8.14,3.85,473.0
72,1994,5,Karnataka,Chitradurga,5.95,2.75,462.0
72,1995,5,Karnataka,Chitradurga,6.68,2.92,437.0
72,1996,5,Karnataka,Chitradurga,10.59,7.17,677.0
72,1997,5,Karnataka,Chitradurga,5.26,1.82,346.0
72,1998,5,Karnataka,Chitradurga,8.65,6.11,706.0
72,1999,5,Karnataka,Chitradurga,4.85,2.26,466.0
72,2000,5,Karnataka,Chitradurga,5.2,4.0,769.0
72,2001,5,Karnataka,Chitradurga,3.38,1.58,467.0
72,2002,5,Karnataka,Chitradurga,3.56,2.25,632.0
72,2003,5,Karnataka,Chitradurga,3.15,1.22,387.0
72,2004,5,Karnataka,Chitradurga,7.18,4.01,558.0
72,2005,5,Karnataka,Chitradurga,4.77,4.05,849.0
72,2006,5,Karnataka,Chitradurga,1.09,0.56,514.0
72,2007,5,Karnataka,Chitradurga,2.29,2.21,965.0
72,2008,5,Karnataka,Chitradurga,1.58,0.6,380.0
72,2009,5,Karnataka,Chitradurga,1.28,0.69,539.0
72,2010,5,Karnataka,Chitradurga,1.51,0.96,636.0
72,2011,5,Karnataka,Chitradurga,1.61,0.78,484.0
72,2012,5,Karnataka,Chitradurga,1.33,0.7,526.0
72,2013,5,Karnataka,Chitradurga,2.05,1.11,541.0
72,2014,5,Karnataka,Chitradurga,1.7,1.05,618.0
72,2015,5,Karnataka,Chitradurga,1.8,1.17,650.0
72,2016,5,Karnataka,Chitradurga,1.8,0.5,278.0
72,2017,5,Karnataka,Chitradurga,3.69,3.84,1038.0
72,2018,5,Karnataka,Chitradurga,1.91,0.78,410.0
72,2019,5,Karnataka,Chitradurga,3.01,1.9,631.0
73,1990,5,Karnataka,Bellary,17.57,12.94,736.0
73,1991,5,Karnataka,Bellary,14.54,7.15,492.0
73,1992,5,Karnataka,Bellary,14.55,10.63,731.0
73,1993,5,Karnataka,Bellary,10.03,6.86,684.0
73,1994,5,Karnataka,Bellary,13.05,5.3,406.0
73,1995,5,Karnataka,Bellary,17.58,14.5,825.0
73,1996,5,Karnataka,Bellary,16.49,14.58,884.0
73,1997,5,Karnataka,Bellary,15.07,8.07,536.0
73,1998,5,Karnataka,Bellary,27.22,25.15,924.0
73,1999,5,Karnataka,Bellary,22.38,14.11,630.0
73,2000,5,Karnataka,Bellary,26.8,22.0,821.0
73,2001,5,Karnataka,Bellary,17.39,13.5,776.0
73,2002,5,Karnataka,Bellary,14.21,7.03,495.0
73,2003,5,Karnataka,Bellary,26.34,17.84,677.0
73,2004,5,Karnataka,Bellary,18.57,13.39,721.0
73,2005,5,Karnataka,Bellary,21.59,17.61,816.0
73,2006,5,Karnataka,Bellary,17.02,8.92,524.0
73,2007,5,Karnataka,Bellary,17.86,15.57,872.0
73,2008,5,Karnataka,Bellary,13.4,8.85,660.0
73,2009,5,Karnataka,Bellary,14.08,8.81,626.0
73,2010,5,Karnataka,Bellary,13.9,13.16,947.0
73,2011,5,Karnataka,Bellary,16.35,15.17,928.0
73,2012,5,Karnataka,Bellary,20.9,16.95,811.0
73,2013,5,Karnataka,Bellary,17.02,17.2,1011.0
73,2014,5,Karnataka,Bellary,15.57,16.7,1073.0
73,2015,5,Karnataka,Bellary,14.16,13.36,944.0
73,2016,5,Karnataka,Bellary,16.05,20.18,1257.0
73,2017,5,Karnataka,Bellary,24.47,44.95,1837.0
73,2018,5,Karnataka,Bellary,15.53,17.75,1143.0
73,2019,5,Karnataka,Bellary,32.54,48.42,1488.0
74,1990,5,Karnataka,Dharwad,1.98,0.64,323.0
74,1991,5,Karnataka,Dharwad,2.03,0.83,409.0
74,1992,5,Karnataka,Dharwad,1.88,0.91,484.0
74,1993,5,Karnataka,Dharwad,2.86,1.69,591.0
74,1994,5,Karnataka,Dharwad,2.67,1.0,375.0
74,1995,5,Karnataka,Dharwad,1.21,0.66,545.0
74,1996,5,Karnataka,Dharwad,1.56,0.82,526.0
74,1997,5,Karnataka,Dharwad,1.58,0.56,354.0
74,2012,5,Karnataka,Dharwad,0.02,0.02,1000.0
74,2013,5,Karnataka,Dharwad,0.01,0.01,1000.0
74,2014,5,Karnataka,Dharwad,0.01,0.01,1000.0
74,2018,5,Karnataka,Dharwad,0.05,0.06,1019.0
74,2019,5,Karnataka,Dharwad,0.08,0.08,1093.0
75,1990,5,Karnataka,Belgaum,59.08,10.44,177.0
75,1991,5,Karnataka,Belgaum,55.64,16.78,302.0
75,1992,5,Karnataka,Belgaum,45.44,9.17,202.0
75,1993,5,Karnataka,Belgaum,44.44,16.46,370.0
75,1994,5,Karnataka,Belgaum,44.22,13.05,295.0
75,1995,5,Karnataka,Belgaum,36.3,7.96,219.0
75,1996,5,Karnataka,Belgaum,40.59,12.05,297.0
75,1997,5,Karnataka,Belgaum,34.92,5.67,162.0
75,1998,5,Karnataka,Belgaum,30.89,8.9,288.0
75,1999,5,Karnataka,Belgaum,40.3,14.08,349.0
75,2000,5,Karnataka,Belgaum,42.3,18.0,426.0
75,2001,5,Karnataka,Belgaum,11.31,3.17,280.0
75,2002,5,Karnataka,Belgaum,20.99,2.82,134.0
75,2003,5,Karnataka,Belgaum,5.93,1.06,179.0
75,2004,5,Karnataka,Belgaum,40.73,20.51,504.0
75,2005,5,Karnataka,Belgaum,27.55,10.73,389.0
75,2006,5,Karnataka,Belgaum,30.04,9.57,319.0
75,2007,5,Karnataka,Belgaum,36.17,17.34,479.0
75,2008,5,Karnataka,Belgaum,14.13,5.75,407.0
75,2009,5,Karnataka,Belgaum,24.31,6.29,259.0
75,2010,5,Karnataka,Belgaum,19.15,12.52,654.0
75,2011,5,Karnataka,Belgaum,12.46,5.52,443.0
75,2012,5,Karnataka,Belgaum,7.58,2.66,351.0
75,2013,5,Karnataka,Belgaum,12.44,8.2,659.0
75,2014,5,Karnataka,Belgaum,9.26,6.15,664.0
75,2015,5,Karnataka,Belgaum,4.54,1.69,372.0
75,2016,5,Karnataka,Belgaum,10.2,6.19,607.0
75,2017,5,Karnataka,Belgaum,7.78,9.42,1210.0
75,2018,5,Karnataka,Belgaum,9.03,9.92,1098.0
75,2019,5,Karnataka,Belgaum,19.15,20.83,1088.0
76,1990,5,Karnataka,Bijapur,137.75,71.44,519.0
76,1991,5,Karnataka,Bijapur,135.85,71.23,524.0
76,1992,5,Karnataka,Bijapur,128.61,73.91,575.0
76,1993,5,Karnataka,Bijapur,74.79,53.11,710.0
76,1994,5,Karnataka,Bijapur,85.0,33.81,398.0
76,1995,5,Karnataka,Bijapur,137.8,94.99,689.0
76,1996,5,Karnataka,Bijapur,157.1,114.35,728.0
76,1997,5,Karnataka,Bijapur,94.76,40.78,430.0
76,1998,5,Karnataka,Bijapur,88.69,64.61,728.0
76,1999,5,Karnataka,Bijapur,114.01,73.69,646.0
76,2000,5,Karnataka,Bijapur,111.7,90.0,806.0
76,2001,5,Karnataka,Bijapur,10.3,5.44,528.0
76,2002,5,Karnataka,Bijapur,55.61,22.68,408.0
76,2003,5,Karnataka,Bijapur,36.57,21.15,578.0
76,2004,5,Karnataka,Bijapur,97.63,64.62,662.0
76,2005,5,Karnataka,Bijapur,83.07,52.47,632.0
76,2006,5,Karnataka,Bijapur,95.66,44.25,463.0
76,2007,5,Karnataka,Bijapur,116.37,74.32,639.0
76,2008,5,Karnataka,Bijapur,33.18,18.52,558.0
76,2009,5,Karnataka,Bijapur,62.06,28.25,455.0
76,2010,5,Karnataka,Bijapur,65.45,52.29,799.0
76,2011,5,Karnataka,Bijapur,60.05,51.17,852.0
76,2012,5,Karnataka,Bijapur,55.44,51.98,938.0
76,2013,5,Karnataka,Bijapur,69.83,75.69,1084.0
76,2014,5,Karnataka,Bijapur,48.81,37.28,764.0
76,2015,5,Karnataka,Bijapur,20.16,5.73,284.0
76,2016,5,Karnataka,Bijapur,43.15,49.19,1140.0
76,2017,5,Karnataka,Bijapur,25.75,23.22,902.0
76,2018,5,Karnataka,Bijapur,19.37,14.58,752.0
76,2019,5,Karnataka,Bijapur,50.1,31.38,626.0
77,1990,5,Karnataka,Bidar,12.76,3.93,308.0
77,1991,5,Karnataka,Bidar,10.79,3.7,343.0
77,1992,5,Karnataka,Bidar,12.83,4.16,324.0
77,1993,5,Karnataka,Bidar,12.81,7.66,598.0
77,1994,5,Karnataka,Bidar,15.55,5.53,356.0
77,1995,5,Karnataka,Bidar,15.11,8.45,559.0
77,1996,5,Karnataka,Bidar,16.02,9.82,613.0
77,1997,5,Karnataka,Bidar,14.76,9.5,644.0
77,1998,5,Karnataka,Bidar,13.99,6.4,457.0
77,1999,5,Karnataka,Bidar,8.69,6.72,773.0
77,2000,5,Karnataka,Bidar,9.8,7.0,714.0
77,2001,5,Karnataka,Bidar,8.67,5.04,581.0
77,2002,5,Karnataka,Bidar,8.36,6.23,745.0
77,2003,5,Karnataka,Bidar,10.04,9.8,976.0
77,2004,5,Karnataka,Bidar,8.91,7.74,869.0
77,2005,5,Karnataka,Bidar,9.58,6.05,632.0
77,2006,5,Karnataka,Bidar,9.43,7.83,830.0
77,2007,5,Karnataka,Bidar,8.08,8.46,1047.0
77,2008,5,Karnataka,Bidar,7.22,7.07,979.0
77,2009,5,Karnataka,Bidar,7.94,4.38,552.0
77,2010,5,Karnataka,Bidar,6.72,4.97,740.0
77,2011,5,Karnataka,Bidar,6.41,5.65,881.0
77,2012,5,Karnataka,Bidar,5.11,5.77,1129.0
77,2013,5,Karnataka,Bidar,2.94,3.36,1143.0
77,2014,5,Karnataka,Bidar,3.72,3.74,1005.0
77,2015,5,Karnataka,Bidar,5.35,3.77,705.0
77,2016,5,Karnataka,Bidar,1.88,1.25,667.0
77,2017,5,Karnataka,Bidar,2.29,3.32,1451.0
77,2018,5,Karnataka,Bidar,0.41,0.31,763.0
77,2019,5,Karnataka,Bidar,2.08,2.04,980.0
78,1990,5,Karnataka,Raichur,97.23,53.38,549.0
78,1991,5,Karnataka,Raichur,88.01,40.92,465.0
78,1992,5,Karnataka,Raichur,87.18,63.28,726.0
78,1993,5,Karnataka,Raichur,83.92,44.05,525.0
78,1994,5,Karnataka,Raichur,77.77,24.72,318.0
78,1995,5,Karnataka,Raichur,106.63,80.73,757.0
78,1996,5,Karnataka,Raichur,102.32,55.08,538.0
78,1997,5,Karnataka,Raichur,68.3,26.78,392.0
78,1998,5,Karnataka,Raichur,65.72,42.54,647.0
78,1999,5,Karnataka,Raichur,54.07,21.83,404.0
78,2000,5,Karnataka,Raichur,75.8,44.0,580.0
78,2001,5,Karnataka,Raichur,41.82,12.9,308.0
78,2002,5,Karnataka,Raichur,63.59,18.37,289.0
78,2003,5,Karnataka,Raichur,69.56,29.99,431.0
78,2004,5,Karnataka,Raichur,74.85,32.86,439.0
78,2005,5,Karnataka,Raichur,68.06,69.3,1018.0
78,2006,5,Karnataka,Raichur,57.4,17.72,309.0
78,2007,5,Karnataka,Raichur,62.08,43.22,696.0
78,2008,5,Karnataka,Raichur,53.51,36.29,678.0
78,2009,5,Karnataka,Raichur,55.94,24.2,433.0
78,2010,5,Karnataka,Raichur,53.89,62.93,1168.0
78,2011,5,Karnataka,Raichur,46.22,36.98,800.0
78,2012,5,Karnataka,Raichur,52.36,51.28,979.0
78,2013,5,Karnataka,Raichur,51.0,56.88,1115.0
78,2014,5,Karnataka,Raichur,46.28,33.81,731.0
78,2015,5,Karnataka,Raichur,37.04,28.48,769.0
78,2016,5,Karnataka,Raichur,51.81,74.64,1441.0
78,2017,5,Karnataka,Raichur,39.71,52.96,1334.0
78,2018,5,Karnataka,Raichur,47.02,43.35,922.0
78,2019,5,Karnataka,Raichur,57.47,65.27,1136.0
79,1990,5,Karnataka,Gulbarga,80.28,45.83,571.0
79,1991,5,Karnataka,Gulbarga,83.9,37.77,450.0
79,1992,5,Karnataka,Gulbarga,69.12,45.76,662.0
79,1993,5,Karnataka,Gulbarga,59.66,47.36,794.0
79,1994,5,Karnataka,Gulbarga,47.09,30.18,641.0
79,1995,5,Karnataka,Gulbarga,77.19,57.93,750.0
79,1996,5,Karnataka,Gulbarga,70.54,55.67,789.0
79,1997,5,Karnataka,Gulbarga,66.83,39.48,591.0
79,1998,5,Karnataka,Gulbarga,74.63,47.74,640.0
79,1999,5,Karnataka,Gulbarga,82.67,59.53,720.0
79,2000,5,Karnataka,Gulbarga,86.3,77.0,892.0
79,2001,5,Karnataka,Gulbarga,59.72,41.75,699.0
79,2002,5,Karnataka,Gulbarga,60.13,45.77,761.0
79,2003,5,Karnataka,Gulbarga,72.38,52.14,720.0
79,2004,5,Karnataka,Gulbarga,68.82,54.24,788.0
79,2005,5,Karnataka,Gulbarga,72.67,70.44,969.0
79,2006,5,Karnataka,Gulbarga,65.64,43.05,656.0
79,2007,5,Karnataka,Gulbarga,61.87,48.53,784.0
79,2008,5,Karnataka,Gulbarga,52.7,41.96,796.0
79,2009,5,Karnataka,Gulbarga,36.23,20.68,571.0
79,2010,5,Karnataka,Gulbarga,18.88,15.67,830.0
79,2011,5,Karnataka,Gulbarga,20.94,16.37,782.0
79,2012,5,Karnataka,Gulbarga,15.57,16.96,1089.0
79,2013,5,Karnataka,Gulbarga,14.9,19.87,1334.0
79,2014,5,Karnataka,Gulbarga,15.64,18.22,1165.0
79,2015,5,Karnataka,Gulbarga,4.89,3.18,650.0
79,2016,5,Karnataka,Gulbarga,12.13,17.76,1464.0
79,2017,5,Karnataka,Gulbarga,7.48,19.85,2653.0
79,2018,5,Karnataka,Gulbarga,1.68,2.96,1760.0
79,2019,5,Karnataka,Gulbarga,7.55,12.7,1683.0
80,2019,5,Karnataka,Dakshina Kannada,0.01,0.01,1125.0
83,1990,11,Tamil Nadu,Kancheepuram,2.21,4.38,1982.0
83,1991,11,Tamil Nadu,Kancheepuram,1.94,3.2,1649.0
83,1992,11,Tamil Nadu,Kancheepuram,1.39,2.75,1978.0
83,1993,11,Tamil Nadu,Kancheepuram,3.0,5.0,1667.0
83,1994,11,Tamil Nadu,Kancheepuram,0.91,1.73,1901.0
83,1995,11,Tamil Nadu,Kancheepuram,0.9,2.02,2244.0
83,1999,11,Tamil Nadu,Kancheepuram,0.01,0.02,2000.0
83,2000,11,Tamil Nadu,Kancheepuram,0.04,0.1,2500.0
83,2001,11,Tamil Nadu,Kancheepuram,0.05,0.11,2200.0
83,2002,11,Tamil Nadu,Kancheepuram,0.03,0.05,1667.0
83,2003,11,Tamil Nadu,Kancheepuram,0.22,0.29,1318.0
83,2004,11,Tamil Nadu,Kancheepuram,0.03,0.04,1333.0
83,2005,11,Tamil Nadu,Kancheepuram,0.01,0.03,3000.0
83,2006,11,Tamil Nadu,Kancheepuram,0.03,0.07,2333.0
83,2007,11,Tamil Nadu,Kancheepuram,0.03,0.08,2667.0
83,2010,11,Tamil Nadu,Kancheepuram,0.04,0.06,1500.0
83,2011,11,Tamil Nadu,Kancheepuram,0.06,0.13,2167.0
83,2012,11,Tamil Nadu,Kancheepuram,0.03,0.05,1667.0
83,2013,11,Tamil Nadu,Kancheepuram,0.07,0.16,2286.0
83,2014,11,Tamil Nadu,Kancheepuram,0.02,0.06,3000.0
83,2016,11,Tamil Nadu,Kancheepuram,0.1,0.21,2124.0
83,2017,11,Tamil Nadu,Kancheepuram,0.04,0.1,2209.0
83,2018,11,Tamil Nadu,Kancheepuram,0.01,0.02,2556.0
84,1990,11,Tamil Nadu,South Arcot Cuddalore,94.81,102.42,1080.0
84,1991,11,Tamil Nadu,South Arcot Cuddalore,89.15,104.64,1174.0
84,1992,11,Tamil Nadu,South Arcot Cuddalore,84.32,102.23,1212.0
84,1993,11,Tamil Nadu,South Arcot Cuddalore,76.0,115.0,1513.0
84,1994,11,Tamil Nadu,South Arcot Cuddalore,13.28,22.81,1718.0
84,1995,11,Tamil Nadu,South Arcot Cuddalore,11.49,14.71,1280.0
84,1996,11,Tamil Nadu,South Arcot Cuddalore,9.65,19.41,2011.0
84,1997,11,Tamil Nadu,South Arcot Cuddalore,6.18,15.12,2447.0
84,1998,11,Tamil Nadu,South Arcot Cuddalore,9.31,16.83,1808.0
84,1999,11,Tamil Nadu,South Arcot Cuddalore,6.47,10.22,1580.0
84,2000,11,Tamil Nadu,South Arcot Cuddalore,4.28,8.51,1988.0
84,2001,11,Tamil Nadu,South Arcot Cuddalore,4.08,10.05,2463.0
84,2002,11,Tamil Nadu,South Arcot Cuddalore,2.71,4.83,1782.0
84,2003,11,Tamil Nadu,South Arcot Cuddalore,4.75,7.08,1491.0
84,2004,11,Tamil Nadu,South Arcot Cuddalore,3.18,4.64,1459.0
84,2005,11,Tamil Nadu,South Arcot Cuddalore,1.53,2.07,1353.0
84,2006,11,Tamil Nadu,South Arcot Cuddalore,1.28,1.61,1258.0
84,2007,11,Tamil Nadu,South Arcot Cuddalore,1.71,2.81,1643.0
84,2008,11,Tamil Nadu,South Arcot Cuddalore,1.84,2.91,1582.0
84,2009,11,Tamil Nadu,South Arcot Cuddalore,2.06,6.14,2981.0
84,2010,11,Tamil Nadu,South Arcot Cuddalore,1.73,3.62,2092.0
84,2011,11,Tamil Nadu,South Arcot Cuddalore,1.78,5.25,2949.0
84,2012,11,Tamil Nadu,South Arcot Cuddalore,2.5,5.96,2384.0
84,2013,11,Tamil Nadu,South Arcot Cuddalore,3.56,8.33,2340.0
84,2014,11,Tamil Nadu,South Arcot Cuddalore,3.36,11.1,3304.0
84,2015,11,Tamil Nadu,South Arcot Cuddalore,3.49,10.34,2963.0
84,2016,11,Tamil Nadu,South Arcot Cuddalore,4.24,17.15,4043.0
84,2017,11,Tamil Nadu,South Arcot Cuddalore,5.22,19.88,3811.0
84,2018,11,Tamil Nadu,South Arcot Cuddalore,3.62,12.02,3322.0
84,2019,11,Tamil Nadu,South Arcot Cuddalore,4.03,14.13,3504.0
85,1990,11,Tamil Nadu,North Arcot Vellore,4.63,5.74,1240.0
85,1991,11,Tamil Nadu,North Arcot Vellore,3.65,7.05,1932.0
85,1992,11,Tamil Nadu,North Arcot Vellore,4.62,6.68,1446.0
85,1993,11,Tamil Nadu,North Arcot Vellore,8.0,15.0,1875.0
85,1994,11,Tamil Nadu,North Arcot Vellore,2.24,3.89,1737.0
85,1995,11,Tamil Nadu,North Arcot Vellore,2.11,3.54,1678.0
85,1996,11,Tamil Nadu,North Arcot Vellore,1.89,3.31,1751.0
85,1997,11,Tamil Nadu,North Arcot Vellore,1.51,2.08,1377.0
85,1998,11,Tamil Nadu,North Arcot Vellore,4.02,7.0,1741.0
85,1999,11,Tamil Nadu,North Arcot Vellore,3.9,6.2,1590.0
85,2000,11,Tamil Nadu,North Arcot Vellore,3.51,7.97,2271.0
85,2001,11,Tamil Nadu,North Arcot Vellore,3.43,5.0,1458.0
85,2002,11,Tamil Nadu,North Arcot Vellore,3.45,3.13,907.0
85,2003,11,Tamil Nadu,North Arcot Vellore,3.44,3.49,1015.0
85,2004,11,Tamil Nadu,North Arcot Vellore,4.52,4.93,1091.0
85,2005,11,Tamil Nadu,North Arcot Vellore,2.88,3.12,1083.0
85,2006,11,Tamil Nadu,North Arcot Vellore,2.33,2.66,1142.0
85,2007,11,Tamil Nadu,North Arcot Vellore,2.09,3.8,1818.0
85,2008,11,Tamil Nadu,North Arcot Vellore,1.92,1.44,750.0
85,2009,11,Tamil Nadu,North Arcot Vellore,1.83,2.35,1284.0
85,2010,11,Tamil Nadu,North Arcot Vellore,1.86,1.7,914.0
85,2011,11,Tamil Nadu,North Arcot Vellore,1.99,3.74,1879.0
85,2012,11,Tamil Nadu,North Arcot Vellore,1.88,5.28,2809.0
85,2013,11,Tamil Nadu,North Arcot Vellore,1.83,4.61,2519.0
85,2014,11,Tamil Nadu,North Arcot Vellore,2.13,10.06,4723.0
85,2015,11,Tamil Nadu,North Arcot Vellore,2.57,12.25,4767.0
85,2016,11,Tamil Nadu,North Arcot Vellore,2.46,6.99,2840.0
85,2017,11,Tamil Nadu,North Arcot Vellore,1.35,3.54,2619.0
85,2018,11,Tamil Nadu,North Arcot Vellore,1.92,4.41,2301.0
85,2019,11,Tamil Nadu,North Arcot Vellore,1.3,4.0,3080.0
86,1990,11,Tamil Nadu,Salem,12.24,18.0,1471.0
86,1991,11,Tamil Nadu,Salem,15.33,23.44,1529.0
86,1992,11,Tamil Nadu,Salem,10.31,18.15,1760.0
86,1993,11,Tamil Nadu,Salem,14.0,23.0,1643.0
86,1994,11,Tamil Nadu,Salem,8.72,17.36,1991.0
86,1995,11,Tamil Nadu,Salem,10.1,16.6,1644.0
86,1996,11,Tamil Nadu,Salem,5.58,6.53,1170.0
86,1997,11,Tamil Nadu,Salem,5.96,12.25,2055.0
86,1998,11,Tamil Nadu,Salem,4.48,9.59,2141.0
86,1999,11,Tamil Nadu,Salem,5.69,12.02,2112.0
86,2000,11,Tamil Nadu,Salem,3.36,6.66,1982.0
86,2001,11,Tamil Nadu,Salem,3.26,6.38,1957.0
86,2002,11,Tamil Nadu,Salem,2.68,2.85,1063.0
86,2003,11,Tamil Nadu,Salem,4.43,5.06,1142.0
86,2004,11,Tamil Nadu,Salem,3.77,5.6,1485.0
86,2005,11,Tamil Nadu,Salem,1.65,1.76,1067.0
86,2006,11,Tamil Nadu,Salem,1.49,1.9,1275.0
86,2007,11,Tamil Nadu,Salem,0.92,1.03,1120.0
86,2008,11,Tamil Nadu,Salem,0.88,1.74,1977.0
86,2009,11,Tamil Nadu,Salem,1.22,1.38,1131.0
86,2010,11,Tamil Nadu,Salem,1.93,2.78,1440.0
86,2011,11,Tamil Nadu,Salem,0.84,1.3,1548.0
86,2012,11,Tamil Nadu,Salem,0.66,0.71,1076.0
86,2013,11,Tamil Nadu,Salem,0.78,1.53,1962.0
86,2014,11,Tamil Nadu,Salem,1.1,2.28,2073.0
86,2015,11,Tamil Nadu,Salem,1.61,4.81,2988.0
86,2016,11,Tamil Nadu,Salem,1.19,2.07,1744.0
86,2017,11,Tamil Nadu,Salem,0.59,1.16,1974.0
86,2018,11,Tamil Nadu,Salem,0.83,2.13,2559.0
86,2019,11,Tamil Nadu,Salem,1.12,3.12,2784.0
87,1990,11,Tamil Nadu,Coimbatore,1.26,1.48,1175.0
87,1991,11,Tamil Nadu,Coimbatore,1.12,0.95,848.0
87,1992,11,Tamil Nadu,Coimbatore,1.2,1.83,1525.0
87,1993,11,Tamil Nadu,Coimbatore,1.0,3.0,3000.0
87,1994,11,Tamil Nadu,Coimbatore,1.13,1.22,1080.0
87,1995,11,Tamil Nadu,Coimbatore,0.85,0.9,1059.0
87,1996,11,Tamil Nadu,Coimbatore,0.52,0.66,1269.0
87,1997,11,Tamil Nadu,Coimbatore,0.52,0.91,1750.0
87,1998,11,Tamil Nadu,Coimbatore,0.36,0.8,2222.0
87,1999,11,Tamil Nadu,Coimbatore,0.89,2.35,2640.0
87,2000,11,Tamil Nadu,Coimbatore,0.4,0.82,2050.0
87,2001,11,Tamil Nadu,Coimbatore,0.24,0.45,1875.0
87,2002,11,Tamil Nadu,Coimbatore,0.62,0.68,1097.0
87,2003,11,Tamil Nadu,Coimbatore,0.5,0.58,1160.0
87,2004,11,Tamil Nadu,Coimbatore,0.46,0.87,1891.0
87,2005,11,Tamil Nadu,Coimbatore,0.41,0.75,1829.0
87,2006,11,Tamil Nadu,Coimbatore,0.46,0.86,1870.0
87,2007,11,Tamil Nadu,Coimbatore,0.57,0.94,1649.0
87,2008,11,Tamil Nadu,Coimbatore,0.11,0.2,1818.0
87,2009,11,Tamil Nadu,Coimbatore,0.12,0.19,1583.0
87,2010,11,Tamil Nadu,Coimbatore,0.05,0.07,1400.0
87,2011,11,Tamil Nadu,Coimbatore,0.09,0.21,2333.0
87,2012,11,Tamil Nadu,Coimbatore,0.06,0.09,1500.0
87,2013,11,Tamil Nadu,Coimbatore,0.07,0.16,2286.0
87,2014,11,Tamil Nadu,Coimbatore,0.1,0.31,3100.0
87,2015,11,Tamil Nadu,Coimbatore,0.07,0.17,2429.0
87,2016,11,Tamil Nadu,Coimbatore,0.3,0.36,1202.0
87,2017,11,Tamil Nadu,Coimbatore,0.21,0.46,2229.0
87,2018,11,Tamil Nadu,Coimbatore,0.17,0.46,2642.0
87,2019,11,Tamil Nadu,Coimbatore,0.11,0.29,2714.0
88,1990,11,Tamil Nadu,Tiruchirapalli Trichy,61.01,35.87,588.0
88,1991,11,Tamil Nadu,Tiruchirapalli Trichy,53.83,28.83,536.0
88,1992,11,Tamil Nadu,Tiruchirapalli Trichy,47.84,33.14,693.0
88,1993,11,Tamil Nadu,Tiruchirapalli Trichy,49.0,50.0,1020.0
88,1994,11,Tamil Nadu,Tiruchirapalli Trichy,34.34,11.82,344.0
88,1995,11,Tamil Nadu,Tiruchirapalli Trichy,26.28,12.48,475.0
88,1996,11,Tamil Nadu,Tiruchirapalli Trichy,5.14,2.73,531.0
88,1997,11,Tamil Nadu,Tiruchirapalli Trichy,5.02,4.8,956.0
88,1998,11,Tamil Nadu,Tiruchirapalli Trichy,4.57,4.26,932.0
88,1999,11,Tamil Nadu,Tiruchirapalli Trichy,3.84,3.28,854.0
88,2000,11,Tamil Nadu,Tiruchirapalli Trichy,4.23,2.96,700.0
88,2001,11,Tamil Nadu,Tiruchirapalli Trichy,3.78,2.69,712.0
88,2002,11,Tamil Nadu,Tiruchirapalli Trichy,3.76,3.68,979.0
88,2003,11,Tamil Nadu,Tiruchirapalli Trichy,4.39,2.55,581.0
88,2004,11,Tamil Nadu,Tiruchirapalli Trichy,3.35,1.39,415.0
88,2005,11,Tamil Nadu,Tiruchirapalli Trichy,2.66,0.85,320.0
88,2006,11,Tamil Nadu,Tiruchirapalli Trichy,2.98,2.56,859.0
88,2007,11,Tamil Nadu,Tiruchirapalli Trichy,2.04,0.98,480.0
88,2008,11,Tamil Nadu,Tiruchirapalli Trichy,1.63,0.82,503.0
88,2009,11,Tamil Nadu,Tiruchirapalli Trichy,1.78,1.38,775.0
88,2010,11,Tamil Nadu,Tiruchirapalli Trichy,1.89,1.28,677.0
88,2011,11,Tamil Nadu,Tiruchirapalli Trichy,1.41,2.25,1596.0
88,2012,11,Tamil Nadu,Tiruchirapalli Trichy,1.33,0.96,722.0
88,2013,11,Tamil Nadu,Tiruchirapalli Trichy,1.07,0.88,822.0
88,2014,11,Tamil Nadu,Tiruchirapalli Trichy,1.2,2.25,1875.0
88,2015,11,Tamil Nadu,Tiruchirapalli Trichy,0.89,0.95,1067.0
88,2016,11,Tamil Nadu,Tiruchirapalli Trichy,0.89,0.92,1030.0
88,2017,11,Tamil Nadu,Tiruchirapalli Trichy,0.52,1.3,2515.0
88,2018,11,Tamil Nadu,Tiruchirapalli Trichy,0.31,0.6,1914.0
88,2019,11,Tamil Nadu,Tiruchirapalli Trichy,0.25,0.7,2752.0
89,1990,11,Tamil Nadu,Thanjavur,0.19,0.29,1526.0
89,1991,11,Tamil Nadu,Thanjavur,0.21,0.24,1143.0
89,1992,11,Tamil Nadu,Thanjavur,0.05,0.06,1200.0
89,1994,11,Tamil Nadu,Thanjavur,0.03,0.03,1000.0
89,1995,11,Tamil Nadu,Thanjavur,0.01,0.01,1000.0
89,1996,11,Tamil Nadu,Thanjavur,0.02,0.03,1500.0
89,1999,11,Tamil Nadu,Thanjavur,0.01,0.02,2000.0
89,2000,11,Tamil Nadu,Thanjavur,0.01,0.01,1000.0
89,2001,11,Tamil Nadu,Thanjavur,0.01,0.02,2000.0
89,2003,11,Tamil Nadu,Thanjavur,0.08,0.1,1250.0
89,2004,11,Tamil Nadu,Thanjavur,0.01,0.01,1000.0
89,2009,11,Tamil Nadu,Thanjavur,0.01,0.01,1000.0
89,2013,11,Tamil Nadu,Thanjavur,0.01,0.02,2000.0
89,2019,11,Tamil Nadu,Thanjavur,0.01,0.01,2600.0
90,1990,11,Tamil Nadu,Madurai,12.05,14.95,1241.0
90,1991,11,Tamil Nadu,Madurai,9.65,12.23,1267.0
90,1992,11,Tamil Nadu,Madurai,8.59,9.89,1151.0
90,1993,11,Tamil Nadu,Madurai,8.0,14.0,1750.0
90,1994,11,Tamil Nadu,Madurai,4.89,7.4,1513.0
90,1995,11,Tamil Nadu,Madurai,3.37,4.7,1395.0
90,1996,11,Tamil Nadu,Madurai,1.18,1.65,1398.0
90,1997,11,Tamil Nadu,Madurai,1.02,1.29,1265.0
90,1998,11,Tamil Nadu,Madurai,1.2,1.57,1308.0
90,1999,11,Tamil Nadu,Madurai,1.81,2.54,1403.0
90,2000,11,Tamil Nadu,Madurai,1.94,2.63,1356.0
90,2001,11,Tamil Nadu,Madurai,2.03,2.59,1276.0
90,2002,11,Tamil Nadu,Madurai,2.99,4.39,1468.0
90,2003,11,Tamil Nadu,Madurai,3.34,3.76,1126.0
90,2004,11,Tamil Nadu,Madurai,5.2,6.38,1227.0
90,2005,11,Tamil Nadu,Madurai,5.7,6.79,1191.0
90,2006,11,Tamil Nadu,Madurai,5.11,6.61,1294.0
90,2007,11,Tamil Nadu,Madurai,4.87,6.59,1353.0
90,2008,11,Tamil Nadu,Madurai,5.68,9.66,1701.0
90,2009,11,Tamil Nadu,Madurai,5.45,9.87,1811.0
90,2010,11,Tamil Nadu,Madurai,5.19,10.11,1948.0
90,2011,11,Tamil Nadu,Madurai,4.05,10.84,2677.0
90,2012,11,Tamil Nadu,Madurai,1.69,3.51,2077.0
90,2013,11,Tamil Nadu,Madurai,2.31,4.31,1866.0
90,2014,11,Tamil Nadu,Madurai,2.23,5.64,2529.0
90,2015,11,Tamil Nadu,Madurai,1.79,4.82,2693.0
90,2016,11,Tamil Nadu,Madurai,1.07,2.45,2291.0
90,2017,11,Tamil Nadu,Madurai,1.61,4.96,3070.0
90,2018,11,Tamil Nadu,Madurai,0.76,2.15,2818.0
90,2019,11,Tamil Nadu,Madurai,1.05,3.55,3392.0
91,1990,11,Tamil Nadu,Ramananthapuram,3.86,3.52,912.0
91,1991,11,Tamil Nadu,Ramananthapuram,3.26,0.47,144.0
91,1992,11,Tamil Nadu,Ramananthapuram,1.76,1.86,1057.0
91,1993,11,Tamil Nadu,Ramananthapuram,1.0,1.0,1000.0
91,1994,11,Tamil Nadu,Ramananthapuram,0.98,0.25,255.0
91,1996,11,Tamil Nadu,Ramananthapuram,0.83,0.91,1096.0
91,1997,11,Tamil Nadu,Ramananthapuram,0.72,0.8,1111.0
91,1998,11,Tamil Nadu,Ramananthapuram,0.62,0.71,1145.0
91,1999,11,Tamil Nadu,Ramananthapuram,0.72,0.93,1292.0
91,2000,11,Tamil Nadu,Ramananthapuram,0.95,1.09,1147.0
91,2001,11,Tamil Nadu,Ramananthapuram,0.59,0.62,1051.0
91,2002,11,Tamil Nadu,Ramananthapuram,0.46,0.35,761.0
91,2003,11,Tamil Nadu,Ramananthapuram,1.0,1.09,1090.0
91,2004,11,Tamil Nadu,Ramananthapuram,1.24,1.47,1185.0
91,2005,11,Tamil Nadu,Ramananthapuram,1.25,0.56,448.0
91,2006,11,Tamil Nadu,Ramananthapuram,1.07,1.56,1458.0
91,2007,11,Tamil Nadu,Ramananthapuram,0.62,0.86,1387.0
91,2008,11,Tamil Nadu,Ramananthapuram,0.48,0.68,1417.0
91,2009,11,Tamil Nadu,Ramananthapuram,0.58,0.77,1328.0
91,2010,11,Tamil Nadu,Ramananthapuram,0.46,0.82,1783.0
91,2011,11,Tamil Nadu,Ramananthapuram,0.5,0.88,1760.0
91,2012,11,Tamil Nadu,Ramananthapuram,0.74,0.36,486.0
91,2013,11,Tamil Nadu,Ramananthapuram,1.6,1.15,719.0
91,2014,11,Tamil Nadu,Ramananthapuram,1.27,4.38,3449.0
91,2015,11,Tamil Nadu,Ramananthapuram,0.68,1.48,2176.0
91,2017,11,Tamil Nadu,Ramananthapuram,0.6,0.46,761.0
91,2018,11,Tamil Nadu,Ramananthapuram,0.76,0.58,768.0
91,2019,11,Tamil Nadu,Ramananthapuram,1.07,2.06,1919.0
92,1990,11,Tamil Nadu,Thirunelveli,1.23,2.13,1732.0
92,1991,11,Tamil Nadu,Thirunelveli,1.12,1.54,1375.0
92,1992,11,Tamil Nadu,Thirunelveli,1.73,2.14,1237.0
92,1993,11,Tamil Nadu,Thirunelveli,2.0,2.0,1000.0
92,1994,11,Tamil Nadu,Thirunelveli,1.68,2.07,1232.0
92,1995,11,Tamil Nadu,Thirunelveli,1.9,2.15,1132.0
92,1996,11,Tamil Nadu,Thirunelveli,1.99,2.46,1236.0
92,1997,11,Tamil Nadu,Thirunelveli,3.4,4.47,1315.0
92,1998,11,Tamil Nadu,Thirunelveli,2.78,3.78,1360.0
92,1999,11,Tamil Nadu,Thirunelveli,3.92,6.45,1645.0
92,2000,11,Tamil Nadu,Thirunelveli,1.86,2.64,1419.0
92,2001,11,Tamil Nadu,Thirunelveli,1.69,2.2,1302.0
92,2002,11,Tamil Nadu,Thirunelveli,1.51,1.48,980.0
92,2003,11,Tamil Nadu,Thirunelveli,0.98,1.11,1133.0
92,2004,11,Tamil Nadu,Thirunelveli,0.77,1.27,1649.0
92,2005,11,Tamil Nadu,Thirunelveli,0.64,1.79,2797.0
92,2006,11,Tamil Nadu,Thirunelveli,0.66,1.17,1773.0
92,2007,11,Tamil Nadu,Thirunelveli,0.55,1.29,2345.0
92,2008,11,Tamil Nadu,Thirunelveli,0.43,0.8,1860.0
92,2009,11,Tamil Nadu,Thirunelveli,0.4,0.94,2350.0
92,2010,11,Tamil Nadu,Thirunelveli,0.16,0.34,2125.0
92,2011,11,Tamil Nadu,Thirunelveli,0.11,0.3,2727.0
92,2012,11,Tamil Nadu,Thirunelveli,0.1,0.15,1500.0
92,2013,11,Tamil Nadu,Thirunelveli,0.08,0.18,2250.0
92,2014,11,Tamil Nadu,Thirunelveli,0.18,0.56,3111.0
92,2015,11,Tamil Nadu,Thirunelveli,0.17,0.44,2588.0
92,2016,11,Tamil Nadu,Thirunelveli,0.05,0.15,2685.0
92,2017,11,Tamil Nadu,Thirunelveli,0.14,0.29,2064.0
92,2018,11,Tamil Nadu,Thirunelveli,0.23,0.5,2194.0
92,2019,11,Tamil Nadu,Thirunelveli,0.11,0.29,2618.0
93,1992,11,Tamil Nadu,The Nilgiris,0.02,0.02,1000.0
93,1994,11,Tamil Nadu,The Nilgiris,0.01,0.01,1000.0
93,1995,11,Tamil Nadu,The Nilgiris,0.01,0.01,1000.0
93,1996,11,Tamil Nadu,The Nilgiris,0.01,0.01,1000.0
99,1990,7,Maharashtra,Nasik,371.6,236.0,635.0
99,1991,7,Maharashtra,Nasik,345.5,141.7,410.0
99,1992,7,Maharashtra,Nasik,362.0,376.8,1041.0
99,1993,7,Maharashtra,Nasik,345.6,167.6,485.0
99,1994,7,Maharashtra,Nasik,363.6,290.5,799.0
99,1995,7,Maharashtra,Nasik,333.3,167.6,503.0
99,1996,7,Maharashtra,Nasik,372.5,421.5,1132.0
99,1997,7,Maharashtra,Nasik,337.2,211.6,628.0
99,1998,7,Maharashtra,Nasik,387.5,403.3,1041.0
99,1999,7,Maharashtra,Nasik,360.5,211.9,588.0
99,2000,7,Maharashtra,Nasik,346.5,186.9,539.0
99,2001,7,Maharashtra,Nasik,324.2,179.9,555.0
99,2002,7,Maharashtra,Nasik,320.3,258.5,807.0
99,2003,7,Maharashtra,Nasik,316.8,196.7,621.0
99,2004,7,Maharashtra,Nasik,315.2,244.5,776.0
99,2005,7,Maharashtra,Nasik,282.9,215.9,763.0
99,2006,7,Maharashtra,Nasik,258.5,187.3,725.0
99,2007,7,Maharashtra,Nasik,220.5,241.85,1097.0
99,2008,7,Maharashtra,Nasik,197.9,191.0,965.0
99,2009,7,Maharashtra,Nasik,171.9,129.53,754.0
99,2010,7,Maharashtra,Nasik,171.2,216.3,1263.0
99,2011,7,Maharashtra,Nasik,165.9,170.09,1025.0
99,2012,7,Maharashtra,Nasik,154.8,124.85,807.0
99,2013,7,Maharashtra,Nasik,149.6,167.5,1120.0
99,2014,7,Maharashtra,Nasik,152.7,108.9,713.0
99,2015,7,Maharashtra,Nasik,151.2,86.6,573.0
99,2016,7,Maharashtra,Nasik,156.0,249.3,1598.0
99,2017,7,Maharashtra,Nasik,136.5,199.9,1464.0
99,2018,7,Maharashtra,Nasik,91.0,57.87,636.0
99,2019,7,Maharashtra,Nasik,97.03,98.64,1017.0
100,1990,7,Maharashtra,Dhule,151.4,121.6,803.0
100,1991,7,Maharashtra,Dhule,157.3,104.4,664.0
100,1992,7,Maharashtra,Dhule,170.4,185.5,1089.0
100,1993,7,Maharashtra,Dhule,145.9,88.4,606.0
100,1994,7,Maharashtra,Dhule,143.3,133.3,930.0
100,1995,7,Maharashtra,Dhule,164.6,95.3,579.0
100,1996,7,Maharashtra,Dhule,186.9,182.3,975.0
100,1997,7,Maharashtra,Dhule,174.0,161.7,929.0
100,1998,7,Maharashtra,Dhule,150.0,159.2,1061.0
100,1999,7,Maharashtra,Dhule,107.0,49.2,460.0
100,2000,7,Maharashtra,Dhule,108.4,41.2,380.0
100,2001,7,Maharashtra,Dhule,143.1,130.3,911.0
100,2002,7,Maharashtra,Dhule,143.8,104.1,724.0
100,2003,7,Maharashtra,Dhule,145.7,158.2,1086.0
100,2004,7,Maharashtra,Dhule,138.0,142.7,1034.0
100,2005,7,Maharashtra,Dhule,130.6,80.7,618.0
100,2006,7,Maharashtra,Dhule,130.0,119.1,916.0
100,2007,7,Maharashtra,Dhule,106.1,119.93,1130.0
100,2008,7,Maharashtra,Dhule,124.7,49.6,398.0
100,2009,7,Maharashtra,Dhule,104.9,99.77,951.0
100,2010,7,Maharashtra,Dhule,109.4,171.3,1566.0
100,2011,7,Maharashtra,Dhule,112.5,123.2,1095.0
100,2012,7,Maharashtra,Dhule,130.8,116.09,888.0
100,2013,7,Maharashtra,Dhule,99.9,132.9,1330.0
100,2014,7,Maharashtra,Dhule,116.8,97.5,835.0
100,2015,7,Maharashtra,Dhule,117.7,68.4,581.0
100,2016,7,Maharashtra,Dhule,77.4,60.4,780.0
100,2017,7,Maharashtra,Dhule,77.8,103.3,1328.0
100,2018,7,Maharashtra,Dhule,81.92,47.14,575.0
100,2019,7,Maharashtra,Dhule,55.37,29.01,524.0
101,1990,7,Maharashtra,Jalgaon,120.6,119.0,987.0
101,1991,7,Maharashtra,Jalgaon,100.1,72.2,721.0
101,1992,7,Maharashtra,Jalgaon,114.4,145.2,1269.0
101,1993,7,Maharashtra,Jalgaon,101.3,110.4,1090.0
101,1994,7,Maharashtra,Jalgaon,92.1,98.9,1074.0
101,1995,7,Maharashtra,Jalgaon,91.3,61.1,669.0
101,1996,7,Maharashtra,Jalgaon,88.9,112.4,1264.0
101,1997,7,Maharashtra,Jalgaon,80.8,93.6,1158.0
101,1998,7,Maharashtra,Jalgaon,71.8,80.5,1121.0
101,1999,7,Maharashtra,Jalgaon,67.3,68.6,1019.0
101,2000,7,Maharashtra,Jalgaon,63.8,35.7,560.0
101,2001,7,Maharashtra,Jalgaon,62.5,54.0,864.0
101,2002,7,Maharashtra,Jalgaon,63.6,64.7,1017.0
101,2003,7,Maharashtra,Jalgaon,61.7,63.8,1034.0
101,2004,7,Maharashtra,Jalgaon,58.6,57.1,974.0
101,2005,7,Maharashtra,Jalgaon,60.1,44.3,737.0
101,2006,7,Maharashtra,Jalgaon,52.7,55.9,1061.0
101,2007,7,Maharashtra,Jalgaon,59.4,60.15,1013.0
101,2008,7,Maharashtra,Jalgaon,33.0,33.8,1024.0
101,2009,7,Maharashtra,Jalgaon,33.2,36.07,1086.0
101,2010,7,Maharashtra,Jalgaon,35.8,49.8,1391.0
101,2011,7,Maharashtra,Jalgaon,16.9,24.1,1426.0
101,2012,7,Maharashtra,Jalgaon,17.6,18.2,1034.0
101,2013,7,Maharashtra,Jalgaon,17.7,20.8,1175.0
101,2014,7,Maharashtra,Jalgaon,19.0,23.2,1221.0
101,2015,7,Maharashtra,Jalgaon,18.4,11.4,620.0
101,2016,7,Maharashtra,Jalgaon,20.5,28.7,1400.0
101,2017,7,Maharashtra,Jalgaon,20.2,20.2,1000.0
101,2018,7,Maharashtra,Jalgaon,20.02,15.57,778.0
101,2019,7,Maharashtra,Jalgaon,11.9,9.47,796.0
102,1990,7,Maharashtra,Ahmednagar,328.9,141.1,429.0
102,1991,7,Maharashtra,Ahmednagar,325.6,197.8,607.0
102,1992,7,Maharashtra,Ahmednagar,342.1,341.1,997.0
102,1993,7,Maharashtra,Ahmednagar,320.4,198.1,618.0
102,1994,7,Maharashtra,Ahmednagar,280.0,103.2,369.0
102,1995,7,Maharashtra,Ahmednagar,234.5,122.5,522.0
102,1996,7,Maharashtra,Ahmednagar,345.7,273.1,790.0
102,1997,7,Maharashtra,Ahmednagar,343.3,191.4,558.0
102,1998,7,Maharashtra,Ahmednagar,302.4,243.9,807.0
102,1999,7,Maharashtra,Ahmednagar,310.6,178.3,574.0
102,2000,7,Maharashtra,Ahmednagar,326.1,187.3,574.0
102,2001,7,Maharashtra,Ahmednagar,194.4,82.0,422.0
102,2002,7,Maharashtra,Ahmednagar,218.4,158.9,728.0
102,2003,7,Maharashtra,Ahmednagar,204.1,70.8,347.0
102,2004,7,Maharashtra,Ahmednagar,240.5,143.4,596.0
102,2005,7,Maharashtra,Ahmednagar,217.7,54.8,252.0
102,2006,7,Maharashtra,Ahmednagar,243.9,148.9,610.0
102,2007,7,Maharashtra,Ahmednagar,232.6,174.05,748.0
102,2008,7,Maharashtra,Ahmednagar,128.2,92.4,721.0
102,2009,7,Maharashtra,Ahmednagar,190.7,115.39,605.0
102,2010,7,Maharashtra,Ahmednagar,196.0,186.8,953.0
102,2011,7,Maharashtra,Ahmednagar,184.7,179.5,972.0
102,2012,7,Maharashtra,Ahmednagar,160.5,55.36,345.0
102,2013,7,Maharashtra,Ahmednagar,181.8,188.2,1035.0
102,2014,7,Maharashtra,Ahmednagar,186.0,107.7,579.0
102,2015,7,Maharashtra,Ahmednagar,122.0,30.4,249.0
102,2016,7,Maharashtra,Ahmednagar,146.4,149.8,1023.0
102,2017,7,Maharashtra,Ahmednagar,119.5,120.1,1005.0
102,2018,7,Maharashtra,Ahmednagar,130.48,84.12,645.0
102,2019,7,Maharashtra,Ahmednagar,146.82,127.71,870.0
103,1990,7,Maharashtra,Pune,219.5,130.6,595.0
103,1991,7,Maharashtra,Pune,222.8,121.6,546.0
103,1992,7,Maharashtra,Pune,175.4,150.3,857.0
103,1993,7,Maharashtra,Pune,169.7,103.2,608.0
103,1994,7,Maharashtra,Pune,180.4,98.6,547.0
103,1995,7,Maharashtra,Pune,132.8,66.2,498.0
103,1996,7,Maharashtra,Pune,185.1,161.9,875.0
103,1997,7,Maharashtra,Pune,142.8,117.9,826.0
103,1998,7,Maharashtra,Pune,150.0,110.9,739.0
103,1999,7,Maharashtra,Pune,159.9,118.1,739.0
103,2000,7,Maharashtra,Pune,160.4,104.6,652.0
103,2001,7,Maharashtra,Pune,113.2,85.6,756.0
103,2002,7,Maharashtra,Pune,123.9,86.5,698.0
103,2003,7,Maharashtra,Pune,97.0,67.6,697.0
103,2004,7,Maharashtra,Pune,116.8,84.8,726.0
103,2005,7,Maharashtra,Pune,125.3,90.4,721.0
103,2006,7,Maharashtra,Pune,128.9,81.3,631.0
103,2007,7,Maharashtra,Pune,117.3,100.96,861.0
103,2008,7,Maharashtra,Pune,34.5,27.0,783.0
103,2009,7,Maharashtra,Pune,46.0,33.87,736.0
103,2010,7,Maharashtra,Pune,48.6,43.0,885.0
103,2011,7,Maharashtra,Pune,50.7,40.7,803.0
103,2012,7,Maharashtra,Pune,36.0,16.72,464.0
103,2013,7,Maharashtra,Pune,49.8,41.6,835.0
103,2014,7,Maharashtra,Pune,31.5,26.3,835.0
103,2015,7,Maharashtra,Pune,41.4,29.4,710.0
103,2016,7,Maharashtra,Pune,30.4,22.2,730.0
103,2017,7,Maharashtra,Pune,32.0,23.1,722.0
103,2018,7,Maharashtra,Pune,32.32,37.86,1171.0
103,2019,7,Maharashtra,Pune,39.67,52.14,1314.0
104,1990,7,Maharashtra,Satara,117.1,43.2,369.0
104,1991,7,Maharashtra,Satara,117.1,47.1,402.0
104,1992,7,Maharashtra,Satara,91.1,40.6,446.0
104,1993,7,Maharashtra,Satara,92.8,37.8,407.0
104,1994,7,Maharashtra,Satara,110.8,68.0,614.0
104,1995,7,Maharashtra,Satara,89.0,41.6,467.0
104,1996,7,Maharashtra,Satara,105.1,72.8,693.0
104,1997,7,Maharashtra,Satara,99.5,44.8,450.0
104,1998,7,Maharashtra,Satara,89.1,69.1,776.0
104,1999,7,Maharashtra,Satara,91.0,84.3,926.0
104,2000,7,Maharashtra,Satara,89.9,52.6,585.0
104,2001,7,Maharashtra,Satara,66.1,31.0,469.0
104,2002,7,Maharashtra,Satara,89.9,36.6,407.0
104,2003,7,Maharashtra,Satara,23.3,6.1,262.0
104,2004,7,Maharashtra,Satara,92.9,79.0,850.0
104,2005,7,Maharashtra,Satara,72.5,23.5,324.0
104,2006,7,Maharashtra,Satara,84.5,24.6,291.0
104,2007,7,Maharashtra,Satara,84.1,48.5,577.0
104,2008,7,Maharashtra,Satara,6.4,3.3,516.0
104,2009,7,Maharashtra,Satara,74.9,36.28,484.0
104,2010,7,Maharashtra,Satara,75.6,59.2,783.0
104,2011,7,Maharashtra,Satara,25.7,16.4,638.0
104,2012,7,Maharashtra,Satara,16.3,7.5,460.0
104,2013,7,Maharashtra,Satara,30.2,15.6,517.0
104,2014,7,Maharashtra,Satara,55.0,22.1,402.0
104,2015,7,Maharashtra,Satara,74.1,26.9,363.0
104,2016,7,Maharashtra,Satara,72.1,52.8,732.0
104,2017,7,Maharashtra,Satara,67.4,34.1,506.0
104,2018,7,Maharashtra,Satara,51.48,26.88,522.0
104,2019,7,Maharashtra,Satara,57.3,29.62,517.0
105,1990,7,Maharashtra,Sangli,97.1,22.7,234.0
105,1991,7,Maharashtra,Sangli,96.3,28.6,297.0
105,1992,7,Maharashtra,Sangli,92.8,38.6,416.0
105,1993,7,Maharashtra,Sangli,69.8,28.7,411.0
105,1994,7,Maharashtra,Sangli,84.3,36.9,438.0
105,1995,7,Maharashtra,Sangli,84.6,24.6,291.0
105,1996,7,Maharashtra,Sangli,95.7,44.6,466.0
105,1997,7,Maharashtra,Sangli,112.9,58.5,518.0
105,1998,7,Maharashtra,Sangli,100.6,53.4,531.0
105,1999,7,Maharashtra,Sangli,102.6,56.4,550.0
105,2000,7,Maharashtra,Sangli,105.3,44.6,424.0
105,2001,7,Maharashtra,Sangli,42.5,7.6,179.0
105,2002,7,Maharashtra,Sangli,64.4,9.5,148.0
105,2003,7,Maharashtra,Sangli,11.2,0.4,36.0
105,2004,7,Maharashtra,Sangli,95.6,45.9,480.0
105,2005,7,Maharashtra,Sangli,74.2,27.5,371.0
105,2006,7,Maharashtra,Sangli,92.7,35.0,378.0
105,2007,7,Maharashtra,Sangli,86.7,34.4,397.0
105,2008,7,Maharashtra,Sangli,12.5,0.9,72.0
105,2009,7,Maharashtra,Sangli,54.1,18.21,337.0
105,2010,7,Maharashtra,Sangli,74.9,62.5,834.0
105,2011,7,Maharashtra,Sangli,26.3,6.4,243.0
105,2012,7,Maharashtra,Sangli,22.1,4.8,217.0
105,2013,7,Maharashtra,Sangli,24.2,7.2,298.0
105,2014,7,Maharashtra,Sangli,69.6,53.1,763.0
105,2015,7,Maharashtra,Sangli,33.9,8.1,239.0
105,2016,7,Maharashtra,Sangli,66.1,47.1,713.0
105,2017,7,Maharashtra,Sangli,58.8,8.7,148.0
105,2018,7,Maharashtra,Sangli,33.72,7.95,236.0
105,2019,7,Maharashtra,Sangli,55.93,19.76,353.0
106,1990,7,Maharashtra,Solapur,30.3,11.6,383.0
106,1991,7,Maharashtra,Solapur,30.1,11.3,375.0
106,1992,7,Maharashtra,Solapur,41.3,12.1,293.0
106,1993,7,Maharashtra,Solapur,32.8,19.9,607.0
106,1994,7,Maharashtra,Solapur,32.7,12.9,394.0
106,1995,7,Maharashtra,Solapur,26.4,11.2,424.0
106,1996,7,Maharashtra,Solapur,26.8,12.7,474.0
106,1997,7,Maharashtra,Solapur,23.4,12.0,513.0
106,1998,7,Maharashtra,Solapur,37.4,18.9,505.0
106,1999,7,Maharashtra,Solapur,57.2,19.3,337.0
106,2000,7,Maharashtra,Solapur,53.3,22.1,415.0
106,2001,7,Maharashtra,Solapur,11.8,5.4,458.0
106,2002,7,Maharashtra,Solapur,25.1,9.5,378.0
106,2003,7,Maharashtra,Solapur,9.7,3.7,381.0
106,2004,7,Maharashtra,Solapur,26.2,15.0,573.0
106,2005,7,Maharashtra,Solapur,14.8,6.7,453.0
106,2006,7,Maharashtra,Solapur,27.5,7.7,280.0
106,2007,7,Maharashtra,Solapur,21.5,9.1,423.0
106,2008,7,Maharashtra,Solapur,1.8,0.8,444.0
106,2009,7,Maharashtra,Solapur,14.4,5.24,364.0
106,2010,7,Maharashtra,Solapur,18.4,9.6,522.0
106,2011,7,Maharashtra,Solapur,9.9,3.9,394.0
106,2012,7,Maharashtra,Solapur,6.3,2.4,381.0
106,2013,7,Maharashtra,Solapur,6.3,2.2,349.0
106,2014,7,Maharashtra,Solapur,5.5,2.2,400.0
106,2015,7,Maharashtra,Solapur,14.8,3.4,230.0
106,2016,7,Maharashtra,Solapur,26.9,9.4,349.0
106,2017,7,Maharashtra,Solapur,28.6,9.74,341.0
106,2018,7,Maharashtra,Solapur,23.79,3.2,135.0
106,2019,7,Maharashtra,Solapur,49.81,11.53,231.0
107,1990,7,Maharashtra,Kolhapur,0.4,0.1,250.0
107,1991,7,Maharashtra,Kolhapur,0.4,0.1,250.0
107,1992,7,Maharashtra,Kolhapur,0.1,0.1,1000.0
107,1993,7,Maharashtra,Kolhapur,0.1,0.1,1000.0
107,1994,7,Maharashtra,Kolhapur,0.1,0.1,1000.0
107,1995,7,Maharashtra,Kolhapur,0.1,0.1,1000.0
107,1996,7,Maharashtra,Kolhapur,0.1,0.1,1000.0
107,1997,7,Maharashtra,Kolhapur,0.3,0.1,333.0
107,1998,7,Maharashtra,Kolhapur,0.1,0.1,1000.0
107,1999,7,Maharashtra,Kolhapur,0.1,0.1,1000.0
108,1990,7,Maharashtra,Aurangabad,187.1,115.8,619.0
108,1991,7,Maharashtra,Aurangabad,182.9,65.7,359.0
108,1992,7,Maharashtra,Aurangabad,188.0,170.6,907.0
108,1993,7,Maharashtra,Aurangabad,186.7,188.3,1009.0
108,1994,7,Maharashtra,Aurangabad,172.7,103.2,598.0
108,1995,7,Maharashtra,Aurangabad,158.5,96.7,610.0
108,1996,7,Maharashtra,Aurangabad,172.9,189.2,1094.0
108,1997,7,Maharashtra,Aurangabad,148.4,117.3,790.0
108,1998,7,Maharashtra,Aurangabad,131.0,116.6,890.0
108,1999,7,Maharashtra,Aurangabad,138.6,123.3,890.0
108,2000,7,Maharashtra,Aurangabad,161.0,120.1,746.0
108,2001,7,Maharashtra,Aurangabad,137.4,86.7,631.0
108,2002,7,Maharashtra,Aurangabad,149.9,131.1,875.0
108,2003,7,Maharashtra,Aurangabad,128.7,110.2,856.0
108,2004,7,Maharashtra,Aurangabad,128.9,107.9,837.0
108,2005,7,Maharashtra,Aurangabad,131.4,150.0,1142.0
108,2006,7,Maharashtra,Aurangabad,123.1,139.4,1132.0
108,2007,7,Maharashtra,Aurangabad,111.6,136.45,1223.0
108,2008,7,Maharashtra,Aurangabad,109.1,103.5,949.0
108,2009,7,Maharashtra,Aurangabad,122.4,121.8,995.0
108,2010,7,Maharashtra,Aurangabad,89.8,126.5,1409.0
108,2011,7,Maharashtra,Aurangabad,68.5,87.8,1282.0
108,2012,7,Maharashtra,Aurangabad,68.5,44.54,650.0
108,2013,7,Maharashtra,Aurangabad,31.0,38.0,1226.0
108,2014,7,Maharashtra,Aurangabad,45.3,24.2,534.0
108,2015,7,Maharashtra,Aurangabad,51.9,22.4,432.0
108,2016,7,Maharashtra,Aurangabad,52.0,57.9,1113.0
108,2017,7,Maharashtra,Aurangabad,54.2,37.2,686.0
108,2018,7,Maharashtra,Aurangabad,54.73,24.91,455.0
108,2019,7,Maharashtra,Aurangabad,59.44,54.26,913.0
109,1990,7,Maharashtra,Parbhani,8.9,5.0,562.0
109,1991,7,Maharashtra,Parbhani,9.5,2.6,274.0
109,1992,7,Maharashtra,Parbhani,10.3,7.9,767.0
109,1993,7,Maharashtra,Parbhani,10.5,7.8,743.0
109,1994,7,Maharashtra,Parbhani,8.6,6.0,698.0
109,1995,7,Maharashtra,Parbhani,9.1,5.6,615.0
109,1996,7,Maharashtra,Parbhani,9.4,6.4,681.0
109,1997,7,Maharashtra,Parbhani,9.4,4.3,457.0
109,1998,7,Maharashtra,Parbhani,8.2,4.8,585.0
109,1999,7,Maharashtra,Parbhani,7.4,5.2,703.0
109,2000,7,Maharashtra,Parbhani,9.2,6.0,652.0
109,2001,7,Maharashtra,Parbhani,9.6,4.3,448.0
109,2002,7,Maharashtra,Parbhani,9.8,8.3,847.0
109,2003,7,Maharashtra,Parbhani,9.7,7.1,732.0
109,2004,7,Maharashtra,Parbhani,10.5,5.9,562.0
109,2005,7,Maharashtra,Parbhani,6.5,4.2,646.0
109,2006,7,Maharashtra,Parbhani,6.7,3.8,567.0
109,2007,7,Maharashtra,Parbhani,6.3,4.31,684.0
109,2008,7,Maharashtra,Parbhani,6.2,4.5,726.0
109,2009,7,Maharashtra,Parbhani,6.5,3.41,525.0
109,2010,7,Maharashtra,Parbhani,7.5,4.9,653.0
109,2011,7,Maharashtra,Parbhani,5.4,5.0,926.0
109,2012,7,Maharashtra,Parbhani,5.6,4.05,723.0
109,2013,7,Maharashtra,Parbhani,3.2,2.0,625.0
109,2014,7,Maharashtra,Parbhani,4.2,0.4,95.0
109,2015,7,Maharashtra,Parbhani,4.6,0.8,174.0
109,2016,7,Maharashtra,Parbhani,2.54,1.17,461.0
109,2017,7,Maharashtra,Parbhani,1.35,0.49,362.0
109,2018,7,Maharashtra,Parbhani,0.46,0.28,612.0
109,2019,7,Maharashtra,Parbhani,0.6,0.28,468.0
110,1990,7,Maharashtra,Bid,164.4,85.2,518.0
110,1991,7,Maharashtra,Bid,170.9,51.9,304.0
110,1992,7,Maharashtra,Bid,187.5,195.3,1042.0
110,1993,7,Maharashtra,Bid,179.3,146.7,818.0
110,1994,7,Maharashtra,Bid,168.4,81.2,482.0
110,1995,7,Maharashtra,Bid,194.4,172.6,888.0
110,1996,7,Maharashtra,Bid,208.0,191.0,918.0
110,1997,7,Maharashtra,Bid,162.6,83.8,515.0
110,1998,7,Maharashtra,Bid,176.8,116.6,660.0
110,1999,7,Maharashtra,Bid,181.5,124.3,685.0
110,2000,7,Maharashtra,Bid,213.6,170.5,798.0
110,2001,7,Maharashtra,Bid,151.4,74.4,491.0
110,2002,7,Maharashtra,Bid,187.1,156.9,839.0
110,2003,7,Maharashtra,Bid,180.5,100.2,555.0
110,2004,7,Maharashtra,Bid,176.2,109.1,619.0
110,2005,7,Maharashtra,Bid,191.3,129.3,676.0
110,2006,7,Maharashtra,Bid,184.1,154.1,837.0
110,2007,7,Maharashtra,Bid,162.5,116.72,718.0
110,2008,7,Maharashtra,Bid,135.0,98.1,727.0
110,2009,7,Maharashtra,Bid,131.7,103.34,785.0
110,2010,7,Maharashtra,Bid,122.5,112.8,921.0
110,2011,7,Maharashtra,Bid,107.1,108.9,1017.0
110,2012,7,Maharashtra,Bid,107.1,68.97,644.0
110,2013,7,Maharashtra,Bid,122.1,130.3,1067.0
110,2014,7,Maharashtra,Bid,127.1,56.2,442.0
110,2015,7,Maharashtra,Bid,127.6,32.8,257.0
110,2016,7,Maharashtra,Bid,144.7,93.09,643.0
110,2017,7,Maharashtra,Bid,152.7,90.24,591.0
110,2018,7,Maharashtra,Bid,57.51,15.49,269.0
110,2019,7,Maharashtra,Bid,64.5,51.58,800.0
111,1990,7,Maharashtra,Nanded,1.7,1.0,588.0
111,1991,7,Maharashtra,Nanded,1.3,0.2,154.0
111,1992,7,Maharashtra,Nanded,1.1,0.7,636.0
111,1993,7,Maharashtra,Nanded,0.7,0.6,857.0
111,1994,7,Maharashtra,Nanded,1.3,0.7,538.0
111,1995,7,Maharashtra,Nanded,1.8,1.3,722.0
111,1996,7,Maharashtra,Nanded,0.7,0.5,714.0
111,1997,7,Maharashtra,Nanded,0.9,0.4,444.0
111,1998,7,Maharashtra,Nanded,0.3,0.2,667.0
111,1999,7,Maharashtra,Nanded,0.3,0.15,500.0
111,2000,7,Maharashtra,Nanded,0.2,0.1,500.0
111,2001,7,Maharashtra,Nanded,0.5,0.2,400.0
111,2002,7,Maharashtra,Nanded,0.7,0.5,714.0
111,2003,7,Maharashtra,Nanded,0.6,0.3,500.0
111,2004,7,Maharashtra,Nanded,0.2,0.1,500.0
111,2005,7,Maharashtra,Nanded,0.1,0.1,1000.0
111,2007,7,Maharashtra,Nanded,0.6,0.32,533.0
111,2008,7,Maharashtra,Nanded,0.2,0.1,500.0
111,2019,7,Maharashtra,Nanded,0.14,0.03,225.0
112,1990,7,Maharashtra,Osmanabad,10.3,4.2,408.0
112,1991,7,Maharashtra,Osmanabad,11.2,1.9,170.0
112,1992,7,Maharashtra,Osmanabad,9.9,7.8,788.0
112,1993,7,Maharashtra,Osmanabad,11.8,9.4,797.0
112,1994,7,Maharashtra,Osmanabad,10.5,5.9,562.0
112,1995,7,Maharashtra,Osmanabad,17.0,10.5,618.0
112,1996,7,Maharashtra,Osmanabad,19.3,14.7,762.0
112,1997,7,Maharashtra,Osmanabad,17.0,5.3,312.0
112,1998,7,Maharashtra,Osmanabad,17.6,8.6,489.0
112,1999,7,Maharashtra,Osmanabad,19.1,8.0,419.0
112,2000,7,Maharashtra,Osmanabad,19.7,10.6,538.0
112,2001,7,Maharashtra,Osmanabad,18.5,5.5,297.0
112,2002,7,Maharashtra,Osmanabad,20.5,8.3,405.0
112,2003,7,Maharashtra,Osmanabad,19.7,5.5,279.0
112,2004,7,Maharashtra,Osmanabad,19.2,6.6,344.0
112,2005,7,Maharashtra,Osmanabad,20.1,8.5,423.0
112,2006,7,Maharashtra,Osmanabad,20.0,10.2,510.0
112,2007,7,Maharashtra,Osmanabad,20.6,10.15,493.0
112,2008,7,Maharashtra,Osmanabad,17.1,7.7,450.0
112,2009,7,Maharashtra,Osmanabad,17.6,7.96,452.0
112,2010,7,Maharashtra,Osmanabad,16.6,6.7,404.0
112,2011,7,Maharashtra,Osmanabad,16.8,9.4,560.0
112,2012,7,Maharashtra,Osmanabad,17.2,5.19,302.0
112,2013,7,Maharashtra,Osmanabad,17.7,12.0,678.0
112,2014,7,Maharashtra,Osmanabad,17.7,4.4,249.0
112,2015,7,Maharashtra,Osmanabad,10.2,1.7,167.0
112,2016,7,Maharashtra,Osmanabad,10.4,3.3,317.0
112,2017,7,Maharashtra,Osmanabad,9.9,4.6,465.0
112,2018,7,Maharashtra,Osmanabad,8.75,1.09,125.0
112,2019,7,Maharashtra,Osmanabad,7.68,2.34,304.0
113,1990,7,Maharashtra,Buldhana,12.8,7.7,602.0
113,1991,7,Maharashtra,Buldhana,14.5,2.9,200.0
113,1992,7,Maharashtra,Buldhana,16.8,10.4,619.0
113,1993,7,Maharashtra,Buldhana,13.3,7.3,549.0
113,1994,7,Maharashtra,Buldhana,11.8,8.3,703.0
113,1995,7,Maharashtra,Buldhana,13.3,9.9,744.0
113,1996,7,Maharashtra,Buldhana,7.0,5.3,757.0
113,1997,7,Maharashtra,Buldhana,10.9,4.6,422.0
113,1998,7,Maharashtra,Buldhana,5.5,2.9,527.0
113,1999,7,Maharashtra,Buldhana,7.5,3.8,507.0
113,2000,7,Maharashtra,Buldhana,7.9,4.9,620.0
113,2001,7,Maharashtra,Buldhana,7.8,2.9,372.0
113,2002,7,Maharashtra,Buldhana,5.7,3.6,632.0
113,2003,7,Maharashtra,Buldhana,4.2,1.9,452.0
113,2004,7,Maharashtra,Buldhana,4.2,1.9,452.0
113,2005,7,Maharashtra,Buldhana,4.2,2.1,500.0
113,2006,7,Maharashtra,Buldhana,3.7,1.8,486.0
113,2007,7,Maharashtra,Buldhana,3.0,1.62,540.0
113,2008,7,Maharashtra,Buldhana,3.7,2.0,541.0
113,2009,7,Maharashtra,Buldhana,3.5,2.56,731.0
113,2010,7,Maharashtra,Buldhana,3.6,1.9,528.0
113,2011,7,Maharashtra,Buldhana,3.3,2.1,636.0
113,2012,7,Maharashtra,Buldhana,1.9,2.1,1105.0
113,2013,7,Maharashtra,Buldhana,3.5,2.3,657.0
113,2014,7,Maharashtra,Buldhana,1.7,0.3,176.0
113,2015,7,Maharashtra,Buldhana,1.9,0.2,105.0
113,2016,7,Maharashtra,Buldhana,2.09,0.7,335.0
113,2017,7,Maharashtra,Buldhana,2.18,1.0,459.0
113,2018,7,Maharashtra,Buldhana,2.27,0.33,146.0
113,2019,7,Maharashtra,Buldhana,2.41,0.55,226.74
114,1990,7,Maharashtra,Akola,5.5,3.3,600.0
114,1991,7,Maharashtra,Akola,5.2,1.3,250.0
114,1992,7,Maharashtra,Akola,6.4,4.3,672.0
114,1993,7,Maharashtra,Akola,6.5,5.4,831.0
114,1994,7,Maharashtra,Akola,5.4,3.8,704.0
114,1995,7,Maharashtra,Akola,5.9,4.4,746.0
114,1996,7,Maharashtra,Akola,5.1,3.9,765.0
114,1997,7,Maharashtra,Akola,5.0,2.1,420.0
114,1998,7,Maharashtra,Akola,1.6,0.8,500.0
114,1999,7,Maharashtra,Akola,2.3,1.2,522.0
114,2000,7,Maharashtra,Akola,2.5,1.5,600.0
114,2001,7,Maharashtra,Akola,2.3,0.8,348.0
114,2002,7,Maharashtra,Akola,2.4,1.6,667.0
114,2003,7,Maharashtra,Akola,1.9,0.9,474.0
114,2004,7,Maharashtra,Akola,1.4,0.6,429.0
114,2005,7,Maharashtra,Akola,1.4,0.7,500.0
114,2006,7,Maharashtra,Akola,1.1,0.6,545.0
114,2007,7,Maharashtra,Akola,0.9,0.49,544.0
114,2008,7,Maharashtra,Akola,0.9,0.5,556.0
114,2009,7,Maharashtra,Akola,0.6,0.43,717.0
114,2010,7,Maharashtra,Akola,0.6,0.3,500.0
114,2011,7,Maharashtra,Akola,0.5,0.3,600.0
114,2012,7,Maharashtra,Akola,0.5,0.32,640.0
114,2013,7,Maharashtra,Akola,0.2,0.1,500.0
114,2014,7,Maharashtra,Akola,0.3,0.1,333.0
114,2016,7,Maharashtra,Akola,0.1,0.04,360.0
114,2017,7,Maharashtra,Akola,0.1,0.05,450.0
114,2018,7,Maharashtra,Akola,0.14,0.02,146.0
114,2019,7,Maharashtra,Akola,0.08,0.02,231.0
115,1990,7,Maharashtra,Amarawati,3.7,1.9,514.0
115,1991,7,Maharashtra,Amarawati,4.1,0.8,195.0
115,1992,7,Maharashtra,Amarawati,3.7,2.3,622.0
115,1993,7,Maharashtra,Amarawati,2.5,2.2,880.0
115,1994,7,Maharashtra,Amarawati,1.7,1.2,706.0
115,1995,7,Maharashtra,Amarawati,1.6,1.2,750.0
115,1996,7,Maharashtra,Amarawati,1.6,1.2,750.0
115,1997,7,Maharashtra,Amarawati,2.0,0.8,400.0
115,1998,7,Maharashtra,Amarawati,1.9,1.0,526.0
115,1999,7,Maharashtra,Amarawati,1.0,0.5,500.0
115,2000,7,Maharashtra,Amarawati,0.9,0.5,556.0
115,2001,7,Maharashtra,Amarawati,1.0,0.4,400.0
115,2002,7,Maharashtra,Amarawati,0.8,0.5,625.0
115,2003,7,Maharashtra,Amarawati,0.8,0.4,500.0
115,2004,7,Maharashtra,Amarawati,0.7,0.4,571.0
115,2005,7,Maharashtra,Amarawati,0.3,0.1,333.0
115,2006,7,Maharashtra,Amarawati,0.2,0.1,500.0
115,2007,7,Maharashtra,Amarawati,0.2,0.11,550.0
115,2008,7,Maharashtra,Amarawati,0.3,0.2,667.0
115,2009,7,Maharashtra,Amarawati,0.2,0.16,800.0
115,2010,7,Maharashtra,Amarawati,0.3,0.2,667.0
115,2011,7,Maharashtra,Amarawati,0.3,0.2,667.0
115,2012,7,Maharashtra,Amarawati,0.3,0.19,633.0
115,2017,7,Maharashtra,Amarawati,0.1,0.05,442.0
116,1990,7,Maharashtra,Yeotmal,12.7,7.1,559.0
116,1991,7,Maharashtra,Yeotmal,11.5,2.5,217.0
116,1992,7,Maharashtra,Yeotmal,13.1,8.5,649.0
116,1993,7,Maharashtra,Yeotmal,10.3,8.4,816.0
116,1994,7,Maharashtra,Yeotmal,9.9,6.9,697.0
116,1995,7,Maharashtra,Yeotmal,9.9,7.4,747.0
116,1996,7,Maharashtra,Yeotmal,10.4,7.9,760.0
116,1997,7,Maharashtra,Yeotmal,8.5,3.6,424.0
116,1998,7,Maharashtra,Yeotmal,8.9,4.7,528.0
116,1999,7,Maharashtra,Yeotmal,8.6,4.4,512.0
116,2000,7,Maharashtra,Yeotmal,9.2,5.8,630.0
116,2001,7,Maharashtra,Yeotmal,7.4,2.7,365.0
116,2002,7,Maharashtra,Yeotmal,5.6,3.5,625.0
116,2003,7,Maharashtra,Yeotmal,5.0,2.2,440.0
116,2004,7,Maharashtra,Yeotmal,3.6,1.6,444.0
116,2005,7,Maharashtra,Yeotmal,3.0,1.5,500.0
116,2006,7,Maharashtra,Yeotmal,0.8,0.4,500.0
116,2007,7,Maharashtra,Yeotmal,0.7,0.38,543.0
116,2008,7,Maharashtra,Yeotmal,1.5,0.8,533.0
116,2009,7,Maharashtra,Yeotmal,1.5,1.1,733.0
116,2010,7,Maharashtra,Yeotmal,1.3,0.7,538.0
116,2011,7,Maharashtra,Yeotmal,0.4,0.3,750.0
116,2012,7,Maharashtra,Yeotmal,0.3,0.25,833.0
116,2013,7,Maharashtra,Yeotmal,0.1,0.1,1000.0
116,2016,7,Maharashtra,Yeotmal,0.1,0.04,440.0
116,2017,7,Maharashtra,Yeotmal,0.04,0.02,432.0
116,2018,7,Maharashtra,Yeotmal,0.08,0.01,141.0
116,2019,7,Maharashtra,Yeotmal,0.06,0.01,224.0
117,1990,7,Maharashtra,Wardha,0.7,0.3,429.0
117,1991,7,Maharashtra,Wardha,0.4,0.1,250.0
117,1992,7,Maharashtra,Wardha,0.6,0.3,500.0
117,1993,7,Maharashtra,Wardha,0.4,0.3,750.0
117,1994,7,Maharashtra,Wardha,0.2,0.1,500.0
117,1995,7,Maharashtra,Wardha,0.2,0.1,500.0
117,1996,7,Maharashtra,Wardha,0.2,0.2,1000.0
117,1997,7,Maharashtra,Wardha,0.2,0.1,500.0
117,1998,7,Maharashtra,Wardha,0.1,0.1,1000.0
117,1999,7,Maharashtra,Wardha,0.1,0.1,1000.0
118,1990,7,Maharashtra,Nagpur,0.2,0.1,500.0
118,1991,7,Maharashtra,Nagpur,0.2,0.1,500.0
118,1994,7,Maharashtra,Nagpur,0.1,0.1,1000.0
118,1996,7,Maharashtra,Nagpur,0.2,0.2,1000.0
118,1997,7,Maharashtra,Nagpur,0.1,0.1,1000.0
118,1998,7,Maharashtra,Nagpur,0.1,0.1,1000.0
118,1999,7,Maharashtra,Nagpur,0.1,0.1,1000.0
120,1990,7,Maharashtra,Chandrapur,0.1,0.1,1000.0
120,2016,7,Maharashtra,Chandrapur,0.03,0.01,333.0
121,1990,3,Gujarat,Ahmedabad,72.4,58.3,805.0
121,1991,3,Gujarat,Ahmedabad,60.7,27.9,460.0
121,1992,3,Gujarat,Ahmedabad,62.6,92.5,1478.0
121,1993,3,Gujarat,Ahmedabad,57.0,30.1,528.0
121,1994,3,Gujarat,Ahmedabad,53.0,36.0,679.0
121,1995,3,Gujarat,Ahmedabad,55.4,50.6,913.0
121,1996,3,Gujarat,Ahmedabad,49.4,68.9,1395.0
121,1997,3,Gujarat,Ahmedabad,49.1,60.1,1224.0
121,1998,3,Gujarat,Ahmedabad,50.9,64.7,1271.0
121,1999,3,Gujarat,Ahmedabad,48.3,54.1,1120.0
121,2000,3,Gujarat,Ahmedabad,30.5,27.0,885.0
121,2001,3,Gujarat,Ahmedabad,29.7,35.8,1205.0
121,2002,3,Gujarat,Ahmedabad,37.8,40.4,1069.0
121,2003,3,Gujarat,Ahmedabad,31.3,36.1,1153.0
121,2004,3,Gujarat,Ahmedabad,14.7,19.5,1327.0
121,2005,3,Gujarat,Ahmedabad,22.2,22.8,1027.0
121,2006,3,Gujarat,Ahmedabad,24.6,19.1,776.0
121,2007,3,Gujarat,Ahmedabad,22.4,22.1,987.0
121,2008,3,Gujarat,Ahmedabad,16.4,24.4,1488.0
121,2009,3,Gujarat,Ahmedabad,13.6,17.2,1265.0
121,2010,3,Gujarat,Ahmedabad,14.6,23.0,1575.0
121,2011,3,Gujarat,Ahmedabad,16.4,27.1,1652.0
121,2012,3,Gujarat,Ahmedabad,2.6,4.5,1731.0
121,2013,3,Gujarat,Ahmedabad,3.01,5.49,1824.0
121,2014,3,Gujarat,Ahmedabad,2.9,5.13,1769.0
121,2015,3,Gujarat,Ahmedabad,1.34,2.6,1940.0
121,2016,3,Gujarat,Ahmedabad,1.65,4.44,2696.0
121,2017,3,Gujarat,Ahmedabad,1.96,4.57,2332.0
121,2018,3,Gujarat,Ahmedabad,2.41,5.13,2126.0
121,2019,3,Gujarat,Ahmedabad,1.31,4.05,3099.0
122,1990,3,Gujarat,Amreli,58.7,66.7,1136.0
122,1991,3,Gujarat,Amreli,55.9,59.4,1063.0
122,1992,3,Gujarat,Amreli,60.7,128.0,2109.0
122,1993,3,Gujarat,Amreli,49.7,33.0,664.0
122,1994,3,Gujarat,Amreli,50.0,75.0,1500.0
122,1995,3,Gujarat,Amreli,52.4,79.6,1519.0
122,1996,3,Gujarat,Amreli,51.7,108.1,2091.0
122,1997,3,Gujarat,Amreli,50.3,100.7,2002.0
122,1998,3,Gujarat,Amreli,55.7,106.5,1912.0
122,1999,3,Gujarat,Amreli,49.0,52.4,1069.0
122,2000,3,Gujarat,Amreli,42.6,31.0,728.0
122,2001,3,Gujarat,Amreli,46.1,87.6,1900.0
122,2002,3,Gujarat,Amreli,50.5,93.6,1853.0
122,2003,3,Gujarat,Amreli,31.7,63.1,1991.0
122,2004,3,Gujarat,Amreli,34.4,42.7,1241.0
122,2005,3,Gujarat,Amreli,32.2,56.4,1752.0
122,2006,3,Gujarat,Amreli,24.3,40.0,1646.0
122,2007,3,Gujarat,Amreli,16.7,28.0,1677.0
122,2008,3,Gujarat,Amreli,14.8,26.6,1797.0
122,2009,3,Gujarat,Amreli,9.5,7.6,800.0
122,2010,3,Gujarat,Amreli,10.6,19.3,1821.0
122,2011,3,Gujarat,Amreli,7.9,12.5,1582.0
122,2012,3,Gujarat,Amreli,4.5,1.9,422.0
122,2013,3,Gujarat,Amreli,4.89,10.03,2051.0
122,2014,3,Gujarat,Amreli,4.35,8.61,1979.0
122,2015,3,Gujarat,Amreli,2.71,6.4,2362.0
122,2016,3,Gujarat,Amreli,3.58,7.79,2174.0
122,2017,3,Gujarat,Amreli,3.8,7.95,2095.0
122,2018,3,Gujarat,Amreli,3.9,5.77,1480.0
122,2019,3,Gujarat,Amreli,6.2,16.39,2645.0
123,1990,3,Gujarat,Banaskantha,338.4,244.6,723.0
123,1991,3,Gujarat,Banaskantha,351.7,106.7,303.0
123,1992,3,Gujarat,Banaskantha,338.6,224.1,662.0
123,1993,3,Gujarat,Banaskantha,348.3,130.9,376.0
123,1994,3,Gujarat,Banaskantha,353.0,223.0,632.0
123,1995,3,Gujarat,Banaskantha,346.7,178.6,515.0
123,1996,3,Gujarat,Banaskantha,222.1,143.5,646.0
123,1997,3,Gujarat,Banaskantha,343.8,281.1,818.0
123,1998,3,Gujarat,Banaskantha,344.2,275.9,802.0
123,1999,3,Gujarat,Banaskantha,343.4,216.4,630.0
123,2000,3,Gujarat,Banaskantha,309.0,207.6,672.0
123,2001,3,Gujarat,Banaskantha,317.1,294.5,929.0
123,2002,3,Gujarat,Banaskantha,322.0,192.5,598.0
123,2003,3,Gujarat,Banaskantha,278.8,406.8,1459.0
123,2004,3,Gujarat,Banaskantha,237.9,239.7,1008.0
123,2005,3,Gujarat,Banaskantha,274.7,313.9,1143.0
123,2006,3,Gujarat,Banaskantha,274.6,216.5,788.0
123,2007,3,Gujarat,Banaskantha,269.1,345.2,1283.0
123,2008,3,Gujarat,Banaskantha,204.8,205.6,1004.0
123,2009,3,Gujarat,Banaskantha,180.1,168.8,937.0
123,2010,3,Gujarat,Banaskantha,294.0,488.3,1661.0
123,2011,3,Gujarat,Banaskantha,280.6,490.8,1749.0
123,2012,3,Gujarat,Banaskantha,236.2,428.9,1816.0
123,2013,3,Gujarat,Banaskantha,266.23,525.56,1974.0
123,2014,3,Gujarat,Banaskantha,186.56,428.38,2296.0
123,2015,3,Gujarat,Banaskantha,159.09,373.07,2345.0
123,2016,3,Gujarat,Banaskantha,199.66,419.71,2102.0
123,2017,3,Gujarat,Banaskantha,162.97,438.07,2688.0
123,2018,3,Gujarat,Banaskantha,210.26,452.91,2154.0
123,2019,3,Gujarat,Banaskantha,254.57,618.18,2428.0
124,1990,3,Gujarat,Bharuch,7.8,6.5,833.0
124,1991,3,Gujarat,Bharuch,7.1,3.7,521.0
124,1992,3,Gujarat,Bharuch,7.1,8.6,1211.0
124,1993,3,Gujarat,Bharuch,7.7,4.3,558.0
124,1994,3,Gujarat,Bharuch,7.0,6.0,857.0
124,1995,3,Gujarat,Bharuch,7.4,6.0,811.0
124,1996,3,Gujarat,Bharuch,4.6,5.5,1196.0
124,1997,3,Gujarat,Bharuch,5.3,6.7,1264.0
124,1998,3,Gujarat,Bharuch,5.4,5.8,1074.0
124,1999,3,Gujarat,Bharuch,5.9,4.7,797.0
124,2000,3,Gujarat,Bharuch,3.2,2.5,781.0
124,2001,3,Gujarat,Bharuch,3.2,4.3,1344.0
124,2002,3,Gujarat,Bharuch,2.5,2.2,880.0
124,2003,3,Gujarat,Bharuch,3.2,4.5,1406.0
124,2004,3,Gujarat,Bharuch,3.3,3.7,1121.0
124,2005,3,Gujarat,Bharuch,3.9,4.7,1205.0
124,2006,3,Gujarat,Bharuch,2.5,2.3,920.0
124,2007,3,Gujarat,Bharuch,0.5,1.1,2200.0
124,2008,3,Gujarat,Bharuch,0.7,1.7,2429.0
124,2009,3,Gujarat,Bharuch,0.5,1.0,2000.0
124,2010,3,Gujarat,Bharuch,2.3,4.7,2043.0
124,2011,3,Gujarat,Bharuch,2.9,6.2,2138.0
124,2012,3,Gujarat,Bharuch,0.8,1.5,1875.0
124,2013,3,Gujarat,Bharuch,0.57,1.38,2421.0
124,2014,3,Gujarat,Bharuch,0.44,0.77,1750.0
124,2015,3,Gujarat,Bharuch,0.32,0.63,1969.0
124,2016,3,Gujarat,Bharuch,0.23,0.22,943.0
124,2017,3,Gujarat,Bharuch,0.36,0.67,1853.0
124,2018,3,Gujarat,Bharuch,0.22,0.64,2914.0
124,2019,3,Gujarat,Bharuch,0.26,0.72,2786.0
125,1990,3,Gujarat,Vadodara,19.3,19.7,1021.0
125,1991,3,Gujarat,Vadodara,18.1,17.7,978.0
125,1992,3,Gujarat,Vadodara,16.5,22.0,1333.0
125,1993,3,Gujarat,Vadodara,16.4,23.9,1457.0
125,1994,3,Gujarat,Vadodara,15.0,17.0,1133.0
125,1995,3,Gujarat,Vadodara,17.9,22.1,1235.0
125,1996,3,Gujarat,Vadodara,15.6,23.7,1519.0
125,1997,3,Gujarat,Vadodara,16.8,25.2,1500.0
125,1998,3,Gujarat,Vadodara,17.9,17.5,978.0
125,1999,3,Gujarat,Vadodara,17.5,18.3,1046.0
125,2000,3,Gujarat,Vadodara,17.5,18.7,1069.0
125,2001,3,Gujarat,Vadodara,17.3,21.4,1237.0
125,2002,3,Gujarat,Vadodara,19.2,26.5,1380.0
125,2003,3,Gujarat,Vadodara,14.2,20.2,1423.0
125,2004,3,Gujarat,Vadodara,10.6,12.6,1189.0
125,2005,3,Gujarat,Vadodara,10.9,15.2,1394.0
125,2006,3,Gujarat,Vadodara,11.6,12.8,1103.0
125,2007,3,Gujarat,Vadodara,11.3,19.4,1717.0
125,2008,3,Gujarat,Vadodara,11.6,17.1,1474.0
125,2009,3,Gujarat,Vadodara,11.8,18.4,1559.0
125,2010,3,Gujarat,Vadodara,16.1,31.9,1981.0
125,2011,3,Gujarat,Vadodara,18.3,36.9,2016.0
125,2012,3,Gujarat,Vadodara,13.1,31.5,2405.0
125,2013,3,Gujarat,Vadodara,15.74,25.54,1623.0
125,2014,3,Gujarat,Vadodara,10.72,19.5,1819.0
125,2015,3,Gujarat,Vadodara,10.19,18.64,1829.0
125,2016,3,Gujarat,Vadodara,13.49,29.88,2214.0
125,2017,3,Gujarat,Vadodara,7.56,16.62,2199.0
125,2018,3,Gujarat,Vadodara,5.03,10.7,2125.0
125,2019,3,Gujarat,Vadodara,5.18,12.41,2393.0
126,1990,3,Gujarat,Bhavnagar,137.6,117.2,852.0
126,1991,3,Gujarat,Bhavnagar,140.0,118.6,847.0
126,1992,3,Gujarat,Bhavnagar,138.3,294.5,2129.0
126,1993,3,Gujarat,Bhavnagar,119.6,91.8,768.0
126,1994,3,Gujarat,Bhavnagar,117.0,176.0,1504.0
126,1995,3,Gujarat,Bhavnagar,113.5,150.8,1329.0
126,1996,3,Gujarat,Bhavnagar,116.9,215.7,1845.0
126,1997,3,Gujarat,Bhavnagar,101.1,199.2,1970.0
126,1998,3,Gujarat,Bhavnagar,96.3,165.7,1721.0
126,1999,3,Gujarat,Bhavnagar,92.8,62.5,673.0
126,2000,3,Gujarat,Bhavnagar,84.5,52.2,618.0
126,2001,3,Gujarat,Bhavnagar,68.3,120.2,1760.0
126,2002,3,Gujarat,Bhavnagar,68.7,139.3,2028.0
126,2003,3,Gujarat,Bhavnagar,70.0,142.2,2031.0
126,2004,3,Gujarat,Bhavnagar,65.3,107.6,1648.0
126,2005,3,Gujarat,Bhavnagar,61.4,141.9,2311.0
126,2006,3,Gujarat,Bhavnagar,50.9,116.5,2289.0
126,2007,3,Gujarat,Bhavnagar,51.2,126.2,2465.0
126,2008,3,Gujarat,Bhavnagar,47.9,109.1,2278.0
126,2009,3,Gujarat,Bhavnagar,50.1,85.7,1711.0
126,2010,3,Gujarat,Bhavnagar,50.7,127.2,2509.0
126,2011,3,Gujarat,Bhavnagar,52.3,116.8,2233.0
126,2012,3,Gujarat,Bhavnagar,31.0,47.9,1545.0
126,2013,3,Gujarat,Bhavnagar,34.29,87.37,2548.0
126,2014,3,Gujarat,Bhavnagar,37.38,88.29,2362.0
126,2015,3,Gujarat,Bhavnagar,33.76,78.32,2320.0
126,2016,3,Gujarat,Bhavnagar,34.81,83.21,2390.0
126,2017,3,Gujarat,Bhavnagar,34.26,93.2,2721.0
126,2018,3,Gujarat,Bhavnagar,29.26,77.98,2665.0
126,2019,3,Gujarat,Bhavnagar,27.38,73.2,2673.0
129,1990,3,Gujarat,Jamnagar,56.3,14.7,261.0
129,1991,3,Gujarat,Jamnagar,51.8,20.1,388.0
129,1992,3,Gujarat,Jamnagar,77.6,80.0,1031.0
129,1993,3,Gujarat,Jamnagar,71.7,69.0,962.0
129,1994,3,Gujarat,Jamnagar,67.0,74.0,1104.0
129,1995,3,Gujarat,Jamnagar,54.9,37.7,687.0
129,1996,3,Gujarat,Jamnagar,53.7,53.9,1004.0
129,1997,3,Gujarat,Jamnagar,51.7,66.3,1282.0
129,1998,3,Gujarat,Jamnagar,57.4,39.6,690.0
129,1999,3,Gujarat,Jamnagar,36.0,10.5,292.0
129,2000,3,Gujarat,Jamnagar,39.7,29.7,748.0
129,2001,3,Gujarat,Jamnagar,40.4,47.5,1176.0
129,2002,3,Gujarat,Jamnagar,31.3,8.9,284.0
129,2003,3,Gujarat,Jamnagar,36.3,62.2,1713.0
129,2004,3,Gujarat,Jamnagar,28.0,34.2,1221.0
129,2005,3,Gujarat,Jamnagar,22.1,23.3,1054.0
129,2006,3,Gujarat,Jamnagar,9.6,13.6,1417.0
129,2007,3,Gujarat,Jamnagar,14.8,23.8,1608.0
129,2008,3,Gujarat,Jamnagar,12.1,18.9,1562.0
129,2009,3,Gujarat,Jamnagar,10.9,15.8,1450.0
129,2010,3,Gujarat,Jamnagar,5.9,7.3,1237.0
129,2011,3,Gujarat,Jamnagar,3.8,7.4,1947.0
129,2012,3,Gujarat,Jamnagar,0.5,1.1,2200.0
129,2013,3,Gujarat,Jamnagar,1.8,3.15,1750.0
129,2014,3,Gujarat,Jamnagar,0.15,0.39,2600.0
129,2015,3,Gujarat,Jamnagar,0.04,0.11,2750.0
129,2016,3,Gujarat,Jamnagar,0.49,1.11,2245.0
129,2017,3,Gujarat,Jamnagar,0.6,1.43,2403.0
129,2018,3,Gujarat,Jamnagar,0.17,0.24,1399.0
129,2019,3,Gujarat,Jamnagar,0.65,1.85,2831.0
130,1990,3,Gujarat,Junagadh,38.1,52.0,1365.0
130,1991,3,Gujarat,Junagadh,40.0,45.6,1140.0
130,1992,3,Gujarat,Junagadh,47.2,79.2,1678.0
130,1993,3,Gujarat,Junagadh,39.8,38.1,957.0
130,1994,3,Gujarat,Junagadh,41.0,71.0,1732.0
130,1995,3,Gujarat,Junagadh,38.9,69.7,1792.0
130,1996,3,Gujarat,Junagadh,44.6,80.6,1807.0
130,1997,3,Gujarat,Junagadh,34.2,71.4,2088.0
130,1998,3,Gujarat,Junagadh,28.7,66.5,2317.0
130,1999,3,Gujarat,Junagadh,21.6,30.6,1417.0
130,2000,3,Gujarat,Junagadh,28.0,46.4,1657.0
130,2001,3,Gujarat,Junagadh,25.5,57.6,2259.0
130,2002,3,Gujarat,Junagadh,27.1,53.8,1985.0
130,2003,3,Gujarat,Junagadh,24.5,54.8,2237.0
130,2004,3,Gujarat,Junagadh,21.4,41.9,1958.0
130,2005,3,Gujarat,Junagadh,22.8,46.7,2048.0
130,2006,3,Gujarat,Junagadh,22.4,40.5,1808.0
130,2007,3,Gujarat,Junagadh,18.5,34.1,1843.0
130,2008,3,Gujarat,Junagadh,12.9,32.7,2535.0
130,2009,3,Gujarat,Junagadh,19.2,36.5,1901.0
130,2010,3,Gujarat,Junagadh,17.1,32.6,1906.0
130,2011,3,Gujarat,Junagadh,17.3,41.7,2410.0
130,2012,3,Gujarat,Junagadh,11.2,13.5,1205.0
130,2013,3,Gujarat,Junagadh,18.84,48.63,2581.0
130,2014,3,Gujarat,Junagadh,1.07,2.75,2570.0
130,2015,3,Gujarat,Junagadh,1.45,2.54,1752.0
130,2016,3,Gujarat,Junagadh,2.37,5.71,2408.0
130,2017,3,Gujarat,Junagadh,1.92,5.45,2845.0
130,2018,3,Gujarat,Junagadh,1.08,3.15,2927.0
130,2019,3,Gujarat,Junagadh,1.85,6.93,3754.0
131,1990,3,Gujarat,Kheda,145.9,177.4,1216.0
131,1991,3,Gujarat,Kheda,137.0,166.7,1217.0
131,1992,3,Gujarat,Kheda,148.1,277.2,1872.0
131,1993,3,Gujarat,Kheda,139.0,185.7,1336.0
131,1994,3,Gujarat,Kheda,140.0,153.0,1093.0
131,1995,3,Gujarat,Kheda,139.7,206.5,1478.0
131,1996,3,Gujarat,Kheda,127.4,186.8,1466.0
131,1997,3,Gujarat,Kheda,139.9,213.4,1525.0
131,1998,3,Gujarat,Kheda,132.3,217.2,1642.0
131,1999,3,Gujarat,Kheda,132.5,232.5,1755.0
131,2000,3,Gujarat,Kheda,72.8,100.0,1374.0
131,2001,3,Gujarat,Kheda,72.8,118.4,1626.0
131,2002,3,Gujarat,Kheda,83.3,122.4,1469.0
131,2003,3,Gujarat,Kheda,73.0,96.6,1323.0
131,2004,3,Gujarat,Kheda,70.1,88.6,1264.0
131,2005,3,Gujarat,Kheda,66.6,91.2,1369.0
131,2006,3,Gujarat,Kheda,61.3,63.4,1034.0
131,2007,3,Gujarat,Kheda,78.0,114.9,1473.0
131,2008,3,Gujarat,Kheda,63.9,94.1,1473.0
131,2009,3,Gujarat,Kheda,50.4,69.0,1369.0
131,2010,3,Gujarat,Kheda,90.9,178.8,1967.0
131,2011,3,Gujarat,Kheda,99.7,194.2,1948.0
131,2012,3,Gujarat,Kheda,74.8,138.9,1857.0
131,2013,3,Gujarat,Kheda,77.96,142.34,1826.0
131,2014,3,Gujarat,Kheda,50.99,104.44,2048.0
131,2015,3,Gujarat,Kheda,43.2,89.12,2063.0
131,2016,3,Gujarat,Kheda,41.54,81.08,1952.0
131,2017,3,Gujarat,Kheda,46.94,99.72,2124.0
131,2018,3,Gujarat,Kheda,33.9,92.48,2728.0
131,2019,3,Gujarat,Kheda,30.73,72.13,2347.0
132,1990,3,Gujarat,Kutch,70.6,56.0,793.0
132,1991,3,Gujarat,Kutch,89.0,32.9,370.0
132,1992,3,Gujarat,Kutch,116.4,130.7,1123.0
132,1993,3,Gujarat,Kutch,89.4,28.1,314.0
132,1994,3,Gujarat,Kutch,114.0,113.0,991.0
132,1995,3,Gujarat,Kutch,96.4,37.7,391.0
132,1996,3,Gujarat,Kutch,86.7,35.3,407.0
132,1997,3,Gujarat,Kutch,115.0,136.7,1189.0
132,1998,3,Gujarat,Kutch,103.8,69.2,667.0
132,1999,3,Gujarat,Kutch,67.7,27.8,411.0
132,2000,3,Gujarat,Kutch,99.6,48.7,489.0
132,2001,3,Gujarat,Kutch,99.8,83.6,838.0
132,2002,3,Gujarat,Kutch,58.1,26.9,463.0
132,2003,3,Gujarat,Kutch,91.0,119.6,1314.0
132,2004,3,Gujarat,Kutch,94.4,77.7,823.0
132,2005,3,Gujarat,Kutch,53.4,57.2,1071.0
132,2006,3,Gujarat,Kutch,82.3,86.4,1050.0
132,2007,3,Gujarat,Kutch,97.0,123.2,1270.0
132,2008,3,Gujarat,Kutch,46.1,41.5,900.0
132,2009,3,Gujarat,Kutch,58.1,54.5,938.0
132,2010,3,Gujarat,Kutch,63.8,70.0,1097.0
132,2011,3,Gujarat,Kutch,50.8,53.5,1053.0
132,2012,3,Gujarat,Kutch,10.8,10.3,954.0
132,2013,3,Gujarat,Kutch,26.0,43.63,1678.0
132,2014,3,Gujarat,Kutch,9.53,11.12,1167.0
132,2015,3,Gujarat,Kutch,19.95,24.7,1238.0
132,2016,3,Gujarat,Kutch,20.87,22.69,1088.0
132,2017,3,Gujarat,Kutch,27.03,40.38,1494.0
132,2018,3,Gujarat,Kutch,5.74,4.74,825.0
132,2019,3,Gujarat,Kutch,18.97,24.5,1292.0
133,1990,3,Gujarat,Mehsana,187.3,206.1,1100.0
133,1991,3,Gujarat,Mehsana,187.2,141.5,756.0
133,1992,3,Gujarat,Mehsana,182.4,217.4,1192.0
133,1993,3,Gujarat,Mehsana,189.1,157.3,832.0
133,1994,3,Gujarat,Mehsana,171.0,156.0,912.0
133,1995,3,Gujarat,Mehsana,170.0,157.6,927.0
133,1996,3,Gujarat,Mehsana,104.7,144.4,1379.0
133,1997,3,Gujarat,Mehsana,157.8,192.6,1221.0
133,1998,3,Gujarat,Mehsana,160.9,174.0,1081.0
133,1999,3,Gujarat,Mehsana,151.8,144.2,950.0
133,2000,3,Gujarat,Mehsana,81.4,74.6,916.0
133,2001,3,Gujarat,Mehsana,83.9,118.1,1408.0
133,2002,3,Gujarat,Mehsana,85.7,90.8,1060.0
133,2003,3,Gujarat,Mehsana,69.9,86.1,1232.0
133,2004,3,Gujarat,Mehsana,54.9,73.8,1344.0
133,2005,3,Gujarat,Mehsana,65.9,67.9,1030.0
133,2006,3,Gujarat,Mehsana,71.9,61.5,855.0
133,2007,3,Gujarat,Mehsana,66.5,97.9,1472.0
133,2008,3,Gujarat,Mehsana,59.4,94.7,1594.0
133,2009,3,Gujarat,Mehsana,51.2,83.1,1623.0
133,2010,3,Gujarat,Mehsana,71.4,125.9,1763.0
133,2011,3,Gujarat,Mehsana,96.3,197.3,2049.0
133,2012,3,Gujarat,Mehsana,37.6,74.3,1976.0
133,2013,3,Gujarat,Mehsana,36.47,69.77,1913.0
133,2014,3,Gujarat,Mehsana,22.06,50.21,2276.0
133,2015,3,Gujarat,Mehsana,16.85,37.57,2230.0
133,2016,3,Gujarat,Mehsana,13.84,34.95,2525.0
133,2017,3,Gujarat,Mehsana,16.72,46.49,2781.0
133,2018,3,Gujarat,Mehsana,11.87,34.15,2877.0
133,2019,3,Gujarat,Mehsana,13.44,39.01,2902.0
134,1990,3,Gujarat,Panchmahal,29.1,18.7,643.0
134,1991,3,Gujarat,Panchmahal,29.7,18.3,616.0
134,1992,3,Gujarat,Panchmahal,29.0,28.9,997.0
134,1993,3,Gujarat,Panchmahal,26.2,13.1,500.0
134,1994,3,Gujarat,Panchmahal,24.0,14.0,583.0
134,1995,3,Gujarat,Panchmahal,22.0,15.5,705.0
134,1996,3,Gujarat,Panchmahal,13.8,14.2,1029.0
134,1997,3,Gujarat,Panchmahal,19.2,20.9,1089.0
134,1998,3,Gujarat,Panchmahal,18.1,16.7,923.0
134,1999,3,Gujarat,Panchmahal,14.8,10.8,730.0
134,2000,3,Gujarat,Panchmahal,15.4,12.6,818.0
134,2001,3,Gujarat,Panchmahal,18.5,16.7,903.0
134,2002,3,Gujarat,Panchmahal,17.8,13.6,764.0
134,2003,3,Gujarat,Panchmahal,9.6,7.0,729.0
134,2004,3,Gujarat,Panchmahal,12.0,10.9,908.0
134,2005,3,Gujarat,Panchmahal,10.6,9.3,877.0
134,2006,3,Gujarat,Panchmahal,8.9,5.1,573.0
134,2007,3,Gujarat,Panchmahal,11.0,11.5,1045.0
134,2008,3,Gujarat,Panchmahal,7.4,8.9,1203.0
134,2009,3,Gujarat,Panchmahal,7.8,9.4,1205.0
134,2010,3,Gujarat,Panchmahal,13.6,25.8,1897.0
134,2011,3,Gujarat,Panchmahal,16.9,37.6,2225.0
134,2012,3,Gujarat,Panchmahal,8.0,15.7,1963.0
134,2013,3,Gujarat,Panchmahal,15.19,35.57,2342.0
134,2014,3,Gujarat,Panchmahal,3.46,5.69,1645.0
134,2015,3,Gujarat,Panchmahal,3.06,5.16,1686.0
134,2016,3,Gujarat,Panchmahal,4.05,9.21,2272.0
134,2017,3,Gujarat,Panchmahal,1.17,2.27,1938.0
134,2018,3,Gujarat,Panchmahal,2.05,3.97,1941.0
134,2019,3,Gujarat,Panchmahal,2.18,4.29,1971.0
135,1990,3,Gujarat,Rajkot,81.3,44.9,552.0
135,1991,3,Gujarat,Rajkot,74.4,31.6,425.0
135,1992,3,Gujarat,Rajkot,83.1,90.5,1089.0
135,1993,3,Gujarat,Rajkot,77.6,11.5,148.0
135,1994,3,Gujarat,Rajkot,74.0,93.0,1257.0
135,1995,3,Gujarat,Rajkot,65.0,40.3,620.0
135,1996,3,Gujarat,Rajkot,63.1,83.5,1323.0
135,1997,3,Gujarat,Rajkot,60.7,93.8,1545.0
135,1998,3,Gujarat,Rajkot,54.0,56.4,1044.0
135,1999,3,Gujarat,Rajkot,50.6,11.9,235.0
135,2000,3,Gujarat,Rajkot,46.3,26.6,575.0
135,2001,3,Gujarat,Rajkot,41.8,65.2,1560.0
135,2002,3,Gujarat,Rajkot,41.5,27.0,651.0
135,2003,3,Gujarat,Rajkot,40.1,72.2,1800.0
135,2004,3,Gujarat,Rajkot,32.9,39.1,1188.0
135,2005,3,Gujarat,Rajkot,34.8,59.3,1704.0
135,2006,3,Gujarat,Rajkot,30.5,21.7,711.0
135,2007,3,Gujarat,Rajkot,18.5,28.1,1519.0
135,2008,3,Gujarat,Rajkot,13.3,13.6,1023.0
135,2009,3,Gujarat,Rajkot,17.9,20.1,1123.0
135,2010,3,Gujarat,Rajkot,7.8,11.3,1449.0
135,2011,3,Gujarat,Rajkot,5.8,8.9,1534.0
135,2012,3,Gujarat,Rajkot,4.2,0.5,119.0
135,2013,3,Gujarat,Rajkot,5.52,8.5,1540.0
135,2014,3,Gujarat,Rajkot,0.6,1.51,2517.0
135,2015,3,Gujarat,Rajkot,0.3,0.72,2400.0
135,2016,3,Gujarat,Rajkot,0.28,0.68,2480.0
135,2017,3,Gujarat,Rajkot,1.39,2.65,1897.0
135,2018,3,Gujarat,Rajkot,0.9,1.6,1786.0
135,2019,3,Gujarat,Rajkot,1.89,4.78,2525.0
136,1990,3,Gujarat,Sabarkantha,58.2,43.1,741.0
136,1991,3,Gujarat,Sabarkantha,55.7,27.6,496.0
136,1992,3,Gujarat,Sabarkantha,50.6,48.6,960.0
136,1993,3,Gujarat,Sabarkantha,44.5,26.2,589.0
136,1994,3,Gujarat,Sabarkantha,44.0,28.0,636.0
136,1995,3,Gujarat,Sabarkantha,42.7,33.2,778.0
136,1996,3,Gujarat,Sabarkantha,23.5,29.0,1234.0
136,1997,3,Gujarat,Sabarkantha,40.0,36.5,913.0
136,1998,3,Gujarat,Sabarkantha,37.5,39.5,1053.0
136,1999,3,Gujarat,Sabarkantha,36.0,32.9,914.0
136,2000,3,Gujarat,Sabarkantha,32.8,35.4,1079.0
136,2001,3,Gujarat,Sabarkantha,30.1,29.5,980.0
136,2002,3,Gujarat,Sabarkantha,22.1,29.6,1339.0
136,2003,3,Gujarat,Sabarkantha,24.6,30.2,1228.0
136,2004,3,Gujarat,Sabarkantha,18.4,20.1,1092.0
136,2005,3,Gujarat,Sabarkantha,21.8,31.3,1436.0
136,2006,3,Gujarat,Sabarkantha,22.8,31.5,1382.0
136,2007,3,Gujarat,Sabarkantha,21.5,39.0,1814.0
136,2008,3,Gujarat,Sabarkantha,13.5,25.6,1896.0
136,2009,3,Gujarat,Sabarkantha,12.5,23.3,1864.0
136,2010,3,Gujarat,Sabarkantha,26.8,57.2,2134.0
136,2011,3,Gujarat,Sabarkantha,13.2,29.6,2242.0
136,2012,3,Gujarat,Sabarkantha,19.7,37.9,1924.0
136,2013,3,Gujarat,Sabarkantha,14.58,26.0,1783.0
136,2014,3,Gujarat,Sabarkantha,7.4,18.34,2478.0
136,2015,3,Gujarat,Sabarkantha,2.46,6.51,2646.0
136,2016,3,Gujarat,Sabarkantha,1.49,3.89,2611.0
136,2017,3,Gujarat,Sabarkantha,3.23,10.66,3297.0
136,2018,3,Gujarat,Sabarkantha,2.02,6.62,3283.0
136,2019,3,Gujarat,Sabarkantha,2.96,9.04,3056.0
137,1990,3,Gujarat,Surat,1.2,0.9,750.0
137,1991,3,Gujarat,Surat,1.4,0.6,429.0
137,1992,3,Gujarat,Surat,1.7,2.0,1176.0
137,1993,3,Gujarat,Surat,1.3,0.5,385.0
137,1994,3,Gujarat,Surat,1.0,1.0,1000.0
137,1995,3,Gujarat,Surat,1.2,0.8,667.0
137,1997,3,Gujarat,Surat,0.3,0.3,1000.0
137,1998,3,Gujarat,Surat,0.6,0.5,833.0
137,1999,3,Gujarat,Surat,1.1,0.6,545.0
137,2000,3,Gujarat,Surat,1.0,0.6,600.0
137,2001,3,Gujarat,Surat,1.0,1.3,1300.0
137,2002,3,Gujarat,Surat,0.4,0.3,750.0
137,2003,3,Gujarat,Surat,0.3,0.4,1333.0
137,2004,3,Gujarat,Surat,0.3,0.3,1000.0
137,2005,3,Gujarat,Surat,0.3,0.3,1000.0
137,2006,3,Gujarat,Surat,1.2,0.9,750.0
137,2007,3,Gujarat,Surat,3.6,2.4,667.0
137,2008,3,Gujarat,Surat,0.1,0.1,1000.0
137,2009,3,Gujarat,Surat,0.5,0.6,1200.0
137,2010,3,Gujarat,Surat,0.3,0.3,1000.0
137,2013,3,Gujarat,Surat,0.06,0.16,2667.0
137,2014,3,Gujarat,Surat,0.23,0.41,1783.0
137,2015,3,Gujarat,Surat,0.05,0.12,2400.0
137,2016,3,Gujarat,Surat,0.05,0.13,2491.0
137,2017,3,Gujarat,Surat,0.03,0.08,2923.0
137,2019,3,Gujarat,Surat,0.01,0.02,1700.0
138,1990,3,Gujarat,Surendranagar,77.2,47.5,615.0
138,1991,3,Gujarat,Surendranagar,101.5,37.8,372.0
138,1992,3,Gujarat,Surendranagar,110.1,118.3,1074.0
138,1993,3,Gujarat,Surendranagar,105.7,47.9,453.0
138,1994,3,Gujarat,Surendranagar,98.0,100.0,1020.0
138,1995,3,Gujarat,Surendranagar,91.3,61.0,668.0
138,1996,3,Gujarat,Surendranagar,85.8,100.2,1168.0
138,1997,3,Gujarat,Surendranagar,82.9,99.8,1204.0
138,1998,3,Gujarat,Surendranagar,68.5,92.3,1347.0
138,1999,3,Gujarat,Surendranagar,73.1,43.9,601.0
138,2000,3,Gujarat,Surendranagar,71.5,60.2,842.0
138,2001,3,Gujarat,Surendranagar,70.3,112.4,1599.0
138,2002,3,Gujarat,Surendranagar,71.8,46.8,652.0
138,2003,3,Gujarat,Surendranagar,83.4,135.2,1621.0
138,2004,3,Gujarat,Surendranagar,65.3,85.5,1309.0
138,2005,3,Gujarat,Surendranagar,67.1,76.7,1143.0
138,2006,3,Gujarat,Surendranagar,50.7,72.6,1432.0
138,2007,3,Gujarat,Surendranagar,51.8,83.7,1616.0
138,2008,3,Gujarat,Surendranagar,41.2,47.4,1150.0
138,2009,3,Gujarat,Surendranagar,40.4,38.8,960.0
138,2010,3,Gujarat,Surendranagar,32.4,43.4,1340.0
138,2011,3,Gujarat,Surendranagar,20.5,42.8,2088.0
138,2012,3,Gujarat,Surendranagar,19.0,14.4,758.0
138,2013,3,Gujarat,Surendranagar,26.66,48.39,1815.0
138,2014,3,Gujarat,Surendranagar,11.03,24.4,2212.0
138,2015,3,Gujarat,Surendranagar,7.59,14.84,1955.0
138,2016,3,Gujarat,Surendranagar,6.25,7.12,1139.0
138,2017,3,Gujarat,Surendranagar,6.63,13.73,2071.0
138,2018,3,Gujarat,Surendranagar,6.69,8.14,1218.0
138,2019,3,Gujarat,Surendranagar,5.38,9.62,1790.0
139,1990,10,Rajasthan,Ajmer,79.94,57.48,719.0
139,1991,10,Rajasthan,Ajmer,67.95,11.44,168.0
139,1992,10,Rajasthan,Ajmer,72.94,44.79,614.0
139,1993,10,Rajasthan,Ajmer,64.46,6.21,96.0
139,1994,10,Rajasthan,Ajmer,65.62,60.89,928.0
139,1995,10,Rajasthan,Ajmer,54.12,7.03,130.0
139,1996,10,Rajasthan,Ajmer,55.41,25.98,469.0
139,1997,10,Rajasthan,Ajmer,56.61,30.37,536.0
139,1998,10,Rajasthan,Ajmer,55.09,6.05,110.0
139,1999,10,Rajasthan,Ajmer,57.96,5.92,102.0
139,2000,10,Rajasthan,Ajmer,64.83,9.49,146.0
139,2001,10,Rajasthan,Ajmer,69.9,74.46,1065.0
139,2002,10,Rajasthan,Ajmer,59.42,0.53,9.0
139,2003,10,Rajasthan,Ajmer,98.5,137.31,1394.0
139,2004,10,Rajasthan,Ajmer,82.17,41.74,508.0
139,2005,10,Rajasthan,Ajmer,84.45,5.79,69.0
139,2006,10,Rajasthan,Ajmer,86.48,70.02,810.0
139,2007,10,Rajasthan,Ajmer,83.56,82.06,982.0
139,2008,10,Rajasthan,Ajmer,83.3,81.6,980.0
139,2009,10,Rajasthan,Ajmer,85.34,6.46,76.0
139,2010,10,Rajasthan,Ajmer,94.32,128.4,1361.0
139,2011,10,Rajasthan,Ajmer,74.55,95.33,1279.0
139,2012,10,Rajasthan,Ajmer,70.49,76.02,1078.0
139,2013,10,Rajasthan,Ajmer,67.91,83.57,1231.0
139,2014,10,Rajasthan,Ajmer,69.44,93.13,1341.0
139,2015,10,Rajasthan,Ajmer,61.25,47.21,771.0
139,2016,10,Rajasthan,Ajmer,61.71,60.53,981.0
139,2017,10,Rajasthan,Ajmer,58.5,69.63,1190.0
139,2018,10,Rajasthan,Ajmer,61.48,102.44,1666.0
139,2019,10,Rajasthan,Ajmer,61.8,94.12,1523.0
140,1990,10,Rajasthan,Alwar,182.61,164.33,900.0
140,1991,10,Rajasthan,Alwar,163.29,114.06,699.0
140,1992,10,Rajasthan,Alwar,184.46,155.55,843.0
140,1993,10,Rajasthan,Alwar,156.21,118.48,758.0
140,1994,10,Rajasthan,Alwar,183.88,223.45,1215.0
140,1995,10,Rajasthan,Alwar,135.15,98.73,731.0
140,1996,10,Rajasthan,Alwar,167.58,138.01,824.0
140,1997,10,Rajasthan,Alwar,166.76,169.27,1015.0
140,1998,10,Rajasthan,Alwar,183.98,225.71,1227.0
140,1999,10,Rajasthan,Alwar,182.63,204.54,1120.0
140,2000,10,Rajasthan,Alwar,199.62,257.77,1291.0
140,2001,10,Rajasthan,Alwar,188.6,349.52,1853.0
140,2002,10,Rajasthan,Alwar,149.75,110.44,737.0
140,2003,10,Rajasthan,Alwar,232.92,402.6,1728.0
140,2004,10,Rajasthan,Alwar,191.98,302.17,1574.0
140,2005,10,Rajasthan,Alwar,219.53,273.94,1248.0
140,2006,10,Rajasthan,Alwar,232.21,417.34,1797.0
140,2007,10,Rajasthan,Alwar,246.41,429.72,1744.0
140,2008,10,Rajasthan,Alwar,226.35,380.46,1681.0
140,2009,10,Rajasthan,Alwar,276.96,312.11,1127.0
140,2010,10,Rajasthan,Alwar,273.15,508.36,1861.0
140,2011,10,Rajasthan,Alwar,267.79,552.94,2065.0
140,2012,10,Rajasthan,Alwar,240.77,477.22,1982.0
140,2013,10,Rajasthan,Alwar,243.19,454.93,1871.0
140,2014,10,Rajasthan,Alwar,250.0,505.04,2020.0
140,2015,10,Rajasthan,Alwar,262.03,467.39,1784.0
140,2016,10,Rajasthan,Alwar,273.59,588.05,2149.0
140,2017,10,Rajasthan,Alwar,275.81,540.06,1958.0
140,2018,10,Rajasthan,Alwar,273.83,569.71,2081.0
140,2019,10,Rajasthan,Alwar,284.58,598.87,2104.0
141,1990,10,Rajasthan,Banswara,0.04,0.02,500.0
141,1991,10,Rajasthan,Banswara,0.03,0.01,333.0
141,1992,10,Rajasthan,Banswara,0.13,0.07,538.0
141,1993,10,Rajasthan,Banswara,0.06,0.02,333.0
141,1994,10,Rajasthan,Banswara,0.02,0.01,500.0
141,1996,10,Rajasthan,Banswara,0.03,0.01,333.0
141,1997,10,Rajasthan,Banswara,0.04,0.02,500.0
141,1998,10,Rajasthan,Banswara,0.02,0.01,500.0
141,1999,10,Rajasthan,Banswara,0.04,0.01,250.0
141,2000,10,Rajasthan,Banswara,0.08,0.04,500.0
141,2001,10,Rajasthan,Banswara,0.11,0.08,727.0
141,2002,10,Rajasthan,Banswara,0.05,0.01,200.0
141,2003,10,Rajasthan,Banswara,0.06,0.07,1167.0
141,2004,10,Rajasthan,Banswara,0.05,0.03,600.0
141,2005,10,Rajasthan,Banswara,0.1,0.04,400.0
141,2006,10,Rajasthan,Banswara,0.09,0.06,667.0
141,2007,10,Rajasthan,Banswara,0.12,0.1,833.0
141,2008,10,Rajasthan,Banswara,0.09,0.08,889.0
141,2009,10,Rajasthan,Banswara,0.17,0.07,412.0
141,2010,10,Rajasthan,Banswara,0.17,0.19,1118.0
141,2011,10,Rajasthan,Banswara,0.1,0.13,1300.0
141,2012,10,Rajasthan,Banswara,0.1,0.1,1000.0
141,2013,10,Rajasthan,Banswara,0.05,0.05,1000.0
141,2014,10,Rajasthan,Banswara,0.12,0.13,1083.0
141,2015,10,Rajasthan,Banswara,0.09,0.07,778.0
141,2016,10,Rajasthan,Banswara,0.07,0.07,1000.0
141,2017,10,Rajasthan,Banswara,0.13,0.11,880.0
141,2018,10,Rajasthan,Banswara,0.15,0.13,892.0
141,2019,10,Rajasthan,Banswara,0.16,0.19,1184.0
142,1990,10,Rajasthan,Barmer,896.31,218.67,244.0
142,1991,10,Rajasthan,Barmer,950.18,42.9,45.0
142,1992,10,Rajasthan,Barmer,1032.51,204.92,198.0
142,1993,10,Rajasthan,Barmer,806.22,14.62,18.0
142,1994,10,Rajasthan,Barmer,931.77,251.78,270.0
142,1995,10,Rajasthan,Barmer,805.99,37.94,47.0
142,1996,10,Rajasthan,Barmer,815.59,109.21,134.0
142,1997,10,Rajasthan,Barmer,882.88,250.55,284.0
142,1998,10,Rajasthan,Barmer,763.92,15.93,21.0
142,1999,10,Rajasthan,Barmer,699.89,21.03,30.0
142,2000,10,Rajasthan,Barmer,911.35,179.48,197.0
142,2001,10,Rajasthan,Barmer,957.67,249.08,260.0
142,2002,10,Rajasthan,Barmer,777.38,5.81,7.0
142,2003,10,Rajasthan,Barmer,1020.18,563.59,552.0
142,2004,10,Rajasthan,Barmer,812.0,182.94,225.0
142,2005,10,Rajasthan,Barmer,921.72,68.96,75.0
142,2006,10,Rajasthan,Barmer,933.27,140.93,151.0
142,2007,10,Rajasthan,Barmer,960.4,166.44,173.0
142,2008,10,Rajasthan,Barmer,1011.4,131.2,130.0
142,2009,10,Rajasthan,Barmer,956.74,18.4,19.0
142,2010,10,Rajasthan,Barmer,945.07,529.02,560.0
142,2011,10,Rajasthan,Barmer,878.74,576.88,656.0
142,2012,10,Rajasthan,Barmer,713.77,300.6,421.0
142,2013,10,Rajasthan,Barmer,863.19,374.41,434.0
142,2014,10,Rajasthan,Barmer,752.05,206.82,275.0
142,2015,10,Rajasthan,Barmer,779.2,112.7,145.0
142,2016,10,Rajasthan,Barmer,795.06,118.86,150.0
142,2017,10,Rajasthan,Barmer,901.1,209.34,232.0
142,2018,10,Rajasthan,Barmer,900.42,126.75,141.0
142,2019,10,Rajasthan,Barmer,952.46,593.7,623.0
143,1990,10,Rajasthan,Bharatpur,85.62,71.07,830.0
143,1991,10,Rajasthan,Bharatpur,69.53,36.2,521.0
143,1992,10,Rajasthan,Bharatpur,80.92,112.5,1390.0
143,1993,10,Rajasthan,Bharatpur,71.07,61.61,867.0
143,1994,10,Rajasthan,Bharatpur,74.83,74.98,1002.0
143,1995,10,Rajasthan,Bharatpur,66.6,52.06,782.0
143,1996,10,Rajasthan,Bharatpur,69.21,78.84,1139.0
143,1997,10,Rajasthan,Bharatpur,86.47,103.29,1195.0
143,1998,10,Rajasthan,Bharatpur,95.55,135.47,1418.0
143,1999,10,Rajasthan,Bharatpur,97.22,143.12,1472.0
143,2000,10,Rajasthan,Bharatpur,124.55,166.93,1340.0
143,2001,10,Rajasthan,Bharatpur,99.2,135.79,1369.0
143,2002,10,Rajasthan,Bharatpur,93.42,33.83,362.0
143,2003,10,Rajasthan,Bharatpur,109.18,182.63,1673.0
143,2004,10,Rajasthan,Bharatpur,92.23,118.26,1282.0
143,2005,10,Rajasthan,Bharatpur,103.47,125.45,1212.0
143,2006,10,Rajasthan,Bharatpur,103.73,160.5,1547.0
143,2007,10,Rajasthan,Bharatpur,111.93,173.32,1548.0
143,2008,10,Rajasthan,Bharatpur,100.15,157.43,1572.0
143,2009,10,Rajasthan,Bharatpur,121.24,193.51,1596.0
143,2010,10,Rajasthan,Bharatpur,122.03,235.02,1926.0
143,2011,10,Rajasthan,Bharatpur,118.16,231.98,1963.0
143,2012,10,Rajasthan,Bharatpur,107.07,176.91,1652.0
143,2013,10,Rajasthan,Bharatpur,102.49,194.12,1894.0
143,2014,10,Rajasthan,Bharatpur,106.99,190.51,1781.0
143,2015,10,Rajasthan,Bharatpur,106.36,173.66,1633.0
143,2016,10,Rajasthan,Bharatpur,114.23,214.0,1873.0
143,2017,10,Rajasthan,Bharatpur,126.93,185.98,1465.0
143,2018,10,Rajasthan,Bharatpur,128.92,226.21,1755.0
143,2019,10,Rajasthan,Bharatpur,135.33,292.66,2162.0
144,1990,10,Rajasthan,Bhilwara,1.86,0.96,516.0
144,1991,10,Rajasthan,Bhilwara,1.13,0.26,230.0
144,1992,10,Rajasthan,Bhilwara,1.82,1.06,582.0
144,1993,10,Rajasthan,Bhilwara,0.97,0.29,299.0
144,1994,10,Rajasthan,Bhilwara,1.15,0.7,609.0
144,1995,10,Rajasthan,Bhilwara,0.72,0.23,319.0
144,1996,10,Rajasthan,Bhilwara,0.85,0.42,494.0
144,1997,10,Rajasthan,Bhilwara,0.87,0.46,529.0
144,1998,10,Rajasthan,Bhilwara,0.88,0.38,432.0
144,1999,10,Rajasthan,Bhilwara,0.89,0.31,348.0
144,2000,10,Rajasthan,Bhilwara,0.86,0.38,442.0
144,2001,10,Rajasthan,Bhilwara,1.29,0.96,744.0
144,2002,10,Rajasthan,Bhilwara,2.33,0.52,223.0
144,2003,10,Rajasthan,Bhilwara,3.58,4.07,1137.0
144,2004,10,Rajasthan,Bhilwara,2.27,1.49,656.0
144,2005,10,Rajasthan,Bhilwara,2.25,0.98,436.0
144,2006,10,Rajasthan,Bhilwara,2.63,4.53,1722.0
144,2007,10,Rajasthan,Bhilwara,2.91,2.86,983.0
144,2008,10,Rajasthan,Bhilwara,2.72,3.94,1449.0
144,2009,10,Rajasthan,Bhilwara,3.17,0.6,189.0
144,2010,10,Rajasthan,Bhilwara,5.11,5.67,1110.0
144,2011,10,Rajasthan,Bhilwara,2.88,2.38,826.0
144,2012,10,Rajasthan,Bhilwara,2.1,3.92,1867.0
144,2013,10,Rajasthan,Bhilwara,2.03,2.49,1227.0
144,2014,10,Rajasthan,Bhilwara,2.1,2.63,1252.0
144,2015,10,Rajasthan,Bhilwara,2.17,1.72,793.0
144,2016,10,Rajasthan,Bhilwara,2.22,3.09,1393.0
144,2017,10,Rajasthan,Bhilwara,2.31,2.49,1080.0
144,2018,10,Rajasthan,Bhilwara,2.25,3.54,1576.0
144,2019,10,Rajasthan,Bhilwara,2.95,1.19,403.0
145,1990,10,Rajasthan,Bikaner,209.64,74.86,357.0
145,1991,10,Rajasthan,Bikaner,163.26,25.01,153.0
145,1992,10,Rajasthan,Bikaner,242.96,219.26,902.0
145,1993,10,Rajasthan,Bikaner,242.82,18.8,77.0
145,1994,10,Rajasthan,Bikaner,284.86,46.42,163.0
145,1995,10,Rajasthan,Bikaner,255.42,53.63,210.0
145,1996,10,Rajasthan,Bikaner,275.63,116.7,423.0
145,1997,10,Rajasthan,Bikaner,239.83,135.14,563.0
145,1998,10,Rajasthan,Bikaner,193.82,72.59,375.0
145,2000,10,Rajasthan,Bikaner,199.28,38.14,191.0
145,2001,10,Rajasthan,Bikaner,274.45,107.24,391.0
145,2002,10,Rajasthan,Bikaner,14.65,2.22,152.0
145,2003,10,Rajasthan,Bikaner,302.07,297.97,986.0
145,2004,10,Rajasthan,Bikaner,146.22,35.19,241.0
145,2005,10,Rajasthan,Bikaner,217.36,38.42,177.0
145,2006,10,Rajasthan,Bikaner,171.92,26.09,152.0
145,2007,10,Rajasthan,Bikaner,202.29,96.37,476.0
145,2008,10,Rajasthan,Bikaner,256.9,155.78,606.0
145,2009,10,Rajasthan,Bikaner,247.15,18.88,76.0
145,2010,10,Rajasthan,Bikaner,252.55,137.65,545.0
145,2011,10,Rajasthan,Bikaner,206.51,200.22,970.0
145,2012,10,Rajasthan,Bikaner,63.44,13.12,207.0
145,2013,10,Rajasthan,Bikaner,118.84,60.1,506.0
145,2014,10,Rajasthan,Bikaner,90.18,50.53,560.0
145,2015,10,Rajasthan,Bikaner,84.85,27.07,319.0
145,2016,10,Rajasthan,Bikaner,117.99,80.35,681.0
145,2017,10,Rajasthan,Bikaner,124.37,60.14,484.0
145,2018,10,Rajasthan,Bikaner,124.13,43.65,352.0
145,2019,10,Rajasthan,Bikaner,92.12,27.45,298.0
146,1990,10,Rajasthan,Bundi,1.45,0.74,510.0
146,1991,10,Rajasthan,Bundi,0.79,0.18,228.0
146,1992,10,Rajasthan,Bundi,0.85,0.49,576.0
146,1993,10,Rajasthan,Bundi,0.54,0.16,296.0
146,1994,10,Rajasthan,Bundi,0.4,0.24,600.0
146,1995,10,Rajasthan,Bundi,0.33,0.1,303.0
146,1996,10,Rajasthan,Bundi,0.52,0.25,481.0
146,1997,10,Rajasthan,Bundi,0.72,0.38,528.0
146,1998,10,Rajasthan,Bundi,0.68,0.29,426.0
146,1999,10,Rajasthan,Bundi,0.47,0.16,340.0
146,2000,10,Rajasthan,Bundi,1.0,0.44,440.0
146,2001,10,Rajasthan,Bundi,1.76,1.31,744.0
146,2002,10,Rajasthan,Bundi,2.52,0.56,222.0
146,2003,10,Rajasthan,Bundi,9.1,10.34,1136.0
146,2004,10,Rajasthan,Bundi,2.08,1.37,659.0
146,2005,10,Rajasthan,Bundi,2.38,1.03,433.0
146,2006,10,Rajasthan,Bundi,2.2,2.05,932.0
146,2007,10,Rajasthan,Bundi,4.1,5.45,1329.0
146,2008,10,Rajasthan,Bundi,2.56,3.14,1227.0
146,2009,10,Rajasthan,Bundi,3.18,2.61,821.0
146,2010,10,Rajasthan,Bundi,4.88,5.42,1111.0
146,2011,10,Rajasthan,Bundi,2.43,3.18,1309.0
146,2012,10,Rajasthan,Bundi,1.93,2.93,1518.0
146,2013,10,Rajasthan,Bundi,1.37,1.24,905.0
146,2014,10,Rajasthan,Bundi,1.6,1.48,925.0
146,2015,10,Rajasthan,Bundi,1.36,1.48,1088.0
146,2016,10,Rajasthan,Bundi,1.13,1.35,1195.0
146,2017,10,Rajasthan,Bundi,0.92,1.57,1706.0
146,2018,10,Rajasthan,Bundi,1.12,1.0,892.0
146,2019,10,Rajasthan,Bundi,1.61,1.92,1186.0
147,1990,10,Rajasthan,Chittorgarh,0.05,0.03,600.0
147,1991,10,Rajasthan,Chittorgarh,0.04,0.01,250.0
147,1992,10,Rajasthan,Chittorgarh,0.17,0.1,588.0
147,1993,10,Rajasthan,Chittorgarh,0.06,0.02,333.0
147,1994,10,Rajasthan,Chittorgarh,0.05,0.03,600.0
147,1995,10,Rajasthan,Chittorgarh,0.11,0.03,273.0
147,1996,10,Rajasthan,Chittorgarh,0.05,0.02,400.0
147,1997,10,Rajasthan,Chittorgarh,0.06,0.03,500.0
147,1998,10,Rajasthan,Chittorgarh,0.04,0.02,500.0
147,2000,10,Rajasthan,Chittorgarh,0.03,0.02,667.0
147,2001,10,Rajasthan,Chittorgarh,0.05,0.04,800.0
147,2002,10,Rajasthan,Chittorgarh,0.04,0.01,250.0
147,2003,10,Rajasthan,Chittorgarh,0.04,0.05,1250.0
147,2004,10,Rajasthan,Chittorgarh,0.03,0.02,667.0
147,2005,10,Rajasthan,Chittorgarh,0.03,0.01,333.0
147,2006,10,Rajasthan,Chittorgarh,0.02,0.01,500.0
147,2007,10,Rajasthan,Chittorgarh,0.03,0.02,667.0
147,2008,10,Rajasthan,Chittorgarh,0.03,0.03,1000.0
147,2009,10,Rajasthan,Chittorgarh,0.01,0.01,1000.0
147,2010,10,Rajasthan,Chittorgarh,0.02,0.02,1000.0
147,2011,10,Rajasthan,Chittorgarh,0.03,0.03,1000.0
147,2012,10,Rajasthan,Chittorgarh,0.02,0.02,1000.0
147,2013,10,Rajasthan,Chittorgarh,0.01,0.01,1000.0
147,2014,10,Rajasthan,Chittorgarh,0.03,0.03,1000.0
147,2015,10,Rajasthan,Chittorgarh,0.06,0.05,833.0
147,2016,10,Rajasthan,Chittorgarh,0.23,0.23,996.0
147,2017,10,Rajasthan,Chittorgarh,0.03,0.03,871.0
147,2018,10,Rajasthan,Chittorgarh,0.07,0.06,894.0
147,2019,10,Rajasthan,Chittorgarh,0.1,0.12,1186.0
148,1990,10,Rajasthan,Churu,398.48,119.12,299.0
148,1991,10,Rajasthan,Churu,412.02,55.17,134.0
148,1992,10,Rajasthan,Churu,427.14,273.59,641.0
148,1993,10,Rajasthan,Churu,401.82,80.01,199.0
148,1994,10,Rajasthan,Churu,444.06,115.21,259.0
148,1995,10,Rajasthan,Churu,428.0,116.19,271.0
148,1996,10,Rajasthan,Churu,487.99,334.11,685.0
148,1997,10,Rajasthan,Churu,480.23,296.85,618.0
148,1998,10,Rajasthan,Churu,440.67,76.5,174.0
148,1999,10,Rajasthan,Churu,402.54,27.68,69.0
148,2000,10,Rajasthan,Churu,422.52,52.28,124.0
148,2001,10,Rajasthan,Churu,483.25,351.59,728.0
148,2002,10,Rajasthan,Churu,294.22,5.23,18.0
148,2003,10,Rajasthan,Churu,455.57,394.43,866.0
148,2004,10,Rajasthan,Churu,404.43,78.28,194.0
148,2005,10,Rajasthan,Churu,427.93,54.95,128.0
148,2006,10,Rajasthan,Churu,430.4,154.86,360.0
148,2007,10,Rajasthan,Churu,418.32,252.84,604.0
148,2008,10,Rajasthan,Churu,427.99,335.07,783.0
148,2009,10,Rajasthan,Churu,407.61,8.58,21.0
148,2010,10,Rajasthan,Churu,402.91,249.73,620.0
148,2011,10,Rajasthan,Churu,404.19,293.96,727.0
148,2012,10,Rajasthan,Churu,275.6,149.71,543.0
148,2013,10,Rajasthan,Churu,326.23,185.27,568.0
148,2014,10,Rajasthan,Churu,299.57,196.02,654.0
148,2015,10,Rajasthan,Churu,289.77,141.63,489.0
148,2016,10,Rajasthan,Churu,258.88,127.43,492.0
148,2017,10,Rajasthan,Churu,266.15,106.08,399.0
148,2018,10,Rajasthan,Churu,265.9,117.85,443.0
148,2019,10,Rajasthan,Churu,257.13,142.6,555.0
149,1990,10,Rajasthan,Dungarpur,0.22,0.11,500.0
149,1991,10,Rajasthan,Dungarpur,0.37,0.09,243.0
149,1992,10,Rajasthan,Dungarpur,0.28,0.16,571.0
149,1993,10,Rajasthan,Dungarpur,0.17,0.05,294.0
149,1994,10,Rajasthan,Dungarpur,0.09,0.05,556.0
149,1995,10,Rajasthan,Dungarpur,0.19,0.06,316.0
149,1996,10,Rajasthan,Dungarpur,0.09,0.04,444.0
149,1997,10,Rajasthan,Dungarpur,0.05,0.03,600.0
149,1998,10,Rajasthan,Dungarpur,0.04,0.02,500.0
149,1999,10,Rajasthan,Dungarpur,0.11,0.04,364.0
149,2000,10,Rajasthan,Dungarpur,0.1,0.04,400.0
149,2001,10,Rajasthan,Dungarpur,0.12,0.09,750.0
149,2002,10,Rajasthan,Dungarpur,0.21,0.05,238.0
149,2003,10,Rajasthan,Dungarpur,0.24,0.27,1125.0
149,2004,10,Rajasthan,Dungarpur,0.15,0.1,667.0
149,2005,10,Rajasthan,Dungarpur,0.18,0.08,444.0
149,2006,10,Rajasthan,Dungarpur,0.13,0.09,692.0
149,2007,10,Rajasthan,Dungarpur,0.13,0.1,769.0
149,2008,10,Rajasthan,Dungarpur,0.1,0.08,800.0
149,2009,10,Rajasthan,Dungarpur,0.21,0.08,381.0
149,2010,10,Rajasthan,Dungarpur,0.15,0.17,1133.0
149,2011,10,Rajasthan,Dungarpur,0.12,0.16,1333.0
149,2012,10,Rajasthan,Dungarpur,0.09,0.08,889.0
149,2013,10,Rajasthan,Dungarpur,0.04,0.04,1000.0
149,2014,10,Rajasthan,Dungarpur,0.02,0.03,1500.0
149,2015,10,Rajasthan,Dungarpur,0.04,0.03,750.0
149,2016,10,Rajasthan,Dungarpur,0.04,0.04,1000.0
149,2017,10,Rajasthan,Dungarpur,0.04,0.03,886.0
149,2018,10,Rajasthan,Dungarpur,0.04,0.03,886.0
149,2019,10,Rajasthan,Dungarpur,0.15,0.18,1187.0
150,1990,10,Rajasthan,Ganganagar,59.5,38.83,653.0
150,1991,10,Rajasthan,Ganganagar,65.81,38.66,587.0
150,1992,10,Rajasthan,Ganganagar,76.32,80.83,1059.0
150,1993,10,Rajasthan,Ganganagar,3.84,14.0,3646.0
150,1994,10,Rajasthan,Ganganagar,10.38,6.29,606.0
150,1995,10,Rajasthan,Ganganagar,5.27,1.68,319.0
150,1996,10,Rajasthan,Ganganagar,3.43,1.68,490.0
150,1997,10,Rajasthan,Ganganagar,2.91,1.55,533.0
150,1998,10,Rajasthan,Ganganagar,1.68,0.72,429.0
150,1999,10,Rajasthan,Ganganagar,1.94,0.66,340.0
150,2000,10,Rajasthan,Ganganagar,2.97,1.31,441.0
150,2001,10,Rajasthan,Ganganagar,8.57,6.38,744.0
150,2002,10,Rajasthan,Ganganagar,1.54,0.34,221.0
150,2003,10,Rajasthan,Ganganagar,16.17,18.37,1136.0
150,2004,10,Rajasthan,Ganganagar,4.47,2.94,658.0
150,2005,10,Rajasthan,Ganganagar,3.8,1.65,434.0
150,2006,10,Rajasthan,Ganganagar,13.49,20.08,1489.0
150,2007,10,Rajasthan,Ganganagar,10.15,18.74,1846.0
150,2008,10,Rajasthan,Ganganagar,18.0,30.94,1719.0
150,2009,10,Rajasthan,Ganganagar,4.36,4.5,1032.0
150,2010,10,Rajasthan,Ganganagar,18.04,20.02,1110.0
150,2011,10,Rajasthan,Ganganagar,5.86,10.73,1831.0
150,2012,10,Rajasthan,Ganganagar,3.28,5.32,1622.0
150,2013,10,Rajasthan,Ganganagar,1.98,2.8,1414.0
150,2014,10,Rajasthan,Ganganagar,2.13,2.66,1249.0
150,2015,10,Rajasthan,Ganganagar,2.01,2.37,1179.0
150,2016,10,Rajasthan,Ganganagar,14.57,17.4,1194.0
150,2017,10,Rajasthan,Ganganagar,9.03,13.14,1455.0
150,2018,10,Rajasthan,Ganganagar,7.69,11.77,1531.0
150,2019,10,Rajasthan,Ganganagar,5.39,7.6,1410.0
151,1990,10,Rajasthan,Jaipur,343.44,234.6,683.0
151,1991,10,Rajasthan,Jaipur,236.69,126.19,533.0
151,1992,10,Rajasthan,Jaipur,244.9,224.74,918.0
151,1993,10,Rajasthan,Jaipur,210.54,120.19,571.0
151,1994,10,Rajasthan,Jaipur,237.38,223.34,941.0
151,1995,10,Rajasthan,Jaipur,191.64,85.2,445.0
151,1996,10,Rajasthan,Jaipur,237.32,162.39,684.0
151,1997,10,Rajasthan,Jaipur,219.08,186.05,849.0
151,1998,10,Rajasthan,Jaipur,204.15,226.63,1110.0
151,1999,10,Rajasthan,Jaipur,205.16,134.91,658.0
151,2000,10,Rajasthan,Jaipur,229.02,138.59,605.0
151,2001,10,Rajasthan,Jaipur,269.97,306.31,1135.0
151,2002,10,Rajasthan,Jaipur,237.58,93.94,395.0
151,2003,10,Rajasthan,Jaipur,330.32,552.51,1673.0
151,2004,10,Rajasthan,Jaipur,268.11,376.78,1405.0
151,2005,10,Rajasthan,Jaipur,278.88,218.45,783.0
151,2006,10,Rajasthan,Jaipur,282.25,329.57,1168.0
151,2007,10,Rajasthan,Jaipur,298.43,450.43,1509.0
151,2008,10,Rajasthan,Jaipur,295.68,455.91,1542.0
151,2009,10,Rajasthan,Jaipur,296.38,240.13,810.0
151,2010,10,Rajasthan,Jaipur,330.66,445.79,1348.0
151,2011,10,Rajasthan,Jaipur,317.29,494.23,1558.0
151,2012,10,Rajasthan,Jaipur,301.5,424.68,1409.0
151,2013,10,Rajasthan,Jaipur,302.96,456.25,1506.0
151,2014,10,Rajasthan,Jaipur,297.16,486.98,1639.0
151,2015,10,Rajasthan,Jaipur,300.1,356.96,1189.0
151,2016,10,Rajasthan,Jaipur,303.97,494.31,1626.0
151,2017,10,Rajasthan,Jaipur,298.58,445.3,1491.0
151,2018,10,Rajasthan,Jaipur,298.2,458.73,1538.0
151,2019,10,Rajasthan,Jaipur,302.1,569.47,1885.0
152,1990,10,Rajasthan,Jaisalmer,98.3,17.78,181.0
152,1991,10,Rajasthan,Jaisalmer,105.61,19.81,188.0
152,1992,10,Rajasthan,Jaisalmer,141.26,81.71,578.0
152,1993,10,Rajasthan,Jaisalmer,134.08,4.7,35.0
152,1994,10,Rajasthan,Jaisalmer,159.5,70.64,443.0
152,1995,10,Rajasthan,Jaisalmer,157.18,8.25,52.0
152,1996,10,Rajasthan,Jaisalmer,176.05,4.72,27.0
152,1997,10,Rajasthan,Jaisalmer,149.76,3.16,21.0
152,1998,10,Rajasthan,Jaisalmer,94.7,0.78,8.0
152,1999,10,Rajasthan,Jaisalmer,66.71,0.89,13.0
152,2000,10,Rajasthan,Jaisalmer,90.12,5.43,60.0
152,2001,10,Rajasthan,Jaisalmer,138.69,25.55,184.0
152,2002,10,Rajasthan,Jaisalmer,11.77,1.49,127.0
152,2003,10,Rajasthan,Jaisalmer,189.15,110.36,583.0
152,2005,10,Rajasthan,Jaisalmer,141.0,26.62,189.0
152,2006,10,Rajasthan,Jaisalmer,101.76,1.86,18.0
152,2007,10,Rajasthan,Jaisalmer,128.86,27.41,213.0
152,2008,10,Rajasthan,Jaisalmer,150.59,3.73,25.0
152,2009,10,Rajasthan,Jaisalmer,161.59,1.12,7.0
152,2010,10,Rajasthan,Jaisalmer,191.21,90.73,475.0
152,2011,10,Rajasthan,Jaisalmer,143.5,73.48,512.0
152,2012,10,Rajasthan,Jaisalmer,56.44,13.04,231.0
152,2013,10,Rajasthan,Jaisalmer,88.81,8.68,98.0
152,2014,10,Rajasthan,Jaisalmer,71.53,5.02,70.0
152,2015,10,Rajasthan,Jaisalmer,93.0,26.28,283.0
152,2016,10,Rajasthan,Jaisalmer,98.69,8.66,88.0
152,2017,10,Rajasthan,Jaisalmer,105.07,13.74,131.0
152,2018,10,Rajasthan,Jaisalmer,125.84,16.17,129.0
152,2019,10,Rajasthan,Jaisalmer,123.03,26.1,212.0
153,1990,10,Rajasthan,Jalore,339.35,200.39,591.0
153,1991,10,Rajasthan,Jalore,349.15,26.51,76.0
153,1992,10,Rajasthan,Jalore,305.14,87.01,285.0
153,1993,10,Rajasthan,Jalore,252.32,12.97,51.0
153,1994,10,Rajasthan,Jalore,321.59,156.41,486.0
153,1995,10,Rajasthan,Jalore,247.7,32.55,131.0
153,1996,10,Rajasthan,Jalore,303.99,102.06,336.0
153,1997,10,Rajasthan,Jalore,328.4,161.39,491.0
153,1998,10,Rajasthan,Jalore,207.03,22.99,111.0
153,1999,10,Rajasthan,Jalore,253.82,6.13,24.0
153,2000,10,Rajasthan,Jalore,342.77,107.13,313.0
153,2001,10,Rajasthan,Jalore,366.43,205.23,560.0
153,2002,10,Rajasthan,Jalore,361.93,57.27,158.0
153,2003,10,Rajasthan,Jalore,401.93,505.9,1259.0
153,2004,10,Rajasthan,Jalore,365.8,149.17,408.0
153,2005,10,Rajasthan,Jalore,352.47,152.78,433.0
153,2006,10,Rajasthan,Jalore,358.46,297.8,831.0
153,2007,10,Rajasthan,Jalore,328.33,238.89,728.0
153,2008,10,Rajasthan,Jalore,332.53,138.98,418.0
153,2009,10,Rajasthan,Jalore,328.1,16.31,50.0
153,2010,10,Rajasthan,Jalore,348.45,346.03,993.0
153,2011,10,Rajasthan,Jalore,325.05,496.04,1526.0
153,2012,10,Rajasthan,Jalore,307.11,376.63,1226.0
153,2013,10,Rajasthan,Jalore,332.21,157.73,475.0
153,2014,10,Rajasthan,Jalore,305.35,252.96,828.0
153,2015,10,Rajasthan,Jalore,292.17,103.42,354.0
153,2016,10,Rajasthan,Jalore,306.85,124.5,406.0
153,2017,10,Rajasthan,Jalore,314.12,92.5,294.0
153,2018,10,Rajasthan,Jalore,330.81,50.32,152.0
153,2019,10,Rajasthan,Jalore,331.26,342.86,1035.0
154,1990,10,Rajasthan,Jhalawar,1.34,0.69,515.0
154,1991,10,Rajasthan,Jhalawar,1.08,0.25,231.0
154,1992,10,Rajasthan,Jhalawar,0.98,0.57,582.0
154,1993,10,Rajasthan,Jhalawar,0.55,0.16,291.0
154,1994,10,Rajasthan,Jhalawar,0.28,0.17,607.0
154,1995,10,Rajasthan,Jhalawar,0.16,0.05,313.0
154,1996,10,Rajasthan,Jhalawar,0.19,0.09,474.0
154,1997,10,Rajasthan,Jhalawar,0.14,0.07,500.0
154,1998,10,Rajasthan,Jhalawar,0.09,0.04,444.0
154,1999,10,Rajasthan,Jhalawar,0.04,0.01,250.0
154,2000,10,Rajasthan,Jhalawar,0.01,0.01,1000.0
154,2001,10,Rajasthan,Jhalawar,0.04,0.03,750.0
154,2002,10,Rajasthan,Jhalawar,0.08,0.02,250.0
154,2003,10,Rajasthan,Jhalawar,0.06,0.07,1167.0
154,2004,10,Rajasthan,Jhalawar,0.14,0.09,643.0
154,2005,10,Rajasthan,Jhalawar,0.04,0.02,500.0
154,2006,10,Rajasthan,Jhalawar,0.02,0.02,1000.0
154,2008,10,Rajasthan,Jhalawar,0.01,0.01,1000.0
154,2010,10,Rajasthan,Jhalawar,0.01,0.01,1000.0
154,2011,10,Rajasthan,Jhalawar,0.01,0.01,1000.0
154,2012,10,Rajasthan,Jhalawar,0.02,0.02,1000.0
154,2013,10,Rajasthan,Jhalawar,0.01,0.01,1000.0
154,2014,10,Rajasthan,Jhalawar,0.03,0.03,1000.0
154,2015,10,Rajasthan,Jhalawar,0.01,0.01,1000.0
154,2016,10,Rajasthan,Jhalawar,0.03,0.03,1000.0
154,2017,10,Rajasthan,Jhalawar,0.01,0.01,909.0
154,2018,10,Rajasthan,Jhalawar,0.01,0.01,889.0
155,1990,10,Rajasthan,Jhunjhunu,248.88,116.81,469.0
155,1991,10,Rajasthan,Jhunjhunu,256.37,82.19,321.0
155,1992,10,Rajasthan,Jhunjhunu,257.05,224.85,875.0
155,1993,10,Rajasthan,Jhunjhunu,222.18,108.14,487.0
155,1994,10,Rajasthan,Jhunjhunu,247.0,92.13,373.0
155,1995,10,Rajasthan,Jhunjhunu,237.75,94.79,399.0
155,1996,10,Rajasthan,Jhunjhunu,246.65,122.65,497.0
155,1997,10,Rajasthan,Jhunjhunu,243.69,116.46,478.0
155,1998,10,Rajasthan,Jhunjhunu,247.22,225.38,912.0
155,1999,10,Rajasthan,Jhunjhunu,250.71,57.91,231.0
155,2000,10,Rajasthan,Jhunjhunu,276.95,147.53,533.0
155,2001,10,Rajasthan,Jhunjhunu,279.79,290.0,1036.0
155,2002,10,Rajasthan,Jhunjhunu,174.74,20.63,118.0
155,2003,10,Rajasthan,Jhunjhunu,291.97,409.95,1404.0
155,2004,10,Rajasthan,Jhunjhunu,266.33,206.62,776.0
155,2005,10,Rajasthan,Jhunjhunu,274.02,133.04,486.0
155,2006,10,Rajasthan,Jhunjhunu,283.73,231.1,815.0
155,2007,10,Rajasthan,Jhunjhunu,285.74,243.82,853.0
155,2008,10,Rajasthan,Jhunjhunu,279.82,329.62,1178.0
155,2009,10,Rajasthan,Jhunjhunu,263.7,108.4,411.0
155,2010,10,Rajasthan,Jhunjhunu,286.1,498.47,1742.0
155,2011,10,Rajasthan,Jhunjhunu,277.06,491.61,1774.0
155,2012,10,Rajasthan,Jhunjhunu,224.86,243.92,1085.0
155,2013,10,Rajasthan,Jhunjhunu,240.21,294.0,1224.0
155,2014,10,Rajasthan,Jhunjhunu,228.59,308.41,1349.0
155,2015,10,Rajasthan,Jhunjhunu,220.33,219.94,998.0
155,2016,10,Rajasthan,Jhunjhunu,222.79,327.99,1472.0
155,2017,10,Rajasthan,Jhunjhunu,219.33,229.12,1045.0
155,2018,10,Rajasthan,Jhunjhunu,212.17,309.62,1459.0
155,2019,10,Rajasthan,Jhunjhunu,205.06,283.58,1383.0
156,1990,10,Rajasthan,Jodhpur,655.62,253.62,387.0
156,1991,10,Rajasthan,Jodhpur,573.95,83.19,145.0
156,1992,10,Rajasthan,Jodhpur,684.81,328.74,480.0
156,1993,10,Rajasthan,Jodhpur,591.14,39.98,68.0
156,1994,10,Rajasthan,Jodhpur,705.79,377.18,534.0
156,1995,10,Rajasthan,Jodhpur,614.76,89.46,146.0
156,1996,10,Rajasthan,Jodhpur,626.12,230.1,368.0
156,1997,10,Rajasthan,Jodhpur,616.18,239.4,389.0
156,1998,10,Rajasthan,Jodhpur,511.29,13.29,26.0
156,1999,10,Rajasthan,Jodhpur,480.49,36.54,76.0
156,2000,10,Rajasthan,Jodhpur,536.59,65.97,123.0
156,2001,10,Rajasthan,Jodhpur,652.07,444.58,682.0
156,2002,10,Rajasthan,Jodhpur,45.06,31.63,702.0
156,2003,10,Rajasthan,Jodhpur,709.27,826.82,1166.0
156,2004,10,Rajasthan,Jodhpur,564.28,166.32,295.0
156,2005,10,Rajasthan,Jodhpur,603.52,95.37,158.0
156,2006,10,Rajasthan,Jodhpur,509.54,118.63,233.0
156,2007,10,Rajasthan,Jodhpur,590.86,376.38,637.0
156,2008,10,Rajasthan,Jodhpur,608.85,247.5,407.0
156,2009,10,Rajasthan,Jodhpur,574.82,20.23,35.0
156,2010,10,Rajasthan,Jodhpur,635.17,621.32,978.0
156,2011,10,Rajasthan,Jodhpur,578.62,667.59,1154.0
156,2012,10,Rajasthan,Jodhpur,418.2,227.86,545.0
156,2013,10,Rajasthan,Jodhpur,491.43,245.09,499.0
156,2014,10,Rajasthan,Jodhpur,426.93,476.69,1117.0
156,2015,10,Rajasthan,Jodhpur,403.92,257.66,638.0
156,2016,10,Rajasthan,Jodhpur,417.35,329.98,791.0
156,2017,10,Rajasthan,Jodhpur,421.94,420.02,995.0
156,2018,10,Rajasthan,Jodhpur,374.44,234.59,626.0
156,2019,10,Rajasthan,Jodhpur,386.8,386.8,1000.0
157,1990,10,Rajasthan,Kota,3.43,0.02,6.0
157,1992,10,Rajasthan,Kota,0.05,0.03,600.0
157,1995,10,Rajasthan,Kota,0.19,0.06,316.0
157,1999,10,Rajasthan,Kota,0.17,0.06,353.0
157,2000,10,Rajasthan,Kota,0.03,0.02,667.0
157,2001,10,Rajasthan,Kota,0.08,0.06,750.0
157,2003,10,Rajasthan,Kota,0.23,0.26,1130.0
157,2004,10,Rajasthan,Kota,0.03,0.02,667.0
157,2005,10,Rajasthan,Kota,0.05,0.02,400.0
157,2006,10,Rajasthan,Kota,0.02,0.01,500.0
157,2007,10,Rajasthan,Kota,0.08,0.06,750.0
157,2008,10,Rajasthan,Kota,0.05,0.04,800.0
157,2009,10,Rajasthan,Kota,0.08,0.03,375.0
157,2010,10,Rajasthan,Kota,0.07,0.08,1143.0
157,2011,10,Rajasthan,Kota,0.08,0.1,1250.0
157,2012,10,Rajasthan,Kota,0.08,0.08,1000.0
157,2013,10,Rajasthan,Kota,0.07,0.07,1000.0
157,2014,10,Rajasthan,Kota,0.05,0.06,1200.0
157,2015,10,Rajasthan,Kota,0.05,0.04,800.0
157,2016,10,Rajasthan,Kota,0.08,0.08,1000.0
157,2017,10,Rajasthan,Kota,0.04,0.04,875.0
157,2018,10,Rajasthan,Kota,0.03,0.03,879.0
157,2019,10,Rajasthan,Kota,0.03,0.04,1176.0
158,1990,10,Rajasthan,Nagaur,528.72,387.9,734.0
158,1991,10,Rajasthan,Nagaur,466.64,150.4,322.0
158,1992,10,Rajasthan,Nagaur,513.26,295.62,576.0
158,1993,10,Rajasthan,Nagaur,492.37,194.29,395.0
158,1994,10,Rajasthan,Nagaur,564.47,313.93,556.0
158,1995,10,Rajasthan,Nagaur,439.67,156.39,356.0
158,1996,10,Rajasthan,Nagaur,500.86,320.48,640.0
158,1997,10,Rajasthan,Nagaur,459.11,273.85,596.0
158,1998,10,Rajasthan,Nagaur,450.81,191.61,425.0
158,1999,10,Rajasthan,Nagaur,392.06,133.81,341.0
158,2000,10,Rajasthan,Nagaur,430.21,241.39,561.0
158,2001,10,Rajasthan,Nagaur,472.04,391.6,830.0
158,2002,10,Rajasthan,Nagaur,240.9,47.44,197.0
158,2003,10,Rajasthan,Nagaur,561.04,683.08,1218.0
158,2004,10,Rajasthan,Nagaur,436.48,379.93,870.0
158,2005,10,Rajasthan,Nagaur,464.88,235.47,507.0
158,2006,10,Rajasthan,Nagaur,461.78,344.15,745.0
158,2007,10,Rajasthan,Nagaur,477.64,421.35,882.0
158,2008,10,Rajasthan,Nagaur,492.28,488.58,992.0
158,2009,10,Rajasthan,Nagaur,469.99,164.89,351.0
158,2010,10,Rajasthan,Nagaur,517.84,744.63,1438.0
158,2011,10,Rajasthan,Nagaur,477.58,604.93,1267.0
158,2012,10,Rajasthan,Nagaur,356.98,105.24,295.0
158,2013,10,Rajasthan,Nagaur,422.34,361.93,857.0
158,2014,10,Rajasthan,Nagaur,373.73,339.7,909.0
158,2015,10,Rajasthan,Nagaur,353.03,246.44,698.0
158,2016,10,Rajasthan,Nagaur,344.53,363.99,1056.0
158,2017,10,Rajasthan,Nagaur,307.54,281.7,916.0
158,2018,10,Rajasthan,Nagaur,303.69,309.39,1019.0
158,2019,10,Rajasthan,Nagaur,299.72,295.28,985.0
159,1990,10,Rajasthan,Pali,134.74,68.52,509.0
159,1991,10,Rajasthan,Pali,125.68,16.47,131.0
159,1992,10,Rajasthan,Pali,117.67,52.37,445.0
159,1993,10,Rajasthan,Pali,105.16,4.11,39.0
159,1994,10,Rajasthan,Pali,112.94,34.85,309.0
159,1995,10,Rajasthan,Pali,75.3,4.5,60.0
159,1996,10,Rajasthan,Pali,101.14,46.91,464.0
159,1997,10,Rajasthan,Pali,100.35,54.29,541.0
159,1998,10,Rajasthan,Pali,92.11,2.38,26.0
159,1999,10,Rajasthan,Pali,98.25,6.64,68.0
159,2000,10,Rajasthan,Pali,98.15,20.2,206.0
159,2001,10,Rajasthan,Pali,104.92,57.81,551.0
159,2003,10,Rajasthan,Pali,129.44,97.52,753.0
159,2004,10,Rajasthan,Pali,97.93,65.49,669.0
159,2005,10,Rajasthan,Pali,97.75,34.96,358.0
159,2006,10,Rajasthan,Pali,96.22,66.07,687.0
159,2007,10,Rajasthan,Pali,85.79,66.29,773.0
159,2008,10,Rajasthan,Pali,85.9,50.31,586.0
159,2009,10,Rajasthan,Pali,79.41,0.6,8.0
159,2010,10,Rajasthan,Pali,94.6,99.25,1049.0
159,2011,10,Rajasthan,Pali,73.8,61.81,838.0
159,2012,10,Rajasthan,Pali,64.88,42.78,659.0
159,2013,10,Rajasthan,Pali,67.91,37.93,559.0
159,2014,10,Rajasthan,Pali,53.76,33.04,615.0
159,2015,10,Rajasthan,Pali,46.93,34.87,743.0
159,2016,10,Rajasthan,Pali,38.28,28.8,752.0
159,2017,10,Rajasthan,Pali,35.42,15.81,446.0
159,2018,10,Rajasthan,Pali,34.3,39.83,1161.0
159,2019,10,Rajasthan,Pali,30.33,27.07,893.0
160,1990,10,Rajasthan,Swami Madhopur,180.38,190.97,1059.0
160,1991,10,Rajasthan,Swami Madhopur,142.41,61.78,434.0
160,1992,10,Rajasthan,Swami Madhopur,130.55,115.67,886.0
160,1993,10,Rajasthan,Swami Madhopur,115.91,71.32,615.0
160,1994,10,Rajasthan,Swami Madhopur,119.35,129.02,1081.0
160,1995,10,Rajasthan,Swami Madhopur,114.18,94.0,823.0
160,1996,10,Rajasthan,Swami Madhopur,140.77,162.99,1158.0
160,1997,10,Rajasthan,Swami Madhopur,49.72,49.03,986.0
160,1998,10,Rajasthan,Swami Madhopur,43.46,51.16,1177.0
160,1999,10,Rajasthan,Swami Madhopur,39.44,43.53,1104.0
160,2000,10,Rajasthan,Swami Madhopur,61.11,52.12,853.0
160,2001,10,Rajasthan,Swami Madhopur,53.0,49.56,935.0
160,2002,10,Rajasthan,Swami Madhopur,58.97,21.19,359.0
160,2003,10,Rajasthan,Swami Madhopur,105.28,187.35,1780.0
160,2004,10,Rajasthan,Swami Madhopur,48.39,91.53,1892.0
160,2005,10,Rajasthan,Swami Madhopur,58.06,85.15,1467.0
160,2006,10,Rajasthan,Swami Madhopur,62.62,104.54,1669.0
160,2007,10,Rajasthan,Swami Madhopur,79.13,116.0,1466.0
160,2008,10,Rajasthan,Swami Madhopur,65.78,103.5,1573.0
160,2009,10,Rajasthan,Swami Madhopur,84.79,106.25,1253.0
160,2010,10,Rajasthan,Swami Madhopur,89.24,166.63,1867.0
160,2011,10,Rajasthan,Swami Madhopur,73.0,124.5,1705.0
160,2012,10,Rajasthan,Swami Madhopur,66.65,113.16,1698.0
160,2013,10,Rajasthan,Swami Madhopur,61.93,101.07,1632.0
160,2014,10,Rajasthan,Swami Madhopur,59.07,103.2,1747.0
160,2015,10,Rajasthan,Swami Madhopur,60.67,95.91,1581.0
160,2016,10,Rajasthan,Swami Madhopur,67.18,115.74,1723.0
160,2017,10,Rajasthan,Swami Madhopur,63.4,98.2,1549.0
160,2018,10,Rajasthan,Swami Madhopur,65.11,99.95,1535.0
160,2019,10,Rajasthan,Swami Madhopur,70.31,135.13,1922.0
161,1990,10,Rajasthan,Sikar,272.44,107.43,394.0
161,1991,10,Rajasthan,Sikar,267.27,78.34,293.0
161,1992,10,Rajasthan,Sikar,276.14,190.05,688.0
161,1993,10,Rajasthan,Sikar,256.14,82.27,321.0
161,1994,10,Rajasthan,Sikar,272.75,194.87,714.0
161,1995,10,Rajasthan,Sikar,237.23,107.6,454.0
161,1996,10,Rajasthan,Sikar,263.73,170.92,648.0
161,1997,10,Rajasthan,Sikar,260.35,145.8,560.0
161,1998,10,Rajasthan,Sikar,251.8,168.47,669.0
161,1999,10,Rajasthan,Sikar,255.5,149.42,585.0
161,2000,10,Rajasthan,Sikar,272.69,194.42,713.0
161,2001,10,Rajasthan,Sikar,285.74,306.47,1073.0
161,2002,10,Rajasthan,Sikar,214.23,61.31,286.0
161,2003,10,Rajasthan,Sikar,334.76,351.95,1051.0
161,2004,10,Rajasthan,Sikar,284.09,254.85,897.0
161,2005,10,Rajasthan,Sikar,284.98,144.62,507.0
161,2006,10,Rajasthan,Sikar,301.35,292.82,972.0
161,2007,10,Rajasthan,Sikar,294.53,260.71,885.0
161,2008,10,Rajasthan,Sikar,306.52,444.77,1451.0
161,2009,10,Rajasthan,Sikar,303.95,144.74,476.0
161,2010,10,Rajasthan,Sikar,328.95,431.34,1311.0
161,2011,10,Rajasthan,Sikar,308.52,474.43,1538.0
161,2012,10,Rajasthan,Sikar,283.82,350.93,1236.0
161,2013,10,Rajasthan,Sikar,288.59,384.22,1331.0
161,2014,10,Rajasthan,Sikar,282.2,407.84,1445.0
161,2015,10,Rajasthan,Sikar,272.76,247.45,907.0
161,2016,10,Rajasthan,Sikar,279.6,412.27,1475.0
161,2017,10,Rajasthan,Sikar,271.3,208.18,767.0
161,2018,10,Rajasthan,Sikar,266.37,243.9,916.0
161,2019,10,Rajasthan,Sikar,265.92,350.2,1317.0
162,1990,10,Rajasthan,Sirohi,29.83,15.31,513.0
162,1991,10,Rajasthan,Sirohi,24.79,5.78,233.0
162,1992,10,Rajasthan,Sirohi,26.59,15.38,578.0
162,1993,10,Rajasthan,Sirohi,22.2,6.58,296.0
162,1994,10,Rajasthan,Sirohi,21.27,12.89,606.0
162,1995,10,Rajasthan,Sirohi,16.23,5.17,319.0
162,1996,10,Rajasthan,Sirohi,11.62,5.71,491.0
162,1997,10,Rajasthan,Sirohi,19.35,10.33,534.0
162,1998,10,Rajasthan,Sirohi,15.33,6.6,431.0
162,1999,10,Rajasthan,Sirohi,13.79,4.71,342.0
162,2000,10,Rajasthan,Sirohi,17.18,7.58,441.0
162,2001,10,Rajasthan,Sirohi,22.63,16.85,745.0
162,2002,10,Rajasthan,Sirohi,21.77,4.86,223.0
162,2003,10,Rajasthan,Sirohi,29.45,33.47,1137.0
162,2004,10,Rajasthan,Sirohi,22.71,14.91,657.0
162,2005,10,Rajasthan,Sirohi,26.03,11.3,434.0
162,2006,10,Rajasthan,Sirohi,24.23,12.28,507.0
162,2007,10,Rajasthan,Sirohi,18.58,10.22,550.0
162,2008,10,Rajasthan,Sirohi,14.44,7.79,539.0
162,2009,10,Rajasthan,Sirohi,15.76,3.21,204.0
162,2010,10,Rajasthan,Sirohi,21.63,24.0,1110.0
162,2011,10,Rajasthan,Sirohi,17.74,12.37,697.0
162,2012,10,Rajasthan,Sirohi,13.62,16.53,1214.0
162,2013,10,Rajasthan,Sirohi,13.76,6.48,471.0
162,2014,10,Rajasthan,Sirohi,13.49,11.47,850.0
162,2015,10,Rajasthan,Sirohi,12.19,9.38,769.0
162,2016,10,Rajasthan,Sirohi,11.91,6.14,516.0
162,2017,10,Rajasthan,Sirohi,16.61,0.01,1.0
162,2018,10,Rajasthan,Sirohi,11.76,7.81,664.0
162,2019,10,Rajasthan,Sirohi,13.44,16.21,1207.0
163,1990,10,Rajasthan,Tonk,49.34,68.42,1387.0
163,1991,10,Rajasthan,Tonk,35.22,14.14,401.0
163,1992,10,Rajasthan,Tonk,42.51,51.02,1200.0
163,1993,10,Rajasthan,Tonk,30.77,11.83,384.0
163,1994,10,Rajasthan,Tonk,34.84,15.59,447.0
163,1995,10,Rajasthan,Tonk,28.06,15.43,550.0
163,1996,10,Rajasthan,Tonk,33.04,22.98,696.0
163,1997,10,Rajasthan,Tonk,31.1,21.99,707.0
163,1998,10,Rajasthan,Tonk,30.08,15.02,499.0
163,1999,10,Rajasthan,Tonk,24.61,12.01,488.0
163,2000,10,Rajasthan,Tonk,34.48,20.14,584.0
163,2001,10,Rajasthan,Tonk,39.82,27.39,688.0
163,2002,10,Rajasthan,Tonk,56.73,21.58,380.0
163,2003,10,Rajasthan,Tonk,93.58,135.49,1448.0
163,2004,10,Rajasthan,Tonk,45.19,53.71,1189.0
163,2005,10,Rajasthan,Tonk,52.69,31.03,589.0
163,2006,10,Rajasthan,Tonk,52.97,45.62,861.0
163,2007,10,Rajasthan,Tonk,63.22,78.0,1234.0
163,2008,10,Rajasthan,Tonk,53.48,74.51,1393.0
163,2009,10,Rajasthan,Tonk,67.77,35.81,528.0
163,2010,10,Rajasthan,Tonk,71.07,109.79,1545.0
163,2011,10,Rajasthan,Tonk,47.96,61.27,1278.0
163,2012,10,Rajasthan,Tonk,41.91,53.0,1265.0
163,2013,10,Rajasthan,Tonk,40.76,53.4,1310.0
163,2014,10,Rajasthan,Tonk,41.91,61.08,1457.0
163,2015,10,Rajasthan,Tonk,44.99,49.99,1111.0
163,2016,10,Rajasthan,Tonk,44.64,65.12,1459.0
163,2017,10,Rajasthan,Tonk,41.81,63.86,1528.0
163,2018,10,Rajasthan,Tonk,43.47,62.66,1441.0
163,2019,10,Rajasthan,Tonk,51.47,67.35,1309.0
164,1990,10,Rajasthan,Udaipur,0.72,0.03,42.0
164,1991,10,Rajasthan,Udaipur,0.06,0.01,167.0
164,1992,10,Rajasthan,Udaipur,0.02,0.01,500.0
164,1993,10,Rajasthan,Udaipur,0.03,0.01,333.0
164,1994,10,Rajasthan,Udaipur,0.01,0.01,1000.0
164,1996,10,Rajasthan,Udaipur,0.03,0.01,333.0
164,1997,10,Rajasthan,Udaipur,0.02,0.01,500.0
164,1998,10,Rajasthan,Udaipur,0.05,0.02,400.0
164,1999,10,Rajasthan,Udaipur,0.03,0.01,333.0
164,2000,10,Rajasthan,Udaipur,0.04,0.02,500.0
164,2001,10,Rajasthan,Udaipur,0.04,0.03,750.0
164,2002,10,Rajasthan,Udaipur,0.06,0.01,167.0
164,2003,10,Rajasthan,Udaipur,0.11,0.12,1091.0
164,2004,10,Rajasthan,Udaipur,0.05,0.04,800.0
164,2005,10,Rajasthan,Udaipur,0.05,0.02,400.0
164,2006,10,Rajasthan,Udaipur,0.03,0.02,667.0
164,2007,10,Rajasthan,Udaipur,0.05,0.04,800.0
164,2008,10,Rajasthan,Udaipur,0.01,0.01,1000.0
164,2009,10,Rajasthan,Udaipur,0.08,0.03,375.0
164,2010,10,Rajasthan,Udaipur,0.02,0.02,1000.0
164,2011,10,Rajasthan,Udaipur,0.02,0.02,1000.0
164,2012,10,Rajasthan,Udaipur,0.01,0.01,1000.0
164,2013,10,Rajasthan,Udaipur,0.16,0.15,938.0
164,2014,10,Rajasthan,Udaipur,0.01,0.01,1000.0
164,2015,10,Rajasthan,Udaipur,0.03,0.02,667.0
164,2016,10,Rajasthan,Udaipur,0.02,0.02,1000.0
164,2017,10,Rajasthan,Udaipur,0.04,0.03,895.0
164,2018,10,Rajasthan,Udaipur,0.04,0.03,889.0
164,2019,10,Rajasthan,Udaipur,0.05,0.06,1180.0
165,2005,9,Punjab,Gurdaspur,1.0,1.0,1000.0
166,1990,9,Punjab,Amritsar,0.5,0.6,1200.0
166,1991,9,Punjab,Amritsar,1.0,1.0,1000.0
166,1993,9,Punjab,Amritsar,1.4,1.7,1214.0
166,1995,9,Punjab,Amritsar,0.2,0.2,1000.0
166,1997,9,Punjab,Amritsar,1.0,1.0,1000.0
166,1999,9,Punjab,Amritsar,0.3,0.2,667.0
166,2001,9,Punjab,Amritsar,0.2,0.2,1000.0
166,2008,9,Punjab,Amritsar,1.0,1.0,1000.0
166,2011,9,Punjab,Amritsar,1.0,1.0,1000.0
167,1995,9,Punjab,Kapurthala,1.0,1.0,1000.0
167,2011,9,Punjab,Kapurthala,1.0,1.0,1000.0
168,1993,9,Punjab,Jalandhar,0.5,0.6,1200.0
169,1990,9,Punjab,Hoshiarpur,0.6,0.7,1167.0
169,1991,9,Punjab,Hoshiarpur,0.4,0.4,1000.0
169,1992,9,Punjab,Hoshiarpur,0.6,0.6,1000.0
169,1993,9,Punjab,Hoshiarpur,0.6,0.7,1167.0
169,1994,9,Punjab,Hoshiarpur,0.8,1.0,1250.0
169,1995,9,Punjab,Hoshiarpur,0.1,0.1,1000.0
169,1997,9,Punjab,Hoshiarpur,4.0,4.0,1000.0
170,2001,9,Punjab,Roopnagar,0.8,0.7,875.0
170,2002,9,Punjab,Roopnagar,1.3,1.1,846.0
170,2003,9,Punjab,Roopnagar,1.2,1.2,1000.0
170,2004,9,Punjab,Roopnagar,1.0,1.0,1000.0
170,2018,9,Punjab,Roopnagar,0.4,0.2,500.0
171,2013,9,Punjab,Ludhiana,0.3,0.3,1000.0
172,1990,9,Punjab,Ferozpur,1.5,1.4,933.0
172,1991,9,Punjab,Ferozpur,1.5,1.6,1067.0
172,1992,9,Punjab,Ferozpur,0.9,0.9,1000.0
172,1993,9,Punjab,Ferozpur,1.1,1.3,1182.0
172,1994,9,Punjab,Ferozpur,1.0,1.0,1000.0
172,1995,9,Punjab,Ferozpur,1.3,1.4,1077.0
172,1999,9,Punjab,Ferozpur,0.1,0.1,1000.0
172,2001,9,Punjab,Ferozpur,0.3,0.3,1000.0
172,2002,9,Punjab,Ferozpur,0.4,0.3,750.0
172,2003,9,Punjab,Ferozpur,0.2,0.2,1000.0
172,2010,9,Punjab,Ferozpur,1.0,1.0,1000.0
173,1990,9,Punjab,Faridkot,1.9,2.3,1211.0
173,1991,9,Punjab,Faridkot,1.5,1.7,1133.0
173,1992,9,Punjab,Faridkot,0.7,0.7,1000.0
173,1993,9,Punjab,Faridkot,1.0,1.2,1200.0
173,2001,9,Punjab,Faridkot,0.2,0.2,1000.0
173,2002,9,Punjab,Faridkot,0.1,0.1,1000.0
173,2003,9,Punjab,Faridkot,0.1,0.1,1000.0
174,1990,9,Punjab,Bhatinda,3.0,3.1,1033.0
174,1991,9,Punjab,Bhatinda,1.9,1.2,632.0
174,1992,9,Punjab,Bhatinda,1.2,2.1,1750.0
174,1993,9,Punjab,Bhatinda,1.4,1.4,1000.0
174,1994,9,Punjab,Bhatinda,0.7,1.0,1429.0
174,1996,9,Punjab,Bhatinda,0.5,0.5,1000.0
174,1997,9,Punjab,Bhatinda,1.0,1.0,1000.0
174,1998,9,Punjab,Bhatinda,0.3,0.3,1000.0
174,1999,9,Punjab,Bhatinda,0.5,0.3,600.0
174,2000,9,Punjab,Bhatinda,1.0,0.9,900.0
174,2001,9,Punjab,Bhatinda,0.5,0.4,800.0
174,2002,9,Punjab,Bhatinda,0.7,0.6,857.0
174,2003,9,Punjab,Bhatinda,1.2,1.1,917.0
174,2004,9,Punjab,Bhatinda,1.0,1.0,1000.0
174,2005,9,Punjab,Bhatinda,1.0,1.0,1000.0
174,2006,9,Punjab,Bhatinda,1.0,1.0,1000.0
174,2007,9,Punjab,Bhatinda,1.0,1.0,1000.0
174,2013,9,Punjab,Bhatinda,0.1,0.1,1000.0
174,2016,9,Punjab,Bhatinda,0.2,0.1,500.0
174,2017,9,Punjab,Bhatinda,0.1,0.1,1000.0
174,2018,9,Punjab,Bhatinda,0.1,0.1,1000.0
175,1990,9,Punjab,Sangrur,2.3,2.8,1217.0
175,1991,9,Punjab,Sangrur,2.0,3.0,1500.0
175,1992,9,Punjab,Sangrur,2.1,2.3,1095.0
175,1993,9,Punjab,Sangrur,2.2,2.6,1182.0
175,1994,9,Punjab,Sangrur,4.0,5.0,1250.0
175,1995,9,Punjab,Sangrur,2.5,2.8,1120.0
175,1996,9,Punjab,Sangrur,2.2,2.0,909.0
175,1997,9,Punjab,Sangrur,2.0,3.0,1500.0
175,1998,9,Punjab,Sangrur,1.8,2.2,1222.0
175,1999,9,Punjab,Sangrur,1.8,1.4,778.0
175,2000,9,Punjab,Sangrur,2.0,2.0,1000.0
175,2001,9,Punjab,Sangrur,2.1,2.0,952.0
175,2002,9,Punjab,Sangrur,1.7,1.4,824.0
175,2003,9,Punjab,Sangrur,2.3,2.3,1000.0
175,2004,9,Punjab,Sangrur,2.0,2.0,1000.0
175,2005,9,Punjab,Sangrur,2.0,2.0,1000.0
175,2006,9,Punjab,Sangrur,1.0,1.0,1000.0
175,2007,9,Punjab,Sangrur,1.0,1.0,1000.0
175,2008,9,Punjab,Sangrur,1.0,1.0,1000.0
175,2009,9,Punjab,Sangrur,1.0,2.0,2000.0
175,2010,9,Punjab,Sangrur,1.0,1.0,1000.0
175,2013,9,Punjab,Sangrur,0.1,0.1,1000.0
175,2017,9,Punjab,Sangrur,0.2,0.1,500.0
175,2018,9,Punjab,Sangrur,0.1,0.1,1000.0
176,1990,9,Punjab,Patiala,1.4,1.6,1143.0
176,1991,9,Punjab,Patiala,1.0,1.1,1100.0
176,1992,9,Punjab,Patiala,0.5,0.5,1000.0
176,1993,9,Punjab,Patiala,0.4,0.5,1250.0
176,1994,9,Punjab,Patiala,0.8,1.0,1250.0
176,2002,9,Punjab,Patiala,0.2,0.2,1000.0
177,1990,4,Haryana,Hissar,74.5,89.0,1195.0
177,1991,4,Haryana,Hissar,79.1,56.0,708.0
177,1992,4,Haryana,Hissar,103.1,151.0,1465.0
177,1993,4,Haryana,Hissar,82.7,75.0,907.0
177,1994,4,Haryana,Hissar,84.7,123.0,1452.0
177,1995,4,Haryana,Hissar,84.6,81.0,957.0
177,1996,4,Haryana,Hissar,68.4,108.0,1579.0
177,1997,4,Haryana,Hissar,61.6,109.0,1769.0
177,1998,4,Haryana,Hissar,65.0,90.0,1385.0
177,1999,4,Haryana,Hissar,59.6,91.0,1527.0
177,2000,4,Haryana,Hissar,58.0,74.0,1276.0
177,2001,4,Haryana,Hissar,63.5,96.0,1512.0
177,2002,4,Haryana,Hissar,70.5,88.0,1248.0
177,2003,4,Haryana,Hissar,72.3,133.0,1840.0
177,2004,4,Haryana,Hissar,61.91,102.0,1648.0
177,2005,4,Haryana,Hissar,58.6,102.0,1741.0
177,2006,4,Haryana,Hissar,63.8,147.0,2304.0
177,2007,4,Haryana,Hissar,63.0,146.0,2317.0
177,2008,4,Haryana,Hissar,60.2,134.0,2226.0
177,2009,4,Haryana,Hissar,45.7,92.0,2013.0
177,2010,4,Haryana,Hissar,56.8,127.0,2236.0
177,2011,4,Haryana,Hissar,44.9,99.0,2205.0
177,2012,4,Haryana,Hissar,28.42,60.0,2111.0
177,2013,4,Haryana,Hissar,21.0,41.0,1952.0
177,2014,4,Haryana,Hissar,21.0,33.0,1571.0
177,2015,4,Haryana,Hissar,24.2,39.0,1612.0
177,2016,4,Haryana,Hissar,44.1,84.0,1905.0
177,2017,4,Haryana,Hissar,33.2,59.0,1777.0
177,2018,4,Haryana,Hissar,27.0,54.0,2000.0
177,2019,4,Haryana,Hissar,27.1,53.9,1989.0
178,1990,4,Haryana,Sirsa,8.3,8.0,964.0
178,1991,4,Haryana,Sirsa,3.6,2.0,556.0
178,1992,4,Haryana,Sirsa,7.2,8.0,1111.0
178,1993,4,Haryana,Sirsa,6.0,3.0,500.0
178,1994,4,Haryana,Sirsa,6.2,6.0,968.0
178,1995,4,Haryana,Sirsa,5.3,5.0,943.0
178,1996,4,Haryana,Sirsa,4.7,5.0,1064.0
178,1997,4,Haryana,Sirsa,4.3,4.0,930.0
178,1998,4,Haryana,Sirsa,5.0,6.0,1200.0
178,1999,4,Haryana,Sirsa,2.9,4.0,1379.0
178,2000,4,Haryana,Sirsa,2.9,3.0,1034.0
178,2001,4,Haryana,Sirsa,3.4,5.0,1471.0
178,2002,4,Haryana,Sirsa,5.9,5.0,847.0
178,2003,4,Haryana,Sirsa,8.2,15.0,1829.0
178,2004,4,Haryana,Sirsa,5.79,8.0,1382.0
178,2005,4,Haryana,Sirsa,4.9,8.0,1633.0
178,2006,4,Haryana,Sirsa,4.8,9.0,1875.0
178,2007,4,Haryana,Sirsa,5.7,12.0,2105.0
178,2008,4,Haryana,Sirsa,4.9,10.0,2041.0
178,2009,4,Haryana,Sirsa,3.0,6.0,2000.0
178,2010,4,Haryana,Sirsa,5.5,19.0,3455.0
178,2011,4,Haryana,Sirsa,3.9,9.0,2308.0
178,2012,4,Haryana,Sirsa,1.67,3.0,1796.0
178,2013,4,Haryana,Sirsa,2.0,3.0,1500.0
178,2014,4,Haryana,Sirsa,1.0,2.0,2000.0
178,2015,4,Haryana,Sirsa,0.9,1.0,1111.0
178,2016,4,Haryana,Sirsa,4.1,9.0,2195.0
178,2017,4,Haryana,Sirsa,3.2,5.0,1563.0
178,2018,4,Haryana,Sirsa,4.0,11.0,2750.0
178,2019,4,Haryana,Sirsa,5.4,15.2,2815.0
179,1990,4,Haryana,Bhiwani,184.3,113.0,613.0
179,1991,4,Haryana,Bhiwani,168.5,78.0,463.0
179,1992,4,Haryana,Bhiwani,175.2,164.0,936.0
179,1993,4,Haryana,Bhiwani,135.0,48.0,356.0
179,1994,4,Haryana,Bhiwani,158.4,181.0,1143.0
179,1995,4,Haryana,Bhiwani,166.2,112.0,674.0
179,1996,4,Haryana,Bhiwani,190.2,188.0,988.0
179,1997,4,Haryana,Bhiwani,187.1,153.0,818.0
179,1998,4,Haryana,Bhiwani,203.0,132.0,650.0
179,1999,4,Haryana,Bhiwani,196.4,153.0,779.0
179,2000,4,Haryana,Bhiwani,200.6,156.0,778.0
179,2001,4,Haryana,Bhiwani,178.7,243.0,1360.0
179,2002,4,Haryana,Bhiwani,180.3,118.0,654.0
179,2003,4,Haryana,Bhiwani,184.2,243.0,1319.0
179,2004,4,Haryana,Bhiwani,181.57,188.0,1035.0
179,2005,4,Haryana,Bhiwani,222.5,153.0,688.0
179,2006,4,Haryana,Bhiwani,184.7,248.0,1343.0
179,2007,4,Haryana,Bhiwani,176.0,263.0,1494.0
179,2008,4,Haryana,Bhiwani,174.6,242.0,1386.0
179,2009,4,Haryana,Bhiwani,172.1,181.0,1052.0
179,2010,4,Haryana,Bhiwani,200.0,326.0,1630.0
179,2011,4,Haryana,Bhiwani,170.9,298.0,1744.0
179,2012,4,Haryana,Bhiwani,88.74,123.0,1386.0
179,2013,4,Haryana,Bhiwani,87.0,139.0,1598.0
179,2014,4,Haryana,Bhiwani,83.0,113.0,1361.0
179,2015,4,Haryana,Bhiwani,52.0,68.0,1308.0
179,2016,4,Haryana,Bhiwani,110.8,189.0,1706.0
179,2017,4,Haryana,Bhiwani,60.6,75.0,1238.0
179,2018,4,Haryana,Bhiwani,58.0,84.0,1448.0
179,2019,4,Haryana,Bhiwani,80.8,132.8,1644.0
180,1990,4,Haryana,Gurgaon,54.0,54.0,1000.0
180,1991,4,Haryana,Gurgaon,49.8,33.0,663.0
180,1992,4,Haryana,Gurgaon,59.7,68.0,1139.0
180,1993,4,Haryana,Gurgaon,47.7,32.0,671.0
180,1994,4,Haryana,Gurgaon,50.0,41.0,820.0
180,1995,4,Haryana,Gurgaon,55.8,37.0,663.0
180,1996,4,Haryana,Gurgaon,50.1,41.0,818.0
180,1997,4,Haryana,Gurgaon,52.2,58.0,1111.0
180,1998,4,Haryana,Gurgaon,55.0,59.0,1073.0
180,1999,4,Haryana,Gurgaon,59.1,65.0,1100.0
180,2000,4,Haryana,Gurgaon,64.7,78.0,1206.0
180,2001,4,Haryana,Gurgaon,55.4,80.0,1444.0
180,2002,4,Haryana,Gurgaon,44.0,43.0,977.0
180,2003,4,Haryana,Gurgaon,55.4,83.0,1498.0
180,2004,4,Haryana,Gurgaon,51.84,67.0,1292.0
180,2005,4,Haryana,Gurgaon,32.6,35.0,1074.0
180,2006,4,Haryana,Gurgaon,32.8,60.0,1829.0
180,2007,4,Haryana,Gurgaon,33.7,62.0,1840.0
180,2008,4,Haryana,Gurgaon,33.7,67.0,1988.0
180,2009,4,Haryana,Gurgaon,34.2,63.0,1842.0
180,2010,4,Haryana,Gurgaon,34.0,65.0,1912.0
180,2011,4,Haryana,Gurgaon,31.5,71.0,2254.0
180,2012,4,Haryana,Gurgaon,30.49,69.0,2263.0
180,2013,4,Haryana,Gurgaon,32.0,66.0,2063.0
180,2014,4,Haryana,Gurgaon,31.0,56.0,1806.0
180,2015,4,Haryana,Gurgaon,32.0,61.0,1906.0
180,2016,4,Haryana,Gurgaon,31.3,59.0,1885.0
180,2017,4,Haryana,Gurgaon,31.7,61.0,1924.0
180,2018,4,Haryana,Gurgaon,32.0,75.0,2344.0
180,2019,4,Haryana,Gurgaon,31.3,86.8,2773.0
181,1990,4,Haryana,Jind,46.7,41.0,878.0
181,1991,4,Haryana,Jind,38.9,36.0,925.0
181,1992,4,Haryana,Jind,40.6,59.0,1453.0
181,1993,4,Haryana,Jind,35.9,43.0,1198.0
181,1994,4,Haryana,Jind,39.1,59.0,1509.0
181,1995,4,Haryana,Jind,37.2,25.0,672.0
181,1996,4,Haryana,Jind,36.0,56.0,1556.0
181,1997,4,Haryana,Jind,39.4,56.0,1421.0
181,1998,4,Haryana,Jind,37.0,57.0,1541.0
181,1999,4,Haryana,Jind,34.4,47.0,1366.0
181,2000,4,Haryana,Jind,40.3,64.0,1588.0
181,2001,4,Haryana,Jind,38.7,53.0,1370.0
181,2002,4,Haryana,Jind,40.7,43.0,1057.0
181,2003,4,Haryana,Jind,46.0,84.0,1826.0
181,2004,4,Haryana,Jind,45.81,67.0,1463.0
181,2005,4,Haryana,Jind,46.8,88.0,1880.0
181,2006,4,Haryana,Jind,54.0,109.0,2019.0
181,2007,4,Haryana,Jind,55.7,130.0,2334.0
181,2008,4,Haryana,Jind,53.1,102.0,1921.0
181,2009,4,Haryana,Jind,44.9,79.0,1759.0
181,2010,4,Haryana,Jind,43.2,89.0,2060.0
181,2011,4,Haryana,Jind,28.3,58.0,2049.0
181,2012,4,Haryana,Jind,22.68,47.0,2072.0
181,2013,4,Haryana,Jind,15.0,34.0,2267.0
181,2014,4,Haryana,Jind,11.0,22.0,2000.0
181,2015,4,Haryana,Jind,12.0,22.0,1833.0
181,2016,4,Haryana,Jind,19.0,34.0,1789.0
181,2017,4,Haryana,Jind,13.9,24.0,1727.0
181,2018,4,Haryana,Jind,11.0,20.0,1818.0
181,2019,4,Haryana,Jind,7.9,16.4,2076.0
182,1990,4,Haryana,Mahendragarh,95.2,65.0,683.0
182,1991,4,Haryana,Mahendragarh,97.3,27.0,277.0
182,1992,4,Haryana,Mahendragarh,98.2,97.0,988.0
182,1993,4,Haryana,Mahendragarh,81.6,33.0,404.0
182,1994,4,Haryana,Mahendragarh,98.4,142.0,1443.0
182,1995,4,Haryana,Mahendragarh,86.3,70.0,811.0
182,1996,4,Haryana,Mahendragarh,86.3,109.0,1263.0
182,1997,4,Haryana,Mahendragarh,92.3,117.0,1268.0
182,1998,4,Haryana,Mahendragarh,96.0,106.0,1104.0
182,1999,4,Haryana,Mahendragarh,94.6,93.0,983.0
182,2000,4,Haryana,Mahendragarh,98.5,110.0,1117.0
182,2001,4,Haryana,Mahendragarh,103.4,154.0,1489.0
182,2002,4,Haryana,Mahendragarh,56.6,49.0,866.0
182,2003,4,Haryana,Mahendragarh,109.1,213.0,1952.0
182,2004,4,Haryana,Mahendragarh,85.08,102.0,1199.0
182,2005,4,Haryana,Mahendragarh,98.7,110.0,1114.0
182,2006,4,Haryana,Mahendragarh,101.0,158.0,1564.0
182,2007,4,Haryana,Mahendragarh,103.1,177.0,1717.0
182,2008,4,Haryana,Mahendragarh,102.9,182.0,1769.0
182,2009,4,Haryana,Mahendragarh,103.0,183.0,1777.0
182,2010,4,Haryana,Mahendragarh,111.7,200.0,1791.0
182,2011,4,Haryana,Mahendragarh,113.2,256.0,2261.0
182,2012,4,Haryana,Mahendragarh,90.74,198.0,2182.0
182,2013,4,Haryana,Mahendragarh,90.0,221.0,2456.0
182,2014,4,Haryana,Mahendragarh,93.0,156.0,1677.0
182,2015,4,Haryana,Mahendragarh,89.0,135.0,1517.0
182,2016,4,Haryana,Mahendragarh,99.3,228.0,2296.0
182,2017,4,Haryana,Mahendragarh,98.5,147.0,1492.0
182,2018,4,Haryana,Mahendragarh,99.0,204.0,2061.0
182,2019,4,Haryana,Mahendragarh,113.5,282.8,2492.0
183,1990,4,Haryana,Ambala,0.8,1.0,1250.0
183,1991,4,Haryana,Ambala,1.4,1.0,714.0
183,1992,4,Haryana,Ambala,1.6,2.0,1250.0
183,1993,4,Haryana,Ambala,1.9,1.0,526.0
183,1994,4,Haryana,Ambala,1.5,3.0,2000.0
183,1995,4,Haryana,Ambala,0.6,1.0,1667.0
183,1996,4,Haryana,Ambala,0.7,1.0,1429.0
183,1997,4,Haryana,Ambala,0.7,1.0,1429.0
183,2014,4,Haryana,Ambala,1.0,2.0,2000.0
183,2019,4,Haryana,Ambala,0.1,0.2,2000.0
184,1991,4,Haryana,Karnal,1.0,1.0,1000.0
184,1992,4,Haryana,Karnal,1.7,2.0,1176.0
184,1993,4,Haryana,Karnal,1.8,1.0,556.0
184,1994,4,Haryana,Karnal,1.7,3.0,1765.0
184,1995,4,Haryana,Karnal,1.5,1.0,667.0
184,1996,4,Haryana,Karnal,1.6,2.0,1250.0
184,1997,4,Haryana,Karnal,1.7,2.0,1176.0
184,1998,4,Haryana,Karnal,1.0,1.0,1000.0
184,1999,4,Haryana,Karnal,1.5,1.0,667.0
184,2000,4,Haryana,Karnal,2.8,3.0,1071.0
184,2001,4,Haryana,Karnal,1.3,1.0,769.0
184,2002,4,Haryana,Karnal,0.9,1.0,1111.0
184,2003,4,Haryana,Karnal,1.0,2.0,2000.0
184,2004,4,Haryana,Karnal,1.03,2.0,1942.0
184,2005,4,Haryana,Karnal,1.2,3.0,2500.0
184,2006,4,Haryana,Karnal,1.7,6.0,3529.0
184,2007,4,Haryana,Karnal,1.6,4.0,2500.0
184,2008,4,Haryana,Karnal,2.8,9.0,3214.0
184,2009,4,Haryana,Karnal,1.2,2.0,1667.0
184,2011,4,Haryana,Karnal,1.0,2.0,2000.0
184,2012,4,Haryana,Karnal,0.9,2.0,2222.0
184,2013,4,Haryana,Karnal,1.0,2.0,2000.0
184,2014,4,Haryana,Karnal,1.0,2.0,2000.0
184,2015,4,Haryana,Karnal,0.6,2.0,3333.0
184,2018,4,Haryana,Karnal,0.2,0.4,2000.0
184,2019,4,Haryana,Karnal,0.1,0.2,2000.0
186,1990,4,Haryana,Rohtak,48.1,47.0,977.0
186,1991,4,Haryana,Rohtak,32.1,22.0,685.0
186,1992,4,Haryana,Rohtak,44.0,53.0,1205.0
186,1993,4,Haryana,Rohtak,32.3,32.0,991.0
186,1994,4,Haryana,Rohtak,37.3,50.0,1340.0
186,1995,4,Haryana,Rohtak,51.3,20.0,390.0
186,1996,4,Haryana,Rohtak,41.1,42.0,1022.0
186,1997,4,Haryana,Rohtak,18.8,22.0,1170.0
186,1998,4,Haryana,Rohtak,19.0,21.0,1105.0
186,1999,4,Haryana,Rohtak,17.0,14.0,824.0
186,2000,4,Haryana,Rohtak,17.4,27.0,1552.0
186,2001,4,Haryana,Rohtak,17.2,22.0,1279.0
186,2002,4,Haryana,Rohtak,15.5,15.0,968.0
186,2003,4,Haryana,Rohtak,16.1,30.0,1863.0
186,2004,4,Haryana,Rohtak,13.95,25.0,1792.0
186,2005,4,Haryana,Rohtak,14.3,20.0,1399.0
186,2006,4,Haryana,Rohtak,17.4,36.0,2069.0
186,2007,4,Haryana,Rohtak,19.2,43.0,2240.0
186,2008,4,Haryana,Rohtak,20.7,37.0,1787.0
186,2009,4,Haryana,Rohtak,20.0,31.0,1550.0
186,2010,4,Haryana,Rohtak,22.8,32.0,1404.0
186,2011,4,Haryana,Rohtak,20.3,39.0,1921.0
186,2012,4,Haryana,Rohtak,16.55,29.0,1752.0
186,2013,4,Haryana,Rohtak,15.0,20.0,1333.0
186,2014,4,Haryana,Rohtak,13.0,22.0,1692.0
186,2015,4,Haryana,Rohtak,13.0,23.0,1769.0
186,2016,4,Haryana,Rohtak,12.9,25.0,1938.0
186,2017,4,Haryana,Rohtak,11.8,22.0,1864.0
186,2018,4,Haryana,Rohtak,8.0,18.0,2250.0
186,2019,4,Haryana,Rohtak,10.6,21.4,2019.0
187,1990,4,Haryana,Sonepat,3.4,4.0,1176.0
187,1991,4,Haryana,Sonepat,6.2,5.0,806.0
187,1992,4,Haryana,Sonepat,7.6,12.0,1579.0
187,1993,4,Haryana,Sonepat,6.2,5.0,806.0
187,1994,4,Haryana,Sonepat,7.6,8.0,1053.0
187,1995,4,Haryana,Sonepat,11.4,4.0,351.0
187,1996,4,Haryana,Sonepat,9.3,13.0,1398.0
187,1997,4,Haryana,Sonepat,8.9,13.0,1461.0
187,1998,4,Haryana,Sonepat,6.0,7.0,1167.0
187,1999,4,Haryana,Sonepat,6.7,7.0,1045.0
187,2000,4,Haryana,Sonepat,7.6,12.0,1579.0
187,2001,4,Haryana,Sonepat,7.7,11.0,1429.0
187,2002,4,Haryana,Sonepat,2.9,5.0,1724.0
187,2003,4,Haryana,Sonepat,6.9,11.0,1594.0
187,2004,4,Haryana,Sonepat,6.89,11.0,1597.0
187,2005,4,Haryana,Sonepat,7.0,11.0,1571.0
187,2006,4,Haryana,Sonepat,8.7,18.0,2069.0
187,2007,4,Haryana,Sonepat,10.6,20.0,1887.0
187,2008,4,Haryana,Sonepat,9.2,18.0,1957.0
187,2009,4,Haryana,Sonepat,12.5,27.0,2160.0
187,2010,4,Haryana,Sonepat,13.3,24.0,1805.0
187,2011,4,Haryana,Sonepat,11.4,25.0,2193.0
187,2012,4,Haryana,Sonepat,8.44,19.0,2251.0
187,2013,4,Haryana,Sonepat,8.0,18.0,2250.0
187,2014,4,Haryana,Sonepat,6.0,11.0,1833.0
187,2015,4,Haryana,Sonepat,6.1,13.0,2131.0
187,2016,4,Haryana,Sonepat,6.2,12.0,1935.0
187,2017,4,Haryana,Sonepat,5.9,8.0,1356.0
187,2018,4,Haryana,Sonepat,5.0,8.0,1600.0
187,2019,4,Haryana,Sonepat,6.7,17.2,2567.0
188,1990,4,Haryana,Faridabad,24.6,26.0,1057.0
188,1991,4,Haryana,Faridabad,16.2,12.0,741.0
188,1992,4,Haryana,Faridabad,25.8,38.0,1473.0
188,1993,4,Haryana,Faridabad,20.2,19.0,941.0
188,1994,4,Haryana,Faridabad,18.7,23.0,1230.0
188,1995,4,Haryana,Faridabad,18.6,18.0,968.0
188,1996,4,Haryana,Faridabad,18.1,20.0,1105.0
188,1997,4,Haryana,Faridabad,19.5,22.0,1128.0
188,1998,4,Haryana,Faridabad,16.0,16.0,1000.0
188,1999,4,Haryana,Faridabad,15.3,15.0,980.0
188,2000,4,Haryana,Faridabad,14.2,19.0,1338.0
188,2001,4,Haryana,Faridabad,13.1,19.0,1450.0
188,2002,4,Haryana,Faridabad,5.8,7.0,1207.0
188,2003,4,Haryana,Faridabad,10.2,14.0,1373.0
188,2004,4,Haryana,Faridabad,10.36,12.0,1158.0
188,2005,4,Haryana,Faridabad,8.7,13.0,1494.0
188,2006,4,Haryana,Faridabad,8.9,16.0,1798.0
188,2007,4,Haryana,Faridabad,9.7,17.0,1753.0
188,2008,4,Haryana,Faridabad,4.3,7.0,1628.0
188,2009,4,Haryana,Faridabad,3.7,6.0,1622.0
188,2010,4,Haryana,Faridabad,4.4,5.0,1136.0
188,2011,4,Haryana,Faridabad,3.9,6.0,1538.0
188,2012,4,Haryana,Faridabad,3.48,5.0,1437.0
188,2013,4,Haryana,Faridabad,4.0,7.0,1750.0
188,2014,4,Haryana,Faridabad,4.0,7.0,1750.0
188,2015,4,Haryana,Faridabad,3.0,5.0,1667.0
188,2016,4,Haryana,Faridabad,4.0,9.0,2250.0
188,2017,4,Haryana,Faridabad,2.1,4.0,1905.0
188,2018,4,Haryana,Faridabad,3.0,10.0,3333.0
188,2019,4,Haryana,Faridabad,3.9,8.7,2231.0
189,1990,12,Uttar Pradesh,Saharanpur,1.51,1.34,887.0
189,1991,12,Uttar Pradesh,Saharanpur,0.31,0.39,1258.0
189,1992,12,Uttar Pradesh,Saharanpur,0.27,0.34,1259.0
189,1993,12,Uttar Pradesh,Saharanpur,0.28,0.19,679.0
189,1994,12,Uttar Pradesh,Saharanpur,0.19,0.12,632.0
189,1995,12,Uttar Pradesh,Saharanpur,0.15,0.09,600.0
189,1996,12,Uttar Pradesh,Saharanpur,0.13,0.18,1385.0
189,1997,12,Uttar Pradesh,Saharanpur,0.14,0.2,1429.0
189,1998,12,Uttar Pradesh,Saharanpur,0.15,0.17,1133.0
189,1999,12,Uttar Pradesh,Saharanpur,0.08,0.11,1375.0
189,2000,12,Uttar Pradesh,Saharanpur,0.08,0.11,1375.0
189,2001,12,Uttar Pradesh,Saharanpur,0.05,0.06,1200.0
189,2002,12,Uttar Pradesh,Saharanpur,0.04,0.05,1250.0
189,2004,12,Uttar Pradesh,Saharanpur,0.02,0.03,1500.0
189,2005,12,Uttar Pradesh,Saharanpur,0.03,0.04,1333.0
190,1990,12,Uttar Pradesh,Muzaffarnagar,0.08,0.07,875.0
190,1991,12,Uttar Pradesh,Muzaffarnagar,0.03,0.04,1333.0
190,1992,12,Uttar Pradesh,Muzaffarnagar,0.18,0.23,1278.0
190,1993,12,Uttar Pradesh,Muzaffarnagar,0.24,0.16,667.0
190,1994,12,Uttar Pradesh,Muzaffarnagar,0.04,0.03,750.0
190,1995,12,Uttar Pradesh,Muzaffarnagar,0.04,0.02,500.0
190,1996,12,Uttar Pradesh,Muzaffarnagar,0.01,0.01,1000.0
190,1998,12,Uttar Pradesh,Muzaffarnagar,0.01,0.01,1000.0
190,2000,12,Uttar Pradesh,Muzaffarnagar,0.03,0.04,1333.0
190,2001,12,Uttar Pradesh,Muzaffarnagar,0.01,0.02,2000.0
190,2007,12,Uttar Pradesh,Muzaffarnagar,0.01,0.01,1000.0
191,1990,12,Uttar Pradesh,Meerut,1.61,1.43,888.0
191,1991,12,Uttar Pradesh,Meerut,1.12,1.39,1241.0
191,1992,12,Uttar Pradesh,Meerut,1.56,1.97,1263.0
191,1993,12,Uttar Pradesh,Meerut,1.21,0.8,661.0
191,1994,12,Uttar Pradesh,Meerut,1.35,0.88,652.0
191,1995,12,Uttar Pradesh,Meerut,1.27,0.79,622.0
191,1996,12,Uttar Pradesh,Meerut,1.25,1.82,1456.0
191,1997,12,Uttar Pradesh,Meerut,0.03,0.04,1333.0
191,1998,12,Uttar Pradesh,Meerut,0.04,0.05,1250.0
191,1999,12,Uttar Pradesh,Meerut,0.41,0.62,1512.0
191,2000,12,Uttar Pradesh,Meerut,0.08,0.1,1250.0
191,2001,12,Uttar Pradesh,Meerut,0.07,0.07,1000.0
191,2002,12,Uttar Pradesh,Meerut,0.04,0.05,1250.0
191,2003,12,Uttar Pradesh,Meerut,0.06,0.08,1333.0
191,2004,12,Uttar Pradesh,Meerut,0.2,0.3,1500.0
191,2005,12,Uttar Pradesh,Meerut,0.04,0.06,1500.0
191,2006,12,Uttar Pradesh,Meerut,0.03,0.04,1333.0
191,2007,12,Uttar Pradesh,Meerut,0.03,0.04,1333.0
191,2008,12,Uttar Pradesh,Meerut,0.01,0.03,3000.0
191,2009,12,Uttar Pradesh,Meerut,0.02,0.04,2000.0
191,2010,12,Uttar Pradesh,Meerut,0.03,0.06,2000.0
191,2011,12,Uttar Pradesh,Meerut,0.02,0.03,1500.0
191,2012,12,Uttar Pradesh,Meerut,0.03,0.07,2333.0
191,2013,12,Uttar Pradesh,Meerut,0.05,0.06,1200.0
191,2014,12,Uttar Pradesh,Meerut,0.03,0.06,2000.0
191,2015,12,Uttar Pradesh,Meerut,0.05,0.1,2000.0
191,2016,12,Uttar Pradesh,Meerut,0.02,0.03,1167.0
191,2017,12,Uttar Pradesh,Meerut,0.02,0.04,1944.0
191,2018,12,Uttar Pradesh,Meerut,0.07,0.09,1214.0
192,1990,12,Uttar Pradesh,Buland Shahar,17.96,20.96,1167.0
192,1991,12,Uttar Pradesh,Buland Shahar,16.47,16.43,998.0
192,1992,12,Uttar Pradesh,Buland Shahar,14.5,17.06,1177.0
192,1993,12,Uttar Pradesh,Buland Shahar,15.62,12.89,825.0
192,1994,12,Uttar Pradesh,Buland Shahar,16.64,17.52,1053.0
192,1995,12,Uttar Pradesh,Buland Shahar,16.8,19.18,1142.0
192,1996,12,Uttar Pradesh,Buland Shahar,17.59,20.22,1150.0
192,1997,12,Uttar Pradesh,Buland Shahar,10.19,14.27,1400.0
192,1998,12,Uttar Pradesh,Buland Shahar,9.68,11.99,1239.0
192,1999,12,Uttar Pradesh,Buland Shahar,8.37,12.63,1509.0
192,2000,12,Uttar Pradesh,Buland Shahar,8.94,14.46,1617.0
192,2001,12,Uttar Pradesh,Buland Shahar,8.23,12.24,1487.0
192,2002,12,Uttar Pradesh,Buland Shahar,8.05,10.11,1256.0
192,2003,12,Uttar Pradesh,Buland Shahar,9.87,14.4,1459.0
192,2004,12,Uttar Pradesh,Buland Shahar,7.33,10.05,1371.0
192,2005,12,Uttar Pradesh,Buland Shahar,9.27,13.95,1505.0
192,2006,12,Uttar Pradesh,Buland Shahar,7.35,11.22,1527.0
192,2007,12,Uttar Pradesh,Buland Shahar,7.34,11.39,1552.0
192,2008,12,Uttar Pradesh,Buland Shahar,8.21,14.87,1811.0
192,2009,12,Uttar Pradesh,Buland Shahar,9.18,18.59,2025.0
192,2010,12,Uttar Pradesh,Buland Shahar,11.8,23.34,1978.0
192,2011,12,Uttar Pradesh,Buland Shahar,11.98,22.28,1860.0
192,2012,12,Uttar Pradesh,Buland Shahar,11.98,23.59,1969.0
192,2013,12,Uttar Pradesh,Buland Shahar,11.5,24.49,2130.0
192,2014,12,Uttar Pradesh,Buland Shahar,13.78,27.91,2025.0
192,2015,12,Uttar Pradesh,Buland Shahar,14.61,29.1,1992.0
192,2016,12,Uttar Pradesh,Buland Shahar,12.19,24.03,1972.0
192,2017,12,Uttar Pradesh,Buland Shahar,13.72,28.01,2041.0
192,2018,12,Uttar Pradesh,Buland Shahar,13.89,30.0,2160.0
192,2019,12,Uttar Pradesh,Buland Shahar,12.98,25.0,1926.0
193,1990,12,Uttar Pradesh,Ghaziabad,8.98,11.91,1326.0
193,1991,12,Uttar Pradesh,Ghaziabad,7.2,8.61,1196.0
193,1992,12,Uttar Pradesh,Ghaziabad,7.94,9.1,1146.0
193,1993,12,Uttar Pradesh,Ghaziabad,7.6,5.9,776.0
193,1994,12,Uttar Pradesh,Ghaziabad,6.37,5.96,936.0
193,1995,12,Uttar Pradesh,Ghaziabad,5.41,4.85,896.0
193,1996,12,Uttar Pradesh,Ghaziabad,5.87,6.03,1027.0
193,1997,12,Uttar Pradesh,Ghaziabad,1.38,1.93,1399.0
193,1998,12,Uttar Pradesh,Ghaziabad,1.3,1.61,1238.0
193,1999,12,Uttar Pradesh,Ghaziabad,1.34,2.03,1515.0
193,2000,12,Uttar Pradesh,Ghaziabad,0.98,1.25,1276.0
193,2001,12,Uttar Pradesh,Ghaziabad,1.03,1.03,1000.0
193,2002,12,Uttar Pradesh,Ghaziabad,0.73,0.92,1260.0
193,2003,12,Uttar Pradesh,Ghaziabad,0.58,0.82,1414.0
193,2004,12,Uttar Pradesh,Ghaziabad,4.97,7.53,1515.0
193,2005,12,Uttar Pradesh,Ghaziabad,0.3,0.42,1400.0
193,2006,12,Uttar Pradesh,Ghaziabad,0.29,0.4,1379.0
193,2007,12,Uttar Pradesh,Ghaziabad,0.3,0.45,1500.0
193,2008,12,Uttar Pradesh,Ghaziabad,0.33,0.57,1727.0
193,2009,12,Uttar Pradesh,Ghaziabad,0.41,0.8,1951.0
193,2010,12,Uttar Pradesh,Ghaziabad,0.38,0.7,1842.0
193,2011,12,Uttar Pradesh,Ghaziabad,0.34,0.62,1824.0
193,2012,12,Uttar Pradesh,Ghaziabad,0.24,0.55,2292.0
193,2013,12,Uttar Pradesh,Ghaziabad,0.19,0.25,1316.0
193,2015,12,Uttar Pradesh,Ghaziabad,0.02,0.05,2500.0
193,2016,12,Uttar Pradesh,Ghaziabad,0.21,0.25,1171.0
193,2017,12,Uttar Pradesh,Ghaziabad,0.17,0.32,1952.0
193,2019,12,Uttar Pradesh,Ghaziabad,0.42,0.8,1891.0
194,1990,12,Uttar Pradesh,Aligarh,94.08,124.98,1328.0
194,1991,12,Uttar Pradesh,Aligarh,83.17,89.07,1071.0
194,1992,12,Uttar Pradesh,Aligarh,90.01,120.32,1337.0
194,1993,12,Uttar Pradesh,Aligarh,86.39,109.17,1264.0
194,1994,12,Uttar Pradesh,Aligarh,95.6,123.59,1293.0
194,1995,12,Uttar Pradesh,Aligarh,96.46,132.06,1369.0
194,1996,12,Uttar Pradesh,Aligarh,97.62,162.77,1667.0
194,1997,12,Uttar Pradesh,Aligarh,73.17,135.41,1851.0
194,1998,12,Uttar Pradesh,Aligarh,72.09,87.3,1211.0
194,1999,12,Uttar Pradesh,Aligarh,75.2,130.91,1741.0
194,2000,12,Uttar Pradesh,Aligarh,83.0,137.69,1659.0
194,2001,12,Uttar Pradesh,Aligarh,82.75,106.73,1290.0
194,2002,12,Uttar Pradesh,Aligarh,75.68,116.69,1542.0
194,2003,12,Uttar Pradesh,Aligarh,85.57,133.29,1558.0
194,2004,12,Uttar Pradesh,Aligarh,75.86,142.18,1874.0
194,2005,12,Uttar Pradesh,Aligarh,81.67,143.24,1754.0
194,2006,12,Uttar Pradesh,Aligarh,85.97,147.7,1718.0
194,2007,12,Uttar Pradesh,Aligarh,89.11,171.18,1921.0
194,2008,12,Uttar Pradesh,Aligarh,86.85,178.99,2061.0
194,2009,12,Uttar Pradesh,Aligarh,84.08,152.85,1818.0
194,2010,12,Uttar Pradesh,Aligarh,91.57,181.12,1978.0
194,2011,12,Uttar Pradesh,Aligarh,90.7,175.42,1934.0
194,2012,12,Uttar Pradesh,Aligarh,91.31,227.82,2495.0
194,2013,12,Uttar Pradesh,Aligarh,86.3,269.6,3124.0
194,2014,12,Uttar Pradesh,Aligarh,84.04,175.47,2088.0
194,2015,12,Uttar Pradesh,Aligarh,89.22,199.76,2239.0
194,2016,12,Uttar Pradesh,Aligarh,88.38,202.91,2296.0
194,2017,12,Uttar Pradesh,Aligarh,87.17,206.75,2372.0
194,2018,12,Uttar Pradesh,Aligarh,81.56,179.18,2197.0
194,2019,12,Uttar Pradesh,Aligarh,84.35,196.6,2331.0
195,1990,12,Uttar Pradesh,Mathura,47.49,51.78,1090.0
195,1991,12,Uttar Pradesh,Mathura,41.57,49.16,1183.0
195,1992,12,Uttar Pradesh,Mathura,57.28,62.37,1089.0
195,1993,12,Uttar Pradesh,Mathura,50.63,54.69,1080.0
195,1994,12,Uttar Pradesh,Mathura,51.86,60.21,1161.0
195,1995,12,Uttar Pradesh,Mathura,52.22,76.76,1470.0
195,1996,12,Uttar Pradesh,Mathura,51.57,72.15,1399.0
195,1997,12,Uttar Pradesh,Mathura,40.06,49.28,1230.0
195,1998,12,Uttar Pradesh,Mathura,43.2,37.9,877.0
195,1999,12,Uttar Pradesh,Mathura,48.15,60.69,1260.0
195,2000,12,Uttar Pradesh,Mathura,62.26,82.18,1320.0
195,2001,12,Uttar Pradesh,Mathura,55.25,47.25,855.0
195,2002,12,Uttar Pradesh,Mathura,42.93,44.88,1045.0
195,2003,12,Uttar Pradesh,Mathura,49.63,60.82,1225.0
195,2004,12,Uttar Pradesh,Mathura,32.25,43.67,1354.0
195,2005,12,Uttar Pradesh,Mathura,43.09,58.6,1360.0
195,2006,12,Uttar Pradesh,Mathura,40.84,38.84,951.0
195,2007,12,Uttar Pradesh,Mathura,42.8,58.72,1372.0
195,2008,12,Uttar Pradesh,Mathura,41.67,57.28,1375.0
195,2009,12,Uttar Pradesh,Mathura,40.78,42.94,1053.0
195,2010,12,Uttar Pradesh,Mathura,41.63,51.04,1226.0
195,2011,12,Uttar Pradesh,Mathura,41.23,56.17,1362.0
195,2012,12,Uttar Pradesh,Mathura,38.87,52.43,1349.0
195,2013,12,Uttar Pradesh,Mathura,43.28,66.65,1540.0
195,2014,12,Uttar Pradesh,Mathura,39.39,51.44,1306.0
195,2015,12,Uttar Pradesh,Mathura,43.47,63.67,1465.0
195,2016,12,Uttar Pradesh,Mathura,42.31,59.44,1405.0
195,2017,12,Uttar Pradesh,Mathura,37.59,64.58,1718.0
195,2018,12,Uttar Pradesh,Mathura,41.66,82.4,1978.0
195,2019,12,Uttar Pradesh,Mathura,41.02,93.97,2291.0
196,1990,12,Uttar Pradesh,Agra,78.51,81.11,1033.0
196,1991,12,Uttar Pradesh,Agra,72.29,78.52,1086.0
196,1992,12,Uttar Pradesh,Agra,75.27,92.82,1233.0
196,1993,12,Uttar Pradesh,Agra,73.25,81.03,1106.0
196,1994,12,Uttar Pradesh,Agra,77.95,93.29,1197.0
196,1995,12,Uttar Pradesh,Agra,82.82,99.47,1201.0
196,1996,12,Uttar Pradesh,Agra,87.39,112.09,1283.0
196,1997,12,Uttar Pradesh,Agra,99.9,147.99,1481.0
196,1998,12,Uttar Pradesh,Agra,98.53,146.55,1487.0
196,1999,12,Uttar Pradesh,Agra,101.13,171.62,1697.0
196,2000,12,Uttar Pradesh,Agra,103.22,145.1,1406.0
196,2001,12,Uttar Pradesh,Agra,107.56,120.86,1124.0
196,2002,12,Uttar Pradesh,Agra,97.18,154.78,1593.0
196,2003,12,Uttar Pradesh,Agra,105.63,150.14,1421.0
196,2004,12,Uttar Pradesh,Agra,106.43,205.7,1933.0
196,2005,12,Uttar Pradesh,Agra,107.76,151.63,1407.0
196,2006,12,Uttar Pradesh,Agra,107.58,149.25,1387.0
196,2007,12,Uttar Pradesh,Agra,109.58,136.7,1247.0
196,2008,12,Uttar Pradesh,Agra,107.73,169.17,1570.0
196,2009,12,Uttar Pradesh,Agra,109.98,173.61,1579.0
196,2010,12,Uttar Pradesh,Agra,115.74,204.66,1768.0
196,2011,12,Uttar Pradesh,Agra,115.69,242.04,2092.0
196,2012,12,Uttar Pradesh,Agra,115.95,248.95,2147.0
196,2013,12,Uttar Pradesh,Agra,118.29,284.15,2402.0
196,2014,12,Uttar Pradesh,Agra,118.15,246.74,2088.0
196,2015,12,Uttar Pradesh,Agra,129.35,245.95,1901.0
196,2016,12,Uttar Pradesh,Agra,115.54,282.94,2449.0
196,2017,12,Uttar Pradesh,Agra,122.63,291.93,2381.0
196,2018,12,Uttar Pradesh,Agra,113.88,259.86,2282.0
196,2019,12,Uttar Pradesh,Agra,118.49,293.96,2481.0
197,1990,12,Uttar Pradesh,Mainpuri,15.42,16.18,1049.0
197,1991,12,Uttar Pradesh,Mainpuri,13.04,15.72,1206.0
197,1992,12,Uttar Pradesh,Mainpuri,15.99,22.57,1412.0
197,1993,12,Uttar Pradesh,Mainpuri,15.76,22.72,1442.0
197,1994,12,Uttar Pradesh,Mainpuri,16.45,18.12,1102.0
197,1995,12,Uttar Pradesh,Mainpuri,16.07,16.84,1048.0
197,1996,12,Uttar Pradesh,Mainpuri,16.64,10.71,644.0
197,1997,12,Uttar Pradesh,Mainpuri,14.97,26.84,1793.0
197,1998,12,Uttar Pradesh,Mainpuri,15.15,18.6,1228.0
197,1999,12,Uttar Pradesh,Mainpuri,15.95,24.21,1518.0
197,2000,12,Uttar Pradesh,Mainpuri,17.09,26.85,1571.0
197,2001,12,Uttar Pradesh,Mainpuri,13.31,19.23,1445.0
197,2002,12,Uttar Pradesh,Mainpuri,21.27,26.7,1255.0
197,2003,12,Uttar Pradesh,Mainpuri,11.02,10.56,958.0
197,2004,12,Uttar Pradesh,Mainpuri,12.44,23.45,1885.0
197,2005,12,Uttar Pradesh,Mainpuri,13.86,23.97,1729.0
197,2006,12,Uttar Pradesh,Mainpuri,17.89,34.87,1949.0
197,2007,12,Uttar Pradesh,Mainpuri,15.16,26.92,1776.0
197,2008,12,Uttar Pradesh,Mainpuri,14.85,28.56,1923.0
197,2009,12,Uttar Pradesh,Mainpuri,18.05,32.32,1791.0
197,2010,12,Uttar Pradesh,Mainpuri,15.73,28.42,1807.0
197,2011,12,Uttar Pradesh,Mainpuri,18.25,42.19,2312.0
197,2012,12,Uttar Pradesh,Mainpuri,17.87,42.41,2373.0
197,2013,12,Uttar Pradesh,Mainpuri,18.33,41.82,2282.0
197,2014,12,Uttar Pradesh,Mainpuri,21.43,51.06,2383.0
197,2015,12,Uttar Pradesh,Mainpuri,17.97,45.12,2511.0
197,2016,12,Uttar Pradesh,Mainpuri,18.21,48.45,2660.0
197,2017,12,Uttar Pradesh,Mainpuri,18.47,47.38,2565.0
197,2018,12,Uttar Pradesh,Mainpuri,18.1,47.38,2617.0
197,2019,12,Uttar Pradesh,Mainpuri,18.7,56.58,3026.0
198,1990,12,Uttar Pradesh,Etah,72.16,86.86,1204.0
198,1991,12,Uttar Pradesh,Etah,67.77,71.1,1049.0
198,1992,12,Uttar Pradesh,Etah,71.56,97.3,1360.0
198,1993,12,Uttar Pradesh,Etah,73.01,81.06,1110.0
198,1994,12,Uttar Pradesh,Etah,68.5,87.15,1272.0
198,1995,12,Uttar Pradesh,Etah,71.54,103.37,1445.0
198,1996,12,Uttar Pradesh,Etah,70.11,110.16,1571.0
198,1997,12,Uttar Pradesh,Etah,76.05,125.62,1652.0
198,1998,12,Uttar Pradesh,Etah,71.24,88.28,1239.0
198,1999,12,Uttar Pradesh,Etah,71.09,111.9,1574.0
198,2000,12,Uttar Pradesh,Etah,70.24,122.47,1744.0
198,2001,12,Uttar Pradesh,Etah,70.55,104.21,1477.0
198,2002,12,Uttar Pradesh,Etah,66.42,96.67,1455.0
198,2003,12,Uttar Pradesh,Etah,77.94,95.25,1222.0
198,2004,12,Uttar Pradesh,Etah,61.04,100.04,1639.0
198,2005,12,Uttar Pradesh,Etah,82.2,135.68,1651.0
198,2006,12,Uttar Pradesh,Etah,78.18,141.49,1810.0
198,2007,12,Uttar Pradesh,Etah,81.88,158.49,1936.0
198,2008,12,Uttar Pradesh,Etah,38.05,69.55,1828.0
198,2009,12,Uttar Pradesh,Etah,37.01,75.05,2028.0
198,2010,12,Uttar Pradesh,Etah,44.17,85.37,1933.0
198,2011,12,Uttar Pradesh,Etah,46.02,118.5,2575.0
198,2012,12,Uttar Pradesh,Etah,48.68,136.49,2804.0
198,2013,12,Uttar Pradesh,Etah,42.92,127.99,2982.0
198,2014,12,Uttar Pradesh,Etah,47.46,148.17,3122.0
198,2015,12,Uttar Pradesh,Etah,57.32,148.68,2594.0
198,2016,12,Uttar Pradesh,Etah,46.09,105.81,2296.0
198,2017,12,Uttar Pradesh,Etah,49.03,119.64,2440.0
198,2018,12,Uttar Pradesh,Etah,45.29,116.98,2583.0
198,2019,12,Uttar Pradesh,Etah,45.88,126.57,2759.0
199,1990,12,Uttar Pradesh,Bareilly,9.86,6.34,643.0
199,1991,12,Uttar Pradesh,Bareilly,12.94,12.16,940.0
199,1992,12,Uttar Pradesh,Bareilly,15.97,15.6,977.0
199,1993,12,Uttar Pradesh,Bareilly,14.81,15.17,1024.0
199,1994,12,Uttar Pradesh,Bareilly,11.12,10.98,987.0
199,1995,12,Uttar Pradesh,Bareilly,11.8,15.88,1346.0
199,1996,12,Uttar Pradesh,Bareilly,10.6,16.84,1589.0
199,1997,12,Uttar Pradesh,Bareilly,13.34,14.72,1103.0
199,1998,12,Uttar Pradesh,Bareilly,9.5,5.87,618.0
199,1999,12,Uttar Pradesh,Bareilly,9.47,9.31,983.0
199,2000,12,Uttar Pradesh,Bareilly,7.78,11.2,1440.0
199,2001,12,Uttar Pradesh,Bareilly,6.56,6.59,1005.0
199,2002,12,Uttar Pradesh,Bareilly,10.23,11.01,1076.0
199,2003,12,Uttar Pradesh,Bareilly,11.63,13.44,1156.0
199,2004,12,Uttar Pradesh,Bareilly,6.58,7.91,1202.0
199,2005,12,Uttar Pradesh,Bareilly,9.41,8.97,953.0
199,2006,12,Uttar Pradesh,Bareilly,9.81,12.84,1309.0
199,2007,12,Uttar Pradesh,Bareilly,11.19,12.77,1141.0
199,2008,12,Uttar Pradesh,Bareilly,8.54,10.7,1253.0
199,2009,12,Uttar Pradesh,Bareilly,10.18,14.2,1395.0
199,2010,12,Uttar Pradesh,Bareilly,10.08,12.97,1287.0
199,2011,12,Uttar Pradesh,Bareilly,8.23,12.38,1504.0
199,2012,12,Uttar Pradesh,Bareilly,8.37,12.01,1435.0
199,2013,12,Uttar Pradesh,Bareilly,7.46,9.28,1244.0
199,2014,12,Uttar Pradesh,Bareilly,7.98,8.61,1079.0
199,2015,12,Uttar Pradesh,Bareilly,8.6,18.04,2098.0
199,2016,12,Uttar Pradesh,Bareilly,6.69,9.84,1470.0
199,2017,12,Uttar Pradesh,Bareilly,7.21,11.59,1608.0
199,2018,12,Uttar Pradesh,Bareilly,6.54,10.38,1587.0
199,2019,12,Uttar Pradesh,Bareilly,7.83,12.45,1591.0
200,1990,12,Uttar Pradesh,Budaun,87.88,97.13,1105.0
200,1991,12,Uttar Pradesh,Budaun,101.08,96.0,950.0
200,1992,12,Uttar Pradesh,Budaun,130.97,171.99,1313.0
200,1993,12,Uttar Pradesh,Budaun,115.22,97.16,843.0
200,1994,12,Uttar Pradesh,Budaun,114.97,105.51,918.0
200,1995,12,Uttar Pradesh,Budaun,122.01,137.24,1125.0
200,1996,12,Uttar Pradesh,Budaun,119.21,129.62,1087.0
200,1997,12,Uttar Pradesh,Budaun,125.24,172.48,1377.0
200,1998,12,Uttar Pradesh,Budaun,110.09,113.79,1034.0
200,1999,12,Uttar Pradesh,Budaun,113.25,138.22,1220.0
200,2000,12,Uttar Pradesh,Budaun,117.91,209.7,1778.0
200,2001,12,Uttar Pradesh,Budaun,111.94,124.9,1116.0
200,2002,12,Uttar Pradesh,Budaun,120.95,153.22,1267.0
200,2003,12,Uttar Pradesh,Budaun,147.3,256.83,1744.0
200,2004,12,Uttar Pradesh,Budaun,117.96,164.25,1392.0
200,2005,12,Uttar Pradesh,Budaun,142.93,196.79,1377.0
200,2006,12,Uttar Pradesh,Budaun,150.3,216.24,1439.0
200,2007,12,Uttar Pradesh,Budaun,159.97,238.77,1493.0
200,2008,12,Uttar Pradesh,Budaun,138.82,208.35,1501.0
200,2009,12,Uttar Pradesh,Budaun,165.91,314.68,1897.0
200,2010,12,Uttar Pradesh,Budaun,156.62,280.95,1794.0
200,2011,12,Uttar Pradesh,Budaun,101.14,173.14,1712.0
200,2012,12,Uttar Pradesh,Budaun,99.76,185.03,1855.0
200,2013,12,Uttar Pradesh,Budaun,109.95,207.14,1884.0
200,2014,12,Uttar Pradesh,Budaun,121.78,206.45,1695.0
200,2015,12,Uttar Pradesh,Budaun,120.48,201.08,1669.0
200,2016,12,Uttar Pradesh,Budaun,93.01,175.94,1892.0
200,2017,12,Uttar Pradesh,Budaun,93.43,144.24,1544.0
200,2018,12,Uttar Pradesh,Budaun,82.3,130.85,1590.0
200,2019,12,Uttar Pradesh,Budaun,101.98,162.66,1595.0
201,1990,12,Uttar Pradesh,Moradabad,42.41,32.26,761.0
201,1991,12,Uttar Pradesh,Moradabad,45.88,56.68,1235.0
201,1992,12,Uttar Pradesh,Moradabad,52.6,63.23,1202.0
201,1993,12,Uttar Pradesh,Moradabad,53.04,47.64,898.0
201,1994,12,Uttar Pradesh,Moradabad,47.75,36.58,766.0
201,1995,12,Uttar Pradesh,Moradabad,48.44,51.57,1065.0
201,1996,12,Uttar Pradesh,Moradabad,45.74,48.83,1068.0
201,1997,12,Uttar Pradesh,Moradabad,39.67,45.26,1141.0
201,1998,12,Uttar Pradesh,Moradabad,36.3,37.54,1034.0
201,1999,12,Uttar Pradesh,Moradabad,37.28,32.37,868.0
201,2000,12,Uttar Pradesh,Moradabad,36.39,43.82,1204.0
201,2001,12,Uttar Pradesh,Moradabad,34.92,36.34,1041.0
201,2002,12,Uttar Pradesh,Moradabad,35.92,34.9,972.0
201,2003,12,Uttar Pradesh,Moradabad,43.21,56.16,1300.0
201,2004,12,Uttar Pradesh,Moradabad,37.61,33.3,885.0
201,2005,12,Uttar Pradesh,Moradabad,37.3,35.88,962.0
201,2006,12,Uttar Pradesh,Moradabad,36.73,35.99,980.0
201,2007,12,Uttar Pradesh,Moradabad,36.15,45.78,1266.0
201,2008,12,Uttar Pradesh,Moradabad,34.12,36.5,1070.0
201,2009,12,Uttar Pradesh,Moradabad,40.97,51.41,1255.0
201,2010,12,Uttar Pradesh,Moradabad,36.31,41.02,1130.0
201,2011,12,Uttar Pradesh,Moradabad,3.37,4.24,1258.0
201,2012,12,Uttar Pradesh,Moradabad,3.34,3.49,1045.0
201,2013,12,Uttar Pradesh,Moradabad,3.11,4.1,1318.0
201,2014,12,Uttar Pradesh,Moradabad,4.48,6.21,1386.0
201,2015,12,Uttar Pradesh,Moradabad,3.16,5.82,1842.0
201,2016,12,Uttar Pradesh,Moradabad,2.94,3.79,1291.0
201,2017,12,Uttar Pradesh,Moradabad,2.52,3.8,1508.0
201,2018,12,Uttar Pradesh,Moradabad,2.61,1.95,746.0
201,2019,12,Uttar Pradesh,Moradabad,3.67,6.03,1644.0
202,1990,12,Uttar Pradesh,Shahjahanpur,8.09,2.53,313.0
202,1991,12,Uttar Pradesh,Shahjahanpur,8.5,7.82,920.0
202,1992,12,Uttar Pradesh,Shahjahanpur,9.31,7.34,788.0
202,1993,12,Uttar Pradesh,Shahjahanpur,7.08,6.66,941.0
202,1994,12,Uttar Pradesh,Shahjahanpur,6.88,6.79,987.0
202,1995,12,Uttar Pradesh,Shahjahanpur,6.36,6.85,1077.0
202,1996,12,Uttar Pradesh,Shahjahanpur,6.22,6.89,1108.0
202,1997,12,Uttar Pradesh,Shahjahanpur,5.19,7.17,1382.0
202,1998,12,Uttar Pradesh,Shahjahanpur,5.25,3.24,617.0
202,1999,12,Uttar Pradesh,Shahjahanpur,4.34,4.27,984.0
202,2000,12,Uttar Pradesh,Shahjahanpur,4.62,6.65,1439.0
202,2001,12,Uttar Pradesh,Shahjahanpur,3.55,1.17,330.0
202,2002,12,Uttar Pradesh,Shahjahanpur,5.17,3.85,745.0
202,2003,12,Uttar Pradesh,Shahjahanpur,6.17,7.23,1172.0
202,2004,12,Uttar Pradesh,Shahjahanpur,4.86,4.38,901.0
202,2005,12,Uttar Pradesh,Shahjahanpur,3.66,2.96,809.0
202,2006,12,Uttar Pradesh,Shahjahanpur,3.69,4.25,1152.0
202,2007,12,Uttar Pradesh,Shahjahanpur,3.2,3.75,1172.0
202,2008,12,Uttar Pradesh,Shahjahanpur,3.31,4.55,1375.0
202,2009,12,Uttar Pradesh,Shahjahanpur,5.05,6.8,1347.0
202,2010,12,Uttar Pradesh,Shahjahanpur,4.91,6.4,1303.0
202,2011,12,Uttar Pradesh,Shahjahanpur,3.69,4.52,1225.0
202,2012,12,Uttar Pradesh,Shahjahanpur,3.58,3.43,958.0
202,2013,12,Uttar Pradesh,Shahjahanpur,3.2,4.01,1253.0
202,2014,12,Uttar Pradesh,Shahjahanpur,4.17,6.8,1631.0
202,2015,12,Uttar Pradesh,Shahjahanpur,2.93,4.5,1536.0
202,2016,12,Uttar Pradesh,Shahjahanpur,3.57,5.06,1418.0
202,2017,12,Uttar Pradesh,Shahjahanpur,3.38,5.26,1556.0
202,2018,12,Uttar Pradesh,Shahjahanpur,3.85,5.71,1485.0
202,2019,12,Uttar Pradesh,Shahjahanpur,3.61,6.05,1674.0
203,1990,12,Uttar Pradesh,Pilibhit,0.09,0.03,333.0
203,1991,12,Uttar Pradesh,Pilibhit,0.05,0.05,1000.0
203,1992,12,Uttar Pradesh,Pilibhit,0.08,0.06,750.0
203,1993,12,Uttar Pradesh,Pilibhit,0.06,0.06,1000.0
203,1994,12,Uttar Pradesh,Pilibhit,0.03,0.03,1000.0
203,1995,12,Uttar Pradesh,Pilibhit,0.03,0.03,1000.0
203,1996,12,Uttar Pradesh,Pilibhit,0.06,0.06,1000.0
203,1997,12,Uttar Pradesh,Pilibhit,0.1,0.13,1300.0
203,1998,12,Uttar Pradesh,Pilibhit,0.01,0.01,1000.0
203,1999,12,Uttar Pradesh,Pilibhit,0.03,0.03,1000.0
203,2000,12,Uttar Pradesh,Pilibhit,0.04,0.06,1500.0
203,2002,12,Uttar Pradesh,Pilibhit,0.02,0.03,1500.0
203,2003,12,Uttar Pradesh,Pilibhit,0.02,0.04,2000.0
203,2004,12,Uttar Pradesh,Pilibhit,0.07,0.12,1714.0
203,2005,12,Uttar Pradesh,Pilibhit,0.01,0.01,1000.0
203,2007,12,Uttar Pradesh,Pilibhit,0.02,0.02,1000.0
203,2009,12,Uttar Pradesh,Pilibhit,0.01,0.01,1000.0
204,1990,12,Uttar Pradesh,Rampur,2.7,2.31,856.0
204,1991,12,Uttar Pradesh,Rampur,3.99,2.04,511.0
204,1992,12,Uttar Pradesh,Rampur,4.74,6.75,1424.0
204,1993,12,Uttar Pradesh,Rampur,4.27,3.19,747.0
204,1994,12,Uttar Pradesh,Rampur,3.84,4.52,1177.0
204,1995,12,Uttar Pradesh,Rampur,3.93,7.43,1891.0
204,1996,12,Uttar Pradesh,Rampur,3.76,3.95,1051.0
204,1997,12,Uttar Pradesh,Rampur,3.44,2.91,846.0
204,1998,12,Uttar Pradesh,Rampur,3.64,2.54,698.0
204,1999,12,Uttar Pradesh,Rampur,3.91,2.58,660.0
204,2000,12,Uttar Pradesh,Rampur,3.94,3.55,901.0
204,2001,12,Uttar Pradesh,Rampur,3.83,5.12,1337.0
204,2002,12,Uttar Pradesh,Rampur,3.45,2.73,791.0
204,2003,12,Uttar Pradesh,Rampur,3.48,3.54,1017.0
204,2004,12,Uttar Pradesh,Rampur,3.42,3.43,1003.0
204,2005,12,Uttar Pradesh,Rampur,2.75,2.92,1062.0
204,2006,12,Uttar Pradesh,Rampur,2.66,3.94,1481.0
204,2007,12,Uttar Pradesh,Rampur,2.37,4.29,1810.0
204,2008,12,Uttar Pradesh,Rampur,2.03,2.89,1424.0
204,2009,12,Uttar Pradesh,Rampur,3.0,3.44,1147.0
204,2010,12,Uttar Pradesh,Rampur,2.64,1.57,595.0
204,2011,12,Uttar Pradesh,Rampur,2.22,2.37,1068.0
204,2012,12,Uttar Pradesh,Rampur,5.98,2.66,445.0
204,2013,12,Uttar Pradesh,Rampur,2.35,1.41,600.0
204,2014,12,Uttar Pradesh,Rampur,2.03,2.0,985.0
204,2015,12,Uttar Pradesh,Rampur,1.63,1.78,1092.0
204,2016,12,Uttar Pradesh,Rampur,2.37,2.96,1251.0
204,2017,12,Uttar Pradesh,Rampur,2.69,2.68,996.0
204,2018,12,Uttar Pradesh,Rampur,3.29,3.81,1157.0
204,2019,12,Uttar Pradesh,Rampur,4.4,7.36,1674.0
205,1990,12,Uttar Pradesh,Bijnor,0.34,0.29,853.0
205,1991,12,Uttar Pradesh,Bijnor,0.15,0.08,533.0
205,1992,12,Uttar Pradesh,Bijnor,0.09,0.13,1444.0
205,1993,12,Uttar Pradesh,Bijnor,0.07,0.05,714.0
205,1994,12,Uttar Pradesh,Bijnor,0.02,0.03,1500.0
205,1995,12,Uttar Pradesh,Bijnor,0.09,0.17,1889.0
205,1996,12,Uttar Pradesh,Bijnor,0.06,0.06,1000.0
205,1997,12,Uttar Pradesh,Bijnor,0.11,0.1,909.0
205,1998,12,Uttar Pradesh,Bijnor,0.05,0.04,800.0
205,2000,12,Uttar Pradesh,Bijnor,0.01,0.01,1000.0
205,2001,12,Uttar Pradesh,Bijnor,0.02,0.02,1000.0
205,2003,12,Uttar Pradesh,Bijnor,0.01,0.01,1000.0
205,2009,12,Uttar Pradesh,Bijnor,0.02,0.02,1000.0
206,1990,12,Uttar Pradesh,Farrukhabad,12.93,10.24,792.0
206,1991,12,Uttar Pradesh,Farrukhabad,12.11,12.52,1034.0
206,1992,12,Uttar Pradesh,Farrukhabad,13.11,12.44,949.0
206,1993,12,Uttar Pradesh,Farrukhabad,12.34,9.82,796.0
206,1994,12,Uttar Pradesh,Farrukhabad,11.79,14.79,1254.0
206,1995,12,Uttar Pradesh,Farrukhabad,12.08,15.65,1296.0
206,1996,12,Uttar Pradesh,Farrukhabad,11.22,14.55,1297.0
206,1997,12,Uttar Pradesh,Farrukhabad,6.54,9.44,1443.0
206,1998,12,Uttar Pradesh,Farrukhabad,6.23,7.35,1180.0
206,1999,12,Uttar Pradesh,Farrukhabad,5.86,7.11,1213.0
206,2000,12,Uttar Pradesh,Farrukhabad,5.11,6.35,1243.0
206,2001,12,Uttar Pradesh,Farrukhabad,4.16,4.41,1060.0
206,2002,12,Uttar Pradesh,Farrukhabad,3.29,3.88,1179.0
206,2003,12,Uttar Pradesh,Farrukhabad,4.12,3.7,898.0
206,2004,12,Uttar Pradesh,Farrukhabad,4.06,6.8,1675.0
206,2005,12,Uttar Pradesh,Farrukhabad,4.38,4.98,1137.0
206,2006,12,Uttar Pradesh,Farrukhabad,4.29,5.41,1261.0
206,2007,12,Uttar Pradesh,Farrukhabad,4.39,5.74,1308.0
206,2008,12,Uttar Pradesh,Farrukhabad,4.3,9.06,2107.0
206,2009,12,Uttar Pradesh,Farrukhabad,3.64,7.32,2011.0
206,2010,12,Uttar Pradesh,Farrukhabad,4.01,5.11,1274.0
206,2011,12,Uttar Pradesh,Farrukhabad,3.83,4.57,1193.0
206,2012,12,Uttar Pradesh,Farrukhabad,4.01,6.13,1529.0
206,2013,12,Uttar Pradesh,Farrukhabad,4.34,5.67,1306.0
206,2014,12,Uttar Pradesh,Farrukhabad,3.79,5.84,1541.0
206,2015,12,Uttar Pradesh,Farrukhabad,4.2,6.68,1590.0
206,2016,12,Uttar Pradesh,Farrukhabad,4.1,8.81,2150.0
206,2017,12,Uttar Pradesh,Farrukhabad,3.9,6.18,1584.0
206,2018,12,Uttar Pradesh,Farrukhabad,3.87,8.23,2124.0
206,2019,12,Uttar Pradesh,Farrukhabad,4.07,10.52,2582.0
207,1990,12,Uttar Pradesh,Etawah,53.69,81.72,1522.0
207,1991,12,Uttar Pradesh,Etawah,53.73,60.38,1124.0
207,1992,12,Uttar Pradesh,Etawah,59.45,88.62,1491.0
207,1993,12,Uttar Pradesh,Etawah,57.55,79.92,1389.0
207,1994,12,Uttar Pradesh,Etawah,57.64,61.88,1074.0
207,1995,12,Uttar Pradesh,Etawah,59.34,96.57,1627.0
207,1996,12,Uttar Pradesh,Etawah,56.76,77.1,1358.0
207,1997,12,Uttar Pradesh,Etawah,33.28,57.6,1731.0
207,1998,12,Uttar Pradesh,Etawah,35.07,40.36,1151.0
207,1999,12,Uttar Pradesh,Etawah,34.54,58.94,1706.0
207,2000,12,Uttar Pradesh,Etawah,37.07,54.03,1458.0
207,2001,12,Uttar Pradesh,Etawah,34.86,45.98,1319.0
207,2002,12,Uttar Pradesh,Etawah,35.99,49.23,1368.0
207,2003,12,Uttar Pradesh,Etawah,41.12,36.18,880.0
207,2004,12,Uttar Pradesh,Etawah,37.35,75.56,2023.0
207,2005,12,Uttar Pradesh,Etawah,38.48,66.11,1718.0
207,2006,12,Uttar Pradesh,Etawah,39.41,67.66,1717.0
207,2007,12,Uttar Pradesh,Etawah,40.17,69.51,1730.0
207,2008,12,Uttar Pradesh,Etawah,33.84,73.37,2168.0
207,2009,12,Uttar Pradesh,Etawah,36.79,73.17,1989.0
207,2010,12,Uttar Pradesh,Etawah,38.09,79.38,2084.0
207,2011,12,Uttar Pradesh,Etawah,36.38,73.41,2018.0
207,2012,12,Uttar Pradesh,Etawah,35.46,84.64,2387.0
207,2013,12,Uttar Pradesh,Etawah,35.24,87.42,2481.0
207,2014,12,Uttar Pradesh,Etawah,37.71,73.96,1961.0
207,2015,12,Uttar Pradesh,Etawah,39.34,90.88,2310.0
207,2016,12,Uttar Pradesh,Etawah,35.81,83.43,2330.0
207,2017,12,Uttar Pradesh,Etawah,38.48,84.95,2208.0
207,2018,12,Uttar Pradesh,Etawah,37.38,104.2,2788.0
207,2019,12,Uttar Pradesh,Etawah,35.24,89.09,2528.0
209,1990,12,Uttar Pradesh,Fatehpur,8.08,7.08,876.0
209,1991,12,Uttar Pradesh,Fatehpur,5.42,6.55,1208.0
209,1992,12,Uttar Pradesh,Fatehpur,6.27,8.36,1333.0
209,1993,12,Uttar Pradesh,Fatehpur,6.87,11.66,1697.0
209,1994,12,Uttar Pradesh,Fatehpur,8.02,7.09,884.0
209,1995,12,Uttar Pradesh,Fatehpur,8.11,7.7,949.0
209,1996,12,Uttar Pradesh,Fatehpur,7.9,5.46,691.0
209,1997,12,Uttar Pradesh,Fatehpur,7.9,4.75,601.0
209,1998,12,Uttar Pradesh,Fatehpur,7.28,5.11,702.0
209,1999,12,Uttar Pradesh,Fatehpur,6.99,7.02,1004.0
209,2000,12,Uttar Pradesh,Fatehpur,7.62,6.43,844.0
209,2001,12,Uttar Pradesh,Fatehpur,7.09,5.46,770.0
209,2002,12,Uttar Pradesh,Fatehpur,6.78,5.55,819.0
209,2003,12,Uttar Pradesh,Fatehpur,6.82,6.84,1003.0
209,2004,12,Uttar Pradesh,Fatehpur,5.05,5.94,1176.0
209,2005,12,Uttar Pradesh,Fatehpur,5.8,8.76,1510.0
209,2006,12,Uttar Pradesh,Fatehpur,6.68,7.94,1189.0
209,2007,12,Uttar Pradesh,Fatehpur,8.47,8.11,957.0
209,2008,12,Uttar Pradesh,Fatehpur,7.21,7.49,1039.0
209,2009,12,Uttar Pradesh,Fatehpur,8.66,8.09,934.0
209,2010,12,Uttar Pradesh,Fatehpur,8.62,8.16,947.0
209,2011,12,Uttar Pradesh,Fatehpur,7.68,8.28,1078.0
209,2012,12,Uttar Pradesh,Fatehpur,6.99,8.96,1282.0
209,2013,12,Uttar Pradesh,Fatehpur,6.48,6.21,958.0
209,2014,12,Uttar Pradesh,Fatehpur,5.16,3.94,764.0
209,2015,12,Uttar Pradesh,Fatehpur,5.47,4.48,819.0
209,2016,12,Uttar Pradesh,Fatehpur,8.12,7.79,959.0
209,2017,12,Uttar Pradesh,Fatehpur,7.4,8.83,1194.0
209,2018,12,Uttar Pradesh,Fatehpur,7.87,8.73,1109.0
209,2019,12,Uttar Pradesh,Fatehpur,6.59,12.9,1957.0
210,1990,12,Uttar Pradesh,Allahabad,47.49,61.88,1303.0
210,1991,12,Uttar Pradesh,Allahabad,35.01,33.15,947.0
210,1992,12,Uttar Pradesh,Allahabad,35.79,47.83,1336.0
210,1993,12,Uttar Pradesh,Allahabad,45.35,64.32,1418.0
210,1994,12,Uttar Pradesh,Allahabad,51.34,38.49,750.0
210,1995,12,Uttar Pradesh,Allahabad,53.43,51.2,958.0
210,1996,12,Uttar Pradesh,Allahabad,51.7,48.07,930.0
210,1997,12,Uttar Pradesh,Allahabad,33.28,28.58,859.0
210,1998,12,Uttar Pradesh,Allahabad,33.75,31.54,935.0
210,1999,12,Uttar Pradesh,Allahabad,27.47,41.09,1496.0
210,2000,12,Uttar Pradesh,Allahabad,31.64,18.58,587.0
210,2001,12,Uttar Pradesh,Allahabad,34.5,31.8,922.0
210,2002,12,Uttar Pradesh,Allahabad,33.93,30.21,890.0
210,2003,12,Uttar Pradesh,Allahabad,31.06,18.9,608.0
210,2004,12,Uttar Pradesh,Allahabad,28.71,28.04,977.0
210,2005,12,Uttar Pradesh,Allahabad,27.76,31.76,1144.0
210,2006,12,Uttar Pradesh,Allahabad,28.24,25.83,915.0
210,2007,12,Uttar Pradesh,Allahabad,27.75,30.87,1112.0
210,2008,12,Uttar Pradesh,Allahabad,27.69,28.39,1025.0
210,2009,12,Uttar Pradesh,Allahabad,27.09,25.39,937.0
210,2010,12,Uttar Pradesh,Allahabad,28.47,27.6,969.0
210,2011,12,Uttar Pradesh,Allahabad,28.36,26.17,923.0
210,2012,12,Uttar Pradesh,Allahabad,28.88,26.47,917.0
210,2013,12,Uttar Pradesh,Allahabad,27.07,19.79,731.0
210,2014,12,Uttar Pradesh,Allahabad,25.67,17.77,692.0
210,2015,12,Uttar Pradesh,Allahabad,28.82,26.02,903.0
210,2016,12,Uttar Pradesh,Allahabad,27.34,26.07,953.0
210,2017,12,Uttar Pradesh,Allahabad,18.17,13.55,746.0
210,2018,12,Uttar Pradesh,Allahabad,23.92,32.15,1344.0
210,2019,12,Uttar Pradesh,Allahabad,27.04,33.32,1232.0
211,1990,12,Uttar Pradesh,Jhansi,0.02,0.02,1000.0
211,1991,12,Uttar Pradesh,Jhansi,0.04,0.03,750.0
211,1992,12,Uttar Pradesh,Jhansi,0.04,0.04,1000.0
211,1993,12,Uttar Pradesh,Jhansi,0.06,0.04,667.0
211,1994,12,Uttar Pradesh,Jhansi,0.12,0.06,500.0
211,1995,12,Uttar Pradesh,Jhansi,0.01,0.01,1000.0
211,1996,12,Uttar Pradesh,Jhansi,0.01,0.01,1000.0
211,1997,12,Uttar Pradesh,Jhansi,0.01,0.02,2000.0
211,1998,12,Uttar Pradesh,Jhansi,0.01,0.01,1000.0
211,1999,12,Uttar Pradesh,Jhansi,0.14,0.17,1214.0
211,2000,12,Uttar Pradesh,Jhansi,0.15,0.16,1067.0
211,2001,12,Uttar Pradesh,Jhansi,0.1,0.09,900.0
211,2002,12,Uttar Pradesh,Jhansi,0.06,0.06,1000.0
211,2003,12,Uttar Pradesh,Jhansi,0.04,0.02,500.0
211,2004,12,Uttar Pradesh,Jhansi,0.02,0.02,1000.0
211,2005,12,Uttar Pradesh,Jhansi,0.04,0.04,1000.0
211,2006,12,Uttar Pradesh,Jhansi,0.1,0.19,1900.0
211,2007,12,Uttar Pradesh,Jhansi,0.31,0.16,516.0
211,2008,12,Uttar Pradesh,Jhansi,0.04,0.02,500.0
211,2009,12,Uttar Pradesh,Jhansi,0.06,0.06,1000.0
211,2010,12,Uttar Pradesh,Jhansi,0.02,0.02,1000.0
211,2011,12,Uttar Pradesh,Jhansi,0.01,0.01,1000.0
211,2012,12,Uttar Pradesh,Jhansi,0.04,0.08,2000.0
211,2014,12,Uttar Pradesh,Jhansi,4.92,3.95,803.0
211,2015,12,Uttar Pradesh,Jhansi,0.02,0.02,1000.0
211,2016,12,Uttar Pradesh,Jhansi,0.01,0.02,1154.0
211,2018,12,Uttar Pradesh,Jhansi,0.01,0.01,1429.0
211,2019,12,Uttar Pradesh,Jhansi,0.02,0.04,1870.0
212,1990,12,Uttar Pradesh,Lalitpur,0.13,0.09,692.0
212,1991,12,Uttar Pradesh,Lalitpur,0.11,0.08,727.0
212,1997,12,Uttar Pradesh,Lalitpur,0.05,0.07,1400.0
212,1998,12,Uttar Pradesh,Lalitpur,0.03,0.04,1333.0
212,1999,12,Uttar Pradesh,Lalitpur,0.02,0.02,1000.0
212,2001,12,Uttar Pradesh,Lalitpur,0.17,0.15,882.0
212,2007,12,Uttar Pradesh,Lalitpur,0.09,0.04,444.0
213,1990,12,Uttar Pradesh,Jalaun,15.16,14.79,976.0
213,1991,12,Uttar Pradesh,Jalaun,15.0,11.19,746.0
213,1992,12,Uttar Pradesh,Jalaun,17.6,16.31,927.0
213,1993,12,Uttar Pradesh,Jalaun,15.56,11.29,726.0
213,1994,12,Uttar Pradesh,Jalaun,13.26,10.28,775.0
213,1995,12,Uttar Pradesh,Jalaun,14.68,18.46,1257.0
213,1996,12,Uttar Pradesh,Jalaun,12.3,12.09,983.0
213,1997,12,Uttar Pradesh,Jalaun,12.92,18.33,1419.0
213,1998,12,Uttar Pradesh,Jalaun,12.89,14.95,1160.0
213,1999,12,Uttar Pradesh,Jalaun,11.99,15.41,1285.0
213,2000,12,Uttar Pradesh,Jalaun,12.93,13.38,1035.0
213,2001,12,Uttar Pradesh,Jalaun,11.77,10.58,899.0
213,2002,12,Uttar Pradesh,Jalaun,12.06,11.98,993.0
213,2003,12,Uttar Pradesh,Jalaun,15.94,7.33,460.0
213,2004,12,Uttar Pradesh,Jalaun,13.79,11.65,845.0
213,2005,12,Uttar Pradesh,Jalaun,12.49,13.09,1048.0
213,2006,12,Uttar Pradesh,Jalaun,14.39,26.29,1827.0
213,2007,12,Uttar Pradesh,Jalaun,17.34,8.69,501.0
213,2008,12,Uttar Pradesh,Jalaun,12.95,8.9,687.0
213,2009,12,Uttar Pradesh,Jalaun,17.3,15.23,880.0
213,2010,12,Uttar Pradesh,Jalaun,15.39,13.17,856.0
213,2011,12,Uttar Pradesh,Jalaun,14.07,13.09,930.0
213,2012,12,Uttar Pradesh,Jalaun,13.11,23.4,1785.0
213,2013,12,Uttar Pradesh,Jalaun,11.92,8.0,671.0
213,2014,12,Uttar Pradesh,Jalaun,15.68,12.93,825.0
213,2015,12,Uttar Pradesh,Jalaun,13.2,11.66,883.0
213,2016,12,Uttar Pradesh,Jalaun,14.76,16.98,1150.0
213,2017,12,Uttar Pradesh,Jalaun,15.03,24.31,1617.0
213,2018,12,Uttar Pradesh,Jalaun,15.33,23.52,1535.0
213,2019,12,Uttar Pradesh,Jalaun,14.66,27.73,1891.0
214,1990,12,Uttar Pradesh,Hamirpur,0.53,0.36,679.0
214,1991,12,Uttar Pradesh,Hamirpur,0.52,0.39,750.0
214,1992,12,Uttar Pradesh,Hamirpur,0.46,0.43,935.0
214,1993,12,Uttar Pradesh,Hamirpur,0.78,0.52,667.0
214,1994,12,Uttar Pradesh,Hamirpur,0.41,0.21,512.0
214,1995,12,Uttar Pradesh,Hamirpur,0.55,0.41,745.0
214,1996,12,Uttar Pradesh,Hamirpur,0.86,0.6,698.0
214,1997,12,Uttar Pradesh,Hamirpur,0.38,0.3,789.0
214,1998,12,Uttar Pradesh,Hamirpur,0.58,0.32,552.0
214,1999,12,Uttar Pradesh,Hamirpur,0.61,0.26,426.0
214,2000,12,Uttar Pradesh,Hamirpur,0.41,0.35,854.0
214,2001,12,Uttar Pradesh,Hamirpur,0.32,0.23,719.0
214,2002,12,Uttar Pradesh,Hamirpur,0.48,0.21,438.0
214,2003,12,Uttar Pradesh,Hamirpur,0.55,0.47,855.0
214,2004,12,Uttar Pradesh,Hamirpur,0.24,0.33,1375.0
214,2005,12,Uttar Pradesh,Hamirpur,0.56,0.58,1036.0
214,2006,12,Uttar Pradesh,Hamirpur,0.31,0.35,1129.0
214,2007,12,Uttar Pradesh,Hamirpur,0.6,0.69,1150.0
214,2008,12,Uttar Pradesh,Hamirpur,0.32,0.39,1219.0
214,2009,12,Uttar Pradesh,Hamirpur,0.55,0.34,618.0
214,2010,12,Uttar Pradesh,Hamirpur,0.54,0.32,593.0
214,2011,12,Uttar Pradesh,Hamirpur,0.32,0.25,781.0
214,2012,12,Uttar Pradesh,Hamirpur,0.32,0.54,1688.0
214,2013,12,Uttar Pradesh,Hamirpur,0.36,0.62,1722.0
214,2014,12,Uttar Pradesh,Hamirpur,0.39,0.28,718.0
214,2015,12,Uttar Pradesh,Hamirpur,0.69,0.24,348.0
214,2016,12,Uttar Pradesh,Hamirpur,0.19,0.15,789.0
214,2017,12,Uttar Pradesh,Hamirpur,0.65,0.68,1041.0
214,2018,12,Uttar Pradesh,Hamirpur,0.18,0.09,486.0
214,2019,12,Uttar Pradesh,Hamirpur,0.51,0.95,1846.0
215,1990,12,Uttar Pradesh,Banda,11.55,10.43,903.0
215,1991,12,Uttar Pradesh,Banda,11.3,7.9,699.0
215,1992,12,Uttar Pradesh,Banda,12.45,9.12,733.0
215,1993,12,Uttar Pradesh,Banda,11.61,9.46,815.0
215,1994,12,Uttar Pradesh,Banda,10.55,5.45,517.0
215,1995,12,Uttar Pradesh,Banda,11.03,8.31,753.0
215,1996,12,Uttar Pradesh,Banda,11.79,8.19,695.0
215,1997,12,Uttar Pradesh,Banda,2.94,2.3,782.0
215,1998,12,Uttar Pradesh,Banda,3.36,1.85,551.0
215,1999,12,Uttar Pradesh,Banda,2.99,1.29,431.0
215,2000,12,Uttar Pradesh,Banda,2.79,2.35,842.0
215,2001,12,Uttar Pradesh,Banda,3.8,2.75,724.0
215,2002,12,Uttar Pradesh,Banda,2.68,0.92,343.0
215,2003,12,Uttar Pradesh,Banda,2.79,2.03,728.0
215,2004,12,Uttar Pradesh,Banda,2.03,2.16,1064.0
215,2005,12,Uttar Pradesh,Banda,2.16,2.16,1000.0
215,2006,12,Uttar Pradesh,Banda,2.09,1.75,837.0
215,2007,12,Uttar Pradesh,Banda,3.14,2.61,831.0
215,2008,12,Uttar Pradesh,Banda,3.13,2.58,824.0
215,2009,12,Uttar Pradesh,Banda,4.53,2.99,660.0
215,2010,12,Uttar Pradesh,Banda,4.25,3.19,751.0
215,2011,12,Uttar Pradesh,Banda,3.92,3.68,939.0
215,2012,12,Uttar Pradesh,Banda,2.68,3.82,1425.0
215,2013,12,Uttar Pradesh,Banda,1.04,1.27,1221.0
215,2014,12,Uttar Pradesh,Banda,3.96,3.67,927.0
215,2015,12,Uttar Pradesh,Banda,3.33,1.49,447.0
215,2016,12,Uttar Pradesh,Banda,3.69,3.55,963.0
215,2017,12,Uttar Pradesh,Banda,3.25,6.09,1874.0
215,2018,12,Uttar Pradesh,Banda,3.59,3.63,1013.0
215,2019,12,Uttar Pradesh,Banda,3.27,5.99,1833.0
216,1990,12,Uttar Pradesh,Varanasi,17.53,25.41,1450.0
216,1991,12,Uttar Pradesh,Varanasi,16.94,11.74,693.0
216,1992,12,Uttar Pradesh,Varanasi,16.9,27.11,1604.0
216,1993,12,Uttar Pradesh,Varanasi,18.25,25.65,1405.0
216,1994,12,Uttar Pradesh,Varanasi,17.31,20.13,1163.0
216,1995,12,Uttar Pradesh,Varanasi,9.29,11.51,1239.0
216,1996,12,Uttar Pradesh,Varanasi,8.96,8.7,971.0
216,1997,12,Uttar Pradesh,Varanasi,5.36,5.69,1062.0
216,1998,12,Uttar Pradesh,Varanasi,5.25,6.74,1284.0
216,1999,12,Uttar Pradesh,Varanasi,5.26,5.01,952.0
216,2000,12,Uttar Pradesh,Varanasi,5.2,5.07,975.0
216,2001,12,Uttar Pradesh,Varanasi,4.17,3.76,902.0
216,2002,12,Uttar Pradesh,Varanasi,4.76,4.51,947.0
216,2003,12,Uttar Pradesh,Varanasi,4.0,4.43,1108.0
216,2004,12,Uttar Pradesh,Varanasi,2.98,2.78,933.0
216,2005,12,Uttar Pradesh,Varanasi,4.34,5.8,1336.0
216,2006,12,Uttar Pradesh,Varanasi,4.43,6.21,1402.0
216,2007,12,Uttar Pradesh,Varanasi,4.3,4.64,1079.0
216,2008,12,Uttar Pradesh,Varanasi,4.34,4.74,1092.0
216,2009,12,Uttar Pradesh,Varanasi,5.56,6.6,1187.0
216,2010,12,Uttar Pradesh,Varanasi,5.39,6.22,1154.0
216,2011,12,Uttar Pradesh,Varanasi,5.47,8.67,1585.0
216,2012,12,Uttar Pradesh,Varanasi,5.47,6.87,1256.0
216,2013,12,Uttar Pradesh,Varanasi,5.28,5.55,1051.0
216,2014,12,Uttar Pradesh,Varanasi,5.43,5.9,1087.0
216,2015,12,Uttar Pradesh,Varanasi,5.25,3.96,754.0
216,2016,12,Uttar Pradesh,Varanasi,5.05,3.55,704.0
216,2017,12,Uttar Pradesh,Varanasi,6.2,5.89,950.0
216,2018,12,Uttar Pradesh,Varanasi,4.92,8.72,1773.0
216,2019,12,Uttar Pradesh,Varanasi,5.54,8.11,1463.0
217,1990,12,Uttar Pradesh,Mirzpur,11.3,11.51,1019.0
217,1991,12,Uttar Pradesh,Mirzpur,10.68,7.4,693.0
217,1992,12,Uttar Pradesh,Mirzpur,11.28,13.53,1199.0
217,1993,12,Uttar Pradesh,Mirzpur,11.74,19.28,1642.0
217,1994,12,Uttar Pradesh,Mirzpur,11.66,13.87,1190.0
217,1995,12,Uttar Pradesh,Mirzpur,12.1,21.36,1765.0
217,1996,12,Uttar Pradesh,Mirzpur,10.87,14.03,1291.0
217,1997,12,Uttar Pradesh,Mirzpur,11.65,16.05,1378.0
217,1998,12,Uttar Pradesh,Mirzpur,12.49,16.99,1360.0
217,1999,12,Uttar Pradesh,Mirzpur,11.51,10.34,898.0
217,2000,12,Uttar Pradesh,Mirzpur,11.2,14.95,1335.0
217,2001,12,Uttar Pradesh,Mirzpur,10.89,12.66,1163.0
217,2002,12,Uttar Pradesh,Mirzpur,8.96,9.18,1025.0
217,2003,12,Uttar Pradesh,Mirzpur,10.48,12.79,1220.0
217,2004,12,Uttar Pradesh,Mirzpur,10.09,8.85,877.0
217,2005,12,Uttar Pradesh,Mirzpur,9.28,11.72,1263.0
217,2006,12,Uttar Pradesh,Mirzpur,9.22,9.04,980.0
217,2007,12,Uttar Pradesh,Mirzpur,9.21,9.42,1023.0
217,2008,12,Uttar Pradesh,Mirzpur,8.8,8.02,911.0
217,2009,12,Uttar Pradesh,Mirzpur,9.88,12.16,1231.0
217,2010,12,Uttar Pradesh,Mirzpur,9.7,13.9,1433.0
217,2011,12,Uttar Pradesh,Mirzpur,9.57,13.45,1405.0
217,2012,12,Uttar Pradesh,Mirzpur,9.57,13.05,1364.0
217,2013,12,Uttar Pradesh,Mirzpur,13.86,16.73,1207.0
217,2014,12,Uttar Pradesh,Mirzpur,8.43,10.94,1298.0
217,2015,12,Uttar Pradesh,Mirzpur,9.27,9.85,1063.0
217,2016,12,Uttar Pradesh,Mirzpur,9.54,11.89,1246.0
217,2017,12,Uttar Pradesh,Mirzpur,9.88,11.65,1179.0
217,2018,12,Uttar Pradesh,Mirzpur,9.71,14.7,1514.0
217,2019,12,Uttar Pradesh,Mirzpur,9.41,12.65,1344.0
218,1990,12,Uttar Pradesh,Jaunpur,5.52,5.13,929.0
218,1991,12,Uttar Pradesh,Jaunpur,5.32,4.94,929.0
218,1992,12,Uttar Pradesh,Jaunpur,5.51,6.0,1089.0
218,1993,12,Uttar Pradesh,Jaunpur,6.11,6.88,1126.0
218,1994,12,Uttar Pradesh,Jaunpur,6.14,5.27,858.0
218,1995,12,Uttar Pradesh,Jaunpur,5.0,5.96,1192.0
218,1996,12,Uttar Pradesh,Jaunpur,4.86,4.51,928.0
218,1997,12,Uttar Pradesh,Jaunpur,5.44,5.77,1061.0
218,1998,12,Uttar Pradesh,Jaunpur,5.85,5.28,903.0
218,1999,12,Uttar Pradesh,Jaunpur,5.36,5.11,953.0
218,2000,12,Uttar Pradesh,Jaunpur,4.9,7.54,1539.0
218,2001,12,Uttar Pradesh,Jaunpur,5.14,3.33,648.0
218,2002,12,Uttar Pradesh,Jaunpur,4.56,5.19,1138.0
218,2003,12,Uttar Pradesh,Jaunpur,5.02,3.87,771.0
218,2004,12,Uttar Pradesh,Jaunpur,5.43,5.92,1090.0
218,2005,12,Uttar Pradesh,Jaunpur,5.29,6.61,1250.0
218,2006,12,Uttar Pradesh,Jaunpur,5.49,6.6,1202.0
218,2007,12,Uttar Pradesh,Jaunpur,5.71,6.22,1089.0
218,2008,12,Uttar Pradesh,Jaunpur,5.55,5.27,950.0
218,2009,12,Uttar Pradesh,Jaunpur,5.58,7.88,1412.0
218,2010,12,Uttar Pradesh,Jaunpur,6.12,8.27,1351.0
218,2011,12,Uttar Pradesh,Jaunpur,6.04,9.51,1575.0
218,2012,12,Uttar Pradesh,Jaunpur,5.5,7.78,1415.0
218,2013,12,Uttar Pradesh,Jaunpur,10.29,8.96,871.0
218,2014,12,Uttar Pradesh,Jaunpur,6.63,8.22,1240.0
218,2015,12,Uttar Pradesh,Jaunpur,5.91,6.6,1117.0
218,2016,12,Uttar Pradesh,Jaunpur,6.75,7.83,1160.0
218,2017,12,Uttar Pradesh,Jaunpur,4.94,5.8,1174.0
218,2018,12,Uttar Pradesh,Jaunpur,5.96,7.51,1261.0
218,2019,12,Uttar Pradesh,Jaunpur,7.09,11.04,1556.0
219,1990,12,Uttar Pradesh,Ghazipur,13.11,14.58,1112.0
219,1991,12,Uttar Pradesh,Ghazipur,13.43,12.92,962.0
219,1992,12,Uttar Pradesh,Ghazipur,12.39,15.14,1222.0
219,1993,12,Uttar Pradesh,Ghazipur,13.92,18.22,1309.0
219,1994,12,Uttar Pradesh,Ghazipur,11.16,6.83,612.0
219,1995,12,Uttar Pradesh,Ghazipur,12.96,11.23,867.0
219,1996,12,Uttar Pradesh,Ghazipur,12.71,12.44,979.0
219,1997,12,Uttar Pradesh,Ghazipur,11.39,6.89,605.0
219,1998,12,Uttar Pradesh,Ghazipur,11.52,12.35,1072.0
219,1999,12,Uttar Pradesh,Ghazipur,10.92,10.42,954.0
219,2000,12,Uttar Pradesh,Ghazipur,9.89,12.2,1234.0
219,2001,12,Uttar Pradesh,Ghazipur,9.76,9.51,974.0
219,2002,12,Uttar Pradesh,Ghazipur,9.83,10.31,1049.0
219,2003,12,Uttar Pradesh,Ghazipur,11.29,10.7,948.0
219,2004,12,Uttar Pradesh,Ghazipur,10.81,15.28,1414.0
219,2005,12,Uttar Pradesh,Ghazipur,13.98,19.02,1361.0
219,2006,12,Uttar Pradesh,Ghazipur,14.14,19.98,1413.0
219,2007,12,Uttar Pradesh,Ghazipur,13.89,19.97,1438.0
219,2008,12,Uttar Pradesh,Ghazipur,13.69,19.35,1413.0
219,2009,12,Uttar Pradesh,Ghazipur,14.44,23.92,1657.0
219,2010,12,Uttar Pradesh,Ghazipur,13.84,19.55,1413.0
219,2011,12,Uttar Pradesh,Ghazipur,14.57,22.48,1543.0
219,2012,12,Uttar Pradesh,Ghazipur,16.15,24.46,1515.0
219,2013,12,Uttar Pradesh,Ghazipur,14.99,11.0,734.0
219,2014,12,Uttar Pradesh,Ghazipur,13.04,23.38,1793.0
219,2015,12,Uttar Pradesh,Ghazipur,17.32,30.0,1732.0
219,2016,12,Uttar Pradesh,Ghazipur,15.53,10.54,679.0
219,2017,12,Uttar Pradesh,Ghazipur,14.76,15.48,1049.0
219,2018,12,Uttar Pradesh,Ghazipur,15.85,28.36,1790.0
219,2019,12,Uttar Pradesh,Ghazipur,14.57,19.53,1340.0
220,1990,12,Uttar Pradesh,Ballia,3.05,2.84,931.0
220,1991,12,Uttar Pradesh,Ballia,2.68,2.49,929.0
220,1992,12,Uttar Pradesh,Ballia,2.83,3.09,1092.0
220,1993,12,Uttar Pradesh,Ballia,2.7,3.04,1126.0
220,1994,12,Uttar Pradesh,Ballia,3.26,2.8,859.0
220,1995,12,Uttar Pradesh,Ballia,3.21,3.83,1193.0
220,1996,12,Uttar Pradesh,Ballia,1.54,1.43,929.0
220,1997,12,Uttar Pradesh,Ballia,1.72,1.76,1023.0
220,1998,12,Uttar Pradesh,Ballia,1.92,2.38,1240.0
220,1999,12,Uttar Pradesh,Ballia,0.82,1.32,1610.0
220,2000,12,Uttar Pradesh,Ballia,1.49,1.17,785.0
220,2001,12,Uttar Pradesh,Ballia,1.85,2.19,1184.0
220,2002,12,Uttar Pradesh,Ballia,1.59,2.13,1340.0
220,2003,12,Uttar Pradesh,Ballia,1.65,2.22,1345.0
220,2004,12,Uttar Pradesh,Ballia,1.59,2.62,1648.0
220,2005,12,Uttar Pradesh,Ballia,1.92,2.98,1552.0
220,2006,12,Uttar Pradesh,Ballia,2.1,3.26,1552.0
220,2007,12,Uttar Pradesh,Ballia,1.75,2.72,1554.0
220,2008,12,Uttar Pradesh,Ballia,1.19,2.04,1714.0
220,2009,12,Uttar Pradesh,Ballia,1.89,3.21,1698.0
220,2010,12,Uttar Pradesh,Ballia,1.89,2.02,1069.0
220,2011,12,Uttar Pradesh,Ballia,1.9,2.46,1295.0
220,2012,12,Uttar Pradesh,Ballia,2.06,3.96,1922.0
220,2013,12,Uttar Pradesh,Ballia,1.77,2.25,1271.0
220,2014,12,Uttar Pradesh,Ballia,2.01,4.0,1990.0
220,2015,12,Uttar Pradesh,Ballia,2.27,4.11,1811.0
220,2016,12,Uttar Pradesh,Ballia,1.95,3.71,1901.0
220,2017,12,Uttar Pradesh,Ballia,1.98,3.83,1931.0
220,2018,12,Uttar Pradesh,Ballia,1.8,3.75,2080.0
220,2019,12,Uttar Pradesh,Ballia,0.46,0.99,2159.0
221,1990,12,Uttar Pradesh,Gorakhpur,0.28,0.31,1107.0
221,1991,12,Uttar Pradesh,Gorakhpur,0.37,0.45,1216.0
221,1992,12,Uttar Pradesh,Gorakhpur,0.5,0.78,1560.0
221,1993,12,Uttar Pradesh,Gorakhpur,0.56,0.85,1518.0
221,1994,12,Uttar Pradesh,Gorakhpur,0.41,0.55,1341.0
221,1995,12,Uttar Pradesh,Gorakhpur,0.35,0.63,1800.0
221,1996,12,Uttar Pradesh,Gorakhpur,0.6,0.92,1533.0
221,1997,12,Uttar Pradesh,Gorakhpur,0.63,1.06,1683.0
221,1998,12,Uttar Pradesh,Gorakhpur,0.27,0.43,1593.0
221,1999,12,Uttar Pradesh,Gorakhpur,0.38,0.68,1789.0
221,2000,12,Uttar Pradesh,Gorakhpur,0.28,0.47,1679.0
221,2001,12,Uttar Pradesh,Gorakhpur,0.14,0.19,1357.0
221,2002,12,Uttar Pradesh,Gorakhpur,0.21,0.31,1476.0
221,2003,12,Uttar Pradesh,Gorakhpur,0.15,0.23,1533.0
221,2004,12,Uttar Pradesh,Gorakhpur,0.37,0.62,1676.0
221,2005,12,Uttar Pradesh,Gorakhpur,0.11,0.18,1636.0
221,2006,12,Uttar Pradesh,Gorakhpur,0.09,0.14,1556.0
221,2007,12,Uttar Pradesh,Gorakhpur,0.05,0.08,1600.0
221,2008,12,Uttar Pradesh,Gorakhpur,0.02,0.03,1500.0
221,2009,12,Uttar Pradesh,Gorakhpur,0.04,0.06,1500.0
221,2010,12,Uttar Pradesh,Gorakhpur,0.02,0.04,2000.0
221,2011,12,Uttar Pradesh,Gorakhpur,0.01,0.01,1000.0
221,2012,12,Uttar Pradesh,Gorakhpur,0.01,0.01,1000.0
221,2013,12,Uttar Pradesh,Gorakhpur,0.01,0.01,1000.0
221,2015,12,Uttar Pradesh,Gorakhpur,0.02,0.03,1500.0
221,2016,12,Uttar Pradesh,Gorakhpur,0.01,0.02,1875.0
221,2017,12,Uttar Pradesh,Gorakhpur,0.01,0.02,1889.0
221,2018,12,Uttar Pradesh,Gorakhpur,0.01,0.02,2143.0
221,2019,12,Uttar Pradesh,Gorakhpur,0.01,0.02,2125.0
222,1990,12,Uttar Pradesh,Deoria,0.88,0.98,1114.0
222,1991,12,Uttar Pradesh,Deoria,0.8,0.96,1200.0
222,1992,12,Uttar Pradesh,Deoria,0.73,1.15,1575.0
222,1993,12,Uttar Pradesh,Deoria,0.7,1.08,1543.0
222,1994,12,Uttar Pradesh,Deoria,0.82,1.09,1329.0
222,1995,12,Uttar Pradesh,Deoria,0.68,1.23,1809.0
222,1996,12,Uttar Pradesh,Deoria,0.56,0.85,1518.0
222,1997,12,Uttar Pradesh,Deoria,1.17,1.97,1684.0
222,1998,12,Uttar Pradesh,Deoria,0.54,0.86,1593.0
222,1999,12,Uttar Pradesh,Deoria,0.41,0.73,1780.0
222,2000,12,Uttar Pradesh,Deoria,0.38,0.64,1684.0
222,2001,12,Uttar Pradesh,Deoria,0.24,0.34,1417.0
222,2002,12,Uttar Pradesh,Deoria,0.28,0.42,1500.0
222,2003,12,Uttar Pradesh,Deoria,0.35,0.52,1486.0
222,2004,12,Uttar Pradesh,Deoria,0.26,0.43,1654.0
222,2005,12,Uttar Pradesh,Deoria,0.22,0.36,1636.0
222,2006,12,Uttar Pradesh,Deoria,0.18,0.28,1556.0
222,2007,12,Uttar Pradesh,Deoria,0.17,0.26,1529.0
222,2008,12,Uttar Pradesh,Deoria,0.12,0.2,1667.0
222,2009,12,Uttar Pradesh,Deoria,0.25,0.42,1680.0
222,2010,12,Uttar Pradesh,Deoria,0.16,0.27,1688.0
222,2011,12,Uttar Pradesh,Deoria,0.16,0.31,1938.0
222,2012,12,Uttar Pradesh,Deoria,0.05,0.1,2000.0
222,2013,12,Uttar Pradesh,Deoria,0.21,0.44,2095.0
222,2014,12,Uttar Pradesh,Deoria,0.16,0.32,2000.0
222,2015,12,Uttar Pradesh,Deoria,0.25,0.45,1800.0
222,2016,12,Uttar Pradesh,Deoria,0.24,0.45,1831.0
222,2017,12,Uttar Pradesh,Deoria,0.15,0.29,1932.0
222,2018,12,Uttar Pradesh,Deoria,0.19,0.41,2215.0
222,2019,12,Uttar Pradesh,Deoria,0.14,0.31,2194.0
223,1990,12,Uttar Pradesh,Basti,0.18,0.2,1111.0
223,1991,12,Uttar Pradesh,Basti,0.12,0.14,1167.0
223,1992,12,Uttar Pradesh,Basti,0.17,0.27,1588.0
223,1993,12,Uttar Pradesh,Basti,0.1,0.16,1600.0
223,1994,12,Uttar Pradesh,Basti,0.25,0.33,1320.0
223,1995,12,Uttar Pradesh,Basti,0.19,0.34,1789.0
223,1996,12,Uttar Pradesh,Basti,0.26,0.4,1538.0
223,1997,12,Uttar Pradesh,Basti,0.08,0.15,1875.0
223,1998,12,Uttar Pradesh,Basti,0.01,0.02,2000.0
223,1999,12,Uttar Pradesh,Basti,0.01,0.02,2000.0
223,2000,12,Uttar Pradesh,Basti,0.01,0.01,1000.0
223,2001,12,Uttar Pradesh,Basti,0.05,0.09,1800.0
223,2002,12,Uttar Pradesh,Basti,0.02,0.03,1500.0
223,2003,12,Uttar Pradesh,Basti,0.05,0.08,1600.0
223,2004,12,Uttar Pradesh,Basti,0.05,0.09,1800.0
223,2005,12,Uttar Pradesh,Basti,0.04,0.07,1750.0
223,2006,12,Uttar Pradesh,Basti,0.04,0.07,1750.0
223,2007,12,Uttar Pradesh,Basti,0.04,0.06,1500.0
223,2008,12,Uttar Pradesh,Basti,0.04,0.07,1750.0
224,1990,12,Uttar Pradesh,Azamgarh,1.79,1.99,1112.0
224,1991,12,Uttar Pradesh,Azamgarh,0.31,0.37,1194.0
224,1992,12,Uttar Pradesh,Azamgarh,0.31,0.48,1548.0
224,1993,12,Uttar Pradesh,Azamgarh,0.47,0.71,1511.0
224,1994,12,Uttar Pradesh,Azamgarh,0.68,0.91,1338.0
224,1995,12,Uttar Pradesh,Azamgarh,0.38,0.45,1184.0
224,1996,12,Uttar Pradesh,Azamgarh,0.39,0.37,949.0
224,1997,12,Uttar Pradesh,Azamgarh,0.21,0.22,1048.0
224,1998,12,Uttar Pradesh,Azamgarh,0.21,0.26,1238.0
224,1999,12,Uttar Pradesh,Azamgarh,0.19,0.31,1632.0
224,2000,12,Uttar Pradesh,Azamgarh,0.13,0.1,769.0
224,2001,12,Uttar Pradesh,Azamgarh,0.12,0.14,1167.0
224,2002,12,Uttar Pradesh,Azamgarh,0.06,0.08,1333.0
224,2003,12,Uttar Pradesh,Azamgarh,0.19,0.26,1368.0
224,2004,12,Uttar Pradesh,Azamgarh,0.4,0.66,1650.0
224,2005,12,Uttar Pradesh,Azamgarh,0.11,0.17,1545.0
224,2006,12,Uttar Pradesh,Azamgarh,0.11,0.18,1636.0
224,2007,12,Uttar Pradesh,Azamgarh,0.1,0.16,1600.0
224,2008,12,Uttar Pradesh,Azamgarh,0.06,0.1,1667.0
224,2009,12,Uttar Pradesh,Azamgarh,0.13,0.21,1615.0
224,2010,12,Uttar Pradesh,Azamgarh,0.11,0.12,1091.0
224,2011,12,Uttar Pradesh,Azamgarh,0.06,0.08,1333.0
224,2012,12,Uttar Pradesh,Azamgarh,0.07,0.13,1857.0
224,2013,12,Uttar Pradesh,Azamgarh,0.12,0.15,1250.0
224,2014,12,Uttar Pradesh,Azamgarh,0.07,0.14,2000.0
224,2015,12,Uttar Pradesh,Azamgarh,0.03,0.06,2000.0
224,2016,12,Uttar Pradesh,Azamgarh,0.11,0.2,1896.0
224,2017,12,Uttar Pradesh,Azamgarh,0.11,0.22,1929.0
224,2018,12,Uttar Pradesh,Azamgarh,0.11,0.22,2076.0
224,2019,12,Uttar Pradesh,Azamgarh,0.11,0.24,2161.0
225,1990,12,Uttar Pradesh,Lucknow,2.15,1.3,605.0
225,1991,12,Uttar Pradesh,Lucknow,2.35,1.25,532.0
225,1992,12,Uttar Pradesh,Lucknow,1.99,1.55,779.0
225,1993,12,Uttar Pradesh,Lucknow,1.93,1.89,979.0
225,1994,12,Uttar Pradesh,Lucknow,1.96,1.87,954.0
225,1995,12,Uttar Pradesh,Lucknow,1.97,1.92,975.0
225,1996,12,Uttar Pradesh,Lucknow,2.22,2.09,941.0
225,1997,12,Uttar Pradesh,Lucknow,2.13,2.35,1103.0
225,1998,12,Uttar Pradesh,Lucknow,1.83,0.92,503.0
225,1999,12,Uttar Pradesh,Lucknow,1.87,2.03,1086.0
225,2000,12,Uttar Pradesh,Lucknow,1.57,1.23,783.0
225,2001,12,Uttar Pradesh,Lucknow,1.56,1.29,827.0
225,2002,12,Uttar Pradesh,Lucknow,1.44,1.05,729.0
225,2003,12,Uttar Pradesh,Lucknow,1.71,1.36,795.0
225,2004,12,Uttar Pradesh,Lucknow,1.47,1.57,1068.0
225,2005,12,Uttar Pradesh,Lucknow,1.51,1.12,742.0
225,2006,12,Uttar Pradesh,Lucknow,1.34,1.62,1209.0
225,2007,12,Uttar Pradesh,Lucknow,1.36,1.3,956.0
225,2008,12,Uttar Pradesh,Lucknow,0.82,0.87,1061.0
225,2009,12,Uttar Pradesh,Lucknow,0.91,0.78,857.0
225,2010,12,Uttar Pradesh,Lucknow,0.91,1.02,1121.0
225,2011,12,Uttar Pradesh,Lucknow,0.9,0.97,1078.0
225,2012,12,Uttar Pradesh,Lucknow,0.81,0.7,864.0
225,2013,12,Uttar Pradesh,Lucknow,0.79,0.63,797.0
225,2014,12,Uttar Pradesh,Lucknow,0.63,0.67,1063.0
225,2015,12,Uttar Pradesh,Lucknow,0.55,0.64,1164.0
225,2016,12,Uttar Pradesh,Lucknow,0.87,1.24,1423.0
225,2017,12,Uttar Pradesh,Lucknow,0.8,0.9,1128.0
225,2018,12,Uttar Pradesh,Lucknow,0.71,0.64,904.0
225,2019,12,Uttar Pradesh,Lucknow,0.91,1.46,1597.0
226,1990,12,Uttar Pradesh,Unnao,1.6,0.97,606.0
226,1991,12,Uttar Pradesh,Unnao,1.42,0.76,535.0
226,1992,12,Uttar Pradesh,Unnao,1.81,1.41,779.0
226,1993,12,Uttar Pradesh,Unnao,1.55,1.52,981.0
226,1994,12,Uttar Pradesh,Unnao,1.52,1.45,954.0
226,1995,12,Uttar Pradesh,Unnao,1.43,1.4,979.0
226,1996,12,Uttar Pradesh,Unnao,1.43,1.35,944.0
226,1997,12,Uttar Pradesh,Unnao,1.1,1.21,1100.0
226,1998,12,Uttar Pradesh,Unnao,0.9,0.45,500.0
226,1999,12,Uttar Pradesh,Unnao,0.98,1.07,1092.0
226,2000,12,Uttar Pradesh,Unnao,0.87,0.69,793.0
226,2001,12,Uttar Pradesh,Unnao,0.7,0.58,829.0
226,2002,12,Uttar Pradesh,Unnao,1.09,0.79,725.0
226,2003,12,Uttar Pradesh,Unnao,1.55,1.23,794.0
226,2004,12,Uttar Pradesh,Unnao,0.45,0.49,1089.0
226,2005,12,Uttar Pradesh,Unnao,1.36,1.01,743.0
226,2006,12,Uttar Pradesh,Unnao,1.48,1.78,1203.0
226,2007,12,Uttar Pradesh,Unnao,1.8,1.72,956.0
226,2008,12,Uttar Pradesh,Unnao,1.47,1.55,1054.0
226,2009,12,Uttar Pradesh,Unnao,1.36,1.18,868.0
226,2010,12,Uttar Pradesh,Unnao,1.46,1.63,1116.0
226,2011,12,Uttar Pradesh,Unnao,1.41,1.51,1071.0
226,2012,12,Uttar Pradesh,Unnao,0.81,0.7,864.0
226,2013,12,Uttar Pradesh,Unnao,0.96,0.77,802.0
226,2014,12,Uttar Pradesh,Unnao,1.12,1.25,1116.0
226,2015,12,Uttar Pradesh,Unnao,1.11,1.51,1360.0
226,2016,12,Uttar Pradesh,Unnao,1.22,1.66,1366.0
226,2017,12,Uttar Pradesh,Unnao,1.17,0.74,633.0
226,2018,12,Uttar Pradesh,Unnao,1.16,1.05,905.0
226,2019,12,Uttar Pradesh,Unnao,1.42,2.27,1597.0
227,1990,12,Uttar Pradesh,Rae - Bareily,2.07,1.25,604.0
227,1991,12,Uttar Pradesh,Rae - Bareily,2.21,1.18,534.0
227,1992,12,Uttar Pradesh,Rae - Bareily,2.15,1.67,777.0
227,1993,12,Uttar Pradesh,Rae - Bareily,1.96,1.92,980.0
227,1994,12,Uttar Pradesh,Rae - Bareily,2.28,2.17,952.0
227,1995,12,Uttar Pradesh,Rae - Bareily,2.01,1.97,980.0
227,1996,12,Uttar Pradesh,Rae - Bareily,2.46,2.32,943.0
227,1997,12,Uttar Pradesh,Rae - Bareily,2.99,3.29,1100.0
227,1998,12,Uttar Pradesh,Rae - Bareily,3.02,1.52,503.0
227,1999,12,Uttar Pradesh,Rae - Bareily,2.58,2.81,1089.0
227,2000,12,Uttar Pradesh,Rae - Bareily,2.68,2.1,784.0
227,2001,12,Uttar Pradesh,Rae - Bareily,1.41,1.17,830.0
227,2002,12,Uttar Pradesh,Rae - Bareily,1.35,0.92,681.0
227,2003,12,Uttar Pradesh,Rae - Bareily,2.01,1.6,796.0
227,2004,12,Uttar Pradesh,Rae - Bareily,1.81,1.94,1072.0
227,2005,12,Uttar Pradesh,Rae - Bareily,1.43,1.06,741.0
227,2006,12,Uttar Pradesh,Rae - Bareily,1.38,1.67,1210.0
227,2007,12,Uttar Pradesh,Rae - Bareily,1.42,1.37,965.0
227,2008,12,Uttar Pradesh,Rae - Bareily,1.25,1.32,1056.0
227,2009,12,Uttar Pradesh,Rae - Bareily,1.14,0.99,868.0
227,2010,12,Uttar Pradesh,Rae - Bareily,0.84,0.94,1119.0
227,2011,12,Uttar Pradesh,Rae - Bareily,0.81,0.87,1074.0
227,2012,12,Uttar Pradesh,Rae - Bareily,0.52,0.45,865.0
227,2013,12,Uttar Pradesh,Rae - Bareily,0.67,0.54,806.0
227,2014,12,Uttar Pradesh,Rae - Bareily,0.62,0.67,1081.0
227,2015,12,Uttar Pradesh,Rae - Bareily,0.53,0.62,1170.0
227,2016,12,Uttar Pradesh,Rae - Bareily,0.69,0.99,1423.0
227,2017,12,Uttar Pradesh,Rae - Bareily,0.72,0.81,1129.0
227,2018,12,Uttar Pradesh,Rae - Bareily,0.88,0.79,905.0
227,2019,12,Uttar Pradesh,Rae - Bareily,0.59,0.94,1597.0
228,1990,12,Uttar Pradesh,Sitapur,3.97,2.4,605.0
228,1991,12,Uttar Pradesh,Sitapur,3.64,1.94,533.0
228,1992,12,Uttar Pradesh,Sitapur,3.89,3.03,779.0
228,1993,12,Uttar Pradesh,Sitapur,3.36,3.29,979.0
228,1994,12,Uttar Pradesh,Sitapur,2.81,2.67,950.0
228,1995,12,Uttar Pradesh,Sitapur,1.89,1.85,979.0
228,1996,12,Uttar Pradesh,Sitapur,1.92,1.81,943.0
228,1997,12,Uttar Pradesh,Sitapur,2.97,3.28,1104.0
228,1998,12,Uttar Pradesh,Sitapur,2.77,1.39,502.0
228,1999,12,Uttar Pradesh,Sitapur,3.55,3.86,1087.0
228,2000,12,Uttar Pradesh,Sitapur,3.51,2.75,783.0
228,2001,12,Uttar Pradesh,Sitapur,3.16,2.62,829.0
228,2002,12,Uttar Pradesh,Sitapur,4.26,2.94,690.0
228,2003,12,Uttar Pradesh,Sitapur,5.41,4.72,872.0
228,2004,12,Uttar Pradesh,Sitapur,1.69,1.74,1030.0
228,2005,12,Uttar Pradesh,Sitapur,4.46,2.92,655.0
228,2006,12,Uttar Pradesh,Sitapur,4.6,3.49,759.0
228,2007,12,Uttar Pradesh,Sitapur,5.02,3.38,673.0
228,2008,12,Uttar Pradesh,Sitapur,3.2,2.64,825.0
228,2009,12,Uttar Pradesh,Sitapur,3.74,2.12,567.0
228,2010,12,Uttar Pradesh,Sitapur,3.11,2.54,817.0
228,2011,12,Uttar Pradesh,Sitapur,2.24,2.11,942.0
228,2012,12,Uttar Pradesh,Sitapur,1.99,1.69,849.0
228,2013,12,Uttar Pradesh,Sitapur,1.87,1.52,813.0
228,2014,12,Uttar Pradesh,Sitapur,2.48,2.58,1040.0
228,2015,12,Uttar Pradesh,Sitapur,2.7,2.57,952.0
228,2016,12,Uttar Pradesh,Sitapur,2.52,1.6,637.0
228,2017,12,Uttar Pradesh,Sitapur,2.36,2.03,862.0
228,2018,12,Uttar Pradesh,Sitapur,2.9,2.68,922.0
228,2019,12,Uttar Pradesh,Sitapur,2.35,1.87,797.0
229,1990,12,Uttar Pradesh,Hardoi,5.89,3.57,606.0
229,1991,12,Uttar Pradesh,Hardoi,5.38,2.87,533.0
229,1992,12,Uttar Pradesh,Hardoi,5.64,4.39,778.0
229,1993,12,Uttar Pradesh,Hardoi,5.69,5.57,979.0
229,1994,12,Uttar Pradesh,Hardoi,4.98,4.74,952.0
229,1995,12,Uttar Pradesh,Hardoi,5.59,5.45,975.0
229,1996,12,Uttar Pradesh,Hardoi,5.13,4.83,942.0
229,1997,12,Uttar Pradesh,Hardoi,6.03,6.65,1103.0
229,1998,12,Uttar Pradesh,Hardoi,5.84,2.94,503.0
229,1999,12,Uttar Pradesh,Hardoi,4.68,5.1,1090.0
229,2000,12,Uttar Pradesh,Hardoi,5.1,3.99,782.0
229,2001,12,Uttar Pradesh,Hardoi,4.55,3.77,829.0
229,2002,12,Uttar Pradesh,Hardoi,2.41,2.01,834.0
229,2003,12,Uttar Pradesh,Hardoi,5.04,3.45,685.0
229,2004,12,Uttar Pradesh,Hardoi,4.48,4.83,1078.0
229,2005,12,Uttar Pradesh,Hardoi,3.97,3.31,834.0
229,2006,12,Uttar Pradesh,Hardoi,4.47,7.46,1669.0
229,2007,12,Uttar Pradesh,Hardoi,5.72,6.9,1206.0
229,2008,12,Uttar Pradesh,Hardoi,4.83,5.77,1195.0
229,2009,12,Uttar Pradesh,Hardoi,4.37,4.82,1103.0
229,2010,12,Uttar Pradesh,Hardoi,3.8,4.46,1174.0
229,2011,12,Uttar Pradesh,Hardoi,4.04,3.94,975.0
229,2012,12,Uttar Pradesh,Hardoi,4.03,4.85,1203.0
229,2013,12,Uttar Pradesh,Hardoi,3.78,4.49,1188.0
229,2014,12,Uttar Pradesh,Hardoi,3.83,3.79,990.0
229,2015,12,Uttar Pradesh,Hardoi,3.59,5.1,1421.0
229,2016,12,Uttar Pradesh,Hardoi,3.48,4.71,1353.0
229,2017,12,Uttar Pradesh,Hardoi,3.39,4.39,1292.0
229,2018,12,Uttar Pradesh,Hardoi,3.47,4.66,1342.0
229,2019,12,Uttar Pradesh,Hardoi,3.43,6.91,2013.0
230,1990,12,Uttar Pradesh,Kheri,0.53,0.32,604.0
230,1991,12,Uttar Pradesh,Kheri,0.45,0.24,533.0
230,1992,12,Uttar Pradesh,Kheri,0.5,0.39,780.0
230,1993,12,Uttar Pradesh,Kheri,0.3,0.29,967.0
230,1994,12,Uttar Pradesh,Kheri,0.39,0.37,949.0
230,1995,12,Uttar Pradesh,Kheri,0.4,0.39,975.0
230,1996,12,Uttar Pradesh,Kheri,0.27,0.26,963.0
230,1997,12,Uttar Pradesh,Kheri,0.23,0.25,1087.0
230,1998,12,Uttar Pradesh,Kheri,0.2,0.1,500.0
230,1999,12,Uttar Pradesh,Kheri,0.21,0.23,1095.0
230,2000,12,Uttar Pradesh,Kheri,0.23,0.18,783.0
230,2001,12,Uttar Pradesh,Kheri,0.41,0.34,829.0
230,2002,12,Uttar Pradesh,Kheri,0.4,0.29,725.0
230,2003,12,Uttar Pradesh,Kheri,0.43,0.35,814.0
230,2004,12,Uttar Pradesh,Kheri,0.65,0.69,1062.0
230,2005,12,Uttar Pradesh,Kheri,0.36,0.27,750.0
230,2006,12,Uttar Pradesh,Kheri,0.36,0.43,1194.0
230,2007,12,Uttar Pradesh,Kheri,0.28,0.27,964.0
230,2008,12,Uttar Pradesh,Kheri,0.25,0.26,1040.0
230,2009,12,Uttar Pradesh,Kheri,0.15,0.13,867.0
230,2010,12,Uttar Pradesh,Kheri,0.33,0.37,1121.0
230,2011,12,Uttar Pradesh,Kheri,0.42,0.45,1071.0
230,2012,12,Uttar Pradesh,Kheri,0.53,0.45,849.0
230,2013,12,Uttar Pradesh,Kheri,0.55,0.44,800.0
230,2014,12,Uttar Pradesh,Kheri,0.28,0.31,1107.0
230,2015,12,Uttar Pradesh,Kheri,0.28,0.32,1143.0
230,2016,12,Uttar Pradesh,Kheri,0.56,0.8,1424.0
230,2017,12,Uttar Pradesh,Kheri,0.64,0.72,1128.0
230,2018,12,Uttar Pradesh,Kheri,0.43,0.39,904.0
230,2019,12,Uttar Pradesh,Kheri,0.75,1.2,1597.0
231,1990,12,Uttar Pradesh,Faizabad,0.26,0.23,885.0
231,1991,12,Uttar Pradesh,Faizabad,0.19,0.16,842.0
231,1992,12,Uttar Pradesh,Faizabad,0.35,0.34,971.0
231,1993,12,Uttar Pradesh,Faizabad,0.15,0.17,1133.0
231,1994,12,Uttar Pradesh,Faizabad,0.36,0.4,1111.0
231,1995,12,Uttar Pradesh,Faizabad,0.17,0.2,1176.0
231,1996,12,Uttar Pradesh,Faizabad,0.01,0.01,1000.0
231,1997,12,Uttar Pradesh,Faizabad,0.09,0.1,1111.0
231,1998,12,Uttar Pradesh,Faizabad,0.01,0.01,1000.0
231,1999,12,Uttar Pradesh,Faizabad,0.02,0.04,2000.0
231,2000,12,Uttar Pradesh,Faizabad,0.02,0.03,1500.0
231,2001,12,Uttar Pradesh,Faizabad,0.02,0.03,1500.0
231,2002,12,Uttar Pradesh,Faizabad,0.01,0.01,1000.0
231,2007,12,Uttar Pradesh,Faizabad,0.02,0.03,1500.0
231,2008,12,Uttar Pradesh,Faizabad,0.02,0.03,1500.0
231,2011,12,Uttar Pradesh,Faizabad,0.01,0.02,2000.0
231,2012,12,Uttar Pradesh,Faizabad,0.01,0.01,1000.0
231,2014,12,Uttar Pradesh,Faizabad,0.02,0.02,1000.0
231,2018,12,Uttar Pradesh,Faizabad,0.07,0.14,2075.0
232,1990,12,Uttar Pradesh,Gonda,0.31,0.28,903.0
232,1991,12,Uttar Pradesh,Gonda,0.13,0.1,769.0
232,1992,12,Uttar Pradesh,Gonda,0.12,0.12,1000.0
232,1993,12,Uttar Pradesh,Gonda,0.13,0.15,1154.0
232,1994,12,Uttar Pradesh,Gonda,0.12,0.13,1083.0
232,1995,12,Uttar Pradesh,Gonda,0.1,0.12,1200.0
232,1996,12,Uttar Pradesh,Gonda,0.11,0.09,818.0
232,1997,12,Uttar Pradesh,Gonda,0.1,0.18,1800.0
232,1998,12,Uttar Pradesh,Gonda,0.1,0.15,1500.0
232,1999,12,Uttar Pradesh,Gonda,0.11,0.19,1727.0
232,2000,12,Uttar Pradesh,Gonda,0.13,0.22,1692.0
232,2001,12,Uttar Pradesh,Gonda,0.1,0.17,1700.0
232,2002,12,Uttar Pradesh,Gonda,0.03,0.05,1667.0
232,2003,12,Uttar Pradesh,Gonda,0.08,0.12,1500.0
232,2004,12,Uttar Pradesh,Gonda,0.03,0.05,1667.0
232,2005,12,Uttar Pradesh,Gonda,0.06,0.11,1833.0
233,1990,12,Uttar Pradesh,Bahraich,0.2,0.18,900.0
233,1991,12,Uttar Pradesh,Bahraich,0.25,0.2,800.0
233,1992,12,Uttar Pradesh,Bahraich,0.27,0.26,963.0
233,1993,12,Uttar Pradesh,Bahraich,0.24,0.28,1167.0
233,1994,12,Uttar Pradesh,Bahraich,0.24,0.26,1083.0
233,1995,12,Uttar Pradesh,Bahraich,0.27,0.32,1185.0
233,1996,12,Uttar Pradesh,Bahraich,0.31,0.26,839.0
233,1997,12,Uttar Pradesh,Bahraich,0.32,0.56,1750.0
233,1998,12,Uttar Pradesh,Bahraich,0.28,0.42,1500.0
233,1999,12,Uttar Pradesh,Bahraich,0.29,0.49,1690.0
233,2000,12,Uttar Pradesh,Bahraich,0.29,0.5,1724.0
233,2001,12,Uttar Pradesh,Bahraich,0.21,0.34,1619.0
233,2002,12,Uttar Pradesh,Bahraich,0.02,0.04,2000.0
233,2003,12,Uttar Pradesh,Bahraich,0.09,0.13,1444.0
233,2004,12,Uttar Pradesh,Bahraich,0.01,0.01,1000.0
233,2005,12,Uttar Pradesh,Bahraich,0.03,0.05,1667.0
233,2006,12,Uttar Pradesh,Bahraich,0.03,0.05,1667.0
233,2007,12,Uttar Pradesh,Bahraich,0.01,0.02,2000.0
233,2008,12,Uttar Pradesh,Bahraich,0.01,0.02,2000.0
233,2009,12,Uttar Pradesh,Bahraich,0.02,0.03,1500.0
233,2010,12,Uttar Pradesh,Bahraich,0.03,0.05,1667.0
233,2011,12,Uttar Pradesh,Bahraich,0.02,0.04,2000.0
233,2012,12,Uttar Pradesh,Bahraich,0.02,0.04,2000.0
233,2013,12,Uttar Pradesh,Bahraich,0.02,0.05,2500.0
233,2014,12,Uttar Pradesh,Bahraich,0.03,0.05,1667.0
233,2015,12,Uttar Pradesh,Bahraich,0.01,0.01,1000.0
233,2016,12,Uttar Pradesh,Bahraich,0.02,0.03,1875.0
233,2017,12,Uttar Pradesh,Bahraich,0.01,0.03,1929.0
233,2018,12,Uttar Pradesh,Bahraich,0.03,0.06,2033.0
233,2019,12,Uttar Pradesh,Bahraich,0.03,0.06,2133.0
234,1990,12,Uttar Pradesh,Sultanpur,0.7,0.62,886.0
234,1991,12,Uttar Pradesh,Sultanpur,0.69,0.56,812.0
234,1992,12,Uttar Pradesh,Sultanpur,0.74,0.7,946.0
234,1993,12,Uttar Pradesh,Sultanpur,0.65,0.75,1154.0
234,1994,12,Uttar Pradesh,Sultanpur,0.54,0.6,1111.0
234,1995,12,Uttar Pradesh,Sultanpur,0.63,0.73,1159.0
234,1996,12,Uttar Pradesh,Sultanpur,0.63,0.52,825.0
234,1997,12,Uttar Pradesh,Sultanpur,0.53,0.55,1038.0
234,1998,12,Uttar Pradesh,Sultanpur,0.51,0.64,1255.0
234,1999,12,Uttar Pradesh,Sultanpur,0.56,0.86,1536.0
234,2000,12,Uttar Pradesh,Sultanpur,0.62,0.96,1548.0
234,2001,12,Uttar Pradesh,Sultanpur,0.5,0.63,1260.0
234,2002,12,Uttar Pradesh,Sultanpur,0.4,0.55,1375.0
234,2003,12,Uttar Pradesh,Sultanpur,0.26,0.36,1385.0
234,2004,12,Uttar Pradesh,Sultanpur,1.0,1.6,1600.0
234,2005,12,Uttar Pradesh,Sultanpur,0.35,0.53,1514.0
234,2006,12,Uttar Pradesh,Sultanpur,0.25,0.38,1520.0
234,2007,12,Uttar Pradesh,Sultanpur,0.24,0.37,1542.0
234,2008,12,Uttar Pradesh,Sultanpur,0.25,0.42,1680.0
234,2009,12,Uttar Pradesh,Sultanpur,0.27,0.45,1667.0
234,2010,12,Uttar Pradesh,Sultanpur,0.15,0.13,867.0
234,2011,12,Uttar Pradesh,Sultanpur,0.15,0.28,1867.0
234,2012,12,Uttar Pradesh,Sultanpur,0.14,0.12,857.0
234,2013,12,Uttar Pradesh,Sultanpur,0.16,0.15,938.0
234,2014,12,Uttar Pradesh,Sultanpur,0.17,0.21,1235.0
234,2015,12,Uttar Pradesh,Sultanpur,0.13,0.07,538.0
234,2016,12,Uttar Pradesh,Sultanpur,0.13,0.11,799.0
234,2017,12,Uttar Pradesh,Sultanpur,0.13,0.26,1970.0
234,2018,12,Uttar Pradesh,Sultanpur,0.2,0.42,2069.0
234,2019,12,Uttar Pradesh,Sultanpur,0.21,0.46,2164.0
235,1990,12,Uttar Pradesh,Pratapgarh,16.32,14.69,900.0
235,1991,12,Uttar Pradesh,Pratapgarh,15.77,11.93,756.0
235,1992,12,Uttar Pradesh,Pratapgarh,16.31,19.08,1170.0
235,1993,12,Uttar Pradesh,Pratapgarh,16.12,15.85,983.0
235,1994,12,Uttar Pradesh,Pratapgarh,15.73,16.84,1071.0
235,1995,12,Uttar Pradesh,Pratapgarh,15.44,23.82,1543.0
235,1996,12,Uttar Pradesh,Pratapgarh,14.32,17.8,1243.0
235,1997,12,Uttar Pradesh,Pratapgarh,14.32,17.91,1251.0
235,1998,12,Uttar Pradesh,Pratapgarh,19.82,12.36,624.0
235,1999,12,Uttar Pradesh,Pratapgarh,13.99,11.31,808.0
235,2000,12,Uttar Pradesh,Pratapgarh,13.95,14.43,1034.0
235,2001,12,Uttar Pradesh,Pratapgarh,14.04,16.31,1162.0
235,2002,12,Uttar Pradesh,Pratapgarh,15.01,14.09,939.0
235,2003,12,Uttar Pradesh,Pratapgarh,13.44,16.51,1228.0
235,2004,12,Uttar Pradesh,Pratapgarh,14.57,11.67,801.0
235,2005,12,Uttar Pradesh,Pratapgarh,12.84,12.14,945.0
235,2006,12,Uttar Pradesh,Pratapgarh,10.16,9.48,933.0
235,2007,12,Uttar Pradesh,Pratapgarh,10.08,7.46,740.0
235,2008,12,Uttar Pradesh,Pratapgarh,10.98,7.67,699.0
235,2009,12,Uttar Pradesh,Pratapgarh,10.62,6.63,624.0
235,2010,12,Uttar Pradesh,Pratapgarh,10.44,7.92,759.0
235,2011,12,Uttar Pradesh,Pratapgarh,10.31,7.85,761.0
235,2012,12,Uttar Pradesh,Pratapgarh,10.95,8.42,769.0
235,2013,12,Uttar Pradesh,Pratapgarh,10.82,8.85,818.0
235,2014,12,Uttar Pradesh,Pratapgarh,9.86,7.73,784.0
235,2015,12,Uttar Pradesh,Pratapgarh,9.28,6.68,720.0
235,2016,12,Uttar Pradesh,Pratapgarh,10.28,8.54,831.0
235,2017,12,Uttar Pradesh,Pratapgarh,9.44,7.4,784.0
235,2018,12,Uttar Pradesh,Pratapgarh,10.27,14.38,1400.0
235,2019,12,Uttar Pradesh,Pratapgarh,11.48,14.07,1226.0
236,1990,12,Uttar Pradesh,Barabanki,0.79,0.7,886.0
236,1991,12,Uttar Pradesh,Barabanki,0.65,0.53,815.0
236,1992,12,Uttar Pradesh,Barabanki,0.83,0.79,952.0
236,1993,12,Uttar Pradesh,Barabanki,0.85,0.98,1153.0
236,1994,12,Uttar Pradesh,Barabanki,0.7,0.77,1100.0
236,1995,12,Uttar Pradesh,Barabanki,0.83,0.97,1169.0
236,1996,12,Uttar Pradesh,Barabanki,0.88,0.73,830.0
236,1997,12,Uttar Pradesh,Barabanki,0.84,0.88,1048.0
236,1998,12,Uttar Pradesh,Barabanki,0.89,1.1,1236.0
236,1999,12,Uttar Pradesh,Barabanki,0.79,1.2,1519.0
236,2000,12,Uttar Pradesh,Barabanki,0.82,1.28,1561.0
236,2001,12,Uttar Pradesh,Barabanki,0.9,1.13,1256.0
236,2002,12,Uttar Pradesh,Barabanki,1.11,1.53,1378.0
236,2003,12,Uttar Pradesh,Barabanki,0.97,1.33,1371.0
236,2004,12,Uttar Pradesh,Barabanki,0.85,1.36,1600.0
236,2005,12,Uttar Pradesh,Barabanki,0.86,1.3,1512.0
236,2006,12,Uttar Pradesh,Barabanki,0.93,1.4,1505.0
236,2007,12,Uttar Pradesh,Barabanki,0.91,1.41,1549.0
236,2008,12,Uttar Pradesh,Barabanki,0.72,1.2,1667.0
236,2009,12,Uttar Pradesh,Barabanki,0.7,1.18,1686.0
236,2010,12,Uttar Pradesh,Barabanki,0.64,0.55,859.0
236,2011,12,Uttar Pradesh,Barabanki,0.61,1.13,1852.0
236,2012,12,Uttar Pradesh,Barabanki,0.52,0.34,654.0
236,2013,12,Uttar Pradesh,Barabanki,0.48,0.45,938.0
236,2014,12,Uttar Pradesh,Barabanki,0.58,0.71,1224.0
236,2015,12,Uttar Pradesh,Barabanki,0.45,0.24,533.0
236,2016,12,Uttar Pradesh,Barabanki,0.42,0.31,736.0
236,2017,12,Uttar Pradesh,Barabanki,0.55,1.09,1973.0
236,2018,12,Uttar Pradesh,Barabanki,0.64,1.33,2069.0
236,2019,12,Uttar Pradesh,Barabanki,0.44,0.96,2160.0
237,1991,16,Uttarakhand,Nainital,0.04,0.03,750.0
501,1993,14,Chhattisgarh,Rajnandgaon,0.01,0.01,1000.0
501,1996,14,Chhattisgarh,Rajnandgaon,0.3,0.3,1000.0
501,2010,14,Chhattisgarh,Rajnandgaon,1.34,1.92,1433.0
501,2018,14,Chhattisgarh,Rajnandgaon,0.01,0.01,1250.0
502,1993,6,Madhya Pradesh,Bhopal,0.14,0.17,1214.0
502,2018,6,Madhya Pradesh,Bhopal,0.02,0.04,2400.0
502,2019,6,Madhya Pradesh,Bhopal,0.01,0.02,2143.0
503,1990,1,Andhra Pradesh,Vizianagaram,6.29,6.74,1072.0
503,1991,1,Andhra Pradesh,Vizianagaram,5.62,5.22,929.0
503,1992,1,Andhra Pradesh,Vizianagaram,5.42,4.73,873.0
503,1993,1,Andhra Pradesh,Vizianagaram,5.0,4.0,800.0
503,1994,1,Andhra Pradesh,Vizianagaram,6.0,7.0,1167.0
503,1995,1,Andhra Pradesh,Vizianagaram,5.0,5.0,1000.0
503,1996,1,Andhra Pradesh,Vizianagaram,5.0,6.0,1200.0
503,1997,1,Andhra Pradesh,Vizianagaram,5.0,4.0,800.0
503,1998,1,Andhra Pradesh,Vizianagaram,4.0,5.0,1250.0
503,1999,1,Andhra Pradesh,Vizianagaram,3.91,3.72,951.0
503,2000,1,Andhra Pradesh,Vizianagaram,3.62,4.08,1127.0
503,2001,1,Andhra Pradesh,Vizianagaram,2.72,2.96,1088.0
503,2002,1,Andhra Pradesh,Vizianagaram,3.0,3.0,1000.0
503,2003,1,Andhra Pradesh,Vizianagaram,1.57,2.04,1299.0
503,2004,1,Andhra Pradesh,Vizianagaram,1.69,1.3,769.0
503,2005,1,Andhra Pradesh,Vizianagaram,0.97,0.68,701.0
503,2006,1,Andhra Pradesh,Vizianagaram,1.61,1.88,1168.0
503,2007,1,Andhra Pradesh,Vizianagaram,1.46,2.41,1651.0
503,2008,1,Andhra Pradesh,Vizianagaram,1.35,1.37,1015.0
503,2009,1,Andhra Pradesh,Vizianagaram,0.85,0.9,1059.0
503,2010,1,Andhra Pradesh,Vizianagaram,0.62,0.36,581.0
503,2011,1,Andhra Pradesh,Vizianagaram,0.15,0.11,733.0
503,2012,1,Andhra Pradesh,Vizianagaram,0.35,0.28,800.0
503,2013,1,Andhra Pradesh,Vizianagaram,0.21,0.19,905.0
503,2014,1,Andhra Pradesh,Vizianagaram,0.13,0.1,769.0
503,2015,1,Andhra Pradesh,Vizianagaram,0.2,0.36,1800.0
503,2016,1,Andhra Pradesh,Vizianagaram,0.09,0.11,1222.0
503,2017,1,Andhra Pradesh,Vizianagaram,0.11,0.16,1455.0
503,2018,1,Andhra Pradesh,Vizianagaram,0.08,0.09,1122.0
503,2019,1,Andhra Pradesh,Vizianagaram,0.03,0.04,1206.0
504,1990,1,Andhra Pradesh,Prakasam,33.18,39.09,1178.0
504,1991,1,Andhra Pradesh,Prakasam,32.11,34.61,1078.0
504,1992,1,Andhra Pradesh,Prakasam,30.31,33.19,1095.0
504,1993,1,Andhra Pradesh,Prakasam,19.0,26.0,1368.0
504,1994,1,Andhra Pradesh,Prakasam,15.0,15.0,1000.0
504,1995,1,Andhra Pradesh,Prakasam,17.0,31.0,1824.0
504,1996,1,Andhra Pradesh,Prakasam,20.0,30.0,1500.0
504,1997,1,Andhra Pradesh,Prakasam,13.0,13.0,1000.0
504,1998,1,Andhra Pradesh,Prakasam,17.0,25.0,1471.0
504,1999,1,Andhra Pradesh,Prakasam,16.12,21.63,1342.0
504,2000,1,Andhra Pradesh,Prakasam,30.35,45.59,1502.0
504,2001,1,Andhra Pradesh,Prakasam,8.69,10.67,1228.0
504,2002,1,Andhra Pradesh,Prakasam,10.0,9.0,900.0
504,2003,1,Andhra Pradesh,Prakasam,26.63,37.42,1405.0
504,2004,1,Andhra Pradesh,Prakasam,17.79,21.13,1188.0
504,2005,1,Andhra Pradesh,Prakasam,16.68,27.28,1635.0
504,2006,1,Andhra Pradesh,Prakasam,9.48,11.07,1168.0
504,2007,1,Andhra Pradesh,Prakasam,18.54,37.85,2042.0
504,2008,1,Andhra Pradesh,Prakasam,12.23,13.81,1129.0
504,2009,1,Andhra Pradesh,Prakasam,5.34,13.53,2534.0
504,2010,1,Andhra Pradesh,Prakasam,19.82,42.87,2163.0
504,2011,1,Andhra Pradesh,Prakasam,10.12,21.24,2099.0
504,2012,1,Andhra Pradesh,Prakasam,29.43,60.68,2062.0
504,2013,1,Andhra Pradesh,Prakasam,25.93,46.9,1809.0
504,2014,1,Andhra Pradesh,Prakasam,11.78,12.09,1026.0
504,2015,1,Andhra Pradesh,Prakasam,11.68,26.15,2239.0
504,2016,1,Andhra Pradesh,Prakasam,16.96,33.69,1986.0
504,2017,1,Andhra Pradesh,Prakasam,17.83,36.21,2031.0
504,2018,1,Andhra Pradesh,Prakasam,6.64,5.3,798.0
504,2019,1,Andhra Pradesh,Prakasam,7.43,17.06,2298.0
506,1990,11,Tamil Nadu,Dharmapuri,6.54,9.27,1417.0
506,1991,11,Tamil Nadu,Dharmapuri,5.2,9.58,1842.0
506,1992,11,Tamil Nadu,Dharmapuri,5.85,8.8,1504.0
506,1993,11,Tamil Nadu,Dharmapuri,12.0,23.0,1917.0
506,1994,11,Tamil Nadu,Dharmapuri,10.47,28.0,2674.0
506,1995,11,Tamil Nadu,Dharmapuri,4.35,10.17,2338.0
506,1996,11,Tamil Nadu,Dharmapuri,2.56,5.64,2203.0
506,1997,11,Tamil Nadu,Dharmapuri,2.67,4.6,1723.0
506,1998,11,Tamil Nadu,Dharmapuri,2.46,3.6,1463.0
506,1999,11,Tamil Nadu,Dharmapuri,3.74,7.23,1933.0
506,2000,11,Tamil Nadu,Dharmapuri,3.43,5.71,1665.0
506,2001,11,Tamil Nadu,Dharmapuri,3.39,5.1,1504.0
506,2002,11,Tamil Nadu,Dharmapuri,3.28,3.8,1159.0
506,2003,11,Tamil Nadu,Dharmapuri,0.61,0.99,1623.0
506,2004,11,Tamil Nadu,Dharmapuri,1.81,2.05,1133.0
506,2005,11,Tamil Nadu,Dharmapuri,1.08,1.39,1287.0
506,2006,11,Tamil Nadu,Dharmapuri,0.91,1.57,1725.0
506,2007,11,Tamil Nadu,Dharmapuri,0.87,1.4,1609.0
506,2008,11,Tamil Nadu,Dharmapuri,0.56,2.19,3911.0
506,2009,11,Tamil Nadu,Dharmapuri,0.87,0.67,770.0
506,2010,11,Tamil Nadu,Dharmapuri,1.38,1.9,1377.0
506,2011,11,Tamil Nadu,Dharmapuri,1.52,3.54,2329.0
506,2012,11,Tamil Nadu,Dharmapuri,0.61,1.13,1852.0
506,2013,11,Tamil Nadu,Dharmapuri,0.47,1.04,2213.0
506,2014,11,Tamil Nadu,Dharmapuri,0.64,2.76,4313.0
506,2015,11,Tamil Nadu,Dharmapuri,1.54,6.86,4455.0
506,2016,11,Tamil Nadu,Dharmapuri,0.44,1.26,2874.0
506,2017,11,Tamil Nadu,Dharmapuri,0.43,0.51,1193.0
506,2018,11,Tamil Nadu,Dharmapuri,0.63,1.78,2820.0
506,2019,11,Tamil Nadu,Dharmapuri,0.39,1.08,2784.0
507,1990,11,Tamil Nadu,Periyar(Erode),7.94,7.05,888.0
507,1991,11,Tamil Nadu,Periyar(Erode),8.11,7.04,868.0
507,1992,11,Tamil Nadu,Periyar(Erode),7.05,7.06,1001.0
507,1993,11,Tamil Nadu,Periyar(Erode),5.0,6.0,1200.0
507,1994,11,Tamil Nadu,Periyar(Erode),3.22,4.5,1398.0
507,1995,11,Tamil Nadu,Periyar(Erode),2.73,3.37,1234.0
507,1996,11,Tamil Nadu,Periyar(Erode),2.32,2.45,1056.0
507,1997,11,Tamil Nadu,Periyar(Erode),1.99,2.89,1452.0
507,1998,11,Tamil Nadu,Periyar(Erode),1.56,2.56,1641.0
507,1999,11,Tamil Nadu,Periyar(Erode),1.32,2.28,1727.0
507,2000,11,Tamil Nadu,Periyar(Erode),1.18,1.36,1153.0
507,2001,11,Tamil Nadu,Periyar(Erode),0.68,0.74,1088.0
507,2002,11,Tamil Nadu,Periyar(Erode),1.58,1.35,854.0
507,2003,11,Tamil Nadu,Periyar(Erode),1.57,1.7,1083.0
507,2004,11,Tamil Nadu,Periyar(Erode),1.33,1.67,1256.0
507,2005,11,Tamil Nadu,Periyar(Erode),0.47,0.57,1213.0
507,2006,11,Tamil Nadu,Periyar(Erode),0.48,0.7,1458.0
507,2007,11,Tamil Nadu,Periyar(Erode),0.46,0.73,1587.0
507,2008,11,Tamil Nadu,Periyar(Erode),0.24,0.43,1792.0
507,2009,11,Tamil Nadu,Periyar(Erode),0.22,0.34,1545.0
507,2010,11,Tamil Nadu,Periyar(Erode),0.24,0.3,1250.0
507,2011,11,Tamil Nadu,Periyar(Erode),0.08,0.18,2250.0
507,2012,11,Tamil Nadu,Periyar(Erode),0.06,0.09,1500.0
507,2013,11,Tamil Nadu,Periyar(Erode),0.1,0.22,2200.0
507,2014,11,Tamil Nadu,Periyar(Erode),0.1,0.3,3000.0
507,2015,11,Tamil Nadu,Periyar(Erode),0.04,0.1,2500.0
507,2016,11,Tamil Nadu,Periyar(Erode),0.06,0.16,2825.0
507,2017,11,Tamil Nadu,Periyar(Erode),0.27,0.6,2227.0
507,2018,11,Tamil Nadu,Periyar(Erode),0.18,0.48,2760.0
507,2019,11,Tamil Nadu,Periyar(Erode),0.11,0.29,2738.0
508,1990,11,Tamil Nadu,Pudukkottai,0.82,0.8,976.0
508,1991,11,Tamil Nadu,Pudukkottai,0.51,0.67,1314.0
508,1992,11,Tamil Nadu,Pudukkottai,0.14,0.16,1143.0
508,1994,11,Tamil Nadu,Pudukkottai,0.1,0.11,1100.0
508,1995,11,Tamil Nadu,Pudukkottai,0.04,0.04,1000.0
508,1996,11,Tamil Nadu,Pudukkottai,0.03,0.04,1333.0
508,1997,11,Tamil Nadu,Pudukkottai,0.02,0.04,2000.0
508,1998,11,Tamil Nadu,Pudukkottai,0.02,0.07,3500.0
508,1999,11,Tamil Nadu,Pudukkottai,0.05,0.1,2000.0
508,2000,11,Tamil Nadu,Pudukkottai,0.03,0.06,2000.0
508,2001,11,Tamil Nadu,Pudukkottai,0.03,0.04,1333.0
508,2002,11,Tamil Nadu,Pudukkottai,0.01,0.01,1000.0
508,2003,11,Tamil Nadu,Pudukkottai,0.04,0.04,1000.0
508,2004,11,Tamil Nadu,Pudukkottai,0.04,0.04,1000.0
508,2005,11,Tamil Nadu,Pudukkottai,0.04,0.05,1250.0
508,2006,11,Tamil Nadu,Pudukkottai,0.06,0.08,1333.0
508,2007,11,Tamil Nadu,Pudukkottai,0.01,0.03,3000.0
508,2011,11,Tamil Nadu,Pudukkottai,0.01,0.02,2000.0
508,2012,11,Tamil Nadu,Pudukkottai,0.05,0.08,1600.0
508,2013,11,Tamil Nadu,Pudukkottai,0.02,0.05,2500.0
508,2017,11,Tamil Nadu,Pudukkottai,0.01,0.02,2300.0
508,2018,11,Tamil Nadu,Pudukkottai,0.01,0.01,1857.0
509,1990,11,Tamil Nadu,Dindigul Anna,11.71,19.34,1652.0
509,1991,11,Tamil Nadu,Dindigul Anna,7.3,12.23,1675.0
509,1992,11,Tamil Nadu,Dindigul Anna,6.13,9.23,1506.0
509,1993,11,Tamil Nadu,Dindigul Anna,10.0,19.0,1900.0
509,1994,11,Tamil Nadu,Dindigul Anna,8.22,16.08,1956.0
509,1995,11,Tamil Nadu,Dindigul Anna,7.19,14.35,1996.0
509,1996,11,Tamil Nadu,Dindigul Anna,5.11,8.62,1687.0
509,1997,11,Tamil Nadu,Dindigul Anna,7.89,15.87,2011.0
509,1998,11,Tamil Nadu,Dindigul Anna,9.87,18.58,1882.0
509,1999,11,Tamil Nadu,Dindigul Anna,9.16,20.66,2255.0
509,2000,11,Tamil Nadu,Dindigul Anna,5.62,12.42,2210.0
509,2001,11,Tamil Nadu,Dindigul Anna,5.04,6.04,1198.0
509,2002,11,Tamil Nadu,Dindigul Anna,5.06,5.14,1016.0
509,2003,11,Tamil Nadu,Dindigul Anna,4.61,5.61,1217.0
509,2004,11,Tamil Nadu,Dindigul Anna,4.0,5.35,1338.0
509,2005,11,Tamil Nadu,Dindigul Anna,4.34,4.36,1005.0
509,2006,11,Tamil Nadu,Dindigul Anna,3.63,6.12,1686.0
509,2007,11,Tamil Nadu,Dindigul Anna,3.38,2.7,799.0
509,2008,11,Tamil Nadu,Dindigul Anna,2.24,3.94,1759.0
509,2009,11,Tamil Nadu,Dindigul Anna,2.05,2.89,1410.0
509,2010,11,Tamil Nadu,Dindigul Anna,1.99,3.21,1613.0
509,2011,11,Tamil Nadu,Dindigul Anna,2.04,5.6,2745.0
509,2012,11,Tamil Nadu,Dindigul Anna,1.28,1.38,1078.0
509,2013,11,Tamil Nadu,Dindigul Anna,0.75,1.53,2040.0
509,2014,11,Tamil Nadu,Dindigul Anna,0.95,3.67,3863.0
509,2015,11,Tamil Nadu,Dindigul Anna,0.85,2.15,2529.0
509,2016,11,Tamil Nadu,Dindigul Anna,0.66,0.51,771.0
509,2017,11,Tamil Nadu,Dindigul Anna,0.43,0.87,2016.0
509,2018,11,Tamil Nadu,Dindigul Anna,0.32,0.52,1621.0
509,2019,11,Tamil Nadu,Dindigul Anna,0.22,0.59,2635.0
510,1990,11,Tamil Nadu,Virudhunagar Kamarajar,14.62,16.41,1122.0
510,1991,11,Tamil Nadu,Virudhunagar Kamarajar,11.54,16.33,1415.0
510,1992,11,Tamil Nadu,Virudhunagar Kamarajar,11.43,15.39,1346.0
510,1993,11,Tamil Nadu,Virudhunagar Kamarajar,13.0,27.0,2077.0
510,1994,11,Tamil Nadu,Virudhunagar Kamarajar,8.43,10.51,1247.0
510,1995,11,Tamil Nadu,Virudhunagar Kamarajar,8.61,5.62,653.0
510,1996,11,Tamil Nadu,Virudhunagar Kamarajar,11.24,14.69,1307.0
510,1997,11,Tamil Nadu,Virudhunagar Kamarajar,9.96,18.24,1831.0
510,1998,11,Tamil Nadu,Virudhunagar Kamarajar,8.87,13.74,1549.0
510,1999,11,Tamil Nadu,Virudhunagar Kamarajar,10.44,16.84,1613.0
510,2000,11,Tamil Nadu,Virudhunagar Kamarajar,8.4,8.48,1010.0
510,2001,11,Tamil Nadu,Virudhunagar Kamarajar,6.42,8.76,1364.0
510,2002,11,Tamil Nadu,Virudhunagar Kamarajar,6.26,8.04,1284.0
510,2003,11,Tamil Nadu,Virudhunagar Kamarajar,4.85,5.33,1099.0
510,2004,11,Tamil Nadu,Virudhunagar Kamarajar,5.59,6.72,1202.0
510,2005,11,Tamil Nadu,Virudhunagar Kamarajar,6.25,9.19,1470.0
510,2006,11,Tamil Nadu,Virudhunagar Kamarajar,4.41,16.71,3789.0
510,2007,11,Tamil Nadu,Virudhunagar Kamarajar,3.95,7.59,1922.0
510,2008,11,Tamil Nadu,Virudhunagar Kamarajar,3.13,5.52,1764.0
510,2009,11,Tamil Nadu,Virudhunagar Kamarajar,3.26,5.01,1537.0
510,2010,11,Tamil Nadu,Virudhunagar Kamarajar,2.48,6.13,2472.0
510,2011,11,Tamil Nadu,Virudhunagar Kamarajar,2.2,5.65,2568.0
510,2012,11,Tamil Nadu,Virudhunagar Kamarajar,2.78,3.1,1115.0
510,2013,11,Tamil Nadu,Virudhunagar Kamarajar,3.93,10.48,2667.0
510,2014,11,Tamil Nadu,Virudhunagar Kamarajar,3.86,16.71,4329.0
510,2015,11,Tamil Nadu,Virudhunagar Kamarajar,2.61,8.5,3257.0
510,2016,11,Tamil Nadu,Virudhunagar Kamarajar,2.31,2.24,971.0
510,2017,11,Tamil Nadu,Virudhunagar Kamarajar,1.38,3.46,2507.0
510,2018,11,Tamil Nadu,Virudhunagar Kamarajar,1.12,3.23,2895.0
510,2019,11,Tamil Nadu,Virudhunagar Kamarajar,1.31,4.65,3566.0
512,1990,11,Tamil Nadu,Sivagangai Pasumpon,0.08,0.08,1000.0
512,1991,11,Tamil Nadu,Sivagangai Pasumpon,0.35,0.37,1057.0
512,1992,11,Tamil Nadu,Sivagangai Pasumpon,0.19,0.22,1158.0
512,1993,11,Tamil Nadu,Sivagangai Pasumpon,1.0,1.0,1000.0
512,1994,11,Tamil Nadu,Sivagangai Pasumpon,0.09,0.11,1222.0
512,1995,11,Tamil Nadu,Sivagangai Pasumpon,0.06,0.1,1667.0
512,1996,11,Tamil Nadu,Sivagangai Pasumpon,0.1,0.13,1300.0
512,1997,11,Tamil Nadu,Sivagangai Pasumpon,0.06,0.07,1167.0
512,1998,11,Tamil Nadu,Sivagangai Pasumpon,0.02,0.02,1000.0
512,1999,11,Tamil Nadu,Sivagangai Pasumpon,0.03,0.06,2000.0
512,2000,11,Tamil Nadu,Sivagangai Pasumpon,0.03,0.04,1333.0
512,2001,11,Tamil Nadu,Sivagangai Pasumpon,0.03,0.05,1667.0
512,2003,11,Tamil Nadu,Sivagangai Pasumpon,0.03,0.04,1333.0
512,2004,11,Tamil Nadu,Sivagangai Pasumpon,0.06,0.12,2000.0
512,2005,11,Tamil Nadu,Sivagangai Pasumpon,0.05,0.1,2000.0
512,2008,11,Tamil Nadu,Sivagangai Pasumpon,0.01,0.01,1000.0
512,2009,11,Tamil Nadu,Sivagangai Pasumpon,0.08,0.11,1375.0
512,2013,11,Tamil Nadu,Sivagangai Pasumpon,0.02,0.05,2500.0
512,2014,11,Tamil Nadu,Sivagangai Pasumpon,0.05,0.14,2800.0
512,2015,11,Tamil Nadu,Sivagangai Pasumpon,0.02,0.04,2000.0
512,2016,11,Tamil Nadu,Sivagangai Pasumpon,0.02,0.05,2941.0
512,2019,11,Tamil Nadu,Sivagangai Pasumpon,0.04,0.1,2778.0
513,1990,11,Tamil Nadu,Chidambanar Toothukudi,28.9,43.94,1520.0
513,1991,11,Tamil Nadu,Chidambanar Toothukudi,17.08,25.55,1496.0
513,1992,11,Tamil Nadu,Chidambanar Toothukudi,17.16,27.02,1575.0
513,1993,11,Tamil Nadu,Chidambanar Toothukudi,21.0,27.0,1286.0
513,1994,11,Tamil Nadu,Chidambanar Toothukudi,18.84,26.44,1403.0
513,1995,11,Tamil Nadu,Chidambanar Toothukudi,19.04,4.11,216.0
513,1996,11,Tamil Nadu,Chidambanar Toothukudi,23.2,40.13,1730.0
513,1997,11,Tamil Nadu,Chidambanar Toothukudi,25.2,51.57,2046.0
513,1998,11,Tamil Nadu,Chidambanar Toothukudi,18.18,32.93,1811.0
513,1999,11,Tamil Nadu,Chidambanar Toothukudi,26.46,53.96,2039.0
513,2000,11,Tamil Nadu,Chidambanar Toothukudi,18.97,22.97,1211.0
513,2001,11,Tamil Nadu,Chidambanar Toothukudi,18.15,20.16,1111.0
513,2002,11,Tamil Nadu,Chidambanar Toothukudi,18.37,24.45,1331.0
513,2003,11,Tamil Nadu,Chidambanar Toothukudi,21.33,35.26,1653.0
513,2004,11,Tamil Nadu,Chidambanar Toothukudi,20.97,43.65,2082.0
513,2005,11,Tamil Nadu,Chidambanar Toothukudi,20.17,33.32,1652.0
513,2006,11,Tamil Nadu,Chidambanar Toothukudi,14.53,27.85,1917.0
513,2007,11,Tamil Nadu,Chidambanar Toothukudi,11.14,23.74,2131.0
513,2008,11,Tamil Nadu,Chidambanar Toothukudi,11.71,22.99,1963.0
513,2009,11,Tamil Nadu,Chidambanar Toothukudi,12.64,22.17,1754.0
513,2010,11,Tamil Nadu,Chidambanar Toothukudi,9.39,16.47,1754.0
513,2011,11,Tamil Nadu,Chidambanar Toothukudi,7.98,26.05,3264.0
513,2012,11,Tamil Nadu,Chidambanar Toothukudi,12.2,9.0,738.0
513,2013,11,Tamil Nadu,Chidambanar Toothukudi,12.85,19.94,1552.0
513,2014,11,Tamil Nadu,Chidambanar Toothukudi,12.81,36.52,2851.0
513,2015,11,Tamil Nadu,Chidambanar Toothukudi,8.73,17.9,2050.0
513,2016,11,Tamil Nadu,Chidambanar Toothukudi,9.03,1.32,146.0
513,2017,11,Tamil Nadu,Chidambanar Toothukudi,9.61,17.21,1791.0
513,2018,11,Tamil Nadu,Chidambanar Toothukudi,10.6,16.66,1573.0
513,2019,11,Tamil Nadu,Chidambanar Toothukudi,11.53,29.26,2538.0
514,1990,7,Maharashtra,Jalna,84.2,52.7,626.0
514,1991,7,Maharashtra,Jalna,81.1,41.4,510.0
514,1992,7,Maharashtra,Jalna,73.2,76.0,1038.0
514,1993,7,Maharashtra,Jalna,72.3,72.1,997.0
514,1994,7,Maharashtra,Jalna,79.7,48.9,614.0
514,1995,7,Maharashtra,Jalna,89.1,60.2,676.0
514,1996,7,Maharashtra,Jalna,96.9,123.3,1272.0
514,1997,7,Maharashtra,Jalna,81.1,63.2,779.0
514,1998,7,Maharashtra,Jalna,80.8,64.4,797.0
514,1999,7,Maharashtra,Jalna,84.8,61.7,728.0
514,2000,7,Maharashtra,Jalna,93.2,76.2,818.0
514,2001,7,Maharashtra,Jalna,76.7,54.9,716.0
514,2002,7,Maharashtra,Jalna,86.4,83.9,971.0
514,2003,7,Maharashtra,Jalna,74.5,75.6,1015.0
514,2004,7,Maharashtra,Jalna,73.3,65.1,888.0
514,2005,7,Maharashtra,Jalna,76.2,77.3,1014.0
514,2006,7,Maharashtra,Jalna,72.6,76.6,1055.0
514,2007,7,Maharashtra,Jalna,51.7,55.38,1071.0
514,2008,7,Maharashtra,Jalna,31.8,21.9,689.0
514,2009,7,Maharashtra,Jalna,39.1,36.43,932.0
514,2010,7,Maharashtra,Jalna,41.3,44.3,1073.0
514,2011,7,Maharashtra,Jalna,26.4,27.2,1030.0
514,2012,7,Maharashtra,Jalna,26.1,14.15,542.0
514,2013,7,Maharashtra,Jalna,16.7,20.1,1204.0
514,2014,7,Maharashtra,Jalna,23.3,7.7,330.0
514,2015,7,Maharashtra,Jalna,22.7,5.8,256.0
514,2016,7,Maharashtra,Jalna,21.9,18.5,845.0
514,2017,7,Maharashtra,Jalna,19.5,12.3,631.0
514,2018,7,Maharashtra,Jalna,12.36,4.27,345.0
514,2019,7,Maharashtra,Jalna,14.57,18.76,1288.0
515,1990,7,Maharashtra,Latur,11.2,4.6,411.0
515,1991,7,Maharashtra,Latur,10.4,2.4,231.0
515,1992,7,Maharashtra,Latur,7.9,5.2,658.0
515,1993,7,Maharashtra,Latur,8.8,7.7,875.0
515,1994,7,Maharashtra,Latur,8.2,4.6,561.0
515,1995,7,Maharashtra,Latur,7.5,5.3,707.0
515,1996,7,Maharashtra,Latur,8.3,5.9,711.0
515,1997,7,Maharashtra,Latur,10.1,3.6,356.0
515,1998,7,Maharashtra,Latur,9.9,4.7,475.0
515,1999,7,Maharashtra,Latur,10.1,5.7,564.0
515,2000,7,Maharashtra,Latur,10.1,7.7,762.0
515,2001,7,Maharashtra,Latur,9.5,3.1,326.0
515,2002,7,Maharashtra,Latur,9.3,5.7,613.0
515,2003,7,Maharashtra,Latur,8.1,3.6,444.0
515,2004,7,Maharashtra,Latur,7.4,3.9,527.0
515,2005,7,Maharashtra,Latur,6.0,3.3,550.0
515,2006,7,Maharashtra,Latur,5.9,2.4,407.0
515,2007,7,Maharashtra,Latur,5.6,3.08,550.0
515,2008,7,Maharashtra,Latur,5.0,2.3,460.0
515,2009,7,Maharashtra,Latur,4.0,1.54,385.0
515,2010,7,Maharashtra,Latur,4.3,2.2,512.0
515,2011,7,Maharashtra,Latur,3.8,2.1,553.0
515,2012,7,Maharashtra,Latur,3.8,2.68,705.0
515,2013,7,Maharashtra,Latur,2.7,1.3,481.0
515,2014,7,Maharashtra,Latur,2.5,0.4,160.0
515,2015,7,Maharashtra,Latur,2.3,0.3,130.0
515,2016,7,Maharashtra,Latur,2.2,0.3,136.0
515,2017,7,Maharashtra,Latur,1.5,0.3,200.0
515,2018,7,Maharashtra,Latur,1.55,0.38,244.0
515,2019,7,Maharashtra,Latur,1.67,0.37,222.0
516,1997,7,Maharashtra,Gadchiroli,0.1,0.1,1000.0
516,2016,7,Maharashtra,Gadchiroli,0.02,0.01,333.0
518,1990,3,Gujarat,Gandhinagar,14.9,16.4,1101.0
518,1991,3,Gujarat,Gandhinagar,15.5,14.9,961.0
518,1992,3,Gujarat,Gandhinagar,16.4,20.1,1226.0
518,1993,3,Gujarat,Gandhinagar,13.0,12.2,938.0
518,1994,3,Gujarat,Gandhinagar,14.0,20.0,1429.0
518,1995,3,Gujarat,Gandhinagar,13.6,24.5,1801.0
518,1996,3,Gujarat,Gandhinagar,8.8,15.6,1773.0
518,1997,3,Gujarat,Gandhinagar,13.1,19.0,1450.0
518,1998,3,Gujarat,Gandhinagar,13.2,19.2,1455.0
518,1999,3,Gujarat,Gandhinagar,11.6,27.4,2362.0
518,2000,3,Gujarat,Gandhinagar,41.4,45.6,1101.0
518,2001,3,Gujarat,Gandhinagar,39.8,71.8,1804.0
518,2002,3,Gujarat,Gandhinagar,40.4,73.5,1819.0
518,2003,3,Gujarat,Gandhinagar,39.8,68.8,1729.0
518,2004,3,Gujarat,Gandhinagar,25.6,43.2,1688.0
518,2005,3,Gujarat,Gandhinagar,27.1,40.4,1491.0
518,2006,3,Gujarat,Gandhinagar,26.0,33.1,1273.0
518,2007,3,Gujarat,Gandhinagar,23.4,41.3,1765.0
518,2008,3,Gujarat,Gandhinagar,24.3,46.8,1926.0
518,2009,3,Gujarat,Gandhinagar,15.7,26.6,1694.0
518,2010,3,Gujarat,Gandhinagar,15.1,29.8,1974.0
518,2011,3,Gujarat,Gandhinagar,25.1,55.1,2195.0
518,2012,3,Gujarat,Gandhinagar,17.8,38.4,2157.0
518,2013,3,Gujarat,Gandhinagar,13.92,36.92,2652.0
518,2014,3,Gujarat,Gandhinagar,14.28,36.9,2584.0
518,2015,3,Gujarat,Gandhinagar,10.99,30.48,2773.0
518,2016,3,Gujarat,Gandhinagar,8.06,21.59,2679.0
518,2017,3,Gujarat,Gandhinagar,8.33,26.39,3168.0
518,2018,3,Gujarat,Gandhinagar,7.92,23.33,2946.0
518,2019,3,Gujarat,Gandhinagar,8.35,23.94,2865.0
519,1990,10,Rajasthan,Dholpur,52.63,40.45,769.0
519,1991,10,Rajasthan,Dholpur,44.98,30.75,684.0
519,1992,10,Rajasthan,Dholpur,49.76,48.49,974.0
519,1993,10,Rajasthan,Dholpur,46.0,37.4,813.0
519,1994,10,Rajasthan,Dholpur,44.88,53.63,1195.0
519,1995,10,Rajasthan,Dholpur,38.89,34.43,885.0
519,1996,10,Rajasthan,Dholpur,47.36,60.58,1279.0
519,1997,10,Rajasthan,Dholpur,55.29,55.96,1012.0
519,1998,10,Rajasthan,Dholpur,55.28,65.74,1189.0
519,1999,10,Rajasthan,Dholpur,53.82,68.09,1265.0
519,2000,10,Rajasthan,Dholpur,68.22,97.51,1429.0
519,2001,10,Rajasthan,Dholpur,58.45,87.98,1505.0
519,2002,10,Rajasthan,Dholpur,61.76,101.92,1650.0
519,2003,10,Rajasthan,Dholpur,67.46,119.95,1778.0
519,2004,10,Rajasthan,Dholpur,61.32,150.2,2449.0
519,2005,10,Rajasthan,Dholpur,68.53,113.1,1650.0
519,2006,10,Rajasthan,Dholpur,67.48,114.03,1690.0
519,2007,10,Rajasthan,Dholpur,76.44,142.46,1864.0
519,2008,10,Rajasthan,Dholpur,69.92,121.08,1732.0
519,2009,10,Rajasthan,Dholpur,86.38,167.78,1942.0
519,2010,10,Rajasthan,Dholpur,86.25,155.13,1799.0
519,2011,10,Rajasthan,Dholpur,82.91,184.95,2231.0
519,2012,10,Rajasthan,Dholpur,80.45,160.95,2001.0
519,2013,10,Rajasthan,Dholpur,81.18,158.47,1952.0
519,2014,10,Rajasthan,Dholpur,83.52,177.85,2129.0
519,2015,10,Rajasthan,Dholpur,85.05,178.14,2095.0
519,2016,10,Rajasthan,Dholpur,81.99,164.8,2010.0
519,2017,10,Rajasthan,Dholpur,84.38,199.42,2363.0
519,2018,10,Rajasthan,Dholpur,91.5,205.25,2243.0
519,2019,10,Rajasthan,Dholpur,94.1,209.39,2225.0
520,1990,20,Telangana,Rangareddy,2.52,1.0,396.83
520,1991,20,Telangana,Rangareddy,1.64,0.49,298.78
520,1992,20,Telangana,Rangareddy,1.73,0.53,306.36
520,1993,20,Telangana,Rangareddy,2.0,1.0,500.0
520,1994,20,Telangana,Rangareddy,2.0,1.0,500.0
520,1995,20,Telangana,Rangareddy,1.0,1.0,1000.0
520,1996,20,Telangana,Rangareddy,1.0,1.0,1000.0
520,1998,20,Telangana,Rangareddy,1.0,1.0,1000.0
520,1999,20,Telangana,Rangareddy,1.22,0.72,590.16
520,2000,20,Telangana,Rangareddy,1.14,0.68,596.49
520,2001,20,Telangana,Rangareddy,0.74,0.35,472.97
520,2003,20,Telangana,Rangareddy,0.97,0.59,608.25
520,2004,20,Telangana,Rangareddy,0.97,0.31,319.59
520,2005,20,Telangana,Rangareddy,0.52,0.33,634.62
520,2006,20,Telangana,Rangareddy,0.35,0.13,371.43
520,2007,20,Telangana,Rangareddy,0.38,0.24,631.58
520,2008,20,Telangana,Rangareddy,0.33,0.21,636.36
520,2009,20,Telangana,Rangareddy,0.17,0.08,470.59
520,2010,20,Telangana,Rangareddy,0.33,0.24,727.27
520,2011,20,Telangana,Rangareddy,0.09,0.06,666.67
520,2012,20,Telangana,Rangareddy,0.2,0.18,900.0
520,2013,20,Telangana,Rangareddy,0.15,0.14,933.33
520,2014,20,Telangana,Rangareddy,0.06,0.06,1000.0
520,2015,20,Telangana,Rangareddy,0.07,0.06,857.14
520,2016,20,Telangana,Rangareddy,0.14,0.12,870.5
520,2017,20,Telangana,Rangareddy,0.07,0.07,1060.61
520,2018,20,Telangana,Rangareddy,0.06,0.03,482.0
520,2019,20,Telangana,Rangareddy,0.13,0.15,1212.6
521,1990,11,Tamil Nadu,Thiruvannamalai,9.97,10.6,1063.0
521,1991,11,Tamil Nadu,Thiruvannamalai,16.68,17.29,1037.0
521,1992,11,Tamil Nadu,Thiruvannamalai,9.79,4.57,467.0
521,1993,11,Tamil Nadu,Thiruvannamalai,12.0,7.0,583.0
521,1994,11,Tamil Nadu,Thiruvannamalai,9.07,8.99,991.0
521,1995,11,Tamil Nadu,Thiruvannamalai,8.53,10.57,1239.0
521,1996,11,Tamil Nadu,Thiruvannamalai,9.79,8.44,862.0
521,1997,11,Tamil Nadu,Thiruvannamalai,10.98,8.06,734.0
521,1998,11,Tamil Nadu,Thiruvannamalai,12.61,11.96,948.0
521,1999,11,Tamil Nadu,Thiruvannamalai,13.47,13.37,993.0
521,2000,11,Tamil Nadu,Thiruvannamalai,11.25,9.62,855.0
521,2001,11,Tamil Nadu,Thiruvannamalai,14.14,13.74,972.0
521,2002,11,Tamil Nadu,Thiruvannamalai,6.27,3.49,557.0
521,2003,11,Tamil Nadu,Thiruvannamalai,18.06,12.25,678.0
521,2004,11,Tamil Nadu,Thiruvannamalai,6.05,1.97,326.0
521,2005,11,Tamil Nadu,Thiruvannamalai,4.91,3.02,615.0
521,2006,11,Tamil Nadu,Thiruvannamalai,3.72,2.76,742.0
521,2007,11,Tamil Nadu,Thiruvannamalai,4.0,4.16,1040.0
521,2008,11,Tamil Nadu,Thiruvannamalai,5.62,6.67,1187.0
521,2009,11,Tamil Nadu,Thiruvannamalai,2.6,1.8,692.0
521,2010,11,Tamil Nadu,Thiruvannamalai,3.33,2.15,646.0
521,2011,11,Tamil Nadu,Thiruvannamalai,2.87,5.24,1826.0
521,2012,11,Tamil Nadu,Thiruvannamalai,2.84,5.01,1764.0
521,2013,11,Tamil Nadu,Thiruvannamalai,4.14,9.56,2309.0
521,2014,11,Tamil Nadu,Thiruvannamalai,6.12,20.04,3275.0
521,2015,11,Tamil Nadu,Thiruvannamalai,4.84,9.63,1990.0
521,2016,11,Tamil Nadu,Thiruvannamalai,3.16,7.61,2407.0
521,2017,11,Tamil Nadu,Thiruvannamalai,6.08,13.91,2286.0
521,2018,11,Tamil Nadu,Thiruvannamalai,2.44,5.93,2430.0
521,2019,11,Tamil Nadu,Thiruvannamalai,4.06,16.94,4170.0
523,1990,4,Haryana,Yamunanagar,1.2,1.0,833.0
523,1991,4,Haryana,Yamunanagar,1.5,1.0,667.0
523,1992,4,Haryana,Yamunanagar,1.7,2.0,1176.0
523,1993,4,Haryana,Yamunanagar,1.8,1.0,556.0
523,1994,4,Haryana,Yamunanagar,1.6,3.0,1875.0
523,1995,4,Haryana,Yamunanagar,1.6,1.0,625.0
523,1996,4,Haryana,Yamunanagar,1.6,2.0,1250.0
523,1997,4,Haryana,Yamunanagar,1.4,1.0,714.0
523,1998,4,Haryana,Yamunanagar,1.0,1.0,1000.0
523,1999,4,Haryana,Yamunanagar,1.2,1.0,833.0
523,2000,4,Haryana,Yamunanagar,1.5,1.0,667.0
523,2001,4,Haryana,Yamunanagar,1.1,1.0,909.0
523,2002,4,Haryana,Yamunanagar,1.0,1.0,1000.0
523,2003,4,Haryana,Yamunanagar,0.8,2.0,2500.0
523,2004,4,Haryana,Yamunanagar,0.98,2.0,2041.0
523,2005,4,Haryana,Yamunanagar,0.9,1.0,1111.0
523,2006,4,Haryana,Yamunanagar,1.0,2.0,2000.0
523,2007,4,Haryana,Yamunanagar,0.7,2.0,2857.0
523,2008,4,Haryana,Yamunanagar,0.9,2.0,2222.0
523,2009,4,Haryana,Yamunanagar,1.2,2.0,1667.0
523,2010,4,Haryana,Yamunanagar,0.9,2.0,2222.0
523,2011,4,Haryana,Yamunanagar,0.6,2.0,3333.0
523,2012,4,Haryana,Yamunanagar,0.61,2.0,3279.0
523,2018,4,Haryana,Yamunanagar,0.1,0.2,2000.0
523,2019,4,Haryana,Yamunanagar,0.1,0.2,2000.0
524,1990,4,Haryana,Kaithal,11.8,10.0,847.0
524,1991,4,Haryana,Kaithal,8.9,8.0,899.0
524,1992,4,Haryana,Kaithal,9.2,13.0,1413.0
524,1993,4,Haryana,Kaithal,9.0,10.0,1111.0
524,1994,4,Haryana,Kaithal,7.9,12.0,1519.0
524,1995,4,Haryana,Kaithal,8.4,4.0,476.0
524,1996,4,Haryana,Kaithal,7.4,9.0,1216.0
524,1997,4,Haryana,Kaithal,5.7,11.0,1930.0
524,1998,4,Haryana,Kaithal,4.0,5.0,1250.0
524,1999,4,Haryana,Kaithal,4.7,5.0,1064.0
524,2000,4,Haryana,Kaithal,5.4,5.0,926.0
524,2001,4,Haryana,Kaithal,6.1,9.0,1475.0
524,2002,4,Haryana,Kaithal,9.7,9.0,928.0
524,2003,4,Haryana,Kaithal,10.9,14.0,1284.0
524,2004,4,Haryana,Kaithal,10.83,17.0,1570.0
524,2005,4,Haryana,Kaithal,11.8,23.0,1949.0
524,2006,4,Haryana,Kaithal,13.0,27.0,2077.0
524,2007,4,Haryana,Kaithal,14.0,46.0,3286.0
524,2008,4,Haryana,Kaithal,13.5,31.0,2296.0
524,2009,4,Haryana,Kaithal,10.9,20.0,1835.0
524,2010,4,Haryana,Kaithal,9.2,14.0,1522.0
524,2011,4,Haryana,Kaithal,5.8,15.0,2586.0
524,2012,4,Haryana,Kaithal,4.59,13.0,2832.0
524,2013,4,Haryana,Kaithal,4.0,10.0,2500.0
524,2014,4,Haryana,Kaithal,2.0,5.0,2500.0
524,2015,4,Haryana,Kaithal,2.5,4.0,1600.0
524,2016,4,Haryana,Kaithal,3.0,6.0,2000.0
524,2017,4,Haryana,Kaithal,2.5,6.0,2400.0
524,2018,4,Haryana,Kaithal,1.0,2.0,2000.0
524,2019,4,Haryana,Kaithal,0.6,1.2,2000.0
525,1990,4,Haryana,Panipat,2.4,1.0,417.0
525,1991,4,Haryana,Panipat,0.9,1.0,1111.0
525,1992,4,Haryana,Panipat,0.9,1.0,1111.0
525,1993,4,Haryana,Panipat,0.7,1.0,1429.0
525,1997,4,Haryana,Panipat,0.6,1.0,1667.0
525,2002,4,Haryana,Panipat,0.6,1.0,1667.0
525,2003,4,Haryana,Panipat,0.6,2.0,3333.0
525,2004,4,Haryana,Panipat,0.7,3.0,4286.0
525,2005,4,Haryana,Panipat,0.6,2.0,3333.0
525,2006,4,Haryana,Panipat,0.7,2.0,2857.0
525,2007,4,Haryana,Panipat,0.7,2.0,2857.0
525,2008,4,Haryana,Panipat,0.5,2.0,4000.0
525,2010,4,Haryana,Panipat,0.5,2.0,4000.0
525,2018,4,Haryana,Panipat,0.4,0.7,1750.0
525,2019,4,Haryana,Panipat,0.3,0.4,1333.0
526,1990,4,Haryana,Rewari,52.6,66.0,1255.0
526,1991,4,Haryana,Rewari,51.0,31.0,608.0
526,1992,4,Haryana,Rewari,59.7,73.0,1223.0
526,1993,4,Haryana,Rewari,45.3,24.0,530.0
526,1994,4,Haryana,Rewari,55.3,66.0,1193.0
526,1995,4,Haryana,Rewari,45.3,30.0,662.0
526,1996,4,Haryana,Rewari,53.6,53.0,989.0
526,1997,4,Haryana,Rewari,49.0,53.0,1082.0
526,1998,4,Haryana,Rewari,55.0,60.0,1091.0
526,1999,4,Haryana,Rewari,54.3,56.0,1031.0
526,2000,4,Haryana,Rewari,54.4,59.0,1085.0
526,2001,4,Haryana,Rewari,58.7,91.0,1550.0
526,2002,4,Haryana,Rewari,38.0,26.0,684.0
526,2003,4,Haryana,Rewari,60.5,101.0,1669.0
526,2004,4,Haryana,Rewari,50.38,78.0,1548.0
526,2005,4,Haryana,Rewari,55.4,48.0,866.0
526,2006,4,Haryana,Rewari,57.6,82.0,1424.0
526,2007,4,Haryana,Rewari,64.1,101.0,1576.0
526,2008,4,Haryana,Rewari,62.6,121.0,1933.0
526,2009,4,Haryana,Rewari,58.6,97.0,1655.0
526,2010,4,Haryana,Rewari,66.7,126.0,1889.0
526,2011,4,Haryana,Rewari,62.8,147.0,2341.0
526,2012,4,Haryana,Rewari,49.47,98.0,1981.0
526,2013,4,Haryana,Rewari,60.0,140.0,2333.0
526,2014,4,Haryana,Rewari,59.0,135.0,2288.0
526,2015,4,Haryana,Rewari,62.0,132.0,2129.0
526,2016,4,Haryana,Rewari,68.2,149.0,2185.0
526,2017,4,Haryana,Rewari,67.7,133.0,1965.0
526,2018,4,Haryana,Rewari,65.0,136.0,2092.0
526,2019,4,Haryana,Rewari,67.2,145.0,2158.0
527,1990,16,Uttarakhand,Haridwar,0.1,0.09,900.0
527,1991,16,Uttarakhand,Haridwar,0.03,0.04,1333.0
527,1992,16,Uttarakhand,Haridwar,0.04,0.05,1250.0
527,1993,16,Uttarakhand,Haridwar,0.04,0.02,500.0
527,1994,16,Uttarakhand,Haridwar,0.02,0.01,500.0
527,1995,16,Uttarakhand,Haridwar,0.04,0.02,500.0
527,1996,16,Uttarakhand,Haridwar,0.02,0.03,1500.0
527,1997,16,Uttarakhand,Haridwar,0.02,0.02,1000.0
527,1998,16,Uttarakhand,Haridwar,0.02,0.02,1000.0
527,1999,16,Uttarakhand,Haridwar,0.02,0.03,1500.0
527,2000,16,Uttarakhand,Haridwar,0.01,0.02,2000.0
527,2001,16,Uttarakhand,Haridwar,0.04,0.05,1250.0
528,1990,12,Uttar Pradesh,Firozabad,43.55,42.3,971.0
528,1991,12,Uttar Pradesh,Firozabad,43.3,56.6,1307.0
528,1992,12,Uttar Pradesh,Firozabad,48.86,54.27,1111.0
528,1993,12,Uttar Pradesh,Firozabad,48.69,71.32,1465.0
528,1994,12,Uttar Pradesh,Firozabad,48.18,60.96,1265.0
528,1995,12,Uttar Pradesh,Firozabad,46.9,65.94,1406.0
528,1996,12,Uttar Pradesh,Firozabad,50.08,63.88,1276.0
528,1997,12,Uttar Pradesh,Firozabad,56.68,103.63,1828.0
528,1998,12,Uttar Pradesh,Firozabad,54.47,77.72,1427.0
528,1999,12,Uttar Pradesh,Firozabad,59.22,92.59,1563.0
528,2000,12,Uttar Pradesh,Firozabad,61.5,106.54,1732.0
528,2001,12,Uttar Pradesh,Firozabad,62.05,65.96,1063.0
528,2002,12,Uttar Pradesh,Firozabad,59.1,75.17,1272.0
528,2003,12,Uttar Pradesh,Firozabad,65.02,57.98,892.0
528,2004,12,Uttar Pradesh,Firozabad,66.9,127.07,1899.0
528,2005,12,Uttar Pradesh,Firozabad,65.73,124.25,1890.0
528,2006,12,Uttar Pradesh,Firozabad,65.62,121.32,1849.0
528,2007,12,Uttar Pradesh,Firozabad,63.58,113.8,1790.0
528,2008,12,Uttar Pradesh,Firozabad,63.65,133.88,2103.0
528,2009,12,Uttar Pradesh,Firozabad,64.62,134.0,2074.0
528,2010,12,Uttar Pradesh,Firozabad,66.12,134.98,2041.0
528,2011,12,Uttar Pradesh,Firozabad,72.72,163.49,2248.0
528,2012,12,Uttar Pradesh,Firozabad,63.33,143.64,2268.0
528,2013,12,Uttar Pradesh,Firozabad,70.41,166.54,2365.0
528,2014,12,Uttar Pradesh,Firozabad,75.37,160.02,2123.0
528,2015,12,Uttar Pradesh,Firozabad,70.89,148.69,2097.0
528,2016,12,Uttar Pradesh,Firozabad,70.89,165.02,2328.0
528,2017,12,Uttar Pradesh,Firozabad,83.42,196.0,2350.0
528,2018,12,Uttar Pradesh,Firozabad,72.04,161.86,2247.0
528,2019,12,Uttar Pradesh,Firozabad,76.5,179.83,2351.0
529,1990,12,Uttar Pradesh,Sonbhadra,0.5,0.46,920.0
529,1991,12,Uttar Pradesh,Sonbhadra,0.1,0.1,1000.0
529,1992,12,Uttar Pradesh,Sonbhadra,0.1,0.11,1100.0
529,1993,12,Uttar Pradesh,Sonbhadra,0.27,0.3,1111.0
529,1994,12,Uttar Pradesh,Sonbhadra,0.5,0.43,860.0
529,1995,12,Uttar Pradesh,Sonbhadra,0.4,0.5,1250.0
529,1996,12,Uttar Pradesh,Sonbhadra,0.35,0.34,971.0
529,1997,12,Uttar Pradesh,Sonbhadra,0.18,0.27,1500.0
529,1998,12,Uttar Pradesh,Sonbhadra,0.18,0.24,1333.0
529,1999,12,Uttar Pradesh,Sonbhadra,0.14,0.19,1357.0
529,2000,12,Uttar Pradesh,Sonbhadra,0.07,0.08,1143.0
529,2001,12,Uttar Pradesh,Sonbhadra,0.64,0.81,1266.0
529,2002,12,Uttar Pradesh,Sonbhadra,0.49,0.67,1367.0
529,2003,12,Uttar Pradesh,Sonbhadra,0.54,0.62,1148.0
529,2004,12,Uttar Pradesh,Sonbhadra,0.63,0.57,905.0
529,2005,12,Uttar Pradesh,Sonbhadra,0.36,0.48,1333.0
529,2006,12,Uttar Pradesh,Sonbhadra,0.37,0.39,1054.0
529,2007,12,Uttar Pradesh,Sonbhadra,0.33,0.33,1000.0
529,2008,12,Uttar Pradesh,Sonbhadra,0.29,0.29,1000.0
529,2009,12,Uttar Pradesh,Sonbhadra,0.13,0.18,1385.0
529,2010,12,Uttar Pradesh,Sonbhadra,0.29,0.38,1310.0
529,2011,12,Uttar Pradesh,Sonbhadra,0.29,0.45,1552.0
529,2012,12,Uttar Pradesh,Sonbhadra,0.29,0.25,862.0
529,2013,12,Uttar Pradesh,Sonbhadra,0.18,0.29,1611.0
529,2014,12,Uttar Pradesh,Sonbhadra,0.17,0.26,1529.0
529,2015,12,Uttar Pradesh,Sonbhadra,0.02,0.02,1000.0
529,2016,12,Uttar Pradesh,Sonbhadra,0.56,0.8,1427.0
529,2018,12,Uttar Pradesh,Sonbhadra,0.19,0.31,1599.0
529,2019,12,Uttar Pradesh,Sonbhadra,0.19,0.26,1379.0
530,1990,12,Uttar Pradesh,Mau,0.65,0.73,1123.0
530,1991,12,Uttar Pradesh,Mau,0.47,0.57,1213.0
530,1992,12,Uttar Pradesh,Mau,0.52,0.81,1558.0
530,1993,12,Uttar Pradesh,Mau,0.47,0.71,1511.0
530,1994,12,Uttar Pradesh,Mau,0.37,0.5,1351.0
530,1995,12,Uttar Pradesh,Mau,0.31,0.37,1194.0
530,1996,12,Uttar Pradesh,Mau,0.56,0.52,929.0
530,1997,12,Uttar Pradesh,Mau,0.24,0.25,1042.0
530,1998,12,Uttar Pradesh,Mau,0.42,0.52,1238.0
530,1999,12,Uttar Pradesh,Mau,0.36,0.58,1611.0
530,2000,12,Uttar Pradesh,Mau,0.23,0.18,783.0
530,2001,12,Uttar Pradesh,Mau,0.17,0.2,1176.0
530,2002,12,Uttar Pradesh,Mau,0.14,0.19,1357.0
530,2003,12,Uttar Pradesh,Mau,0.14,0.18,1286.0
530,2004,12,Uttar Pradesh,Mau,0.17,0.27,1588.0
530,2005,12,Uttar Pradesh,Mau,0.09,0.14,1556.0
530,2006,12,Uttar Pradesh,Mau,0.08,0.12,1500.0
530,2007,12,Uttar Pradesh,Mau,0.07,0.1,1429.0
530,2008,12,Uttar Pradesh,Mau,0.07,0.13,1857.0
530,2009,12,Uttar Pradesh,Mau,0.09,0.15,1667.0
530,2010,12,Uttar Pradesh,Mau,0.07,0.08,1143.0
530,2011,12,Uttar Pradesh,Mau,0.08,0.1,1250.0
530,2012,12,Uttar Pradesh,Mau,0.09,0.17,1889.0
530,2013,12,Uttar Pradesh,Mau,0.04,0.05,1250.0
530,2014,12,Uttar Pradesh,Mau,0.07,0.13,1857.0
530,2015,12,Uttar Pradesh,Mau,0.01,0.02,2000.0
530,2016,12,Uttar Pradesh,Mau,0.05,0.1,1904.0
530,2017,12,Uttar Pradesh,Mau,0.05,0.09,1938.0
530,2018,12,Uttar Pradesh,Mau,0.02,0.05,2091.0
530,2019,12,Uttar Pradesh,Mau,0.05,0.1,2167.0
531,1990,12,Uttar Pradesh,Mahrajgani,0.06,0.07,1167.0
531,1992,12,Uttar Pradesh,Mahrajgani,0.02,0.03,1500.0
531,1993,12,Uttar Pradesh,Mahrajgani,0.02,0.03,1500.0
531,1994,12,Uttar Pradesh,Mahrajgani,0.07,0.09,1286.0
531,1995,12,Uttar Pradesh,Mahrajgani,0.01,0.02,2000.0
531,1996,12,Uttar Pradesh,Mahrajgani,0.01,0.02,2000.0
531,1997,12,Uttar Pradesh,Mahrajgani,0.01,0.02,2000.0
531,1998,12,Uttar Pradesh,Mahrajgani,0.12,0.18,1500.0
531,1999,12,Uttar Pradesh,Mahrajgani,0.04,0.08,2000.0
531,2004,12,Uttar Pradesh,Mahrajgani,0.13,0.22,1692.0
532,1990,12,Uttar Pradesh,Sidharthnagar,0.02,0.02,1000.0
532,1991,12,Uttar Pradesh,Sidharthnagar,0.01,0.01,1000.0
532,1992,12,Uttar Pradesh,Sidharthnagar,0.02,0.03,1500.0
532,1993,12,Uttar Pradesh,Sidharthnagar,0.02,0.03,1500.0
532,1994,12,Uttar Pradesh,Sidharthnagar,0.02,0.02,1000.0
532,1995,12,Uttar Pradesh,Sidharthnagar,0.01,0.02,2000.0
532,1996,12,Uttar Pradesh,Sidharthnagar,0.05,0.08,1600.0
532,1997,12,Uttar Pradesh,Sidharthnagar,0.02,0.03,1500.0
532,1998,12,Uttar Pradesh,Sidharthnagar,0.01,0.02,2000.0
532,1999,12,Uttar Pradesh,Sidharthnagar,0.01,0.03,3000.0
532,2000,12,Uttar Pradesh,Sidharthnagar,0.01,0.02,2000.0
532,2001,12,Uttar Pradesh,Sidharthnagar,0.01,0.02,2000.0
532,2002,12,Uttar Pradesh,Sidharthnagar,0.05,0.09,1800.0
532,2003,12,Uttar Pradesh,Sidharthnagar,0.08,0.14,1750.0
533,1995,12,Uttar Pradesh,Mahoba,0.03,0.02,667.0
533,1997,12,Uttar Pradesh,Mahoba,0.01,0.01,1000.0
533,2004,12,Uttar Pradesh,Mahoba,0.04,0.06,1500.0
533,2007,12,Uttar Pradesh,Mahoba,0.01,0.01,1000.0
533,2008,12,Uttar Pradesh,Mahoba,0.01,0.01,1000.0
533,2011,12,Uttar Pradesh,Mahoba,0.01,0.01,1000.0
533,2018,12,Uttar Pradesh,Mahoba,0.12,0.06,484.0
533,2019,12,Uttar Pradesh,Mahoba,0.03,0.05,1857.0
536,1991,10,Rajasthan,Baran,2.62,0.61,233.0
536,1992,10,Rajasthan,Baran,2.21,1.28,579.0
536,1993,10,Rajasthan,Baran,2.07,0.61,295.0
536,1994,10,Rajasthan,Baran,1.94,1.18,608.0
536,1995,10,Rajasthan,Baran,2.02,0.64,317.0
536,1996,10,Rajasthan,Baran,2.0,0.98,490.0
536,1997,10,Rajasthan,Baran,2.08,1.11,534.0
536,1998,10,Rajasthan,Baran,2.23,0.96,430.0
536,1999,10,Rajasthan,Baran,1.7,0.58,341.0
536,2000,10,Rajasthan,Baran,1.85,0.82,443.0
536,2001,10,Rajasthan,Baran,2.11,1.57,744.0
536,2002,10,Rajasthan,Baran,3.35,0.75,224.0
536,2003,10,Rajasthan,Baran,5.01,5.69,1136.0
536,2004,10,Rajasthan,Baran,2.43,1.59,654.0
536,2005,10,Rajasthan,Baran,2.42,1.05,434.0
536,2006,10,Rajasthan,Baran,2.82,2.27,805.0
536,2007,10,Rajasthan,Baran,3.15,4.19,1330.0
536,2008,10,Rajasthan,Baran,3.21,3.93,1224.0
536,2009,10,Rajasthan,Baran,3.59,2.94,819.0
536,2010,10,Rajasthan,Baran,3.47,3.85,1110.0
536,2011,10,Rajasthan,Baran,2.85,3.74,1312.0
536,2012,10,Rajasthan,Baran,2.22,2.51,1131.0
536,2013,10,Rajasthan,Baran,0.56,0.28,500.0
536,2014,10,Rajasthan,Baran,1.09,0.72,661.0
536,2015,10,Rajasthan,Baran,1.1,0.87,791.0
536,2016,10,Rajasthan,Baran,1.12,1.34,1195.0
536,2017,10,Rajasthan,Baran,0.55,0.49,881.0
536,2018,10,Rajasthan,Baran,0.97,0.87,892.0
536,2019,10,Rajasthan,Baran,1.24,1.47,1186.0
537,1991,10,Rajasthan,Dausa,69.78,51.18,733.0
537,1992,10,Rajasthan,Dausa,89.0,82.54,927.0
537,1993,10,Rajasthan,Dausa,75.53,38.85,514.0
537,1994,10,Rajasthan,Dausa,80.66,68.02,843.0
537,1995,10,Rajasthan,Dausa,70.08,29.81,425.0
537,1996,10,Rajasthan,Dausa,84.62,56.04,662.0
537,1997,10,Rajasthan,Dausa,82.8,58.13,702.0
537,1998,10,Rajasthan,Dausa,83.85,102.57,1223.0
537,1999,10,Rajasthan,Dausa,79.24,82.98,1047.0
537,2000,10,Rajasthan,Dausa,87.43,100.47,1149.0
537,2001,10,Rajasthan,Dausa,91.19,142.56,1563.0
537,2002,10,Rajasthan,Dausa,95.84,47.17,492.0
537,2003,10,Rajasthan,Dausa,120.01,222.79,1856.0
537,2004,10,Rajasthan,Dausa,103.66,117.82,1137.0
537,2005,10,Rajasthan,Dausa,107.95,89.92,833.0
537,2006,10,Rajasthan,Dausa,111.35,205.27,1843.0
537,2007,10,Rajasthan,Dausa,124.26,218.09,1755.0
537,2008,10,Rajasthan,Dausa,119.58,211.09,1765.0
537,2009,10,Rajasthan,Dausa,138.52,184.64,1333.0
537,2010,10,Rajasthan,Dausa,140.58,200.85,1429.0
537,2011,10,Rajasthan,Dausa,138.71,228.03,1644.0
537,2012,10,Rajasthan,Dausa,134.49,250.33,1861.0
537,2013,10,Rajasthan,Dausa,131.56,228.25,1735.0
537,2014,10,Rajasthan,Dausa,136.27,247.74,1818.0
537,2015,10,Rajasthan,Dausa,146.6,168.36,1148.0
537,2016,10,Rajasthan,Dausa,149.55,242.83,1624.0
537,2017,10,Rajasthan,Dausa,150.64,207.99,1381.0
537,2018,10,Rajasthan,Dausa,153.93,267.11,1735.0
537,2019,10,Rajasthan,Dausa,155.05,305.93,1973.0
538,1991,10,Rajasthan,Rajsamand,0.34,0.08,235.0
538,1992,10,Rajasthan,Rajsamand,0.19,0.11,579.0
538,1993,10,Rajasthan,Rajsamand,0.17,0.05,294.0
538,1994,10,Rajasthan,Rajsamand,0.27,0.17,630.0
538,1995,10,Rajasthan,Rajsamand,0.16,0.05,313.0
538,1996,10,Rajasthan,Rajsamand,0.18,0.09,500.0
538,1997,10,Rajasthan,Rajsamand,0.18,0.1,556.0
538,1998,10,Rajasthan,Rajsamand,0.15,0.06,400.0
538,1999,10,Rajasthan,Rajsamand,0.19,0.07,368.0
538,2000,10,Rajasthan,Rajsamand,0.24,0.11,458.0
538,2001,10,Rajasthan,Rajsamand,0.38,0.28,737.0
538,2002,10,Rajasthan,Rajsamand,0.67,0.15,224.0
538,2003,10,Rajasthan,Rajsamand,0.98,1.11,1133.0
538,2004,10,Rajasthan,Rajsamand,0.65,0.43,662.0
538,2005,10,Rajasthan,Rajsamand,0.57,0.25,439.0
538,2006,10,Rajasthan,Rajsamand,0.52,0.37,712.0
538,2007,10,Rajasthan,Rajsamand,0.41,0.34,829.0
538,2008,10,Rajasthan,Rajsamand,0.5,0.41,820.0
538,2009,10,Rajasthan,Rajsamand,0.46,0.18,391.0
538,2010,10,Rajasthan,Rajsamand,0.45,0.5,1111.0
538,2011,10,Rajasthan,Rajsamand,0.43,0.54,1256.0
538,2012,10,Rajasthan,Rajsamand,0.37,0.36,973.0
538,2013,10,Rajasthan,Rajsamand,0.33,0.3,909.0
538,2014,10,Rajasthan,Rajsamand,0.32,0.35,1094.0
538,2015,10,Rajasthan,Rajsamand,0.36,0.28,778.0
538,2016,10,Rajasthan,Rajsamand,0.36,0.36,997.0
538,2017,10,Rajasthan,Rajsamand,0.32,0.28,883.0
538,2018,10,Rajasthan,Rajsamand,0.35,0.31,891.0
538,2019,10,Rajasthan,Rajsamand,0.32,0.38,1187.0
539,1994,10,Rajasthan,Hanumangarh,56.1,44.39,791.0
539,1995,10,Rajasthan,Hanumangarh,48.62,30.27,623.0
539,1996,10,Rajasthan,Hanumangarh,58.21,40.21,691.0
539,1997,10,Rajasthan,Hanumangarh,68.29,44.65,654.0
539,1998,10,Rajasthan,Hanumangarh,54.43,35.8,658.0
539,1999,10,Rajasthan,Hanumangarh,53.88,16.15,300.0
539,2000,10,Rajasthan,Hanumangarh,51.85,8.45,163.0
539,2001,10,Rajasthan,Hanumangarh,96.46,74.77,775.0
539,2002,10,Rajasthan,Hanumangarh,59.71,4.52,76.0
539,2003,10,Rajasthan,Hanumangarh,116.15,109.91,946.0
539,2004,10,Rajasthan,Hanumangarh,69.22,33.47,484.0
539,2005,10,Rajasthan,Hanumangarh,78.77,74.23,942.0
539,2006,10,Rajasthan,Hanumangarh,97.27,88.15,906.0
539,2007,10,Rajasthan,Hanumangarh,86.57,136.16,1573.0
539,2008,10,Rajasthan,Hanumangarh,80.11,129.12,1612.0
539,2009,10,Rajasthan,Hanumangarh,53.34,24.01,450.0
539,2010,10,Rajasthan,Hanumangarh,91.09,79.36,871.0
539,2011,10,Rajasthan,Hanumangarh,72.88,100.79,1383.0
539,2012,10,Rajasthan,Hanumangarh,33.66,54.75,1627.0
539,2013,10,Rajasthan,Hanumangarh,32.95,33.8,1026.0
539,2014,10,Rajasthan,Hanumangarh,34.17,44.63,1306.0
539,2015,10,Rajasthan,Hanumangarh,29.2,23.07,790.0
539,2016,10,Rajasthan,Hanumangarh,41.71,18.42,442.0
539,2017,10,Rajasthan,Hanumangarh,36.99,18.95,512.0
539,2018,10,Rajasthan,Hanumangarh,30.47,19.71,647.0
539,2019,10,Rajasthan,Hanumangarh,31.72,16.44,518.0
542,1992,11,Tamil Nadu,Nagapattinam,0.01,0.03,3000.0
542,1994,11,Tamil Nadu,Nagapattinam,0.01,0.02,2000.0
542,1995,11,Tamil Nadu,Nagapattinam,0.02,0.03,1500.0
542,1996,11,Tamil Nadu,Nagapattinam,0.01,0.02,2000.0
542,2004,11,Tamil Nadu,Nagapattinam,0.01,0.01,1000.0
542,2012,11,Tamil Nadu,Nagapattinam,0.01,0.01,1000.0
542,2013,11,Tamil Nadu,Nagapattinam,0.01,0.01,1000.0
542,2014,11,Tamil Nadu,Nagapattinam,0.01,0.02,2000.0
543,1994,11,Tamil Nadu,Villupuram,65.28,67.5,1034.0
543,1995,11,Tamil Nadu,Villupuram,64.25,83.38,1298.0
543,1996,11,Tamil Nadu,Villupuram,59.07,61.88,1048.0
543,1997,11,Tamil Nadu,Villupuram,58.19,51.29,881.0
543,1998,11,Tamil Nadu,Villupuram,51.07,62.9,1232.0
543,1999,11,Tamil Nadu,Villupuram,44.39,64.66,1457.0
543,2000,11,Tamil Nadu,Villupuram,41.49,62.24,1500.0
543,2001,11,Tamil Nadu,Villupuram,42.11,53.36,1267.0
543,2002,11,Tamil Nadu,Villupuram,27.29,10.77,395.0
543,2003,11,Tamil Nadu,Villupuram,67.29,75.92,1128.0
543,2004,11,Tamil Nadu,Villupuram,20.44,19.55,956.0
543,2005,11,Tamil Nadu,Villupuram,14.81,12.81,865.0
543,2006,11,Tamil Nadu,Villupuram,11.83,9.69,819.0
543,2007,11,Tamil Nadu,Villupuram,15.17,17.24,1136.0
543,2008,11,Tamil Nadu,Villupuram,12.57,13.59,1081.0
543,2009,11,Tamil Nadu,Villupuram,11.33,12.08,1066.0
543,2010,11,Tamil Nadu,Villupuram,10.73,12.89,1201.0
543,2011,11,Tamil Nadu,Villupuram,12.82,29.87,2330.0
543,2012,11,Tamil Nadu,Villupuram,8.57,10.72,1251.0
543,2013,11,Tamil Nadu,Villupuram,15.83,40.49,2558.0
543,2014,11,Tamil Nadu,Villupuram,17.4,48.09,2764.0
543,2015,11,Tamil Nadu,Villupuram,16.39,39.07,2384.0
543,2016,11,Tamil Nadu,Villupuram,16.79,47.37,2821.0
543,2017,11,Tamil Nadu,Villupuram,29.07,62.64,2155.0
543,2018,11,Tamil Nadu,Villupuram,17.8,50.49,2836.0
543,2019,11,Tamil Nadu,Villupuram,37.11,94.03,2534.0
545,1993,9,Punjab,Mansa,6.3,8.0,1270.0
545,1994,9,Punjab,Mansa,1.7,1.7,1000.0
545,1995,9,Punjab,Mansa,0.6,0.7,1167.0
545,1996,9,Punjab,Mansa,1.0,1.0,1000.0
545,1998,9,Punjab,Mansa,1.1,1.0,909.0
545,1999,9,Punjab,Mansa,1.8,1.3,722.0
545,2000,9,Punjab,Mansa,2.0,1.4,700.0
545,2001,9,Punjab,Mansa,1.3,1.2,923.0
545,2002,9,Punjab,Mansa,1.7,1.4,824.0
545,2003,9,Punjab,Mansa,2.7,2.7,1000.0
545,2004,9,Punjab,Mansa,2.0,2.0,1000.0
545,2005,9,Punjab,Mansa,1.0,1.0,1000.0
545,2006,9,Punjab,Mansa,1.0,1.0,1000.0
545,2007,9,Punjab,Mansa,1.0,1.0,1000.0
545,2008,9,Punjab,Mansa,1.0,1.0,1000.0
545,2009,9,Punjab,Mansa,1.0,1.0,1000.0
545,2010,9,Punjab,Mansa,1.0,1.0,1000.0
545,2011,9,Punjab,Mansa,1.0,1.0,1000.0
545,2012,9,Punjab,Mansa,1.0,1.0,1000.0
545,2013,9,Punjab,Mansa,0.2,0.2,1000.0
545,2016,9,Punjab,Mansa,1.0,0.6,600.0
545,2017,9,Punjab,Mansa,0.5,0.3,600.0
545,2018,9,Punjab,Mansa,0.4,0.2,500.0
545,2019,9,Punjab,Mansa,0.3,0.2,667.0
546,2008,9,Punjab,Fatehgarh Sahib,2.0,2.0,1000.0
546,2009,9,Punjab,Fatehgarh Sahib,1.0,1.0,1000.0
547,1990,12,Uttar Pradesh,Kanpur Nagar,0.28,0.36,1286.0
547,1991,12,Uttar Pradesh,Kanpur Nagar,0.1,0.17,1700.0
547,1992,12,Uttar Pradesh,Kanpur Nagar,0.11,0.21,1909.0
547,1993,12,Uttar Pradesh,Kanpur Nagar,0.14,0.22,1571.0
547,1994,12,Uttar Pradesh,Kanpur Nagar,0.16,0.19,1188.0
547,1995,12,Uttar Pradesh,Kanpur Nagar,0.05,0.06,1200.0
547,1996,12,Uttar Pradesh,Kanpur Nagar,0.07,0.1,1429.0
547,1997,12,Uttar Pradesh,Kanpur Nagar,1.05,1.73,1648.0
547,1998,12,Uttar Pradesh,Kanpur Nagar,1.09,1.29,1183.0
547,1999,12,Uttar Pradesh,Kanpur Nagar,1.27,1.54,1213.0
547,2000,12,Uttar Pradesh,Kanpur Nagar,1.26,1.57,1246.0
547,2001,12,Uttar Pradesh,Kanpur Nagar,0.83,0.88,1060.0
547,2002,12,Uttar Pradesh,Kanpur Nagar,0.68,0.86,1265.0
547,2003,12,Uttar Pradesh,Kanpur Nagar,0.83,0.99,1193.0
547,2004,12,Uttar Pradesh,Kanpur Nagar,0.77,1.29,1675.0
547,2005,12,Uttar Pradesh,Kanpur Nagar,0.89,1.39,1562.0
547,2006,12,Uttar Pradesh,Kanpur Nagar,0.98,1.65,1684.0
547,2007,12,Uttar Pradesh,Kanpur Nagar,0.93,1.65,1774.0
547,2008,12,Uttar Pradesh,Kanpur Nagar,1.04,2.27,2183.0
547,2009,12,Uttar Pradesh,Kanpur Nagar,1.2,2.41,2008.0
547,2010,12,Uttar Pradesh,Kanpur Nagar,1.98,3.88,1960.0
547,2011,12,Uttar Pradesh,Kanpur Nagar,1.52,2.74,1803.0
547,2012,12,Uttar Pradesh,Kanpur Nagar,1.56,2.07,1327.0
547,2013,12,Uttar Pradesh,Kanpur Nagar,1.17,2.07,1769.0
547,2014,12,Uttar Pradesh,Kanpur Nagar,1.02,1.26,1235.0
547,2015,12,Uttar Pradesh,Kanpur Nagar,1.21,1.27,1050.0
547,2016,12,Uttar Pradesh,Kanpur Nagar,1.17,1.89,1608.0
547,2017,12,Uttar Pradesh,Kanpur Nagar,1.17,2.06,1757.0
547,2018,12,Uttar Pradesh,Kanpur Nagar,1.0,2.83,2827.0
547,2019,12,Uttar Pradesh,Kanpur Nagar,1.16,2.03,1750.0
548,1990,12,Uttar Pradesh,Kanpur Dehat,12.79,17.5,1368.0
548,1991,12,Uttar Pradesh,Kanpur Dehat,9.69,11.86,1224.0
548,1992,12,Uttar Pradesh,Kanpur Dehat,9.96,17.47,1754.0
548,1993,12,Uttar Pradesh,Kanpur Dehat,9.24,15.57,1685.0
548,1994,12,Uttar Pradesh,Kanpur Dehat,14.3,7.53,527.0
548,1995,12,Uttar Pradesh,Kanpur Dehat,14.45,14.56,1008.0
548,1996,12,Uttar Pradesh,Kanpur Dehat,15.94,17.34,1088.0
548,1997,12,Uttar Pradesh,Kanpur Dehat,12.79,17.12,1339.0
548,1998,12,Uttar Pradesh,Kanpur Dehat,12.49,12.45,997.0
548,1999,12,Uttar Pradesh,Kanpur Dehat,9.46,14.21,1502.0
548,2000,12,Uttar Pradesh,Kanpur Dehat,9.47,12.29,1298.0
548,2001,12,Uttar Pradesh,Kanpur Dehat,11.48,15.02,1308.0
548,2002,12,Uttar Pradesh,Kanpur Dehat,13.34,15.84,1187.0
548,2003,12,Uttar Pradesh,Kanpur Dehat,14.0,14.86,1061.0
548,2004,12,Uttar Pradesh,Kanpur Dehat,13.65,17.89,1311.0
548,2005,12,Uttar Pradesh,Kanpur Dehat,15.05,19.48,1294.0
548,2006,12,Uttar Pradesh,Kanpur Dehat,16.23,25.41,1566.0
548,2007,12,Uttar Pradesh,Kanpur Dehat,17.14,32.76,1911.0
548,2008,12,Uttar Pradesh,Kanpur Dehat,17.33,34.18,1972.0
548,2009,12,Uttar Pradesh,Kanpur Dehat,16.74,24.21,1446.0
548,2010,12,Uttar Pradesh,Kanpur Dehat,16.81,31.82,1893.0
548,2011,12,Uttar Pradesh,Kanpur Dehat,16.92,33.02,1952.0
548,2012,12,Uttar Pradesh,Kanpur Dehat,16.92,41.07,2427.0
548,2013,12,Uttar Pradesh,Kanpur Dehat,16.56,41.12,2483.0
548,2014,12,Uttar Pradesh,Kanpur Dehat,18.13,38.68,2133.0
548,2015,12,Uttar Pradesh,Kanpur Dehat,22.7,37.64,1658.0
548,2016,12,Uttar Pradesh,Kanpur Dehat,17.45,43.2,2475.0
548,2017,12,Uttar Pradesh,Kanpur Dehat,17.29,31.95,1848.0
548,2018,12,Uttar Pradesh,Kanpur Dehat,15.3,46.46,3037.0
548,2019,12,Uttar Pradesh,Kanpur Dehat,17.56,45.2,2574.0
549,2005,5,Karnataka,Bangalore(Rural),0.03,0.02,667.0
549,2012,5,Karnataka,Bangalore(Rural),0.01,0.01,1000.0
549,2015,5,Karnataka,Bangalore(Rural),0.01,0.01,1000.0
549,2016,5,Karnataka,Bangalore(Rural),0.01,0.01,1000.0
549,2018,5,Karnataka,Bangalore(Rural),0.01,0.01,909.0
549,2019,5,Karnataka,Bangalore(Rural),0.01,0.01,1125.0
550,2013,5,Karnataka,Bangalore(Urban),0.01,0.01,1000.0
550,2018,5,Karnataka,Bangalore(Urban),0.01,0.01,889.0
550,2019,5,Karnataka,Bangalore(Urban),0.02,0.02,1056.0
626,2003,18,Himachal Pradesh,Bilashpur,0.01,0.01,1000.0
626,2012,18,Himachal Pradesh,Bilashpur,0.15,0.07,466.67
626,2019,18,Himachal Pradesh,Bilashpur,0.01,0.01,1000.0
627,2012,18,Himachal Pradesh,Chamba,0.11,0.05,454.55
628,2011,18,Himachal Pradesh,Hamirpur,0.01,0.01,1000.0
628,2012,18,Himachal Pradesh,Hamirpur,0.24,0.12,500.0
628,2013,18,Himachal Pradesh,Hamirpur,0.12,0.08,666.67
628,2014,18,Himachal Pradesh,Hamirpur,0.12,0.08,666.67
629,1990,18,Himachal Pradesh,Kangra,0.05,0.03,600.0
629,1991,18,Himachal Pradesh,Kangra,0.03,0.02,666.67
629,1996,18,Himachal Pradesh,Kangra,0.09,0.05,555.56
629,1997,18,Himachal Pradesh,Kangra,0.34,0.19,558.82
629,1998,18,Himachal Pradesh,Kangra,0.44,0.24,545.45
629,1999,18,Himachal Pradesh,Kangra,0.09,0.05,555.56
629,2000,18,Himachal Pradesh,Kangra,0.07,0.02,285.71
629,2001,18,Himachal Pradesh,Kangra,0.06,0.04,666.67
629,2003,18,Himachal Pradesh,Kangra,0.22,0.12,545.45
629,2004,18,Himachal Pradesh,Kangra,0.21,0.11,523.81
629,2008,18,Himachal Pradesh,Kangra,0.15,0.08,533.33
629,2009,18,Himachal Pradesh,Kangra,0.15,0.08,533.33
629,2010,18,Himachal Pradesh,Kangra,0.14,0.08,571.43
629,2011,18,Himachal Pradesh,Kangra,0.15,0.09,600.0
629,2012,18,Himachal Pradesh,Kangra,0.56,0.28,500.0
629,2013,18,Himachal Pradesh,Kangra,0.32,0.18,562.5
629,2014,18,Himachal Pradesh,Kangra,0.25,0.12,480.0
629,2015,18,Himachal Pradesh,Kangra,0.05,0.03,600.0
629,2016,18,Himachal Pradesh,Kangra,0.12,0.06,482.76
629,2017,18,Himachal Pradesh,Kangra,0.05,0.04,750.0
629,2018,18,Himachal Pradesh,Kangra,0.06,0.05,820.0
629,2019,18,Himachal Pradesh,Kangra,0.08,0.08,1027.0
630,2002,18,Himachal Pradesh,Kinnaur,0.09,0.05,555.56
633,2001,18,Himachal Pradesh,Solan,0.01,0.01,1000.0
633,2003,18,Himachal Pradesh,Solan,0.06,0.03,500.0
634,1996,18,Himachal Pradesh,Mandi,0.01,0.01,1000.0
634,1997,18,Himachal Pradesh,Mandi,0.02,0.01,500.0
634,1998,18,Himachal Pradesh,Mandi,0.02,0.01,500.0
634,1999,18,Himachal Pradesh,Mandi,0.03,0.02,666.67
634,2000,18,Himachal Pradesh,Mandi,0.02,0.01,500.0
634,2003,18,Himachal Pradesh,Mandi,0.03,0.01,333.33
634,2004,18,Himachal Pradesh,Mandi,0.03,0.02,666.67
634,2008,18,Himachal Pradesh,Mandi,0.04,0.02,500.0
634,2009,18,Himachal Pradesh,Mandi,0.05,0.02,400.0
634,2010,18,Himachal Pradesh,Mandi,0.05,0.03,600.0
634,2011,18,Himachal Pradesh,Mandi,0.06,0.03,500.0
634,2012,18,Himachal Pradesh,Mandi,0.27,0.14,518.52
634,2013,18,Himachal Pradesh,Mandi,0.13,0.07,538.46
634,2014,18,Himachal Pradesh,Mandi,0.13,0.07,538.46
634,2015,18,Himachal Pradesh,Mandi,0.02,0.01,500.0
634,2016,18,Himachal Pradesh,Mandi,0.03,0.02,515.15
634,2017,18,Himachal Pradesh,Mandi,0.02,0.02,739.13
634,2018,18,Himachal Pradesh,Mandi,0.02,0.01,467.0
634,2019,18,Himachal Pradesh,Mandi,0.02,0.02,1000.0
635,2012,18,Himachal Pradesh,Shimla,0.33,0.16,484.85
635,2013,18,Himachal Pradesh,Shimla,0.07,0.03,428.57
635,2014,18,Himachal Pradesh,Shimla,0.07,0.03,428.57
636,1990,18,Himachal Pradesh,Sirmaur,0.02,0.01,500.0
636,1991,18,Himachal Pradesh,Sirmaur,0.04,0.01,250.0
636,1994,18,Himachal Pradesh,Sirmaur,0.05,0.03,600.0
636,1995,18,Himachal Pradesh,Sirmaur,0.05,0.01,200.0
636,1996,18,Himachal Pradesh,Sirmaur,0.06,0.06,1000.0
636,1997,18,Himachal Pradesh,Sirmaur,0.05,0.03,600.0
636,1998,18,Himachal Pradesh,Sirmaur,0.01,0.01,1000.0
636,1999,18,Himachal Pradesh,Sirmaur,0.01,0.01,1000.0
636,2003,18,Himachal Pradesh,Sirmaur,0.03,0.02,666.67
636,2004,18,Himachal Pradesh,Sirmaur,0.03,0.02,666.67
636,2012,18,Himachal Pradesh,Sirmaur,0.29,0.16,551.72
636,2013,18,Himachal Pradesh,Sirmaur,0.09,0.04,444.44
636,2014,18,Himachal Pradesh,Sirmaur,0.09,0.04,444.44
637,2012,18,Himachal Pradesh,Una,0.49,0.25,510.2
705,1990,8,Orissa,Ganjam,2.25,1.8,800.0
705,1991,8,Orissa,Ganjam,2.35,1.76,749.0
705,1992,8,Orissa,Ganjam,0.49,0.34,694.0
705,1993,8,Orissa,Ganjam,2.45,1.24,506.0
705,1994,8,Orissa,Ganjam,2.41,1.13,469.0
705,1995,8,Orissa,Ganjam,0.52,0.36,692.0
705,1996,8,Orissa,Ganjam,0.4,0.2,500.0
705,1997,8,Orissa,Ganjam,0.43,0.26,605.0
705,1998,8,Orissa,Ganjam,0.04,0.02,500.0
705,1999,8,Orissa,Ganjam,0.41,0.26,634.0
705,2000,8,Orissa,Ganjam,0.56,0.35,625.0
705,2001,8,Orissa,Ganjam,0.43,0.3,698.0
705,2002,8,Orissa,Ganjam,0.37,0.18,486.0
705,2003,8,Orissa,Ganjam,0.33,0.2,606.0
705,2004,8,Orissa,Ganjam,0.27,0.17,630.0
705,2005,8,Orissa,Ganjam,0.31,0.19,613.0
705,2006,8,Orissa,Ganjam,0.08,0.05,625.0
705,2007,8,Orissa,Ganjam,0.11,0.07,636.0
705,2008,8,Orissa,Ganjam,0.1,0.07,700.0
705,2009,8,Orissa,Ganjam,0.08,0.05,625.0
705,2010,8,Orissa,Ganjam,0.04,0.03,750.0
705,2011,8,Orissa,Ganjam,0.05,0.04,800.0
705,2012,8,Orissa,Ganjam,0.08,0.05,625.0
705,2013,8,Orissa,Ganjam,0.08,0.05,625.0
705,2014,8,Orissa,Ganjam,0.09,0.05,556.0
705,2015,8,Orissa,Ganjam,0.1,0.07,700.0
705,2016,8,Orissa,Ganjam,0.04,0.02,500.0
705,2017,8,Orissa,Ganjam,0.05,0.03,600.0
705,2019,8,Orissa,Ganjam,0.11,0.07,636.0
706,1990,8,Orissa,Kalahandi,0.4,0.21,525.0
706,1991,8,Orissa,Kalahandi,0.25,0.13,520.0
706,1992,8,Orissa,Kalahandi,0.28,0.17,607.0
706,1993,8,Orissa,Kalahandi,0.07,0.03,429.0
706,1994,8,Orissa,Kalahandi,0.09,0.03,333.0
706,1995,8,Orissa,Kalahandi,0.07,0.03,429.0
706,1996,8,Orissa,Kalahandi,0.06,0.03,500.0
706,1997,8,Orissa,Kalahandi,0.03,0.02,667.0
706,1998,8,Orissa,Kalahandi,0.03,0.02,667.0
706,1999,8,Orissa,Kalahandi,0.1,0.06,600.0
706,2000,8,Orissa,Kalahandi,0.04,0.02,500.0
706,2001,8,Orissa,Kalahandi,0.13,0.08,615.0
706,2002,8,Orissa,Kalahandi,0.06,0.04,667.0
706,2003,8,Orissa,Kalahandi,0.07,0.05,714.0
706,2004,8,Orissa,Kalahandi,0.06,0.03,500.0
706,2005,8,Orissa,Kalahandi,0.07,0.05,714.0
706,2006,8,Orissa,Kalahandi,0.06,0.04,667.0
706,2007,8,Orissa,Kalahandi,0.06,0.04,667.0
706,2008,8,Orissa,Kalahandi,0.06,0.04,667.0
706,2009,8,Orissa,Kalahandi,0.07,0.05,714.0
706,2010,8,Orissa,Kalahandi,0.07,0.05,714.0
706,2011,8,Orissa,Kalahandi,0.05,0.03,600.0
706,2012,8,Orissa,Kalahandi,0.06,0.04,667.0
706,2013,8,Orissa,Kalahandi,0.01,0.01,1000.0
706,2014,8,Orissa,Kalahandi,0.01,0.01,1000.0
706,2015,8,Orissa,Kalahandi,0.01,0.01,1000.0
706,2016,8,Orissa,Kalahandi,0.01,0.01,1000.0
706,2019,8,Orissa,Kalahandi,0.06,0.04,667.0
707,1990,8,Orissa,Keonjhar,0.27,0.21,778.0
707,1991,8,Orissa,Keonjhar,0.61,0.54,885.0
707,1992,8,Orissa,Keonjhar,0.29,0.2,690.0
707,1993,8,Orissa,Keonjhar,0.28,0.21,750.0
707,1994,8,Orissa,Keonjhar,0.28,0.21,750.0
707,1995,8,Orissa,Keonjhar,0.2,0.15,750.0
707,1996,8,Orissa,Keonjhar,0.29,0.15,517.0
707,1997,8,Orissa,Keonjhar,0.26,0.15,577.0
707,1998,8,Orissa,Keonjhar,0.26,0.15,577.0
707,1999,8,Orissa,Keonjhar,0.29,0.19,655.0
707,2000,8,Orissa,Keonjhar,0.26,0.13,500.0
707,2001,8,Orissa,Keonjhar,0.21,0.11,524.0
707,2002,8,Orissa,Keonjhar,0.1,0.05,500.0
707,2003,8,Orissa,Keonjhar,0.07,0.04,571.0
707,2004,8,Orissa,Keonjhar,0.1,0.05,500.0
707,2005,8,Orissa,Keonjhar,0.1,0.06,600.0
707,2006,8,Orissa,Keonjhar,0.1,0.06,600.0
707,2007,8,Orissa,Keonjhar,0.03,0.02,667.0
707,2008,8,Orissa,Keonjhar,0.05,0.03,600.0
707,2009,8,Orissa,Keonjhar,0.05,0.03,600.0
707,2010,8,Orissa,Keonjhar,0.04,0.03,750.0
707,2011,8,Orissa,Keonjhar,0.05,0.03,600.0
707,2012,8,Orissa,Keonjhar,0.03,0.02,667.0
707,2013,8,Orissa,Keonjhar,0.02,0.01,500.0
707,2014,8,Orissa,Keonjhar,0.02,0.01,500.0
707,2015,8,Orissa,Keonjhar,0.02,0.01,500.0
707,2016,8,Orissa,Keonjhar,0.01,0.01,1000.0
707,2017,8,Orissa,Keonjhar,0.01,0.01,1000.0
707,2019,8,Orissa,Keonjhar,0.01,0.01,1000.0
708,1990,8,Orissa,Koraput,3.57,3.38,947.0
708,1991,8,Orissa,Koraput,5.1,5.06,992.0
708,1992,8,Orissa,Koraput,3.99,2.7,677.0
708,1993,8,Orissa,Koraput,3.09,1.89,612.0
708,1994,8,Orissa,Koraput,2.86,1.53,535.0
708,1995,8,Orissa,Koraput,1.1,1.02,927.0
708,1996,8,Orissa,Koraput,0.92,0.65,707.0
708,1997,8,Orissa,Koraput,0.76,0.44,579.0
708,1998,8,Orissa,Koraput,0.71,0.42,592.0
708,1999,8,Orissa,Koraput,0.62,0.37,597.0
708,2000,8,Orissa,Koraput,0.62,0.39,629.0
708,2001,8,Orissa,Koraput,0.59,0.34,576.0
708,2002,8,Orissa,Koraput,0.49,0.27,551.0
708,2003,8,Orissa,Koraput,0.43,0.24,558.0
708,2004,8,Orissa,Koraput,0.42,0.24,571.0
708,2005,8,Orissa,Koraput,0.39,0.25,641.0
708,2006,8,Orissa,Koraput,0.4,0.26,650.0
708,2007,8,Orissa,Koraput,0.41,0.25,610.0
708,2008,8,Orissa,Koraput,0.42,0.26,619.0
708,2009,8,Orissa,Koraput,0.42,0.23,548.0
708,2010,8,Orissa,Koraput,0.32,0.18,563.0
708,2011,8,Orissa,Koraput,0.21,0.14,667.0
708,2012,8,Orissa,Koraput,0.11,0.07,636.0
708,2013,8,Orissa,Koraput,0.12,0.08,667.0
708,2014,8,Orissa,Koraput,0.11,0.07,636.0
708,2015,8,Orissa,Koraput,0.12,0.07,583.0
708,2016,8,Orissa,Koraput,0.13,0.07,538.0
708,2017,8,Orissa,Koraput,0.12,0.08,667.0
708,2019,8,Orissa,Koraput,0.2,0.13,650.0
709,1990,8,Orissa,Mayurbhanja,0.07,0.04,571.0
709,1991,8,Orissa,Mayurbhanja,0.07,0.04,571.0
709,1992,8,Orissa,Mayurbhanja,0.07,0.04,571.0
709,1993,8,Orissa,Mayurbhanja,0.53,0.31,585.0
709,1994,8,Orissa,Mayurbhanja,0.09,0.05,556.0
709,1995,8,Orissa,Mayurbhanja,0.08,0.04,500.0
709,1996,8,Orissa,Mayurbhanja,0.06,0.03,500.0
709,1997,8,Orissa,Mayurbhanja,0.06,0.03,500.0
709,1998,8,Orissa,Mayurbhanja,0.07,0.04,571.0
709,1999,8,Orissa,Mayurbhanja,0.08,0.04,500.0
709,2000,8,Orissa,Mayurbhanja,0.06,0.03,500.0
709,2001,8,Orissa,Mayurbhanja,0.03,0.01,333.0
709,2002,8,Orissa,Mayurbhanja,0.05,0.02,400.0
709,2003,8,Orissa,Mayurbhanja,0.06,0.03,500.0
709,2004,8,Orissa,Mayurbhanja,0.06,0.03,500.0
709,2005,8,Orissa,Mayurbhanja,0.04,0.02,500.0
709,2006,8,Orissa,Mayurbhanja,0.03,0.01,333.0
709,2007,8,Orissa,Mayurbhanja,0.04,0.02,500.0
710,2001,8,Orissa,Phulbani(Kandhamal),0.18,0.06,333.0
710,2002,8,Orissa,Phulbani(Kandhamal),0.21,0.07,333.0
710,2003,8,Orissa,Phulbani(Kandhamal),0.18,0.06,333.0
710,2004,8,Orissa,Phulbani(Kandhamal),0.2,0.07,350.0
710,2005,8,Orissa,Phulbani(Kandhamal),0.49,0.17,347.0
710,2006,8,Orissa,Phulbani(Kandhamal),0.2,0.07,350.0
710,2007,8,Orissa,Phulbani(Kandhamal),0.19,0.08,421.0
710,2008,8,Orissa,Phulbani(Kandhamal),0.19,0.08,421.0
710,2009,8,Orissa,Phulbani(Kandhamal),0.2,0.08,400.0
710,2010,8,Orissa,Phulbani(Kandhamal),0.2,0.08,400.0
710,2011,8,Orissa,Phulbani(Kandhamal),0.24,0.1,417.0
710,2012,8,Orissa,Phulbani(Kandhamal),0.24,0.13,542.0
710,2013,8,Orissa,Phulbani(Kandhamal),0.23,0.13,565.0
710,2014,8,Orissa,Phulbani(Kandhamal),0.28,0.16,571.0
710,2015,8,Orissa,Phulbani(Kandhamal),0.07,0.03,429.0
710,2016,8,Orissa,Phulbani(Kandhamal),0.07,0.04,571.0
710,2017,8,Orissa,Phulbani(Kandhamal),0.07,0.05,714.0
710,2019,8,Orissa,Phulbani(Kandhamal),0.07,0.04,571.0
712,1990,8,Orissa,Sambalpur,0.16,0.16,1000.0
712,2008,8,Orissa,Sambalpur,0.12,0.06,500.0
713,1990,8,Orissa,Sundargarh,0.28,0.18,643.0
713,1991,8,Orissa,Sundargarh,0.46,0.29,630.0
713,1992,8,Orissa,Sundargarh,0.47,0.3,638.0
713,1993,8,Orissa,Sundargarh,0.47,0.3,638.0
713,1996,8,Orissa,Sundargarh,0.04,0.02,500.0
713,1997,8,Orissa,Sundargarh,0.02,0.01,500.0
713,1998,8,Orissa,Sundargarh,0.03,0.02,667.0
713,1999,8,Orissa,Sundargarh,0.03,0.01,333.0
713,2000,8,Orissa,Sundargarh,0.15,0.06,400.0
713,2001,8,Orissa,Sundargarh,0.08,0.04,500.0
713,2002,8,Orissa,Sundargarh,0.04,0.03,750.0
713,2003,8,Orissa,Sundargarh,0.04,0.02,500.0
713,2004,8,Orissa,Sundargarh,0.04,0.02,500.0
713,2005,8,Orissa,Sundargarh,0.08,0.04,500.0
713,2006,8,Orissa,Sundargarh,0.02,0.01,500.0
713,2007,8,Orissa,Sundargarh,0.02,0.01,500.0
713,2009,8,Orissa,Sundargarh,0.05,0.03,600.0
713,2010,8,Orissa,Sundargarh,0.03,0.02,667.0
713,2011,8,Orissa,Sundargarh,0.05,0.03,600.0
713,2012,8,Orissa,Sundargarh,0.04,0.03,750.0
713,2013,8,Orissa,Sundargarh,0.02,0.01,500.0
713,2015,8,Orissa,Sundargarh,0.03,0.02,667.0
713,2016,8,Orissa,Sundargarh,0.03,0.02,667.0
713,2017,8,Orissa,Sundargarh,0.03,0.02,667.0
713,2019,8,Orissa,Sundargarh,0.01,0.01,1000.0
720,1995,8,Orissa,Gajapati,1.96,0.8,408.0
720,1996,8,Orissa,Gajapati,1.53,0.61,399.0
720,1997,8,Orissa,Gajapati,1.14,0.51,447.0
720,1998,8,Orissa,Gajapati,1.14,0.51,447.0
720,1999,8,Orissa,Gajapati,1.16,0.56,483.0
720,2000,8,Orissa,Gajapati,1.14,0.63,553.0
720,2001,8,Orissa,Gajapati,1.17,0.56,479.0
720,2002,8,Orissa,Gajapati,1.17,0.54,462.0
720,2003,8,Orissa,Gajapati,1.05,0.48,457.0
720,2004,8,Orissa,Gajapati,0.98,0.45,459.0
720,2005,8,Orissa,Gajapati,0.68,0.39,574.0
720,2006,8,Orissa,Gajapati,0.72,0.44,611.0
720,2007,8,Orissa,Gajapati,1.03,0.63,612.0
720,2008,8,Orissa,Gajapati,1.18,0.74,627.0
720,2009,8,Orissa,Gajapati,1.16,0.71,612.0
720,2010,8,Orissa,Gajapati,1.98,1.25,631.0
720,2011,8,Orissa,Gajapati,1.93,1.24,642.0
720,2012,8,Orissa,Gajapati,1.82,1.11,610.0
720,2013,8,Orissa,Gajapati,1.76,1.08,614.0
720,2014,8,Orissa,Gajapati,1.29,0.8,620.0
720,2015,8,Orissa,Gajapati,1.31,0.81,618.0
720,2016,8,Orissa,Gajapati,1.15,0.71,617.0
720,2017,8,Orissa,Gajapati,0.99,0.6,606.0
720,2019,8,Orissa,Gajapati,0.99,0.63,636.0
721,1995,8,Orissa,Nuapada,0.05,0.03,600.0
721,1996,8,Orissa,Nuapada,0.03,0.01,333.0
721,1997,8,Orissa,Nuapada,0.02,0.01,500.0
721,1999,8,Orissa,Nuapada,0.02,0.01,500.0
721,2003,8,Orissa,Nuapada,0.02,0.01,500.0
721,2006,8,Orissa,Nuapada,0.02,0.01,500.0
721,2007,8,Orissa,Nuapada,0.07,0.05,714.0
721,2008,8,Orissa,Nuapada,0.06,0.04,667.0
721,2009,8,Orissa,Nuapada,0.09,0.04,444.0
721,2010,8,Orissa,Nuapada,0.1,0.05,500.0
721,2011,8,Orissa,Nuapada,0.05,0.02,400.0
721,2012,8,Orissa,Nuapada,0.08,0.04,500.0
721,2013,8,Orissa,Nuapada,0.09,0.05,556.0
721,2014,8,Orissa,Nuapada,0.11,0.06,545.0
721,2015,8,Orissa,Nuapada,0.11,0.05,455.0
721,2016,8,Orissa,Nuapada,0.09,0.05,556.0
721,2017,8,Orissa,Nuapada,0.14,0.09,643.0
721,2019,8,Orissa,Nuapada,0.11,0.06,545.0
722,1995,8,Orissa,Malkangiri,0.23,0.14,609.0
722,1996,8,Orissa,Malkangiri,0.5,0.33,660.0
722,1997,8,Orissa,Malkangiri,0.52,0.33,635.0
722,1998,8,Orissa,Malkangiri,0.46,0.29,630.0
722,1999,8,Orissa,Malkangiri,0.69,0.45,652.0
722,2000,8,Orissa,Malkangiri,0.55,0.28,509.0
722,2001,8,Orissa,Malkangiri,0.47,0.3,638.0
722,2002,8,Orissa,Malkangiri,0.32,0.18,563.0
722,2003,8,Orissa,Malkangiri,0.33,0.18,545.0
722,2004,8,Orissa,Malkangiri,0.2,0.08,400.0
722,2005,8,Orissa,Malkangiri,0.21,0.09,429.0
722,2006,8,Orissa,Malkangiri,0.15,0.07,467.0
722,2007,8,Orissa,Malkangiri,0.16,0.07,438.0
722,2008,8,Orissa,Malkangiri,0.17,0.09,529.0
722,2009,8,Orissa,Malkangiri,0.03,0.02,667.0
722,2010,8,Orissa,Malkangiri,0.04,0.02,500.0
722,2011,8,Orissa,Malkangiri,0.04,0.02,500.0
722,2012,8,Orissa,Malkangiri,0.03,0.02,667.0
722,2013,8,Orissa,Malkangiri,0.04,0.02,500.0
722,2014,8,Orissa,Malkangiri,0.03,0.02,667.0
722,2015,8,Orissa,Malkangiri,0.03,0.02,667.0
722,2016,8,Orissa,Malkangiri,0.03,0.02,667.0
722,2017,8,Orissa,Malkangiri,0.03,0.02,667.0
722,2019,8,Orissa,Malkangiri,0.06,0.03,500.0
723,1995,8,Orissa,Nawarangpur,0.01,0.01,1000.0
723,1996,8,Orissa,Nawarangpur,0.05,0.02,400.0
723,1997,8,Orissa,Nawarangpur,0.04,0.03,750.0
723,1998,8,Orissa,Nawarangpur,0.01,0.01,1000.0
723,1999,8,Orissa,Nawarangpur,0.16,0.15,938.0
723,2000,8,Orissa,Nawarangpur,0.19,0.17,895.0
723,2001,8,Orissa,Nawarangpur,0.2,0.15,750.0
723,2002,8,Orissa,Nawarangpur,0.14,0.08,571.0
723,2003,8,Orissa,Nawarangpur,0.07,0.04,571.0
723,2004,8,Orissa,Nawarangpur,0.04,0.02,500.0
723,2005,8,Orissa,Nawarangpur,0.02,0.01,500.0
723,2006,8,Orissa,Nawarangpur,0.01,0.01,1000.0
723,2007,8,Orissa,Nawarangpur,0.01,0.01,1000.0
723,2008,8,Orissa,Nawarangpur,0.03,0.02,667.0
723,2009,8,Orissa,Nawarangpur,0.03,0.02,667.0
723,2010,8,Orissa,Nawarangpur,0.02,0.01,500.0
723,2011,8,Orissa,Nawarangpur,0.02,0.01,500.0
723,2012,8,Orissa,Nawarangpur,0.01,0.01,1000.0
723,2013,8,Orissa,Nawarangpur,0.01,0.01,1000.0
723,2014,8,Orissa,Nawarangpur,0.01,0.01,1000.0
723,2015,8,Orissa,Nawarangpur,0.01,0.01,1000.0
723,2016,8,Orissa,Nawarangpur,0.01,0.01,1000.0
723,2017,8,Orissa,Nawarangpur,0.01,0.01,1000.0
724,1995,8,Orissa,Rayagada,1.35,0.92,681.0
724,1996,8,Orissa,Rayagada,1.46,0.83,568.0
724,1997,8,Orissa,Rayagada,0.54,0.25,463.0
724,1998,8,Orissa,Rayagada,0.38,0.19,500.0
724,1999,8,Orissa,Rayagada,0.45,0.25,556.0
724,2000,8,Orissa,Rayagada,0.55,0.29,527.0
724,2001,8,Orissa,Rayagada,0.6,0.36,600.0
724,2002,8,Orissa,Rayagada,0.66,0.26,394.0
724,2003,8,Orissa,Rayagada,0.62,0.37,597.0
724,2004,8,Orissa,Rayagada,0.62,0.37,597.0
724,2005,8,Orissa,Rayagada,0.49,0.29,592.0
724,2006,8,Orissa,Rayagada,0.6,0.37,617.0
724,2007,8,Orissa,Rayagada,0.61,0.38,623.0
724,2008,8,Orissa,Rayagada,0.59,0.36,610.0
724,2009,8,Orissa,Rayagada,0.6,0.42,700.0
724,2010,8,Orissa,Rayagada,0.5,0.35,700.0
724,2011,8,Orissa,Rayagada,0.4,0.24,600.0
724,2012,8,Orissa,Rayagada,0.34,0.21,618.0
724,2013,8,Orissa,Rayagada,0.65,0.4,615.0
724,2014,8,Orissa,Rayagada,0.4,0.25,625.0
724,2015,8,Orissa,Rayagada,0.3,0.19,633.0
724,2016,8,Orissa,Rayagada,0.27,0.17,630.0
724,2017,8,Orissa,Rayagada,0.29,0.17,586.0
724,2019,8,Orissa,Rayagada,0.25,0.14,560.0
726,2002,8,Orissa,Nayagarh,0.15,0.1,667.0
726,2004,8,Orissa,Nayagarh,0.05,0.02,400.0
729,2004,8,Orissa,Bargarh,0.12,0.05,417.0
729,2005,8,Orissa,Bargarh,0.04,0.02,500.0
731,2017,8,Orissa,Jharsuguda,0.02,0.01,500.0
804,1990,13,West Bengal,Murshidabad,0.11,0.11,1000.0
804,1991,13,West Bengal,Murshidabad,0.11,0.12,1091.0
804,1992,13,West Bengal,Murshidabad,0.13,0.14,1077.0
804,1993,13,West Bengal,Murshidabad,0.05,0.03,600.0
804,1994,13,West Bengal,Murshidabad,0.03,0.01,333.0
804,1995,13,West Bengal,Murshidabad,0.03,0.01,333.0
804,1996,13,West Bengal,Murshidabad,0.02,0.01,500.0
805,2000,13,West Bengal,Burdwan,0.1,0.11,1100.0
805,2001,13,West Bengal,Burdwan,0.1,0.11,1100.0
805,2002,13,West Bengal,Burdwan,0.1,0.11,1100.0
805,2003,13,West Bengal,Burdwan,0.1,0.11,1100.0
806,1990,13,West Bengal,Birbhum,0.18,0.11,611.0
806,1991,13,West Bengal,Birbhum,0.17,0.11,647.0
806,1992,13,West Bengal,Birbhum,0.17,0.1,588.0
806,1993,13,West Bengal,Birbhum,0.17,0.11,647.0
806,1994,13,West Bengal,Birbhum,0.17,0.1,588.0
806,1995,13,West Bengal,Birbhum,0.1,0.06,600.0
806,1996,13,West Bengal,Birbhum,0.04,0.02,500.0
806,1997,13,West Bengal,Birbhum,0.03,0.02,667.0
806,1998,13,West Bengal,Birbhum,0.03,0.02,667.0
807,1990,13,West Bengal,Bankura,0.09,0.04,444.0
807,1992,13,West Bengal,Bankura,0.04,0.02,500.0
807,1993,13,West Bengal,Bankura,0.05,0.02,400.0
807,1994,13,West Bengal,Bankura,0.1,0.04,400.0
807,1995,13,West Bengal,Bankura,0.09,0.03,333.0
807,1996,13,West Bengal,Bankura,0.16,0.06,375.0
807,1997,13,West Bengal,Bankura,0.16,0.07,438.0
807,1998,13,West Bengal,Bankura,0.13,0.06,462.0
807,1999,13,West Bengal,Bankura,0.09,0.04,444.0
807,2000,13,West Bengal,Bankura,0.19,0.12,632.0
807,2001,13,West Bengal,Bankura,0.2,0.13,650.0
807,2002,13,West Bengal,Bankura,0.15,0.11,733.0
807,2003,13,West Bengal,Bankura,0.08,0.04,500.0
807,2004,13,West Bengal,Bankura,0.02,0.01,500.0
810,1999,13,West Bengal,Hooghly,0.05,0.05,1000.0
810,2000,13,West Bengal,Hooghly,0.01,0.01,1000.0
810,2001,13,West Bengal,Hooghly,0.03,0.03,1000.0
816,2013,13,West Bengal,Cooch Behar,0.11,0.03,273.0
816,2014,13,West Bengal,Cooch Behar,0.12,0.03,250.0
816,2015,13,West Bengal,Cooch Behar,0.11,0.03,273.0
816,2016,13,West Bengal,Cooch Behar,0.11,0.03,254.0
817,1990,13,West Bengal,Purulia,0.03,0.01,333.0
817,1991,13,West Bengal,Purulia,0.03,0.01,333.0
817,1992,13,West Bengal,Purulia,0.02,0.01,500.0
817,1993,13,West Bengal,Purulia,0.04,0.01,250.0
817,1994,13,West Bengal,Purulia,0.04,0.02,500.0
817,2000,13,West Bengal,Purulia,0.02,0.01,500.0
817,2001,13,West Bengal,Purulia,0.11,0.05,455.0
817,2002,13,West Bengal,Purulia,0.09,0.03,333.0
817,2003,13,West Bengal,Purulia,0.07,0.03,429.0
817,2004,13,West Bengal,Purulia,0.11,0.04,364.0
817,2005,13,West Bengal,Purulia,0.05,0.02,400.0
817,2010,13,West Bengal,Purulia,0.06,0.02,333.0
817,2011,13,West Bengal,Purulia,0.06,0.02,333.0
817,2012,13,West Bengal,Purulia,0.06,0.02,333.0
817,2013,13,West Bengal,Purulia,0.03,0.01,333.0
817,2014,13,West Bengal,Purulia,0.05,0.02,400.0
817,2015,13,West Bengal,Purulia,0.05,0.02,400.0
817,2016,13,West Bengal,Purulia,0.05,0.02,377.0
817,2017,13,West Bengal,Purulia,0.03,0.01,400.0
817,2018,13,West Bengal,Purulia,0.07,0.03,408.0
817,2019,13,West Bengal,Purulia,0.07,0.03,397.0
824,2006,13,West Bengal,West Midnapore,0.08,0.03,375.0
902,1992,2,Bihar,Muzaffarpur,0.06,0.03,500.0
902,1993,2,Bihar,Muzaffarpur,0.03,0.02,667.0
902,1994,2,Bihar,Muzaffarpur,0.01,0.01,1000.0
902,1995,2,Bihar,Muzaffarpur,0.03,0.02,667.0
902,1996,2,Bihar,Muzaffarpur,0.06,0.04,667.0
902,1997,2,Bihar,Muzaffarpur,0.13,0.08,615.0
902,1998,2,Bihar,Muzaffarpur,0.05,0.03,600.0
903,1991,2,Bihar,Darbhanga,0.03,0.03,1000.0
903,1992,2,Bihar,Darbhanga,0.19,0.1,526.0
903,1993,2,Bihar,Darbhanga,0.16,0.09,563.0
903,1994,2,Bihar,Darbhanga,0.2,0.02,100.0
903,1995,2,Bihar,Darbhanga,0.04,0.02,500.0
903,1996,2,Bihar,Darbhanga,0.06,0.03,500.0
903,2002,2,Bihar,Darbhanga,0.05,0.05,1000.0
906,1990,2,Bihar,Saran,0.01,0.01,1000.0
906,1991,2,Bihar,Saran,0.04,0.02,500.0
906,1992,2,Bihar,Saran,0.03,0.02,667.0
906,1993,2,Bihar,Saran,0.02,0.01,500.0
906,1994,2,Bihar,Saran,0.02,0.01,500.0
906,1996,2,Bihar,Saran,0.03,0.02,667.0
906,1997,2,Bihar,Saran,0.02,0.02,1000.0
906,1998,2,Bihar,Saran,0.03,0.01,333.0
906,1999,2,Bihar,Saran,0.03,0.01,333.0
906,2000,2,Bihar,Saran,0.03,0.01,333.0
906,2001,2,Bihar,Saran,0.03,0.02,667.0
906,2002,2,Bihar,Saran,0.03,0.02,667.0
906,2003,2,Bihar,Saran,0.1,0.1,1000.0
906,2004,2,Bihar,Saran,0.01,0.01,1000.0
906,2005,2,Bihar,Saran,0.05,0.06,1200.0
906,2006,2,Bihar,Saran,0.04,0.04,1000.0
906,2007,2,Bihar,Saran,6.04,6.71,1111.0
906,2009,2,Bihar,Saran,0.01,0.01,1000.0
907,2002,2,Bihar,Patna,0.31,0.32,1032.0
907,2003,2,Bihar,Patna,0.46,0.49,1065.0
907,2005,2,Bihar,Patna,0.35,0.36,1029.0
907,2006,2,Bihar,Patna,0.27,0.28,1037.0
907,2007,2,Bihar,Patna,0.22,0.25,1136.0
907,2017,2,Bihar,Patna,0.01,0.02,1143.0
908,1990,2,Bihar,Mungair,0.03,0.01,333.0
908,1991,2,Bihar,Mungair,0.02,0.01,500.0
909,1994,2,Bihar,Bhagalpur,0.02,0.01,500.0
909,1998,2,Bihar,Bhagalpur,0.05,0.03,600.0
909,2000,2,Bihar,Bhagalpur,0.1,0.08,800.0
909,2002,2,Bihar,Bhagalpur,0.01,0.01,1000.0
909,2005,2,Bihar,Bhagalpur,0.01,0.01,1000.0
909,2007,2,Bihar,Bhagalpur,0.01,0.01,1000.0
909,2010,2,Bihar,Bhagalpur,0.01,0.01,1000.0
909,2011,2,Bihar,Bhagalpur,0.01,0.01,1000.0
909,2012,2,Bihar,Bhagalpur,0.01,0.01,1000.0
909,2013,2,Bihar,Bhagalpur,0.01,0.01,1000.0
909,2014,2,Bihar,Bhagalpur,0.01,0.01,1000.0
909,2015,2,Bihar,Bhagalpur,0.01,0.01,1000.0
909,2017,2,Bihar,Bhagalpur,0.01,0.01,1100.0
909,2018,2,Bihar,Bhagalpur,0.01,0.01,1091.0
909,2019,2,Bihar,Bhagalpur,0.01,0.02,1143.0
910,1990,15,Jharkhand,Santhal Paragana Dumka,0.33,0.16,485.0
910,1991,15,Jharkhand,Santhal Paragana Dumka,0.31,0.13,419.0
910,1992,15,Jharkhand,Santhal Paragana Dumka,0.3,0.16,533.0
910,1993,15,Jharkhand,Santhal Paragana Dumka,0.27,0.16,593.0
910,1994,15,Jharkhand,Santhal Paragana Dumka,0.26,0.15,577.0
910,2017,15,Jharkhand,Santhal Paragana Dumka,0.04,0.03,762.0
910,2018,15,Jharkhand,Santhal Paragana Dumka,0.04,0.03,750.0
910,2019,15,Jharkhand,Santhal Paragana Dumka,0.07,0.05,776.0
912,1995,2,Bihar,Gaya,0.05,0.03,600.0
912,1996,2,Bihar,Gaya,0.06,0.05,833.0
912,1997,2,Bihar,Gaya,0.05,0.03,600.0
912,2003,2,Bihar,Gaya,0.06,0.06,1000.0
912,2005,2,Bihar,Gaya,0.01,0.01,1000.0
912,2006,2,Bihar,Gaya,0.03,0.03,1000.0
912,2007,2,Bihar,Gaya,0.01,0.01,1000.0
912,2012,2,Bihar,Gaya,0.02,0.02,1000.0
912,2014,2,Bihar,Gaya,0.01,0.02,2000.0
913,1990,15,Jharkhand,Hazaribagh,1.19,0.65,546.0
913,1991,15,Jharkhand,Hazaribagh,0.5,0.26,520.0
913,1992,15,Jharkhand,Hazaribagh,0.42,0.22,524.0
913,1993,15,Jharkhand,Hazaribagh,0.41,0.24,585.0
913,1994,15,Jharkhand,Hazaribagh,0.38,0.23,605.0
913,2019,15,Jharkhand,Hazaribagh,0.01,0.01,538.0
914,1990,15,Jharkhand,Dhanbad,0.06,0.03,500.0
914,1991,15,Jharkhand,Dhanbad,0.14,0.07,500.0
914,1992,15,Jharkhand,Dhanbad,0.13,0.07,538.0
914,1993,15,Jharkhand,Dhanbad,0.25,0.14,560.0
914,1994,15,Jharkhand,Dhanbad,0.15,0.09,600.0
914,2017,15,Jharkhand,Dhanbad,0.01,0.01,571.0
915,1990,15,Jharkhand,Palamau,0.31,0.13,419.0
915,1991,15,Jharkhand,Palamau,0.19,0.08,421.0
915,1992,15,Jharkhand,Palamau,0.05,0.02,400.0
915,1993,15,Jharkhand,Palamau,0.1,0.06,600.0
915,1994,15,Jharkhand,Palamau,0.27,0.16,593.0
916,1990,15,Jharkhand,Ranchi,0.19,0.08,421.0
916,1991,15,Jharkhand,Ranchi,0.26,0.08,308.0
916,1992,15,Jharkhand,Ranchi,0.19,0.1,526.0
916,1993,15,Jharkhand,Ranchi,0.51,0.29,569.0
916,1994,15,Jharkhand,Ranchi,0.2,0.12,600.0
919,2005,2,Bihar,Nawada,0.02,0.02,1000.0
919,2007,2,Bihar,Nawada,0.02,0.02,1000.0
919,2008,2,Bihar,Nawada,0.05,0.06,1200.0
919,2009,2,Bihar,Nawada,0.03,0.03,1000.0
919,2013,2,Bihar,Nawada,0.16,0.18,1125.0
921,1990,2,Bihar,Bhojpur,0.81,0.4,494.0
921,1991,2,Bihar,Bhojpur,1.21,0.5,413.0
921,1992,2,Bihar,Bhojpur,0.24,0.12,500.0
921,1993,2,Bihar,Bhojpur,1.15,0.67,583.0
921,1994,2,Bihar,Bhojpur,0.62,0.37,597.0
921,1995,2,Bihar,Bhojpur,0.68,0.38,559.0
921,1996,2,Bihar,Bhojpur,0.61,0.35,574.0
921,1997,2,Bihar,Bhojpur,0.83,0.51,614.0
921,1998,2,Bihar,Bhojpur,1.0,0.59,590.0
921,1999,2,Bihar,Bhojpur,0.26,0.16,615.0
921,2000,2,Bihar,Bhojpur,0.3,0.26,867.0
921,2001,2,Bihar,Bhojpur,0.15,0.11,733.0
921,2002,2,Bihar,Bhojpur,0.15,0.15,1000.0
921,2003,2,Bihar,Bhojpur,0.47,0.46,979.0
921,2004,2,Bihar,Bhojpur,0.13,0.13,1000.0
921,2005,2,Bihar,Bhojpur,1.18,1.16,983.0
921,2006,2,Bihar,Bhojpur,0.59,0.58,983.0
921,2007,2,Bihar,Bhojpur,0.85,0.95,1118.0
921,2008,2,Bihar,Bhojpur,1.18,1.42,1203.0
921,2009,2,Bihar,Bhojpur,1.18,1.31,1110.0
921,2010,2,Bihar,Bhojpur,1.34,1.5,1119.0
921,2011,2,Bihar,Bhojpur,1.32,1.48,1121.0
921,2012,2,Bihar,Bhojpur,0.88,1.0,1136.0
921,2013,2,Bihar,Bhojpur,0.44,0.5,1136.0
921,2014,2,Bihar,Bhojpur,0.25,0.29,1160.0
921,2015,2,Bihar,Bhojpur,1.17,1.32,1128.0
921,2016,2,Bihar,Bhojpur,0.93,1.05,1135.0
921,2017,2,Bihar,Bhojpur,0.98,1.11,1134.0
921,2018,2,Bihar,Bhojpur,0.29,0.33,1134.0
921,2019,2,Bihar,Bhojpur,0.34,0.39,1134.0
922,1990,2,Bihar,Rohtas,0.28,0.14,500.0
922,1991,2,Bihar,Rohtas,0.22,0.09,409.0
922,1996,2,Bihar,Rohtas,0.01,0.01,1000.0
922,1997,2,Bihar,Rohtas,0.02,0.01,500.0
922,1998,2,Bihar,Rohtas,0.04,0.02,500.0
922,1999,2,Bihar,Rohtas,0.05,0.03,600.0
922,2000,2,Bihar,Rohtas,0.05,0.04,800.0
922,2001,2,Bihar,Rohtas,0.01,0.01,1000.0
922,2002,2,Bihar,Rohtas,0.01,0.01,1000.0
922,2003,2,Bihar,Rohtas,0.03,0.03,1000.0
922,2004,2,Bihar,Rohtas,0.02,0.03,1500.0
922,2005,2,Bihar,Rohtas,0.02,0.03,1500.0
922,2008,2,Bihar,Rohtas,0.01,0.01,1000.0
922,2009,2,Bihar,Rohtas,0.01,0.01,1000.0
922,2010,2,Bihar,Rohtas,0.01,0.01,1000.0
923,1991,2,Bihar,Siwan,0.08,0.03,375.0
923,1992,2,Bihar,Siwan,0.02,0.02,1000.0
923,1993,2,Bihar,Siwan,0.01,0.01,1000.0
923,1994,2,Bihar,Siwan,0.06,0.03,500.0
923,1995,2,Bihar,Siwan,0.06,0.04,667.0
923,1996,2,Bihar,Siwan,0.13,0.07,538.0
923,1997,2,Bihar,Siwan,0.1,0.06,600.0
923,1998,2,Bihar,Siwan,0.16,0.04,250.0
923,1999,2,Bihar,Siwan,0.05,0.03,600.0
923,2000,2,Bihar,Siwan,0.01,0.01,1000.0
923,2001,2,Bihar,Siwan,0.02,0.01,500.0
923,2002,2,Bihar,Siwan,0.02,0.02,1000.0
923,2003,2,Bihar,Siwan,0.02,0.02,1000.0
923,2004,2,Bihar,Siwan,0.06,0.07,1167.0
923,2005,2,Bihar,Siwan,0.03,0.03,1000.0
923,2006,2,Bihar,Siwan,0.03,0.03,1000.0
923,2007,2,Bihar,Siwan,0.02,0.02,1000.0
923,2008,2,Bihar,Siwan,0.02,0.02,1000.0
923,2009,2,Bihar,Siwan,0.02,0.02,1000.0
923,2010,2,Bihar,Siwan,0.07,0.08,1143.0
923,2011,2,Bihar,Siwan,0.11,0.12,1091.0
923,2012,2,Bihar,Siwan,0.1,0.11,1100.0
923,2013,2,Bihar,Siwan,0.1,0.11,1100.0
923,2014,2,Bihar,Siwan,0.09,0.1,1111.0
923,2015,2,Bihar,Siwan,0.08,0.09,1125.0
923,2016,2,Bihar,Siwan,0.08,0.09,1136.0
923,2017,2,Bihar,Siwan,0.08,0.09,1136.0
923,2018,2,Bihar,Siwan,0.08,0.09,1138.0
923,2019,2,Bihar,Siwan,0.08,0.09,1125.0
924,1990,2,Bihar,Gopalganj,0.14,0.07,500.0
924,1991,2,Bihar,Gopalganj,0.08,0.03,375.0
924,1992,2,Bihar,Gopalganj,0.12,0.07,583.0
924,1993,2,Bihar,Gopalganj,0.02,0.01,500.0
924,1994,2,Bihar,Gopalganj,0.03,0.02,667.0
924,1995,2,Bihar,Gopalganj,0.06,0.04,667.0
924,1997,2,Bihar,Gopalganj,0.02,0.01,500.0
924,2000,2,Bihar,Gopalganj,0.03,0.01,333.0
924,2003,2,Bihar,Gopalganj,0.08,0.08,1000.0
924,2004,2,Bihar,Gopalganj,0.1,0.11,1100.0
924,2006,2,Bihar,Gopalganj,0.03,0.03,1000.0
924,2007,2,Bihar,Gopalganj,0.1,0.11,1100.0
924,2008,2,Bihar,Gopalganj,0.09,0.11,1222.0
924,2009,2,Bihar,Gopalganj,0.1,0.11,1100.0
924,2010,2,Bihar,Gopalganj,0.01,0.02,2000.0
924,2011,2,Bihar,Gopalganj,0.01,0.01,1000.0
924,2012,2,Bihar,Gopalganj,0.04,0.05,1250.0
925,1991,2,Bihar,Champaran(East),0.02,0.01,500.0
925,1997,2,Bihar,Champaran(East),0.05,0.03,600.0
925,1998,2,Bihar,Champaran(East),0.05,0.03,600.0
925,2002,2,Bihar,Champaran(East),0.07,0.07,1000.0
926,1990,2,Bihar,Champaran(West),0.06,0.03,500.0
926,1991,2,Bihar,Champaran(West),0.07,0.03,429.0
926,1992,2,Bihar,Champaran(West),0.09,0.04,444.0
926,1993,2,Bihar,Champaran(West),0.12,0.07,583.0
926,1994,2,Bihar,Champaran(West),0.09,0.06,667.0
926,1995,2,Bihar,Champaran(West),0.02,0.01,500.0
926,1996,2,Bihar,Champaran(West),0.02,0.01,500.0
926,1999,2,Bihar,Champaran(West),0.06,0.04,667.0
926,2000,2,Bihar,Champaran(West),0.14,0.09,643.0
926,2001,2,Bihar,Champaran(West),0.07,0.05,714.0
926,2002,2,Bihar,Champaran(West),0.04,0.04,1000.0
926,2003,2,Bihar,Champaran(West),0.04,0.05,1250.0
926,2004,2,Bihar,Champaran(West),0.05,0.05,1000.0
926,2005,2,Bihar,Champaran(West),0.14,0.15,1071.0
926,2006,2,Bihar,Champaran(West),0.05,0.06,1200.0
926,2007,2,Bihar,Champaran(West),0.05,0.05,1000.0
926,2008,2,Bihar,Champaran(West),0.05,0.05,1000.0
926,2009,2,Bihar,Champaran(West),0.05,0.05,1000.0
926,2011,2,Bihar,Champaran(West),0.06,0.06,1000.0
926,2012,2,Bihar,Champaran(West),0.02,0.02,1000.0
926,2013,2,Bihar,Champaran(West),0.03,0.04,1333.0
927,1997,2,Bihar,Vaishali,0.02,0.01,500.0
927,1998,2,Bihar,Vaishali,0.02,0.01,500.0
927,1999,2,Bihar,Vaishali,0.02,0.01,500.0
927,2006,2,Bihar,Vaishali,0.01,0.01,1000.0
927,2007,2,Bihar,Vaishali,0.01,0.01,1000.0
927,2008,2,Bihar,Vaishali,0.01,0.01,1000.0
928,1993,2,Bihar,Sitamarhi,0.02,0.01,500.0
928,1997,2,Bihar,Sitamarhi,0.02,0.02,1000.0
928,1998,2,Bihar,Sitamarhi,0.01,0.01,1000.0
928,1999,2,Bihar,Sitamarhi,0.02,0.01,500.0
928,2008,2,Bihar,Sitamarhi,0.35,0.37,1057.0
928,2010,2,Bihar,Sitamarhi,0.04,0.05,1250.0
929,1990,2,Bihar,Madhubani,0.09,0.05,556.0
929,1991,2,Bihar,Madhubani,0.01,0.01,1000.0
929,1992,2,Bihar,Madhubani,0.07,0.04,571.0
929,1993,2,Bihar,Madhubani,0.03,0.02,667.0
929,1994,2,Bihar,Madhubani,0.03,0.03,1000.0
929,1995,2,Bihar,Madhubani,0.13,0.07,538.0
929,1997,2,Bihar,Madhubani,0.01,0.01,1000.0
929,1998,2,Bihar,Madhubani,0.21,0.15,714.0
929,2000,2,Bihar,Madhubani,0.07,0.05,714.0
929,2001,2,Bihar,Madhubani,0.02,0.02,1000.0
930,1995,2,Bihar,Samastipur,0.05,0.03,600.0
931,1992,2,Bihar,Begusarai,0.04,0.01,250.0
931,2016,2,Bihar,Begusarai,0.01,0.01,1100.0
932,1990,2,Bihar,Katihar,0.02,0.01,500.0
932,1991,2,Bihar,Katihar,0.02,0.01,500.0
932,1992,2,Bihar,Katihar,0.05,0.02,400.0
932,1994,2,Bihar,Katihar,0.04,0.03,750.0
932,1995,2,Bihar,Katihar,0.03,0.02,667.0
932,1996,2,Bihar,Katihar,0.02,0.01,500.0
932,1997,2,Bihar,Katihar,0.04,0.02,500.0
932,1998,2,Bihar,Katihar,0.05,0.03,600.0
932,1999,2,Bihar,Katihar,0.01,0.01,1000.0
932,2018,2,Bihar,Katihar,0.08,0.09,1130.0
933,1990,15,Jharkhand,Giridih,1.69,0.92,544.0
933,1991,15,Jharkhand,Giridih,1.54,0.8,519.0
933,1992,15,Jharkhand,Giridih,1.0,0.52,520.0
933,1993,15,Jharkhand,Giridih,1.5,0.87,580.0
933,1994,15,Jharkhand,Giridih,1.27,0.75,591.0
933,2018,15,Jharkhand,Giridih,0.01,0.01,857.0
933,2019,15,Jharkhand,Giridih,0.02,0.02,773.0
935,1990,2,Bihar,Madhepura,0.01,0.01,1000.0
935,2002,2,Bihar,Madhepura,0.01,0.01,1000.0
935,2014,2,Bihar,Madhepura,0.01,0.01,1000.0
937,1990,15,Jharkhand,Godda,0.52,0.26,500.0
937,1991,15,Jharkhand,Godda,0.44,0.18,409.0
937,1992,15,Jharkhand,Godda,0.59,0.3,508.0
937,1993,15,Jharkhand,Godda,0.57,0.33,579.0
937,1994,15,Jharkhand,Godda,0.33,0.2,606.0
937,2019,15,Jharkhand,Godda,0.02,0.01,529.0
938,1990,15,Jharkhand,Sahebganj,1.37,0.68,496.0
938,1991,15,Jharkhand,Sahebganj,1.16,0.48,414.0
938,1992,15,Jharkhand,Sahebganj,0.96,0.5,521.0
938,1993,15,Jharkhand,Sahebganj,1.06,0.62,585.0
938,1994,15,Jharkhand,Sahebganj,1.0,0.59,590.0
938,2017,15,Jharkhand,Sahebganj,0.01,0.01,692.0
940,1990,15,Jharkhand,Devghar Deogarh,0.02,0.01,500.0
940,1991,15,Jharkhand,Devghar Deogarh,0.01,0.01,1000.0
940,1992,15,Jharkhand,Devghar Deogarh,0.01,0.01,1000.0
940,1993,15,Jharkhand,Devghar Deogarh,0.01,0.01,1000.0
940,1994,15,Jharkhand,Devghar Deogarh,0.01,0.01,1000.0
942,1990,15,Jharkhand,Gumla,0.59,0.25,424.0
942,1991,15,Jharkhand,Gumla,0.76,0.23,303.0
942,1992,15,Jharkhand,Gumla,0.19,0.1,526.0
942,1993,15,Jharkhand,Gumla,0.49,0.28,571.0
942,1994,15,Jharkhand,Gumla,0.4,0.24,600.0
943,1990,15,Jharkhand,Singhbhum East,0.02,0.01,500.0
943,1991,15,Jharkhand,Singhbhum East,0.03,0.01,333.0
943,1992,15,Jharkhand,Singhbhum East,0.02,0.01,500.0
943,1993,15,Jharkhand,Singhbhum East,0.01,0.01,1000.0
943,1994,15,Jharkhand,Singhbhum East,0.02,0.01,500.0
943,2017,15,Jharkhand,Singhbhum East,0.33,0.18,541.0
944,1990,15,Jharkhand,Singhbhum West,1.02,0.44,431.0
944,1991,15,Jharkhand,Singhbhum West,0.82,0.22,268.0
944,1992,15,Jharkhand,Singhbhum West,0.57,0.3,526.0
944,1993,15,Jharkhand,Singhbhum West,0.52,0.3,577.0
944,1994,15,Jharkhand,Singhbhum West,0.56,0.33,589.0
944,2017,15,Jharkhand,Singhbhum West,0.04,0.02,417.0
944,2018,15,Jharkhand,Singhbhum West,0.01,0.01,417.0
944,2019,15,Jharkhand,Singhbhum West,0.02,0.01,429.0
945,1999,2,Bihar,Araria,0.31,0.19,613.0
945,2000,2,Bihar,Araria,0.02,0.02,1000.0
947,1992,2,Bihar,Buxar,0.84,0.43,512.0
947,1993,2,Bihar,Buxar,0.75,0.44,587.0
947,1994,2,Bihar,Buxar,0.81,0.48,593.0
947,1995,2,Bihar,Buxar,0.8,0.45,563.0
947,1996,2,Bihar,Buxar,0.78,0.45,577.0
947,1997,2,Bihar,Buxar,0.36,0.22,611.0
947,1998,2,Bihar,Buxar,0.79,0.46,582.0
947,1999,2,Bihar,Buxar,0.64,0.39,609.0
947,2000,2,Bihar,Buxar,0.64,0.56,875.0
947,2001,2,Bihar,Buxar,0.36,0.26,722.0
947,2002,2,Bihar,Buxar,0.31,0.34,1097.0
947,2003,2,Bihar,Buxar,0.3,0.34,1133.0
947,2004,2,Bihar,Buxar,0.81,0.89,1099.0
947,2005,2,Bihar,Buxar,2.39,2.62,1096.0
947,2006,2,Bihar,Buxar,3.06,3.36,1098.0
947,2007,2,Bihar,Buxar,1.64,1.82,1110.0
947,2008,2,Bihar,Buxar,1.21,1.47,1215.0
947,2009,2,Bihar,Buxar,1.55,1.73,1116.0
947,2010,2,Bihar,Buxar,3.37,3.77,1119.0
947,2011,2,Bihar,Buxar,2.95,3.32,1125.0
947,2012,2,Bihar,Buxar,3.19,3.63,1138.0
947,2013,2,Bihar,Buxar,1.9,2.17,1142.0
947,2014,2,Bihar,Buxar,2.91,3.3,1134.0
947,2015,2,Bihar,Buxar,2.84,3.21,1130.0
947,2016,2,Bihar,Buxar,2.55,2.89,1135.0
947,2017,2,Bihar,Buxar,3.3,3.74,1134.0
947,2018,2,Bihar,Buxar,2.65,3.01,1134.0
947,2019,2,Bihar,Buxar,2.72,3.09,1134.0
948,1992,2,Bihar,Bhabhua Kaimur,0.23,0.12,522.0
948,1993,2,Bihar,Bhabhua Kaimur,0.21,0.12,571.0
948,1994,2,Bihar,Bhabhua Kaimur,0.19,0.11,579.0
948,1995,2,Bihar,Bhabhua Kaimur,0.21,0.12,571.0
948,1996,2,Bihar,Bhabhua Kaimur,0.19,0.11,579.0
948,1997,2,Bihar,Bhabhua Kaimur,0.19,0.12,632.0
948,1998,2,Bihar,Bhabhua Kaimur,0.19,0.11,579.0
948,1999,2,Bihar,Bhabhua Kaimur,0.19,0.11,579.0
948,2000,2,Bihar,Bhabhua Kaimur,0.15,0.13,867.0
948,2001,2,Bihar,Bhabhua Kaimur,0.16,0.11,688.0
948,2005,2,Bihar,Bhabhua Kaimur,0.14,0.15,1071.0
949,1996,2,Bihar,Banka,0.04,0.02,500.0
949,1998,2,Bihar,Banka,0.04,0.03,750.0
949,2002,2,Bihar,Banka,0.01,0.01,1000.0
949,2003,2,Bihar,Banka,0.02,0.02,1000.0
949,2004,2,Bihar,Banka,0.01,0.01,1000.0
950,1994,2,Bihar,Jamui,0.11,0.06,545.0
950,1995,2,Bihar,Jamui,0.01,0.01,1000.0
950,1998,2,Bihar,Jamui,0.04,0.02,500.0
952,1993,15,Jharkhand,Chatra,0.04,0.02,500.0
953,1992,15,Jharkhand,Bokaro,0.81,0.42,519.0
953,1993,15,Jharkhand,Bokaro,0.51,0.29,569.0
953,1994,15,Jharkhand,Bokaro,0.45,0.26,578.0
953,2017,15,Jharkhand,Bokaro,0.04,0.01,325.0
953,2018,15,Jharkhand,Bokaro,0.02,0.01,318.0
953,2019,15,Jharkhand,Bokaro,0.09,0.08,906.0
954,1992,15,Jharkhand,Gadva Garhwa,0.03,0.01,333.0
954,1993,15,Jharkhand,Gadva Garhwa,0.08,0.04,500.0
960,2001,2,Bihar,Sheohar,0.01,0.01,1000.0
960,2004,2,Bihar,Sheohar,0.01,0.01,1000.0
964,2017,15,Jharkhand,Sariakela Kharsawan,0.11,0.08,696.0
964,2018,15,Jharkhand,Sariakela Kharsawan,0.03,0.02,500.0
964,2019,15,Jharkhand,Sariakela Kharsawan,0.02,0.01,474.0
965,2017,15,Jharkhand,Simdega,0.02,0.02,750.0
965,2018,15,Jharkhand,Simdega,0.01,0.01,700.0
1001,2000,3,Gujarat,Anand,46.7,65.6,1405.0
1001,2001,3,Gujarat,Anand,47.3,78.5,1660.0
1001,2002,3,Gujarat,Anand,51.1,75.6,1479.0
1001,2003,3,Gujarat,Anand,58.2,99.3,1706.0
1001,2004,3,Gujarat,Anand,54.0,87.8,1626.0
1001,2005,3,Gujarat,Anand,51.5,81.3,1579.0
1001,2006,3,Gujarat,Anand,50.2,81.0,1614.0
1001,2007,3,Gujarat,Anand,52.7,103.9,1972.0
1001,2008,3,Gujarat,Anand,48.2,93.1,1932.0
1001,2009,3,Gujarat,Anand,53.8,111.1,2065.0
1001,2010,3,Gujarat,Anand,70.7,155.3,2197.0
1001,2011,3,Gujarat,Anand,79.6,175.9,2210.0
1001,2012,3,Gujarat,Anand,61.8,136.4,2207.0
1001,2013,3,Gujarat,Anand,62.51,163.2,2611.0
1001,2014,3,Gujarat,Anand,45.18,109.95,2434.0
1001,2015,3,Gujarat,Anand,47.35,137.44,2903.0
1001,2016,3,Gujarat,Anand,44.48,110.7,2489.0
1001,2017,3,Gujarat,Anand,39.6,104.28,2633.0
1001,2018,3,Gujarat,Anand,34.84,97.92,2810.0
1001,2019,3,Gujarat,Anand,35.02,96.02,2742.0
1002,2000,3,Gujarat,Dahod,0.1,0.1,1000.0
1002,2002,3,Gujarat,Dahod,0.1,0.1,1000.0
1002,2003,3,Gujarat,Dahod,0.3,0.5,1667.0
1002,2004,3,Gujarat,Dahod,0.1,0.1,1000.0
1002,2005,3,Gujarat,Dahod,0.1,0.2,2000.0
1002,2015,3,Gujarat,Dahod,0.01,0.02,2000.0
1002,2016,3,Gujarat,Dahod,0.02,0.04,2467.0
1002,2017,3,Gujarat,Dahod,0.01,0.02,3000.0
1002,2018,3,Gujarat,Dahod,0.02,0.06,2900.0
1002,2019,3,Gujarat,Dahod,0.09,0.25,2872.0
1003,2000,3,Gujarat,Narmada,3.9,3.1,795.0
1003,2001,3,Gujarat,Narmada,2.7,3.5,1296.0
1003,2002,3,Gujarat,Narmada,2.7,2.5,926.0
1003,2003,3,Gujarat,Narmada,0.9,1.5,1667.0
1003,2004,3,Gujarat,Narmada,0.5,0.6,1200.0
1003,2005,3,Gujarat,Narmada,0.5,0.8,1600.0
1003,2006,3,Gujarat,Narmada,1.3,2.8,2154.0
1003,2007,3,Gujarat,Narmada,1.3,2.9,2231.0
1003,2008,3,Gujarat,Narmada,1.0,2.4,2400.0
1003,2009,3,Gujarat,Narmada,1.1,2.5,2273.0
1003,2010,3,Gujarat,Narmada,1.5,3.6,2400.0
1003,2011,3,Gujarat,Narmada,1.7,4.3,2529.0
1003,2012,3,Gujarat,Narmada,0.2,0.6,3000.0
1003,2013,3,Gujarat,Narmada,1.3,3.61,2777.0
1003,2014,3,Gujarat,Narmada,0.75,1.24,1653.0
1003,2015,3,Gujarat,Narmada,0.46,0.82,1783.0
1003,2016,3,Gujarat,Narmada,0.33,0.57,1705.0
1003,2017,3,Gujarat,Narmada,0.11,0.28,2676.0
1003,2018,3,Gujarat,Narmada,0.2,0.55,2725.0
1003,2019,3,Gujarat,Narmada,0.55,1.23,2241.0
1004,2014,3,Gujarat,Navsari,0.08,0.22,2750.0
1005,2000,3,Gujarat,Patan,86.9,63.0,725.0
1005,2001,3,Gujarat,Patan,96.4,127.4,1322.0
1005,2002,3,Gujarat,Patan,89.9,82.5,918.0
1005,2003,3,Gujarat,Patan,86.8,85.0,979.0
1005,2004,3,Gujarat,Patan,67.7,53.6,792.0
1005,2005,3,Gujarat,Patan,95.0,63.0,663.0
1005,2006,3,Gujarat,Patan,96.2,32.6,339.0
1005,2007,3,Gujarat,Patan,93.1,55.6,597.0
1005,2008,3,Gujarat,Patan,63.1,55.7,883.0
1005,2009,3,Gujarat,Patan,67.5,38.2,566.0
1005,2010,3,Gujarat,Patan,66.3,64.2,968.0
1005,2011,3,Gujarat,Patan,56.7,72.5,1279.0
1005,2012,3,Gujarat,Patan,45.2,46.0,1018.0
1005,2013,3,Gujarat,Patan,46.15,73.82,1600.0
1005,2014,3,Gujarat,Patan,9.57,23.41,2446.0
1005,2015,3,Gujarat,Patan,6.8,16.56,2435.0
1005,2016,3,Gujarat,Patan,8.08,18.51,2292.0
1005,2017,3,Gujarat,Patan,15.35,14.38,937.0
1005,2018,3,Gujarat,Patan,9.54,20.42,2139.0
1005,2019,3,Gujarat,Patan,6.41,13.95,2175.0
1006,2000,3,Gujarat,Porbandar,6.8,11.6,1706.0
1006,2001,3,Gujarat,Porbandar,5.7,13.2,2316.0
1006,2002,3,Gujarat,Porbandar,5.4,11.1,2056.0
1006,2003,3,Gujarat,Porbandar,3.3,7.6,2303.0
1006,2004,3,Gujarat,Porbandar,3.3,5.8,1758.0
1006,2005,3,Gujarat,Porbandar,1.1,2.0,1818.0
1006,2006,3,Gujarat,Porbandar,1.9,3.0,1579.0
1006,2007,3,Gujarat,Porbandar,1.7,3.9,2294.0
1006,2008,3,Gujarat,Porbandar,0.6,1.3,2167.0
1006,2009,3,Gujarat,Porbandar,0.3,0.4,1333.0
1006,2010,3,Gujarat,Porbandar,0.4,0.9,2250.0
1006,2011,3,Gujarat,Porbandar,0.5,0.9,1800.0
1006,2012,3,Gujarat,Porbandar,0.3,0.5,1667.0
1006,2013,3,Gujarat,Porbandar,0.31,0.77,2484.0
1006,2014,3,Gujarat,Porbandar,0.1,0.18,1800.0
1006,2015,3,Gujarat,Porbandar,0.09,0.17,1889.0
1006,2016,3,Gujarat,Porbandar,0.1,0.19,1989.0
1006,2017,3,Gujarat,Porbandar,0.09,0.26,2920.0
1006,2018,3,Gujarat,Porbandar,0.02,0.06,2900.0
1006,2019,3,Gujarat,Porbandar,0.24,0.69,2871.0
1007,1997,4,Haryana,Fatehabad,11.2,17.0,1518.0
1007,1998,4,Haryana,Fatehabad,13.0,19.0,1462.0
1007,1999,4,Haryana,Fatehabad,11.8,15.0,1271.0
1007,2000,4,Haryana,Fatehabad,10.3,14.0,1359.0
1007,2001,4,Haryana,Fatehabad,10.1,15.0,1485.0
1007,2002,4,Haryana,Fatehabad,12.9,14.0,1085.0
1007,2003,4,Haryana,Fatehabad,14.7,18.0,1224.0
1007,2004,4,Haryana,Fatehabad,11.91,23.0,1931.0
1007,2005,4,Haryana,Fatehabad,14.6,28.0,1918.0
1007,2006,4,Haryana,Fatehabad,11.7,26.0,2222.0
1007,2007,4,Haryana,Fatehabad,11.3,30.0,2655.0
1007,2008,4,Haryana,Fatehabad,10.3,27.0,2621.0
1007,2009,4,Haryana,Fatehabad,7.8,21.0,2692.0
1007,2010,4,Haryana,Fatehabad,7.9,19.0,2405.0
1007,2011,4,Haryana,Fatehabad,4.9,11.0,2245.0
1007,2012,4,Haryana,Fatehabad,3.31,7.0,2115.0
1007,2013,4,Haryana,Fatehabad,2.0,4.0,2000.0
1007,2014,4,Haryana,Fatehabad,2.0,4.0,2000.0
1007,2015,4,Haryana,Fatehabad,1.5,3.0,2000.0
1007,2016,4,Haryana,Fatehabad,3.5,9.0,2571.0
1007,2017,4,Haryana,Fatehabad,2.4,6.0,2500.0
1007,2018,4,Haryana,Fatehabad,2.0,5.0,2500.0
1007,2019,4,Haryana,Fatehabad,2.2,5.2,2364.0
1008,1997,4,Haryana,Jhajjar,29.4,33.0,1122.0
1008,1998,4,Haryana,Jhajjar,36.0,37.0,1028.0
1008,1999,4,Haryana,Jhajjar,26.0,14.0,538.0
1008,2000,4,Haryana,Jhajjar,28.4,31.0,1092.0
1008,2001,4,Haryana,Jhajjar,26.1,32.0,1226.0
1008,2002,4,Haryana,Jhajjar,27.2,32.0,1176.0
1008,2003,4,Haryana,Jhajjar,26.8,39.0,1455.0
1008,2004,4,Haryana,Jhajjar,25.43,36.0,1416.0
1008,2005,4,Haryana,Jhajjar,26.8,34.0,1269.0
1008,2006,4,Haryana,Jhajjar,30.0,39.0,1300.0
1008,2007,4,Haryana,Jhajjar,31.0,55.0,1774.0
1008,2008,4,Haryana,Jhajjar,27.3,44.0,1612.0
1008,2009,4,Haryana,Jhajjar,31.0,61.0,1968.0
1008,2010,4,Haryana,Jhajjar,45.6,78.0,1711.0
1008,2011,4,Haryana,Jhajjar,37.8,73.0,1931.0
1008,2012,4,Haryana,Jhajjar,28.78,56.0,1946.0
1008,2013,4,Haryana,Jhajjar,30.0,57.0,1900.0
1008,2014,4,Haryana,Jhajjar,32.0,56.0,1750.0
1008,2015,4,Haryana,Jhajjar,35.4,81.0,2288.0
1008,2016,4,Haryana,Jhajjar,24.2,88.0,3636.0
1008,2017,4,Haryana,Jhajjar,43.1,67.0,1555.0
1008,2018,4,Haryana,Jhajjar,38.0,92.0,2421.0
1008,2019,4,Haryana,Jhajjar,38.1,90.5,2375.0
1009,1996,4,Haryana,Panchkula,0.8,1.0,1250.0
1009,1997,4,Haryana,Panchkula,0.6,1.0,1667.0
1009,1998,4,Haryana,Panchkula,1.0,1.0,1000.0
1009,1999,4,Haryana,Panchkula,0.4,1.0,2500.0
1009,2002,4,Haryana,Panchkula,0.8,1.0,1250.0
1009,2003,4,Haryana,Panchkula,0.5,2.0,4000.0
1009,2004,4,Haryana,Panchkula,0.48,2.0,4167.0
1009,2005,4,Haryana,Panchkula,0.7,1.0,1429.0
1009,2006,4,Haryana,Panchkula,0.5,2.0,4000.0
1009,2007,4,Haryana,Panchkula,0.5,2.0,4000.0
1009,2008,4,Haryana,Panchkula,0.7,2.0,2857.0
1009,2009,4,Haryana,Panchkula,0.7,2.0,2857.0
1009,2010,4,Haryana,Panchkula,1.3,2.0,1538.0
1009,2011,4,Haryana,Panchkula,1.1,2.0,1818.0
1009,2012,4,Haryana,Panchkula,0.99,2.0,2020.0
1009,2013,4,Haryana,Panchkula,1.0,2.0,2000.0
1009,2015,4,Haryana,Panchkula,1.0,2.0,2000.0
1009,2017,4,Haryana,Panchkula,0.9,2.0,2222.0
1009,2018,4,Haryana,Panchkula,1.0,3.0,3000.0
1009,2019,4,Haryana,Panchkula,1.2,3.0,2500.0
1010,1998,5,Karnataka,Bagalkote,48.86,52.38,1072.0
1010,1999,5,Karnataka,Bagalkote,41.12,29.93,728.0
1010,2000,5,Karnataka,Bagalkote,41.2,41.0,995.0
1010,2001,5,Karnataka,Bagalkote,15.17,11.52,759.0
1010,2002,5,Karnataka,Bagalkote,24.01,7.17,299.0
1010,2003,5,Karnataka,Bagalkote,15.45,8.15,528.0
1010,2004,5,Karnataka,Bagalkote,50.95,32.97,647.0
1010,2005,5,Karnataka,Bagalkote,44.35,54.67,1233.0
1010,2006,5,Karnataka,Bagalkote,39.19,13.23,338.0
1010,2007,5,Karnataka,Bagalkote,51.04,58.79,1152.0
1010,2008,5,Karnataka,Bagalkote,22.01,24.29,1104.0
1010,2009,5,Karnataka,Bagalkote,43.61,17.32,397.0
1010,2010,5,Karnataka,Bagalkote,34.05,52.59,1544.0
1010,2011,5,Karnataka,Bagalkote,33.22,42.89,1291.0
1010,2012,5,Karnataka,Bagalkote,19.09,18.23,955.0
1010,2013,5,Karnataka,Bagalkote,26.52,24.21,913.0
1010,2014,5,Karnataka,Bagalkote,22.02,24.29,1103.0
1010,2015,5,Karnataka,Bagalkote,15.9,8.67,545.0
1010,2016,5,Karnataka,Bagalkote,29.34,32.81,1118.0
1010,2017,5,Karnataka,Bagalkote,21.83,34.15,1565.0
1010,2018,5,Karnataka,Bagalkote,18.21,27.89,1531.0
1010,2019,5,Karnataka,Bagalkote,41.95,69.33,1653.0
1011,1998,5,Karnataka,Chamaraja Nagar,0.79,0.55,696.0
1011,1999,5,Karnataka,Chamaraja Nagar,0.66,0.4,606.0
1011,2000,5,Karnataka,Chamaraja Nagar,0.7,1.0,1429.0
1011,2001,5,Karnataka,Chamaraja Nagar,0.32,0.16,500.0
1011,2002,5,Karnataka,Chamaraja Nagar,0.57,0.38,667.0
1011,2003,5,Karnataka,Chamaraja Nagar,0.24,0.16,667.0
1011,2004,5,Karnataka,Chamaraja Nagar,0.62,0.5,806.0
1011,2005,5,Karnataka,Chamaraja Nagar,0.92,0.9,978.0
1011,2006,5,Karnataka,Chamaraja Nagar,0.39,0.24,615.0
1011,2007,5,Karnataka,Chamaraja Nagar,0.78,0.97,1244.0
1011,2008,5,Karnataka,Chamaraja Nagar,0.48,0.34,708.0
1011,2009,5,Karnataka,Chamaraja Nagar,0.54,0.3,556.0
1011,2010,5,Karnataka,Chamaraja Nagar,0.31,0.34,1097.0
1011,2011,5,Karnataka,Chamaraja Nagar,0.26,0.22,846.0
1011,2012,5,Karnataka,Chamaraja Nagar,0.64,1.26,1969.0
1011,2013,5,Karnataka,Chamaraja Nagar,0.92,1.41,1533.0
1011,2014,5,Karnataka,Chamaraja Nagar,0.37,0.46,1243.0
1011,2015,5,Karnataka,Chamaraja Nagar,0.52,0.66,1269.0
1011,2016,5,Karnataka,Chamaraja Nagar,0.05,0.04,679.0
1011,2017,5,Karnataka,Chamaraja Nagar,1.7,2.99,1752.0
1011,2018,5,Karnataka,Chamaraja Nagar,0.5,1.03,2040.0
1011,2019,5,Karnataka,Chamaraja Nagar,0.89,2.04,2302.0
1012,1998,5,Karnataka,Davanagere,0.91,0.52,571.0
1012,1999,5,Karnataka,Davanagere,0.45,0.21,467.0
1012,2000,5,Karnataka,Davanagere,0.6,1.0,1667.0
1012,2001,5,Karnataka,Davanagere,0.52,0.22,423.0
1012,2002,5,Karnataka,Davanagere,0.41,0.14,341.0
1012,2003,5,Karnataka,Davanagere,0.91,0.54,593.0
1012,2004,5,Karnataka,Davanagere,0.6,0.33,550.0
1012,2005,5,Karnataka,Davanagere,0.72,0.44,611.0
1012,2006,5,Karnataka,Davanagere,0.49,0.37,755.0
1012,2007,5,Karnataka,Davanagere,0.72,0.72,1000.0
1012,2008,5,Karnataka,Davanagere,0.93,0.58,624.0
1012,2009,5,Karnataka,Davanagere,0.97,0.65,670.0
1012,2010,5,Karnataka,Davanagere,1.41,2.14,1518.0
1012,2011,5,Karnataka,Davanagere,0.89,0.75,843.0
1012,2012,5,Karnataka,Davanagere,0.88,0.64,727.0
1012,2013,5,Karnataka,Davanagere,0.65,0.66,1015.0
1012,2014,5,Karnataka,Davanagere,0.62,0.62,1000.0
1012,2015,5,Karnataka,Davanagere,0.72,0.61,847.0
1012,2016,5,Karnataka,Davanagere,0.56,0.38,668.0
1012,2017,5,Karnataka,Davanagere,1.56,2.33,1490.0
1012,2018,5,Karnataka,Davanagere,0.47,0.28,587.0
1012,2019,5,Karnataka,Davanagere,0.75,0.57,751.0
1013,1998,5,Karnataka,Gadag,1.19,0.6,504.0
1013,1999,5,Karnataka,Gadag,1.17,0.44,376.0
1013,2000,5,Karnataka,Gadag,1.9,1.0,526.0
1013,2001,5,Karnataka,Gadag,2.03,1.08,532.0
1013,2002,5,Karnataka,Gadag,1.4,0.81,579.0
1013,2003,5,Karnataka,Gadag,1.5,0.69,460.0
1013,2004,5,Karnataka,Gadag,2.02,1.19,589.0
1013,2005,5,Karnataka,Gadag,2.48,2.2,887.0
1013,2006,5,Karnataka,Gadag,2.0,0.89,445.0
1013,2007,5,Karnataka,Gadag,1.95,3.2,1641.0
1013,2008,5,Karnataka,Gadag,1.62,0.93,574.0
1013,2009,5,Karnataka,Gadag,1.8,0.91,506.0
1013,2010,5,Karnataka,Gadag,2.8,2.4,857.0
1013,2011,5,Karnataka,Gadag,2.16,1.65,764.0
1013,2012,5,Karnataka,Gadag,2.96,2.31,780.0
1013,2013,5,Karnataka,Gadag,2.77,2.17,783.0
1013,2014,5,Karnataka,Gadag,2.42,1.42,587.0
1013,2015,5,Karnataka,Gadag,1.09,0.41,376.0
1013,2016,5,Karnataka,Gadag,1.28,0.86,676.0
1013,2017,5,Karnataka,Gadag,2.17,2.88,1327.0
1013,2018,5,Karnataka,Gadag,3.62,1.66,458.0
1013,2019,5,Karnataka,Gadag,3.04,2.1,690.0
1014,1998,5,Karnataka,Haveri,0.89,0.59,663.0
1014,1999,5,Karnataka,Haveri,0.65,0.35,538.0
1014,2001,5,Karnataka,Haveri,0.34,0.17,500.0
1014,2002,5,Karnataka,Haveri,0.43,0.16,372.0
1014,2003,5,Karnataka,Haveri,0.04,0.03,750.0
1014,2004,5,Karnataka,Haveri,0.18,0.1,556.0
1014,2005,5,Karnataka,Haveri,0.07,0.06,857.0
1014,2006,5,Karnataka,Haveri,0.07,0.03,429.0
1014,2007,5,Karnataka,Haveri,0.05,0.03,600.0
1014,2008,5,Karnataka,Haveri,0.02,0.01,500.0
1014,2011,5,Karnataka,Haveri,0.01,0.01,1000.0
1014,2012,5,Karnataka,Haveri,0.06,0.06,1000.0
1014,2016,5,Karnataka,Haveri,0.01,0.01,1000.0
1014,2018,5,Karnataka,Haveri,0.01,0.01,833.0
1014,2019,5,Karnataka,Haveri,0.07,0.07,1075.0
1015,1998,5,Karnataka,Koppal,54.12,26.93,498.0
1015,1999,5,Karnataka,Koppal,50.5,28.13,557.0
1015,2000,5,Karnataka,Koppal,59.0,35.0,593.0
1015,2001,5,Karnataka,Koppal,38.28,15.61,408.0
1015,2002,5,Karnataka,Koppal,50.67,6.02,119.0
1015,2003,5,Karnataka,Koppal,76.3,48.59,637.0
1015,2004,5,Karnataka,Koppal,73.31,33.52,457.0
1015,2005,5,Karnataka,Koppal,94.69,101.39,1071.0
1015,2006,5,Karnataka,Koppal,69.1,16.61,240.0
1015,2007,5,Karnataka,Koppal,72.36,61.35,848.0
1015,2008,5,Karnataka,Koppal,64.7,35.84,554.0
1015,2009,5,Karnataka,Koppal,56.21,18.51,329.0
1015,2010,5,Karnataka,Koppal,66.9,93.36,1396.0
1015,2011,5,Karnataka,Koppal,65.87,87.11,1322.0
1015,2012,5,Karnataka,Koppal,71.35,97.2,1362.0
1015,2013,5,Karnataka,Koppal,59.56,99.36,1668.0
1015,2014,5,Karnataka,Koppal,51.34,88.91,1732.0
1015,2015,5,Karnataka,Koppal,44.19,31.57,714.0
1015,2016,5,Karnataka,Koppal,56.14,37.6,670.0
1015,2017,5,Karnataka,Koppal,79.21,144.47,1824.0
1015,2018,5,Karnataka,Koppal,67.05,45.1,673.0
1015,2019,5,Karnataka,Koppal,106.68,90.79,851.0
1016,2019,5,Karnataka,Udupi,0.01,0.02,1071.0
1017,1999,9,Punjab,S.B.S Nagar,0.2,0.1,500.0
1018,1999,9,Punjab,Shri Mukatsar Sahib,0.3,0.2,667.0
1018,2001,9,Punjab,Shri Mukatsar Sahib,0.5,0.5,1000.0
1018,2002,9,Punjab,Shri Mukatsar Sahib,0.5,0.4,800.0
1018,2003,9,Punjab,Shri Mukatsar Sahib,0.1,0.1,1000.0
1018,2004,9,Punjab,Shri Mukatsar Sahib,1.0,1.0,1000.0
1018,2013,9,Punjab,Shri Mukatsar Sahib,0.1,0.1,1000.0
1019,1999,9,Punjab,Moga,0.1,0.1,1000.0
1019,2000,9,Punjab,Moga,1.0,0.9,900.0
1019,2001,9,Punjab,Moga,0.8,0.8,1000.0
1019,2002,9,Punjab,Moga,0.2,0.2,1000.0
1019,2003,9,Punjab,Moga,0.2,0.2,1000.0
1019,2019,9,Punjab,Moga,0.2,0.1,500.0
1020,1998,10,Rajasthan,Karoli,103.13,137.15,1330.0
1020,1999,10,Rajasthan,Karoli,100.04,142.87,1428.0
1020,2000,10,Rajasthan,Karoli,110.81,132.46,1195.0
1020,2001,10,Rajasthan,Karoli,111.14,114.62,1031.0
1020,2002,10,Rajasthan,Karoli,111.29,42.54,382.0
1020,2003,10,Rajasthan,Karoli,134.21,303.8,2264.0
1020,2004,10,Rajasthan,Karoli,111.47,183.59,1647.0
1020,2005,10,Rajasthan,Karoli,117.83,149.63,1270.0
1020,2006,10,Rajasthan,Karoli,119.45,189.3,1585.0
1020,2007,10,Rajasthan,Karoli,126.17,221.99,1759.0
1020,2008,10,Rajasthan,Karoli,117.31,204.26,1741.0
1020,2009,10,Rajasthan,Karoli,133.66,247.77,1854.0
1020,2010,10,Rajasthan,Karoli,133.5,253.93,1902.0
1020,2011,10,Rajasthan,Karoli,128.62,253.41,1970.0
1020,2012,10,Rajasthan,Karoli,123.0,227.96,1853.0
1020,2013,10,Rajasthan,Karoli,121.91,247.89,2033.0
1020,2014,10,Rajasthan,Karoli,124.75,258.21,2070.0
1020,2015,10,Rajasthan,Karoli,124.76,226.38,1815.0
1020,2016,10,Rajasthan,Karoli,127.4,247.18,1940.0
1020,2017,10,Rajasthan,Karoli,130.93,272.56,2082.0
1020,2018,10,Rajasthan,Karoli,129.7,250.02,1928.0
1020,2019,10,Rajasthan,Karoli,131.44,292.3,2224.0
1022,1996,11,Tamil Nadu,Karur,15.49,7.14,461.0
1022,1997,11,Tamil Nadu,Karur,18.0,5.48,304.0
1022,1998,11,Tamil Nadu,Karur,13.06,3.17,243.0
1022,1999,11,Tamil Nadu,Karur,12.14,3.82,315.0
1022,2000,11,Tamil Nadu,Karur,10.59,2.97,280.0
1022,2001,11,Tamil Nadu,Karur,7.28,3.06,420.0
1022,2002,11,Tamil Nadu,Karur,6.23,1.55,249.0
1022,2003,11,Tamil Nadu,Karur,5.26,1.56,297.0
1022,2004,11,Tamil Nadu,Karur,5.19,1.46,281.0
1022,2005,11,Tamil Nadu,Karur,5.73,1.46,255.0
1022,2006,11,Tamil Nadu,Karur,4.37,1.83,419.0
1022,2007,11,Tamil Nadu,Karur,2.32,0.65,280.0
1022,2008,11,Tamil Nadu,Karur,2.97,1.36,458.0
1022,2009,11,Tamil Nadu,Karur,2.4,1.82,758.0
1022,2010,11,Tamil Nadu,Karur,1.55,0.72,465.0
1022,2011,11,Tamil Nadu,Karur,1.56,2.67,1712.0
1022,2012,11,Tamil Nadu,Karur,0.93,1.45,1559.0
1022,2013,11,Tamil Nadu,Karur,0.85,1.9,2235.0
1022,2014,11,Tamil Nadu,Karur,0.52,0.86,1654.0
1022,2015,11,Tamil Nadu,Karur,0.83,1.4,1687.0
1022,2016,11,Tamil Nadu,Karur,0.23,0.63,2691.0
1022,2017,11,Tamil Nadu,Karur,0.45,1.0,2216.0
1022,2018,11,Tamil Nadu,Karur,0.34,0.82,2428.0
1022,2019,11,Tamil Nadu,Karur,0.52,1.42,2730.0
1023,1996,11,Tamil Nadu,Namakkal,1.83,2.08,1137.0
1023,1997,11,Tamil Nadu,Namakkal,1.51,2.24,1483.0
1023,1998,11,Tamil Nadu,Namakkal,0.92,1.31,1424.0
1023,1999,11,Tamil Nadu,Namakkal,0.63,1.22,1937.0
1023,2000,11,Tamil Nadu,Namakkal,0.57,0.88,1544.0
1023,2001,11,Tamil Nadu,Namakkal,0.35,0.49,1400.0
1023,2002,11,Tamil Nadu,Namakkal,0.43,0.45,1047.0
1023,2003,11,Tamil Nadu,Namakkal,1.02,1.11,1088.0
1023,2004,11,Tamil Nadu,Namakkal,0.35,0.41,1171.0
1023,2005,11,Tamil Nadu,Namakkal,0.39,0.54,1385.0
1023,2006,11,Tamil Nadu,Namakkal,0.54,0.87,1611.0
1023,2007,11,Tamil Nadu,Namakkal,0.21,0.36,1714.0
1023,2008,11,Tamil Nadu,Namakkal,0.12,0.24,2000.0
1023,2009,11,Tamil Nadu,Namakkal,0.27,0.44,1630.0
1023,2010,11,Tamil Nadu,Namakkal,0.09,0.13,1444.0
1023,2011,11,Tamil Nadu,Namakkal,0.05,0.12,2400.0
1023,2012,11,Tamil Nadu,Namakkal,0.18,0.27,1500.0
1023,2013,11,Tamil Nadu,Namakkal,0.39,0.85,2179.0
1023,2014,11,Tamil Nadu,Namakkal,0.28,0.85,3036.0
1023,2015,11,Tamil Nadu,Namakkal,0.06,0.15,2500.0
1023,2016,11,Tamil Nadu,Namakkal,0.05,0.16,2907.0
1023,2017,11,Tamil Nadu,Namakkal,0.23,0.54,2357.0
1023,2018,11,Tamil Nadu,Namakkal,0.17,0.47,2810.0
1023,2019,11,Tamil Nadu,Namakkal,0.06,0.17,2758.0
1024,1996,11,Tamil Nadu,Perambular,4.28,2.04,477.0
1024,1997,11,Tamil Nadu,Perambular,4.13,4.31,1044.0
1024,1998,11,Tamil Nadu,Perambular,4.04,4.28,1059.0
1024,1999,11,Tamil Nadu,Perambular,3.27,3.71,1135.0
1024,2000,11,Tamil Nadu,Perambular,2.83,4.08,1442.0
1024,2001,11,Tamil Nadu,Perambular,2.9,3.07,1059.0
1024,2002,11,Tamil Nadu,Perambular,2.7,2.15,796.0
1024,2003,11,Tamil Nadu,Perambular,2.23,2.44,1094.0
1024,2004,11,Tamil Nadu,Perambular,1.82,2.75,1511.0
1024,2005,11,Tamil Nadu,Perambular,1.02,1.52,1490.0
1024,2006,11,Tamil Nadu,Perambular,0.82,0.8,976.0
1024,2007,11,Tamil Nadu,Perambular,0.64,0.91,1422.0
1024,2008,11,Tamil Nadu,Perambular,0.06,0.1,1667.0
1024,2009,11,Tamil Nadu,Perambular,0.21,0.53,2524.0
1024,2010,11,Tamil Nadu,Perambular,0.29,0.38,1310.0
1024,2011,11,Tamil Nadu,Perambular,0.15,0.38,2533.0
1024,2012,11,Tamil Nadu,Perambular,0.32,0.5,1563.0
1024,2013,11,Tamil Nadu,Perambular,0.19,0.41,2158.0
1024,2014,11,Tamil Nadu,Perambular,0.1,0.31,3100.0
1024,2015,11,Tamil Nadu,Perambular,0.09,0.23,2556.0
1024,2016,11,Tamil Nadu,Perambular,0.21,0.32,1529.0
1024,2017,11,Tamil Nadu,Perambular,0.09,0.2,2247.0
1024,2018,11,Tamil Nadu,Perambular,0.16,0.44,2772.0
1024,2019,11,Tamil Nadu,Perambular,0.06,0.17,2705.0
1025,1996,11,Tamil Nadu,Theni,2.02,2.85,1411.0
1025,1997,11,Tamil Nadu,Theni,2.98,4.21,1413.0
1025,1998,11,Tamil Nadu,Theni,2.9,4.42,1524.0
1025,1999,11,Tamil Nadu,Theni,4.46,7.27,1630.0
1025,2000,11,Tamil Nadu,Theni,3.17,4.06,1281.0
1025,2001,11,Tamil Nadu,Theni,4.1,5.93,1446.0
1025,2002,11,Tamil Nadu,Theni,4.86,4.14,852.0
1025,2003,11,Tamil Nadu,Theni,6.85,3.03,442.0
1025,2004,11,Tamil Nadu,Theni,5.34,8.01,1500.0
1025,2005,11,Tamil Nadu,Theni,3.9,5.9,1513.0
1025,2006,11,Tamil Nadu,Theni,3.13,6.64,2121.0
1025,2007,11,Tamil Nadu,Theni,2.84,4.86,1711.0
1025,2008,11,Tamil Nadu,Theni,2.66,4.57,1718.0
1025,2009,11,Tamil Nadu,Theni,3.42,8.74,2556.0
1025,2010,11,Tamil Nadu,Theni,3.2,10.36,3238.0
1025,2011,11,Tamil Nadu,Theni,3.34,7.49,2243.0
1025,2012,11,Tamil Nadu,Theni,2.5,4.12,1648.0
1025,2013,11,Tamil Nadu,Theni,1.14,2.82,2474.0
1025,2014,11,Tamil Nadu,Theni,1.48,5.0,3378.0
1025,2015,11,Tamil Nadu,Theni,1.65,5.35,3242.0
1025,2016,11,Tamil Nadu,Theni,2.94,1.83,622.0
1025,2017,11,Tamil Nadu,Theni,1.49,2.94,1980.0
1025,2018,11,Tamil Nadu,Theni,2.36,8.64,3664.0
1025,2019,11,Tamil Nadu,Theni,1.06,2.19,2076.0
1027,1996,11,Tamil Nadu,Thiruvallur,0.78,1.01,1295.0
1027,1997,11,Tamil Nadu,Thiruvallur,0.69,1.38,2000.0
1027,1998,11,Tamil Nadu,Thiruvallur,1.03,2.01,1951.0
1027,1999,11,Tamil Nadu,Thiruvallur,0.98,2.28,2327.0
1027,2000,11,Tamil Nadu,Thiruvallur,1.11,2.09,1883.0
1027,2001,11,Tamil Nadu,Thiruvallur,1.32,2.32,1758.0
1027,2002,11,Tamil Nadu,Thiruvallur,1.47,1.91,1299.0
1027,2003,11,Tamil Nadu,Thiruvallur,1.61,1.8,1118.0
1027,2004,11,Tamil Nadu,Thiruvallur,1.95,3.68,1887.0
1027,2005,11,Tamil Nadu,Thiruvallur,1.45,2.34,1614.0
1027,2006,11,Tamil Nadu,Thiruvallur,1.15,3.4,2957.0
1027,2007,11,Tamil Nadu,Thiruvallur,0.92,2.43,2641.0
1027,2008,11,Tamil Nadu,Thiruvallur,0.63,1.31,2079.0
1027,2009,11,Tamil Nadu,Thiruvallur,0.3,0.57,1900.0
1027,2010,11,Tamil Nadu,Thiruvallur,0.28,0.37,1321.0
1027,2011,11,Tamil Nadu,Thiruvallur,0.22,0.29,1318.0
1027,2012,11,Tamil Nadu,Thiruvallur,0.48,0.73,1521.0
1027,2013,11,Tamil Nadu,Thiruvallur,0.9,2.02,2244.0
1027,2014,11,Tamil Nadu,Thiruvallur,0.77,2.33,3026.0
1027,2015,11,Tamil Nadu,Thiruvallur,1.09,2.89,2651.0
1027,2016,11,Tamil Nadu,Thiruvallur,0.93,2.56,2761.0
1027,2017,11,Tamil Nadu,Thiruvallur,0.71,1.67,2348.0
1027,2018,11,Tamil Nadu,Thiruvallur,0.53,1.48,2819.0
1027,2019,11,Tamil Nadu,Thiruvallur,0.47,1.31,2772.0
1028,1996,12,Uttar Pradesh,Ambedkar Nagar,0.14,0.12,857.0
1028,1997,12,Uttar Pradesh,Ambedkar Nagar,0.14,0.15,1071.0
1028,1998,12,Uttar Pradesh,Ambedkar Nagar,0.03,0.04,1333.0
1028,1999,12,Uttar Pradesh,Ambedkar Nagar,0.03,0.05,1667.0
1028,2000,12,Uttar Pradesh,Ambedkar Nagar,0.08,0.12,1500.0
1028,2001,12,Uttar Pradesh,Ambedkar Nagar,0.48,0.6,1250.0
1028,2002,12,Uttar Pradesh,Ambedkar Nagar,0.04,0.06,1500.0
1028,2003,12,Uttar Pradesh,Ambedkar Nagar,0.07,0.1,1429.0
1028,2004,12,Uttar Pradesh,Ambedkar Nagar,0.08,0.13,1625.0
1028,2005,12,Uttar Pradesh,Ambedkar Nagar,0.14,0.21,1500.0
1028,2006,12,Uttar Pradesh,Ambedkar Nagar,0.04,0.06,1500.0
1028,2007,12,Uttar Pradesh,Ambedkar Nagar,0.03,0.05,1667.0
1028,2008,12,Uttar Pradesh,Ambedkar Nagar,0.02,0.03,1500.0
1028,2009,12,Uttar Pradesh,Ambedkar Nagar,0.02,0.03,1500.0
1028,2010,12,Uttar Pradesh,Ambedkar Nagar,0.01,0.01,1000.0
1028,2011,12,Uttar Pradesh,Ambedkar Nagar,0.01,0.02,2000.0
1028,2012,12,Uttar Pradesh,Ambedkar Nagar,0.01,0.01,1000.0
1028,2013,12,Uttar Pradesh,Ambedkar Nagar,0.05,0.05,1000.0
1028,2014,12,Uttar Pradesh,Ambedkar Nagar,0.01,0.02,2000.0
1028,2015,12,Uttar Pradesh,Ambedkar Nagar,0.02,0.01,500.0
1028,2016,12,Uttar Pradesh,Ambedkar Nagar,0.01,0.01,875.0
1028,2017,12,Uttar Pradesh,Ambedkar Nagar,0.01,0.02,2000.0
1028,2018,12,Uttar Pradesh,Ambedkar Nagar,0.01,0.02,2111.0
1028,2019,12,Uttar Pradesh,Ambedkar Nagar,0.01,0.02,2111.0
1029,1995,12,Uttar Pradesh,Kushi Nagar Padrauna,0.26,0.47,1808.0
1029,1996,12,Uttar Pradesh,Kushi Nagar Padrauna,0.27,0.41,1519.0
1029,1997,12,Uttar Pradesh,Kushi Nagar Padrauna,0.31,0.52,1677.0
1029,1998,12,Uttar Pradesh,Kushi Nagar Padrauna,0.23,0.36,1565.0
1029,1999,12,Uttar Pradesh,Kushi Nagar Padrauna,0.2,0.36,1800.0
1029,2000,12,Uttar Pradesh,Kushi Nagar Padrauna,0.2,0.33,1650.0
1029,2001,12,Uttar Pradesh,Kushi Nagar Padrauna,0.15,0.22,1467.0
1029,2002,12,Uttar Pradesh,Kushi Nagar Padrauna,0.13,0.19,1462.0
1029,2003,12,Uttar Pradesh,Kushi Nagar Padrauna,0.1,0.15,1500.0
1029,2004,12,Uttar Pradesh,Kushi Nagar Padrauna,0.1,0.16,1600.0
1029,2005,12,Uttar Pradesh,Kushi Nagar Padrauna,0.08,0.13,1625.0
1029,2006,12,Uttar Pradesh,Kushi Nagar Padrauna,0.1,0.16,1600.0
1029,2007,12,Uttar Pradesh,Kushi Nagar Padrauna,0.12,0.19,1583.0
1029,2008,12,Uttar Pradesh,Kushi Nagar Padrauna,0.07,0.12,1714.0
1029,2009,12,Uttar Pradesh,Kushi Nagar Padrauna,0.07,0.12,1714.0
1029,2010,12,Uttar Pradesh,Kushi Nagar Padrauna,0.08,0.14,1750.0
1029,2011,12,Uttar Pradesh,Kushi Nagar Padrauna,0.1,0.19,1900.0
1029,2012,12,Uttar Pradesh,Kushi Nagar Padrauna,0.09,0.19,2111.0
1029,2013,12,Uttar Pradesh,Kushi Nagar Padrauna,0.07,0.14,2000.0
1029,2014,12,Uttar Pradesh,Kushi Nagar Padrauna,0.09,0.18,2000.0
1029,2015,12,Uttar Pradesh,Kushi Nagar Padrauna,0.07,0.13,1857.0
1029,2016,12,Uttar Pradesh,Kushi Nagar Padrauna,0.23,0.43,1833.0
1029,2017,12,Uttar Pradesh,Kushi Nagar Padrauna,0.1,0.2,1932.0
1029,2018,12,Uttar Pradesh,Kushi Nagar Padrauna,0.34,0.74,2215.0
1029,2019,12,Uttar Pradesh,Kushi Nagar Padrauna,0.18,0.4,2193.0
1030,2001,16,Uttarakhand,Udham Singh Nagar,0.01,0.01,1000.0
1031,1997,12,Uttar Pradesh,Auraiya,23.81,37.85,1590.0
1031,1998,12,Uttar Pradesh,Auraiya,24.03,39.12,1628.0
1031,1999,12,Uttar Pradesh,Auraiya,23.21,38.77,1670.0
1031,2000,12,Uttar Pradesh,Auraiya,24.38,35.07,1438.0
1031,2001,12,Uttar Pradesh,Auraiya,21.9,29.6,1352.0
1031,2002,12,Uttar Pradesh,Auraiya,28.26,39.09,1383.0
1031,2003,12,Uttar Pradesh,Auraiya,29.56,39.69,1343.0
1031,2004,12,Uttar Pradesh,Auraiya,29.14,44.8,1537.0
1031,2005,12,Uttar Pradesh,Auraiya,29.0,44.83,1546.0
1031,2006,12,Uttar Pradesh,Auraiya,30.78,53.78,1747.0
1031,2007,12,Uttar Pradesh,Auraiya,35.45,65.93,1860.0
1031,2008,12,Uttar Pradesh,Auraiya,33.09,76.95,2325.0
1031,2009,12,Uttar Pradesh,Auraiya,35.28,80.17,2272.0
1031,2010,12,Uttar Pradesh,Auraiya,34.97,70.14,2006.0
1031,2011,12,Uttar Pradesh,Auraiya,28.01,52.04,1858.0
1031,2012,12,Uttar Pradesh,Auraiya,29.94,71.74,2396.0
1031,2013,12,Uttar Pradesh,Auraiya,28.11,64.29,2287.0
1031,2014,12,Uttar Pradesh,Auraiya,36.54,80.31,2198.0
1031,2015,12,Uttar Pradesh,Auraiya,31.98,73.29,2292.0
1031,2016,12,Uttar Pradesh,Auraiya,31.77,73.74,2321.0
1031,2017,12,Uttar Pradesh,Auraiya,31.17,71.52,2295.0
1031,2018,12,Uttar Pradesh,Auraiya,29.1,71.96,2473.0
1031,2019,12,Uttar Pradesh,Auraiya,30.68,79.22,2582.0
1033,1997,12,Uttar Pradesh,Bagpat,0.93,1.3,1398.0
1033,1998,12,Uttar Pradesh,Bagpat,0.84,1.05,1250.0
1033,1999,12,Uttar Pradesh,Bagpat,0.75,1.12,1493.0
1033,2000,12,Uttar Pradesh,Bagpat,0.72,0.92,1278.0
1033,2001,12,Uttar Pradesh,Bagpat,0.67,0.67,1000.0
1033,2002,12,Uttar Pradesh,Bagpat,0.56,0.71,1268.0
1033,2003,12,Uttar Pradesh,Bagpat,0.91,1.3,1429.0
1033,2004,12,Uttar Pradesh,Bagpat,0.79,1.2,1519.0
1033,2005,12,Uttar Pradesh,Bagpat,0.8,1.12,1400.0
1033,2006,12,Uttar Pradesh,Bagpat,0.51,0.7,1373.0
1033,2007,12,Uttar Pradesh,Bagpat,0.52,0.78,1500.0
1033,2008,12,Uttar Pradesh,Bagpat,0.37,0.65,1757.0
1033,2009,12,Uttar Pradesh,Bagpat,0.56,1.08,1929.0
1033,2010,12,Uttar Pradesh,Bagpat,0.61,1.13,1852.0
1033,2011,12,Uttar Pradesh,Bagpat,0.51,0.92,1804.0
1033,2012,12,Uttar Pradesh,Bagpat,0.44,1.02,2318.0
1033,2013,12,Uttar Pradesh,Bagpat,0.92,1.24,1348.0
1033,2014,12,Uttar Pradesh,Bagpat,0.69,1.39,2014.0
1033,2015,12,Uttar Pradesh,Bagpat,0.57,1.14,2000.0
1033,2016,12,Uttar Pradesh,Bagpat,0.45,0.52,1171.0
1033,2017,12,Uttar Pradesh,Bagpat,1.78,3.47,1954.0
1033,2018,12,Uttar Pradesh,Bagpat,0.54,1.27,2351.0
1033,2019,12,Uttar Pradesh,Bagpat,0.64,1.21,1891.0
1034,2000,12,Uttar Pradesh,Balrampur,0.13,0.22,1692.0
1034,2001,12,Uttar Pradesh,Balrampur,0.12,0.2,1667.0
1034,2002,12,Uttar Pradesh,Balrampur,0.11,0.18,1636.0
1034,2006,12,Uttar Pradesh,Balrampur,0.11,0.18,1636.0
1034,2007,12,Uttar Pradesh,Balrampur,0.11,0.17,1545.0
1036,1997,12,Uttar Pradesh,Chandauli,4.17,4.43,1062.0
1036,1998,12,Uttar Pradesh,Chandauli,4.14,3.74,903.0
1036,1999,12,Uttar Pradesh,Chandauli,3.93,3.75,954.0
1036,2000,12,Uttar Pradesh,Chandauli,3.9,4.08,1046.0
1036,2001,12,Uttar Pradesh,Chandauli,3.69,4.77,1293.0
1036,2002,12,Uttar Pradesh,Chandauli,3.72,6.37,1712.0
1036,2003,12,Uttar Pradesh,Chandauli,4.38,4.27,975.0
1036,2004,12,Uttar Pradesh,Chandauli,1.49,1.65,1107.0
1036,2005,12,Uttar Pradesh,Chandauli,4.9,6.53,1333.0
1036,2006,12,Uttar Pradesh,Chandauli,4.93,7.69,1560.0
1036,2007,12,Uttar Pradesh,Chandauli,4.91,7.11,1448.0
1036,2008,12,Uttar Pradesh,Chandauli,4.87,5.87,1205.0
1036,2009,12,Uttar Pradesh,Chandauli,5.02,4.54,904.0
1036,2010,12,Uttar Pradesh,Chandauli,4.89,6.39,1307.0
1036,2011,12,Uttar Pradesh,Chandauli,4.87,7.52,1544.0
1036,2012,12,Uttar Pradesh,Chandauli,4.64,5.8,1250.0
1036,2013,12,Uttar Pradesh,Chandauli,4.89,5.0,1022.0
1036,2014,12,Uttar Pradesh,Chandauli,8.79,13.82,1572.0
1036,2015,12,Uttar Pradesh,Chandauli,5.25,6.78,1291.0
1036,2016,12,Uttar Pradesh,Chandauli,6.18,4.77,771.0
1036,2017,12,Uttar Pradesh,Chandauli,4.15,4.77,1149.0
1036,2018,12,Uttar Pradesh,Chandauli,4.93,5.64,1143.0
1036,2019,12,Uttar Pradesh,Chandauli,4.89,4.39,899.0
1037,1997,12,Uttar Pradesh,Chitrakoot,7.62,5.96,782.0
1037,1998,12,Uttar Pradesh,Chitrakoot,7.84,6.47,825.0
1037,1999,12,Uttar Pradesh,Chitrakoot,7.59,6.14,809.0
1037,2000,12,Uttar Pradesh,Chitrakoot,8.12,5.92,729.0
1037,2001,12,Uttar Pradesh,Chitrakoot,7.36,5.22,709.0
1037,2002,12,Uttar Pradesh,Chitrakoot,9.73,5.65,581.0
1037,2003,12,Uttar Pradesh,Chitrakoot,9.72,7.42,763.0
1037,2004,12,Uttar Pradesh,Chitrakoot,8.11,8.92,1100.0
1037,2005,12,Uttar Pradesh,Chitrakoot,7.88,7.87,999.0
1037,2006,12,Uttar Pradesh,Chitrakoot,8.49,7.28,857.0
1037,2007,12,Uttar Pradesh,Chitrakoot,10.02,7.2,719.0
1037,2008,12,Uttar Pradesh,Chitrakoot,10.15,11.55,1138.0
1037,2009,12,Uttar Pradesh,Chitrakoot,11.18,7.63,682.0
1037,2010,12,Uttar Pradesh,Chitrakoot,11.35,7.57,667.0
1037,2011,12,Uttar Pradesh,Chitrakoot,9.87,9.11,923.0
1037,2012,12,Uttar Pradesh,Chitrakoot,9.87,13.59,1377.0
1037,2013,12,Uttar Pradesh,Chitrakoot,8.16,11.63,1425.0
1037,2014,12,Uttar Pradesh,Chitrakoot,7.27,7.33,1008.0
1037,2015,12,Uttar Pradesh,Chitrakoot,14.56,5.16,354.0
1037,2016,12,Uttar Pradesh,Chitrakoot,11.83,12.23,1034.0
1037,2017,12,Uttar Pradesh,Chitrakoot,10.19,8.72,856.0
1037,2018,12,Uttar Pradesh,Chitrakoot,7.85,8.31,1060.0
1037,2019,12,Uttar Pradesh,Chitrakoot,10.81,19.97,1847.0
1038,1997,12,Uttar Pradesh,G.B.Nagar,12.3,16.38,1332.0
1038,1998,12,Uttar Pradesh,G.B.Nagar,12.77,15.83,1240.0
1038,1999,12,Uttar Pradesh,G.B.Nagar,11.06,16.68,1508.0
1038,2000,12,Uttar Pradesh,G.B.Nagar,11.33,16.77,1480.0
1038,2001,12,Uttar Pradesh,G.B.Nagar,12.66,19.71,1557.0
1038,2002,12,Uttar Pradesh,G.B.Nagar,7.16,9.0,1257.0
1038,2003,12,Uttar Pradesh,G.B.Nagar,6.02,8.61,1430.0
1038,2004,12,Uttar Pradesh,G.B.Nagar,6.15,10.42,1694.0
1038,2005,12,Uttar Pradesh,G.B.Nagar,4.72,5.53,1172.0
1038,2006,12,Uttar Pradesh,G.B.Nagar,2.93,2.78,949.0
1038,2007,12,Uttar Pradesh,G.B.Nagar,4.36,6.14,1408.0
1038,2008,12,Uttar Pradesh,G.B.Nagar,2.42,4.45,1839.0
1038,2009,12,Uttar Pradesh,G.B.Nagar,2.27,3.69,1626.0
1038,2010,12,Uttar Pradesh,G.B.Nagar,1.66,1.7,1024.0
1038,2011,12,Uttar Pradesh,G.B.Nagar,1.97,2.8,1421.0
1038,2012,12,Uttar Pradesh,G.B.Nagar,1.95,4.53,2323.0
1038,2013,12,Uttar Pradesh,G.B.Nagar,8.76,11.8,1347.0
1038,2014,12,Uttar Pradesh,G.B.Nagar,1.44,2.9,2014.0
1038,2016,12,Uttar Pradesh,G.B.Nagar,8.3,9.72,1170.0
1038,2017,12,Uttar Pradesh,G.B.Nagar,8.3,8.34,1004.0
1038,2018,12,Uttar Pradesh,G.B.Nagar,2.21,3.0,1356.0
1038,2019,12,Uttar Pradesh,G.B.Nagar,1.54,2.4,1556.0
1039,1997,12,Uttar Pradesh,Hathras,35.54,65.77,1851.0
1039,1998,12,Uttar Pradesh,Hathras,36.74,53.35,1452.0
1039,1999,12,Uttar Pradesh,Hathras,37.81,54.59,1444.0
1039,2000,12,Uttar Pradesh,Hathras,47.28,83.77,1772.0
1039,2001,12,Uttar Pradesh,Hathras,44.27,40.38,912.0
1039,2002,12,Uttar Pradesh,Hathras,37.07,69.33,1870.0
1039,2003,12,Uttar Pradesh,Hathras,45.51,79.41,1745.0
1039,2004,12,Uttar Pradesh,Hathras,25.37,42.23,1665.0
1039,2005,12,Uttar Pradesh,Hathras,45.74,73.46,1606.0
1039,2006,12,Uttar Pradesh,Hathras,47.9,76.92,1606.0
1039,2007,12,Uttar Pradesh,Hathras,46.82,81.14,1733.0
1039,2008,12,Uttar Pradesh,Hathras,46.11,67.91,1473.0
1039,2009,12,Uttar Pradesh,Hathras,39.94,71.77,1797.0
1039,2010,12,Uttar Pradesh,Hathras,47.67,84.29,1768.0
1039,2011,12,Uttar Pradesh,Hathras,43.35,79.46,1833.0
1039,2012,12,Uttar Pradesh,Hathras,45.39,86.37,1903.0
1039,2013,12,Uttar Pradesh,Hathras,45.37,82.76,1824.0
1039,2014,12,Uttar Pradesh,Hathras,36.69,80.6,2197.0
1039,2015,12,Uttar Pradesh,Hathras,42.95,82.81,1928.0
1039,2016,12,Uttar Pradesh,Hathras,39.93,73.91,1851.0
1039,2017,12,Uttar Pradesh,Hathras,48.17,112.72,2340.0
1039,2018,12,Uttar Pradesh,Hathras,37.82,89.81,2375.0
1039,2019,12,Uttar Pradesh,Hathras,44.21,102.82,2325.0
1040,1997,12,Uttar Pradesh,Amroha J.B.Fulenagar,7.12,6.02,846.0
1040,1998,12,Uttar Pradesh,Amroha J.B.Fulenagar,6.84,4.77,697.0
1040,1999,12,Uttar Pradesh,Amroha J.B.Fulenagar,6.26,4.14,661.0
1040,2000,12,Uttar Pradesh,Amroha J.B.Fulenagar,6.8,6.13,901.0
1040,2001,12,Uttar Pradesh,Amroha J.B.Fulenagar,5.64,7.53,1335.0
1040,2002,12,Uttar Pradesh,Amroha J.B.Fulenagar,5.23,2.13,407.0
1040,2003,12,Uttar Pradesh,Amroha J.B.Fulenagar,5.12,3.37,658.0
1040,2004,12,Uttar Pradesh,Amroha J.B.Fulenagar,5.99,5.58,932.0
1040,2005,12,Uttar Pradesh,Amroha J.B.Fulenagar,3.34,2.63,787.0
1040,2006,12,Uttar Pradesh,Amroha J.B.Fulenagar,3.3,2.27,688.0
1040,2007,12,Uttar Pradesh,Amroha J.B.Fulenagar,3.26,3.35,1028.0
1040,2008,12,Uttar Pradesh,Amroha J.B.Fulenagar,3.28,3.35,1021.0
1040,2009,12,Uttar Pradesh,Amroha J.B.Fulenagar,4.06,3.68,906.0
1040,2010,12,Uttar Pradesh,Amroha J.B.Fulenagar,3.18,2.46,774.0
1040,2011,12,Uttar Pradesh,Amroha J.B.Fulenagar,4.04,3.38,837.0
1040,2012,12,Uttar Pradesh,Amroha J.B.Fulenagar,3.95,2.24,567.0
1040,2013,12,Uttar Pradesh,Amroha J.B.Fulenagar,3.38,1.91,565.0
1040,2014,12,Uttar Pradesh,Amroha J.B.Fulenagar,4.17,4.31,1034.0
1040,2015,12,Uttar Pradesh,Amroha J.B.Fulenagar,4.07,5.25,1290.0
1040,2016,12,Uttar Pradesh,Amroha J.B.Fulenagar,3.22,3.2,993.0
1040,2017,12,Uttar Pradesh,Amroha J.B.Fulenagar,3.04,2.94,970.0
1040,2018,12,Uttar Pradesh,Amroha J.B.Fulenagar,2.86,3.26,1138.0
1040,2019,12,Uttar Pradesh,Amroha J.B.Fulenagar,3.26,3.48,1070.0
1041,1997,12,Uttar Pradesh,Kannauj,4.78,7.84,1640.0
1041,1998,12,Uttar Pradesh,Kannauj,4.49,5.29,1178.0
1041,1999,12,Uttar Pradesh,Kannauj,4.49,5.44,1212.0
1041,2000,12,Uttar Pradesh,Kannauj,4.1,5.09,1241.0
1041,2001,12,Uttar Pradesh,Kannauj,3.68,3.9,1060.0
1041,2002,12,Uttar Pradesh,Kannauj,3.53,4.03,1142.0
1041,2003,12,Uttar Pradesh,Kannauj,3.28,2.08,634.0
1041,2004,12,Uttar Pradesh,Kannauj,3.11,1.96,630.0
1041,2005,12,Uttar Pradesh,Kannauj,2.94,4.61,1568.0
1041,2006,12,Uttar Pradesh,Kannauj,2.96,4.94,1669.0
1041,2007,12,Uttar Pradesh,Kannauj,3.34,5.96,1784.0
1041,2008,12,Uttar Pradesh,Kannauj,2.23,4.88,2188.0
1041,2009,12,Uttar Pradesh,Kannauj,2.06,4.13,2005.0
1041,2010,12,Uttar Pradesh,Kannauj,2.26,4.43,1960.0
1041,2011,12,Uttar Pradesh,Kannauj,2.64,4.78,1811.0
1041,2012,12,Uttar Pradesh,Kannauj,2.57,5.88,2288.0
1041,2013,12,Uttar Pradesh,Kannauj,1.34,2.37,1769.0
1041,2014,12,Uttar Pradesh,Kannauj,1.08,1.18,1093.0
1041,2015,12,Uttar Pradesh,Kannauj,0.79,1.19,1506.0
1041,2016,12,Uttar Pradesh,Kannauj,1.25,1.74,1395.0
1041,2017,12,Uttar Pradesh,Kannauj,1.18,2.06,1757.0
1041,2018,12,Uttar Pradesh,Kannauj,1.2,2.02,1683.0
1041,2019,12,Uttar Pradesh,Kannauj,1.26,2.6,2056.0
1042,1997,12,Uttar Pradesh,Kushambi,17.93,27.67,1543.0
1042,1998,12,Uttar Pradesh,Kushambi,17.17,19.65,1144.0
1042,1999,12,Uttar Pradesh,Kushambi,15.1,11.58,767.0
1042,2000,12,Uttar Pradesh,Kushambi,14.53,10.84,746.0
1042,2001,12,Uttar Pradesh,Kushambi,9.53,10.07,1057.0
1042,2002,12,Uttar Pradesh,Kushambi,12.11,12.75,1053.0
1042,2003,12,Uttar Pradesh,Kushambi,12.0,14.27,1189.0
1042,2004,12,Uttar Pradesh,Kushambi,7.87,12.91,1640.0
1042,2005,12,Uttar Pradesh,Kushambi,9.46,10.63,1124.0
1042,2006,12,Uttar Pradesh,Kushambi,10.75,12.4,1153.0
1042,2007,12,Uttar Pradesh,Kushambi,11.4,13.69,1201.0
1042,2008,12,Uttar Pradesh,Kushambi,11.07,13.99,1264.0
1042,2009,12,Uttar Pradesh,Kushambi,11.1,12.02,1083.0
1042,2010,12,Uttar Pradesh,Kushambi,10.77,10.92,1014.0
1042,2011,12,Uttar Pradesh,Kushambi,10.64,16.57,1557.0
1042,2012,12,Uttar Pradesh,Kushambi,6.42,8.25,1285.0
1042,2013,12,Uttar Pradesh,Kushambi,7.84,7.49,955.0
1042,2014,12,Uttar Pradesh,Kushambi,11.31,10.59,936.0
1042,2015,12,Uttar Pradesh,Kushambi,9.54,8.69,911.0
1042,2016,12,Uttar Pradesh,Kushambi,9.78,9.72,994.0
1042,2017,12,Uttar Pradesh,Kushambi,11.47,13.54,1181.0
1042,2018,12,Uttar Pradesh,Kushambi,8.95,13.88,1551.0
1042,2019,12,Uttar Pradesh,Kushambi,10.6,12.18,1149.0
1044,1995,12,Uttar Pradesh,Santh Ravi Das Nagar Bhadoi,9.94,12.32,1239.0
1044,1996,12,Uttar Pradesh,Santh Ravi Das Nagar Bhadoi,9.52,9.23,970.0
1044,1997,12,Uttar Pradesh,Santh Ravi Das Nagar Bhadoi,8.78,12.86,1465.0
1044,1998,12,Uttar Pradesh,Santh Ravi Das Nagar Bhadoi,9.01,12.48,1385.0
1044,1999,12,Uttar Pradesh,Santh Ravi Das Nagar Bhadoi,8.74,16.97,1942.0
1044,2000,12,Uttar Pradesh,Santh Ravi Das Nagar Bhadoi,9.31,9.95,1069.0
1044,2001,12,Uttar Pradesh,Santh Ravi Das Nagar Bhadoi,8.93,13.92,1559.0
1044,2002,12,Uttar Pradesh,Santh Ravi Das Nagar Bhadoi,8.66,15.04,1737.0
1044,2003,12,Uttar Pradesh,Santh Ravi Das Nagar Bhadoi,8.19,8.32,1016.0
1044,2004,12,Uttar Pradesh,Santh Ravi Das Nagar Bhadoi,5.84,6.56,1123.0
1044,2005,12,Uttar Pradesh,Santh Ravi Das Nagar Bhadoi,9.0,8.89,988.0
1044,2006,12,Uttar Pradesh,Santh Ravi Das Nagar Bhadoi,8.7,8.07,928.0
1044,2007,12,Uttar Pradesh,Santh Ravi Das Nagar Bhadoi,8.56,7.23,845.0
1044,2008,12,Uttar Pradesh,Santh Ravi Das Nagar Bhadoi,7.76,6.81,878.0
1044,2009,12,Uttar Pradesh,Santh Ravi Das Nagar Bhadoi,8.41,9.08,1080.0
1044,2010,12,Uttar Pradesh,Santh Ravi Das Nagar Bhadoi,8.5,9.01,1060.0
1044,2011,12,Uttar Pradesh,Santh Ravi Das Nagar Bhadoi,8.52,12.91,1515.0
1044,2012,12,Uttar Pradesh,Santh Ravi Das Nagar Bhadoi,8.72,10.51,1205.0
1044,2013,12,Uttar Pradesh,Santh Ravi Das Nagar Bhadoi,9.0,12.09,1343.0
1044,2014,12,Uttar Pradesh,Santh Ravi Das Nagar Bhadoi,9.69,11.38,1174.0
1044,2015,12,Uttar Pradesh,Santh Ravi Das Nagar Bhadoi,9.03,10.1,1118.0
1044,2016,12,Uttar Pradesh,Santh Ravi Das Nagar Bhadoi,8.75,9.89,1130.0
1044,2017,12,Uttar Pradesh,Santh Ravi Das Nagar Bhadoi,8.61,11.65,1353.0
1044,2018,12,Uttar Pradesh,Santh Ravi Das Nagar Bhadoi,8.56,6.46,754.0
1044,2019,12,Uttar Pradesh,Santh Ravi Das Nagar Bhadoi,8.38,9.11,1086.0
1045,1997,12,Uttar Pradesh,Santh Kabir Nagar,0.23,0.47,2043.0
1045,1998,12,Uttar Pradesh,Santh Kabir Nagar,0.23,0.44,1913.0
1045,1999,12,Uttar Pradesh,Santh Kabir Nagar,0.22,0.46,2091.0
1045,2000,12,Uttar Pradesh,Santh Kabir Nagar,0.04,0.07,1750.0
1045,2001,12,Uttar Pradesh,Santh Kabir Nagar,0.02,0.04,2000.0
1045,2002,12,Uttar Pradesh,Santh Kabir Nagar,0.03,0.05,1667.0
1045,2003,12,Uttar Pradesh,Santh Kabir Nagar,0.02,0.03,1500.0
1045,2004,12,Uttar Pradesh,Santh Kabir Nagar,0.02,0.03,1500.0
1045,2005,12,Uttar Pradesh,Santh Kabir Nagar,0.03,0.05,1667.0
1045,2006,12,Uttar Pradesh,Santh Kabir Nagar,0.03,0.05,1667.0
1045,2007,12,Uttar Pradesh,Santh Kabir Nagar,0.02,0.04,2000.0
1045,2008,12,Uttar Pradesh,Santh Kabir Nagar,0.02,0.04,2000.0
1045,2009,12,Uttar Pradesh,Santh Kabir Nagar,0.01,0.02,2000.0
1045,2010,12,Uttar Pradesh,Santh Kabir Nagar,0.01,0.02,2000.0
1045,2011,12,Uttar Pradesh,Santh Kabir Nagar,0.01,0.02,2000.0
1045,2012,12,Uttar Pradesh,Santh Kabir Nagar,0.01,0.02,2000.0
1045,2013,12,Uttar Pradesh,Santh Kabir Nagar,0.01,0.02,2000.0
1045,2014,12,Uttar Pradesh,Santh Kabir Nagar,0.02,0.04,2000.0
1045,2016,12,Uttar Pradesh,Santh Kabir Nagar,0.01,0.02,1692.0
1045,2018,12,Uttar Pradesh,Santh Kabir Nagar,0.05,0.09,2089.0
1045,2019,12,Uttar Pradesh,Santh Kabir Nagar,0.01,0.03,2308.0
1046,1997,12,Uttar Pradesh,Shravasti,0.01,0.02,2000.0
1046,1998,12,Uttar Pradesh,Shravasti,0.01,0.02,2000.0
1046,1999,12,Uttar Pradesh,Shravasti,0.01,0.02,2000.0
1046,2000,12,Uttar Pradesh,Shravasti,0.03,0.05,1667.0
1046,2001,12,Uttar Pradesh,Shravasti,0.11,0.18,1636.0
1046,2002,12,Uttar Pradesh,Shravasti,0.06,0.09,1500.0
1046,2003,12,Uttar Pradesh,Shravasti,0.01,0.01,1000.0
1046,2004,12,Uttar Pradesh,Shravasti,0.01,0.01,1000.0
1046,2006,12,Uttar Pradesh,Shravasti,0.02,0.03,1500.0
1046,2017,12,Uttar Pradesh,Shravasti,0.01,0.02,1900.0
1058,2004,6,Madhya Pradesh,Harda,0.04,0.04,1000.0
1058,2006,6,Madhya Pradesh,Harda,0.03,0.03,1000.0
1058,2014,6,Madhya Pradesh,Harda,1.0,1.0,1000.0
1060,1999,6,Madhya Pradesh,Barwani,10.3,2.3,223.0
1060,2000,6,Madhya Pradesh,Barwani,10.1,3.0,297.0
1060,2001,6,Madhya Pradesh,Barwani,9.8,3.4,347.0
1060,2002,6,Madhya Pradesh,Barwani,9.9,2.5,253.0
1060,2003,6,Madhya Pradesh,Barwani,10.1,4.1,406.0
1060,2004,6,Madhya Pradesh,Barwani,10.23,3.64,356.0
1060,2005,6,Madhya Pradesh,Barwani,9.92,3.41,344.0
1060,2006,6,Madhya Pradesh,Barwani,9.73,4.06,417.0
1060,2007,6,Madhya Pradesh,Barwani,9.4,3.8,404.0
1060,2008,6,Madhya Pradesh,Barwani,9.0,4.3,478.0
1060,2009,6,Madhya Pradesh,Barwani,6.0,2.7,450.0
1060,2010,6,Madhya Pradesh,Barwani,7.36,4.45,605.0
1060,2011,6,Madhya Pradesh,Barwani,6.81,6.24,917.0
1060,2012,6,Madhya Pradesh,Barwani,5.83,10.14,1739.0
1060,2013,6,Madhya Pradesh,Barwani,5.9,6.99,1185.0
1060,2014,6,Madhya Pradesh,Barwani,9.0,12.0,1333.0
1060,2015,6,Madhya Pradesh,Barwani,7.0,12.0,1714.0
1060,2016,6,Madhya Pradesh,Barwani,9.0,11.0,1222.0
1060,2017,6,Madhya Pradesh,Barwani,8.5,14.16,1666.0
1060,2018,6,Madhya Pradesh,Barwani,5.27,6.46,1226.0
1060,2019,6,Madhya Pradesh,Barwani,4.59,4.74,1034.0
1062,2004,6,Madhya Pradesh,Neemuch,0.01,0.01,1000.0
1062,2005,6,Madhya Pradesh,Neemuch,0.03,0.02,667.0
1062,2006,6,Madhya Pradesh,Neemuch,0.03,0.03,1000.0
1062,2010,6,Madhya Pradesh,Neemuch,0.02,0.02,1222.0
1062,2011,6,Madhya Pradesh,Neemuch,0.01,0.01,1091.0
1062,2013,6,Madhya Pradesh,Neemuch,0.01,0.01,1000.0
1062,2018,6,Madhya Pradesh,Neemuch,0.05,0.08,1689.0
1062,2019,6,Madhya Pradesh,Neemuch,0.06,0.04,632.0
1063,1999,6,Madhya Pradesh,Sheopur Kalan,10.9,12.7,1165.0
1063,2000,6,Madhya Pradesh,Sheopur Kalan,12.6,20.1,1595.0
1063,2001,6,Madhya Pradesh,Sheopur Kalan,16.8,18.2,1083.0
1063,2002,6,Madhya Pradesh,Sheopur Kalan,8.7,2.9,333.0
1063,2003,6,Madhya Pradesh,Sheopur Kalan,22.3,32.0,1435.0
1063,2004,6,Madhya Pradesh,Sheopur Kalan,18.21,20.61,1132.0
1063,2005,6,Madhya Pradesh,Sheopur Kalan,16.92,25.23,1491.0
1063,2006,6,Madhya Pradesh,Sheopur Kalan,16.77,26.16,1560.0
1063,2007,6,Madhya Pradesh,Sheopur Kalan,19.1,26.7,1398.0
1063,2008,6,Madhya Pradesh,Sheopur Kalan,17.5,28.1,1606.0
1063,2009,6,Madhya Pradesh,Sheopur Kalan,14.5,21.3,1469.0
1063,2010,6,Madhya Pradesh,Sheopur Kalan,16.74,28.65,1712.0
1063,2011,6,Madhya Pradesh,Sheopur Kalan,16.29,28.08,1724.0
1063,2012,6,Madhya Pradesh,Sheopur Kalan,15.44,29.71,1924.0
1063,2013,6,Madhya Pradesh,Sheopur Kalan,13.69,27.2,1987.0
1063,2014,6,Madhya Pradesh,Sheopur Kalan,17.0,18.0,1059.0
1063,2015,6,Madhya Pradesh,Sheopur Kalan,15.0,19.0,1267.0
1063,2016,6,Madhya Pradesh,Sheopur Kalan,20.0,45.0,2250.0
1063,2017,6,Madhya Pradesh,Sheopur Kalan,27.0,35.37,1310.0
1063,2018,6,Madhya Pradesh,Sheopur Kalan,25.23,45.67,1810.0
1063,2019,6,Madhya Pradesh,Sheopur Kalan,22.38,39.91,1783.0
1064,2014,6,Madhya Pradesh,Umaria,2.0,4.0,2000.0
1064,2017,6,Madhya Pradesh,Umaria,0.01,0.01,1000.0
1065,2019,14,Chhattisgarh,Koriya,0.01,0.01,385.0
1066,2000,14,Chhattisgarh,Jashpur,0.02,0.01,500.0
1066,2001,14,Chhattisgarh,Jashpur,0.03,0.01,333.0
1066,2002,14,Chhattisgarh,Jashpur,0.01,0.01,1000.0
1066,2003,14,Chhattisgarh,Jashpur,0.03,0.01,333.0
1066,2006,14,Chhattisgarh,Jashpur,0.02,0.01,500.0
1066,2007,14,Chhattisgarh,Jashpur,0.02,0.01,500.0
1066,2008,14,Chhattisgarh,Jashpur,0.03,0.01,333.0
1066,2009,14,Chhattisgarh,Jashpur,0.02,0.01,500.0
1066,2011,14,Chhattisgarh,Jashpur,0.01,0.01,1000.0
1066,2012,14,Chhattisgarh,Jashpur,0.02,0.01,500.0
1066,2013,14,Chhattisgarh,Jashpur,0.03,0.01,333.0
1066,2014,14,Chhattisgarh,Jashpur,0.02,0.01,500.0
1066,2015,14,Chhattisgarh,Jashpur,0.02,0.01,500.0
1066,2016,14,Chhattisgarh,Jashpur,0.04,0.02,409.0
1066,2017,14,Chhattisgarh,Jashpur,0.02,0.01,435.0
1066,2018,14,Chhattisgarh,Jashpur,0.01,0.01,385.0
1066,2019,14,Chhattisgarh,Jashpur,0.01,0.01,500.0
1067,2008,14,Chhattisgarh,Korba,0.07,0.03,429.0
1067,2019,14,Chhattisgarh,Korba,0.01,0.01,583.0
1068,2000,14,Chhattisgarh,Kawardha,0.01,0.01,1000.0
1068,2013,14,Chhattisgarh,Kawardha,0.11,0.1,909.0
1068,2014,14,Chhattisgarh,Kawardha,0.08,0.06,750.0
1069,2016,14,Chhattisgarh,Mahasmund,0.02,0.02,947.0
1073,1999,7,Maharashtra,Hingoli,0.4,0.2,500.0
1073,2000,7,Maharashtra,Hingoli,0.4,0.2,500.0
1073,2001,7,Maharashtra,Hingoli,0.4,0.2,500.0
1073,2002,7,Maharashtra,Hingoli,0.6,0.5,833.0
1073,2003,7,Maharashtra,Hingoli,1.1,0.7,636.0
1073,2004,7,Maharashtra,Hingoli,0.8,0.4,500.0
1073,2005,7,Maharashtra,Hingoli,0.3,0.1,333.0
1073,2006,7,Maharashtra,Hingoli,0.3,0.2,667.0
1073,2007,7,Maharashtra,Hingoli,0.2,0.11,550.0
1073,2008,7,Maharashtra,Hingoli,0.2,0.1,500.0
1073,2009,7,Maharashtra,Hingoli,0.3,0.15,500.0
1073,2010,7,Maharashtra,Hingoli,0.2,0.1,500.0
1073,2011,7,Maharashtra,Hingoli,0.2,0.2,1000.0
1073,2016,7,Maharashtra,Hingoli,0.3,0.09,287.0
1073,2017,7,Maharashtra,Hingoli,0.3,0.1,333.0
1074,1998,7,Maharashtra,Nandurbar,23.9,25.2,1054.0
1074,1999,7,Maharashtra,Nandurbar,15.7,7.7,490.0
1074,2000,7,Maharashtra,Nandurbar,15.9,6.6,415.0
1074,2001,7,Maharashtra,Nandurbar,16.6,18.1,1090.0
1074,2002,7,Maharashtra,Nandurbar,16.6,11.8,711.0
1074,2003,7,Maharashtra,Nandurbar,19.1,19.5,1021.0
1074,2004,7,Maharashtra,Nandurbar,17.1,9.7,567.0
1074,2005,7,Maharashtra,Nandurbar,13.5,10.3,763.0
1074,2006,7,Maharashtra,Nandurbar,13.2,8.3,629.0
1074,2007,7,Maharashtra,Nandurbar,14.9,21.2,1423.0
1074,2008,7,Maharashtra,Nandurbar,15.0,21.2,1413.0
1074,2009,7,Maharashtra,Nandurbar,15.6,12.91,828.0
1074,2010,7,Maharashtra,Nandurbar,16.2,24.1,1488.0
1074,2011,7,Maharashtra,Nandurbar,12.6,15.3,1214.0
1074,2012,7,Maharashtra,Nandurbar,12.2,15.99,1311.0
1074,2013,7,Maharashtra,Nandurbar,4.5,5.4,1200.0
1074,2014,7,Maharashtra,Nandurbar,6.2,3.2,516.0
1074,2015,7,Maharashtra,Nandurbar,5.2,4.3,827.0
1074,2016,7,Maharashtra,Nandurbar,4.6,4.8,1043.0
1074,2017,7,Maharashtra,Nandurbar,4.96,3.6,726.0
1074,2018,7,Maharashtra,Nandurbar,6.69,4.82,720.0
1074,2019,7,Maharashtra,Nandurbar,7.45,6.16,826.0
1075,1998,7,Maharashtra,Washim,3.6,1.8,500.0
1075,1999,7,Maharashtra,Washim,2.7,1.4,519.0
1075,2000,7,Maharashtra,Washim,2.5,1.5,600.0
1075,2001,7,Maharashtra,Washim,2.3,0.8,348.0
1075,2002,7,Maharashtra,Washim,2.4,1.5,625.0
1075,2003,7,Maharashtra,Washim,2.0,0.9,450.0
1075,2004,7,Maharashtra,Washim,1.6,0.7,438.0
1075,2005,7,Maharashtra,Washim,1.4,0.7,500.0
1075,2006,7,Maharashtra,Washim,1.6,0.9,563.0
1075,2007,7,Maharashtra,Washim,0.9,0.49,544.0
1075,2008,7,Maharashtra,Washim,0.4,0.2,500.0
1075,2009,7,Maharashtra,Washim,0.4,0.28,700.0
1075,2010,7,Maharashtra,Washim,0.5,0.2,400.0
1075,2011,7,Maharashtra,Washim,0.3,0.2,667.0
1075,2012,7,Maharashtra,Washim,0.3,0.19,633.0
1075,2013,7,Maharashtra,Washim,0.4,0.3,750.0
1075,2016,7,Maharashtra,Washim,0.3,0.1,333.0
1075,2017,7,Maharashtra,Washim,0.2,0.1,500.0
1075,2018,7,Maharashtra,Washim,0.33,0.05,148.0
1075,2019,7,Maharashtra,Washim,0.36,0.08,227.0
1077,2008,11,Tamil Nadu,Ariyalur,0.57,0.89,1561.0
1077,2009,11,Tamil Nadu,Ariyalur,0.64,1.08,1688.0
1077,2010,11,Tamil Nadu,Ariyalur,0.69,0.89,1290.0
1077,2011,11,Tamil Nadu,Ariyalur,0.6,1.52,2533.0
1077,2012,11,Tamil Nadu,Ariyalur,0.61,1.04,1705.0
1077,2013,11,Tamil Nadu,Ariyalur,0.87,3.08,3540.0
1077,2014,11,Tamil Nadu,Ariyalur,0.72,2.35,3264.0
1077,2015,11,Tamil Nadu,Ariyalur,0.71,2.45,3451.0
1077,2016,11,Tamil Nadu,Ariyalur,1.01,4.3,4269.0
1077,2017,11,Tamil Nadu,Ariyalur,1.49,3.5,2353.0
1077,2018,11,Tamil Nadu,Ariyalur,0.83,1.93,2323.0
1077,2019,11,Tamil Nadu,Ariyalur,1.03,3.38,3281.0
1080,2003,11,Tamil Nadu,Krishnagiri,0.36,0.13,361.0
1080,2004,11,Tamil Nadu,Krishnagiri,0.19,0.26,1368.0
1080,2005,11,Tamil Nadu,Krishnagiri,0.58,0.52,897.0
1080,2006,11,Tamil Nadu,Krishnagiri,0.55,0.96,1745.0
1080,2007,11,Tamil Nadu,Krishnagiri,0.46,0.66,1435.0
1080,2008,11,Tamil Nadu,Krishnagiri,0.44,0.6,1364.0
1080,2009,11,Tamil Nadu,Krishnagiri,0.52,0.76,1462.0
1080,2010,11,Tamil Nadu,Krishnagiri,0.44,0.57,1295.0
1080,2011,11,Tamil Nadu,Krishnagiri,0.34,0.75,2206.0
1080,2012,11,Tamil Nadu,Krishnagiri,0.46,0.71,1543.0
1080,2013,11,Tamil Nadu,Krishnagiri,0.51,1.58,3098.0
1080,2014,11,Tamil Nadu,Krishnagiri,0.27,0.81,3000.0
1080,2015,11,Tamil Nadu,Krishnagiri,0.52,1.39,2673.0
1080,2016,11,Tamil Nadu,Krishnagiri,0.53,1.54,2897.0
1080,2017,11,Tamil Nadu,Krishnagiri,0.62,1.46,2352.0
1080,2018,11,Tamil Nadu,Krishnagiri,0.76,2.13,2823.0
1080,2019,11,Tamil Nadu,Krishnagiri,0.43,1.19,2777.0
1081,2005,6,Madhya Pradesh,Ashoknagar,0.31,0.48,1548.0
1081,2017,6,Madhya Pradesh,Ashoknagar,7.6,6.56,863.0
1081,2018,6,Madhya Pradesh,Ashoknagar,0.01,0.01,2167.0
1081,2019,6,Madhya Pradesh,Ashoknagar,0.01,0.01,1833.0
1082,2003,6,Madhya Pradesh,Burhanpur,0.2,0.2,1000.0
1082,2004,6,Madhya Pradesh,Burhanpur,0.37,0.22,595.0
1082,2005,6,Madhya Pradesh,Burhanpur,0.13,0.09,692.0
1082,2006,6,Madhya Pradesh,Burhanpur,0.11,0.08,727.0
1082,2007,6,Madhya Pradesh,Burhanpur,0.2,0.2,1000.0
1082,2009,6,Madhya Pradesh,Burhanpur,0.1,0.1,1000.0
1082,2010,6,Madhya Pradesh,Burhanpur,0.09,0.1,1075.0
1082,2011,6,Madhya Pradesh,Burhanpur,0.1,0.11,1029.0
1082,2012,6,Madhya Pradesh,Burhanpur,0.11,0.13,1182.0
1082,2013,6,Madhya Pradesh,Burhanpur,0.07,0.07,1000.0
1082,2017,6,Madhya Pradesh,Burhanpur,0.1,0.1,1000.0
1082,2018,6,Madhya Pradesh,Burhanpur,0.03,0.05,1424.0
1082,2019,6,Madhya Pradesh,Burhanpur,0.09,0.07,824.0
2001,2009,3,Gujarat,Tapi,0.1,0.2,2000.0
2001,2010,3,Gujarat,Tapi,0.1,0.1,1000.0
2001,2012,3,Gujarat,Tapi,0.1,0.2,2000.0
2001,2013,3,Gujarat,Tapi,0.13,0.35,2692.0
2001,2014,3,Gujarat,Tapi,0.09,0.21,2333.0
2001,2015,3,Gujarat,Tapi,0.09,0.15,1667.0
2001,2019,3,Gujarat,Tapi,0.02,0.04,2867.0
2002,2005,4,Haryana,Mewat,25.4,26.0,1024.0
2002,2006,4,Haryana,Mewat,26.3,34.0,1293.0
2002,2007,4,Haryana,Mewat,27.0,44.0,1630.0
2002,2008,4,Haryana,Mewat,22.6,35.0,1549.0
2002,2009,4,Haryana,Mewat,25.6,44.0,1719.0
2002,2010,4,Haryana,Mewat,26.6,38.0,1429.0
2002,2011,4,Haryana,Mewat,25.1,47.0,1873.0
2002,2012,4,Haryana,Mewat,22.38,43.0,1921.0
2002,2013,4,Haryana,Mewat,23.0,48.0,2087.0
2002,2014,4,Haryana,Mewat,26.0,44.0,1692.0
2002,2015,4,Haryana,Mewat,26.5,51.0,1925.0
2002,2016,4,Haryana,Mewat,24.7,49.0,1984.0
2002,2017,4,Haryana,Mewat,25.4,59.0,2323.0
2002,2018,4,Haryana,Mewat,26.0,68.0,2615.0
2002,2019,4,Haryana,Mewat,30.1,83.2,2764.0
2003,2008,4,Haryana,Palwal,7.7,15.0,1948.0
2003,2009,4,Haryana,Palwal,6.7,13.0,1940.0
2003,2010,4,Haryana,Palwal,8.4,15.0,1786.0
2003,2011,4,Haryana,Palwal,8.0,15.0,1875.0
2003,2012,4,Haryana,Palwal,7.6,15.0,1974.0
2003,2013,4,Haryana,Palwal,8.0,17.0,2125.0
2003,2014,4,Haryana,Palwal,7.0,13.0,1857.0
2003,2015,4,Haryana,Palwal,7.4,9.0,1216.0
2003,2016,4,Haryana,Palwal,11.1,11.0,991.0
2003,2017,4,Haryana,Palwal,5.4,13.0,2407.0
2003,2018,4,Haryana,Palwal,7.0,19.0,2714.0
2003,2019,4,Haryana,Palwal,10.5,27.9,2657.0
2004,2012,5,Karnataka,Ramanagaram,0.01,0.01,1000.0
2004,2013,5,Karnataka,Ramanagaram,0.07,0.08,1143.0
2004,2015,5,Karnataka,Ramanagaram,0.01,0.01,1000.0
2004,2016,5,Karnataka,Ramanagaram,0.01,0.01,1000.0
2004,2017,5,Karnataka,Ramanagaram,0.09,0.1,1080.0
2004,2018,5,Karnataka,Ramanagaram,0.01,0.01,857.0
2005,2010,5,Karnataka,Chikkaballapur,0.05,0.05,1000.0
2005,2011,5,Karnataka,Chikkaballapur,0.14,0.13,929.0
2005,2015,5,Karnataka,Chikkaballapur,0.08,0.05,625.0
2005,2016,5,Karnataka,Chikkaballapur,0.04,0.04,1050.0
2005,2017,5,Karnataka,Chikkaballapur,0.11,0.17,1594.0
2005,2018,5,Karnataka,Chikkaballapur,0.21,0.19,910.0
2005,2019,5,Karnataka,Chikkaballapur,0.21,0.22,1082.0
2006,2008,6,Madhya Pradesh,Alirajpur,16.9,11.7,692.0
2006,2009,6,Madhya Pradesh,Alirajpur,16.6,9.0,542.0
2006,2010,6,Madhya Pradesh,Alirajpur,16.27,11.79,725.0
2006,2011,6,Madhya Pradesh,Alirajpur,15.63,11.11,711.0
2006,2012,6,Madhya Pradesh,Alirajpur,15.58,19.72,1266.0
2006,2013,6,Madhya Pradesh,Alirajpur,13.62,18.38,1349.0
2006,2014,6,Madhya Pradesh,Alirajpur,11.0,9.0,818.0
2006,2015,6,Madhya Pradesh,Alirajpur,14.0,16.0,1143.0
2006,2016,6,Madhya Pradesh,Alirajpur,17.0,18.0,1059.0
2006,2017,6,Madhya Pradesh,Alirajpur,17.0,38.85,2285.0
2006,2018,6,Madhya Pradesh,Alirajpur,8.79,11.12,1266.0
2006,2019,6,Madhya Pradesh,Alirajpur,8.54,8.71,1020.0
2007,2010,6,Madhya Pradesh,Singrauli,0.01,0.01,1125.0
2007,2015,6,Madhya Pradesh,Singrauli,21.0,13.0,619.0
2007,2017,6,Madhya Pradesh,Singrauli,23.6,63.46,2689.0
2007,2018,6,Madhya Pradesh,Singrauli,0.11,0.14,1228.0
2007,2019,6,Madhya Pradesh,Singrauli,0.02,0.02,913.0
2009,2006,9,Punjab,Taran Taran,1.0,1.0,1000.0
2010,2006,9,Punjab,Barnala,1.0,1.0,1000.0
2011,2006,9,Punjab,S.A.S Nagar,1.0,1.0,1000.0
2011,2007,9,Punjab,S.A.S Nagar,1.0,1.0,1000.0
2011,2012,9,Punjab,S.A.S Nagar,1.0,1.0,1000.0
2012,2008,10,Rajasthan,Pratapgarh,0.03,0.03,1000.0
2012,2010,10,Rajasthan,Pratapgarh,0.01,0.02,2000.0
2012,2011,10,Rajasthan,Pratapgarh,0.01,0.01,1000.0
2012,2012,10,Rajasthan,Pratapgarh,0.01,0.01,1000.0
2012,2013,10,Rajasthan,Pratapgarh,0.01,0.01,1000.0
2012,2016,10,Rajasthan,Pratapgarh,0.01,0.01,1000.0
2012,2017,10,Rajasthan,Pratapgarh,0.01,0.01,857.0
2013,2008,12,Uttar Pradesh,Kasganj Khansi Ram Nagar,30.76,56.18,1826.0
2013,2009,12,Uttar Pradesh,Kasganj Khansi Ram Nagar,32.12,65.39,2036.0
2013,2010,12,Uttar Pradesh,Kasganj Khansi Ram Nagar,38.27,73.04,1909.0
2013,2011,12,Uttar Pradesh,Kasganj Khansi Ram Nagar,36.05,95.45,2648.0
2013,2012,12,Uttar Pradesh,Kasganj Khansi Ram Nagar,36.35,104.27,2869.0
2013,2013,12,Uttar Pradesh,Kasganj Khansi Ram Nagar,39.42,123.12,3123.0
2013,2014,12,Uttar Pradesh,Kasganj Khansi Ram Nagar,47.29,157.61,3333.0
2013,2015,12,Uttar Pradesh,Kasganj Khansi Ram Nagar,46.4,112.02,2414.0
2013,2016,12,Uttar Pradesh,Kasganj Khansi Ram Nagar,43.17,96.52,2236.0
2013,2017,12,Uttar Pradesh,Kasganj Khansi Ram Nagar,39.79,90.28,2269.0
2013,2018,12,Uttar Pradesh,Kasganj Khansi Ram Nagar,40.04,99.67,2489.0
2013,2019,12,Uttar Pradesh,Kasganj Khansi Ram Nagar,39.13,121.29,3100.0
2020,2008,11,Tamil Nadu,Thiruppur,0.21,1.01,4810.0
2020,2009,11,Tamil Nadu,Thiruppur,0.16,0.59,3688.0
2020,2010,11,Tamil Nadu,Thiruppur,0.09,0.13,1444.0
2020,2011,11,Tamil Nadu,Thiruppur,0.08,0.19,2375.0
2020,2012,11,Tamil Nadu,Thiruppur,0.07,0.09,1286.0
2020,2013,11,Tamil Nadu,Thiruppur,0.04,0.09,2250.0
2020,2014,11,Tamil Nadu,Thiruppur,0.06,0.18,3000.0
2020,2015,11,Tamil Nadu,Thiruppur,0.38,0.96,2526.0
2020,2016,11,Tamil Nadu,Thiruppur,0.15,0.1,698.0
2020,2017,11,Tamil Nadu,Thiruppur,0.39,0.86,2202.0
2020,2018,11,Tamil Nadu,Thiruppur,0.04,0.1,2366.0
2020,2019,11,Tamil Nadu,Thiruppur,0.05,0.15,2741.0
2023,2019,15,Jharkhand,Khunti,0.02,0.01,600.0
2024,2019,15,Jharkhand,Ramgadh,0.01,0.01,556.0
2025,2010,5,Karnataka,Yadagiri,24.04,20.4,849.0
2025,2011,5,Karnataka,Yadagiri,18.85,13.52,717.0
2025,2012,5,Karnataka,Yadagiri,21.18,18.98,896.0
2025,2013,5,Karnataka,Yadagiri,19.65,20.53,1045.0
2025,2014,5,Karnataka,Yadagiri,16.16,15.55,962.0
2025,2015,5,Karnataka,Yadagiri,15.61,11.19,717.0
2025,2016,5,Karnataka,Yadagiri,17.86,14.19,795.0
2025,2017,5,Karnataka,Yadagiri,13.68,22.56,1650.0
2025,2018,5,Karnataka,Yadagiri,8.88,10.63,1197.0
2025,2019,5,Karnataka,Yadagiri,12.87,18.86,1464.81
2026,2010,12,Uttar Pradesh,Amethi C.S.M.Nagar,0.56,0.49,875.0
2026,2011,12,Uttar Pradesh,Amethi C.S.M.Nagar,0.48,0.89,1854.0
2026,2012,12,Uttar Pradesh,Amethi C.S.M.Nagar,0.49,0.41,837.0
2026,2013,12,Uttar Pradesh,Amethi C.S.M.Nagar,0.77,0.74,961.0
2026,2014,12,Uttar Pradesh,Amethi C.S.M.Nagar,0.16,0.2,1250.0
2026,2015,12,Uttar Pradesh,Amethi C.S.M.Nagar,0.21,0.11,524.0
2026,2016,12,Uttar Pradesh,Amethi C.S.M.Nagar,0.42,0.34,801.0
2026,2017,12,Uttar Pradesh,Amethi C.S.M.Nagar,0.46,0.9,1974.0
2026,2018,12,Uttar Pradesh,Amethi C.S.M.Nagar,0.39,0.8,2068.0
2026,2019,12,Uttar Pradesh,Amethi C.S.M.Nagar,0.43,0.92,2162.0
2031,2011,12,Uttar Pradesh,Sambhal,74.78,106.63,1426.0
2031,2012,12,Uttar Pradesh,Sambhal,70.84,88.62,1251.0
2031,2013,12,Uttar Pradesh,Sambhal,72.57,100.56,1386.0
2031,2014,12,Uttar Pradesh,Sambhal,74.35,111.75,1503.0
2031,2015,12,Uttar Pradesh,Sambhal,71.79,103.45,1441.0
2031,2016,12,Uttar Pradesh,Sambhal,66.84,102.19,1529.0
2031,2017,12,Uttar Pradesh,Sambhal,72.91,101.57,1393.0
2031,2018,12,Uttar Pradesh,Sambhal,78.77,121.46,1542.0
2031,2019,12,Uttar Pradesh,Sambhal,71.9,100.16,1393.0
2033,2011,12,Uttar Pradesh,Hapur,0.01,0.02,2000.0
2033,2012,12,Uttar Pradesh,Hapur,0.01,0.03,3000.0
2035,2014,14,Chhattisgarh,Baloda Bazar,0.01,0.01,1000.0
2036,2019,14,Chhattisgarh,Balrampur,0.05,0.02,500.0
2038,2011,14,Chhattisgarh,Gariaband,0.01,0.01,1000.0
2038,2012,14,Chhattisgarh,Gariaband,0.01,0.01,1000.0
2043,2012,9,Punjab,Fazilka,1.0,1.0,1000.0
2043,2017,9,Punjab,Fazilka,0.2,0.1,500.0
2043,2018,9,Punjab,Fazilka,0.1,0.1,1000.0
2050,2014,3,Gujarat,Aravalli,7.66,15.16,1979.0
2050,2015,3,Gujarat,Aravalli,3.99,7.34,1840.0
2050,2016,3,Gujarat,Aravalli,4.12,9.18,2232.0
2050,2017,3,Gujarat,Aravalli,3.54,9.17,2595.0
2050,2018,3,Gujarat,Aravalli,2.85,5.2,1823.0
2050,2019,3,Gujarat,Aravalli,5.1,13.87,2720.0
2051,2014,3,Gujarat,Botad,0.8,2.04,2550.0
2051,2015,3,Gujarat,Botad,0.72,1.87,2597.0
2051,2016,3,Gujarat,Botad,0.69,1.04,1514.0
2051,2017,3,Gujarat,Botad,0.75,1.35,1802.0
2051,2018,3,Gujarat,Botad,0.44,0.74,1681.0
2051,2019,3,Gujarat,Botad,1.0,2.49,2483.0
2052,2014,3,Gujarat,Chhota Udaipur,0.03,0.09,3000.0
2052,2016,3,Gujarat,Chhota Udaipur,0.01,0.03,2500.0
2052,2017,3,Gujarat,Chhota Udaipur,0.05,0.16,2925.0
2052,2019,3,Gujarat,Chhota Udaipur,0.01,0.04,2857.0
2053,2014,3,Gujarat,Devbhoomi Dwarka,0.63,1.08,1714.0
2053,2015,3,Gujarat,Devbhoomi Dwarka,0.17,0.28,1647.0
2053,2016,3,Gujarat,Devbhoomi Dwarka,0.28,0.43,1532.0
2053,2017,3,Gujarat,Devbhoomi Dwarka,0.09,0.17,1860.0
2053,2018,3,Gujarat,Devbhoomi Dwarka,0.05,0.07,1396.0
2053,2019,3,Gujarat,Devbhoomi Dwarka,0.31,0.9,2872.0
2054,2014,3,Gujarat,Gir Somnath,7.46,22.87,3066.0
2054,2015,3,Gujarat,Gir Somnath,4.27,10.25,2400.0
2054,2016,3,Gujarat,Gir Somnath,8.11,17.5,2157.0
2054,2017,3,Gujarat,Gir Somnath,4.54,14.42,3174.0
2054,2018,3,Gujarat,Gir Somnath,5.45,16.05,2946.0
2054,2019,3,Gujarat,Gir Somnath,8.41,25.67,3054.0
2055,2014,3,Gujarat,Mahi Sagar,14.6,22.5,1541.0
2055,2015,3,Gujarat,Mahi Sagar,11.02,15.66,1421.0
2055,2016,3,Gujarat,Mahi Sagar,10.85,17.36,1600.0
2055,2017,3,Gujarat,Mahi Sagar,7.57,9.18,1212.0
2055,2018,3,Gujarat,Mahi Sagar,6.86,14.46,2107.0
2055,2019,3,Gujarat,Mahi Sagar,5.25,10.66,2029.0
2056,2014,3,Gujarat,Morbi,2.95,4.33,1468.0
2056,2015,3,Gujarat,Morbi,2.89,3.85,1332.0
2056,2016,3,Gujarat,Morbi,1.6,2.71,1688.0
2056,2017,3,Gujarat,Morbi,0.57,0.93,1631.0
2056,2018,3,Gujarat,Morbi,7.89,5.58,708.0
2056,2019,3,Gujarat,Morbi,6.13,4.12,672.0
2057,2017,4,Haryana,Charkhi Dadri,40.4,30.0,743.0
2057,2018,4,Haryana,Charkhi Dadri,37.0,68.0,1838.0
2057,2019,4,Haryana,Charkhi Dadri,55.2,109.3,1980.0
2058,2014,6,Madhya Pradesh,Agar Malwa,2.0,3.0,1500.0
2058,2018,6,Madhya Pradesh,Agar Malwa,0.01,0.01,1083.0
2103,2017,20,Telangana,Nirmal,1.14,1.2,1057.07
2103,2018,20,Telangana,Nirmal,0.76,0.38,497.0
2104,2016,20,Telangana,Jagityal,9.37,8.15,869.96
2104,2017,20,Telangana,Jagityal,1.91,2.02,1057.01
2104,2018,20,Telangana,Jagityal,1.62,0.81,497.0
2104,2019,20,Telangana,Jagityal,1.23,1.49,1215.62
2105,2016,20,Telangana,Peddapally,2.62,2.28,869.13
2107,2016,20,Telangana,Bhadradri,0.03,0.02,857.14
2108,2016,20,Telangana,Jogulamba,1.18,1.25,1061.07
2108,2017,20,Telangana,Jogulamba,0.38,0.44,1168.87
2108,2018,20,Telangana,Jogulamba,0.32,0.16,503.0
2108,2019,20,Telangana,Jogulamba,0.35,0.53,1502.86
2109,2016,20,Telangana,Nagarkurnool,0.46,0.48,1061.4
2109,2017,20,Telangana,Nagarkurnool,0.27,0.28,1055.76
2109,2019,20,Telangana,Nagarkurnool,0.09,0.11,1215.05
2111,2016,20,Telangana,Sangareddy,0.24,0.21,870.83
2111,2017,20,Telangana,Sangareddy,0.1,0.1,1060.61
2111,2018,20,Telangana,Sangareddy,0.13,0.06,496.0
2111,2019,20,Telangana,Sangareddy,0.12,0.06,466.1
2114,2016,20,Telangana,Yadadri Bhuvanagiri,0.03,0.02,586.21
2117,2016,20,Telangana,Vikarabad,0.01,0.01,857.14
2117,2019,20,Telangana,Vikarabad,0.06,0.07,1210.53
