dist_code,dist_name,state_name,year,rainfall_jun,rainfall_jul,rainfall_aug,rainfall_sep,rainfall_kharif,rainfall_annual
1,Durg,Chhattisgarh,1990,8.95,8.3,10.8,10.47,38.52,52.11
1,Durg,Chhattisgarh,1991,7.24,9.71,12.45,3.42,32.82,34.39
1,Durg,Chhattisgarh,1992,3.18,9.95,14.89,6.13,34.15,36.48
1,Durg,Chhattisgarh,1993,6.35,15.76,12.68,6.93,41.72,44.78
1,Durg,Chhattisgarh,1994,10.78,17.21,11.93,9.67,49.59,54.28
1,Durg,Chhattisgarh,1995,3.56,15.02,9.85,6.8,35.23,42.63
1,Durg,Chhattisgarh,1996,3.2,10.76,10.26,3.62,27.84,31.96
1,Durg,Chhattisgarh,1997,3.59,12.38,13.72,2.09,31.78,38.54
1,Durg,Chhattisgarh,1998,3.56,5.53,7.6,5.86,22.549999999999997,30.96
1,Durg,Chhattisgarh,1999,4.77,6.01,14.65,7.35,32.78,35.28
1,Durg,Chhattisgarh,2000,10.76,10.39,5.0,2.52,28.669999999999998,31.18
1,Durg,Chhattisgarh,2001,11.5,9.6,9.57,4.32,34.99,40.66
1,Durg,Chhattisgarh,2002,7.52,3.92,10.15,2.49,24.08,27.32
1,Durg,Chhattisgarh,2003,2.91,11.8,16.16,10.64,41.510000000000005,49.76
1,Durg,Chhattisgarh,2004,8.32,9.6,5.85,7.03,30.800000000000004,35.41
1,Durg,Chhattisgarh,2005,4.13,17.87,11.17,10.74,43.910000000000004,52.56
1,Durg,Chhattisgarh,2006,2.71,11.72,10.69,9.19,34.309999999999995,39.9
1,Durg,Chhattisgarh,2007,20.5,10.57,8.94,6.99,47.0,49.79
1,Durg,Chhattisgarh,2008,7.89,6.13,8.01,11.65,33.68,36.13
1,Durg,Chhattisgarh,2009,2.13,19.54,9.06,2.82,33.55,37.92
1,Durg,Chhattisgarh,2010,4.87,15.02,7.64,9.71,37.24,44.03
1,Durg,Chhattisgarh,2011,6.37,12.31,15.39,12.33,46.4,52.01
1,Durg,Chhattisgarh,2012,8.37,18.82,16.32,7.86,51.37,55.06
1,Durg,Chhattisgarh,2013,12.61,17.71,12.73,5.6,48.65,55.87
1,Durg,Chhattisgarh,2014,2.97,16.55,7.69,9.15,36.36,42.92
1,Durg,Chhattisgarh,2015,10.0,7.41,9.01,8.16,34.58,37.6
1,Durg,Chhattisgarh,2016,6.0,11.99,7.92,12.03,37.940000000000005,42.14
1,Durg,Chhattisgarh,2017,6.02,12.17,8.48,6.96,33.629999999999995,36.58
1,Durg,Chhattisgarh,2018,5.01,11.07,12.71,3.1,31.89,36.980000000000004
1,Durg,Chhattisgarh,2019,4.63,11.57,13.18,15.85,45.23,50.03
3,Raipur,Chhattisgarh,1990,8.79,8.06,10.59,10.48,37.92,51.61
3,Raipur,Chhattisgarh,1991,7.16,9.4,12.16,3.44,32.160000000000004,33.69
3,Raipur,Chhattisgarh,1992,3.08,9.77,14.65,6.06,33.56,35.93
3,Raipur,Chhattisgarh,1993,6.23,15.47,12.55,6.61,40.86,43.830000000000005
3,Raipur,Chhattisgarh,1994,10.62,16.72,11.58,9.47,48.38999999999999,53.03
3,Raipur,Chhattisgarh,1995,3.45,14.76,9.59,6.58,34.38,41.71
3,Raipur,Chhattisgarh,1996,3.08,10.36,10.0,3.38,26.819999999999997,30.88
3,Raipur,Chhattisgarh,1997,3.47,12.19,13.29,1.97,30.919999999999998,37.58
3,Raipur,Chhattisgarh,1998,3.47,5.36,7.31,5.65,21.79,30.1
3,Raipur,Chhattisgarh,1999,4.64,5.77,14.5,7.18,32.09,34.5
3,Raipur,Chhattisgarh,2000,10.79,10.18,4.89,2.43,28.29,30.799999999999997
3,Raipur,Chhattisgarh,2001,11.39,9.35,9.3,4.3,34.34,39.92
3,Raipur,Chhattisgarh,2002,7.29,3.86,9.79,2.36,23.299999999999997,26.5
3,Raipur,Chhattisgarh,2003,2.55,11.59,15.91,10.51,40.56,48.83
3,Raipur,Chhattisgarh,2004,8.29,9.35,5.57,7.09,30.3,34.89
3,Raipur,Chhattisgarh,2005,3.94,17.57,11.07,10.54,43.12,51.73
3,Raipur,Chhattisgarh,2006,2.63,11.43,10.41,9.01,33.48,39.019999999999996
3,Raipur,Chhattisgarh,2007,20.5,10.37,8.82,6.7,46.39,49.17
3,Raipur,Chhattisgarh,2008,7.71,5.78,7.79,11.54,32.82,35.2
3,Raipur,Chhattisgarh,2009,2.01,19.34,8.83,2.76,32.94,37.23
3,Raipur,Chhattisgarh,2010,4.82,14.73,7.16,9.53,36.24,43.12
3,Raipur,Chhattisgarh,2011,6.27,12.19,15.09,12.18,45.73,51.36
3,Raipur,Chhattisgarh,2012,8.39,18.46,16.13,7.6,50.580000000000005,54.31
3,Raipur,Chhattisgarh,2013,12.44,17.18,12.5,5.52,47.64,54.66
3,Raipur,Chhattisgarh,2014,2.92,16.3,7.49,9.08,35.79,42.33
3,Raipur,Chhattisgarh,2015,9.57,8.46,9.4,8.59,36.019999999999996,39.15
3,Raipur,Chhattisgarh,2016,5.23,11.6,8.67,11.31,36.81,41.45
3,Raipur,Chhattisgarh,2017,6.42,12.76,9.1,7.41,35.69,39.1
3,Raipur,Chhattisgarh,2018,4.02,11.26,13.63,3.72,32.63,38.04
3,Raipur,Chhattisgarh,2019,3.59,13.32,15.26,15.78,47.95,53.03
4,Bilaspur,Chhattisgarh,1990,9.31,8.37,8.88,10.03,36.59,47.6
4,Bilaspur,Chhattisgarh,1991,5.83,10.43,13.49,2.59,32.34,33.46
4,Bilaspur,Chhattisgarh,1992,3.05,9.24,12.49,6.41,31.19,33.71
4,Bilaspur,Chhattisgarh,1993,6.37,12.72,10.97,10.39,40.45,43.1
4,Bilaspur,Chhattisgarh,1994,12.34,15.17,10.9,8.31,46.72,50.44
4,Bilaspur,Chhattisgarh,1995,3.07,13.14,10.88,5.15,32.24,39.7
4,Bilaspur,Chhattisgarh,1996,3.94,10.89,11.36,2.37,28.56,33.61
4,Bilaspur,Chhattisgarh,1997,4.63,12.48,15.04,3.29,35.44,44.63
4,Bilaspur,Chhattisgarh,1998,3.01,6.05,6.71,7.94,23.71,32.31
4,Bilaspur,Chhattisgarh,1999,5.42,6.47,12.67,7.89,32.45,35.519999999999996
4,Bilaspur,Chhattisgarh,2000,8.66,8.74,3.38,3.49,24.269999999999996,26.87
4,Bilaspur,Chhattisgarh,2001,10.61,12.07,11.19,3.21,37.08,42.29
4,Bilaspur,Chhattisgarh,2002,7.09,3.0,10.35,4.32,24.759999999999998,28.43
4,Bilaspur,Chhattisgarh,2003,4.09,8.49,13.41,12.05,38.040000000000006,45.75
4,Bilaspur,Chhattisgarh,2004,9.11,8.27,8.0,5.4,30.78,36.36
4,Bilaspur,Chhattisgarh,2005,4.95,15.29,10.19,9.25,39.68,48.01
4,Bilaspur,Chhattisgarh,2006,2.27,10.6,9.45,6.57,28.89,34.74
4,Bilaspur,Chhattisgarh,2007,12.84,11.24,7.6,8.55,40.230000000000004,43.75
4,Bilaspur,Chhattisgarh,2008,8.8,8.27,7.16,8.99,33.22,35.89
4,Bilaspur,Chhattisgarh,2009,2.01,13.08,8.99,2.59,26.669999999999998,32.45
4,Bilaspur,Chhattisgarh,2010,3.36,10.96,7.13,9.61,31.06,36.38
4,Bilaspur,Chhattisgarh,2011,6.68,9.75,13.76,12.29,42.48,48.129999999999995
4,Bilaspur,Chhattisgarh,2012,5.38,14.95,13.78,6.08,40.19,45.199999999999996
4,Bilaspur,Chhattisgarh,2013,11.04,13.47,12.82,5.37,42.699999999999996,53.58
4,Bilaspur,Chhattisgarh,2014,3.1,12.45,8.9,7.29,31.74,41.02
4,Bilaspur,Chhattisgarh,2015,6.63,9.55,9.99,7.71,33.88,37.730000000000004
4,Bilaspur,Chhattisgarh,2016,4.08,11.2,11.09,9.59,35.959999999999994,41.519999999999996
4,Bilaspur,Chhattisgarh,2017,6.84,13.49,9.38,6.91,36.620000000000005,39.410000000000004
4,Bilaspur,Chhattisgarh,2018,4.54,12.15,11.34,3.2,31.23,35.81
4,Bilaspur,Chhattisgarh,2019,3.67,12.11,13.91,14.66,44.349999999999994,49.27
5,Raigarh,Chhattisgarh,1990,8.18,10.51,8.36,8.93,35.98,47.69
5,Raigarh,Chhattisgarh,1991,4.59,10.97,15.27,5.19,36.019999999999996,39.07
5,Raigarh,Chhattisgarh,1992,4.38,10.64,10.8,6.92,32.74,35.58
5,Raigarh,Chhattisgarh,1993,7.25,13.87,9.83,10.92,41.87,46.91
5,Raigarh,Chhattisgarh,1994,13.11,22.16,12.76,8.87,56.89999999999999,61.79
5,Raigarh,Chhattisgarh,1995,2.77,14.35,12.12,7.38,36.620000000000005,46.06
5,Raigarh,Chhattisgarh,1996,5.27,15.73,12.32,4.51,37.83,41.96
5,Raigarh,Chhattisgarh,1997,5.81,11.26,18.57,3.9,39.54,49.38
5,Raigarh,Chhattisgarh,1998,6.31,7.36,8.46,8.57,30.700000000000003,40.97
5,Raigarh,Chhattisgarh,1999,6.69,8.25,13.76,9.15,37.85,41.63
5,Raigarh,Chhattisgarh,2000,6.73,7.21,4.17,4.27,22.38,25.15
5,Raigarh,Chhattisgarh,2001,7.88,17.45,11.59,3.44,40.36,46.379999999999995
5,Raigarh,Chhattisgarh,2002,5.5,4.66,9.04,5.28,24.48,28.69
5,Raigarh,Chhattisgarh,2003,9.2,9.65,12.91,12.08,43.84,52.77
5,Raigarh,Chhattisgarh,2004,8.41,11.33,14.68,5.28,39.7,45.82
5,Raigarh,Chhattisgarh,2005,6.78,15.34,10.24,7.72,40.08,47.67
5,Raigarh,Chhattisgarh,2006,3.32,11.99,11.26,5.55,32.12,38.53
5,Raigarh,Chhattisgarh,2007,8.88,9.63,8.99,11.52,39.019999999999996,43.480000000000004
5,Raigarh,Chhattisgarh,2008,10.77,12.6,12.16,10.8,46.33,50.660000000000004
5,Raigarh,Chhattisgarh,2009,2.17,16.42,9.09,2.89,30.570000000000004,36.85
5,Raigarh,Chhattisgarh,2010,5.24,10.27,7.72,6.88,30.11,34.9
5,Raigarh,Chhattisgarh,2011,6.64,9.21,12.16,15.7,43.71,48.85
5,Raigarh,Chhattisgarh,2012,6.37,14.29,17.78,6.9,45.339999999999996,51.43
5,Raigarh,Chhattisgarh,2013,8.38,12.57,12.29,6.11,39.35,52.35
5,Raigarh,Chhattisgarh,2014,3.83,13.32,10.83,7.77,35.75,44.17
5,Raigarh,Chhattisgarh,2015,6.22,12.45,12.01,7.6,38.28,42.26
5,Raigarh,Chhattisgarh,2016,3.3,10.24,12.68,8.89,35.11,40.29
5,Raigarh,Chhattisgarh,2017,6.79,15.13,9.63,6.74,38.290000000000006,41.440000000000005
5,Raigarh,Chhattisgarh,2018,4.53,12.56,11.52,3.57,32.18,37.0
5,Raigarh,Chhattisgarh,2019,3.72,10.99,13.74,13.79,42.24,47.46
6,Surguja,Chhattisgarh,1990,9.33,11.47,8.44,8.46,37.7,48.04
6,Surguja,Chhattisgarh,1991,4.47,10.97,15.82,4.64,35.9,38.47
6,Surguja,Chhattisgarh,1992,4.21,9.64,10.43,7.0,31.28,34.49
6,Surguja,Chhattisgarh,1993,7.06,11.22,8.8,13.63,40.71,45.92
6,Surguja,Chhattisgarh,1994,12.61,18.36,12.4,7.93,51.3,56.589999999999996
6,Surguja,Chhattisgarh,1995,3.44,12.46,12.03,6.88,34.81,43.33
6,Surguja,Chhattisgarh,1996,6.06,13.33,12.83,3.81,36.03,41.0
6,Surguja,Chhattisgarh,1997,7.03,12.03,15.55,5.15,39.76,50.65
6,Surguja,Chhattisgarh,1998,5.26,8.15,8.22,10.06,31.690000000000005,42.26
6,Surguja,Chhattisgarh,1999,7.11,9.04,12.94,8.49,37.58,41.949999999999996
6,Surguja,Chhattisgarh,2000,6.6,7.18,3.94,5.65,23.369999999999997,26.4
6,Surguja,Chhattisgarh,2001,8.6,17.35,12.45,2.83,41.230000000000004,46.7
6,Surguja,Chhattisgarh,2002,6.24,4.28,10.2,6.68,27.4,32.21
6,Surguja,Chhattisgarh,2003,7.52,8.52,11.31,12.44,39.79,48.74
6,Surguja,Chhattisgarh,2004,9.91,9.23,13.98,4.58,37.7,44.35
6,Surguja,Chhattisgarh,2005,6.51,11.98,9.95,6.72,35.160000000000004,41.76
6,Surguja,Chhattisgarh,2006,3.81,11.76,10.41,4.84,30.82,37.18
6,Surguja,Chhattisgarh,2007,5.54,10.91,8.17,11.33,35.949999999999996,41.05
6,Surguja,Chhattisgarh,2008,12.34,12.11,10.46,7.02,41.92999999999999,45.79
6,Surguja,Chhattisgarh,2009,2.08,10.85,8.73,4.39,26.05,32.32
6,Surguja,Chhattisgarh,2010,3.74,8.18,7.36,8.1,27.380000000000003,31.38
6,Surguja,Chhattisgarh,2011,9.8,7.74,12.36,13.69,43.589999999999996,48.63
6,Surguja,Chhattisgarh,2012,3.78,13.13,15.82,6.65,39.38,45.89
6,Surguja,Chhattisgarh,2013,8.32,10.24,12.89,6.76,38.21,52.6
6,Surguja,Chhattisgarh,2014,3.82,10.07,10.75,6.53,31.17,41.77
6,Surguja,Chhattisgarh,2015,5.67,14.32,12.1,6.55,38.64,43.88
6,Surguja,Chhattisgarh,2016,2.16,11.38,18.51,7.63,39.68000000000001,45.760000000000005
6,Surguja,Chhattisgarh,2017,6.72,19.23,10.22,5.48,41.650000000000006,44.230000000000004
6,Surguja,Chhattisgarh,2018,4.1,14.27,10.36,3.84,32.56999999999999,36.6
6,Surguja,Chhattisgarh,2019,4.55,10.99,12.02,10.2,37.76,42.96
7,Jabalpur,Madhya Pradesh,1990,14.11,11.18,10.08,12.16,47.53,51.57
7,Jabalpur,Madhya Pradesh,1991,4.26,14.14,14.3,0.98,33.68,33.96
7,Jabalpur,Madhya Pradesh,1992,3.19,6.72,14.98,8.19,33.08,35.12
7,Jabalpur,Madhya Pradesh,1993,7.4,7.92,14.11,12.84,42.269999999999996,44.75
7,Jabalpur,Madhya Pradesh,1994,7.74,27.73,20.67,2.64,58.78,60.660000000000004
7,Jabalpur,Madhya Pradesh,1995,2.7,13.37,11.4,4.23,31.7,38.04
7,Jabalpur,Madhya Pradesh,1996,1.16,10.15,10.44,1.95,23.7,28.81
7,Jabalpur,Madhya Pradesh,1997,3.75,14.04,11.18,5.25,34.22,44.94
7,Jabalpur,Madhya Pradesh,1998,3.76,7.44,6.94,7.57,25.71,31.98
7,Jabalpur,Madhya Pradesh,1999,4.17,14.89,12.72,14.16,45.94,49.64
7,Jabalpur,Madhya Pradesh,2000,6.26,11.8,4.58,4.33,26.97,28.45
7,Jabalpur,Madhya Pradesh,2001,9.53,18.5,10.28,2.48,40.79,44.87
7,Jabalpur,Madhya Pradesh,2002,3.84,3.02,18.54,6.98,32.379999999999995,36.32
7,Jabalpur,Madhya Pradesh,2003,7.71,9.52,15.7,18.43,51.36,55.589999999999996
7,Jabalpur,Madhya Pradesh,2004,7.49,10.74,13.02,3.14,34.39,38.18
7,Jabalpur,Madhya Pradesh,2005,4.93,25.25,10.83,11.04,52.05,56.629999999999995
7,Jabalpur,Madhya Pradesh,2006,3.32,11.35,10.96,3.4,29.03,33.18
7,Jabalpur,Madhya Pradesh,2007,4.09,12.11,10.7,6.05,32.949999999999996,36.72
7,Jabalpur,Madhya Pradesh,2008,12.36,12.75,9.37,4.39,38.87,40.75
7,Jabalpur,Madhya Pradesh,2009,2.15,12.09,9.35,11.19,34.78,41.699999999999996
7,Jabalpur,Madhya Pradesh,2010,2.94,12.82,13.19,15.39,44.34,47.52
7,Jabalpur,Madhya Pradesh,2011,9.76,16.84,11.56,10.89,49.050000000000004,51.86
7,Jabalpur,Madhya Pradesh,2012,4.97,18.67,14.18,4.9,42.72,44.910000000000004
7,Jabalpur,Madhya Pradesh,2013,14.81,15.12,24.38,4.06,58.370000000000005,66.42
7,Jabalpur,Madhya Pradesh,2014,4.71,11.41,5.87,8.16,30.150000000000002,36.99
7,Jabalpur,Madhya Pradesh,2015,3.77,10.95,10.21,3.27,28.2,35.37
7,Jabalpur,Madhya Pradesh,2016,4.15,18.95,14.16,3.83,41.09,44.09
7,Jabalpur,Madhya Pradesh,2017,3.97,12.4,5.81,5.8,27.98,29.73
7,Jabalpur,Madhya Pradesh,2018,3.52,12.81,12.21,3.93,32.470000000000006,34.33
7,Jabalpur,Madhya Pradesh,2019,3.09,11.8,17.64,16.14,48.67,51.67
8,Balaghat,Madhya Pradesh,1990,10.96,9.61,9.65,10.47,40.69,50.04
8,Balaghat,Madhya Pradesh,1991,5.96,12.19,13.74,2.04,33.93,34.72
8,Balaghat,Madhya Pradesh,1992,3.18,9.11,14.35,6.84,33.480000000000004,35.88
8,Balaghat,Madhya Pradesh,1993,7.05,12.63,12.09,10.95,42.72,45.72
8,Balaghat,Madhya Pradesh,1994,10.61,19.06,14.07,7.97,51.709999999999994,55.62
8,Balaghat,Madhya Pradesh,1995,3.44,13.98,11.22,5.92,34.56,41.620000000000005
8,Balaghat,Madhya Pradesh,1996,2.58,10.45,10.88,2.67,26.58,31.9
8,Balaghat,Madhya Pradesh,1997,4.33,12.99,13.82,4.09,35.230000000000004,44.75
8,Balaghat,Madhya Pradesh,1998,3.39,6.62,7.66,7.91,25.580000000000002,33.94
8,Balaghat,Madhya Pradesh,1999,5.06,9.06,13.6,9.97,37.69,41.3
8,Balaghat,Madhya Pradesh,2000,8.4,10.33,4.29,3.64,26.66,28.990000000000002
8,Balaghat,Madhya Pradesh,2001,10.94,13.33,11.14,3.53,38.94,44.45
8,Balaghat,Madhya Pradesh,2002,7.26,3.38,12.97,4.83,28.439999999999998,32.21
8,Balaghat,Madhya Pradesh,2003,5.85,9.89,14.93,13.15,43.82,50.53
8,Balaghat,Madhya Pradesh,2004,8.5,9.73,9.24,4.89,32.36,37.17
8,Balaghat,Madhya Pradesh,2005,5.43,18.43,10.47,10.65,44.98,52.71
8,Balaghat,Madhya Pradesh,2006,2.98,11.86,10.4,6.84,32.08,37.48
8,Balaghat,Madhya Pradesh,2007,12.01,11.9,8.79,8.16,40.86,44.21
8,Balaghat,Madhya Pradesh,2008,9.9,9.68,8.05,8.32,35.95,38.43
8,Balaghat,Madhya Pradesh,2009,2.56,14.27,9.66,4.89,31.38,37.21
8,Balaghat,Madhya Pradesh,2010,3.75,12.88,10.34,11.57,38.540000000000006,43.52
8,Balaghat,Madhya Pradesh,2011,7.47,11.99,14.3,11.9,45.660000000000004,50.43
8,Balaghat,Madhya Pradesh,2012,5.76,17.55,13.85,7.16,44.32000000000001,48.26
8,Balaghat,Madhya Pradesh,2013,13.56,16.29,15.79,5.23,50.870000000000005,60.589999999999996
8,Balaghat,Madhya Pradesh,2014,3.6,13.69,8.29,7.81,33.39,41.46
8,Balaghat,Madhya Pradesh,2015,7.46,8.36,10.23,6.56,32.61,37.5
8,Balaghat,Madhya Pradesh,2016,4.76,12.39,9.29,6.67,33.11,36.72
8,Balaghat,Madhya Pradesh,2017,4.8,13.02,7.23,5.03,30.080000000000002,32.2
8,Balaghat,Madhya Pradesh,2018,4.37,13.43,9.16,3.09,30.05,33.85
8,Balaghat,Madhya Pradesh,2019,3.03,10.22,13.73,14.75,41.730000000000004,46.300000000000004
9,Chhindwara,Madhya Pradesh,1990,10.79,9.42,11.55,8.04,39.8,45.56
9,Chhindwara,Madhya Pradesh,1991,5.84,11.14,11.44,0.43,28.85,29.23
9,Chhindwara,Madhya Pradesh,1992,2.8,6.1,13.18,4.49,26.57,29.5
9,Chhindwara,Madhya Pradesh,1993,6.25,13.06,8.34,11.84,39.49,44.07
9,Chhindwara,Madhya Pradesh,1994,8.54,15.63,15.09,7.92,47.18000000000001,51.94
9,Chhindwara,Madhya Pradesh,1995,3.03,12.94,7.34,8.09,31.4,37.089999999999996
9,Chhindwara,Madhya Pradesh,1996,1.43,11.67,11.57,5.87,30.540000000000003,35.34
9,Chhindwara,Madhya Pradesh,1997,4.34,10.28,10.3,4.9,29.82,40.82
9,Chhindwara,Madhya Pradesh,1998,4.67,9.04,9.33,7.34,30.38,36.83
9,Chhindwara,Madhya Pradesh,1999,4.37,10.89,9.48,8.86,33.6,39.05
9,Chhindwara,Madhya Pradesh,2000,4.6,12.63,7.28,2.52,27.03,29.580000000000002
9,Chhindwara,Madhya Pradesh,2001,9.76,9.09,7.95,2.79,29.59,36.4
9,Chhindwara,Madhya Pradesh,2002,7.66,2.88,15.14,3.67,29.35,32.79
9,Chhindwara,Madhya Pradesh,2003,8.91,12.82,10.95,8.87,41.55,45.21
9,Chhindwara,Madhya Pradesh,2004,3.86,9.8,10.06,2.4,26.119999999999997,29.16
9,Chhindwara,Madhya Pradesh,2005,4.69,17.49,5.72,10.64,38.54,43.5
9,Chhindwara,Madhya Pradesh,2006,4.01,13.61,19.22,8.69,45.529999999999994,51.599999999999994
9,Chhindwara,Madhya Pradesh,2007,6.73,11.45,7.71,8.1,33.99,35.839999999999996
9,Chhindwara,Madhya Pradesh,2008,7.17,8.95,7.14,6.6,29.86,31.919999999999998
9,Chhindwara,Madhya Pradesh,2009,4.89,14.29,6.43,4.78,30.39,38.0
9,Chhindwara,Madhya Pradesh,2010,4.68,12.18,14.42,7.56,38.84,43.66
9,Chhindwara,Madhya Pradesh,2011,6.95,10.64,12.65,7.71,37.95,39.93
9,Chhindwara,Madhya Pradesh,2012,4.26,15.61,11.7,8.65,40.22,41.5
9,Chhindwara,Madhya Pradesh,2013,15.54,18.35,11.58,3.58,49.05,54.94
9,Chhindwara,Madhya Pradesh,2014,2.06,14.64,5.94,5.86,28.5,33.02
9,Chhindwara,Madhya Pradesh,2015,10.74,9.12,13.86,4.72,38.44,44.18
9,Chhindwara,Madhya Pradesh,2016,4.26,20.16,10.09,4.02,38.53,41.019999999999996
9,Chhindwara,Madhya Pradesh,2017,4.64,10.57,6.37,6.4,27.980000000000004,30.71
9,Chhindwara,Madhya Pradesh,2018,6.2,10.06,5.97,3.98,26.21,27.81
9,Chhindwara,Madhya Pradesh,2019,2.6,9.98,16.11,14.58,43.269999999999996,47.93
10,Narsinghpur,Madhya Pradesh,1990,13.09,10.52,11.38,12.3,47.290000000000006,50.77
10,Narsinghpur,Madhya Pradesh,1991,4.53,13.19,14.6,0.74,33.06,33.32
10,Narsinghpur,Madhya Pradesh,1992,2.69,5.86,14.95,6.58,30.08,32.25
10,Narsinghpur,Madhya Pradesh,1993,6.45,9.42,12.65,12.96,41.480000000000004,43.95
10,Narsinghpur,Madhya Pradesh,1994,8.42,23.77,19.79,3.21,55.19,57.53
10,Narsinghpur,Madhya Pradesh,1995,2.3,13.05,10.02,5.18,30.55,36.55
10,Narsinghpur,Madhya Pradesh,1996,1.09,13.01,11.82,3.28,29.200000000000003,33.78
10,Narsinghpur,Madhya Pradesh,1997,3.69,13.33,11.24,4.9,33.16,44.09
10,Narsinghpur,Madhya Pradesh,1998,4.31,8.15,7.66,7.09,27.21,32.46
10,Narsinghpur,Madhya Pradesh,1999,3.79,15.34,10.96,12.56,42.65,46.53
10,Narsinghpur,Madhya Pradesh,2000,4.86,13.1,6.13,3.24,27.33,28.85
10,Narsinghpur,Madhya Pradesh,2001,9.46,15.84,8.81,2.06,36.17,40.49
10,Narsinghpur,Madhya Pradesh,2002,3.75,2.63,18.92,5.79,31.09,34.54
10,Narsinghpur,Madhya Pradesh,2003,7.64,10.96,13.97,15.77,48.34,51.75
10,Narsinghpur,Madhya Pradesh,2004,5.52,10.5,13.24,2.39,31.65,34.93
10,Narsinghpur,Madhya Pradesh,2005,4.21,24.63,8.75,10.72,48.31,51.92
10,Narsinghpur,Madhya Pradesh,2006,3.28,11.76,16.6,4.58,36.22,40.910000000000004
10,Narsinghpur,Madhya Pradesh,2007,3.99,12.47,9.83,6.51,32.8,35.85
10,Narsinghpur,Madhya Pradesh,2008,10.93,11.39,8.86,4.55,35.73,37.42
10,Narsinghpur,Madhya Pradesh,2009,2.83,13.34,7.95,9.94,34.06,41.18
10,Narsinghpur,Madhya Pradesh,2010,3.2,12.22,12.53,12.55,40.5,44.34
10,Narsinghpur,Madhya Pradesh,2011,9.97,16.23,11.96,9.79,47.95,50.0
10,Narsinghpur,Madhya Pradesh,2012,4.52,17.51,14.83,4.77,41.629999999999995,42.96
10,Narsinghpur,Madhya Pradesh,2013,15.32,15.99,21.41,3.31,56.03,62.6
10,Narsinghpur,Madhya Pradesh,2014,3.76,12.44,5.8,7.18,29.18,34.93
10,Narsinghpur,Madhya Pradesh,2015,4.46,11.7,10.5,2.7,29.36,35.89
10,Narsinghpur,Madhya Pradesh,2016,4.07,22.8,12.93,2.95,42.75,45.050000000000004
10,Narsinghpur,Madhya Pradesh,2017,4.68,11.13,5.26,6.48,27.55,29.220000000000002
10,Narsinghpur,Madhya Pradesh,2018,3.97,13.7,9.86,4.19,31.72,33.14
10,Narsinghpur,Madhya Pradesh,2019,4.62,10.84,19.46,16.73,51.650000000000006,54.42
11,Seoni,Madhya Pradesh,1990,13.54,10.93,10.09,11.26,45.82,51.199999999999996
11,Seoni,Madhya Pradesh,1991,4.99,14.04,13.88,1.08,33.99,34.38
11,Seoni,Madhya Pradesh,1992,3.26,7.42,15.12,7.63,33.43,35.54
11,Seoni,Madhya Pradesh,1993,7.6,9.43,13.48,11.88,42.39,45.35
11,Seoni,Madhya Pradesh,1994,8.2,25.76,19.11,4.6,57.67,60.5
11,Seoni,Madhya Pradesh,1995,3.14,13.8,11.23,5.27,33.44,39.94
11,Seoni,Madhya Pradesh,1996,1.14,10.09,10.17,2.34,23.74,29.009999999999998
11,Seoni,Madhya Pradesh,1997,3.9,13.52,11.56,5.09,34.06999999999999,44.61
11,Seoni,Madhya Pradesh,1998,3.87,7.42,7.51,7.7,26.499999999999996,33.72
11,Seoni,Madhya Pradesh,1999,4.47,13.61,13.17,13.34,44.59,48.61
11,Seoni,Madhya Pradesh,2000,6.77,11.74,4.96,4.05,27.52,29.3
11,Seoni,Madhya Pradesh,2001,10.22,16.65,10.66,2.93,40.46,45.28
11,Seoni,Madhya Pradesh,2002,5.33,3.22,17.22,6.26,32.03,35.94
11,Seoni,Madhya Pradesh,2003,8.04,10.13,15.58,16.26,50.010000000000005,54.81
11,Seoni,Madhya Pradesh,2004,7.43,10.94,12.06,3.35,33.78,37.67
11,Seoni,Madhya Pradesh,2005,5.39,23.09,10.46,11.33,50.269999999999996,55.94
11,Seoni,Madhya Pradesh,2006,3.53,11.87,11.23,4.82,31.45,35.97
11,Seoni,Madhya Pradesh,2007,6.27,12.26,10.23,6.84,35.6,39.03
11,Seoni,Madhya Pradesh,2008,11.83,12.17,9.23,5.42,38.650000000000006,40.76
11,Seoni,Madhya Pradesh,2009,2.61,13.17,9.7,9.52,35.0,41.41
11,Seoni,Madhya Pradesh,2010,3.48,13.31,13.67,14.55,45.010000000000005,48.77
11,Seoni,Madhya Pradesh,2011,8.96,15.43,12.69,10.9,47.98,51.19
11,Seoni,Madhya Pradesh,2012,5.28,19.05,13.42,6.27,44.019999999999996,46.48
11,Seoni,Madhya Pradesh,2013,15.11,16.57,21.71,4.33,57.72,65.86
11,Seoni,Madhya Pradesh,2014,4.5,12.62,6.49,8.07,31.68,38.29
11,Seoni,Madhya Pradesh,2015,5.57,10.13,11.01,4.26,30.97,37.42
11,Seoni,Madhya Pradesh,2016,4.59,16.95,10.94,4.08,36.559999999999995,39.43
11,Seoni,Madhya Pradesh,2017,4.06,13.06,6.55,6.01,29.68,31.6
11,Seoni,Madhya Pradesh,2018,4.11,12.29,9.97,3.08,29.449999999999996,32.01
11,Seoni,Madhya Pradesh,2019,2.93,10.96,15.77,16.69,46.35,50.410000000000004
12,Mandla,Madhya Pradesh,1990,12.33,10.34,9.56,10.93,43.160000000000004,51.05
12,Mandla,Madhya Pradesh,1991,5.03,13.32,14.87,1.79,35.01,35.69
12,Mandla,Madhya Pradesh,1992,3.34,8.68,13.87,7.53,33.42,35.89
12,Mandla,Madhya Pradesh,1993,7.33,10.4,12.39,12.9,43.02,45.85
12,Mandla,Madhya Pradesh,1994,10.62,21.1,15.63,6.18,53.53,56.57
12,Mandla,Madhya Pradesh,1995,3.17,13.47,12.01,4.86,33.51,40.58
12,Mandla,Madhya Pradesh,1996,2.69,10.48,11.31,2.26,26.740000000000002,32.410000000000004
12,Mandla,Madhya Pradesh,1997,4.91,13.93,13.38,4.83,37.05,47.87
12,Mandla,Madhya Pradesh,1998,3.44,7.56,7.23,8.89,27.12,35.410000000000004
12,Mandla,Madhya Pradesh,1999,5.36,10.69,13.43,11.34,40.82,44.54
12,Mandla,Madhya Pradesh,2000,7.6,10.15,3.85,4.53,26.130000000000003,28.44
12,Mandla,Madhya Pradesh,2001,10.36,16.48,12.32,2.87,42.029999999999994,47.07
12,Mandla,Madhya Pradesh,2002,6.27,3.06,14.81,6.28,30.42,34.55
12,Mandla,Madhya Pradesh,2003,6.59,8.82,14.51,15.6,45.52,51.9
12,Mandla,Madhya Pradesh,2004,9.2,9.75,11.39,4.26,34.6,39.85
12,Mandla,Madhya Pradesh,2005,5.79,19.71,10.78,10.36,46.64,53.75
12,Mandla,Madhya Pradesh,2006,3.0,11.69,10.26,5.14,30.09,35.44
12,Mandla,Madhya Pradesh,2007,7.44,12.55,9.13,8.49,37.61000000000001,41.580000000000005
12,Mandla,Madhya Pradesh,2008,11.31,11.68,8.47,6.69,38.15,40.730000000000004
12,Mandla,Madhya Pradesh,2009,2.2,11.75,9.98,6.39,30.32,37.11
12,Mandla,Madhya Pradesh,2010,3.19,11.67,10.89,12.88,38.63,42.870000000000005
12,Mandla,Madhya Pradesh,2011,8.45,12.54,13.46,12.19,46.64,51.17
12,Mandla,Madhya Pradesh,2012,4.56,16.8,13.97,5.95,41.28,45.58
12,Mandla,Madhya Pradesh,2013,13.31,14.42,18.44,5.1,51.27,62.35
12,Mandla,Madhya Pradesh,2014,4.14,11.85,8.5,7.91,32.4,41.64
12,Mandla,Madhya Pradesh,2015,5.28,9.44,10.12,5.84,30.679999999999996,36.61
12,Mandla,Madhya Pradesh,2016,4.78,13.67,10.82,5.68,34.95,39.02
12,Mandla,Madhya Pradesh,2017,4.54,13.18,6.87,5.32,29.91,31.93
12,Mandla,Madhya Pradesh,2018,4.07,12.77,10.09,3.49,30.42,33.58
12,Mandla,Madhya Pradesh,2019,2.54,11.64,14.43,15.73,44.34,48.47
13,Sagar,Madhya Pradesh,1990,9.39,9.44,13.08,12.86,44.769999999999996,47.64
13,Sagar,Madhya Pradesh,1991,4.05,11.74,13.59,0.61,29.99,30.48
13,Sagar,Madhya Pradesh,1992,1.1,5.49,14.99,4.07,25.65,28.1
13,Sagar,Madhya Pradesh,1993,3.52,8.8,8.13,13.47,33.92,35.49
13,Sagar,Madhya Pradesh,1994,8.65,13.88,14.03,3.68,40.24,42.24
13,Sagar,Madhya Pradesh,1995,1.55,11.43,10.88,7.19,31.05,35.37
13,Sagar,Madhya Pradesh,1996,1.89,17.52,15.88,4.51,39.8,43.29
13,Sagar,Madhya Pradesh,1997,3.48,10.3,13.83,4.36,31.97,41.37
13,Sagar,Madhya Pradesh,1998,4.63,9.04,8.7,5.45,27.819999999999997,30.099999999999998
13,Sagar,Madhya Pradesh,1999,3.17,13.95,6.55,7.97,31.639999999999997,34.22
13,Sagar,Madhya Pradesh,2000,2.14,10.39,5.73,1.99,20.25,21.540000000000003
13,Sagar,Madhya Pradesh,2001,8.18,13.04,7.46,0.84,29.52,33.589999999999996
13,Sagar,Madhya Pradesh,2002,2.63,1.59,18.34,3.2,25.759999999999998,27.98
13,Sagar,Madhya Pradesh,2003,4.85,10.39,9.78,10.84,35.86,38.48
13,Sagar,Madhya Pradesh,2004,2.68,9.22,13.96,1.55,27.41,30.21
13,Sagar,Madhya Pradesh,2005,3.53,21.41,4.22,7.16,36.32,37.9
13,Sagar,Madhya Pradesh,2006,2.59,12.55,19.49,5.05,39.67999999999999,44.339999999999996
13,Sagar,Madhya Pradesh,2007,3.47,12.39,9.07,6.39,31.32,34.09
13,Sagar,Madhya Pradesh,2008,11.32,8.83,7.62,5.0,32.769999999999996,34.17
13,Sagar,Madhya Pradesh,2009,3.72,10.43,5.62,5.42,25.189999999999998,31.98
13,Sagar,Madhya Pradesh,2010,3.51,10.61,8.49,5.52,28.13,32.78
13,Sagar,Madhya Pradesh,2011,15.83,16.91,11.83,7.59,52.16,52.93
13,Sagar,Madhya Pradesh,2012,2.17,13.57,13.8,3.34,32.879999999999995,33.65
13,Sagar,Madhya Pradesh,2013,12.85,17.75,17.03,1.51,49.14,55.11
13,Sagar,Madhya Pradesh,2014,1.8,11.45,9.18,5.11,27.54,33.46
13,Sagar,Madhya Pradesh,2015,5.16,14.31,11.3,1.59,32.36,37.53
13,Sagar,Madhya Pradesh,2016,4.44,21.86,15.78,2.05,44.129999999999995,47.089999999999996
13,Sagar,Madhya Pradesh,2017,4.89,10.08,4.05,5.72,24.74,25.759999999999998
13,Sagar,Madhya Pradesh,2018,3.5,18.62,8.24,5.88,36.24,36.92
13,Sagar,Madhya Pradesh,2019,4.57,11.36,19.26,15.04,50.23,53.05
14,Damoh,Madhya Pradesh,1990,10.86,10.56,11.03,12.63,45.080000000000005,47.8
14,Damoh,Madhya Pradesh,1991,3.9,12.32,13.29,0.8,30.31,30.66
14,Damoh,Madhya Pradesh,1992,1.67,6.28,14.58,6.42,28.950000000000003,31.1
14,Damoh,Madhya Pradesh,1993,5.02,7.76,9.89,14.72,37.39,39.2
14,Damoh,Madhya Pradesh,1994,7.15,19.47,17.06,2.71,46.38999999999999,48.12
14,Damoh,Madhya Pradesh,1995,2.07,11.52,10.92,5.46,29.97,34.65
14,Damoh,Madhya Pradesh,1996,2.19,13.68,12.56,3.34,31.77,35.99
14,Damoh,Madhya Pradesh,1997,3.18,11.99,12.36,5.02,32.55,42.25
14,Damoh,Madhya Pradesh,1998,3.66,8.01,8.3,6.34,26.31,29.57
14,Damoh,Madhya Pradesh,1999,3.1,14.57,9.12,10.1,36.89,39.61
14,Damoh,Madhya Pradesh,2000,3.77,10.23,5.19,2.69,21.880000000000003,23.01
14,Damoh,Madhya Pradesh,2001,8.36,16.6,8.07,1.39,34.42,38.42
14,Damoh,Madhya Pradesh,2002,2.85,2.54,17.9,5.68,28.97,32.129999999999995
14,Damoh,Madhya Pradesh,2003,5.58,9.1,12.64,15.45,42.769999999999996,46.06
14,Damoh,Madhya Pradesh,2004,5.37,9.38,13.07,2.55,30.37,33.44
14,Damoh,Madhya Pradesh,2005,4.07,23.83,7.38,8.55,43.83,46.28
14,Damoh,Madhya Pradesh,2006,2.88,12.09,13.25,3.57,31.79,35.77
14,Damoh,Madhya Pradesh,2007,3.35,10.97,9.22,5.32,28.86,32.31
14,Damoh,Madhya Pradesh,2008,11.3,10.48,8.14,4.26,34.18,35.71
14,Damoh,Madhya Pradesh,2009,2.75,9.81,6.33,8.27,27.16,34.55
14,Damoh,Madhya Pradesh,2010,2.87,11.08,10.15,9.96,34.06,37.57
14,Damoh,Madhya Pradesh,2011,12.92,15.97,10.54,8.22,47.65,49.23
14,Damoh,Madhya Pradesh,2012,3.01,15.0,14.24,4.02,36.269999999999996,37.339999999999996
14,Damoh,Madhya Pradesh,2013,13.05,15.2,20.2,2.63,51.080000000000005,57.99
14,Damoh,Madhya Pradesh,2014,2.93,10.46,6.76,6.35,26.5,33.12
14,Damoh,Madhya Pradesh,2015,4.06,11.3,10.1,2.21,27.67,34.72
14,Damoh,Madhya Pradesh,2016,3.91,22.38,16.09,2.71,45.089999999999996,48.57
14,Damoh,Madhya Pradesh,2017,4.25,10.73,4.22,5.57,24.77,25.88
14,Damoh,Madhya Pradesh,2018,2.89,19.24,8.98,5.83,36.94,37.93
14,Damoh,Madhya Pradesh,2019,4.29,11.92,18.12,13.85,48.18,50.910000000000004
15,Tikamgarh,Madhya Pradesh,1990,4.02,8.99,8.57,11.21,32.79,35.27
15,Tikamgarh,Madhya Pradesh,1991,1.31,9.3,9.84,0.7,21.150000000000002,21.900000000000002
15,Tikamgarh,Madhya Pradesh,1992,0.27,5.02,11.85,4.36,21.5,24.27
15,Tikamgarh,Madhya Pradesh,1993,2.14,5.0,4.25,11.46,22.85,24.07
15,Tikamgarh,Madhya Pradesh,1994,4.56,10.04,8.71,2.55,25.86,27.13
15,Tikamgarh,Madhya Pradesh,1995,1.89,9.05,12.05,8.43,31.42,33.82
15,Tikamgarh,Madhya Pradesh,1996,2.04,14.06,11.68,4.56,32.34,35.96
15,Tikamgarh,Madhya Pradesh,1997,2.29,5.26,12.75,4.16,24.46,32.0
15,Tikamgarh,Madhya Pradesh,1998,3.04,8.13,7.09,4.22,22.48,23.82
15,Tikamgarh,Madhya Pradesh,1999,2.01,10.11,5.66,6.76,24.54,26.099999999999998
15,Tikamgarh,Madhya Pradesh,2000,0.88,4.69,3.44,1.43,10.44,11.06
15,Tikamgarh,Madhya Pradesh,2001,6.21,11.57,7.57,0.68,26.03,29.7
15,Tikamgarh,Madhya Pradesh,2002,1.81,1.05,12.67,3.22,18.75,20.67
15,Tikamgarh,Madhya Pradesh,2003,2.15,6.25,7.64,8.32,24.36,26.82
15,Tikamgarh,Madhya Pradesh,2004,1.72,7.17,11.18,1.86,21.93,24.49
15,Tikamgarh,Madhya Pradesh,2005,3.4,14.19,2.24,4.4,24.229999999999997,25.8
15,Tikamgarh,Madhya Pradesh,2006,3.04,8.83,8.31,3.29,23.47,26.3
15,Tikamgarh,Madhya Pradesh,2007,3.06,8.13,7.68,4.19,23.060000000000002,25.95
15,Tikamgarh,Madhya Pradesh,2008,10.94,7.88,7.58,5.06,31.459999999999997,32.699999999999996
15,Tikamgarh,Madhya Pradesh,2009,2.6,4.4,4.75,4.41,16.16,21.28
15,Tikamgarh,Madhya Pradesh,2010,3.2,8.47,7.76,5.36,24.79,28.61
15,Tikamgarh,Madhya Pradesh,2011,14.49,14.74,8.88,5.81,43.92,44.6
15,Tikamgarh,Madhya Pradesh,2012,0.96,10.25,9.12,3.82,24.15,25.14
15,Tikamgarh,Madhya Pradesh,2013,8.09,14.18,14.84,1.02,38.13,44.31
15,Tikamgarh,Madhya Pradesh,2014,1.23,7.98,9.41,4.67,23.29,29.080000000000002
15,Tikamgarh,Madhya Pradesh,2015,3.97,10.41,8.55,2.3,25.23,30.76
15,Tikamgarh,Madhya Pradesh,2016,3.1,13.85,11.51,0.76,29.220000000000002,31.97
15,Tikamgarh,Madhya Pradesh,2017,3.85,6.34,3.53,4.05,17.77,18.82
15,Tikamgarh,Madhya Pradesh,2018,2.14,12.64,8.98,6.48,30.240000000000002,30.84
15,Tikamgarh,Madhya Pradesh,2019,1.8,8.36,10.05,8.26,28.47,31.0
16,Chhatarpur,Madhya Pradesh,1990,4.95,9.56,8.14,10.62,33.27,35.88
16,Chhatarpur,Madhya Pradesh,1991,1.97,8.32,11.14,1.26,22.69,23.36
16,Chhatarpur,Madhya Pradesh,1992,0.46,6.18,11.58,5.95,24.169999999999998,26.580000000000002
16,Chhatarpur,Madhya Pradesh,1993,2.93,4.65,4.72,13.34,25.64,27.14
16,Chhatarpur,Madhya Pradesh,1994,4.52,11.01,11.25,2.41,29.19,30.78
16,Chhatarpur,Madhya Pradesh,1995,2.17,8.39,10.65,6.76,27.97,30.73
16,Chhatarpur,Madhya Pradesh,1996,3.17,10.98,10.11,4.39,28.65,32.92
16,Chhatarpur,Madhya Pradesh,1997,2.16,7.52,11.09,4.96,25.73,33.68
16,Chhatarpur,Madhya Pradesh,1998,2.4,7.95,8.3,5.09,23.74,25.59
16,Chhatarpur,Madhya Pradesh,1999,1.78,10.71,6.49,6.54,25.52,27.310000000000002
16,Chhatarpur,Madhya Pradesh,2000,1.86,5.93,4.59,1.59,13.969999999999999,14.84
16,Chhatarpur,Madhya Pradesh,2001,6.55,13.63,7.22,0.79,28.189999999999998,32.37
16,Chhatarpur,Madhya Pradesh,2002,2.21,2.1,12.13,5.57,22.01,24.82
16,Chhatarpur,Madhya Pradesh,2003,2.47,6.1,9.22,11.79,29.58,32.76
16,Chhatarpur,Madhya Pradesh,2004,3.98,6.73,10.02,2.86,23.59,26.27
16,Chhatarpur,Madhya Pradesh,2005,3.42,16.73,4.41,5.36,29.919999999999998,32.07
16,Chhatarpur,Madhya Pradesh,2006,3.28,9.65,6.56,2.42,21.909999999999997,24.85
16,Chhatarpur,Madhya Pradesh,2007,2.98,6.99,6.6,3.56,20.13,23.49
16,Chhatarpur,Madhya Pradesh,2008,9.19,8.79,7.91,4.55,30.439999999999998,31.869999999999997
16,Chhatarpur,Madhya Pradesh,2009,1.78,4.92,3.97,5.88,16.55,23.23
16,Chhatarpur,Madhya Pradesh,2010,2.42,7.78,7.81,6.85,24.86,27.99
16,Chhatarpur,Madhya Pradesh,2011,10.72,11.89,7.93,5.2,35.74,36.72
16,Chhatarpur,Madhya Pradesh,2012,1.16,9.81,10.86,4.25,26.08,27.25
16,Chhatarpur,Madhya Pradesh,2013,8.19,11.2,14.01,1.8,35.199999999999996,41.83
16,Chhatarpur,Madhya Pradesh,2014,1.4,7.37,6.28,5.01,20.060000000000002,26.52
16,Chhatarpur,Madhya Pradesh,2015,3.49,8.32,7.36,2.72,21.89,28.82
16,Chhatarpur,Madhya Pradesh,2016,2.99,15.14,13.84,1.55,33.52,36.45
16,Chhatarpur,Madhya Pradesh,2017,3.45,7.81,4.3,3.83,19.39,20.37
16,Chhatarpur,Madhya Pradesh,2018,1.98,13.78,9.22,7.16,32.14,33.26
16,Chhatarpur,Madhya Pradesh,2019,1.72,9.52,11.81,10.54,33.59,36.86
17,Panna,Madhya Pradesh,1990,8.92,11.18,9.59,10.94,40.63,43.3
17,Panna,Madhya Pradesh,1991,4.1,10.07,11.78,1.63,27.58,27.97
17,Panna,Madhya Pradesh,1992,0.96,8.11,13.53,8.27,30.87,32.65
17,Panna,Madhya Pradesh,1993,4.02,5.08,6.72,17.01,32.83,34.64
17,Panna,Madhya Pradesh,1994,4.85,14.72,15.61,3.21,38.39,40.39
17,Panna,Madhya Pradesh,1995,2.21,8.84,9.58,4.39,25.020000000000003,28.71
17,Panna,Madhya Pradesh,1996,4.47,8.33,9.95,3.62,26.37,30.82
17,Panna,Madhya Pradesh,1997,2.33,11.88,11.65,6.4,32.26,40.96
17,Panna,Madhya Pradesh,1998,1.85,7.54,10.12,6.26,25.769999999999996,28.34
17,Panna,Madhya Pradesh,1999,2.16,12.76,7.79,7.02,29.73,31.78
17,Panna,Madhya Pradesh,2000,3.73,7.64,5.25,2.71,19.33,20.349999999999998
17,Panna,Madhya Pradesh,2001,7.58,19.28,7.28,1.13,35.27,40.07
17,Panna,Madhya Pradesh,2002,3.01,3.75,14.84,8.07,29.67,33.61
17,Panna,Madhya Pradesh,2003,3.99,6.73,12.55,18.32,41.59,45.690000000000005
17,Panna,Madhya Pradesh,2004,7.66,7.49,10.83,3.92,29.9,32.77
17,Panna,Madhya Pradesh,2005,4.17,24.1,7.89,7.34,43.5,46.24
17,Panna,Madhya Pradesh,2006,2.56,12.71,6.53,2.03,23.830000000000002,27.12
17,Panna,Madhya Pradesh,2007,3.18,7.32,6.98,3.54,21.02,25.040000000000003
17,Panna,Madhya Pradesh,2008,8.71,9.45,7.69,3.56,29.41,31.22
17,Panna,Madhya Pradesh,2009,1.87,6.35,3.74,6.94,18.9,27.490000000000002
17,Panna,Madhya Pradesh,2010,1.62,9.39,8.47,8.45,27.930000000000003,30.44
17,Panna,Madhya Pradesh,2011,10.83,11.54,7.95,5.84,36.16,37.75
17,Panna,Madhya Pradesh,2012,1.79,12.17,14.48,4.99,33.43,34.75
17,Panna,Madhya Pradesh,2013,10.17,11.97,16.88,3.12,42.13999999999999,50.1
17,Panna,Madhya Pradesh,2014,2.29,7.82,4.89,5.78,20.78,28.39
17,Panna,Madhya Pradesh,2015,3.9,7.88,9.33,2.6,23.71,32.39
17,Panna,Madhya Pradesh,2016,2.7,20.72,17.95,3.76,45.129999999999995,48.269999999999996
17,Panna,Madhya Pradesh,2017,3.33,12.22,4.62,3.96,24.130000000000003,25.03
17,Panna,Madhya Pradesh,2018,2.19,14.19,9.61,6.44,32.43,33.8
17,Panna,Madhya Pradesh,2019,2.11,11.1,15.48,11.51,40.199999999999996,43.74
18,Rewa,Madhya Pradesh,1990,6.46,12.32,7.74,6.83,33.35,36.19
18,Rewa,Madhya Pradesh,1991,3.95,5.87,12.48,4.55,26.85,27.44
18,Rewa,Madhya Pradesh,1992,0.34,7.92,11.33,7.94,27.53,29.78
18,Rewa,Madhya Pradesh,1993,3.08,2.32,3.62,11.44,20.46,22.4
18,Rewa,Madhya Pradesh,1994,3.86,10.39,10.31,3.22,27.78,30.11
18,Rewa,Madhya Pradesh,1995,1.84,4.91,8.5,4.54,19.79,23.12
18,Rewa,Madhya Pradesh,1996,6.45,6.23,9.27,4.1,26.049999999999997,30.79
18,Rewa,Madhya Pradesh,1997,2.92,9.24,6.84,7.35,26.35,32.3
18,Rewa,Madhya Pradesh,1998,1.54,6.81,12.23,5.38,25.959999999999997,27.72
18,Rewa,Madhya Pradesh,1999,3.4,11.56,6.06,4.42,25.439999999999998,27.85
18,Rewa,Madhya Pradesh,2000,2.78,4.45,5.21,4.45,16.89,17.73
18,Rewa,Madhya Pradesh,2001,5.18,13.47,6.35,2.32,27.32,32.0
18,Rewa,Madhya Pradesh,2002,2.09,3.59,10.64,6.98,23.3,28.25
18,Rewa,Madhya Pradesh,2003,2.13,4.97,7.63,14.36,29.09,32.08
18,Rewa,Madhya Pradesh,2004,6.68,4.54,6.36,3.72,21.299999999999997,23.51
18,Rewa,Madhya Pradesh,2005,3.44,13.5,7.76,4.12,28.820000000000004,32.01
18,Rewa,Madhya Pradesh,2006,1.38,9.85,3.33,1.47,16.03,19.11
18,Rewa,Madhya Pradesh,2007,1.91,5.43,7.53,4.6,19.47,23.91
18,Rewa,Madhya Pradesh,2008,9.1,11.15,8.95,2.58,31.78,33.62
18,Rewa,Madhya Pradesh,2009,1.06,5.53,2.05,5.27,13.91,19.33
18,Rewa,Madhya Pradesh,2010,0.46,6.73,5.21,3.91,16.310000000000002,18.69
18,Rewa,Madhya Pradesh,2011,9.1,7.82,8.45,7.73,33.1,34.339999999999996
18,Rewa,Madhya Pradesh,2012,0.64,12.46,9.5,9.9,32.5,34.44
18,Rewa,Madhya Pradesh,2013,9.87,8.43,9.88,2.33,30.509999999999998,40.6
18,Rewa,Madhya Pradesh,2014,1.31,7.33,5.46,4.06,18.16,26.23
18,Rewa,Madhya Pradesh,2015,3.6,6.51,7.2,1.98,19.29,26.63
18,Rewa,Madhya Pradesh,2016,1.59,15.07,15.11,7.3,39.07,41.55
18,Rewa,Madhya Pradesh,2017,2.79,13.59,4.11,2.52,23.009999999999998,23.75
18,Rewa,Madhya Pradesh,2018,2.54,10.08,9.67,4.12,26.41,28.12
18,Rewa,Madhya Pradesh,2019,0.93,8.75,10.74,11.73,32.150000000000006,36.14
19,Sidhi,Madhya Pradesh,1990,9.44,11.02,9.28,9.14,38.88,44.31
19,Sidhi,Madhya Pradesh,1991,4.83,9.81,13.52,2.14,30.3,30.86
19,Sidhi,Madhya Pradesh,1992,1.57,9.14,12.72,8.46,31.89,34.2
19,Sidhi,Madhya Pradesh,1993,4.09,5.59,6.57,16.87,33.120000000000005,35.410000000000004
19,Sidhi,Madhya Pradesh,1994,6.93,12.68,13.25,5.01,37.87,40.75
19,Sidhi,Madhya Pradesh,1995,2.36,8.36,10.02,4.04,24.779999999999998,29.39
19,Sidhi,Madhya Pradesh,1996,5.69,8.09,10.42,3.45,27.650000000000002,32.77
19,Sidhi,Madhya Pradesh,1997,3.57,12.54,11.47,6.7,34.28,43.91
19,Sidhi,Madhya Pradesh,1998,1.73,7.66,10.18,7.79,27.36,31.9
19,Sidhi,Madhya Pradesh,1999,3.5,11.41,8.66,6.37,29.94,32.47
19,Sidhi,Madhya Pradesh,2000,4.66,6.75,4.67,4.5,20.58,22.15
19,Sidhi,Madhya Pradesh,2001,7.92,18.7,9.14,1.71,37.47,42.8
19,Sidhi,Madhya Pradesh,2002,4.13,3.86,13.26,8.08,29.33,33.94
19,Sidhi,Madhya Pradesh,2003,3.93,6.15,11.43,17.56,39.06999999999999,44.15
19,Sidhi,Madhya Pradesh,2004,9.45,6.7,10.13,4.26,30.54,34.36
19,Sidhi,Madhya Pradesh,2005,4.8,20.16,8.72,6.8,40.48,44.83
19,Sidhi,Madhya Pradesh,2006,2.09,12.52,6.1,2.55,23.26,27.63
19,Sidhi,Madhya Pradesh,2007,3.43,7.74,6.84,5.69,23.7,28.26
19,Sidhi,Madhya Pradesh,2008,9.22,10.5,7.77,3.94,31.43,33.79
19,Sidhi,Madhya Pradesh,2009,1.67,6.1,4.52,4.94,17.23,25.4
19,Sidhi,Madhya Pradesh,2010,1.38,8.48,7.42,7.7,24.98,27.76
19,Sidhi,Madhya Pradesh,2011,10.25,9.02,9.28,7.98,36.53,39.17
19,Sidhi,Madhya Pradesh,2012,1.49,12.38,13.95,6.37,34.19,37.46
19,Sidhi,Madhya Pradesh,2013,10.27,10.63,14.3,3.97,39.17,50.51
19,Sidhi,Madhya Pradesh,2014,2.46,7.91,6.76,5.77,22.900000000000002,32.87
19,Sidhi,Madhya Pradesh,2015,4.47,11.38,9.55,3.78,29.180000000000003,35.65
19,Sidhi,Madhya Pradesh,2016,1.75,13.67,15.45,7.14,38.01,41.85
19,Sidhi,Madhya Pradesh,2017,3.94,15.01,5.81,2.96,27.72,29.11
19,Sidhi,Madhya Pradesh,2018,3.26,11.52,10.14,3.67,28.590000000000003,30.83
19,Sidhi,Madhya Pradesh,2019,1.96,8.34,10.54,10.72,31.560000000000002,35.75
20,Satna,Madhya Pradesh,1990,8.62,11.87,9.54,9.49,39.519999999999996,42.669999999999995
20,Satna,Madhya Pradesh,1991,4.7,8.83,12.29,2.39,28.21,28.61
20,Satna,Madhya Pradesh,1992,0.73,8.91,13.49,8.93,32.06,33.77
20,Satna,Madhya Pradesh,1993,3.56,4.13,5.47,17.37,30.53,32.44
20,Satna,Madhya Pradesh,1994,4.69,12.34,14.43,3.85,35.31,37.69
20,Satna,Madhya Pradesh,1995,2.13,7.65,9.07,3.96,22.810000000000002,26.37
20,Satna,Madhya Pradesh,1996,5.79,6.96,9.57,3.85,26.17,30.68
20,Satna,Madhya Pradesh,1997,2.43,12.06,11.21,7.27,32.97,41.28
20,Satna,Madhya Pradesh,1998,1.36,7.4,11.32,6.34,26.419999999999998,28.91
20,Satna,Madhya Pradesh,1999,2.4,12.75,7.13,5.52,27.8,29.79
20,Satna,Madhya Pradesh,2000,3.66,6.73,5.44,3.47,19.3,20.330000000000002
20,Satna,Madhya Pradesh,2001,7.24,19.61,7.2,1.28,35.330000000000005,40.67
20,Satna,Madhya Pradesh,2002,3.08,4.22,13.96,8.66,29.92,34.46
20,Satna,Madhya Pradesh,2003,3.4,6.07,11.9,19.14,40.510000000000005,44.88
20,Satna,Madhya Pradesh,2004,8.53,6.62,9.87,4.38,29.399999999999995,32.16
20,Satna,Madhya Pradesh,2005,4.26,23.25,8.26,6.55,42.31999999999999,45.43
20,Satna,Madhya Pradesh,2006,2.07,13.11,5.08,1.72,21.979999999999997,25.33
20,Satna,Madhya Pradesh,2007,3.01,6.37,6.66,3.57,19.61,23.96
20,Satna,Madhya Pradesh,2008,8.1,9.56,7.85,3.19,28.7,30.69
20,Satna,Madhya Pradesh,2009,1.67,5.66,2.69,5.86,15.879999999999999,24.64
20,Satna,Madhya Pradesh,2010,1.08,8.8,7.33,6.97,24.18,26.51
20,Satna,Madhya Pradesh,2011,10.55,9.84,7.8,5.79,33.980000000000004,35.61
20,Satna,Madhya Pradesh,2012,1.3,12.04,14.63,6.43,34.4,36.16
20,Satna,Madhya Pradesh,2013,9.92,11.17,15.12,3.29,39.5,48.94
20,Satna,Madhya Pradesh,2014,2.02,7.37,4.9,5.39,19.68,28.27
20,Satna,Madhya Pradesh,2015,4.1,7.13,9.56,2.71,23.5,32.62
20,Satna,Madhya Pradesh,2016,1.94,18.97,18.38,6.36,45.65,48.739999999999995
20,Satna,Madhya Pradesh,2017,3.45,13.92,4.16,3.07,24.6,25.44
20,Satna,Madhya Pradesh,2018,2.59,11.59,10.54,5.42,30.14,32.0
20,Satna,Madhya Pradesh,2019,1.6,10.61,14.42,10.35,36.98,40.92
21,Shahdol,Madhya Pradesh,1990,10.34,10.0,8.64,9.17,38.15,45.83
21,Shahdol,Madhya Pradesh,1991,4.6,11.33,14.59,2.03,32.55,33.37
21,Shahdol,Madhya Pradesh,1992,2.74,8.84,11.53,7.61,30.72,33.72
21,Shahdol,Madhya Pradesh,1993,5.25,7.98,8.46,15.53,37.22,39.94
21,Shahdol,Madhya Pradesh,1994,9.97,14.38,12.11,6.05,42.51,45.63
21,Shahdol,Madhya Pradesh,1995,2.7,10.01,11.26,4.03,28.0,34.01
21,Shahdol,Madhya Pradesh,1996,4.76,9.71,11.37,2.69,28.53,34.27
21,Shahdol,Madhya Pradesh,1997,5.14,12.96,11.99,5.67,35.760000000000005,47.01
21,Shahdol,Madhya Pradesh,1998,2.46,7.95,7.91,9.41,27.73,34.77
21,Shahdol,Madhya Pradesh,1999,5.07,9.43,10.92,8.0,33.42,36.66
21,Shahdol,Madhya Pradesh,2000,6.09,7.17,3.47,4.93,21.66,24.009999999999998
21,Shahdol,Madhya Pradesh,2001,8.72,17.43,11.94,2.04,40.129999999999995,45.23
21,Shahdol,Madhya Pradesh,2002,5.7,3.07,12.6,7.15,28.519999999999996,33.13
21,Shahdol,Madhya Pradesh,2003,5.03,6.38,11.26,15.44,38.11,44.31
21,Shahdol,Madhya Pradesh,2004,10.2,7.34,10.82,4.08,32.44,37.9
21,Shahdol,Madhya Pradesh,2005,5.63,16.36,9.25,7.6,38.839999999999996,44.93
21,Shahdol,Madhya Pradesh,2006,2.3,11.46,7.82,3.63,25.21,30.69
21,Shahdol,Madhya Pradesh,2007,4.15,10.25,6.99,8.33,29.72,34.44
21,Shahdol,Madhya Pradesh,2008,10.41,11.35,7.49,5.18,34.43,37.23
21,Shahdol,Madhya Pradesh,2009,1.76,6.98,7.47,4.08,20.29,27.99
21,Shahdol,Madhya Pradesh,2010,2.05,8.21,8.0,9.31,27.57,31.0
21,Shahdol,Madhya Pradesh,2011,9.07,8.47,11.2,10.59,39.33,43.51
21,Shahdol,Madhya Pradesh,2012,2.01,12.4,13.16,5.61,33.18,38.05
21,Shahdol,Madhya Pradesh,2013,10.49,10.25,14.14,4.85,39.730000000000004,52.97
21,Shahdol,Madhya Pradesh,2014,3.2,8.57,8.76,6.42,26.950000000000003,38.26
21,Shahdol,Madhya Pradesh,2015,4.24,8.71,9.4,5.47,27.82,34.910000000000004
21,Shahdol,Madhya Pradesh,2016,2.98,12.91,14.91,6.89,37.69,42.7
21,Shahdol,Madhya Pradesh,2017,4.84,13.24,5.87,3.78,27.73,29.61
21,Shahdol,Madhya Pradesh,2018,4.42,11.51,11.36,4.95,32.24,34.7
21,Shahdol,Madhya Pradesh,2019,2.2,10.9,12.21,11.84,37.150000000000006,41.22
22,Gwalior,Madhya Pradesh,1990,1.81,8.88,4.8,9.29,24.78,27.89
22,Gwalior,Madhya Pradesh,1991,0.16,5.61,10.65,0.94,17.360000000000003,18.32
22,Gwalior,Madhya Pradesh,1992,0.08,5.34,8.42,5.38,19.22,22.73
22,Gwalior,Madhya Pradesh,1993,1.84,3.7,3.32,10.58,19.439999999999998,20.67
22,Gwalior,Madhya Pradesh,1994,4.2,9.18,7.48,1.16,22.02,23.19
22,Gwalior,Madhya Pradesh,1995,2.54,7.59,11.79,8.1,30.019999999999996,31.49
22,Gwalior,Madhya Pradesh,1996,2.9,12.46,8.31,5.5,29.17,33.82
22,Gwalior,Madhya Pradesh,1997,1.79,3.45,8.1,4.12,17.46,25.19
22,Gwalior,Madhya Pradesh,1998,2.43,8.84,6.24,4.78,22.29,24.06
22,Gwalior,Madhya Pradesh,1999,0.88,8.18,6.18,5.75,20.990000000000002,22.47
22,Gwalior,Madhya Pradesh,2000,0.49,5.27,3.29,0.78,9.83,10.53
22,Gwalior,Madhya Pradesh,2001,5.67,8.65,7.17,0.39,21.880000000000003,25.35
22,Gwalior,Madhya Pradesh,2002,1.61,0.64,7.25,4.84,14.34,17.0
22,Gwalior,Madhya Pradesh,2003,0.86,4.95,6.12,6.05,17.98,20.73
22,Gwalior,Madhya Pradesh,2004,1.26,5.22,8.16,2.46,17.1,19.82
22,Gwalior,Madhya Pradesh,2005,2.45,9.91,1.79,3.6,17.75,19.8
22,Gwalior,Madhya Pradesh,2006,5.13,5.22,3.41,1.76,15.52,17.4
22,Gwalior,Madhya Pradesh,2007,2.96,4.83,4.27,2.56,14.62,17.37
22,Gwalior,Madhya Pradesh,2008,8.2,8.93,8.43,5.2,30.759999999999998,31.88
22,Gwalior,Madhya Pradesh,2009,0.67,3.44,3.13,6.13,13.370000000000001,19.36
22,Gwalior,Madhya Pradesh,2010,2.88,5.18,7.92,8.67,24.65,27.91
22,Gwalior,Madhya Pradesh,2011,6.56,10.34,7.01,4.77,28.679999999999996,29.86
22,Gwalior,Madhya Pradesh,2012,1.12,8.4,10.58,4.51,24.61,26.05
22,Gwalior,Madhya Pradesh,2013,6.71,7.31,11.46,1.51,26.990000000000002,33.730000000000004
22,Gwalior,Madhya Pradesh,2014,0.78,7.62,6.32,4.34,19.060000000000002,25.68
22,Gwalior,Madhya Pradesh,2015,2.85,8.29,5.49,3.05,19.68,26.05
22,Gwalior,Madhya Pradesh,2016,2.38,10.31,9.41,0.5,22.6,24.51
22,Gwalior,Madhya Pradesh,2017,2.19,4.46,5.4,2.91,14.96,16.76
22,Gwalior,Madhya Pradesh,2018,2.66,8.09,7.77,5.16,23.68,24.68
22,Gwalior,Madhya Pradesh,2019,2.64,6.81,6.62,5.92,21.990000000000002,23.86
23,Shivpuri,Madhya Pradesh,1990,2.35,8.96,6.02,10.01,27.339999999999996,30.12
23,Shivpuri,Madhya Pradesh,1991,0.45,6.82,10.09,0.82,18.18,19.05
23,Shivpuri,Madhya Pradesh,1992,0.12,5.17,9.55,4.99,19.83,23.01
23,Shivpuri,Madhya Pradesh,1993,1.94,4.03,3.45,10.66,20.080000000000002,21.29
23,Shivpuri,Madhya Pradesh,1994,4.18,8.97,7.9,1.6,22.650000000000002,23.85
23,Shivpuri,Madhya Pradesh,1995,2.29,8.12,11.74,8.26,30.409999999999997,32.22
23,Shivpuri,Madhya Pradesh,1996,2.57,12.92,9.28,5.24,30.009999999999998,34.3
23,Shivpuri,Madhya Pradesh,1997,1.95,3.95,9.97,4.2,20.07,27.830000000000002
23,Shivpuri,Madhya Pradesh,1998,2.57,8.57,6.44,4.53,22.110000000000003,23.6
23,Shivpuri,Madhya Pradesh,1999,1.26,8.76,5.9,6.17,22.09,23.61
23,Shivpuri,Madhya Pradesh,2000,0.51,4.94,3.32,0.95,9.719999999999999,10.36
23,Shivpuri,Madhya Pradesh,2001,5.94,9.73,7.43,0.51,23.610000000000003,27.32
23,Shivpuri,Madhya Pradesh,2002,1.66,0.81,9.07,4.23,15.77,18.13
23,Shivpuri,Madhya Pradesh,2003,1.18,5.26,6.72,6.87,20.03,22.77
23,Shivpuri,Madhya Pradesh,2004,1.4,5.83,9.1,2.19,18.52,21.16
23,Shivpuri,Madhya Pradesh,2005,2.8,11.21,1.94,3.84,19.79,21.73
23,Shivpuri,Madhya Pradesh,2006,4.37,6.32,4.92,2.31,17.92,20.17
23,Shivpuri,Madhya Pradesh,2007,2.93,5.84,5.33,3.12,17.22,20.03
23,Shivpuri,Madhya Pradesh,2008,9.2,8.4,8.19,5.14,30.93,32.08
23,Shivpuri,Madhya Pradesh,2009,1.28,3.61,3.6,5.51,14.0,19.65
23,Shivpuri,Madhya Pradesh,2010,3.01,6.22,7.88,7.49,24.6,28.04
23,Shivpuri,Madhya Pradesh,2011,9.11,11.84,7.45,5.02,33.42,34.39
23,Shivpuri,Madhya Pradesh,2012,1.04,8.74,9.76,4.21,23.75,24.97
23,Shivpuri,Madhya Pradesh,2013,7.01,9.41,12.36,1.18,29.96,36.37
23,Shivpuri,Madhya Pradesh,2014,1.04,7.68,7.21,4.52,20.45,26.79
23,Shivpuri,Madhya Pradesh,2015,3.49,9.64,7.31,2.35,22.790000000000003,28.12
23,Shivpuri,Madhya Pradesh,2016,2.78,11.85,11.15,0.56,26.34,28.24
23,Shivpuri,Madhya Pradesh,2017,2.31,4.69,3.99,3.7,14.690000000000001,16.05
23,Shivpuri,Madhya Pradesh,2018,2.15,6.79,6.09,4.68,19.71,20.14
23,Shivpuri,Madhya Pradesh,2019,2.42,6.13,6.91,5.0,20.46,22.09
24,Guna,Madhya Pradesh,1990,6.02,8.76,11.31,11.99,38.08,40.57
24,Guna,Madhya Pradesh,1991,2.54,10.93,10.38,0.51,24.360000000000003,25.04
24,Guna,Madhya Pradesh,1992,0.4,4.91,13.89,3.33,22.53,25.12
24,Guna,Madhya Pradesh,1993,2.11,6.68,5.38,11.59,25.759999999999998,26.9
24,Guna,Madhya Pradesh,1994,6.03,10.24,9.13,3.56,28.959999999999997,30.450000000000003
24,Guna,Madhya Pradesh,1995,1.5,9.94,11.94,8.5,31.88,34.81
24,Guna,Madhya Pradesh,1996,1.54,16.72,14.82,4.0,37.08,40.12
24,Guna,Madhya Pradesh,1997,2.78,6.31,14.38,3.93,27.4,34.82
24,Guna,Madhya Pradesh,1998,3.93,8.2,7.64,3.95,23.72,24.91
24,Guna,Madhya Pradesh,1999,2.68,11.15,4.63,6.8,25.26,27.02
24,Guna,Madhya Pradesh,2000,0.98,5.57,3.94,1.59,12.08,12.98
24,Guna,Madhya Pradesh,2001,6.61,11.83,7.44,0.65,26.53,30.21
24,Guna,Madhya Pradesh,2002,1.96,0.99,15.46,1.96,20.37,21.86
24,Guna,Madhya Pradesh,2003,3.02,7.84,7.62,8.11,26.59,28.72
24,Guna,Madhya Pradesh,2004,1.36,8.19,12.88,1.33,23.759999999999998,26.240000000000002
24,Guna,Madhya Pradesh,2005,3.62,16.28,1.88,4.79,26.57,27.740000000000002
24,Guna,Madhya Pradesh,2006,2.21,10.72,13.44,4.45,30.819999999999997,34.44
24,Guna,Madhya Pradesh,2007,3.25,10.5,9.12,5.28,28.15,30.83
24,Guna,Madhya Pradesh,2008,12.15,7.36,7.03,5.12,31.660000000000004,32.980000000000004
24,Guna,Madhya Pradesh,2009,3.77,6.01,5.4,3.3,18.48,23.37
24,Guna,Madhya Pradesh,2010,3.54,9.96,7.35,3.37,24.220000000000002,28.71
24,Guna,Madhya Pradesh,2011,18.52,17.09,10.42,6.38,52.410000000000004,52.76
24,Guna,Madhya Pradesh,2012,1.0,11.41,9.18,3.33,24.92,25.68
24,Guna,Madhya Pradesh,2013,9.54,18.08,15.71,0.83,44.16,49.9
24,Guna,Madhya Pradesh,2014,1.25,9.02,11.16,4.46,25.89,31.2
24,Guna,Madhya Pradesh,2015,4.97,13.08,11.03,1.21,30.29,34.55
24,Guna,Madhya Pradesh,2016,3.63,17.57,13.87,1.13,36.2,38.75
24,Guna,Madhya Pradesh,2017,4.53,8.0,3.3,4.7,20.53,21.5
24,Guna,Madhya Pradesh,2018,2.74,13.69,7.93,5.78,30.14,30.53
24,Guna,Madhya Pradesh,2019,2.36,9.31,15.19,10.87,37.73,40.21
25,Datia,Madhya Pradesh,1990,1.81,8.82,4.75,8.94,24.32,27.38
25,Datia,Madhya Pradesh,1991,0.19,5.55,10.09,1.05,16.88,17.81
25,Datia,Madhya Pradesh,1992,0.11,5.24,8.15,5.22,18.72,22.12
25,Datia,Madhya Pradesh,1993,1.86,3.57,3.26,10.31,19.0,20.22
25,Datia,Madhya Pradesh,1994,4.07,9.05,7.22,1.21,21.55,22.71
25,Datia,Madhya Pradesh,1995,2.45,7.38,11.5,7.73,29.06,30.53
25,Datia,Madhya Pradesh,1996,2.82,11.93,8.11,5.34,28.2,32.66
25,Datia,Madhya Pradesh,1997,1.76,3.44,8.08,3.96,17.240000000000002,24.75
25,Datia,Madhya Pradesh,1998,2.36,8.61,6.04,4.66,21.669999999999998,23.349999999999998
25,Datia,Madhya Pradesh,1999,0.89,7.88,6.0,5.48,20.25,21.71
25,Datia,Madhya Pradesh,2000,0.54,5.07,3.18,0.79,9.580000000000002,10.280000000000001
25,Datia,Madhya Pradesh,2001,5.47,8.45,6.83,0.4,21.15,24.52
25,Datia,Madhya Pradesh,2002,1.56,0.66,7.04,4.64,13.899999999999999,16.49
25,Datia,Madhya Pradesh,2003,0.94,4.85,5.9,5.87,17.56,20.2
25,Datia,Madhya Pradesh,2004,1.28,5.1,8.09,2.38,16.849999999999998,19.55
25,Datia,Madhya Pradesh,2005,2.41,9.76,1.73,3.48,17.38,19.32
25,Datia,Madhya Pradesh,2006,4.96,5.23,3.44,1.73,15.360000000000001,17.19
25,Datia,Madhya Pradesh,2007,2.9,4.78,4.26,2.53,14.469999999999999,17.18
25,Datia,Madhya Pradesh,2008,8.03,8.62,8.04,5.0,29.689999999999998,30.819999999999997
25,Datia,Madhya Pradesh,2009,0.71,3.4,3.07,5.8,12.98,18.69
25,Datia,Madhya Pradesh,2010,2.76,5.12,7.65,8.15,23.68,26.96
25,Datia,Madhya Pradesh,2011,6.54,10.02,6.86,4.68,28.099999999999998,29.29
25,Datia,Madhya Pradesh,2012,1.07,8.2,10.37,4.38,24.02,25.389999999999997
25,Datia,Madhya Pradesh,2013,6.57,7.28,11.26,1.53,26.64,33.32
25,Datia,Madhya Pradesh,2014,0.93,7.37,6.3,4.14,18.740000000000002,25.12
25,Datia,Madhya Pradesh,2015,3.04,8.78,5.12,4.12,21.060000000000002,27.78
25,Datia,Madhya Pradesh,2016,2.38,10.1,8.17,0.66,21.31,23.849999999999998
25,Datia,Madhya Pradesh,2017,2.6,5.21,6.42,3.1,17.330000000000002,19.28
25,Datia,Madhya Pradesh,2018,2.85,11.13,10.66,5.16,29.8,31.060000000000002
25,Datia,Madhya Pradesh,2019,2.77,7.61,7.77,7.56,25.709999999999997,28.21
26,Morena,Madhya Pradesh,1990,1.66,8.51,4.06,8.07,22.3,25.93
26,Morena,Madhya Pradesh,1991,0.13,4.87,10.68,1.27,16.95,17.97
26,Morena,Madhya Pradesh,1992,0.09,5.24,7.69,5.17,18.189999999999998,21.55
26,Morena,Madhya Pradesh,1993,1.89,3.77,3.31,10.89,19.86,21.11
26,Morena,Madhya Pradesh,1994,4.03,9.91,6.88,0.96,21.78,23.080000000000002
26,Morena,Madhya Pradesh,1995,2.57,6.33,11.54,7.26,27.699999999999996,29.189999999999998
26,Morena,Madhya Pradesh,1996,2.99,10.68,7.83,5.21,26.71,31.19
26,Morena,Madhya Pradesh,1997,1.72,3.38,6.22,3.41,14.73,21.8
26,Morena,Madhya Pradesh,1998,2.33,8.35,6.18,4.67,21.53,23.78
26,Morena,Madhya Pradesh,1999,0.67,7.33,6.41,4.72,19.13,20.43
26,Morena,Madhya Pradesh,2000,0.99,5.15,3.28,0.79,10.21,11.05
26,Morena,Madhya Pradesh,2001,4.49,7.36,5.75,0.53,18.130000000000003,21.01
26,Morena,Madhya Pradesh,2002,1.3,0.51,6.18,5.04,13.030000000000001,16.05
26,Morena,Madhya Pradesh,2003,1.11,4.97,5.12,5.35,16.549999999999997,19.009999999999998
26,Morena,Madhya Pradesh,2004,1.3,4.78,7.6,2.69,16.37,19.19
26,Morena,Madhya Pradesh,2005,2.0,9.29,1.65,3.3,16.24,18.08
26,Morena,Madhya Pradesh,2006,5.02,5.31,2.62,1.44,14.389999999999999,16.08
26,Morena,Madhya Pradesh,2007,2.98,4.34,4.04,2.08,13.44,16.22
26,Morena,Madhya Pradesh,2008,6.68,8.71,7.55,4.77,27.71,28.84
26,Morena,Madhya Pradesh,2009,0.61,3.41,3.03,5.6,12.65,18.69
26,Morena,Madhya Pradesh,2010,2.25,4.63,6.75,7.93,21.56,24.52
26,Morena,Madhya Pradesh,2011,5.41,8.23,6.98,4.38,25.0,26.37
26,Morena,Madhya Pradesh,2012,0.9,8.22,10.89,4.43,24.44,25.990000000000002
26,Morena,Madhya Pradesh,2013,6.4,6.66,11.41,2.21,26.68,33.6
26,Morena,Madhya Pradesh,2014,0.76,6.54,6.02,3.5,16.82,23.05
26,Morena,Madhya Pradesh,2015,2.15,6.39,4.96,2.67,16.17,22.88
26,Morena,Madhya Pradesh,2016,1.93,11.71,8.22,0.69,22.55,24.28
26,Morena,Madhya Pradesh,2017,2.48,4.26,5.85,2.21,14.8,16.65
26,Morena,Madhya Pradesh,2018,2.95,9.55,8.81,5.24,26.550000000000004,28.37
26,Morena,Madhya Pradesh,2019,1.54,6.61,7.58,6.91,22.64,24.97
27,Bhind,Madhya Pradesh,1990,1.64,8.55,4.04,7.79,22.02,25.630000000000003
27,Bhind,Madhya Pradesh,1991,0.16,4.85,10.2,1.38,16.59,17.56
27,Bhind,Madhya Pradesh,1992,0.12,5.21,7.5,5.08,17.91,21.18
27,Bhind,Madhya Pradesh,1993,1.94,3.83,3.28,10.81,19.86,21.13
27,Bhind,Madhya Pradesh,1994,3.89,9.89,6.64,0.99,21.41,22.7
27,Bhind,Madhya Pradesh,1995,2.46,6.07,11.41,6.98,26.92,28.45
27,Bhind,Madhya Pradesh,1996,2.94,10.09,7.7,5.1,25.83,30.1
27,Bhind,Madhya Pradesh,1997,1.67,3.39,6.14,3.27,14.469999999999999,21.34
27,Bhind,Madhya Pradesh,1998,2.27,8.2,6.05,4.64,21.16,23.299999999999997
27,Bhind,Madhya Pradesh,1999,0.66,7.02,6.33,4.43,18.439999999999998,19.74
27,Bhind,Madhya Pradesh,2000,1.05,5.0,3.12,0.81,9.98,10.8
27,Bhind,Madhya Pradesh,2001,4.21,7.04,5.42,0.56,17.23,20.01
27,Bhind,Madhya Pradesh,2002,1.22,0.51,5.89,4.9,12.52,15.5
27,Bhind,Madhya Pradesh,2003,1.19,4.89,4.86,5.1,16.04,18.39
27,Bhind,Madhya Pradesh,2004,1.31,4.62,7.57,2.67,16.17,19.0
27,Bhind,Madhya Pradesh,2005,1.93,9.16,1.56,3.11,15.76,17.46
27,Bhind,Madhya Pradesh,2006,4.89,5.32,2.55,1.39,14.150000000000002,15.81
27,Bhind,Madhya Pradesh,2007,2.91,4.18,4.05,2.0,13.14,15.89
27,Bhind,Madhya Pradesh,2008,6.39,8.42,7.18,4.58,26.57,27.74
27,Bhind,Madhya Pradesh,2009,0.64,3.36,2.95,5.27,12.219999999999999,18.15
27,Bhind,Madhya Pradesh,2010,2.11,4.43,6.45,7.41,20.4,23.39
27,Bhind,Madhya Pradesh,2011,5.25,7.78,6.89,4.26,24.18,25.55
27,Bhind,Madhya Pradesh,2012,0.84,8.09,10.87,4.33,24.129999999999995,25.61
27,Bhind,Madhya Pradesh,2013,6.24,6.51,11.35,2.29,26.39,33.29
27,Bhind,Madhya Pradesh,2014,0.82,6.26,6.06,3.28,16.42,22.49
27,Bhind,Madhya Pradesh,2015,2.45,7.06,4.82,3.52,17.85,24.73
27,Bhind,Madhya Pradesh,2016,1.92,11.22,7.51,0.88,21.529999999999998,23.68
27,Bhind,Madhya Pradesh,2017,2.69,5.01,6.97,2.38,17.049999999999997,18.95
27,Bhind,Madhya Pradesh,2018,2.87,10.94,10.32,4.73,28.86,30.62
27,Bhind,Madhya Pradesh,2019,1.89,6.82,8.33,7.92,24.96,27.6
28,Indore,Madhya Pradesh,1990,2.95,6.64,13.05,8.9,31.54,34.7
28,Indore,Madhya Pradesh,1991,5.97,9.93,4.72,0.41,21.029999999999998,21.22
28,Indore,Madhya Pradesh,1992,3.34,4.4,6.1,3.8,17.64,19.9
28,Indore,Madhya Pradesh,1993,3.65,11.86,6.11,4.89,26.51,28.05
28,Indore,Madhya Pradesh,1994,7.67,7.74,11.31,7.28,34.0,35.660000000000004
28,Indore,Madhya Pradesh,1995,2.97,13.26,5.27,4.99,26.490000000000002,29.73
28,Indore,Madhya Pradesh,1996,1.77,13.8,6.9,5.09,27.56,30.43
28,Indore,Madhya Pradesh,1997,6.46,11.73,6.82,1.89,26.900000000000002,30.25
28,Indore,Madhya Pradesh,1998,5.07,7.22,5.84,8.11,26.24,28.31
28,Indore,Madhya Pradesh,1999,6.52,4.69,1.88,8.75,21.84,26.2
28,Indore,Madhya Pradesh,2000,3.42,7.4,5.48,0.68,16.98,19.79
28,Indore,Madhya Pradesh,2001,5.27,4.33,3.32,0.45,13.37,16.22
28,Indore,Madhya Pradesh,2002,5.57,1.12,9.37,2.97,19.029999999999998,20.57
28,Indore,Madhya Pradesh,2003,6.88,11.79,5.97,10.0,34.64,37.14
28,Indore,Madhya Pradesh,2004,2.14,7.94,9.63,4.06,23.77,25.810000000000002
28,Indore,Madhya Pradesh,2005,3.39,10.74,3.5,7.25,24.880000000000003,25.72
28,Indore,Madhya Pradesh,2006,3.29,8.89,13.6,7.22,33.0,36.13
28,Indore,Madhya Pradesh,2007,4.53,10.25,9.2,4.21,28.19,29.81
28,Indore,Madhya Pradesh,2008,3.64,4.7,4.85,3.89,17.08,17.84
28,Indore,Madhya Pradesh,2009,2.67,12.09,4.87,2.98,22.61,30.34
28,Indore,Madhya Pradesh,2010,3.27,4.45,11.3,5.86,24.880000000000003,28.630000000000003
28,Indore,Madhya Pradesh,2011,2.42,7.09,16.63,3.37,29.51,29.79
28,Indore,Madhya Pradesh,2012,1.29,10.59,6.19,8.47,26.54,27.53
28,Indore,Madhya Pradesh,2013,10.25,16.34,9.9,4.07,40.56,44.910000000000004
28,Indore,Madhya Pradesh,2014,0.25,11.23,5.87,6.16,23.51,26.36
28,Indore,Madhya Pradesh,2015,7.99,15.31,9.02,1.46,33.78,37.53
28,Indore,Madhya Pradesh,2016,4.08,11.65,9.55,4.11,29.39,31.560000000000002
28,Indore,Madhya Pradesh,2017,5.09,10.42,7.26,5.07,27.84,28.79
28,Indore,Madhya Pradesh,2018,4.82,8.44,7.01,2.83,23.1,23.38
28,Indore,Madhya Pradesh,2019,3.18,12.35,15.54,13.93,45.0,47.46
29,Ratlam,Madhya Pradesh,1990,3.0,6.52,11.83,8.56,29.910000000000004,32.25
29,Ratlam,Madhya Pradesh,1991,4.21,9.72,5.93,0.75,20.61,20.91
29,Ratlam,Madhya Pradesh,1992,2.4,5.07,6.65,4.49,18.61,21.39
29,Ratlam,Madhya Pradesh,1993,3.26,11.89,5.8,5.12,26.07,26.91
29,Ratlam,Madhya Pradesh,1994,6.59,8.76,10.77,7.12,33.239999999999995,34.63
29,Ratlam,Madhya Pradesh,1995,2.27,11.29,5.61,3.97,23.139999999999997,25.98
29,Ratlam,Madhya Pradesh,1996,1.64,13.21,8.27,4.58,27.700000000000003,29.95
29,Ratlam,Madhya Pradesh,1997,6.68,10.56,8.5,1.82,27.560000000000002,30.71
29,Ratlam,Madhya Pradesh,1998,4.33,8.24,5.19,7.27,25.03,26.35
29,Ratlam,Madhya Pradesh,1999,5.16,5.66,1.95,6.76,19.53,23.19
29,Ratlam,Madhya Pradesh,2000,2.99,7.73,5.03,0.67,16.42,19.09
29,Ratlam,Madhya Pradesh,2001,5.13,6.05,3.79,0.4,15.37,17.58
29,Ratlam,Madhya Pradesh,2002,4.29,1.04,8.5,2.37,16.2,17.57
29,Ratlam,Madhya Pradesh,2003,5.06,9.72,5.3,7.46,27.540000000000003,29.57
29,Ratlam,Madhya Pradesh,2004,1.96,8.19,9.67,3.58,23.4,24.93
29,Ratlam,Madhya Pradesh,2005,2.76,9.78,3.47,8.06,24.07,24.69
29,Ratlam,Madhya Pradesh,2006,3.62,8.45,13.92,6.18,32.17,34.339999999999996
29,Ratlam,Madhya Pradesh,2007,4.47,9.82,8.14,3.36,25.79,27.27
29,Ratlam,Madhya Pradesh,2008,4.04,5.57,5.04,3.79,18.439999999999998,19.23
29,Ratlam,Madhya Pradesh,2009,2.51,11.25,4.74,2.24,20.740000000000002,26.37
29,Ratlam,Madhya Pradesh,2010,2.56,6.08,11.62,5.23,25.49,28.61
29,Ratlam,Madhya Pradesh,2011,3.79,7.35,14.63,4.36,30.130000000000003,30.3
29,Ratlam,Madhya Pradesh,2012,0.93,9.86,7.99,8.34,27.12,27.95
29,Ratlam,Madhya Pradesh,2013,7.44,15.69,8.17,4.1,35.4,39.64
29,Ratlam,Madhya Pradesh,2014,0.33,10.29,6.09,6.45,23.16,25.37
29,Ratlam,Madhya Pradesh,2015,5.92,12.68,7.95,1.45,28.0,31.11
29,Ratlam,Madhya Pradesh,2016,3.44,9.67,17.95,2.66,33.72,35.95
29,Ratlam,Madhya Pradesh,2017,3.84,12.3,6.43,3.94,26.51,27.32
29,Ratlam,Madhya Pradesh,2018,4.7,10.07,6.0,3.0,23.77,23.86
29,Ratlam,Madhya Pradesh,2019,5.7,9.34,13.54,10.78,39.36,41.82
30,Ujjain,Madhya Pradesh,1990,3.06,6.91,13.24,9.45,32.66,35.35
30,Ujjain,Madhya Pradesh,1991,5.68,10.11,5.55,0.48,21.82,22.04
30,Ujjain,Madhya Pradesh,1992,3.04,4.92,6.55,3.99,18.5,21.05
30,Ujjain,Madhya Pradesh,1993,3.58,12.26,6.21,5.04,27.09,28.09
30,Ujjain,Madhya Pradesh,1994,7.6,8.08,11.75,7.32,34.75,36.27
30,Ujjain,Madhya Pradesh,1995,2.87,13.19,5.72,4.82,26.599999999999998,29.86
30,Ujjain,Madhya Pradesh,1996,1.78,14.26,7.63,5.14,28.81,31.529999999999998
30,Ujjain,Madhya Pradesh,1997,6.47,12.02,7.66,1.9,28.049999999999997,31.53
30,Ujjain,Madhya Pradesh,1998,5.03,7.58,5.74,8.06,26.410000000000004,28.0
30,Ujjain,Madhya Pradesh,1999,6.34,5.16,1.84,8.53,21.869999999999997,26.09
30,Ujjain,Madhya Pradesh,2000,3.39,7.78,5.43,0.68,17.28,20.02
30,Ujjain,Madhya Pradesh,2001,5.43,5.01,3.35,0.34,14.129999999999999,16.75
30,Ujjain,Madhya Pradesh,2002,5.15,1.1,9.59,2.79,18.63,20.2
30,Ujjain,Madhya Pradesh,2003,6.45,11.66,5.91,9.71,33.730000000000004,36.13
30,Ujjain,Madhya Pradesh,2004,2.02,8.16,10.02,3.96,24.16,26.0
30,Ujjain,Madhya Pradesh,2005,2.86,10.95,3.36,7.43,24.599999999999998,25.2
30,Ujjain,Madhya Pradesh,2006,3.26,8.92,14.26,6.98,33.42,36.26
30,Ujjain,Madhya Pradesh,2007,4.64,10.48,8.95,3.94,28.01,29.689999999999998
30,Ujjain,Madhya Pradesh,2008,3.94,5.07,4.88,3.66,17.55,18.34
30,Ujjain,Madhya Pradesh,2009,2.75,12.24,4.89,2.84,22.72,30.08
30,Ujjain,Madhya Pradesh,2010,3.08,4.67,11.51,5.71,24.97,28.46
30,Ujjain,Madhya Pradesh,2011,3.0,7.38,16.88,3.55,30.81,30.97
30,Ujjain,Madhya Pradesh,2012,1.12,10.84,7.05,8.5,27.51,28.38
30,Ujjain,Madhya Pradesh,2013,9.76,16.8,10.05,4.04,40.65,45.22
30,Ujjain,Madhya Pradesh,2014,0.27,11.32,6.16,6.32,24.07,26.75
30,Ujjain,Madhya Pradesh,2015,7.74,16.06,9.29,1.19,34.279999999999994,37.949999999999996
30,Ujjain,Madhya Pradesh,2016,3.95,11.58,13.37,3.57,32.47,34.72
30,Ujjain,Madhya Pradesh,2017,4.7,9.98,6.21,5.49,26.380000000000003,27.25
30,Ujjain,Madhya Pradesh,2018,4.5,10.14,6.65,2.88,24.169999999999998,24.43
30,Ujjain,Madhya Pradesh,2019,3.87,11.53,14.97,13.63,44.0,46.410000000000004
31,Mandsaur,Madhya Pradesh,1990,3.46,5.35,7.24,6.21,22.259999999999998,24.009999999999998
31,Mandsaur,Madhya Pradesh,1991,1.15,7.85,7.82,1.7,18.52,19.15
31,Mandsaur,Madhya Pradesh,1992,0.82,5.24,7.94,5.36,19.36,22.740000000000002
31,Mandsaur,Madhya Pradesh,1993,3.13,9.61,5.48,5.84,24.06,25.0
31,Mandsaur,Madhya Pradesh,1994,4.34,9.44,7.92,3.85,25.55,27.04
31,Mandsaur,Madhya Pradesh,1995,1.01,10.09,8.23,2.63,21.959999999999997,24.39
31,Mandsaur,Madhya Pradesh,1996,1.11,10.32,10.42,3.49,25.340000000000003,26.94
31,Mandsaur,Madhya Pradesh,1997,3.24,6.18,11.09,1.45,21.959999999999997,25.24
31,Mandsaur,Madhya Pradesh,1998,2.41,8.99,3.31,5.24,19.950000000000003,20.91
31,Mandsaur,Madhya Pradesh,1999,2.12,6.82,2.98,3.58,15.500000000000002,18.23
31,Mandsaur,Madhya Pradesh,2000,1.95,6.56,4.08,0.89,13.48,15.66
31,Mandsaur,Madhya Pradesh,2001,5.08,10.48,3.76,0.31,19.63,21.75
31,Mandsaur,Madhya Pradesh,2002,2.19,1.38,7.34,2.05,12.96,14.53
31,Mandsaur,Madhya Pradesh,2003,3.14,7.19,3.98,3.72,18.03,20.16
31,Mandsaur,Madhya Pradesh,2004,1.57,6.22,12.36,1.66,21.81,23.13
31,Mandsaur,Madhya Pradesh,2005,1.83,10.4,2.71,6.61,21.55,22.330000000000002
31,Mandsaur,Madhya Pradesh,2006,3.49,7.54,15.21,4.23,30.470000000000002,32.18
31,Mandsaur,Madhya Pradesh,2007,3.62,9.71,6.47,3.83,23.630000000000003,25.01
31,Mandsaur,Madhya Pradesh,2008,5.42,6.43,4.79,3.68,20.32,21.61
31,Mandsaur,Madhya Pradesh,2009,1.96,9.76,3.72,1.24,16.68,20.04
31,Mandsaur,Madhya Pradesh,2010,1.53,6.87,10.84,3.73,22.970000000000002,25.86
31,Mandsaur,Madhya Pradesh,2011,7.65,8.11,11.6,5.64,33.0,33.38
31,Mandsaur,Madhya Pradesh,2012,0.87,8.22,10.34,6.74,26.17,27.220000000000002
31,Mandsaur,Madhya Pradesh,2013,4.45,15.27,7.5,3.91,31.13,35.18
31,Mandsaur,Madhya Pradesh,2014,0.51,9.5,8.78,4.86,23.65,25.99
31,Mandsaur,Madhya Pradesh,2015,3.58,12.45,9.18,1.32,26.53,30.87
31,Mandsaur,Madhya Pradesh,2016,2.72,10.68,21.32,2.09,36.81,38.77
31,Mandsaur,Madhya Pradesh,2017,2.95,8.5,4.86,2.49,18.799999999999997,19.75
31,Mandsaur,Madhya Pradesh,2018,2.65,8.25,5.77,4.77,21.44,21.61
31,Mandsaur,Madhya Pradesh,2019,3.47,11.42,15.97,8.91,39.769999999999996,42.11
32,Dewas,Madhya Pradesh,1990,4.85,7.59,13.88,10.43,36.75,39.81
32,Dewas,Madhya Pradesh,1991,6.35,10.25,7.72,0.48,24.8,25.07
32,Dewas,Madhya Pradesh,1992,2.85,5.03,8.25,3.6,19.730000000000004,22.51
32,Dewas,Madhya Pradesh,1993,3.77,12.36,6.96,6.8,29.89,31.189999999999998
32,Dewas,Madhya Pradesh,1994,9.22,8.17,13.28,6.46,37.13,39.17
32,Dewas,Madhya Pradesh,1995,2.62,13.92,6.38,5.55,28.47,32.51
32,Dewas,Madhya Pradesh,1996,1.9,15.26,9.78,5.85,32.79,35.75
32,Dewas,Madhya Pradesh,1997,5.27,12.66,8.82,2.31,29.06,34.7
32,Dewas,Madhya Pradesh,1998,5.35,8.06,6.6,7.99,28.0,29.77
32,Dewas,Madhya Pradesh,1999,6.05,6.76,2.64,8.57,24.02,28.37
32,Dewas,Madhya Pradesh,2000,3.23,9.39,6.11,0.82,19.55,22.220000000000002
32,Dewas,Madhya Pradesh,2001,6.73,5.95,3.61,0.35,16.64,19.92
32,Dewas,Madhya Pradesh,2002,4.93,1.22,12.12,2.93,21.2,23.09
32,Dewas,Madhya Pradesh,2003,6.81,13.22,6.26,10.3,36.59,39.24
32,Dewas,Madhya Pradesh,2004,1.89,8.28,11.14,3.42,24.730000000000004,26.9
32,Dewas,Madhya Pradesh,2005,2.22,14.52,3.13,7.06,26.929999999999996,27.62
32,Dewas,Madhya Pradesh,2006,2.97,10.29,18.35,7.19,38.8,42.980000000000004
32,Dewas,Madhya Pradesh,2007,4.51,11.46,8.67,5.12,29.76,31.51
32,Dewas,Madhya Pradesh,2008,4.71,5.59,5.04,3.92,19.259999999999998,20.24
32,Dewas,Madhya Pradesh,2009,3.21,13.53,4.63,3.38,24.749999999999996,33.48
32,Dewas,Madhya Pradesh,2010,3.3,4.89,10.68,5.21,24.08,28.32
32,Dewas,Madhya Pradesh,2011,4.84,8.93,17.14,4.26,35.17,35.39
32,Dewas,Madhya Pradesh,2012,1.56,11.95,9.28,7.26,30.049999999999997,30.88
32,Dewas,Madhya Pradesh,2013,11.77,17.52,11.38,3.37,44.04,48.99
32,Dewas,Madhya Pradesh,2014,0.41,12.35,6.72,5.73,25.21,28.74
32,Dewas,Madhya Pradesh,2015,7.43,17.51,10.42,1.31,36.67,40.43
32,Dewas,Madhya Pradesh,2016,4.12,16.34,14.31,3.73,38.5,40.75
32,Dewas,Madhya Pradesh,2017,4.33,9.87,5.67,6.55,26.419999999999998,27.18
32,Dewas,Madhya Pradesh,2018,4.04,10.97,6.56,2.61,24.18,24.64
32,Dewas,Madhya Pradesh,2019,3.21,15.12,16.49,16.1,50.919999999999995,53.81
33,Dhar,Madhya Pradesh,1990,2.63,6.32,12.79,8.57,30.31,33.31
33,Dhar,Madhya Pradesh,1991,5.51,9.89,4.48,0.44,20.320000000000004,20.5
33,Dhar,Madhya Pradesh,1992,3.27,4.44,5.64,3.83,17.18,19.18
33,Dhar,Madhya Pradesh,1993,3.32,11.67,5.77,4.73,25.49,26.95
33,Dhar,Madhya Pradesh,1994,7.43,8.04,10.72,7.37,33.559999999999995,35.08
33,Dhar,Madhya Pradesh,1995,2.82,12.89,5.02,4.67,25.4,28.31
33,Dhar,Madhya Pradesh,1996,1.82,13.65,6.61,4.72,26.8,29.48
33,Dhar,Madhya Pradesh,1997,7.24,11.41,6.64,1.9,27.189999999999998,30.01
33,Dhar,Madhya Pradesh,1998,4.85,7.35,5.82,7.89,25.91,27.96
33,Dhar,Madhya Pradesh,1999,6.22,4.65,1.67,8.09,20.630000000000003,24.84
33,Dhar,Madhya Pradesh,2000,3.25,7.28,5.24,0.62,16.39,19.09
33,Dhar,Madhya Pradesh,2001,5.16,4.34,3.37,0.39,13.260000000000002,15.96
33,Dhar,Madhya Pradesh,2002,5.61,1.14,8.9,2.85,18.5,19.900000000000002
33,Dhar,Madhya Pradesh,2003,6.79,11.28,6.2,9.29,33.56,35.91
33,Dhar,Madhya Pradesh,2004,2.39,8.07,9.77,3.9,24.13,26.0
33,Dhar,Madhya Pradesh,2005,4.44,10.18,3.63,7.72,25.97,26.73
33,Dhar,Madhya Pradesh,2006,3.59,8.95,12.98,6.96,32.48,35.22
33,Dhar,Madhya Pradesh,2007,4.47,10.16,9.47,4.18,28.28,29.830000000000002
33,Dhar,Madhya Pradesh,2008,3.66,4.74,5.12,4.06,17.58,18.27
33,Dhar,Madhya Pradesh,2009,2.42,12.0,4.85,2.83,22.1,29.09
33,Dhar,Madhya Pradesh,2010,3.19,4.93,11.24,5.99,25.35,29.06
33,Dhar,Madhya Pradesh,2011,2.19,6.99,16.02,3.43,28.63,28.87
33,Dhar,Madhya Pradesh,2012,1.23,9.84,5.89,8.63,25.590000000000003,26.55
33,Dhar,Madhya Pradesh,2013,9.94,15.91,9.27,4.27,39.39,43.42
33,Dhar,Madhya Pradesh,2014,0.24,11.15,5.7,6.16,23.25,25.740000000000002
33,Dhar,Madhya Pradesh,2015,7.73,13.4,7.25,2.26,30.64,33.910000000000004
33,Dhar,Madhya Pradesh,2016,4.07,9.28,9.91,3.8,27.06,29.28
33,Dhar,Madhya Pradesh,2017,4.95,10.47,6.27,3.36,25.05,26.02
33,Dhar,Madhya Pradesh,2018,4.61,7.3,6.62,2.5,21.03,21.21
33,Dhar,Madhya Pradesh,2019,4.04,9.77,14.65,11.05,39.510000000000005,41.93
34,Jhabua,Madhya Pradesh,1990,2.74,6.67,13.01,9.06,31.480000000000004,34.06
34,Jhabua,Madhya Pradesh,1991,5.22,10.07,5.21,0.5,21.0,21.22
34,Jhabua,Madhya Pradesh,1992,2.96,4.92,6.13,4.15,18.16,20.53
34,Jhabua,Madhya Pradesh,1993,3.36,12.22,5.89,4.81,26.279999999999998,27.24
34,Jhabua,Madhya Pradesh,1994,7.25,8.34,11.32,7.66,34.57,35.95
34,Jhabua,Madhya Pradesh,1995,2.74,12.61,5.38,4.51,25.240000000000002,28.2
34,Jhabua,Madhya Pradesh,1996,1.8,13.95,7.35,4.86,27.96,30.52
34,Jhabua,Madhya Pradesh,1997,7.29,11.68,7.46,1.89,28.32,31.25
34,Jhabua,Madhya Pradesh,1998,4.84,7.73,5.64,7.89,26.1,27.7
34,Jhabua,Madhya Pradesh,1999,6.13,5.08,1.68,7.99,20.880000000000003,24.95
34,Jhabua,Madhya Pradesh,2000,3.29,7.71,5.23,0.62,16.85,19.57
34,Jhabua,Madhya Pradesh,2001,5.22,4.94,3.42,0.35,13.93,16.39
34,Jhabua,Madhya Pradesh,2002,5.11,1.09,8.95,2.67,17.82,19.25
34,Jhabua,Madhya Pradesh,2003,6.21,11.01,6.06,9.03,32.309999999999995,34.56
34,Jhabua,Madhya Pradesh,2004,2.16,8.23,9.86,3.91,24.16,25.87
34,Jhabua,Madhya Pradesh,2005,3.46,10.12,3.54,7.89,25.009999999999998,25.57
34,Jhabua,Madhya Pradesh,2006,3.5,8.76,13.57,6.79,32.62,35.07
34,Jhabua,Madhya Pradesh,2007,4.57,10.29,9.07,3.73,27.66,29.24
34,Jhabua,Madhya Pradesh,2008,3.79,5.06,5.06,3.76,17.67,18.38
34,Jhabua,Madhya Pradesh,2009,2.56,11.93,4.93,2.65,22.07,28.72
34,Jhabua,Madhya Pradesh,2010,2.98,5.17,11.67,5.78,25.6,28.93
34,Jhabua,Madhya Pradesh,2011,2.67,7.16,16.21,3.62,29.66,29.810000000000002
34,Jhabua,Madhya Pradesh,2012,1.05,10.2,6.83,8.72,26.799999999999997,27.65
34,Jhabua,Madhya Pradesh,2013,9.13,16.32,9.29,4.28,39.02,43.27
34,Jhabua,Madhya Pradesh,2014,0.25,11.15,5.87,6.46,23.73,26.06
34,Jhabua,Madhya Pradesh,2015,7.18,13.88,7.76,1.63,30.45,33.6
34,Jhabua,Madhya Pradesh,2016,3.98,9.65,14.27,3.42,31.32,33.56
34,Jhabua,Madhya Pradesh,2017,4.57,11.69,6.5,3.84,26.599999999999998,27.44
34,Jhabua,Madhya Pradesh,2018,5.04,9.11,6.81,2.75,23.709999999999997,23.869999999999997
34,Jhabua,Madhya Pradesh,2019,5.1,9.64,13.94,11.3,39.980000000000004,42.39
35,Khargone,Madhya Pradesh,1990,3.19,6.03,11.44,7.47,28.13,32.29
35,Khargone,Madhya Pradesh,1991,6.25,8.88,3.84,0.5,19.47,19.69
35,Khargone,Madhya Pradesh,1992,3.78,3.54,5.73,3.57,16.62,18.73
35,Khargone,Madhya Pradesh,1993,3.74,10.66,5.91,5.12,25.430000000000003,28.05
35,Khargone,Madhya Pradesh,1994,7.32,7.63,9.98,6.64,31.57,33.660000000000004
35,Khargone,Madhya Pradesh,1995,2.76,12.09,4.39,4.98,24.22,27.33
35,Khargone,Madhya Pradesh,1996,1.64,12.25,6.16,4.86,24.91,27.82
35,Khargone,Madhya Pradesh,1997,6.09,10.13,6.1,2.02,24.34,27.93
35,Khargone,Madhya Pradesh,1998,4.96,6.87,6.08,7.64,25.55,28.36
35,Khargone,Madhya Pradesh,1999,6.16,4.33,2.29,8.02,20.8,25.13
35,Khargone,Madhya Pradesh,2000,3.2,6.75,5.72,0.76,16.43,19.38
35,Khargone,Madhya Pradesh,2001,5.11,3.78,3.82,0.88,13.590000000000002,16.81
35,Khargone,Madhya Pradesh,2002,5.83,1.19,8.85,2.95,18.82,20.25
35,Khargone,Madhya Pradesh,2003,6.93,10.88,5.58,8.97,32.36,34.800000000000004
35,Khargone,Madhya Pradesh,2004,2.32,7.41,8.48,4.13,22.34,24.66
35,Khargone,Madhya Pradesh,2005,4.13,10.36,3.91,7.37,25.77,27.21
35,Khargone,Madhya Pradesh,2006,3.6,8.74,13.03,7.03,32.4,36.14
35,Khargone,Madhya Pradesh,2007,4.39,9.36,8.95,4.77,27.47,28.93
35,Khargone,Madhya Pradesh,2008,3.39,4.27,4.92,4.91,17.490000000000002,18.31
35,Khargone,Madhya Pradesh,2009,2.5,11.11,4.62,3.08,21.310000000000002,28.84
35,Khargone,Madhya Pradesh,2010,3.49,5.24,10.48,5.57,24.78,28.94
35,Khargone,Madhya Pradesh,2011,2.46,6.98,14.2,3.63,27.27,27.86
35,Khargone,Madhya Pradesh,2012,1.82,9.48,5.38,7.79,24.47,25.71
35,Khargone,Madhya Pradesh,2013,10.02,14.53,8.38,4.13,37.06,41.28
35,Khargone,Madhya Pradesh,2014,0.38,10.36,5.43,5.67,21.840000000000003,25.04
35,Khargone,Madhya Pradesh,2015,7.63,12.36,8.38,2.49,30.86,34.9
35,Khargone,Madhya Pradesh,2016,3.87,11.26,6.46,4.4,25.990000000000002,27.95
35,Khargone,Madhya Pradesh,2017,4.73,10.58,7.9,4.75,27.96,29.11
35,Khargone,Madhya Pradesh,2018,4.83,6.95,6.4,2.26,20.439999999999998,20.67
35,Khargone,Madhya Pradesh,2019,2.6,12.87,15.14,12.99,43.6,46.37
36,Khandwa,Madhya Pradesh,1990,8.37,8.76,12.43,8.07,37.629999999999995,43.05
36,Khandwa,Madhya Pradesh,1991,6.38,9.1,8.0,0.42,23.900000000000002,24.27
36,Khandwa,Madhya Pradesh,1992,3.44,3.84,9.82,4.63,21.73,25.16
36,Khandwa,Madhya Pradesh,1993,5.71,13.08,7.66,9.75,36.2,40.43
36,Khandwa,Madhya Pradesh,1994,10.05,11.56,15.0,7.35,43.96,47.29
36,Khandwa,Madhya Pradesh,1995,2.24,14.13,4.75,7.39,28.51,33.24
36,Khandwa,Madhya Pradesh,1996,1.89,13.01,10.97,7.21,33.08,36.84
36,Khandwa,Madhya Pradesh,1997,6.08,10.92,9.51,3.02,29.529999999999998,37.82
36,Khandwa,Madhya Pradesh,1998,5.53,9.75,7.96,8.85,32.09,36.43
36,Khandwa,Madhya Pradesh,1999,6.04,8.21,6.24,8.79,29.28,34.7
36,Khandwa,Madhya Pradesh,2000,3.41,11.63,7.86,1.24,24.14,27.09
36,Khandwa,Madhya Pradesh,2001,7.91,6.07,5.67,2.08,21.729999999999997,27.36
36,Khandwa,Madhya Pradesh,2002,5.96,1.7,14.01,3.3,24.970000000000002,27.29
36,Khandwa,Madhya Pradesh,2003,7.84,14.0,7.48,10.17,39.49,42.5
36,Khandwa,Madhya Pradesh,2004,2.44,8.4,9.34,3.76,23.939999999999998,27.11
36,Khandwa,Madhya Pradesh,2005,2.31,16.17,5.2,8.54,32.22,35.06
36,Khandwa,Madhya Pradesh,2006,4.09,12.08,22.07,8.97,47.21,53.480000000000004
36,Khandwa,Madhya Pradesh,2007,4.57,11.19,9.02,7.77,32.55,33.92
36,Khandwa,Madhya Pradesh,2008,4.53,5.75,6.1,7.07,23.450000000000003,24.69
36,Khandwa,Madhya Pradesh,2009,4.36,13.74,4.84,3.89,26.830000000000002,36.28
36,Khandwa,Madhya Pradesh,2010,4.46,8.87,12.57,5.67,31.57,36.49
36,Khandwa,Madhya Pradesh,2011,5.55,10.04,13.41,6.7,35.7,36.64
36,Khandwa,Madhya Pradesh,2012,3.47,12.99,10.66,7.65,34.77,36.06
36,Khandwa,Madhya Pradesh,2013,13.5,16.83,10.0,4.02,44.349999999999994,49.26
36,Khandwa,Madhya Pradesh,2014,0.76,13.9,5.85,6.1,26.61,30.91
36,Khandwa,Madhya Pradesh,2015,8.05,13.05,12.87,3.84,37.81,42.56
36,Khandwa,Madhya Pradesh,2016,4.44,21.23,10.2,5.68,41.550000000000004,43.84
36,Khandwa,Madhya Pradesh,2017,4.56,12.57,8.05,6.66,31.84,33.58
36,Khandwa,Madhya Pradesh,2018,5.65,10.17,6.93,3.37,26.12,26.65
36,Khandwa,Madhya Pradesh,2019,1.92,15.96,17.39,16.48,51.75,55.82
37,Sehore,Madhya Pradesh,1990,8.37,8.45,14.5,11.64,42.96,46.46
37,Sehore,Madhya Pradesh,1991,6.36,10.2,12.52,0.58,29.659999999999997,29.96
37,Sehore,Madhya Pradesh,1992,2.11,5.26,11.31,3.21,21.89,24.6
37,Sehore,Madhya Pradesh,1993,3.64,12.65,7.8,10.48,34.57,36.45
37,Sehore,Madhya Pradesh,1994,11.95,9.37,15.78,5.6,42.7,45.589999999999996
37,Sehore,Madhya Pradesh,1995,1.6,13.01,6.54,6.14,27.29,32.29
37,Sehore,Madhya Pradesh,1996,2.27,16.49,14.58,6.87,40.209999999999994,43.24
37,Sehore,Madhya Pradesh,1997,4.9,13.29,10.82,3.33,32.339999999999996,41.58
37,Sehore,Madhya Pradesh,1998,5.57,9.81,8.41,7.26,31.049999999999997,33.44
37,Sehore,Madhya Pradesh,1999,4.63,10.9,4.34,6.91,26.78,30.95
37,Sehore,Madhya Pradesh,2000,2.64,13.96,7.27,1.04,24.91,27.32
37,Sehore,Madhya Pradesh,2001,8.92,8.21,4.64,0.42,22.190000000000005,26.46
37,Sehore,Madhya Pradesh,2002,4.11,1.41,16.26,2.91,24.69,26.880000000000003
37,Sehore,Madhya Pradesh,2003,6.66,14.67,7.45,9.46,38.239999999999995,40.89
37,Sehore,Madhya Pradesh,2004,1.88,8.76,12.77,2.03,25.44,27.869999999999997
37,Sehore,Madhya Pradesh,2005,2.04,20.33,3.45,7.95,33.769999999999996,34.81
37,Sehore,Madhya Pradesh,2006,2.94,12.85,26.83,7.3,49.919999999999995,56.0
37,Sehore,Madhya Pradesh,2007,3.95,13.22,7.68,7.1,31.950000000000003,33.5
37,Sehore,Madhya Pradesh,2008,5.56,6.97,5.98,4.75,23.259999999999998,24.49
37,Sehore,Madhya Pradesh,2009,3.72,15.72,4.02,4.1,27.560000000000002,36.96
37,Sehore,Madhya Pradesh,2010,3.39,7.26,8.98,4.02,23.650000000000002,28.89
37,Sehore,Madhya Pradesh,2011,7.91,11.86,15.03,6.3,41.099999999999994,41.37
37,Sehore,Madhya Pradesh,2012,2.38,12.66,14.94,4.76,34.739999999999995,35.4
37,Sehore,Madhya Pradesh,2013,14.22,17.21,11.4,2.36,45.19,49.870000000000005
37,Sehore,Madhya Pradesh,2014,0.69,14.16,6.68,4.81,26.34,30.99
37,Sehore,Madhya Pradesh,2015,7.13,19.01,11.63,1.62,39.39,42.980000000000004
37,Sehore,Madhya Pradesh,2016,4.81,22.26,16.65,3.73,47.449999999999996,49.69
37,Sehore,Madhya Pradesh,2017,4.37,11.96,5.97,6.0,28.3,29.060000000000002
37,Sehore,Madhya Pradesh,2018,4.35,12.26,7.94,2.81,27.36,27.98
37,Sehore,Madhya Pradesh,2019,3.41,16.73,18.6,18.6,57.34,61.06
38,Raisen,Madhya Pradesh,1990,11.45,9.9,13.77,13.28,48.400000000000006,51.61
38,Raisen,Madhya Pradesh,1991,4.89,12.2,15.86,0.69,33.64,33.98
38,Raisen,Madhya Pradesh,1992,1.75,5.65,15.28,4.49,27.17,29.57
38,Raisen,Madhya Pradesh,1993,4.63,10.79,10.2,14.19,39.809999999999995,41.75
38,Raisen,Madhya Pradesh,1994,10.44,16.54,17.63,3.86,48.47,50.97
38,Raisen,Madhya Pradesh,1995,1.58,12.61,9.79,6.25,30.229999999999997,35.58
38,Raisen,Madhya Pradesh,1996,1.94,17.54,15.91,5.16,40.55,44.35
38,Raisen,Madhya Pradesh,1997,4.01,13.06,13.07,4.56,34.7,45.58
38,Raisen,Madhya Pradesh,1998,5.06,9.7,9.08,6.59,30.429999999999996,33.76
38,Raisen,Madhya Pradesh,1999,3.52,15.61,8.09,9.1,36.32,39.72
38,Raisen,Madhya Pradesh,2000,2.99,14.18,7.13,2.26,26.560000000000002,28.12
38,Raisen,Madhya Pradesh,2001,9.36,13.81,7.48,1.05,31.700000000000003,36.12
38,Raisen,Madhya Pradesh,2002,3.25,1.98,19.98,4.08,29.29,32.0
38,Raisen,Madhya Pradesh,2003,6.42,12.44,11.25,12.39,42.5,45.38
38,Raisen,Madhya Pradesh,2004,3.47,9.94,14.57,1.65,29.63,32.6
38,Raisen,Madhya Pradesh,2005,3.35,24.66,5.87,9.08,42.96,45.03
38,Raisen,Madhya Pradesh,2006,2.95,13.49,24.07,5.78,46.290000000000006,51.75
38,Raisen,Madhya Pradesh,2007,3.65,13.72,8.92,7.33,33.62,36.25
38,Raisen,Madhya Pradesh,2008,10.09,9.88,8.07,4.97,33.01,34.49
38,Raisen,Madhya Pradesh,2009,3.62,14.08,5.89,7.02,30.61,38.46
38,Raisen,Madhya Pradesh,2010,3.44,11.03,9.73,7.28,31.48,36.22
38,Raisen,Madhya Pradesh,2011,12.82,16.34,12.96,8.58,50.7,51.79
38,Raisen,Madhya Pradesh,2012,3.23,15.24,17.0,3.57,39.04,39.86
38,Raisen,Madhya Pradesh,2013,15.29,17.41,17.7,2.14,52.540000000000006,58.5
38,Raisen,Madhya Pradesh,2014,2.25,13.49,7.53,5.61,28.88,35.07
38,Raisen,Madhya Pradesh,2015,6.42,18.14,11.75,1.46,37.77,41.410000000000004
38,Raisen,Madhya Pradesh,2016,4.88,22.58,18.03,2.17,47.66,49.99
38,Raisen,Madhya Pradesh,2017,4.9,10.93,4.33,5.5,25.66,26.54
38,Raisen,Madhya Pradesh,2018,4.17,13.06,8.36,3.73,29.32,29.93
38,Raisen,Madhya Pradesh,2019,4.3,13.88,19.75,16.95,54.879999999999995,58.41
39,Vidisha,Madhya Pradesh,1990,9.61,9.68,12.95,13.06,45.3,48.17
39,Vidisha,Madhya Pradesh,1991,4.02,11.91,13.98,0.63,30.54,30.99
39,Vidisha,Madhya Pradesh,1992,1.18,5.61,15.04,4.39,26.22,28.66
39,Vidisha,Madhya Pradesh,1993,3.9,8.88,8.52,13.93,35.230000000000004,36.88
39,Vidisha,Madhya Pradesh,1994,8.65,14.89,14.88,3.53,41.95,43.940000000000005
39,Vidisha,Madhya Pradesh,1995,1.65,11.7,11.04,7.05,31.44,35.9
39,Vidisha,Madhya Pradesh,1996,1.98,17.38,15.45,4.53,39.34,43.019999999999996
39,Vidisha,Madhya Pradesh,1997,3.52,10.86,13.77,4.47,32.62,42.269999999999996
39,Vidisha,Madhya Pradesh,1998,4.58,9.02,8.79,5.77,28.16,30.639999999999997
39,Vidisha,Madhya Pradesh,1999,3.2,14.57,7.28,8.43,33.480000000000004,36.13
39,Vidisha,Madhya Pradesh,2000,2.37,10.8,5.89,2.09,21.150000000000002,22.39
39,Vidisha,Madhya Pradesh,2001,8.42,13.6,7.63,0.92,30.57,34.63
39,Vidisha,Madhya Pradesh,2002,2.72,1.73,18.62,3.64,26.71,29.12
39,Vidisha,Madhya Pradesh,2003,5.05,10.42,10.4,11.57,37.44,40.19
39,Vidisha,Madhya Pradesh,2004,3.03,9.39,14.09,1.69,28.2,31.08
39,Vidisha,Madhya Pradesh,2005,3.6,22.07,4.81,7.53,38.01,39.75
39,Vidisha,Madhya Pradesh,2006,2.76,12.68,19.2,4.99,39.63,44.24
39,Vidisha,Madhya Pradesh,2007,3.51,12.38,9.18,6.39,31.46,34.35
39,Vidisha,Madhya Pradesh,2008,11.37,9.28,7.89,4.99,33.53,34.94
39,Vidisha,Madhya Pradesh,2009,3.6,10.7,5.79,6.02,26.11,33.16
39,Vidisha,Madhya Pradesh,2010,3.49,10.74,8.96,6.35,29.54,34.04
39,Vidisha,Madhya Pradesh,2011,15.33,16.85,11.91,7.83,51.92,52.85
39,Vidisha,Madhya Pradesh,2012,2.36,13.96,14.39,3.47,34.18,34.980000000000004
39,Vidisha,Madhya Pradesh,2013,13.18,17.44,17.73,1.68,50.03,56.190000000000005
39,Vidisha,Madhya Pradesh,2014,1.97,11.62,8.84,5.37,27.8,34.2
39,Vidisha,Madhya Pradesh,2015,5.59,15.24,11.34,1.05,33.22,36.89
39,Vidisha,Madhya Pradesh,2016,4.2,20.14,16.87,1.55,42.76,45.050000000000004
39,Vidisha,Madhya Pradesh,2017,4.68,9.21,3.39,5.11,22.39,23.36
39,Vidisha,Madhya Pradesh,2018,3.41,12.68,7.57,4.46,28.12,28.55
39,Vidisha,Madhya Pradesh,2019,3.33,11.19,18.86,13.76,47.13999999999999,49.99
40,Betul,Madhya Pradesh,1990,11.03,9.56,11.28,7.85,39.72,45.55
40,Betul,Madhya Pradesh,1991,5.87,11.45,11.27,0.42,29.01,29.38
40,Betul,Madhya Pradesh,1992,2.89,6.28,13.39,4.7,27.26,30.200000000000003
40,Betul,Madhya Pradesh,1993,6.55,12.92,8.52,11.86,39.849999999999994,44.559999999999995
40,Betul,Madhya Pradesh,1994,8.09,16.57,15.0,8.12,47.779999999999994,52.57
40,Betul,Madhya Pradesh,1995,3.25,12.94,7.6,8.23,32.019999999999996,37.79
40,Betul,Madhya Pradesh,1996,1.29,11.19,11.0,5.56,29.04,34.03
40,Betul,Madhya Pradesh,1997,4.23,10.04,10.2,5.08,29.549999999999997,40.64
40,Betul,Madhya Pradesh,1998,4.56,8.78,9.3,7.34,29.98,36.69
40,Betul,Madhya Pradesh,1999,4.37,10.92,9.98,9.36,34.629999999999995,40.16
40,Betul,Madhya Pradesh,2000,4.88,12.24,7.15,2.71,26.980000000000004,29.51
40,Betul,Madhya Pradesh,2001,9.82,9.43,8.31,3.01,30.57,37.52
40,Betul,Madhya Pradesh,2002,8.02,3.06,14.9,3.86,29.84,33.42
40,Betul,Madhya Pradesh,2003,9.19,12.4,11.46,9.12,42.169999999999995,45.89
40,Betul,Madhya Pradesh,2004,4.17,9.96,9.89,2.46,26.480000000000004,29.540000000000003
40,Betul,Madhya Pradesh,2005,5.05,17.19,5.99,10.95,39.18000000000001,44.39
40,Betul,Madhya Pradesh,2006,4.1,13.55,17.69,8.65,43.99,49.940000000000005
40,Betul,Madhya Pradesh,2007,7.0,11.31,7.82,8.07,34.2,36.15
40,Betul,Madhya Pradesh,2008,7.62,9.26,7.32,6.64,30.84,32.98
40,Betul,Madhya Pradesh,2009,4.96,14.01,6.84,5.1,30.909999999999997,38.36
40,Betul,Madhya Pradesh,2010,4.85,12.58,15.11,8.34,40.879999999999995,45.65
40,Betul,Madhya Pradesh,2011,6.97,10.7,12.54,7.85,38.059999999999995,40.25
40,Betul,Madhya Pradesh,2012,4.46,16.1,11.08,9.14,40.78,42.09
40,Betul,Madhya Pradesh,2013,15.72,18.47,12.11,3.75,50.05,56.13
40,Betul,Madhya Pradesh,2014,2.32,14.51,5.89,6.1,28.82,33.55
40,Betul,Madhya Pradesh,2015,8.97,11.72,13.21,4.06,37.96000000000001,42.92
40,Betul,Madhya Pradesh,2016,4.07,21.06,10.12,4.86,40.11,42.39
40,Betul,Madhya Pradesh,2017,4.23,11.11,6.29,6.34,27.97,30.14
40,Betul,Madhya Pradesh,2018,5.48,9.27,5.99,3.9,24.64,25.46
40,Betul,Madhya Pradesh,2019,1.9,12.67,16.03,14.82,45.42,49.57
41,Rajgarh,Madhya Pradesh,1990,6.81,8.03,11.99,11.04,37.87,40.48
41,Rajgarh,Madhya Pradesh,1991,3.82,10.07,11.09,0.68,25.66,26.22
41,Rajgarh,Madhya Pradesh,1992,0.91,5.17,12.45,3.19,21.720000000000002,24.46
41,Rajgarh,Madhya Pradesh,1993,2.58,9.25,6.4,10.28,28.509999999999998,29.66
41,Rajgarh,Madhya Pradesh,1994,7.96,9.32,10.86,4.29,32.43,34.49
41,Rajgarh,Madhya Pradesh,1995,1.28,10.98,9.65,6.45,28.36,32.0
41,Rajgarh,Madhya Pradesh,1996,1.6,16.08,14.75,4.63,37.06,39.589999999999996
41,Rajgarh,Madhya Pradesh,1997,3.42,8.64,12.71,3.25,28.020000000000003,35.410000000000004
41,Rajgarh,Madhya Pradesh,1998,4.3,8.74,7.28,4.97,25.29,26.58
41,Rajgarh,Madhya Pradesh,1999,3.11,10.42,3.75,5.89,23.17,25.81
41,Rajgarh,Madhya Pradesh,2000,1.53,8.72,5.15,1.21,16.61,18.23
41,Rajgarh,Madhya Pradesh,2001,7.39,10.66,5.59,0.43,24.07,27.74
41,Rajgarh,Madhya Pradesh,2002,2.46,1.24,14.89,1.97,20.56,22.27
41,Rajgarh,Madhya Pradesh,2003,4.25,10.21,6.89,7.51,28.86,31.080000000000002
41,Rajgarh,Madhya Pradesh,2004,1.44,7.82,13.26,1.21,23.73,26.0
41,Rajgarh,Madhya Pradesh,2005,2.76,17.46,2.21,5.94,28.37,29.17
41,Rajgarh,Madhya Pradesh,2006,2.39,11.03,19.49,5.46,38.37,42.75
41,Rajgarh,Madhya Pradesh,2007,3.41,11.82,7.97,6.07,29.27,31.330000000000002
41,Rajgarh,Madhya Pradesh,2008,9.29,6.87,6.01,4.65,26.82,28.2
41,Rajgarh,Madhya Pradesh,2009,3.56,10.02,4.37,2.97,20.919999999999998,27.02
41,Rajgarh,Madhya Pradesh,2010,3.11,8.5,7.73,2.95,22.29,27.0
41,Rajgarh,Madhya Pradesh,2011,14.39,14.32,12.07,6.16,46.94,47.190000000000005
41,Rajgarh,Madhya Pradesh,2012,1.45,11.09,11.55,3.83,27.92,28.61
41,Rajgarh,Madhya Pradesh,2013,10.61,17.69,12.84,1.82,42.96,48.2
41,Rajgarh,Madhya Pradesh,2014,0.95,11.02,9.59,4.14,25.7,30.439999999999998
41,Rajgarh,Madhya Pradesh,2015,5.52,14.95,10.91,0.94,32.32,35.769999999999996
41,Rajgarh,Madhya Pradesh,2016,3.77,18.33,17.54,1.62,41.26,43.41
41,Rajgarh,Madhya Pradesh,2017,3.96,7.97,2.83,4.9,19.66,20.59
41,Rajgarh,Madhya Pradesh,2018,2.93,9.71,6.59,3.58,22.810000000000002,23.17
41,Rajgarh,Madhya Pradesh,2019,2.63,11.22,16.92,11.86,42.63,45.17
42,Shajapur,Madhya Pradesh,1990,8.06,8.2,13.57,11.52,41.349999999999994,44.42
42,Shajapur,Madhya Pradesh,1991,5.46,9.95,12.55,0.62,28.580000000000002,28.96
42,Shajapur,Madhya Pradesh,1992,1.53,5.35,11.85,3.01,21.740000000000002,24.43
42,Shajapur,Madhya Pradesh,1993,3.1,11.22,7.27,10.62,32.21,33.67
42,Shajapur,Madhya Pradesh,1994,10.61,9.31,13.93,4.87,38.72,41.33
42,Shajapur,Madhya Pradesh,1995,1.34,11.89,7.65,5.95,26.830000000000002,31.42
42,Shajapur,Madhya Pradesh,1996,2.06,16.45,15.01,6.04,39.559999999999995,42.3
42,Shajapur,Madhya Pradesh,1997,4.25,11.63,11.49,3.34,30.71,39.63
42,Shajapur,Madhya Pradesh,1998,5.11,9.45,8.05,6.2,28.81,30.63
42,Shajapur,Madhya Pradesh,1999,3.85,11.06,4.06,6.12,25.09,28.57
42,Shajapur,Madhya Pradesh,2000,2.11,12.45,6.5,1.08,22.14,24.23
42,Shajapur,Madhya Pradesh,2001,8.54,9.05,4.89,0.34,22.82,26.81
42,Shajapur,Madhya Pradesh,2002,3.31,1.33,16.04,2.4,23.08,25.119999999999997
42,Shajapur,Madhya Pradesh,2003,5.63,13.02,7.18,8.5,34.33,36.74
42,Shajapur,Madhya Pradesh,2004,1.67,8.36,12.96,1.5,24.490000000000002,26.830000000000002
42,Shajapur,Madhya Pradesh,2005,2.24,19.7,2.94,7.17,32.05,32.839999999999996
42,Shajapur,Madhya Pradesh,2006,2.66,12.14,25.04,6.42,46.260000000000005,51.86
42,Shajapur,Madhya Pradesh,2007,3.62,12.85,7.41,6.8,30.68,32.4
42,Shajapur,Madhya Pradesh,2008,6.96,6.98,5.92,4.59,24.45,25.75
42,Shajapur,Madhya Pradesh,2009,3.63,13.8,3.91,3.71,25.05,33.25
42,Shajapur,Madhya Pradesh,2010,3.21,7.71,7.97,3.36,22.25,27.39
42,Shajapur,Madhya Pradesh,2011,10.49,12.93,13.56,6.31,43.290000000000006,43.51
42,Shajapur,Madhya Pradesh,2012,2.05,11.91,14.28,3.94,32.18,32.75
42,Shajapur,Madhya Pradesh,2013,13.05,17.0,11.67,1.99,43.71,48.61
42,Shajapur,Madhya Pradesh,2014,0.8,13.0,7.54,4.32,25.66,30.51
42,Shajapur,Madhya Pradesh,2015,6.41,17.77,11.12,1.28,36.58,39.97
42,Shajapur,Madhya Pradesh,2016,4.55,20.15,18.02,2.38,45.1,47.48
42,Shajapur,Madhya Pradesh,2017,4.33,9.77,3.88,5.63,23.61,24.43
42,Shajapur,Madhya Pradesh,2018,3.74,11.04,7.38,2.93,25.09,25.65
42,Shajapur,Madhya Pradesh,2019,3.71,14.37,17.6,15.51,51.19,54.53
43,Hoshangabad,Madhya Pradesh,1990,11.17,9.48,15.49,13.01,49.15,53.02
43,Hoshangabad,Madhya Pradesh,1991,6.03,11.12,16.7,0.68,34.529999999999994,34.86
43,Hoshangabad,Madhya Pradesh,1992,1.83,5.69,14.52,3.46,25.5,28.17
43,Hoshangabad,Madhya Pradesh,1993,4.06,13.35,9.27,13.74,40.42,42.76
43,Hoshangabad,Madhya Pradesh,1994,13.24,12.2,18.13,5.32,48.88999999999999,52.31
43,Hoshangabad,Madhya Pradesh,1995,1.23,13.12,7.56,6.83,28.740000000000002,34.519999999999996
43,Hoshangabad,Madhya Pradesh,1996,2.43,18.06,18.23,7.43,46.15,49.56
43,Hoshangabad,Madhya Pradesh,1997,4.77,14.27,12.87,4.33,36.239999999999995,47.839999999999996
43,Hoshangabad,Madhya Pradesh,1998,5.83,11.27,10.12,7.13,34.35,37.66
43,Hoshangabad,Madhya Pradesh,1999,3.88,14.66,6.55,7.03,32.12,36.26
43,Hoshangabad,Madhya Pradesh,2000,2.59,17.46,8.43,1.65,30.13,32.29
43,Hoshangabad,Madhya Pradesh,2001,10.34,11.0,6.2,0.7,28.24,33.3
43,Hoshangabad,Madhya Pradesh,2002,3.94,1.79,20.07,3.44,29.240000000000002,31.79
43,Hoshangabad,Madhya Pradesh,2003,7.0,15.74,9.47,10.01,42.22,45.01
43,Hoshangabad,Madhya Pradesh,2004,2.33,9.81,14.65,1.36,28.15,30.92
43,Hoshangabad,Madhya Pradesh,2005,2.45,25.17,4.47,9.35,41.440000000000005,43.24
43,Hoshangabad,Madhya Pradesh,2006,3.13,15.11,32.43,7.64,58.31,65.25
43,Hoshangabad,Madhya Pradesh,2007,3.94,15.01,7.78,8.71,35.44,37.17
43,Hoshangabad,Madhya Pradesh,2008,7.0,8.75,7.38,5.55,28.68,30.15
43,Hoshangabad,Madhya Pradesh,2009,4.16,17.64,4.43,5.3,31.53,40.82
43,Hoshangabad,Madhya Pradesh,2010,3.63,9.88,9.15,4.39,27.050000000000004,32.67
43,Hoshangabad,Madhya Pradesh,2011,10.43,14.5,14.57,8.09,47.59,48.13
43,Hoshangabad,Madhya Pradesh,2012,3.15,14.44,19.37,3.73,40.69,41.38
43,Hoshangabad,Madhya Pradesh,2013,16.47,18.15,13.18,2.02,49.82,54.809999999999995
43,Hoshangabad,Madhya Pradesh,2014,1.21,15.99,7.11,4.81,29.119999999999997,34.31
43,Hoshangabad,Madhya Pradesh,2015,7.24,19.09,12.99,2.09,41.41,45.84
43,Hoshangabad,Madhya Pradesh,2016,4.78,26.02,16.5,3.13,50.43,52.31
43,Hoshangabad,Madhya Pradesh,2017,4.79,12.47,6.03,5.74,29.03,30.040000000000003
43,Hoshangabad,Madhya Pradesh,2018,4.66,14.48,8.84,4.32,32.3,32.97
43,Hoshangabad,Madhya Pradesh,2019,3.82,14.48,21.67,19.21,59.18,62.870000000000005
44,Srikakulam,Andhra Pradesh,1990,3.12,5.15,10.38,4.39,23.04,50.07
44,Srikakulam,Andhra Pradesh,1991,6.71,7.32,2.4,5.52,21.95,31.419999999999998
44,Srikakulam,Andhra Pradesh,1992,3.64,9.41,8.59,4.8,26.44,41.28
44,Srikakulam,Andhra Pradesh,1993,5.19,3.54,5.94,8.69,23.36,34.46
44,Srikakulam,Andhra Pradesh,1994,1.26,10.29,5.82,4.76,22.129999999999995,38.7
44,Srikakulam,Andhra Pradesh,1995,4.5,8.08,4.36,7.55,24.490000000000002,54.0
44,Srikakulam,Andhra Pradesh,1996,14.36,2.62,8.36,5.96,31.3,44.739999999999995
44,Srikakulam,Andhra Pradesh,1997,1.83,5.31,11.0,8.82,26.96,39.01
44,Srikakulam,Andhra Pradesh,1998,6.72,7.21,6.76,9.3,29.99,52.77
44,Srikakulam,Andhra Pradesh,1999,6.6,2.35,8.61,3.25,20.81,28.709999999999997
44,Srikakulam,Andhra Pradesh,2000,6.11,2.86,7.45,7.18,23.6,30.82
44,Srikakulam,Andhra Pradesh,2001,3.19,4.31,6.59,7.16,21.25,34.39
44,Srikakulam,Andhra Pradesh,2002,5.55,4.15,6.4,1.79,17.89,24.85
44,Srikakulam,Andhra Pradesh,2003,1.67,10.28,5.51,5.44,22.900000000000002,44.08
44,Srikakulam,Andhra Pradesh,2004,5.87,9.36,3.65,5.13,24.009999999999998,33.26
44,Srikakulam,Andhra Pradesh,2005,2.84,5.31,3.32,20.81,32.28,53.08
44,Srikakulam,Andhra Pradesh,2006,5.12,6.02,12.89,11.58,35.61,47.71
44,Srikakulam,Andhra Pradesh,2007,11.97,3.8,5.64,9.77,31.18,42.95
44,Srikakulam,Andhra Pradesh,2008,4.5,7.03,6.97,8.41,26.91,37.94
44,Srikakulam,Andhra Pradesh,2009,4.28,6.37,4.95,4.41,20.01,27.21
44,Srikakulam,Andhra Pradesh,2010,7.61,7.43,8.79,6.36,30.189999999999998,58.800000000000004
44,Srikakulam,Andhra Pradesh,2011,1.61,8.46,5.44,4.07,19.580000000000002,28.720000000000002
44,Srikakulam,Andhra Pradesh,2012,4.3,11.26,5.78,8.56,29.9,47.02
44,Srikakulam,Andhra Pradesh,2013,4.19,5.0,4.38,6.14,19.71,46.38
44,Srikakulam,Andhra Pradesh,2014,3.33,10.08,8.25,7.21,28.87,40.83
44,Srikakulam,Andhra Pradesh,2015,13.25,4.69,9.69,10.02,37.650000000000006,48.53
44,Srikakulam,Andhra Pradesh,2016,7.87,8.33,7.13,9.67,33.0,44.14
44,Srikakulam,Andhra Pradesh,2017,6.64,12.16,7.96,3.99,30.75,42.9
44,Srikakulam,Andhra Pradesh,2018,3.66,8.61,13.21,6.26,31.740000000000002,43.07
44,Srikakulam,Andhra Pradesh,2019,4.34,7.85,10.24,10.87,33.3,48.199999999999996
45,Visakhapatnam,Andhra Pradesh,1990,3.39,4.12,8.22,4.13,19.86,44.67
45,Visakhapatnam,Andhra Pradesh,1991,6.99,6.11,2.71,5.65,21.46,33.730000000000004
45,Visakhapatnam,Andhra Pradesh,1992,3.27,8.47,8.24,4.41,24.39,42.14
45,Visakhapatnam,Andhra Pradesh,1993,3.52,3.93,4.47,8.32,20.240000000000002,31.0
45,Visakhapatnam,Andhra Pradesh,1994,1.73,8.71,4.84,3.58,18.86,39.38
45,Visakhapatnam,Andhra Pradesh,1995,4.41,7.85,5.44,7.04,24.74,55.78
45,Visakhapatnam,Andhra Pradesh,1996,13.09,4.54,6.94,7.0,31.57,47.42
45,Visakhapatnam,Andhra Pradesh,1997,2.0,5.49,8.24,7.92,23.65,36.93
45,Visakhapatnam,Andhra Pradesh,1998,5.89,6.22,7.65,10.25,30.009999999999998,53.82
45,Visakhapatnam,Andhra Pradesh,1999,5.41,2.86,6.48,3.54,18.29,27.69
45,Visakhapatnam,Andhra Pradesh,2000,4.98,2.56,7.17,6.39,21.1,28.86
45,Visakhapatnam,Andhra Pradesh,2001,2.98,2.71,5.08,7.17,17.939999999999998,32.49
45,Visakhapatnam,Andhra Pradesh,2002,5.14,2.98,5.75,2.01,15.879999999999999,25.11
45,Visakhapatnam,Andhra Pradesh,2003,2.23,8.79,4.4,5.6,21.02,40.65
45,Visakhapatnam,Andhra Pradesh,2004,5.59,8.0,4.14,5.15,22.880000000000003,32.25
45,Visakhapatnam,Andhra Pradesh,2005,3.28,4.96,2.99,19.41,30.64,51.36
45,Visakhapatnam,Andhra Pradesh,2006,4.81,4.99,11.02,10.29,31.11,45.91
45,Visakhapatnam,Andhra Pradesh,2007,10.82,3.68,4.75,10.09,29.34,40.86
45,Visakhapatnam,Andhra Pradesh,2008,5.29,5.83,7.12,6.54,24.78,36.76
45,Visakhapatnam,Andhra Pradesh,2009,3.73,5.85,4.42,4.92,18.92,27.3
45,Visakhapatnam,Andhra Pradesh,2010,6.04,8.73,7.76,5.58,28.11,61.51
45,Visakhapatnam,Andhra Pradesh,2011,2.76,6.74,6.03,4.24,19.770000000000003,29.26
45,Visakhapatnam,Andhra Pradesh,2012,3.16,6.69,7.08,10.24,27.17,42.42
45,Visakhapatnam,Andhra Pradesh,2013,5.07,5.34,4.46,6.36,21.23,46.21
45,Visakhapatnam,Andhra Pradesh,2014,3.83,7.23,7.94,6.55,25.55,38.58
45,Visakhapatnam,Andhra Pradesh,2015,11.36,4.1,8.72,9.72,33.9,47.3
45,Visakhapatnam,Andhra Pradesh,2016,9.48,9.5,5.93,8.58,33.49,44.15
45,Visakhapatnam,Andhra Pradesh,2017,9.38,10.54,8.31,4.96,33.190000000000005,42.34
45,Visakhapatnam,Andhra Pradesh,2018,5.55,8.6,11.94,5.71,31.799999999999997,42.01
45,Visakhapatnam,Andhra Pradesh,2019,5.81,9.32,8.51,8.91,32.55,45.5
46,East Godavari,Andhra Pradesh,1990,4.88,2.73,6.42,3.95,17.98,35.94
46,East Godavari,Andhra Pradesh,1991,8.42,4.78,4.93,7.05,25.18,38.05
46,East Godavari,Andhra Pradesh,1992,2.42,7.74,9.25,4.89,24.3,42.17
46,East Godavari,Andhra Pradesh,1993,1.43,4.2,4.25,6.73,16.61,27.560000000000002
46,East Godavari,Andhra Pradesh,1994,2.38,9.14,4.2,2.01,17.729999999999997,42.61
46,East Godavari,Andhra Pradesh,1995,4.23,7.54,6.72,6.21,24.7,54.86
46,East Godavari,Andhra Pradesh,1996,11.5,10.28,5.31,6.42,33.51,48.339999999999996
46,East Godavari,Andhra Pradesh,1997,2.26,9.1,3.37,7.53,22.26,33.64
46,East Godavari,Andhra Pradesh,1998,3.72,4.82,10.2,11.66,30.400000000000002,52.98
46,East Godavari,Andhra Pradesh,1999,2.46,5.58,4.57,3.67,16.28,25.63
46,East Godavari,Andhra Pradesh,2000,4.35,3.23,8.63,4.86,21.07,28.36
46,East Godavari,Andhra Pradesh,2001,3.88,3.32,4.35,6.92,18.47,30.549999999999997
46,East Godavari,Andhra Pradesh,2002,3.58,1.57,6.04,2.12,13.310000000000002,24.74
46,East Godavari,Andhra Pradesh,2003,4.32,6.62,3.16,6.13,20.23,35.339999999999996
46,East Godavari,Andhra Pradesh,2004,4.02,6.15,5.73,6.25,22.15,31.45
46,East Godavari,Andhra Pradesh,2005,3.18,6.38,2.92,15.8,28.28,45.11
46,East Godavari,Andhra Pradesh,2006,4.23,4.06,8.42,7.97,24.68,47.83
46,East Godavari,Andhra Pradesh,2007,8.38,6.57,4.53,11.38,30.86,39.260000000000005
46,East Godavari,Andhra Pradesh,2008,6.42,5.31,9.2,4.29,25.22,37.65
46,East Godavari,Andhra Pradesh,2009,2.34,5.37,5.85,3.82,17.38,24.41
46,East Godavari,Andhra Pradesh,2010,5.05,9.75,8.32,8.56,31.68,62.18
46,East Godavari,Andhra Pradesh,2011,3.8,5.92,8.27,2.7,20.689999999999998,30.47
46,East Godavari,Andhra Pradesh,2012,4.6,8.42,8.56,12.08,33.66,49.36
46,East Godavari,Andhra Pradesh,2013,4.6,7.89,3.83,3.73,20.05,45.019999999999996
46,East Godavari,Andhra Pradesh,2014,1.4,6.01,5.66,3.15,16.22,26.32
46,East Godavari,Andhra Pradesh,2015,11.14,3.7,6.94,6.28,28.060000000000002,37.410000000000004
46,East Godavari,Andhra Pradesh,2016,9.8,6.98,4.37,7.7,28.85,37.56
46,East Godavari,Andhra Pradesh,2017,8.24,10.43,6.25,4.39,29.310000000000002,35.17
46,East Godavari,Andhra Pradesh,2018,4.86,9.55,8.7,3.36,26.47,35.68
46,East Godavari,Andhra Pradesh,2019,3.47,8.37,5.66,7.43,24.93,35.699999999999996
47,West Godavari,Andhra Pradesh,1990,4.49,2.61,5.68,4.47,17.25,34.5
47,West Godavari,Andhra Pradesh,1991,8.26,4.06,5.11,7.97,25.4,39.949999999999996
47,West Godavari,Andhra Pradesh,1992,2.0,6.54,8.61,5.76,22.909999999999997,41.66
47,West Godavari,Andhra Pradesh,1993,1.16,4.0,3.83,5.99,14.98,26.19
47,West Godavari,Andhra Pradesh,1994,2.19,9.48,4.16,2.07,17.9,47.08
47,West Godavari,Andhra Pradesh,1995,3.7,7.29,6.56,6.76,24.310000000000002,53.56
47,West Godavari,Andhra Pradesh,1996,11.17,9.63,5.0,6.1,31.9,48.68
47,West Godavari,Andhra Pradesh,1997,2.07,9.02,3.33,9.63,24.05,36.480000000000004
47,West Godavari,Andhra Pradesh,1998,3.38,4.45,9.43,11.15,28.409999999999997,50.13
47,West Godavari,Andhra Pradesh,1999,2.15,5.74,3.57,3.52,14.98,24.35
47,West Godavari,Andhra Pradesh,2000,4.82,3.81,9.42,5.3,23.35,31.4
47,West Godavari,Andhra Pradesh,2001,3.53,3.03,4.75,6.56,17.869999999999997,30.86
47,West Godavari,Andhra Pradesh,2002,3.09,1.43,6.27,1.87,12.66,25.759999999999998
47,West Godavari,Andhra Pradesh,2003,4.0,5.82,2.78,6.14,18.74,33.53
47,West Godavari,Andhra Pradesh,2004,3.63,5.44,5.11,6.0,20.18,29.52
47,West Godavari,Andhra Pradesh,2005,2.57,6.28,2.78,15.47,27.1,44.34
47,West Godavari,Andhra Pradesh,2006,4.33,3.81,7.04,7.14,22.32,49.7
47,West Godavari,Andhra Pradesh,2007,8.06,7.24,4.47,10.64,30.41,39.08
47,West Godavari,Andhra Pradesh,2008,5.62,5.45,9.47,4.64,25.18,38.76
47,West Godavari,Andhra Pradesh,2009,2.46,4.4,6.04,3.76,16.66,24.69
47,West Godavari,Andhra Pradesh,2010,4.75,9.64,8.01,11.02,33.42,65.54
47,West Godavari,Andhra Pradesh,2011,3.48,6.38,7.13,2.26,19.25,29.18
47,West Godavari,Andhra Pradesh,2012,4.49,7.44,8.12,12.08,32.129999999999995,48.94
47,West Godavari,Andhra Pradesh,2013,4.21,7.61,3.61,3.66,19.09,44.65
47,West Godavari,Andhra Pradesh,2014,1.07,6.24,5.83,3.41,16.55,25.970000000000002
47,West Godavari,Andhra Pradesh,2015,10.65,4.03,7.02,6.88,28.58,38.94
47,West Godavari,Andhra Pradesh,2016,11.57,5.55,4.25,7.25,28.62,38.43
47,West Godavari,Andhra Pradesh,2017,8.74,9.54,6.57,4.53,29.380000000000003,35.31
47,West Godavari,Andhra Pradesh,2018,5.99,9.47,9.66,3.4,28.52,37.5
47,West Godavari,Andhra Pradesh,2019,3.41,9.29,6.23,6.45,25.38,35.86
48,Krishna,Andhra Pradesh,1990,3.93,3.0,5.34,5.12,17.39,35.13
48,Krishna,Andhra Pradesh,1991,8.09,3.29,5.43,9.34,26.15,42.12
48,Krishna,Andhra Pradesh,1992,1.5,4.66,7.36,6.61,20.13,37.75
48,Krishna,Andhra Pradesh,1993,1.17,3.94,3.41,4.65,13.17,25.17
48,Krishna,Andhra Pradesh,1994,1.82,9.88,4.61,2.12,18.430000000000003,50.94
48,Krishna,Andhra Pradesh,1995,2.77,6.62,5.86,7.01,22.259999999999998,47.66
48,Krishna,Andhra Pradesh,1996,10.6,7.26,4.73,5.21,27.8,44.83
48,Krishna,Andhra Pradesh,1997,1.9,8.03,3.77,12.95,26.65,40.89
48,Krishna,Andhra Pradesh,1998,2.95,4.35,7.93,9.04,24.27,42.58
48,Krishna,Andhra Pradesh,1999,2.07,5.45,3.15,3.2,13.870000000000001,22.45
48,Krishna,Andhra Pradesh,2000,5.9,4.9,11.42,5.48,27.7,36.51
48,Krishna,Andhra Pradesh,2001,2.88,2.7,5.87,5.72,17.169999999999998,31.7
48,Krishna,Andhra Pradesh,2002,2.59,1.65,6.66,1.43,12.33,27.349999999999998
48,Krishna,Andhra Pradesh,2003,2.89,5.5,2.88,5.54,16.81,30.5
48,Krishna,Andhra Pradesh,2004,3.41,5.08,3.67,5.61,17.77,27.490000000000002
48,Krishna,Andhra Pradesh,2005,1.7,6.27,2.8,13.18,23.95,41.49
48,Krishna,Andhra Pradesh,2006,4.24,3.96,4.74,6.07,19.009999999999998,50.63
48,Krishna,Andhra Pradesh,2007,8.26,7.89,5.02,8.15,29.32,38.39
48,Krishna,Andhra Pradesh,2008,3.81,6.15,9.64,5.56,25.16,40.36
48,Krishna,Andhra Pradesh,2009,2.71,2.82,6.46,4.15,16.14,26.2
48,Krishna,Andhra Pradesh,2010,4.11,9.06,7.31,13.66,34.14,64.72
48,Krishna,Andhra Pradesh,2011,2.57,6.82,5.82,1.39,16.6,25.8
48,Krishna,Andhra Pradesh,2012,3.66,5.73,6.52,10.43,26.34,43.04
48,Krishna,Andhra Pradesh,2013,4.17,6.95,4.34,3.82,19.28,41.95
48,Krishna,Andhra Pradesh,2014,0.73,6.23,5.73,4.25,16.94,25.77
48,Krishna,Andhra Pradesh,2015,9.92,3.91,6.46,4.21,24.5,33.19
48,Krishna,Andhra Pradesh,2016,11.6,4.57,5.09,8.2,29.46,39.78
48,Krishna,Andhra Pradesh,2017,7.17,7.24,6.64,4.75,25.8,31.24
48,Krishna,Andhra Pradesh,2018,5.48,7.42,7.38,2.93,23.21,30.71
48,Krishna,Andhra Pradesh,2019,3.35,7.28,5.8,5.91,22.34,32.85
49,Guntur,Andhra Pradesh,1990,3.54,3.2,5.25,4.88,16.87,33.3
49,Guntur,Andhra Pradesh,1991,7.84,3.29,5.44,8.25,24.82,37.88
49,Guntur,Andhra Pradesh,1992,1.66,4.2,7.17,6.15,19.18,33.1
49,Guntur,Andhra Pradesh,1993,1.25,4.04,3.37,4.11,12.77,23.19
49,Guntur,Andhra Pradesh,1994,1.94,9.99,4.66,2.24,18.83,45.26
49,Guntur,Andhra Pradesh,1995,2.53,5.54,4.39,6.16,18.62,39.36
49,Guntur,Andhra Pradesh,1996,9.79,6.64,4.98,3.88,25.29,38.33
49,Guntur,Andhra Pradesh,1997,1.86,8.03,4.01,12.35,26.25,39.08
49,Guntur,Andhra Pradesh,1998,2.99,4.4,6.86,7.77,22.02,35.97
49,Guntur,Andhra Pradesh,1999,2.06,5.14,2.93,3.01,13.139999999999999,19.67
49,Guntur,Andhra Pradesh,2000,6.32,4.98,11.05,4.88,27.23,35.08
49,Guntur,Andhra Pradesh,2001,2.9,2.65,6.14,5.01,16.7,29.83
49,Guntur,Andhra Pradesh,2002,2.41,1.8,7.15,1.04,12.399999999999999,24.96
49,Guntur,Andhra Pradesh,2003,2.74,5.78,2.93,4.97,16.419999999999998,27.91
49,Guntur,Andhra Pradesh,2004,2.94,4.69,3.31,5.13,16.07,24.8
49,Guntur,Andhra Pradesh,2005,1.67,6.46,2.96,11.93,23.02,38.97
49,Guntur,Andhra Pradesh,2006,4.35,4.12,4.49,5.59,18.549999999999997,43.83
49,Guntur,Andhra Pradesh,2007,7.86,8.03,4.91,7.02,27.82,34.98
49,Guntur,Andhra Pradesh,2008,3.56,6.02,9.44,5.47,24.49,37.91
49,Guntur,Andhra Pradesh,2009,2.95,2.8,6.59,5.06,17.4,26.84
49,Guntur,Andhra Pradesh,2010,3.41,8.56,6.51,10.43,28.91,50.83
49,Guntur,Andhra Pradesh,2011,3.2,6.32,6.36,0.97,16.849999999999998,23.86
49,Guntur,Andhra Pradesh,2012,3.55,6.22,6.0,8.5,24.27,39.019999999999996
49,Guntur,Andhra Pradesh,2013,4.7,6.22,6.24,3.64,20.8,41.95
49,Guntur,Andhra Pradesh,2014,0.62,5.56,5.38,3.93,15.489999999999998,24.39
49,Guntur,Andhra Pradesh,2015,7.29,3.86,4.98,4.67,20.800000000000004,27.080000000000002
49,Guntur,Andhra Pradesh,2016,9.18,3.29,4.75,6.65,23.869999999999997,30.69
49,Guntur,Andhra Pradesh,2017,6.31,10.05,6.45,4.05,26.86,32.35
49,Guntur,Andhra Pradesh,2018,5.14,6.5,9.04,2.69,23.37,30.22
49,Guntur,Andhra Pradesh,2019,3.14,8.31,5.82,6.87,24.140000000000004,33.51
50,S.P.S.Nellore,Andhra Pradesh,1990,1.28,3.03,2.34,2.02,8.67,35.43
50,S.P.S.Nellore,Andhra Pradesh,1991,9.36,1.51,3.4,3.57,17.84,44.68
50,S.P.S.Nellore,Andhra Pradesh,1992,0.38,3.82,4.73,1.4,10.33,28.96
50,S.P.S.Nellore,Andhra Pradesh,1993,0.76,3.07,5.03,1.78,10.639999999999999,38.74
50,S.P.S.Nellore,Andhra Pradesh,1994,0.62,2.11,3.97,0.54,7.24,41.6
50,S.P.S.Nellore,Andhra Pradesh,1995,0.82,4.46,3.89,3.71,12.879999999999999,34.86
50,S.P.S.Nellore,Andhra Pradesh,1996,10.36,1.95,2.78,3.61,18.7,47.36
50,S.P.S.Nellore,Andhra Pradesh,1997,0.85,1.97,2.22,5.68,10.719999999999999,40.05
50,S.P.S.Nellore,Andhra Pradesh,1998,0.64,1.98,3.79,5.01,11.42,27.98
50,S.P.S.Nellore,Andhra Pradesh,1999,0.91,0.78,3.28,2.17,7.14,19.689999999999998
50,S.P.S.Nellore,Andhra Pradesh,2000,2.26,3.81,6.16,3.67,15.9,33.89
50,S.P.S.Nellore,Andhra Pradesh,2001,1.06,1.51,2.01,4.8,9.379999999999999,33.57
50,S.P.S.Nellore,Andhra Pradesh,2002,0.51,1.12,3.6,2.52,7.75,31.02
50,S.P.S.Nellore,Andhra Pradesh,2003,0.75,7.1,2.76,3.34,13.95,27.349999999999998
50,S.P.S.Nellore,Andhra Pradesh,2004,0.95,2.51,0.55,5.96,9.969999999999999,34.77
50,S.P.S.Nellore,Andhra Pradesh,2005,0.44,1.71,2.05,2.82,7.02,42.83
50,S.P.S.Nellore,Andhra Pradesh,2006,1.77,2.34,1.66,4.26,10.03,33.43
50,S.P.S.Nellore,Andhra Pradesh,2007,4.58,5.82,4.68,2.78,17.86,39.69
50,S.P.S.Nellore,Andhra Pradesh,2008,0.47,2.24,3.66,2.26,8.629999999999999,30.73
50,S.P.S.Nellore,Andhra Pradesh,2009,1.5,1.11,6.54,3.71,12.86,32.660000000000004
50,S.P.S.Nellore,Andhra Pradesh,2010,3.18,3.52,6.24,2.66,15.600000000000001,42.08
50,S.P.S.Nellore,Andhra Pradesh,2011,1.65,2.78,4.38,2.1,10.909999999999998,33.15
50,S.P.S.Nellore,Andhra Pradesh,2012,1.53,2.95,2.27,2.32,9.07,25.17
50,S.P.S.Nellore,Andhra Pradesh,2013,2.96,4.89,5.06,4.35,17.259999999999998,31.25
50,S.P.S.Nellore,Andhra Pradesh,2014,1.31,1.96,2.77,2.57,8.61,24.66
50,S.P.S.Nellore,Andhra Pradesh,2015,2.06,1.92,5.48,5.22,14.68,47.15
50,S.P.S.Nellore,Andhra Pradesh,2016,3.19,2.23,1.81,1.83,9.06,20.56
50,S.P.S.Nellore,Andhra Pradesh,2017,3.41,3.96,5.75,6.17,19.29,30.91
50,S.P.S.Nellore,Andhra Pradesh,2018,1.25,1.13,3.43,2.62,8.43,17.47
50,S.P.S.Nellore,Andhra Pradesh,2019,0.86,3.76,4.66,5.68,14.96,32.17
51,Kurnool,Andhra Pradesh,1990,1.97,2.67,4.48,2.86,11.98,21.1
51,Kurnool,Andhra Pradesh,1991,6.94,4.48,3.27,3.95,18.64,21.35
51,Kurnool,Andhra Pradesh,1992,2.27,3.71,5.9,2.02,13.9,19.31
51,Kurnool,Andhra Pradesh,1993,0.88,3.0,6.99,3.47,14.340000000000002,23.34
51,Kurnool,Andhra Pradesh,1994,1.57,3.55,4.12,0.48,9.72,21.5
51,Kurnool,Andhra Pradesh,1995,2.59,5.78,7.15,4.84,20.36,28.7
51,Kurnool,Andhra Pradesh,1996,5.6,3.25,7.3,5.57,21.72,31.68
51,Kurnool,Andhra Pradesh,1997,3.78,3.51,2.99,6.46,16.74,25.78
51,Kurnool,Andhra Pradesh,1998,2.68,4.69,3.81,10.85,22.03,30.97
51,Kurnool,Andhra Pradesh,1999,1.45,2.49,4.76,3.35,12.049999999999999,15.86
51,Kurnool,Andhra Pradesh,2000,6.41,2.45,9.44,3.23,21.529999999999998,26.849999999999998
51,Kurnool,Andhra Pradesh,2001,1.98,2.93,3.1,6.52,14.53,22.56
51,Kurnool,Andhra Pradesh,2002,2.19,3.27,4.39,1.23,11.08,22.79
51,Kurnool,Andhra Pradesh,2003,2.96,3.69,4.23,3.43,14.31,20.28
51,Kurnool,Andhra Pradesh,2004,0.86,4.35,0.95,4.91,11.07,20.669999999999998
51,Kurnool,Andhra Pradesh,2005,3.28,8.0,5.07,4.7,21.05,35.11
51,Kurnool,Andhra Pradesh,2006,4.17,3.25,2.48,7.21,17.11,26.62
51,Kurnool,Andhra Pradesh,2007,16.1,2.63,8.3,6.21,33.24,37.77
51,Kurnool,Andhra Pradesh,2008,2.05,3.89,5.8,4.4,16.14,25.12
51,Kurnool,Andhra Pradesh,2009,3.43,1.03,4.26,7.91,16.63,25.65
51,Kurnool,Andhra Pradesh,2010,2.92,9.29,5.97,5.15,23.33,29.18
51,Kurnool,Andhra Pradesh,2011,1.53,3.02,4.81,0.76,10.12,14.7
51,Kurnool,Andhra Pradesh,2012,1.49,5.44,2.65,4.18,13.76,20.63
51,Kurnool,Andhra Pradesh,2013,2.35,3.92,4.81,6.88,17.959999999999997,24.95
51,Kurnool,Andhra Pradesh,2014,1.6,5.05,6.52,4.0,17.17,23.57
51,Kurnool,Andhra Pradesh,2015,2.04,1.97,2.72,5.14,11.870000000000001,17.82
51,Kurnool,Andhra Pradesh,2016,4.08,3.95,3.47,5.97,17.470000000000002,20.56
51,Kurnool,Andhra Pradesh,2017,5.01,2.64,4.37,5.71,17.73,22.97
51,Kurnool,Andhra Pradesh,2018,2.33,2.0,3.25,2.93,10.51,12.58
51,Kurnool,Andhra Pradesh,2019,1.5,2.45,4.78,6.66,15.39,21.45
52,Anantapur,Andhra Pradesh,1990,1.99,1.21,1.25,2.62,7.07,14.209999999999999
52,Anantapur,Andhra Pradesh,1991,5.0,1.03,1.12,2.84,9.99,15.99
52,Anantapur,Andhra Pradesh,1992,2.26,2.22,2.46,1.99,8.93,15.5
52,Anantapur,Andhra Pradesh,1993,1.53,1.37,3.76,2.94,9.6,18.01
52,Anantapur,Andhra Pradesh,1994,0.81,2.24,1.55,1.61,6.210000000000001,15.0
52,Anantapur,Andhra Pradesh,1995,0.74,4.77,6.11,3.6,15.22,20.12
52,Anantapur,Andhra Pradesh,1996,4.77,1.33,2.34,6.16,14.6,24.19
52,Anantapur,Andhra Pradesh,1997,3.16,0.84,2.03,4.2,10.23,17.23
52,Anantapur,Andhra Pradesh,1998,0.58,4.42,7.06,4.23,16.29,22.83
52,Anantapur,Andhra Pradesh,1999,1.09,1.7,3.46,6.45,12.7,19.37
52,Anantapur,Andhra Pradesh,2000,2.93,1.66,2.82,2.74,10.15,16.7
52,Anantapur,Andhra Pradesh,2001,1.23,1.37,1.8,7.9,12.3,19.93
52,Anantapur,Andhra Pradesh,2002,1.94,0.77,1.13,1.89,5.7299999999999995,14.1
52,Anantapur,Andhra Pradesh,2003,0.73,1.41,1.81,0.73,4.68,11.39
52,Anantapur,Andhra Pradesh,2004,0.38,3.44,0.65,3.52,7.99,17.85
52,Anantapur,Andhra Pradesh,2005,2.21,4.46,4.49,4.3,15.46,27.78
52,Anantapur,Andhra Pradesh,2006,2.11,1.16,0.84,4.33,8.44,19.0
52,Anantapur,Andhra Pradesh,2007,6.65,2.82,4.18,6.48,20.130000000000003,28.71
52,Anantapur,Andhra Pradesh,2008,2.39,3.23,4.69,4.26,14.57,24.91
52,Anantapur,Andhra Pradesh,2009,1.48,0.66,4.98,5.81,12.93,21.46
52,Anantapur,Andhra Pradesh,2010,2.01,6.01,4.57,2.18,14.77,26.36
52,Anantapur,Andhra Pradesh,2011,1.98,3.55,3.2,0.87,9.6,18.32
52,Anantapur,Andhra Pradesh,2012,0.91,3.05,2.75,2.57,9.28,16.43
52,Anantapur,Andhra Pradesh,2013,1.86,1.6,2.12,6.91,12.49,19.04
52,Anantapur,Andhra Pradesh,2014,2.26,1.09,3.48,3.1,9.93,17.41
52,Anantapur,Andhra Pradesh,2015,2.32,0.98,1.97,4.1,9.37,20.8
52,Anantapur,Andhra Pradesh,2016,3.43,2.64,1.35,1.72,9.14,14.1
52,Anantapur,Andhra Pradesh,2017,3.53,1.51,2.96,6.26,14.26,23.73
52,Anantapur,Andhra Pradesh,2018,1.4,0.81,1.0,5.56,8.77,12.02
52,Anantapur,Andhra Pradesh,2019,1.29,1.17,3.67,6.93,13.059999999999999,23.849999999999998
53,Kadapa YSR,Andhra Pradesh,1990,1.78,2.01,1.97,2.44,8.2,22.32
53,Kadapa YSR,Andhra Pradesh,1991,8.0,1.57,2.1,3.46,15.129999999999999,27.16
53,Kadapa YSR,Andhra Pradesh,1992,1.36,3.27,3.5,1.66,9.79,19.25
53,Kadapa YSR,Andhra Pradesh,1993,1.07,2.11,4.69,2.68,10.55,25.55
53,Kadapa YSR,Andhra Pradesh,1994,0.75,2.05,2.77,0.9,6.470000000000001,22.47
53,Kadapa YSR,Andhra Pradesh,1995,0.89,5.03,5.3,3.7,14.919999999999998,25.33
53,Kadapa YSR,Andhra Pradesh,1996,7.28,1.85,3.12,4.97,17.22,32.82
53,Kadapa YSR,Andhra Pradesh,1997,1.98,1.46,2.2,5.77,11.41,26.18
53,Kadapa YSR,Andhra Pradesh,1998,0.8,3.92,6.09,5.71,16.52,26.11
53,Kadapa YSR,Andhra Pradesh,1999,1.13,1.42,3.67,4.32,10.54,18.69
53,Kadapa YSR,Andhra Pradesh,2000,3.11,2.79,4.73,2.96,13.59,23.95
53,Kadapa YSR,Andhra Pradesh,2001,1.13,1.48,1.98,6.84,11.43,24.8
53,Kadapa YSR,Andhra Pradesh,2002,1.4,1.19,1.98,2.27,6.84,20.33
53,Kadapa YSR,Andhra Pradesh,2003,0.97,4.09,2.32,2.07,9.45,18.57
53,Kadapa YSR,Andhra Pradesh,2004,0.54,3.46,0.55,4.83,9.379999999999999,23.15
53,Kadapa YSR,Andhra Pradesh,2005,1.69,3.44,3.71,3.49,12.33,32.74
53,Kadapa YSR,Andhra Pradesh,2006,2.25,1.59,1.0,4.68,9.52,23.81
53,Kadapa YSR,Andhra Pradesh,2007,7.0,4.19,4.99,4.86,21.04,32.69
53,Kadapa YSR,Andhra Pradesh,2008,1.79,3.33,4.23,3.57,12.920000000000002,25.560000000000002
53,Kadapa YSR,Andhra Pradesh,2009,1.69,0.77,5.35,4.96,12.77,24.22
53,Kadapa YSR,Andhra Pradesh,2010,2.62,5.45,5.12,1.8,14.990000000000002,29.72
53,Kadapa YSR,Andhra Pradesh,2011,1.54,3.2,3.98,1.56,10.280000000000001,21.86
53,Kadapa YSR,Andhra Pradesh,2012,1.41,2.95,2.23,2.25,8.84,18.88
53,Kadapa YSR,Andhra Pradesh,2013,2.39,3.09,3.67,6.28,15.43,22.92
53,Kadapa YSR,Andhra Pradesh,2014,2.0,1.55,3.17,3.03,9.75,19.05
53,Kadapa YSR,Andhra Pradesh,2015,2.44,1.49,3.68,4.73,12.34,34.22
53,Kadapa YSR,Andhra Pradesh,2016,3.37,3.27,1.42,1.64,9.700000000000001,16.28
53,Kadapa YSR,Andhra Pradesh,2017,3.94,3.59,4.38,6.52,18.43,28.58
53,Kadapa YSR,Andhra Pradesh,2018,1.49,1.02,1.65,3.57,7.73,12.93
53,Kadapa YSR,Andhra Pradesh,2019,0.92,2.09,4.58,6.55,14.14,25.8
54,Chittoor,Andhra Pradesh,1990,1.12,2.22,2.76,3.59,9.69,30.5
54,Chittoor,Andhra Pradesh,1991,7.68,1.84,3.12,3.58,16.22,34.83
54,Chittoor,Andhra Pradesh,1992,1.46,2.99,3.38,2.21,10.04,23.919999999999998
54,Chittoor,Andhra Pradesh,1993,1.91,2.68,4.64,2.99,12.22,35.1
54,Chittoor,Andhra Pradesh,1994,1.1,2.59,3.42,1.25,8.36,30.01
54,Chittoor,Andhra Pradesh,1995,0.89,4.09,6.16,4.26,15.4,30.64
54,Chittoor,Andhra Pradesh,1996,9.11,1.77,3.73,5.77,20.38,42.79
54,Chittoor,Andhra Pradesh,1997,1.79,1.39,2.84,4.66,10.68,36.76
54,Chittoor,Andhra Pradesh,1998,0.95,3.72,5.45,4.45,14.57,30.36
54,Chittoor,Andhra Pradesh,1999,1.98,1.82,3.6,3.76,11.16,25.02
54,Chittoor,Andhra Pradesh,2000,2.09,3.63,4.46,4.39,14.57,30.45
54,Chittoor,Andhra Pradesh,2001,1.48,3.03,1.71,5.61,11.83,32.57
54,Chittoor,Andhra Pradesh,2002,1.38,1.27,2.86,2.95,8.46,25.88
54,Chittoor,Andhra Pradesh,2003,1.42,4.97,3.43,2.63,12.45,24.12
54,Chittoor,Andhra Pradesh,2004,1.34,3.47,1.22,6.94,12.97,34.03
54,Chittoor,Andhra Pradesh,2005,0.89,2.78,3.19,3.89,10.75,45.800000000000004
54,Chittoor,Andhra Pradesh,2006,2.53,2.39,1.98,3.49,10.39,29.9
54,Chittoor,Andhra Pradesh,2007,3.53,5.63,5.31,4.5,18.97,35.88
54,Chittoor,Andhra Pradesh,2008,1.34,3.34,4.44,3.15,12.270000000000001,35.58
54,Chittoor,Andhra Pradesh,2009,1.5,1.7,4.94,6.77,14.91,30.23
54,Chittoor,Andhra Pradesh,2010,3.43,4.01,5.34,3.2,15.98,36.49
54,Chittoor,Andhra Pradesh,2011,1.1,3.72,4.75,3.58,13.15,31.580000000000002
54,Chittoor,Andhra Pradesh,2012,2.21,3.21,3.67,2.47,11.56,26.759999999999998
54,Chittoor,Andhra Pradesh,2013,3.09,3.23,4.79,6.31,17.419999999999998,28.06
54,Chittoor,Andhra Pradesh,2014,3.29,1.0,3.23,3.93,11.45,25.26
54,Chittoor,Andhra Pradesh,2015,2.6,2.12,4.81,3.99,13.520000000000001,54.14
54,Chittoor,Andhra Pradesh,2016,4.4,4.3,0.82,2.26,11.78,21.13
54,Chittoor,Andhra Pradesh,2017,3.05,4.77,5.74,6.6,20.159999999999997,35.05
54,Chittoor,Andhra Pradesh,2018,2.28,1.73,2.27,3.36,9.639999999999999,20.6
54,Chittoor,Andhra Pradesh,2019,1.67,2.81,5.7,6.96,17.14,30.5
56,Nizamabad,Telangana,1990,5.88,5.22,10.62,3.25,24.97,35.35
56,Nizamabad,Telangana,1991,7.3,6.4,6.36,3.69,23.75,26.22
56,Nizamabad,Telangana,1992,4.32,4.73,9.84,2.85,21.740000000000002,26.330000000000002
56,Nizamabad,Telangana,1993,2.88,7.27,5.38,5.42,20.949999999999996,26.71
56,Nizamabad,Telangana,1994,3.76,7.69,9.65,2.15,23.25,31.17
56,Nizamabad,Telangana,1995,5.44,8.22,5.29,4.88,23.83,38.11
56,Nizamabad,Telangana,1996,3.06,6.92,9.37,7.06,26.41,32.43
56,Nizamabad,Telangana,1997,3.62,6.66,6.08,3.05,19.41,27.97
56,Nizamabad,Telangana,1998,3.07,9.05,8.67,5.91,26.7,34.19
56,Nizamabad,Telangana,1999,3.37,4.25,5.14,4.28,17.04,21.21
56,Nizamabad,Telangana,2000,6.28,4.64,11.11,2.03,24.060000000000002,27.48
56,Nizamabad,Telangana,2001,5.02,2.91,7.54,3.36,18.83,25.21
56,Nizamabad,Telangana,2002,5.94,3.07,10.07,1.47,20.549999999999997,25.470000000000002
56,Nizamabad,Telangana,2003,3.22,10.49,6.63,2.63,22.97,28.21
56,Nizamabad,Telangana,2004,1.56,8.46,2.6,3.41,16.03,22.630000000000003
56,Nizamabad,Telangana,2005,4.81,12.56,4.92,8.26,30.549999999999997,39.66
56,Nizamabad,Telangana,2006,3.3,6.62,9.72,9.27,28.91,36.89
56,Nizamabad,Telangana,2007,5.22,3.29,7.35,9.26,25.119999999999997,27.259999999999998
56,Nizamabad,Telangana,2008,3.35,4.86,12.74,7.28,28.230000000000004,36.36
56,Nizamabad,Telangana,2009,3.59,4.23,9.3,3.8,20.92,26.5
56,Nizamabad,Telangana,2010,4.65,10.71,9.6,7.03,31.990000000000002,37.24
56,Nizamabad,Telangana,2011,2.35,8.98,7.78,2.99,22.1,24.1
56,Nizamabad,Telangana,2012,3.71,7.21,5.65,5.31,21.88,24.77
56,Nizamabad,Telangana,2013,6.93,14.67,4.2,4.2,30.0,37.95
56,Nizamabad,Telangana,2014,2.31,5.32,5.75,3.73,17.11,22.67
56,Nizamabad,Telangana,2015,3.92,2.16,5.34,3.04,14.46,19.04
56,Nizamabad,Telangana,2016,4.83,6.66,2.05,9.34,22.88,25.89
56,Nizamabad,Telangana,2017,4.22,5.0,5.23,2.35,16.8,20.1
56,Nizamabad,Telangana,2018,4.67,3.38,7.52,1.59,17.16,19.13
56,Nizamabad,Telangana,2019,2.18,6.68,6.34,6.4,21.6,26.64
57,Medak,Telangana,1990,5.37,4.38,9.45,3.46,22.66,33.46
57,Medak,Telangana,1991,7.12,5.51,6.55,4.42,23.6,26.21
57,Medak,Telangana,1992,4.57,4.07,9.35,2.96,20.950000000000003,26.36
57,Medak,Telangana,1993,2.76,6.71,5.76,4.77,20.0,25.77
57,Medak,Telangana,1994,3.53,5.78,8.11,1.87,19.290000000000003,28.66
57,Medak,Telangana,1995,5.19,7.71,5.75,4.82,23.47,38.94
57,Medak,Telangana,1996,3.03,6.58,10.4,6.09,26.099999999999998,32.82
57,Medak,Telangana,1997,2.33,6.35,5.6,3.38,17.66,26.4
57,Medak,Telangana,1998,2.44,8.35,8.57,5.55,24.91,32.86
57,Medak,Telangana,1999,2.27,4.15,4.16,4.17,14.75,19.0
57,Medak,Telangana,2000,7.88,3.41,12.85,1.98,26.12,30.33
57,Medak,Telangana,2001,6.11,2.32,7.68,4.02,20.13,26.37
57,Medak,Telangana,2002,5.78,2.75,8.43,1.36,18.32,24.18
57,Medak,Telangana,2003,2.75,9.61,5.82,2.35,20.53,26.54
57,Medak,Telangana,2004,1.35,8.21,2.35,3.87,15.780000000000001,23.1
57,Medak,Telangana,2005,4.11,12.52,4.7,7.99,29.32,39.37
57,Medak,Telangana,2006,3.24,6.37,8.08,8.39,26.08,34.79
57,Medak,Telangana,2007,5.19,3.19,7.45,9.14,24.970000000000002,27.25
57,Medak,Telangana,2008,2.44,4.21,14.13,6.88,27.66,37.550000000000004
57,Medak,Telangana,2009,3.06,2.94,10.36,4.24,20.6,25.98
57,Medak,Telangana,2010,4.79,10.66,8.73,7.01,31.189999999999998,36.44
57,Medak,Telangana,2011,1.97,8.14,7.34,2.56,20.01,22.34
57,Medak,Telangana,2012,3.82,6.98,5.12,4.58,20.5,23.98
57,Medak,Telangana,2013,6.39,11.1,4.01,4.86,26.36,35.39
57,Medak,Telangana,2014,1.96,5.03,6.73,3.02,16.740000000000002,22.23
57,Medak,Telangana,2015,3.2,1.86,4.3,3.88,13.239999999999998,17.919999999999998
57,Medak,Telangana,2016,4.89,5.9,2.28,10.43,23.5,26.79
57,Medak,Telangana,2017,4.62,4.94,5.23,3.43,18.220000000000002,22.380000000000003
57,Medak,Telangana,2018,3.69,2.96,5.82,2.18,14.65,17.39
57,Medak,Telangana,2019,2.23,5.21,5.8,6.85,20.089999999999996,25.58
58,Mahabubnagar,Telangana,1990,2.65,2.92,5.48,2.99,14.040000000000001,23.52
58,Mahabubnagar,Telangana,1991,6.47,4.58,4.19,4.27,19.51,21.95
58,Mahabubnagar,Telangana,1992,2.99,3.57,6.67,2.33,15.56,21.05
58,Mahabubnagar,Telangana,1993,1.36,3.86,6.69,3.66,15.57,23.45
58,Mahabubnagar,Telangana,1994,2.04,3.74,4.79,0.82,11.39,22.75
58,Mahabubnagar,Telangana,1995,3.27,6.01,6.72,4.89,20.89,31.4
58,Mahabubnagar,Telangana,1996,4.69,3.98,8.47,5.2,22.34,31.27
58,Mahabubnagar,Telangana,1997,2.95,4.14,3.54,5.52,16.15,25.15
58,Mahabubnagar,Telangana,1998,2.51,5.22,4.62,9.27,21.619999999999997,30.419999999999998
58,Mahabubnagar,Telangana,1999,1.35,2.89,4.35,3.39,11.98,15.79
58,Mahabubnagar,Telangana,2000,7.2,2.37,10.92,2.83,23.32,28.42
58,Mahabubnagar,Telangana,2001,3.39,2.67,4.28,5.73,16.07,23.310000000000002
58,Mahabubnagar,Telangana,2002,3.05,3.09,5.08,1.18,12.399999999999999,22.55
58,Mahabubnagar,Telangana,2003,2.85,4.94,4.46,3.05,15.3,21.31
58,Mahabubnagar,Telangana,2004,0.96,5.18,1.28,4.66,12.08,20.89
58,Mahabubnagar,Telangana,2005,3.25,9.13,4.83,5.45,22.66,35.54
58,Mahabubnagar,Telangana,2006,3.92,4.07,3.58,7.22,18.79,28.03
58,Mahabubnagar,Telangana,2007,13.23,2.65,8.04,6.83,30.75,34.33
58,Mahabubnagar,Telangana,2008,1.8,3.71,8.14,4.86,18.51,28.09
58,Mahabubnagar,Telangana,2009,3.36,1.26,5.92,6.53,17.07,24.26
58,Mahabubnagar,Telangana,2010,3.27,9.31,5.87,5.72,24.169999999999998,29.18
58,Mahabubnagar,Telangana,2011,1.41,3.87,5.07,1.14,11.490000000000002,14.98
58,Mahabubnagar,Telangana,2012,2.01,5.61,3.07,4.04,14.73,20.61
58,Mahabubnagar,Telangana,2013,3.19,4.64,4.68,6.49,19.0,26.99
58,Mahabubnagar,Telangana,2014,1.5,4.86,7.56,3.5,17.42,23.46
58,Mahabubnagar,Telangana,2015,1.99,1.87,2.81,5.37,12.04,17.240000000000002
58,Mahabubnagar,Telangana,2016,4.03,4.25,2.95,7.3,18.53,21.29
58,Mahabubnagar,Telangana,2017,4.6,3.01,4.21,6.03,17.85,22.62
58,Mahabubnagar,Telangana,2018,2.08,2.72,3.48,2.99,11.270000000000001,13.8
58,Mahabubnagar,Telangana,2019,1.44,2.27,4.27,5.43,13.41,18.75
59,Nalgonda,Telangana,1990,3.61,3.3,6.45,3.2,16.56,27.76
59,Nalgonda,Telangana,1991,6.55,4.03,5.27,4.89,20.74,25.099999999999998
59,Nalgonda,Telangana,1992,3.16,3.38,7.36,3.1,17.0,23.84
59,Nalgonda,Telangana,1993,1.91,4.67,4.84,3.73,15.15,21.82
59,Nalgonda,Telangana,1994,2.46,5.29,5.71,1.51,14.97,27.48
59,Nalgonda,Telangana,1995,3.36,5.53,4.74,4.48,18.11,32.550000000000004
59,Nalgonda,Telangana,1996,4.6,5.16,7.91,4.4,22.07,30.0
59,Nalgonda,Telangana,1997,1.85,5.43,4.26,5.59,17.13,26.119999999999997
59,Nalgonda,Telangana,1998,2.15,5.79,6.3,5.86,20.099999999999998,28.37
59,Nalgonda,Telangana,1999,1.6,3.58,3.39,3.41,11.98,16.14
59,Nalgonda,Telangana,2000,7.07,2.95,11.32,2.42,23.759999999999998,28.990000000000002
59,Nalgonda,Telangana,2001,4.56,2.05,5.89,4.14,16.64,24.049999999999997
59,Nalgonda,Telangana,2002,3.94,2.25,6.31,1.04,13.54,21.41
59,Nalgonda,Telangana,2003,2.41,6.92,4.17,2.74,16.240000000000002,23.27
59,Nalgonda,Telangana,2004,1.37,5.82,1.98,3.85,13.02,20.66
59,Nalgonda,Telangana,2005,2.88,9.12,3.73,7.25,22.98,34.61
59,Nalgonda,Telangana,2006,3.24,4.78,5.25,6.7,19.97,31.11
59,Nalgonda,Telangana,2007,6.95,3.67,6.26,7.26,24.14,27.509999999999998
59,Nalgonda,Telangana,2008,2.08,3.79,10.59,5.37,21.830000000000002,32.39
59,Nalgonda,Telangana,2009,2.69,2.0,7.9,4.7,17.29,23.240000000000002
59,Nalgonda,Telangana,2010,2.61,9.2,5.14,5.45,22.4,30.419999999999998
59,Nalgonda,Telangana,2011,1.7,4.82,5.13,1.04,12.690000000000001,15.5
59,Nalgonda,Telangana,2012,2.65,5.28,3.81,4.07,15.81,21.92
59,Nalgonda,Telangana,2013,4.85,4.5,7.29,4.7,21.34,33.49
59,Nalgonda,Telangana,2014,0.86,3.63,4.95,3.98,13.420000000000002,19.5
59,Nalgonda,Telangana,2015,3.91,1.77,2.67,3.28,11.629999999999999,14.63
59,Nalgonda,Telangana,2016,4.86,3.51,2.8,6.17,17.340000000000003,20.919999999999998
59,Nalgonda,Telangana,2017,4.48,6.87,6.19,5.88,23.42,27.75
59,Nalgonda,Telangana,2018,3.78,3.72,4.62,2.53,14.65,18.02
59,Nalgonda,Telangana,2019,2.4,3.23,5.23,5.55,16.41,23.49
60,Warangal,Telangana,1990,5.03,4.88,10.04,3.07,23.02,33.33
60,Warangal,Telangana,1991,6.89,5.91,6.02,3.8,22.62,25.83
60,Warangal,Telangana,1992,3.67,4.68,9.34,2.42,20.11,24.89
60,Warangal,Telangana,1993,2.31,6.17,4.58,4.88,17.94,23.09
60,Warangal,Telangana,1994,3.34,7.64,9.11,1.77,21.86,30.31
60,Warangal,Telangana,1995,4.9,7.12,4.77,3.99,20.78,35.73
60,Warangal,Telangana,1996,3.52,6.82,8.16,6.71,25.21,30.91
60,Warangal,Telangana,1997,3.28,6.59,5.62,3.74,19.229999999999997,27.39
60,Warangal,Telangana,1998,2.93,8.57,7.85,5.04,24.39,31.6
60,Warangal,Telangana,1999,3.26,3.9,4.71,3.66,15.530000000000001,19.09
60,Warangal,Telangana,2000,5.66,4.46,10.57,2.08,22.770000000000003,26.17
60,Warangal,Telangana,2001,4.11,2.81,6.88,2.82,16.62,22.66
60,Warangal,Telangana,2002,5.29,2.83,9.64,1.26,19.020000000000003,24.04
60,Warangal,Telangana,2003,3.04,10.07,6.0,2.68,21.79,27.69
60,Warangal,Telangana,2004,1.49,7.55,2.52,3.03,14.589999999999998,21.2
60,Warangal,Telangana,2005,4.71,11.19,4.23,8.1,28.229999999999997,37.54
60,Warangal,Telangana,2006,2.97,5.85,9.05,8.88,26.75,35.07
60,Warangal,Telangana,2007,5.2,3.06,6.55,8.72,23.53,25.990000000000002
60,Warangal,Telangana,2008,3.56,4.73,11.43,6.65,26.369999999999997,35.09
60,Warangal,Telangana,2009,3.39,4.07,8.52,3.0,18.98,24.35
60,Warangal,Telangana,2010,2.87,11.6,9.59,7.58,31.64,37.45
60,Warangal,Telangana,2011,2.39,5.85,5.83,1.75,15.82,17.73
60,Warangal,Telangana,2012,2.83,7.36,5.68,4.67,20.54,24.26
60,Warangal,Telangana,2013,6.12,9.25,5.2,4.94,25.51,36.01
60,Warangal,Telangana,2014,1.22,4.22,4.47,2.72,12.63,17.84
60,Warangal,Telangana,2015,4.3,2.07,2.53,2.79,11.689999999999998,14.61
60,Warangal,Telangana,2016,5.93,7.32,3.05,7.93,24.23,28.509999999999998
60,Warangal,Telangana,2017,6.24,8.25,6.02,4.52,25.029999999999998,30.189999999999998
60,Warangal,Telangana,2018,5.14,5.84,7.86,2.27,21.11,23.79
60,Warangal,Telangana,2019,2.06,5.16,9.55,6.27,23.040000000000003,30.07
61,Khammam,Telangana,1990,3.87,3.61,6.6,3.89,17.97,31.439999999999998
61,Khammam,Telangana,1991,7.26,4.12,5.51,6.16,23.05,30.4
61,Khammam,Telangana,1992,2.55,4.06,7.65,4.25,18.509999999999998,27.57
61,Khammam,Telangana,1993,1.72,4.69,4.07,4.11,14.59,22.39
61,Khammam,Telangana,1994,2.36,8.11,5.8,1.89,18.16,34.589999999999996
61,Khammam,Telangana,1995,3.13,5.51,4.21,4.92,17.770000000000003,34.75
61,Khammam,Telangana,1996,7.0,6.15,6.53,4.2,23.88,32.92
61,Khammam,Telangana,1997,2.15,6.95,4.4,8.36,21.86,31.78
61,Khammam,Telangana,1998,2.76,5.65,6.84,6.43,21.68,31.86
61,Khammam,Telangana,1999,2.17,4.41,3.49,3.25,13.32,18.13
61,Khammam,Telangana,2000,6.6,4.17,11.09,3.3,25.16,30.98
61,Khammam,Telangana,2001,3.7,2.55,6.24,4.2,16.69,26.12
61,Khammam,Telangana,2002,3.48,2.21,7.34,1.03,14.059999999999999,22.9
61,Khammam,Telangana,2003,2.69,7.07,3.96,3.74,17.46,26.21
61,Khammam,Telangana,2004,2.23,5.67,2.77,4.26,14.93,22.58
61,Khammam,Telangana,2005,2.68,8.35,3.5,9.42,23.95,36.79
61,Khammam,Telangana,2006,3.78,4.77,5.59,6.64,20.779999999999998,36.29
61,Khammam,Telangana,2007,7.3,5.64,5.69,7.35,25.979999999999997,30.41
61,Khammam,Telangana,2008,3.11,5.11,10.16,5.59,23.970000000000002,34.99
61,Khammam,Telangana,2009,2.97,2.82,7.31,4.62,17.72,24.82
61,Khammam,Telangana,2010,2.43,9.24,5.61,6.5,23.78,36.69
61,Khammam,Telangana,2011,2.67,5.21,6.03,0.79,14.7,18.64
61,Khammam,Telangana,2012,2.9,5.98,4.76,5.99,19.630000000000003,28.54
61,Khammam,Telangana,2013,5.16,5.19,7.88,4.29,22.52,38.59
61,Khammam,Telangana,2014,0.65,4.03,4.66,3.9,13.24,20.56
61,Khammam,Telangana,2015,5.51,3.01,3.5,3.71,15.73,18.88
61,Khammam,Telangana,2016,7.49,3.96,3.78,6.67,21.9,26.18
61,Khammam,Telangana,2017,6.06,9.44,6.95,4.64,27.09,32.14
61,Khammam,Telangana,2018,4.34,5.55,7.5,2.13,19.52,23.85
61,Khammam,Telangana,2019,2.63,5.33,6.2,6.16,20.32,28.03
62,Karimnagar,Telangana,1990,5.43,5.81,11.76,2.92,25.92,35.68
62,Karimnagar,Telangana,1991,7.06,7.0,5.96,3.13,23.15,26.07
62,Karimnagar,Telangana,1992,3.42,5.55,10.03,2.09,21.09,24.779999999999998
62,Karimnagar,Telangana,1993,2.33,6.65,4.22,5.59,18.79,23.8
62,Karimnagar,Telangana,1994,3.55,9.53,11.06,1.95,26.09,32.77
62,Karimnagar,Telangana,1995,5.28,7.8,4.62,4.12,21.82,35.99
62,Karimnagar,Telangana,1996,3.41,7.09,7.34,7.99,25.83,30.8
62,Karimnagar,Telangana,1997,4.6,6.93,6.21,2.95,20.689999999999998,28.62
62,Karimnagar,Telangana,1998,3.56,9.43,7.93,5.29,26.21,33.05
62,Karimnagar,Telangana,1999,4.39,3.84,6.08,3.77,18.080000000000002,21.349999999999998
62,Karimnagar,Telangana,2000,4.02,5.74,9.07,2.12,20.95,23.44
62,Karimnagar,Telangana,2001,2.97,3.5,6.77,2.2,15.440000000000001,21.45
62,Karimnagar,Telangana,2002,5.5,3.25,11.62,1.39,21.759999999999998,25.89
62,Karimnagar,Telangana,2003,3.51,11.21,7.11,2.96,24.790000000000003,30.0
62,Karimnagar,Telangana,2004,1.63,7.94,2.72,2.51,14.8,20.89
62,Karimnagar,Telangana,2005,5.73,11.29,4.51,8.38,29.910000000000004,38.45
62,Karimnagar,Telangana,2006,2.94,6.01,10.88,10.09,29.919999999999998,37.11
62,Karimnagar,Telangana,2007,5.3,2.81,6.58,9.08,23.77,26.07
62,Karimnagar,Telangana,2008,4.53,5.55,10.08,7.19,27.35,34.47
62,Karimnagar,Telangana,2009,4.02,5.47,7.67,2.61,19.769999999999996,25.55
62,Karimnagar,Telangana,2010,2.58,12.66,12.31,8.92,36.47,42.02
62,Karimnagar,Telangana,2011,2.83,6.66,6.4,2.45,18.34,20.07
62,Karimnagar,Telangana,2012,2.95,9.3,7.61,5.3,25.16,28.38
62,Karimnagar,Telangana,2013,7.07,13.2,5.14,4.8,30.21,39.88
62,Karimnagar,Telangana,2014,1.8,5.08,4.67,3.98,15.530000000000001,20.74
62,Karimnagar,Telangana,2015,5.02,3.23,3.25,3.52,15.02,18.61
62,Karimnagar,Telangana,2016,6.42,9.94,3.39,8.24,27.990000000000002,32.77
62,Karimnagar,Telangana,2017,6.99,8.64,5.14,3.73,24.5,29.95
62,Karimnagar,Telangana,2018,5.48,7.55,10.84,2.46,26.330000000000002,28.5
62,Karimnagar,Telangana,2019,2.48,7.03,11.14,7.1,27.75,34.44
63,Adilabad,Telangana,1990,7.55,7.43,10.4,2.54,27.92,36.54
63,Adilabad,Telangana,1991,6.83,7.76,5.68,1.72,21.99,23.7
63,Adilabad,Telangana,1992,3.68,5.51,10.43,3.44,23.06,26.45
63,Adilabad,Telangana,1993,4.82,9.44,5.11,7.45,26.82,32.93
63,Adilabad,Telangana,1994,4.81,12.48,12.21,4.4,33.9,39.4
63,Adilabad,Telangana,1995,4.42,10.59,4.39,6.81,26.209999999999997,35.67
63,Adilabad,Telangana,1996,2.43,6.89,7.09,7.51,23.92,28.81
63,Adilabad,Telangana,1997,6.21,6.52,7.28,2.77,22.78,31.18
63,Adilabad,Telangana,1998,4.21,9.02,8.05,6.97,28.25,35.31
63,Adilabad,Telangana,1999,5.3,5.27,8.33,5.83,24.729999999999997,29.16
63,Adilabad,Telangana,2000,3.78,7.62,7.7,2.03,21.130000000000003,23.68
63,Adilabad,Telangana,2001,4.68,4.46,7.17,2.79,19.1,26.18
63,Adilabad,Telangana,2002,7.28,3.46,11.94,1.92,24.6,28.13
63,Adilabad,Telangana,2003,5.57,11.34,8.23,3.46,28.6,32.5
63,Adilabad,Telangana,2004,2.46,8.26,3.74,2.81,17.27,22.11
63,Adilabad,Telangana,2005,5.46,11.65,5.35,8.69,31.15,38.64
63,Adilabad,Telangana,2006,3.96,8.68,12.76,10.18,35.58,41.99
63,Adilabad,Telangana,2007,6.22,4.83,7.23,8.74,27.020000000000003,28.75
63,Adilabad,Telangana,2008,5.02,5.96,8.31,7.9,27.189999999999998,31.73
63,Adilabad,Telangana,2009,4.87,7.96,6.55,3.01,22.39,28.33
63,Adilabad,Telangana,2010,4.47,12.19,12.57,7.66,36.89,41.79
63,Adilabad,Telangana,2011,3.35,9.22,8.2,4.28,25.05,26.86
63,Adilabad,Telangana,2012,3.99,10.19,6.98,6.96,28.12,30.45
63,Adilabad,Telangana,2013,9.24,18.12,5.12,4.06,36.54,43.410000000000004
63,Adilabad,Telangana,2014,2.41,7.82,5.07,5.12,20.42,25.36
63,Adilabad,Telangana,2015,6.89,3.9,7.41,4.12,22.32,27.16
63,Adilabad,Telangana,2016,6.75,12.79,2.94,7.9,30.380000000000003,34.64
63,Adilabad,Telangana,2017,6.44,7.67,4.85,3.89,22.85,26.28
63,Adilabad,Telangana,2018,5.99,7.85,11.85,2.23,27.919999999999998,29.64
63,Adilabad,Telangana,2019,2.74,9.37,8.3,5.98,26.39,30.48
65,Kolar,Karnataka,1990,1.4,1.45,3.26,3.75,9.86,22.77
65,Kolar,Karnataka,1991,6.38,1.76,3.22,5.1,16.46,29.13
65,Kolar,Karnataka,1992,3.39,2.71,2.78,3.99,12.87,22.38
65,Kolar,Karnataka,1993,3.27,2.51,2.97,5.23,13.98,29.94
65,Kolar,Karnataka,1994,1.19,3.68,2.18,1.88,8.93,21.76
65,Kolar,Karnataka,1995,1.51,3.3,5.95,5.02,15.78,26.43
65,Kolar,Karnataka,1996,7.72,1.39,6.28,7.02,22.41,36.62
65,Kolar,Karnataka,1997,2.18,1.21,3.6,5.85,12.84,31.11
65,Kolar,Karnataka,1998,1.68,5.41,8.35,5.48,20.92,34.58
65,Kolar,Karnataka,1999,2.61,2.72,2.74,5.09,13.16,27.01
65,Kolar,Karnataka,2000,2.17,3.73,5.03,5.83,16.759999999999998,31.15
65,Kolar,Karnataka,2001,1.3,3.39,1.87,6.9,13.46,30.2
65,Kolar,Karnataka,2002,3.04,1.16,1.71,2.89,8.8,22.11
65,Kolar,Karnataka,2003,1.88,3.17,3.66,2.46,11.170000000000002,21.71
65,Kolar,Karnataka,2004,1.26,5.68,1.75,7.75,16.439999999999998,33.57
65,Kolar,Karnataka,2005,1.28,3.61,4.83,5.05,14.77,43.31
65,Kolar,Karnataka,2006,3.36,1.68,1.74,2.53,9.31,23.83
65,Kolar,Karnataka,2007,2.25,5.72,5.52,6.07,19.56,34.21
65,Kolar,Karnataka,2008,1.56,5.76,6.8,3.31,17.43,36.16
65,Kolar,Karnataka,2009,2.32,1.49,4.05,8.64,16.5,27.42
65,Kolar,Karnataka,2010,3.68,3.67,5.28,4.09,16.72,32.86
65,Kolar,Karnataka,2011,0.59,3.03,4.23,3.74,11.59,24.1
65,Kolar,Karnataka,2012,1.99,2.66,3.31,2.21,10.170000000000002,21.54
65,Kolar,Karnataka,2013,2.7,2.57,4.49,7.81,17.57,27.13
65,Kolar,Karnataka,2014,3.18,0.91,2.35,4.51,10.95,20.5
65,Kolar,Karnataka,2015,2.37,1.26,2.55,3.6,9.78,26.830000000000002
65,Kolar,Karnataka,2016,5.04,4.71,1.68,1.29,12.719999999999999,20.41
65,Kolar,Karnataka,2017,1.64,1.96,7.59,10.39,21.58,38.17
65,Kolar,Karnataka,2018,2.07,2.09,2.48,4.53,11.170000000000002,22.71
65,Kolar,Karnataka,2019,2.08,2.03,4.44,5.83,14.38,29.45
66,Tumkur,Karnataka,1990,2.02,1.9,2.57,1.86,8.35,15.51
66,Tumkur,Karnataka,1991,5.34,2.44,2.93,4.01,14.719999999999999,22.38
66,Tumkur,Karnataka,1992,4.94,2.69,3.45,3.07,14.150000000000002,24.11
66,Tumkur,Karnataka,1993,3.19,3.3,2.71,4.31,13.509999999999998,23.64
66,Tumkur,Karnataka,1994,2.01,5.73,1.95,2.34,12.03,21.41
66,Tumkur,Karnataka,1995,2.59,3.25,5.26,4.31,15.41,23.91
66,Tumkur,Karnataka,1996,5.68,1.73,5.48,7.25,20.14,28.9
66,Tumkur,Karnataka,1997,5.38,1.97,3.72,4.02,15.09,25.63
66,Tumkur,Karnataka,1998,2.31,5.21,7.46,4.79,19.77,29.67
66,Tumkur,Karnataka,1999,2.21,3.48,2.19,5.41,13.29,24.48
66,Tumkur,Karnataka,2000,2.57,2.97,5.26,5.98,16.78,26.44
66,Tumkur,Karnataka,2001,1.5,3.23,2.18,6.33,13.24,23.34
66,Tumkur,Karnataka,2002,3.48,1.07,1.58,2.26,8.39,18.67
66,Tumkur,Karnataka,2003,2.3,2.05,3.15,1.27,8.77,16.5
66,Tumkur,Karnataka,2004,1.32,5.82,2.05,4.96,14.150000000000002,25.93
66,Tumkur,Karnataka,2005,1.9,6.77,5.21,5.35,19.229999999999997,37.23
66,Tumkur,Karnataka,2006,3.79,2.14,1.6,2.94,10.469999999999999,21.330000000000002
66,Tumkur,Karnataka,2007,4.26,4.71,4.44,6.65,20.060000000000002,32.55
66,Tumkur,Karnataka,2008,2.01,5.24,7.03,3.53,17.810000000000002,31.669999999999998
66,Tumkur,Karnataka,2009,3.32,1.91,5.66,7.2,18.09,28.05
66,Tumkur,Karnataka,2010,2.73,5.06,4.7,4.61,17.099999999999998,32.78
66,Tumkur,Karnataka,2011,1.81,2.45,3.82,2.36,10.44,20.12
66,Tumkur,Karnataka,2012,1.04,1.96,4.13,2.23,9.36,17.65
66,Tumkur,Karnataka,2013,2.9,4.27,2.94,6.67,16.78,27.73
66,Tumkur,Karnataka,2014,3.2,3.11,3.84,5.0,15.15,26.18
66,Tumkur,Karnataka,2015,2.36,1.43,2.43,4.05,10.27,25.23
66,Tumkur,Karnataka,2016,4.05,3.97,1.4,1.34,10.76,17.24
66,Tumkur,Karnataka,2017,1.93,1.75,6.24,9.08,19.0,34.22
66,Tumkur,Karnataka,2018,2.18,1.75,2.39,4.97,11.29,21.88
66,Tumkur,Karnataka,2019,1.84,1.6,3.61,5.47,12.52,26.82
67,Mysore,Karnataka,1990,2.53,2.54,3.49,2.13,10.690000000000001,19.759999999999998
67,Mysore,Karnataka,1991,7.23,3.8,3.65,3.9,18.580000000000002,26.61
67,Mysore,Karnataka,1992,5.97,4.33,3.62,3.96,17.880000000000003,28.86
67,Mysore,Karnataka,1993,4.85,4.19,2.54,4.37,15.95,28.86
67,Mysore,Karnataka,1994,3.52,6.83,2.24,2.09,14.68,25.27
67,Mysore,Karnataka,1995,3.87,4.09,5.19,4.51,17.66,28.3
67,Mysore,Karnataka,1996,6.82,3.0,6.47,6.21,22.5,32.45
67,Mysore,Karnataka,1997,4.58,3.99,4.73,4.54,17.84,30.97
67,Mysore,Karnataka,1998,3.87,6.76,7.81,5.79,24.229999999999997,36.47
67,Mysore,Karnataka,1999,3.6,4.49,2.16,4.0,14.25,28.6
67,Mysore,Karnataka,2000,3.3,3.8,6.08,5.14,18.32,29.65
67,Mysore,Karnataka,2001,2.5,4.06,2.37,5.78,14.71,29.03
67,Mysore,Karnataka,2002,4.87,1.63,1.91,2.13,10.54,23.009999999999998
67,Mysore,Karnataka,2003,3.87,3.11,3.29,1.54,11.809999999999999,21.32
67,Mysore,Karnataka,2004,2.64,6.73,2.69,5.68,17.740000000000002,32.86
67,Mysore,Karnataka,2005,2.75,5.69,4.94,4.89,18.270000000000003,39.28
67,Mysore,Karnataka,2006,5.31,2.52,2.25,3.65,13.73,26.87
67,Mysore,Karnataka,2007,3.93,6.45,5.53,6.74,22.65,36.51
67,Mysore,Karnataka,2008,2.83,6.56,7.02,3.39,19.8,35.89
67,Mysore,Karnataka,2009,3.89,3.71,4.32,6.43,18.35,29.21
67,Mysore,Karnataka,2010,3.5,4.93,5.27,4.66,18.36,35.76
67,Mysore,Karnataka,2011,2.22,3.19,4.26,3.09,12.76,25.08
67,Mysore,Karnataka,2012,1.82,1.86,3.79,2.88,10.350000000000001,19.31
67,Mysore,Karnataka,2013,4.1,6.51,3.7,6.1,20.409999999999997,31.76
67,Mysore,Karnataka,2014,4.12,5.12,3.81,5.91,18.96,29.84
67,Mysore,Karnataka,2015,2.9,1.21,2.12,3.45,9.68,25.830000000000002
67,Mysore,Karnataka,2016,4.04,4.08,1.65,1.11,10.88,17.93
67,Mysore,Karnataka,2017,1.09,1.38,6.04,8.99,17.5,33.26
67,Mysore,Karnataka,2018,2.05,2.17,2.32,4.36,10.899999999999999,23.2
67,Mysore,Karnataka,2019,1.76,2.23,4.77,5.51,14.27,30.08
68,Mandya,Karnataka,1990,2.53,2.54,3.49,2.13,10.690000000000001,19.759999999999998
68,Mandya,Karnataka,1991,7.23,3.8,3.65,3.9,18.580000000000002,26.61
68,Mandya,Karnataka,1992,5.97,4.33,3.62,3.96,17.880000000000003,28.86
68,Mandya,Karnataka,1993,4.85,4.19,2.54,4.37,15.95,28.86
68,Mandya,Karnataka,1994,3.52,6.83,2.24,2.09,14.68,25.27
68,Mandya,Karnataka,1995,3.87,4.09,5.19,4.51,17.66,28.3
68,Mandya,Karnataka,1996,6.82,3.0,6.47,6.21,22.5,32.45
68,Mandya,Karnataka,1997,4.58,3.99,4.73,4.54,17.84,30.97
68,Mandya,Karnataka,1998,3.87,6.76,7.81,5.79,24.229999999999997,36.47
68,Mandya,Karnataka,1999,3.6,4.49,2.16,4.0,14.25,28.6
68,Mandya,Karnataka,2000,3.3,3.8,6.08,5.14,18.32,29.65
68,Mandya,Karnataka,2001,2.5,4.06,2.37,5.78,14.71,29.03
68,Mandya,Karnataka,2002,4.87,1.63,1.91,2.13,10.54,23.009999999999998
68,Mandya,Karnataka,2003,3.87,3.11,3.29,1.54,11.809999999999999,21.32
68,Mandya,Karnataka,2004,2.64,6.73,2.69,5.68,17.740000000000002,32.86
68,Mandya,Karnataka,2005,2.75,5.69,4.94,4.89,18.270000000000003,39.28
68,Mandya,Karnataka,2006,5.31,2.52,2.25,3.65,13.73,26.87
68,Mandya,Karnataka,2007,3.93,6.45,5.53,6.74,22.65,36.51
68,Mandya,Karnataka,2008,2.83,6.56,7.02,3.39,19.8,35.89
68,Mandya,Karnataka,2009,3.89,3.71,4.32,6.43,18.35,29.21
68,Mandya,Karnataka,2010,3.5,4.93,5.27,4.66,18.36,35.76
68,Mandya,Karnataka,2011,2.22,3.19,4.26,3.09,12.76,25.08
68,Mandya,Karnataka,2012,1.82,1.86,3.79,2.88,10.350000000000001,19.31
68,Mandya,Karnataka,2013,4.1,6.51,3.7,6.1,20.409999999999997,31.76
68,Mandya,Karnataka,2014,4.12,5.12,3.81,5.91,18.96,29.84
68,Mandya,Karnataka,2015,2.9,1.21,2.12,3.45,9.68,25.830000000000002
68,Mandya,Karnataka,2016,4.04,4.08,1.65,1.11,10.88,17.93
68,Mandya,Karnataka,2017,1.09,1.38,6.04,8.99,17.5,33.26
68,Mandya,Karnataka,2018,2.05,2.17,2.32,4.36,10.899999999999999,23.2
68,Mandya,Karnataka,2019,1.76,2.23,4.77,5.51,14.27,30.08
69,Hassan,Karnataka,1990,8.03,8.81,9.72,2.73,29.290000000000003,39.55
69,Hassan,Karnataka,1991,15.17,13.75,9.12,2.52,40.56,46.65
69,Hassan,Karnataka,1992,12.09,11.95,10.38,4.54,38.96,51.9
69,Hassan,Karnataka,1993,9.3,16.57,6.88,3.75,36.5,49.36
69,Hassan,Karnataka,1994,14.51,18.25,8.51,3.04,44.309999999999995,55.82
69,Hassan,Karnataka,1995,10.65,13.35,9.11,4.85,37.96,49.22
69,Hassan,Karnataka,1996,12.86,10.02,8.06,6.92,37.86,45.64
69,Hassan,Karnataka,1997,14.57,16.13,12.1,2.97,45.769999999999996,54.22
69,Hassan,Karnataka,1998,12.23,12.67,8.91,8.86,42.67,53.4
69,Hassan,Karnataka,1999,9.37,13.91,5.43,3.85,32.56,49.04
69,Hassan,Karnataka,2000,10.42,7.06,9.11,4.01,30.6,40.19
69,Hassan,Karnataka,2001,10.33,10.89,6.74,5.52,33.480000000000004,46.47
69,Hassan,Karnataka,2002,9.22,4.89,5.62,2.99,22.72,36.81
69,Hassan,Karnataka,2003,12.87,8.56,6.69,2.14,30.26,38.2
69,Hassan,Karnataka,2004,8.23,11.73,7.83,3.5,31.29,47.96
69,Hassan,Karnataka,2005,9.17,15.72,8.69,6.88,40.46,55.37
69,Hassan,Karnataka,2006,11.46,9.67,6.35,7.36,34.84,50.730000000000004
69,Hassan,Karnataka,2007,14.24,10.32,10.08,11.03,45.67,57.86
69,Hassan,Karnataka,2008,10.59,9.72,10.28,4.75,35.34,50.76
69,Hassan,Karnataka,2009,8.48,15.38,10.63,9.23,43.72,56.63
69,Hassan,Karnataka,2010,9.16,17.91,11.4,8.96,47.43,66.64
69,Hassan,Karnataka,2011,8.26,12.5,11.38,6.69,38.83,50.08
69,Hassan,Karnataka,2012,8.33,7.68,13.53,6.22,35.76,45.74
69,Hassan,Karnataka,2013,15.35,23.61,11.24,7.94,58.14,70.09
69,Hassan,Karnataka,2014,8.62,18.66,13.97,8.75,50.0,62.04
69,Hassan,Karnataka,2015,6.71,4.75,4.53,4.98,20.970000000000002,35.36
69,Hassan,Karnataka,2016,5.28,5.24,2.89,1.85,15.26,20.67
69,Hassan,Karnataka,2017,2.76,3.29,6.49,7.03,19.57,32.410000000000004
69,Hassan,Karnataka,2018,3.53,3.64,3.44,5.08,15.69,28.34
69,Hassan,Karnataka,2019,2.34,3.67,6.94,5.81,18.759999999999998,32.4
72,Chitradurga,Karnataka,1990,2.31,2.87,2.16,0.8,8.14,13.77
72,Chitradurga,Karnataka,1991,6.14,3.07,2.99,2.61,14.809999999999999,20.28
72,Chitradurga,Karnataka,1992,5.54,2.57,3.76,2.0,13.87,25.11
72,Chitradurga,Karnataka,1993,2.57,4.21,3.29,2.47,12.540000000000001,21.79
72,Chitradurga,Karnataka,1994,2.77,6.82,2.57,2.29,14.45,25.77
72,Chitradurga,Karnataka,1995,2.46,3.31,3.57,2.47,11.81,19.08
72,Chitradurga,Karnataka,1996,5.52,1.97,3.65,6.98,18.119999999999997,26.24
72,Chitradurga,Karnataka,1997,8.35,2.65,3.09,1.02,15.11,23.12
72,Chitradurga,Karnataka,1998,2.49,3.3,4.66,3.87,14.32,21.02
72,Chitradurga,Karnataka,1999,1.75,3.3,1.99,4.46,11.5,20.81
72,Chitradurga,Karnataka,2000,4.01,2.61,4.47,5.22,16.31,22.95
72,Chitradurga,Karnataka,2001,1.75,3.47,2.44,4.06,11.719999999999999,17.419999999999998
72,Chitradurga,Karnataka,2002,2.3,0.96,3.03,1.74,8.03,15.719999999999999
72,Chitradurga,Karnataka,2003,2.11,1.43,2.66,0.75,6.95,13.79
72,Chitradurga,Karnataka,2004,1.67,4.19,2.34,3.57,11.77,20.78
72,Chitradurga,Karnataka,2005,2.8,9.61,4.11,4.69,21.21,32.75
72,Chitradurga,Karnataka,2006,4.19,3.02,1.97,3.62,12.8,23.01
72,Chitradurga,Karnataka,2007,6.26,3.93,3.42,6.88,20.49,30.779999999999998
72,Chitradurga,Karnataka,2008,2.17,3.14,5.32,3.3,13.93,26.95
72,Chitradurga,Karnataka,2009,3.74,3.27,5.98,6.59,19.58,29.32
72,Chitradurga,Karnataka,2010,2.94,6.54,5.04,4.43,18.95,34.28
72,Chitradurga,Karnataka,2011,2.42,2.9,3.68,1.49,10.49,16.86
72,Chitradurga,Karnataka,2012,1.9,2.4,4.34,2.68,11.32,20.1
72,Chitradurga,Karnataka,2013,2.63,3.7,2.16,4.8,13.29,23.98
72,Chitradurga,Karnataka,2014,2.45,3.64,5.88,3.48,15.45,28.97
72,Chitradurga,Karnataka,2015,1.94,1.43,3.45,4.12,10.940000000000001,19.990000000000002
72,Chitradurga,Karnataka,2016,2.61,3.3,1.01,1.8,8.72,12.95
72,Chitradurga,Karnataka,2017,2.27,2.1,2.04,5.43,11.84,19.98
72,Chitradurga,Karnataka,2018,3.13,1.4,1.6,1.46,7.589999999999999,14.27
72,Chitradurga,Karnataka,2019,2.4,1.51,3.74,5.77,13.42,25.02
73,Bellary,Karnataka,1990,1.8,1.63,1.53,1.69,6.65,12.84
73,Bellary,Karnataka,1991,5.09,1.64,1.68,2.74,11.15,15.99
73,Bellary,Karnataka,1992,3.06,2.06,2.74,1.76,9.620000000000001,17.71
73,Bellary,Karnataka,1993,1.51,2.03,3.56,2.69,9.79,18.4
73,Bellary,Karnataka,1994,1.26,3.32,1.94,1.6,8.12,18.21
73,Bellary,Karnataka,1995,1.26,3.77,4.65,2.99,12.67,18.34
73,Bellary,Karnataka,1996,4.54,1.33,3.01,6.39,15.27,24.009999999999998
73,Bellary,Karnataka,1997,4.63,1.23,2.0,2.73,10.59,17.91
73,Bellary,Karnataka,1998,1.14,3.34,5.34,4.68,14.5,20.79
73,Bellary,Karnataka,1999,1.03,1.77,2.81,4.96,10.57,17.43
73,Bellary,Karnataka,2000,3.49,1.75,3.47,3.5,12.21,17.93
73,Bellary,Karnataka,2001,1.18,1.86,1.94,5.81,10.79,17.169999999999998
73,Bellary,Karnataka,2002,1.63,0.89,2.12,1.63,6.2700000000000005,13.83
73,Bellary,Karnataka,2003,1.05,1.14,2.05,0.93,5.17,11.78
73,Bellary,Karnataka,2004,0.72,3.16,1.07,3.7,8.65,17.09
73,Bellary,Karnataka,2005,2.32,6.37,3.9,4.09,16.68,27.88
73,Bellary,Karnataka,2006,2.92,1.72,1.1,3.88,9.620000000000001,19.6
73,Bellary,Karnataka,2007,6.78,2.99,3.63,6.74,20.14,28.11
73,Bellary,Karnataka,2008,1.82,2.8,4.31,3.63,12.559999999999999,24.18
73,Bellary,Karnataka,2009,2.32,1.18,4.77,7.14,15.41,23.59
73,Bellary,Karnataka,2010,1.79,5.42,4.56,2.82,14.59,25.41
73,Bellary,Karnataka,2011,1.55,2.59,2.59,0.59,7.319999999999999,13.15
73,Bellary,Karnataka,2012,0.79,2.54,2.21,2.66,8.2,15.81
73,Bellary,Karnataka,2013,2.03,1.66,1.43,5.62,10.739999999999998,18.25
73,Bellary,Karnataka,2014,1.43,1.76,3.9,2.81,9.9,19.35
73,Bellary,Karnataka,2015,1.61,1.02,2.52,4.06,9.21,16.59
73,Bellary,Karnataka,2016,3.2,2.91,1.44,2.72,10.270000000000001,14.16
73,Bellary,Karnataka,2017,3.26,1.65,2.53,4.78,12.219999999999999,19.24
73,Bellary,Karnataka,2018,2.25,0.74,1.29,2.38,6.66,9.99
73,Bellary,Karnataka,2019,1.62,1.35,3.66,6.06,12.690000000000001,21.78
74,Dharwad,Karnataka,1990,4.9,5.73,5.46,1.76,17.85,23.42
74,Dharwad,Karnataka,1991,11.61,9.68,5.53,3.39,30.21,33.57
74,Dharwad,Karnataka,1992,7.53,5.12,6.25,4.01,22.909999999999997,31.36
74,Dharwad,Karnataka,1993,4.65,9.11,5.36,2.66,21.78,33.05
74,Dharwad,Karnataka,1994,7.26,10.05,6.59,2.15,26.05,37.52
74,Dharwad,Karnataka,1995,3.49,8.59,4.24,3.31,19.63,28.240000000000002
74,Dharwad,Karnataka,1996,10.42,6.48,5.12,5.45,27.47,36.68
74,Dharwad,Karnataka,1997,8.56,8.03,8.45,0.94,25.98,32.1
74,Dharwad,Karnataka,1998,7.7,5.87,6.88,5.19,25.64,32.03
74,Dharwad,Karnataka,1999,6.56,8.43,2.82,2.2,20.009999999999998,27.86
74,Dharwad,Karnataka,2000,7.49,7.33,4.7,4.38,23.9,30.44
74,Dharwad,Karnataka,2001,3.29,5.87,4.2,2.5,15.86,22.09
74,Dharwad,Karnataka,2002,6.56,2.47,6.56,1.13,16.72,22.33
74,Dharwad,Karnataka,2003,5.05,4.13,3.12,1.53,13.83,20.86
74,Dharwad,Karnataka,2004,5.95,4.86,5.78,3.82,20.41,28.18
74,Dharwad,Karnataka,2005,9.52,13.58,6.11,7.08,36.29,43.95
74,Dharwad,Karnataka,2006,9.4,7.09,5.9,5.13,27.52,39.06
74,Dharwad,Karnataka,2007,11.99,10.06,7.85,9.2,39.099999999999994,45.37
74,Dharwad,Karnataka,2008,5.2,5.13,7.71,4.66,22.7,33.910000000000004
74,Dharwad,Karnataka,2009,6.01,11.28,4.63,7.61,29.529999999999998,40.42
74,Dharwad,Karnataka,2010,7.52,10.66,8.06,6.96,33.2,43.58
74,Dharwad,Karnataka,2011,4.5,8.01,9.24,3.75,25.5,32.09
74,Dharwad,Karnataka,2012,6.07,5.08,5.72,3.78,20.650000000000002,27.67
74,Dharwad,Karnataka,2013,6.24,9.15,3.79,6.78,25.96,33.160000000000004
74,Dharwad,Karnataka,2014,4.03,10.38,9.49,2.81,26.709999999999997,37.480000000000004
74,Dharwad,Karnataka,2015,6.59,3.69,7.29,3.29,20.86,28.16
74,Dharwad,Karnataka,2016,8.1,10.46,6.23,3.42,28.21,32.51
74,Dharwad,Karnataka,2017,5.41,5.96,5.1,7.56,24.029999999999998,29.45
74,Dharwad,Karnataka,2018,8.23,6.38,4.14,4.06,22.81,30.43
74,Dharwad,Karnataka,2019,7.19,10.38,15.44,6.62,39.629999999999995,51.94
75,Belgaum,Karnataka,1990,10.16,9.64,10.92,3.91,34.629999999999995,41.95
75,Belgaum,Karnataka,1991,13.65,19.6,9.19,3.42,45.86,48.36
75,Belgaum,Karnataka,1992,10.45,10.38,12.4,5.77,39.0,45.38
75,Belgaum,Karnataka,1993,8.3,18.44,8.47,3.92,39.13,48.77
75,Belgaum,Karnataka,1994,13.4,16.77,10.81,3.82,44.800000000000004,54.43
75,Belgaum,Karnataka,1995,5.56,16.31,6.94,5.29,34.1,42.339999999999996
75,Belgaum,Karnataka,1996,15.01,15.26,6.8,4.84,41.91,52.01
75,Belgaum,Karnataka,1997,14.76,17.21,16.16,1.33,49.459999999999994,54.910000000000004
75,Belgaum,Karnataka,1998,15.62,10.5,10.29,7.39,43.8,50.82
75,Belgaum,Karnataka,1999,13.91,17.06,3.62,3.08,37.669999999999995,46.129999999999995
75,Belgaum,Karnataka,2000,9.81,12.67,7.95,4.87,35.3,42.980000000000004
75,Belgaum,Karnataka,2001,7.04,10.13,7.17,2.7,27.040000000000003,32.78
75,Belgaum,Karnataka,2002,13.34,4.6,9.23,1.51,28.68,34.52
75,Belgaum,Karnataka,2003,10.15,9.18,5.15,2.28,26.759999999999998,31.81
75,Belgaum,Karnataka,2004,11.07,7.65,9.84,3.61,32.17,39.76
75,Belgaum,Karnataka,2005,14.3,18.87,10.1,10.86,54.13,60.94
75,Belgaum,Karnataka,2006,12.89,11.95,11.45,7.5,43.79,58.82
75,Belgaum,Karnataka,2007,20.77,13.52,14.44,10.06,58.79,64.66
75,Belgaum,Karnataka,2008,9.76,7.5,13.13,7.8,38.19,46.07
75,Belgaum,Karnataka,2009,7.88,20.49,5.67,8.49,42.53,52.85
75,Belgaum,Karnataka,2010,12.93,18.07,10.38,8.22,49.6,58.800000000000004
75,Belgaum,Karnataka,2011,8.18,14.2,12.99,6.65,42.019999999999996,48.06
75,Belgaum,Karnataka,2012,10.96,9.96,8.94,4.54,34.4,39.26
75,Belgaum,Karnataka,2013,11.18,17.91,5.61,7.71,42.410000000000004,47.84
75,Belgaum,Karnataka,2014,5.86,16.99,12.97,3.89,39.71,50.08
75,Belgaum,Karnataka,2015,11.54,6.87,6.11,3.68,28.2,35.0
75,Belgaum,Karnataka,2016,14.05,22.03,13.25,5.03,54.36,58.14
75,Belgaum,Karnataka,2017,8.43,11.6,7.52,10.39,37.94,44.65
75,Belgaum,Karnataka,2018,15.59,14.61,7.74,4.47,42.41,48.57
75,Belgaum,Karnataka,2019,12.43,21.24,27.77,11.24,72.67999999999999,85.23
76,Bijapur,Karnataka,1990,6.48,2.07,5.47,3.89,17.91,24.07
76,Bijapur,Karnataka,1991,7.62,4.54,1.81,2.24,16.21,17.95
76,Bijapur,Karnataka,1992,3.89,2.79,2.53,2.78,11.989999999999998,16.27
76,Bijapur,Karnataka,1993,1.5,5.44,3.71,4.03,14.68,22.85
76,Bijapur,Karnataka,1994,3.0,3.36,2.85,1.08,10.29,17.54
76,Bijapur,Karnataka,1995,3.95,3.46,2.43,3.58,13.42,21.580000000000002
76,Bijapur,Karnataka,1996,4.23,2.41,4.76,5.62,17.02,23.78
76,Bijapur,Karnataka,1997,3.05,2.47,2.75,1.14,9.41,16.19
76,Bijapur,Karnataka,1998,3.48,3.28,5.02,8.07,19.85,26.5
76,Bijapur,Karnataka,1999,3.16,2.61,1.21,2.0,8.98,13.63
76,Bijapur,Karnataka,2000,3.06,2.7,5.35,2.63,13.739999999999998,18.35
76,Bijapur,Karnataka,2001,1.84,2.1,2.2,5.47,11.61,16.3
76,Bijapur,Karnataka,2002,2.85,1.78,3.67,1.96,10.260000000000002,15.11
76,Bijapur,Karnataka,2003,1.42,1.2,3.02,1.61,7.250000000000001,11.18
76,Bijapur,Karnataka,2004,3.27,4.02,2.01,4.67,13.969999999999999,18.349999999999998
76,Bijapur,Karnataka,2005,2.97,6.31,4.82,3.99,18.09,23.8
76,Bijapur,Karnataka,2006,4.29,2.64,2.44,4.77,14.139999999999999,21.5
76,Bijapur,Karnataka,2007,4.85,2.88,3.97,6.09,17.79,19.53
76,Bijapur,Karnataka,2008,1.15,3.04,4.57,4.85,13.61,19.97
76,Bijapur,Karnataka,2009,2.67,2.6,3.1,5.32,13.69,19.970000000000002
76,Bijapur,Karnataka,2010,2.77,4.43,4.37,3.2,14.77,19.64
76,Bijapur,Karnataka,2011,1.49,3.58,3.68,1.43,10.18,14.64
76,Bijapur,Karnataka,2012,0.97,1.66,2.14,2.4,7.17,10.6
76,Bijapur,Karnataka,2013,2.39,3.87,1.66,5.09,13.01,16.7
76,Bijapur,Karnataka,2014,0.57,2.8,4.22,1.52,9.11,16.39
76,Bijapur,Karnataka,2015,1.03,0.58,2.18,3.87,7.66,11.620000000000001
76,Bijapur,Karnataka,2016,3.11,6.04,1.65,5.23,16.03,18.27
76,Bijapur,Karnataka,2017,3.8,2.24,3.41,6.37,15.82,21.400000000000002
76,Bijapur,Karnataka,2018,4.17,1.38,2.69,3.1,11.34,15.26
76,Bijapur,Karnataka,2019,2.67,2.59,3.57,5.15,13.98,21.59
77,Bidar,Karnataka,1990,6.91,3.96,9.61,4.32,24.8,36.06
77,Bidar,Karnataka,1991,8.14,5.84,5.68,4.38,24.04,26.37
77,Bidar,Karnataka,1992,5.23,4.04,8.21,3.3,20.78,26.09
77,Bidar,Karnataka,1993,2.74,7.45,6.33,5.39,21.910000000000004,29.04
77,Bidar,Karnataka,1994,3.59,5.24,7.11,1.93,17.87,27.42
77,Bidar,Karnataka,1995,5.94,7.61,5.79,5.45,24.79,39.42
77,Bidar,Karnataka,1996,3.45,5.93,10.62,6.51,26.509999999999998,33.86
77,Bidar,Karnataka,1997,2.49,5.82,5.07,3.38,16.76,25.66
77,Bidar,Karnataka,1998,3.01,7.64,8.8,7.59,27.04,35.86
77,Bidar,Karnataka,1999,2.59,4.11,3.68,4.26,14.64,19.38
77,Bidar,Karnataka,2000,7.9,3.27,13.05,2.09,26.31,31.03
77,Bidar,Karnataka,2001,6.11,2.41,7.11,5.71,21.34,27.91
77,Bidar,Karnataka,2002,5.79,3.01,7.91,1.97,18.68,25.169999999999998
77,Bidar,Karnataka,2003,2.61,8.12,6.03,2.5,19.259999999999998,24.88
77,Bidar,Karnataka,2004,2.0,8.62,2.24,5.08,17.939999999999998,25.37
77,Bidar,Karnataka,2005,3.84,12.58,5.73,7.66,29.810000000000002,39.57
77,Bidar,Karnataka,2006,4.04,5.89,7.05,8.59,25.57,34.82
77,Bidar,Karnataka,2007,5.9,3.36,7.78,9.45,26.49,28.53
77,Bidar,Karnataka,2008,1.97,4.58,13.54,7.52,27.61,37.0
77,Bidar,Karnataka,2009,3.4,2.61,9.8,5.0,20.810000000000002,26.61
77,Bidar,Karnataka,2010,5.6,9.84,9.39,6.17,31.0,36.56
77,Bidar,Karnataka,2011,2.19,8.38,7.16,2.52,20.25,23.05
77,Bidar,Karnataka,2012,4.16,6.26,5.04,4.65,20.11,23.64
77,Bidar,Karnataka,2013,6.05,11.57,3.39,5.57,26.580000000000002,34.26
77,Bidar,Karnataka,2014,2.31,4.82,7.85,3.16,18.14,25.01
77,Bidar,Karnataka,2015,3.08,1.99,4.75,4.06,13.879999999999999,18.68
77,Bidar,Karnataka,2016,5.4,6.59,2.14,10.63,24.76,27.950000000000003
77,Bidar,Karnataka,2017,4.93,4.6,5.15,3.6,18.28,22.41
77,Bidar,Karnataka,2018,3.51,3.05,5.99,2.03,14.58,17.29
77,Bidar,Karnataka,2019,2.46,5.5,5.97,6.72,20.65,25.86
78,Raichur,Karnataka,1990,2.52,2.09,3.29,2.32,10.219999999999999,17.22
78,Raichur,Karnataka,1991,6.39,3.14,2.35,3.24,15.12,18.16
78,Raichur,Karnataka,1992,3.05,2.77,3.58,1.96,11.36,17.75
78,Raichur,Karnataka,1993,1.23,2.92,4.84,3.39,12.38,21.48
78,Raichur,Karnataka,1994,1.7,3.2,3.1,0.86,8.86,19.38
78,Raichur,Karnataka,1995,2.4,4.43,4.91,3.61,15.35,23.09
78,Raichur,Karnataka,1996,4.95,2.06,5.33,6.1,18.439999999999998,27.0
78,Raichur,Karnataka,1997,3.91,2.17,2.3,3.7,12.079999999999998,20.080000000000002
78,Raichur,Karnataka,1998,2.16,3.58,4.79,7.91,18.44,25.61
78,Raichur,Karnataka,1999,1.46,1.95,3.3,3.3,10.01,15.2
78,Raichur,Karnataka,2000,5.2,2.36,5.82,3.0,16.380000000000003,21.4
78,Raichur,Karnataka,2001,1.54,2.37,2.47,5.62,12.0,18.71
78,Raichur,Karnataka,2002,1.9,1.94,3.78,1.45,9.069999999999999,17.14
78,Raichur,Karnataka,2003,1.79,1.93,2.98,2.1,8.799999999999999,14.85
78,Raichur,Karnataka,2004,1.28,3.72,1.21,4.74,10.95,18.580000000000002
78,Raichur,Karnataka,2005,3.12,7.45,4.22,4.0,18.79,29.47
78,Raichur,Karnataka,2006,4.18,2.4,1.73,5.18,13.49,22.6
78,Raichur,Karnataka,2007,9.64,3.32,5.26,7.31,25.529999999999998,30.05
78,Raichur,Karnataka,2008,1.65,3.27,4.49,3.96,13.370000000000001,23.43
78,Raichur,Karnataka,2009,3.1,1.36,3.88,5.6,13.94,21.14
78,Raichur,Karnataka,2010,2.39,5.49,4.48,4.17,16.53,22.28
78,Raichur,Karnataka,2011,1.37,2.53,3.18,0.77,7.85,11.540000000000001
78,Raichur,Karnataka,2012,0.82,2.91,1.94,3.25,8.92,14.700000000000001
78,Raichur,Karnataka,2013,2.02,2.8,1.78,6.66,13.260000000000002,19.05
78,Raichur,Karnataka,2014,1.23,3.32,6.99,2.31,13.85,21.39
78,Raichur,Karnataka,2015,1.26,1.2,2.58,5.24,10.280000000000001,15.92
78,Raichur,Karnataka,2016,4.29,4.08,2.04,6.09,16.5,19.33
78,Raichur,Karnataka,2017,4.42,1.83,3.46,5.87,15.580000000000002,21.28
78,Raichur,Karnataka,2018,2.02,1.02,2.09,2.35,7.48,9.87
78,Raichur,Karnataka,2019,1.28,1.72,3.58,4.87,11.45,16.61
79,Gulbarga,Karnataka,1990,8.41,2.42,8.23,5.54,24.6,33.92
79,Gulbarga,Karnataka,1991,8.53,5.38,2.97,3.3,20.18,22.13
79,Gulbarga,Karnataka,1992,4.98,3.62,4.46,2.96,16.020000000000003,20.62
79,Gulbarga,Karnataka,1993,1.57,6.86,5.69,5.68,19.8,28.080000000000002
79,Gulbarga,Karnataka,1994,2.81,3.49,4.21,1.29,11.8,21.07
79,Gulbarga,Karnataka,1995,6.25,5.51,4.63,5.28,21.67,33.78
79,Gulbarga,Karnataka,1996,4.06,3.54,8.5,7.09,23.19,30.87
79,Gulbarga,Karnataka,1997,2.74,3.62,2.99,2.7,12.05,20.490000000000002
79,Gulbarga,Karnataka,1998,3.58,4.97,7.15,10.82,26.520000000000003,35.68
79,Gulbarga,Karnataka,1999,2.91,2.98,2.23,3.24,11.360000000000001,15.92
79,Gulbarga,Karnataka,2000,5.65,2.66,10.4,2.29,21.0,25.98
79,Gulbarga,Karnataka,2001,3.75,2.26,4.13,8.35,18.490000000000002,24.8
79,Gulbarga,Karnataka,2002,4.29,2.93,5.71,2.89,15.82,22.87
79,Gulbarga,Karnataka,2003,1.76,3.72,5.36,2.6,13.44,18.21
79,Gulbarga,Karnataka,2004,2.93,7.31,1.55,6.35,18.14,24.94
79,Gulbarga,Karnataka,2005,3.13,9.4,6.55,5.43,24.51,32.97
79,Gulbarga,Karnataka,2006,4.75,3.33,3.49,7.57,19.14,27.84
79,Gulbarga,Karnataka,2007,6.38,2.71,6.55,8.62,24.259999999999998,25.77
79,Gulbarga,Karnataka,2008,1.07,4.56,9.03,7.35,22.009999999999998,30.2
79,Gulbarga,Karnataka,2009,3.7,1.59,6.39,5.97,17.65,23.93
79,Gulbarga,Karnataka,2010,5.15,8.0,9.14,4.95,27.24,32.81
79,Gulbarga,Karnataka,2011,1.99,6.07,5.0,1.45,14.51,18.29
79,Gulbarga,Karnataka,2012,3.41,4.67,4.44,3.7,16.22,20.310000000000002
79,Gulbarga,Karnataka,2013,4.11,7.79,2.18,6.97,21.05,27.23
79,Gulbarga,Karnataka,2014,1.9,3.72,8.73,2.61,16.96,25.42
79,Gulbarga,Karnataka,2015,1.7,1.67,4.08,5.73,13.18,18.19
79,Gulbarga,Karnataka,2016,6.1,7.16,1.55,10.81,25.62,28.59
79,Gulbarga,Karnataka,2017,6.03,3.39,4.49,6.24,20.15,25.400000000000002
79,Gulbarga,Karnataka,2018,2.87,2.26,4.16,2.34,11.629999999999999,15.56
79,Gulbarga,Karnataka,2019,3.0,2.58,4.6,6.5,16.68,21.83
80,Dakshina Kannada,Karnataka,1990,23.71,25.09,29.33,6.86,84.99,106.16
80,Dakshina Kannada,Karnataka,1991,40.01,42.36,24.1,2.45,108.92,115.55
80,Dakshina Kannada,Karnataka,1992,28.27,35.05,28.19,10.4,101.91,120.53
80,Dakshina Kannada,Karnataka,1993,24.0,50.58,18.27,5.85,98.69999999999999,121.00999999999999
80,Dakshina Kannada,Karnataka,1994,47.48,45.76,26.46,6.14,125.83999999999999,145.45
80,Dakshina Kannada,Karnataka,1995,31.24,42.26,21.44,9.28,104.22,121.33
80,Dakshina Kannada,Karnataka,1996,31.62,31.35,15.38,10.12,88.47,97.66
80,Dakshina Kannada,Karnataka,1997,32.47,50.62,33.76,3.78,120.63,128.29
80,Dakshina Kannada,Karnataka,1998,38.6,30.74,15.22,20.5,105.06,121.19
80,Dakshina Kannada,Karnataka,1999,28.39,40.26,15.22,5.18,89.05000000000001,120.25
80,Dakshina Kannada,Karnataka,2000,31.77,17.55,16.96,3.68,69.96000000000001,84.0
80,Dakshina Kannada,Karnataka,2001,33.96,29.87,18.4,8.23,90.46,114.26
80,Dakshina Kannada,Karnataka,2002,24.84,14.81,15.54,6.29,61.48,86.94
80,Dakshina Kannada,Karnataka,2003,40.98,26.65,16.12,5.64,89.39,100.5
80,Dakshina Kannada,Karnataka,2004,25.86,25.37,21.94,3.26,76.43,104.03
80,Dakshina Kannada,Karnataka,2005,29.4,34.8,18.94,12.42,95.55999999999999,110.84
80,Dakshina Kannada,Karnataka,2006,28.89,27.23,17.67,17.23,91.02000000000001,123.33
80,Dakshina Kannada,Karnataka,2007,41.1,23.87,26.92,25.52,117.41,132.32
80,Dakshina Kannada,Karnataka,2008,35.01,21.83,21.29,8.82,86.94999999999999,104.86999999999999
80,Dakshina Kannada,Karnataka,2009,21.03,50.36,22.38,16.28,110.05,131.58
80,Dakshina Kannada,Karnataka,2010,29.89,49.32,25.45,21.79,126.45000000000002,156.44
80,Dakshina Kannada,Karnataka,2011,26.02,37.95,31.26,16.93,112.16,129.04
80,Dakshina Kannada,Karnataka,2012,28.69,21.37,35.84,13.57,99.47,113.4
80,Dakshina Kannada,Karnataka,2013,44.81,49.89,25.33,13.67,133.7,150.7
80,Dakshina Kannada,Karnataka,2014,20.93,44.52,36.14,13.74,115.33,129.49
80,Dakshina Kannada,Karnataka,2015,27.6,29.14,21.49,11.66,89.89,109.64
80,Dakshina Kannada,Karnataka,2016,38.29,26.51,18.44,9.1,92.33999999999999,100.13
80,Dakshina Kannada,Karnataka,2017,24.16,23.14,22.42,10.3,80.02,91.3
80,Dakshina Kannada,Karnataka,2018,24.52,26.58,22.91,2.58,76.58999999999999,94.67999999999999
80,Dakshina Kannada,Karnataka,2019,14.36,26.69,39.2,19.55,99.8,123.49000000000001
81,Uttara Kannada,Karnataka,1990,15.06,15.64,16.18,4.34,51.22,61.72
81,Uttara Kannada,Karnataka,1991,26.43,26.0,14.06,4.06,70.55,75.11
81,Uttara Kannada,Karnataka,1992,20.38,18.83,17.68,6.4,63.28999999999999,76.05
81,Uttara Kannada,Karnataka,1993,13.09,28.84,12.5,4.99,59.42,75.82
81,Uttara Kannada,Karnataka,1994,21.76,28.58,16.82,4.56,71.72,88.1
81,Uttara Kannada,Karnataka,1995,14.71,27.26,12.7,6.26,60.93,74.34
81,Uttara Kannada,Karnataka,1996,22.73,18.65,11.85,9.6,62.83,74.57
81,Uttara Kannada,Karnataka,1997,25.01,24.59,20.83,1.76,72.19000000000001,79.8
81,Uttara Kannada,Karnataka,1998,20.4,16.47,14.5,12.17,63.54,74.2
81,Uttara Kannada,Karnataka,1999,18.12,24.22,8.16,4.74,55.24,72.96
81,Uttara Kannada,Karnataka,2000,22.63,17.34,12.43,6.0,58.4,69.05
81,Uttara Kannada,Karnataka,2001,14.89,18.21,10.93,5.13,49.160000000000004,61.160000000000004
81,Uttara Kannada,Karnataka,2002,17.87,8.0,14.35,3.36,43.58,55.85
81,Uttara Kannada,Karnataka,2003,19.7,14.8,9.87,3.52,47.89,55.96
81,Uttara Kannada,Karnataka,2004,15.12,16.55,13.36,5.34,50.370000000000005,65.9
81,Uttara Kannada,Karnataka,2005,20.62,28.92,12.83,10.86,73.23,82.93
81,Uttara Kannada,Karnataka,2006,19.07,15.45,12.52,12.5,59.53999999999999,79.58
81,Uttara Kannada,Karnataka,2007,30.47,19.77,24.61,20.86,95.71,107.61
81,Uttara Kannada,Karnataka,2008,20.3,15.49,20.56,9.71,66.06,76.47
81,Uttara Kannada,Karnataka,2009,17.31,35.73,11.97,15.94,80.94999999999999,99.96
81,Uttara Kannada,Karnataka,2010,21.42,36.71,17.75,16.41,92.28999999999999,112.44
81,Uttara Kannada,Karnataka,2011,17.23,28.27,25.91,11.37,82.78,91.17999999999999
81,Uttara Kannada,Karnataka,2012,23.31,16.3,23.68,9.22,72.51,82.49
81,Uttara Kannada,Karnataka,2013,24.57,31.93,14.62,11.65,82.77000000000001,94.32
81,Uttara Kannada,Karnataka,2014,13.7,29.57,30.71,7.89,81.86999999999999,93.8
81,Uttara Kannada,Karnataka,2015,29.49,25.42,19.18,14.21,88.30000000000001,101.77
81,Uttara Kannada,Karnataka,2016,47.99,35.67,16.91,9.69,110.25999999999999,117.12
81,Uttara Kannada,Karnataka,2017,29.86,27.76,21.26,11.93,90.81,98.5
81,Uttara Kannada,Karnataka,2018,35.15,30.19,21.2,2.51,89.05000000000001,97.86
81,Uttara Kannada,Karnataka,2019,22.36,44.94,40.83,21.04,129.17,144.95
82,Kodagu,Karnataka,1990,18.69,21.35,20.64,5.44,66.12,86.2
82,Kodagu,Karnataka,1991,31.92,32.57,18.6,2.25,85.34,93.03
82,Kodagu,Karnataka,1992,24.36,29.06,21.53,8.92,83.87,103.89
82,Kodagu,Karnataka,1993,20.88,36.52,13.13,4.5,75.03,96.83
82,Kodagu,Karnataka,1994,36.91,36.99,19.02,5.22,98.14,118.26
82,Kodagu,Karnataka,1995,25.79,32.62,17.09,7.92,83.42,101.03
82,Kodagu,Karnataka,1996,26.56,26.36,12.36,8.86,74.14,84.96
82,Kodagu,Karnataka,1997,26.57,42.19,26.42,4.07,99.25,109.95
82,Kodagu,Karnataka,1998,30.67,25.72,13.03,16.82,86.24000000000001,102.97
82,Kodagu,Karnataka,1999,22.95,30.74,10.9,3.87,68.46000000000001,98.11
82,Kodagu,Karnataka,2000,24.8,13.71,14.31,4.02,56.84,71.25
82,Kodagu,Karnataka,2001,26.03,23.04,14.0,7.09,70.16,93.54
82,Kodagu,Karnataka,2002,21.16,11.72,12.6,4.96,50.440000000000005,75.94
82,Kodagu,Karnataka,2003,31.72,21.23,11.88,4.13,68.96,82.2
82,Kodagu,Karnataka,2004,21.8,19.78,16.59,3.67,61.84,91.01
82,Kodagu,Karnataka,2005,23.72,26.89,13.85,10.77,75.22999999999999,93.66
82,Kodagu,Karnataka,2006,24.64,21.19,14.78,15.89,76.5,108.4
82,Kodagu,Karnataka,2007,34.68,24.21,22.64,21.81,103.34,121.68
82,Kodagu,Karnataka,2008,28.76,19.23,16.99,9.01,73.99000000000001,95.4
82,Kodagu,Karnataka,2009,18.59,42.67,16.88,15.99,94.13,116.57000000000001
82,Kodagu,Karnataka,2010,25.53,40.89,23.44,17.53,107.39,137.83
82,Kodagu,Karnataka,2011,21.91,32.52,26.45,14.85,95.73,113.96000000000001
82,Kodagu,Karnataka,2012,23.9,18.44,29.21,12.12,83.67000000000002,99.39
82,Kodagu,Karnataka,2013,40.87,53.29,24.14,12.81,131.10999999999999,148.62
82,Kodagu,Karnataka,2014,19.02,43.26,31.68,14.5,108.46000000000001,125.77
82,Kodagu,Karnataka,2015,23.49,19.25,13.87,8.59,65.19999999999999,84.61
82,Kodagu,Karnataka,2016,20.12,16.44,11.14,4.73,52.43000000000001,60.53
82,Kodagu,Karnataka,2017,14.28,14.23,15.29,9.27,53.06999999999999,66.69
82,Kodagu,Karnataka,2018,14.39,17.04,12.83,3.69,47.949999999999996,67.59
82,Kodagu,Karnataka,2019,7.96,15.53,24.23,12.31,60.03,79.07000000000001
83,Kancheepuram,Tamil Nadu,1990,0.65,2.28,3.31,5.29,11.530000000000001,40.86
83,Kancheepuram,Tamil Nadu,1991,6.71,1.96,3.44,2.63,14.739999999999998,37.32
83,Kancheepuram,Tamil Nadu,1992,0.65,2.71,2.91,2.59,8.86,28.95
83,Kancheepuram,Tamil Nadu,1993,1.99,2.63,5.4,2.16,12.18,45.49
83,Kancheepuram,Tamil Nadu,1994,1.41,2.07,4.0,1.31,8.79,39.21
83,Kancheepuram,Tamil Nadu,1995,0.83,3.92,8.16,5.3,18.21,39.97
83,Kancheepuram,Tamil Nadu,1996,11.4,2.22,3.11,6.48,23.21,56.78
83,Kancheepuram,Tamil Nadu,1997,1.63,1.63,2.79,3.51,9.559999999999999,47.17
83,Kancheepuram,Tamil Nadu,1998,0.78,3.04,3.86,3.78,11.459999999999999,36.55
83,Kancheepuram,Tamil Nadu,1999,2.49,1.6,4.39,3.37,11.850000000000001,30.47
83,Kancheepuram,Tamil Nadu,2000,1.88,3.77,3.15,4.69,13.490000000000002,34.05
83,Kancheepuram,Tamil Nadu,2001,1.98,4.42,1.6,4.97,12.969999999999999,40.98
83,Kancheepuram,Tamil Nadu,2002,1.1,1.45,4.14,3.25,9.94,34.160000000000004
83,Kancheepuram,Tamil Nadu,2003,1.89,5.18,4.59,3.0,14.66,29.23
83,Kancheepuram,Tamil Nadu,2004,1.93,1.99,1.55,8.36,13.829999999999998,44.46
83,Kancheepuram,Tamil Nadu,2005,0.48,2.38,2.55,4.53,9.940000000000001,62.03
83,Kancheepuram,Tamil Nadu,2006,2.4,3.31,2.88,3.74,12.33,40.41
83,Kancheepuram,Tamil Nadu,2007,3.02,5.82,6.08,4.35,19.27,40.92
83,Kancheepuram,Tamil Nadu,2008,1.56,1.99,3.47,3.1,10.12,46.83
83,Kancheepuram,Tamil Nadu,2009,0.88,2.33,4.51,6.1,13.82,38.3
83,Kancheepuram,Tamil Nadu,2010,3.63,3.82,5.4,4.42,17.27,44.54
83,Kancheepuram,Tamil Nadu,2011,1.58,4.89,5.3,4.43,16.2,44.92
83,Kancheepuram,Tamil Nadu,2012,1.87,3.1,3.96,3.65,12.58,32.68
83,Kancheepuram,Tamil Nadu,2013,3.64,3.21,5.65,6.23,18.73,33.53
83,Kancheepuram,Tamil Nadu,2014,4.04,1.5,5.09,4.58,15.209999999999999,35.78
83,Kancheepuram,Tamil Nadu,2015,2.06,3.07,5.08,3.44,13.65,64.61
83,Kancheepuram,Tamil Nadu,2016,4.16,3.04,1.98,4.59,13.77,26.47
83,Kancheepuram,Tamil Nadu,2017,2.46,5.02,7.15,5.99,20.619999999999997,42.29
83,Kancheepuram,Tamil Nadu,2018,2.13,2.21,4.1,3.62,12.059999999999999,27.28
83,Kancheepuram,Tamil Nadu,2019,2.1,4.76,6.38,8.24,21.479999999999997,39.449999999999996
84,South Arcot Cuddalore,Tamil Nadu,1990,0.62,1.36,3.48,5.7,11.16,27.79
84,South Arcot Cuddalore,Tamil Nadu,1991,4.08,0.77,3.25,4.63,12.73,30.07
84,South Arcot Cuddalore,Tamil Nadu,1992,1.8,1.68,0.98,6.01,10.469999999999999,25.58
84,South Arcot Cuddalore,Tamil Nadu,1993,2.83,2.51,1.78,2.54,9.66,37.83
84,South Arcot Cuddalore,Tamil Nadu,1994,0.87,1.97,1.39,2.22,6.449999999999999,26.56
84,South Arcot Cuddalore,Tamil Nadu,1995,2.0,2.26,3.69,3.42,11.37,25.98
84,South Arcot Cuddalore,Tamil Nadu,1996,6.1,0.86,4.82,5.04,16.82,40.98
84,South Arcot Cuddalore,Tamil Nadu,1997,1.69,2.05,1.83,3.38,8.95,37.28
84,South Arcot Cuddalore,Tamil Nadu,1998,0.4,2.38,4.91,4.71,12.399999999999999,34.89
84,South Arcot Cuddalore,Tamil Nadu,1999,2.05,1.23,1.51,2.29,7.08,27.64
84,South Arcot Cuddalore,Tamil Nadu,2000,1.32,3.25,1.94,4.21,10.719999999999999,32.14
84,South Arcot Cuddalore,Tamil Nadu,2001,1.3,3.75,1.98,4.15,11.18,27.94
84,South Arcot Cuddalore,Tamil Nadu,2002,3.23,0.52,0.88,2.59,7.22,24.13
84,South Arcot Cuddalore,Tamil Nadu,2003,0.94,2.4,3.75,2.89,9.98,27.6
84,South Arcot Cuddalore,Tamil Nadu,2004,0.83,3.05,1.56,8.11,13.549999999999999,42.07
84,South Arcot Cuddalore,Tamil Nadu,2005,0.3,1.01,2.53,3.64,7.48,47.97
84,South Arcot Cuddalore,Tamil Nadu,2006,1.33,0.96,2.95,2.69,7.93,30.31
84,South Arcot Cuddalore,Tamil Nadu,2007,1.22,2.75,4.08,2.76,10.81,34.15
84,South Arcot Cuddalore,Tamil Nadu,2008,1.42,3.07,3.63,1.33,9.450000000000001,43.6
84,South Arcot Cuddalore,Tamil Nadu,2009,0.6,2.0,1.96,2.92,7.48,32.17
84,South Arcot Cuddalore,Tamil Nadu,2010,3.35,1.89,5.5,4.0,14.74,43.02
84,South Arcot Cuddalore,Tamil Nadu,2011,0.53,2.46,3.07,4.85,10.91,35.79
84,South Arcot Cuddalore,Tamil Nadu,2012,1.59,2.18,2.8,3.94,10.51,28.99
84,South Arcot Cuddalore,Tamil Nadu,2013,2.22,1.39,4.59,5.25,13.45,26.63
84,South Arcot Cuddalore,Tamil Nadu,2014,1.86,1.05,3.33,3.15,9.39,29.9
84,South Arcot Cuddalore,Tamil Nadu,2015,2.28,1.44,3.08,2.59,9.39,47.58
84,South Arcot Cuddalore,Tamil Nadu,2016,2.62,2.49,3.29,1.69,10.09,21.01
84,South Arcot Cuddalore,Tamil Nadu,2017,1.48,2.49,5.32,3.91,13.200000000000001,36.7
84,South Arcot Cuddalore,Tamil Nadu,2018,2.12,1.86,2.06,3.03,9.07,27.97
84,South Arcot Cuddalore,Tamil Nadu,2019,1.06,2.77,5.38,6.67,15.88,35.39
86,Salem,Tamil Nadu,1990,0.45,1.05,2.2,4.55,8.25,19.52
86,Salem,Tamil Nadu,1991,4.94,0.84,2.49,5.11,13.379999999999999,25.630000000000003
86,Salem,Tamil Nadu,1992,2.13,1.89,1.17,5.93,11.12,23.15
86,Salem,Tamil Nadu,1993,2.74,2.32,1.64,2.5,9.2,30.48
86,Salem,Tamil Nadu,1994,0.64,2.45,0.82,2.64,6.550000000000001,23.73
86,Salem,Tamil Nadu,1995,1.81,2.19,2.96,2.76,9.719999999999999,22.06
86,Salem,Tamil Nadu,1996,4.44,0.9,4.68,4.63,14.649999999999999,30.93
86,Salem,Tamil Nadu,1997,1.89,1.31,1.39,3.48,8.07,30.23
86,Salem,Tamil Nadu,1998,0.57,2.39,5.0,4.37,12.33,28.1
86,Salem,Tamil Nadu,1999,1.6,1.13,1.38,2.21,6.319999999999999,24.2
86,Salem,Tamil Nadu,2000,0.86,3.19,2.45,4.64,11.14,28.14
86,Salem,Tamil Nadu,2001,1.03,3.45,1.49,4.18,10.15,24.509999999999998
86,Salem,Tamil Nadu,2002,3.12,0.39,0.76,1.91,6.180000000000001,19.44
86,Salem,Tamil Nadu,2003,0.87,2.2,3.18,2.78,9.03,23.85
86,Salem,Tamil Nadu,2004,0.71,3.63,1.13,8.18,13.649999999999999,33.89
86,Salem,Tamil Nadu,2005,0.32,1.28,2.25,3.31,7.16,39.25
86,Salem,Tamil Nadu,2006,1.28,0.59,3.27,2.43,7.57,24.62
86,Salem,Tamil Nadu,2007,1.21,2.77,3.6,2.34,9.92,27.48
86,Salem,Tamil Nadu,2008,0.93,4.04,4.74,1.35,11.06,35.37
86,Salem,Tamil Nadu,2009,0.83,1.22,2.06,3.1,7.209999999999999,21.03
86,Salem,Tamil Nadu,2010,2.94,2.39,4.97,2.94,13.24,34.76
86,Salem,Tamil Nadu,2011,0.62,2.4,3.01,4.17,10.2,28.21
86,Salem,Tamil Nadu,2012,1.86,2.03,2.72,4.3,10.91,24.09
86,Salem,Tamil Nadu,2013,2.11,0.99,3.87,5.36,12.33,22.330000000000002
86,Salem,Tamil Nadu,2014,2.07,0.65,2.68,3.38,8.780000000000001,21.79
86,Salem,Tamil Nadu,2015,2.51,0.63,2.28,2.81,8.23,28.6
86,Salem,Tamil Nadu,2016,1.8,2.7,1.3,0.45,6.25,13.3
86,Salem,Tamil Nadu,2017,0.84,1.38,3.32,6.8,12.34,26.55
86,Salem,Tamil Nadu,2018,1.74,2.39,1.36,4.08,9.57,21.82
86,Salem,Tamil Nadu,2019,2.07,1.67,4.17,5.8,13.71,27.4
87,Coimbatore,Tamil Nadu,1990,3.51,5.36,3.32,1.34,13.530000000000001,27.240000000000002
87,Coimbatore,Tamil Nadu,1991,12.97,5.93,4.43,1.24,24.569999999999997,31.98
87,Coimbatore,Tamil Nadu,1992,7.89,6.95,4.16,4.79,23.79,39.57
87,Coimbatore,Tamil Nadu,1993,7.64,5.7,2.9,1.01,17.25,38.81
87,Coimbatore,Tamil Nadu,1994,6.44,9.41,3.14,2.33,21.32,41.96
87,Coimbatore,Tamil Nadu,1995,6.24,5.76,3.69,2.62,18.31,32.54
87,Coimbatore,Tamil Nadu,1996,6.74,6.53,5.11,4.34,22.72,38.62
87,Coimbatore,Tamil Nadu,1997,6.43,9.45,4.81,3.04,23.729999999999997,43.87
87,Coimbatore,Tamil Nadu,1998,5.94,5.92,3.78,6.04,21.68,36.37
87,Coimbatore,Tamil Nadu,1999,5.02,4.27,1.65,0.81,11.75,32.4
87,Coimbatore,Tamil Nadu,2000,4.7,2.57,7.08,2.66,17.009999999999998,30.41
87,Coimbatore,Tamil Nadu,2001,6.19,4.35,2.38,3.48,16.4,36.12
87,Coimbatore,Tamil Nadu,2002,5.05,2.56,4.19,1.49,13.290000000000001,29.1
87,Coimbatore,Tamil Nadu,2003,5.97,4.37,2.7,0.81,13.85,30.05
87,Coimbatore,Tamil Nadu,2004,5.72,3.88,3.47,5.57,18.64,42.54
87,Coimbatore,Tamil Nadu,2005,5.67,5.73,2.77,3.33,17.5,42.28
87,Coimbatore,Tamil Nadu,2006,6.86,4.26,4.07,6.21,21.400000000000002,43.26
87,Coimbatore,Tamil Nadu,2007,7.5,8.9,5.49,6.12,28.01,46.480000000000004
87,Coimbatore,Tamil Nadu,2008,4.47,4.99,4.45,3.81,17.72,38.5
87,Coimbatore,Tamil Nadu,2009,4.92,8.74,3.41,4.07,21.14,36.410000000000004
87,Coimbatore,Tamil Nadu,2010,7.48,5.51,4.22,3.67,20.880000000000003,43.5
87,Coimbatore,Tamil Nadu,2011,6.15,4.34,4.08,3.89,18.46,38.72
87,Coimbatore,Tamil Nadu,2012,4.15,2.3,3.52,2.22,12.190000000000001,24.66
87,Coimbatore,Tamil Nadu,2013,8.33,6.18,3.53,3.26,21.299999999999997,35.15
87,Coimbatore,Tamil Nadu,2014,3.72,6.03,6.89,4.39,21.03,38.36
87,Coimbatore,Tamil Nadu,2015,3.86,1.68,2.3,3.63,11.469999999999999,31.39
87,Coimbatore,Tamil Nadu,2016,4.74,5.34,2.26,0.81,13.15,22.8
87,Coimbatore,Tamil Nadu,2017,4.56,3.04,5.64,9.33,22.57,39.86
87,Coimbatore,Tamil Nadu,2018,5.77,7.49,7.21,3.99,24.46,43.29
87,Coimbatore,Tamil Nadu,2019,3.5,4.41,9.2,7.39,24.5,44.44
88,Tiruchirapalli Trichy,Tamil Nadu,1990,0.24,1.0,1.52,5.0,7.76,18.41
88,Tiruchirapalli Trichy,Tamil Nadu,1991,5.27,0.63,2.28,6.1,14.28,25.82
88,Tiruchirapalli Trichy,Tamil Nadu,1992,1.89,1.84,0.92,6.62,11.27,24.59
88,Tiruchirapalli Trichy,Tamil Nadu,1993,2.56,2.44,1.33,1.97,8.3,31.38
88,Tiruchirapalli Trichy,Tamil Nadu,1994,0.39,2.24,0.49,3.24,6.36,25.34
88,Tiruchirapalli Trichy,Tamil Nadu,1995,2.16,2.12,2.36,2.43,9.07,21.96
88,Tiruchirapalli Trichy,Tamil Nadu,1996,3.68,0.88,4.26,4.15,12.97,29.86
88,Tiruchirapalli Trichy,Tamil Nadu,1997,2.11,1.1,0.79,3.3,7.3,28.77
88,Tiruchirapalli Trichy,Tamil Nadu,1998,0.36,1.75,4.86,4.18,11.15,26.91
88,Tiruchirapalli Trichy,Tamil Nadu,1999,1.27,0.72,1.25,1.53,4.7700000000000005,23.05
88,Tiruchirapalli Trichy,Tamil Nadu,2000,0.5,3.52,1.75,4.85,10.62,28.52
88,Tiruchirapalli Trichy,Tamil Nadu,2001,0.84,3.66,1.36,3.86,9.72,23.58
88,Tiruchirapalli Trichy,Tamil Nadu,2002,3.19,0.2,0.58,1.62,5.59,19.2
88,Tiruchirapalli Trichy,Tamil Nadu,2003,0.58,2.28,3.23,3.22,9.31,25.5
88,Tiruchirapalli Trichy,Tamil Nadu,2004,0.55,3.66,0.83,8.66,13.7,33.77
88,Tiruchirapalli Trichy,Tamil Nadu,2005,0.19,0.91,1.72,2.98,5.800000000000001,38.52
88,Tiruchirapalli Trichy,Tamil Nadu,2006,0.83,0.26,4.08,2.69,7.859999999999999,25.06
88,Tiruchirapalli Trichy,Tamil Nadu,2007,1.32,2.35,3.12,1.54,8.33,26.58
88,Tiruchirapalli Trichy,Tamil Nadu,2008,0.67,3.93,4.71,1.06,10.370000000000001,35.63
88,Tiruchirapalli Trichy,Tamil Nadu,2009,0.61,0.69,1.91,2.22,5.43,21.98
88,Tiruchirapalli Trichy,Tamil Nadu,2010,2.63,1.64,3.73,3.35,11.35,34.37
88,Tiruchirapalli Trichy,Tamil Nadu,2011,0.54,2.03,2.66,4.61,9.84,28.74
88,Tiruchirapalli Trichy,Tamil Nadu,2012,2.05,1.47,2.75,3.67,9.94,23.53
88,Tiruchirapalli Trichy,Tamil Nadu,2013,1.25,0.53,3.47,4.4,9.65,21.27
88,Tiruchirapalli Trichy,Tamil Nadu,2014,1.35,0.67,2.81,2.37,7.2,22.79
88,Tiruchirapalli Trichy,Tamil Nadu,2015,2.71,0.62,2.83,2.71,8.870000000000001,36.93
88,Tiruchirapalli Trichy,Tamil Nadu,2016,1.46,2.92,2.05,0.75,7.18,15.48
88,Tiruchirapalli Trichy,Tamil Nadu,2017,1.15,1.63,4.13,4.77,11.68,27.189999999999998
88,Tiruchirapalli Trichy,Tamil Nadu,2018,1.7,2.08,1.13,3.54,8.45,23.12
88,Tiruchirapalli Trichy,Tamil Nadu,2019,1.17,1.56,4.05,6.47,13.25,28.3
89,Thanjavur,Tamil Nadu,1990,0.23,1.24,1.7,5.87,9.04,23.65
89,Thanjavur,Tamil Nadu,1991,5.49,0.59,2.47,6.79,15.34,31.580000000000002
89,Thanjavur,Tamil Nadu,1992,1.82,1.78,0.84,7.14,11.58,29.33
89,Thanjavur,Tamil Nadu,1993,2.7,2.62,1.17,2.05,8.54,39.75
89,Thanjavur,Tamil Nadu,1994,0.38,2.05,0.59,3.38,6.3999999999999995,29.5
89,Thanjavur,Tamil Nadu,1995,2.43,2.01,2.38,2.58,9.399999999999999,24.18
89,Thanjavur,Tamil Nadu,1996,4.37,1.0,4.16,4.24,13.770000000000001,34.85
89,Thanjavur,Tamil Nadu,1997,2.4,1.29,0.76,3.45,7.9,32.44
89,Thanjavur,Tamil Nadu,1998,0.33,1.61,5.51,4.33,11.780000000000001,33.629999999999995
89,Thanjavur,Tamil Nadu,1999,1.39,0.62,1.39,1.39,4.789999999999999,25.56
89,Thanjavur,Tamil Nadu,2000,0.54,3.97,1.34,5.34,11.19,32.53
89,Thanjavur,Tamil Nadu,2001,1.0,3.57,1.43,3.92,9.92,28.13
89,Thanjavur,Tamil Nadu,2002,3.07,0.23,0.54,1.73,5.57,23.64
89,Thanjavur,Tamil Nadu,2003,0.58,2.33,3.56,3.41,9.88,30.2
89,Thanjavur,Tamil Nadu,2004,0.64,3.43,0.87,8.88,13.82,39.6
89,Thanjavur,Tamil Nadu,2005,0.33,0.84,1.75,2.99,5.91,45.57
89,Thanjavur,Tamil Nadu,2006,0.75,0.29,4.13,3.22,8.39,29.69
89,Thanjavur,Tamil Nadu,2007,1.58,2.02,3.09,2.08,8.77,31.85
89,Thanjavur,Tamil Nadu,2008,0.84,2.94,3.95,0.94,8.67,39.62
89,Thanjavur,Tamil Nadu,2009,0.47,0.49,1.98,1.64,4.58,31.49
89,Thanjavur,Tamil Nadu,2010,2.64,1.25,4.11,4.72,12.719999999999999,42.67
89,Thanjavur,Tamil Nadu,2011,0.42,1.53,2.27,3.9,8.12,33.18
89,Thanjavur,Tamil Nadu,2012,1.52,1.06,2.23,3.86,8.67,27.57
89,Thanjavur,Tamil Nadu,2013,0.79,0.56,3.34,4.17,8.86,25.779999999999998
89,Thanjavur,Tamil Nadu,2014,0.93,0.87,2.78,1.94,6.52,31.46
89,Thanjavur,Tamil Nadu,2015,2.34,0.8,2.62,2.74,8.5,46.82
89,Thanjavur,Tamil Nadu,2016,1.59,2.25,2.61,1.09,7.539999999999999,20.86
89,Thanjavur,Tamil Nadu,2017,1.6,1.74,4.75,3.45,11.54,34.44
89,Thanjavur,Tamil Nadu,2018,1.68,1.48,1.04,2.36,6.5600000000000005,27.55
89,Thanjavur,Tamil Nadu,2019,0.66,2.03,3.89,7.1,13.68,36.85
90,Madurai,Tamil Nadu,1990,1.23,3.35,1.22,4.84,10.64,25.11
90,Madurai,Tamil Nadu,1991,13.26,2.66,3.43,6.33,25.68,37.99
90,Madurai,Tamil Nadu,1992,5.86,3.54,1.64,7.31,18.35,37.15
90,Madurai,Tamil Nadu,1993,5.09,4.85,1.31,1.64,12.89,43.08
90,Madurai,Tamil Nadu,1994,2.38,4.38,1.95,4.08,12.79,38.43
90,Madurai,Tamil Nadu,1995,2.23,2.0,1.93,1.8,7.96,22.330000000000002
90,Madurai,Tamil Nadu,1996,5.84,3.07,4.75,4.0,17.66,35.589999999999996
90,Madurai,Tamil Nadu,1997,5.54,3.05,1.74,4.73,15.06,35.73
90,Madurai,Tamil Nadu,1998,2.46,2.21,6.14,6.6,17.409999999999997,38.31
90,Madurai,Tamil Nadu,1999,3.87,1.51,1.58,1.4,8.36,33.49
90,Madurai,Tamil Nadu,2000,1.93,3.83,3.66,5.43,14.85,35.3
90,Madurai,Tamil Nadu,2001,3.26,6.19,1.82,6.48,17.75,37.36
90,Madurai,Tamil Nadu,2002,4.58,0.63,1.64,1.32,8.17,28.34
90,Madurai,Tamil Nadu,2003,2.4,3.41,3.82,3.21,12.84,35.97
90,Madurai,Tamil Nadu,2004,2.61,5.44,1.54,10.16,19.75,44.85
90,Madurai,Tamil Nadu,2005,2.6,2.77,1.6,4.18,11.15,49.440000000000005
90,Madurai,Tamil Nadu,2006,2.45,1.59,5.53,5.57,15.14,40.08
90,Madurai,Tamil Nadu,2007,2.09,2.67,2.84,2.13,9.73,27.08
90,Madurai,Tamil Nadu,2008,0.62,4.12,4.73,1.47,10.940000000000001,35.160000000000004
90,Madurai,Tamil Nadu,2009,1.04,0.81,1.86,1.88,5.59,21.34
90,Madurai,Tamil Nadu,2010,2.32,1.62,1.78,4.24,9.96,34.22
90,Madurai,Tamil Nadu,2011,0.4,1.75,1.84,3.77,7.76,26.07
90,Madurai,Tamil Nadu,2012,1.32,0.65,2.6,2.01,6.58,19.990000000000002
90,Madurai,Tamil Nadu,2013,0.32,0.14,4.42,2.15,7.029999999999999,20.87
90,Madurai,Tamil Nadu,2014,0.79,0.24,3.61,2.65,7.289999999999999,27.490000000000002
90,Madurai,Tamil Nadu,2015,2.38,1.27,1.88,4.97,10.5,34.97
90,Madurai,Tamil Nadu,2016,1.05,4.26,1.93,0.91,8.149999999999999,18.12
90,Madurai,Tamil Nadu,2017,2.22,2.18,4.87,6.04,15.309999999999999,32.18
90,Madurai,Tamil Nadu,2018,1.43,1.79,2.8,3.5,9.52,26.07
90,Madurai,Tamil Nadu,2019,1.49,1.28,3.46,5.93,12.16,31.07
93,The Nilgiris,Tamil Nadu,1990,2.92,4.02,3.11,1.4,11.45,23.23
93,The Nilgiris,Tamil Nadu,1991,9.57,5.08,3.58,1.56,19.79,26.93
93,The Nilgiris,Tamil Nadu,1992,6.58,6.03,3.54,4.08,20.229999999999997,34.55
93,The Nilgiris,Tamil Nadu,1993,6.19,4.64,2.61,1.41,14.85,32.88
93,The Nilgiris,Tamil Nadu,1994,5.33,8.33,2.08,1.9,17.64,34.25
93,The Nilgiris,Tamil Nadu,1995,5.0,4.77,3.25,2.53,15.549999999999999,27.47
93,The Nilgiris,Tamil Nadu,1996,6.1,5.0,4.83,4.09,20.02,33.72
93,The Nilgiris,Tamil Nadu,1997,5.28,7.59,4.21,2.52,19.6,37.19
93,The Nilgiris,Tamil Nadu,1998,4.89,5.95,3.98,5.18,20.0,33.22
93,The Nilgiris,Tamil Nadu,1999,4.09,4.04,1.46,1.2,10.79,28.64
93,The Nilgiris,Tamil Nadu,2000,3.85,2.68,6.13,2.86,15.52,27.58
93,The Nilgiris,Tamil Nadu,2001,4.13,3.77,2.21,3.4,13.51,30.59
93,The Nilgiris,Tamil Nadu,2002,4.37,1.93,2.79,1.3,10.39,24.37
93,The Nilgiris,Tamil Nadu,2003,4.88,3.43,2.07,0.79,11.170000000000002,24.02
93,The Nilgiris,Tamil Nadu,2004,4.45,3.92,2.98,5.16,16.51,35.98
93,The Nilgiris,Tamil Nadu,2005,3.98,4.77,2.7,2.97,14.42,36.63
93,The Nilgiris,Tamil Nadu,2006,5.85,3.12,3.07,5.25,17.29,35.43
93,The Nilgiris,Tamil Nadu,2007,5.92,7.19,5.06,5.09,23.259999999999998,39.71
93,The Nilgiris,Tamil Nadu,2008,3.78,4.57,4.34,3.04,15.73,34.53
93,The Nilgiris,Tamil Nadu,2009,3.74,7.13,3.2,3.7,17.77,30.21
93,The Nilgiris,Tamil Nadu,2010,5.51,4.73,4.37,2.99,17.6,37.01
93,The Nilgiris,Tamil Nadu,2011,4.13,3.7,3.51,3.04,14.379999999999999,31.36
93,The Nilgiris,Tamil Nadu,2012,3.33,1.92,2.91,2.37,10.530000000000001,20.63
93,The Nilgiris,Tamil Nadu,2013,5.9,5.86,3.16,3.57,18.490000000000002,30.26
93,The Nilgiris,Tamil Nadu,2014,3.57,5.38,4.94,4.47,18.36,33.32
93,The Nilgiris,Tamil Nadu,2015,3.03,1.11,1.93,2.86,8.93,26.72
93,The Nilgiris,Tamil Nadu,2016,3.49,3.76,1.58,0.61,9.44,17.76
93,The Nilgiris,Tamil Nadu,2017,2.38,1.9,4.03,8.58,16.89,33.2
93,The Nilgiris,Tamil Nadu,2018,3.47,4.4,4.11,4.0,15.98,30.990000000000002
93,The Nilgiris,Tamil Nadu,2019,2.36,3.0,7.03,5.53,17.92,35.9
99,Nasik,Maharashtra,1990,8.44,8.1,15.75,7.72,40.01,47.11
99,Nasik,Maharashtra,1991,14.11,16.27,5.18,2.26,37.82,38.089999999999996
99,Nasik,Maharashtra,1992,6.22,8.25,10.36,6.12,30.95,31.73
99,Nasik,Maharashtra,1993,5.37,13.38,7.68,10.09,36.519999999999996,42.77
99,Nasik,Maharashtra,1994,14.12,20.2,7.86,6.5,48.68,52.629999999999995
99,Nasik,Maharashtra,1995,2.34,17.58,3.85,9.41,33.18,35.71
99,Nasik,Maharashtra,1996,5.25,19.96,6.83,5.31,37.35,41.25
99,Nasik,Maharashtra,1997,11.82,9.25,12.13,4.28,37.480000000000004,41.34
99,Nasik,Maharashtra,1998,6.65,13.14,11.18,9.87,40.839999999999996,48.48
99,Nasik,Maharashtra,1999,8.4,7.52,3.19,6.47,25.58,32.1
99,Nasik,Maharashtra,2000,4.61,13.69,8.06,1.86,28.22,34.22
99,Nasik,Maharashtra,2001,10.65,10.77,9.53,2.77,33.720000000000006,38.2
99,Nasik,Maharashtra,2002,12.49,2.73,13.26,3.13,31.61,32.26
99,Nasik,Maharashtra,2003,15.38,15.37,8.95,6.1,45.800000000000004,47.769999999999996
99,Nasik,Maharashtra,2004,8.79,15.33,19.9,5.65,49.669999999999995,52.67
99,Nasik,Maharashtra,2005,22.39,18.41,10.32,19.14,70.25999999999999,73.89
99,Nasik,Maharashtra,2006,9.93,21.59,25.51,8.66,65.69,71.5
99,Nasik,Maharashtra,2007,14.6,15.29,15.15,12.24,57.28,58.6
99,Nasik,Maharashtra,2008,7.98,11.38,16.97,20.06,56.39,58.04
99,Nasik,Maharashtra,2009,2.03,19.82,4.98,5.36,32.190000000000005,39.81
99,Nasik,Maharashtra,2010,11.25,16.03,14.22,5.9,47.4,55.99
99,Nasik,Maharashtra,2011,5.25,14.4,13.52,6.89,40.06,42.63
99,Nasik,Maharashtra,2012,3.56,10.43,6.62,8.65,29.259999999999998,33.35
99,Nasik,Maharashtra,2013,15.66,17.09,6.81,8.44,48.0,51.58
99,Nasik,Maharashtra,2014,1.44,23.19,12.1,8.99,45.720000000000006,50.370000000000005
99,Nasik,Maharashtra,2015,14.55,7.2,3.57,14.48,39.8,43.800000000000004
99,Nasik,Maharashtra,2016,6.84,24.45,18.56,12.82,62.669999999999995,66.07
99,Nasik,Maharashtra,2017,12.31,24.43,12.27,7.75,56.760000000000005,61.97
99,Nasik,Maharashtra,2018,10.27,23.9,7.83,2.32,44.32,45.019999999999996
99,Nasik,Maharashtra,2019,9.4,26.87,17.06,19.41,72.74,78.9
100,Dhule,Maharashtra,1990,3.51,3.81,8.73,5.22,21.27,27.32
100,Dhule,Maharashtra,1991,8.03,7.95,2.81,1.3,20.09,20.37
100,Dhule,Maharashtra,1992,5.61,2.74,4.76,2.89,16.0,17.04
100,Dhule,Maharashtra,1993,2.8,7.95,5.56,6.26,22.57,27.29
100,Dhule,Maharashtra,1994,7.47,9.65,5.56,4.37,27.05,30.3
100,Dhule,Maharashtra,1995,2.08,10.82,2.68,4.66,20.240000000000002,22.5
100,Dhule,Maharashtra,1996,1.98,11.5,4.47,3.73,21.68,24.38
100,Dhule,Maharashtra,1997,6.91,6.37,5.93,3.07,22.28,25.79
100,Dhule,Maharashtra,1998,4.9,7.44,8.0,6.66,27.0,31.66
100,Dhule,Maharashtra,1999,4.93,4.25,2.23,4.83,16.240000000000002,20.7
100,Dhule,Maharashtra,2000,2.35,5.64,6.34,1.16,15.49,18.89
100,Dhule,Maharashtra,2001,5.64,4.07,5.96,1.69,17.360000000000003,21.09
100,Dhule,Maharashtra,2002,7.99,1.67,8.36,2.84,20.86,21.77
100,Dhule,Maharashtra,2003,8.42,10.05,5.56,5.02,29.049999999999997,31.1
100,Dhule,Maharashtra,2004,4.52,8.65,9.3,4.74,27.21,29.68
100,Dhule,Maharashtra,2005,11.12,10.15,5.67,10.85,37.79,40.449999999999996
100,Dhule,Maharashtra,2006,5.74,10.84,13.31,6.4,36.29,40.72
100,Dhule,Maharashtra,2007,6.12,8.37,9.94,7.24,31.67,32.839999999999996
100,Dhule,Maharashtra,2008,3.64,5.12,7.65,10.35,26.759999999999998,27.87
100,Dhule,Maharashtra,2009,1.26,11.27,3.92,3.67,20.119999999999997,26.33
100,Dhule,Maharashtra,2010,4.81,8.77,8.14,5.11,26.83,33.17
100,Dhule,Maharashtra,2011,2.55,7.46,9.25,4.31,23.569999999999997,24.88
100,Dhule,Maharashtra,2012,2.79,5.96,3.74,6.46,18.95,20.94
100,Dhule,Maharashtra,2013,9.71,10.72,4.92,5.27,30.62,34.37
100,Dhule,Maharashtra,2014,0.9,10.25,5.87,5.23,22.25,26.19
100,Dhule,Maharashtra,2015,8.61,4.49,2.85,9.76,25.71,29.04
100,Dhule,Maharashtra,2016,2.08,9.8,5.61,5.67,23.160000000000004,25.64
100,Dhule,Maharashtra,2017,4.14,8.54,4.66,3.13,20.47,22.459999999999997
100,Dhule,Maharashtra,2018,2.93,6.33,4.26,1.37,14.89,15.07
100,Dhule,Maharashtra,2019,3.82,11.68,9.63,8.13,33.260000000000005,37.21
101,Jalgaon,Maharashtra,1990,3.9,4.62,7.53,4.4,20.450000000000003,28.73
101,Jalgaon,Maharashtra,1991,10.34,6.02,2.17,1.42,19.950000000000003,20.37
101,Jalgaon,Maharashtra,1992,6.46,2.16,5.9,3.07,17.59,19.57
101,Jalgaon,Maharashtra,1993,4.25,7.96,6.37,6.12,24.700000000000003,30.65
101,Jalgaon,Maharashtra,1994,5.38,7.1,6.75,4.87,24.1,28.22
101,Jalgaon,Maharashtra,1995,2.72,7.56,2.56,5.16,18.0,20.98
101,Jalgaon,Maharashtra,1996,1.27,8.82,4.73,5.13,19.95,23.11
101,Jalgaon,Maharashtra,1997,4.34,6.19,5.27,3.36,19.16,24.18
101,Jalgaon,Maharashtra,1998,6.06,5.83,7.87,6.36,26.12,30.94
101,Jalgaon,Maharashtra,1999,5.9,3.68,3.13,6.19,18.900000000000002,23.48
101,Jalgaon,Maharashtra,2000,3.03,5.05,7.89,1.53,17.5,21.83
101,Jalgaon,Maharashtra,2001,4.74,2.42,6.09,2.65,15.9,20.22
101,Jalgaon,Maharashtra,2002,6.86,1.57,7.77,3.03,19.23,20.54
101,Jalgaon,Maharashtra,2003,7.03,8.09,4.37,4.62,24.110000000000003,26.15
101,Jalgaon,Maharashtra,2004,2.54,6.04,5.06,6.05,19.69,22.919999999999998
101,Jalgaon,Maharashtra,2005,4.98,10.66,4.83,8.94,29.409999999999997,32.54
101,Jalgaon,Maharashtra,2006,4.89,7.77,11.99,8.09,32.739999999999995,38.93
101,Jalgaon,Maharashtra,2007,5.36,7.25,8.01,6.28,26.9,27.92
101,Jalgaon,Maharashtra,2008,2.48,3.19,5.13,8.73,19.53,20.76
101,Jalgaon,Maharashtra,2009,1.99,8.19,4.56,4.3,19.04,26.36
101,Jalgaon,Maharashtra,2010,4.58,8.28,8.36,4.31,25.529999999999998,31.08
101,Jalgaon,Maharashtra,2011,3.11,7.46,8.37,4.03,22.97,24.77
101,Jalgaon,Maharashtra,2012,3.83,6.66,4.01,5.53,20.03,22.1
101,Jalgaon,Maharashtra,2013,8.36,9.63,4.31,5.24,27.54,32.53
101,Jalgaon,Maharashtra,2014,1.13,7.91,5.25,4.26,18.549999999999997,23.1
101,Jalgaon,Maharashtra,2015,7.08,4.35,6.38,6.19,24.0,29.05
101,Jalgaon,Maharashtra,2016,3.63,10.28,3.83,5.04,22.78,24.95
101,Jalgaon,Maharashtra,2017,5.41,7.61,6.38,5.67,25.07,26.89
101,Jalgaon,Maharashtra,2018,4.6,5.15,6.56,1.42,17.729999999999997,18.27
101,Jalgaon,Maharashtra,2019,3.26,10.08,9.67,9.06,32.07,36.660000000000004
102,Ahmednagar,Maharashtra,1990,4.69,3.55,6.08,3.34,17.66,27.2
102,Ahmednagar,Maharashtra,1991,12.85,4.42,1.28,2.6,21.150000000000002,21.77
102,Ahmednagar,Maharashtra,1992,5.58,2.42,4.73,3.12,15.850000000000001,17.14
102,Ahmednagar,Maharashtra,1993,2.87,5.54,4.41,4.24,17.060000000000002,25.19
102,Ahmednagar,Maharashtra,1994,3.91,4.74,3.16,2.64,14.450000000000001,20.48
102,Ahmednagar,Maharashtra,1995,3.13,3.6,1.9,4.77,13.4,18.07
102,Ahmednagar,Maharashtra,1996,2.57,5.38,3.49,4.95,16.39,20.67
102,Ahmednagar,Maharashtra,1997,2.87,3.62,4.38,2.59,13.46,19.98
102,Ahmednagar,Maharashtra,1998,5.02,4.32,6.68,5.63,21.65,27.74
102,Ahmednagar,Maharashtra,1999,4.77,2.81,1.46,4.0,13.04,17.189999999999998
102,Ahmednagar,Maharashtra,2000,2.96,3.34,6.41,2.06,14.770000000000001,19.56
102,Ahmednagar,Maharashtra,2001,2.75,1.79,4.3,4.05,12.89,17.19
102,Ahmednagar,Maharashtra,2002,4.97,1.41,4.57,2.43,13.379999999999999,15.4
102,Ahmednagar,Maharashtra,2003,4.43,3.6,3.01,1.63,12.669999999999998,14.35
102,Ahmednagar,Maharashtra,2004,3.19,4.02,4.19,6.78,18.18,21.56
102,Ahmednagar,Maharashtra,2005,4.6,9.23,4.39,8.13,26.35,30.54
102,Ahmednagar,Maharashtra,2006,4.35,5.85,7.81,7.21,25.22,32.25
102,Ahmednagar,Maharashtra,2007,5.61,5.27,5.37,5.44,21.69,22.48
102,Ahmednagar,Maharashtra,2008,1.77,2.44,4.95,8.34,17.5,19.87
102,Ahmednagar,Maharashtra,2009,1.86,4.97,4.71,4.72,16.259999999999998,23.13
102,Ahmednagar,Maharashtra,2010,4.97,6.77,5.77,2.72,20.229999999999997,27.08
102,Ahmednagar,Maharashtra,2011,2.85,5.86,4.8,3.28,16.790000000000003,20.86
102,Ahmednagar,Maharashtra,2012,2.82,3.59,2.99,2.79,12.190000000000001,15.51
102,Ahmednagar,Maharashtra,2013,5.39,5.92,1.61,5.61,18.529999999999998,22.98
102,Ahmednagar,Maharashtra,2014,1.09,5.29,5.77,2.66,14.809999999999999,20.74
102,Ahmednagar,Maharashtra,2015,5.22,0.9,1.81,6.64,14.57,20.58
102,Ahmednagar,Maharashtra,2016,2.49,5.64,2.78,7.0,17.909999999999997,20.48
102,Ahmednagar,Maharashtra,2017,4.04,2.81,6.71,6.05,19.61,23.31
102,Ahmednagar,Maharashtra,2018,1.91,1.87,3.76,1.41,8.95,9.65
102,Ahmednagar,Maharashtra,2019,1.82,3.08,2.96,5.45,13.31,20.080000000000002
103,Pune,Maharashtra,1990,11.23,13.93,14.89,5.27,45.31999999999999,54.37
103,Pune,Maharashtra,1991,25.5,16.06,5.34,4.23,51.13000000000001,51.75
103,Pune,Maharashtra,1992,5.66,10.7,13.19,8.52,38.06999999999999,40.089999999999996
103,Pune,Maharashtra,1993,8.89,15.02,6.13,6.92,36.96,46.16
103,Pune,Maharashtra,1994,16.5,19.9,7.25,5.51,49.16,55.42
103,Pune,Maharashtra,1995,4.04,13.63,3.74,10.92,32.330000000000005,37.54
103,Pune,Maharashtra,1996,10.34,16.86,6.9,6.47,40.57,47.73
103,Pune,Maharashtra,1997,12.86,11.28,14.72,2.64,41.5,48.63
103,Pune,Maharashtra,1998,8.47,15.24,10.49,9.08,43.28,51.31
103,Pune,Maharashtra,1999,11.17,9.4,2.81,7.11,30.49,38.17
103,Pune,Maharashtra,2000,7.31,13.17,7.33,2.76,30.57,38.0
103,Pune,Maharashtra,2001,8.09,10.15,7.64,5.19,31.070000000000004,36.6
103,Pune,Maharashtra,2002,12.19,2.83,9.6,2.41,27.029999999999998,29.24
103,Pune,Maharashtra,2003,13.01,9.13,6.36,3.6,32.1,34.39
103,Pune,Maharashtra,2004,11.7,9.18,19.45,7.48,47.81,51.94
103,Pune,Maharashtra,2005,18.0,22.64,11.88,16.82,69.34,74.18
103,Pune,Maharashtra,2006,10.83,24.23,21.71,9.9,66.67,76.57000000000001
103,Pune,Maharashtra,2007,18.55,16.7,12.37,9.57,57.19,58.33
103,Pune,Maharashtra,2008,11.59,8.85,13.56,13.43,47.43,50.01
103,Pune,Maharashtra,2009,6.17,19.94,11.7,6.02,43.83,53.52
103,Pune,Maharashtra,2010,15.64,18.92,14.88,5.71,55.150000000000006,65.5
103,Pune,Maharashtra,2011,9.37,19.19,10.48,9.66,48.7,55.22
103,Pune,Maharashtra,2012,4.65,11.16,8.74,6.36,30.91,36.54
103,Pune,Maharashtra,2013,18.9,16.26,3.88,9.5,48.54,51.51
103,Pune,Maharashtra,2014,1.49,22.49,15.02,6.52,45.519999999999996,49.419999999999995
103,Pune,Maharashtra,2015,17.96,5.67,2.74,8.65,35.02,42.84
103,Pune,Maharashtra,2016,10.99,24.21,20.68,14.03,69.91,73.58
103,Pune,Maharashtra,2017,14.74,24.22,14.69,12.88,66.53,74.11
103,Pune,Maharashtra,2018,12.43,22.18,12.92,2.79,50.32,52.16
103,Pune,Maharashtra,2019,11.89,27.81,18.74,22.69,81.13,89.78
104,Satara,Maharashtra,1990,8.33,6.73,9.04,3.85,27.950000000000003,34.78
104,Satara,Maharashtra,1991,12.28,10.76,4.51,2.49,30.04,30.99
104,Satara,Maharashtra,1992,4.87,7.19,7.44,4.32,23.82,26.53
104,Satara,Maharashtra,1993,5.3,11.37,5.02,5.02,26.709999999999997,33.379999999999995
104,Satara,Maharashtra,1994,8.78,9.24,4.66,2.58,25.259999999999998,30.43
104,Satara,Maharashtra,1995,3.84,7.67,3.62,5.01,20.14,26.15
104,Satara,Maharashtra,1996,7.17,9.51,5.97,4.35,27.0,32.97
104,Satara,Maharashtra,1997,7.57,7.84,8.25,1.37,25.03,30.82
104,Satara,Maharashtra,1998,7.67,8.99,7.79,7.38,31.83,37.1
104,Satara,Maharashtra,1999,7.75,7.04,1.77,3.31,19.869999999999997,25.14
104,Satara,Maharashtra,2000,4.91,6.8,6.66,2.04,20.41,25.27
104,Satara,Maharashtra,2001,4.3,4.85,4.83,4.08,18.06,22.2
104,Satara,Maharashtra,2002,7.39,2.6,5.73,1.72,17.44,21.11
104,Satara,Maharashtra,2003,5.62,4.69,3.51,1.69,15.51,17.67
104,Satara,Maharashtra,2004,7.8,5.21,7.23,4.31,24.55,28.03
104,Satara,Maharashtra,2005,6.96,10.98,7.44,6.88,32.260000000000005,36.59
104,Satara,Maharashtra,2006,7.03,9.64,8.78,6.24,31.690000000000005,40.83
104,Satara,Maharashtra,2007,10.37,6.87,8.0,5.91,31.15,32.56
104,Satara,Maharashtra,2008,4.49,3.84,6.91,6.74,21.98,25.57
104,Satara,Maharashtra,2009,3.54,9.57,4.92,5.29,23.32,29.46
104,Satara,Maharashtra,2010,6.82,10.78,6.23,3.39,27.220000000000002,32.87
104,Satara,Maharashtra,2011,5.17,9.73,6.2,4.37,25.470000000000002,29.490000000000002
104,Satara,Maharashtra,2012,3.37,6.57,4.4,3.36,17.700000000000003,21.05
104,Satara,Maharashtra,2013,8.32,8.92,2.46,5.31,25.01,27.52
104,Satara,Maharashtra,2014,1.17,9.28,6.9,3.22,20.57,24.89
104,Satara,Maharashtra,2015,7.13,2.22,2.02,4.29,15.66,20.35
104,Satara,Maharashtra,2016,5.98,14.63,11.44,6.3,38.349999999999994,40.84
104,Satara,Maharashtra,2017,6.73,9.72,6.26,9.27,31.98,37.2
104,Satara,Maharashtra,2018,6.96,10.93,7.33,2.64,27.86,30.79
104,Satara,Maharashtra,2019,5.94,14.91,14.1,9.19,44.14,52.01
105,Sangli,Maharashtra,1990,8.86,7.06,9.71,4.11,29.74,36.56
105,Sangli,Maharashtra,1991,11.1,13.65,6.21,2.55,33.51,34.83
105,Sangli,Maharashtra,1992,5.87,8.6,8.76,4.45,27.679999999999996,31.32
105,Sangli,Maharashtra,1993,6.38,13.96,6.41,5.33,32.08,38.7
105,Sangli,Maharashtra,1994,9.67,10.45,6.13,2.89,29.139999999999997,34.76
105,Sangli,Maharashtra,1995,3.86,9.04,4.55,4.64,22.09,28.43
105,Sangli,Maharashtra,1996,8.75,11.39,6.8,4.28,31.220000000000002,37.85
105,Sangli,Maharashtra,1997,9.01,10.19,10.04,1.55,30.79,35.99
105,Sangli,Maharashtra,1998,9.96,9.6,8.75,7.44,35.75,40.89
105,Sangli,Maharashtra,1999,9.34,9.63,2.25,3.14,24.36,30.12
105,Sangli,Maharashtra,2000,5.84,8.41,7.62,2.51,24.380000000000003,29.93
105,Sangli,Maharashtra,2001,5.14,5.85,5.79,3.39,20.169999999999998,24.32
105,Sangli,Maharashtra,2002,8.19,3.07,6.62,1.5,19.38,23.52
105,Sangli,Maharashtra,2003,6.16,5.56,3.55,1.65,16.919999999999998,19.54
105,Sangli,Maharashtra,2004,8.59,5.53,7.0,3.75,24.87,28.5
105,Sangli,Maharashtra,2005,6.95,11.77,7.82,6.54,33.08,37.68
105,Sangli,Maharashtra,2006,8.14,9.4,8.64,6.07,32.25,43.050000000000004
105,Sangli,Maharashtra,2007,12.54,7.02,9.19,6.16,34.91,37.05
105,Sangli,Maharashtra,2008,4.99,4.18,7.32,6.1,22.590000000000003,27.11
105,Sangli,Maharashtra,2009,3.54,11.41,3.95,5.77,24.669999999999998,30.6
105,Sangli,Maharashtra,2010,6.72,12.19,5.94,3.77,28.62,33.73
105,Sangli,Maharashtra,2011,5.68,10.39,7.39,4.29,27.75,31.54
105,Sangli,Maharashtra,2012,4.24,7.6,4.77,3.55,20.16,23.29
105,Sangli,Maharashtra,2013,8.33,9.9,3.09,5.31,26.63,29.36
105,Sangli,Maharashtra,2014,1.74,10.18,6.61,3.14,21.67,26.2
105,Sangli,Maharashtra,2015,7.41,2.67,2.65,3.61,16.34,20.2
105,Sangli,Maharashtra,2016,8.41,17.97,11.59,5.48,43.45,45.73
105,Sangli,Maharashtra,2017,6.57,9.57,6.01,10.85,33.0,38.31
105,Sangli,Maharashtra,2018,9.73,12.45,7.22,3.71,33.11,36.82
105,Sangli,Maharashtra,2019,7.39,16.94,18.07,9.42,51.82000000000001,60.02
106,Solapur,Maharashtra,1990,6.62,2.99,6.07,3.74,19.42,26.44
106,Solapur,Maharashtra,1991,9.73,4.58,1.45,2.19,17.95,18.830000000000002
106,Solapur,Maharashtra,1992,3.79,2.99,3.3,3.17,13.25,15.48
106,Solapur,Maharashtra,1993,2.01,5.61,3.19,4.03,14.84,22.39
106,Solapur,Maharashtra,1994,4.04,4.19,2.55,1.48,12.260000000000002,17.93
106,Solapur,Maharashtra,1995,3.78,3.72,1.98,4.33,13.81,20.38
106,Solapur,Maharashtra,1996,3.77,3.57,4.13,4.93,16.4,21.939999999999998
106,Solapur,Maharashtra,1997,3.41,2.94,3.57,1.2,11.12,17.87
106,Solapur,Maharashtra,1998,3.75,4.1,5.18,7.45,20.48,26.75
106,Solapur,Maharashtra,1999,3.88,2.69,0.97,2.76,10.3,14.6
106,Solapur,Maharashtra,2000,2.75,2.99,5.19,1.93,12.86,16.88
106,Solapur,Maharashtra,2001,2.14,2.13,2.46,5.21,11.94,16.14
106,Solapur,Maharashtra,2002,3.67,1.66,3.54,2.08,10.950000000000001,14.41
106,Solapur,Maharashtra,2003,2.43,1.79,3.04,1.58,8.84,11.08
106,Solapur,Maharashtra,2004,3.88,3.91,3.47,5.18,16.439999999999998,20.06
106,Solapur,Maharashtra,2005,3.74,6.91,5.05,5.47,21.169999999999998,25.75
106,Solapur,Maharashtra,2006,4.1,4.43,4.61,5.49,18.630000000000003,25.18
106,Solapur,Maharashtra,2007,4.84,3.59,4.33,5.23,17.990000000000002,18.79
106,Solapur,Maharashtra,2008,1.6,2.78,4.92,6.18,15.48,18.97
106,Solapur,Maharashtra,2009,2.5,3.47,3.91,4.99,14.870000000000001,21.3
106,Solapur,Maharashtra,2010,4.2,5.52,4.91,2.73,17.36,23.19
106,Solapur,Maharashtra,2011,2.17,4.63,3.54,2.69,13.03,17.61
106,Solapur,Maharashtra,2012,1.44,2.62,2.5,2.6,9.16,12.76
106,Solapur,Maharashtra,2013,4.42,5.58,1.21,4.8,16.01,19.169999999999998
106,Solapur,Maharashtra,2014,0.62,4.11,5.09,2.13,11.95,18.22
106,Solapur,Maharashtra,2015,2.82,0.77,1.32,4.42,9.33,14.73
106,Solapur,Maharashtra,2016,2.21,5.23,2.55,5.78,15.77,18.22
106,Solapur,Maharashtra,2017,3.93,2.32,4.73,5.3,16.28,20.96
106,Solapur,Maharashtra,2018,2.56,1.76,2.93,1.43,8.68,10.74
106,Solapur,Maharashtra,2019,2.11,3.3,3.0,5.05,13.46,21.27
107,Kolhapur,Maharashtra,1990,9.13,8.08,10.15,3.99,31.35,38.410000000000004
107,Kolhapur,Maharashtra,1991,11.71,16.51,7.79,3.0,39.010000000000005,40.910000000000004
107,Kolhapur,Maharashtra,1992,7.59,9.43,10.44,5.09,32.55,37.54
107,Kolhapur,Maharashtra,1993,7.41,16.04,7.54,4.74,35.73,43.54
107,Kolhapur,Maharashtra,1994,11.26,13.13,8.26,3.31,35.96,43.22
107,Kolhapur,Maharashtra,1995,4.12,11.62,5.46,4.79,25.99,33.089999999999996
107,Kolhapur,Maharashtra,1996,11.46,13.11,6.85,4.44,35.86,44.0
107,Kolhapur,Maharashtra,1997,11.3,13.26,12.83,1.51,38.9,44.07
107,Kolhapur,Maharashtra,1998,12.39,9.96,9.46,7.2,39.010000000000005,44.800000000000004
107,Kolhapur,Maharashtra,1999,11.3,13.06,2.88,3.04,30.279999999999998,37.07
107,Kolhapur,Maharashtra,2000,7.17,10.34,7.86,3.59,28.959999999999997,35.49
107,Kolhapur,Maharashtra,2001,5.96,7.51,6.53,2.81,22.81,27.46
107,Kolhapur,Maharashtra,2002,9.79,3.61,7.64,1.35,22.39,27.23
107,Kolhapur,Maharashtra,2003,7.46,6.73,3.95,1.77,19.91,23.61
107,Kolhapur,Maharashtra,2004,9.58,5.99,8.01,3.57,27.15,32.06
107,Kolhapur,Maharashtra,2005,9.33,14.32,8.69,7.96,40.3,45.86
107,Kolhapur,Maharashtra,2006,9.98,10.39,9.73,6.34,36.44,49.06
107,Kolhapur,Maharashtra,2007,16.0,9.18,11.0,7.3,43.48,47.1
107,Kolhapur,Maharashtra,2008,6.52,5.2,9.31,6.3,27.330000000000002,33.38
107,Kolhapur,Maharashtra,2009,4.65,14.95,4.2,6.67,30.47,37.75
107,Kolhapur,Maharashtra,2010,8.52,14.1,7.11,5.25,34.98,41.26
107,Kolhapur,Maharashtra,2011,6.52,11.35,9.35,5.08,32.3,36.93
107,Kolhapur,Maharashtra,2012,6.19,8.52,6.05,3.82,24.580000000000002,28.21
107,Kolhapur,Maharashtra,2013,9.06,12.51,3.99,6.17,31.730000000000004,35.4
107,Kolhapur,Maharashtra,2014,3.12,12.6,8.36,3.29,27.369999999999997,33.88
107,Kolhapur,Maharashtra,2015,8.5,3.95,3.79,3.24,19.479999999999997,24.17
107,Kolhapur,Maharashtra,2016,10.74,20.79,12.27,5.0,48.8,51.5
107,Kolhapur,Maharashtra,2017,6.97,10.23,6.39,11.27,34.86,40.86
107,Kolhapur,Maharashtra,2018,12.52,13.91,7.43,4.42,38.28,42.98
107,Kolhapur,Maharashtra,2019,9.62,19.0,22.92,10.14,61.68,71.34
108,Aurangabad,Maharashtra,1990,3.95,3.78,6.7,3.76,18.189999999999998,29.84
108,Aurangabad,Maharashtra,1991,14.88,4.98,1.42,2.44,23.720000000000002,24.32
108,Aurangabad,Maharashtra,1992,8.49,2.0,6.29,2.61,19.39,20.79
108,Aurangabad,Maharashtra,1993,4.02,6.83,7.01,5.96,23.82,32.089999999999996
108,Aurangabad,Maharashtra,1994,3.53,5.36,4.85,4.14,17.88,24.009999999999998
108,Aurangabad,Maharashtra,1995,3.29,4.29,2.3,5.12,15.0,18.4
108,Aurangabad,Maharashtra,1996,1.18,7.63,4.1,5.69,18.6,22.03
108,Aurangabad,Maharashtra,1997,2.55,4.93,4.74,4.37,16.59,22.62
108,Aurangabad,Maharashtra,1998,7.31,4.81,9.15,5.41,26.68,32.76
108,Aurangabad,Maharashtra,1999,6.15,3.28,2.65,5.23,17.310000000000002,21.560000000000002
108,Aurangabad,Maharashtra,2000,3.3,3.89,9.56,2.27,19.02,24.810000000000002
108,Aurangabad,Maharashtra,2001,4.0,1.47,7.04,3.6,16.11,20.76
108,Aurangabad,Maharashtra,2002,6.94,1.67,6.87,3.22,18.7,20.16
108,Aurangabad,Maharashtra,2003,6.58,6.25,3.69,2.05,18.57,20.13
108,Aurangabad,Maharashtra,2004,2.29,5.23,3.48,8.19,19.189999999999998,22.76
108,Aurangabad,Maharashtra,2005,4.22,11.96,4.44,9.52,30.14,34.1
108,Aurangabad,Maharashtra,2006,5.14,6.51,10.72,9.38,31.75,39.980000000000004
108,Aurangabad,Maharashtra,2007,6.17,6.58,7.36,6.18,26.29,27.16
108,Aurangabad,Maharashtra,2008,1.7,2.46,4.83,9.94,18.93,20.71
108,Aurangabad,Maharashtra,2009,1.52,6.5,5.13,5.66,18.81,25.87
108,Aurangabad,Maharashtra,2010,5.0,9.18,7.15,3.26,24.589999999999996,30.91
108,Aurangabad,Maharashtra,2011,3.25,7.77,6.87,3.27,21.16,24.12
108,Aurangabad,Maharashtra,2012,4.63,5.34,3.58,3.77,17.32,20.09
108,Aurangabad,Maharashtra,2013,6.36,7.5,2.46,6.09,22.41,28.54
108,Aurangabad,Maharashtra,2014,1.7,6.11,5.8,2.96,16.57,22.37
108,Aurangabad,Maharashtra,2015,7.41,1.3,4.36,7.93,21.0,26.44
108,Aurangabad,Maharashtra,2016,3.95,9.19,3.51,6.73,23.38,26.35
108,Aurangabad,Maharashtra,2017,5.84,4.29,6.55,8.65,25.33,27.94
108,Aurangabad,Maharashtra,2018,4.48,4.54,6.98,1.5,17.5,18.18
108,Aurangabad,Maharashtra,2019,3.38,6.38,4.94,7.26,21.96,27.82
109,Parbhani,Maharashtra,1990,8.42,5.91,7.56,2.76,24.65,34.96
109,Parbhani,Maharashtra,1991,9.96,5.67,2.49,1.61,19.73,20.71
109,Parbhani,Maharashtra,1992,6.45,2.81,7.33,4.04,20.63,24.12
109,Parbhani,Maharashtra,1993,5.84,9.41,6.65,7.64,29.54,38.04
109,Parbhani,Maharashtra,1994,5.1,9.47,8.57,4.73,27.87,33.53
109,Parbhani,Maharashtra,1995,3.75,8.55,2.32,6.57,21.19,27.42
109,Parbhani,Maharashtra,1996,1.8,6.63,6.26,6.97,21.66,26.39
109,Parbhani,Maharashtra,1997,5.0,5.08,6.03,2.95,19.06,26.53
109,Parbhani,Maharashtra,1998,5.92,7.31,8.32,8.27,29.82,36.86
109,Parbhani,Maharashtra,1999,6.1,4.46,5.52,6.51,22.589999999999996,27.419999999999998
109,Parbhani,Maharashtra,2000,3.87,6.1,9.41,1.93,21.31,25.83
109,Parbhani,Maharashtra,2001,5.2,2.77,6.9,5.02,19.89,26.3
109,Parbhani,Maharashtra,2002,7.21,2.81,8.69,3.17,21.880000000000003,24.87
109,Parbhani,Maharashtra,2003,5.8,7.58,5.66,2.4,21.439999999999998,24.02
109,Parbhani,Maharashtra,2004,2.79,6.85,3.09,6.36,19.09,23.84
109,Parbhani,Maharashtra,2005,2.85,12.41,6.17,8.0,29.43,35.07
109,Parbhani,Maharashtra,2006,5.5,7.89,12.31,10.06,35.760000000000005,43.72
109,Parbhani,Maharashtra,2007,5.3,6.24,7.99,7.98,27.51,28.37
109,Parbhani,Maharashtra,2008,2.62,3.53,6.32,9.52,21.990000000000002,24.97
109,Parbhani,Maharashtra,2009,3.78,7.01,5.35,4.71,20.85,27.61
109,Parbhani,Maharashtra,2010,5.53,10.38,9.98,5.08,30.97,36.0
109,Parbhani,Maharashtra,2011,3.43,9.01,6.55,4.57,23.56,26.14
109,Parbhani,Maharashtra,2012,4.65,7.44,4.61,5.98,22.68,25.290000000000003
109,Parbhani,Maharashtra,2013,8.42,12.88,3.23,5.13,29.66,35.25
109,Parbhani,Maharashtra,2014,1.78,7.28,5.36,3.95,18.37,24.46
109,Parbhani,Maharashtra,2015,5.77,2.65,7.65,4.8,20.87,25.759999999999998
109,Parbhani,Maharashtra,2016,4.48,10.07,2.52,6.94,24.01,26.700000000000003
109,Parbhani,Maharashtra,2017,4.93,4.93,5.63,3.63,19.119999999999997,21.87
109,Parbhani,Maharashtra,2018,6.79,5.25,8.44,1.05,21.529999999999998,22.47
109,Parbhani,Maharashtra,2019,2.45,5.85,4.53,5.24,18.07,22.93
110,Bid,Maharashtra,1990,8.72,8.29,9.25,2.75,29.009999999999998,37.12
110,Bid,Maharashtra,1991,6.51,8.67,6.19,0.96,22.330000000000002,23.53
110,Bid,Maharashtra,1992,3.59,5.73,10.88,3.98,24.180000000000003,27.490000000000002
110,Bid,Maharashtra,1993,6.21,11.28,5.77,8.66,31.919999999999998,38.47
110,Bid,Maharashtra,1994,5.36,13.96,12.14,6.5,37.96,43.6
110,Bid,Maharashtra,1995,4.08,11.67,4.95,8.11,28.81,36.06
110,Bid,Maharashtra,1996,1.73,7.15,7.22,6.56,22.66,27.69
110,Bid,Maharashtra,1997,5.75,6.43,7.85,3.56,23.59,32.46
110,Bid,Maharashtra,1998,4.2,8.38,8.29,7.3,28.17,35.73
110,Bid,Maharashtra,1999,5.25,6.37,9.35,7.06,28.029999999999998,33.16
110,Bid,Maharashtra,2000,4.41,8.5,7.08,2.28,22.270000000000003,25.09
110,Bid,Maharashtra,2001,6.52,5.37,7.63,3.33,22.85,30.58
110,Bid,Maharashtra,2002,8.93,3.5,11.44,2.42,26.29,29.869999999999997
110,Bid,Maharashtra,2003,7.47,11.06,9.1,4.08,31.71,35.44
110,Bid,Maharashtra,2004,3.24,8.54,4.9,2.88,19.56,23.7
110,Bid,Maharashtra,2005,5.51,11.33,5.54,9.35,31.729999999999997,39.04
110,Bid,Maharashtra,2006,4.43,10.79,12.54,9.87,37.629999999999995,43.72
110,Bid,Maharashtra,2007,7.58,6.38,7.23,8.22,29.410000000000004,30.96
110,Bid,Maharashtra,2008,5.59,6.68,7.27,7.76,27.299999999999997,30.939999999999998
110,Bid,Maharashtra,2009,5.31,9.68,6.34,3.02,24.349999999999998,30.189999999999998
110,Bid,Maharashtra,2010,5.1,12.48,13.81,7.4,38.79,43.410000000000004
110,Bid,Maharashtra,2011,3.89,8.83,9.01,5.33,27.060000000000002,29.23
110,Bid,Maharashtra,2012,4.38,11.83,6.67,8.57,31.450000000000003,33.51
110,Bid,Maharashtra,2013,11.23,18.59,5.87,4.12,39.809999999999995,46.21
110,Bid,Maharashtra,2014,2.29,10.09,5.08,5.32,22.78,27.64
110,Bid,Maharashtra,2015,7.03,3.6,9.75,4.46,24.840000000000003,29.85
110,Bid,Maharashtra,2016,6.14,13.22,3.39,6.19,28.94,32.28
110,Bid,Maharashtra,2017,5.16,5.98,4.99,3.72,19.85,22.42
110,Bid,Maharashtra,2018,7.87,7.3,9.52,1.93,26.619999999999997,28.04
110,Bid,Maharashtra,2019,3.13,8.85,6.25,5.45,23.68,27.15
111,Nanded,Maharashtra,1990,7.97,5.9,9.67,3.2,26.74,36.89
111,Nanded,Maharashtra,1991,7.93,6.84,4.79,2.57,22.13,23.86
111,Nanded,Maharashtra,1992,5.05,4.34,8.8,3.75,21.94,26.09
111,Nanded,Maharashtra,1993,4.43,9.05,6.02,6.83,26.33,33.56
111,Nanded,Maharashtra,1994,4.56,9.28,9.65,3.47,26.96,33.66
111,Nanded,Maharashtra,1995,5.13,9.25,4.16,6.11,24.65,35.24
111,Nanded,Maharashtra,1996,2.69,6.53,8.25,7.31,24.779999999999998,30.48
111,Nanded,Maharashtra,1997,4.89,5.94,6.25,2.87,19.95,28.12
111,Nanded,Maharashtra,1998,4.29,8.44,8.61,7.85,29.189999999999998,36.8
111,Nanded,Maharashtra,1999,4.7,4.69,5.81,5.47,20.669999999999998,25.39
111,Nanded,Maharashtra,2000,5.21,5.79,10.0,1.98,22.98,26.71
111,Nanded,Maharashtra,2001,5.24,3.29,7.17,4.43,20.130000000000003,26.919999999999998
111,Nanded,Maharashtra,2002,6.56,3.28,9.91,2.21,21.96,26.3
111,Nanded,Maharashtra,2003,4.09,9.42,6.89,2.78,23.18,27.21
111,Nanded,Maharashtra,2004,2.41,8.37,2.96,4.54,18.279999999999998,24.09
111,Nanded,Maharashtra,2005,4.13,12.64,5.99,8.08,30.839999999999996,38.5
111,Nanded,Maharashtra,2006,4.44,7.51,10.98,9.68,32.61,40.43
111,Nanded,Maharashtra,2007,5.49,4.65,7.75,8.97,26.86,28.39
111,Nanded,Maharashtra,2008,3.26,4.8,10.06,8.35,26.47,32.12
111,Nanded,Maharashtra,2009,4.08,5.72,7.31,4.07,21.18,27.13
111,Nanded,Maharashtra,2010,5.49,9.98,9.56,6.01,31.04,36.07
111,Nanded,Maharashtra,2011,2.73,9.7,7.75,3.59,23.77,25.81
111,Nanded,Maharashtra,2012,4.08,6.7,4.98,6.0,21.76,24.27
111,Nanded,Maharashtra,2013,7.59,16.14,3.79,4.12,31.64,37.76
111,Nanded,Maharashtra,2014,2.42,5.96,5.42,4.02,17.82,23.8
111,Nanded,Maharashtra,2015,4.69,2.57,6.52,2.88,16.66,21.34
111,Nanded,Maharashtra,2016,5.2,8.24,2.03,8.27,23.740000000000002,26.7
111,Nanded,Maharashtra,2017,4.53,5.23,5.03,2.69,17.480000000000004,20.29
111,Nanded,Maharashtra,2018,5.3,4.22,9.15,1.25,19.92,21.44
111,Nanded,Maharashtra,2019,2.05,7.17,5.79,5.25,20.259999999999998,24.39
112,Osmanabad,Maharashtra,1990,9.67,2.6,8.51,5.76,26.54,36.69
112,Osmanabad,Maharashtra,1991,11.63,5.24,1.47,2.38,20.72,21.84
112,Osmanabad,Maharashtra,1992,6.24,3.23,3.78,2.99,16.240000000000002,19.09
112,Osmanabad,Maharashtra,1993,2.13,7.51,5.58,6.48,21.700000000000003,30.84
112,Osmanabad,Maharashtra,1994,3.11,4.01,3.76,2.18,13.059999999999999,20.33
112,Osmanabad,Maharashtra,1995,6.18,4.62,3.11,5.45,19.36,28.02
112,Osmanabad,Maharashtra,1996,3.29,4.15,6.45,7.4,21.29,27.41
112,Osmanabad,Maharashtra,1997,3.02,3.43,3.14,2.33,11.92,19.36
112,Osmanabad,Maharashtra,1998,5.26,4.42,7.74,10.83,28.25,36.9
112,Osmanabad,Maharashtra,1999,4.63,2.88,1.71,3.83,13.049999999999999,17.56
112,Osmanabad,Maharashtra,2000,3.67,3.15,9.23,2.34,18.39,23.43
112,Osmanabad,Maharashtra,2001,3.02,1.99,4.14,8.27,17.419999999999998,23.189999999999998
112,Osmanabad,Maharashtra,2002,4.9,2.71,5.69,3.72,17.02,21.7
112,Osmanabad,Maharashtra,2003,2.75,3.06,5.1,2.39,13.3,16.09
112,Osmanabad,Maharashtra,2004,3.58,6.85,2.13,7.82,20.38,25.71
112,Osmanabad,Maharashtra,2005,3.1,9.63,6.65,6.2,25.580000000000002,31.48
112,Osmanabad,Maharashtra,2006,5.24,3.71,5.06,8.51,22.519999999999996,30.89
112,Osmanabad,Maharashtra,2007,5.31,3.67,6.33,7.71,23.02,23.73
112,Osmanabad,Maharashtra,2008,1.04,4.14,6.64,8.83,20.65,25.2
112,Osmanabad,Maharashtra,2009,3.32,3.08,5.17,7.12,18.69,25.89
112,Osmanabad,Maharashtra,2010,5.2,8.25,8.19,4.05,25.69,31.53
112,Osmanabad,Maharashtra,2011,2.06,6.69,5.23,2.11,16.09,20.69
112,Osmanabad,Maharashtra,2012,3.34,3.98,3.74,4.23,15.290000000000001,19.53
112,Osmanabad,Maharashtra,2013,5.31,8.85,1.84,5.97,21.97,27.7
112,Osmanabad,Maharashtra,2014,1.5,4.17,6.98,2.61,15.26,23.68
112,Osmanabad,Maharashtra,2015,3.0,1.16,3.57,5.91,13.64,18.98
112,Osmanabad,Maharashtra,2016,3.75,6.75,1.34,10.44,22.28,25.21
112,Osmanabad,Maharashtra,2017,5.42,2.64,5.59,4.79,18.44,22.68
112,Osmanabad,Maharashtra,2018,4.82,2.25,5.0,1.24,13.31,15.38
112,Osmanabad,Maharashtra,2019,2.44,2.39,3.09,6.16,14.08,21.14
113,Buldhana,Maharashtra,1990,5.91,5.46,6.31,2.62,20.3,30.279999999999998
113,Buldhana,Maharashtra,1991,10.51,4.99,1.84,1.34,18.68,19.25
113,Buldhana,Maharashtra,1992,6.81,1.84,6.73,3.58,18.96,21.85
113,Buldhana,Maharashtra,1993,5.77,8.4,6.61,6.84,27.62,35.45
113,Buldhana,Maharashtra,1994,4.99,8.41,7.73,5.0,26.130000000000003,30.86
113,Buldhana,Maharashtra,1995,2.66,7.39,1.76,5.98,17.79,21.29
113,Buldhana,Maharashtra,1996,1.08,7.14,5.03,5.92,19.17,22.82
113,Buldhana,Maharashtra,1997,4.34,5.09,5.68,3.31,18.419999999999998,25.16
113,Buldhana,Maharashtra,1998,6.32,6.34,7.82,6.67,27.15,32.81
113,Buldhana,Maharashtra,1999,6.28,3.98,4.78,6.53,21.57,26.45
113,Buldhana,Maharashtra,2000,3.2,5.62,8.58,1.71,19.11,23.85
113,Buldhana,Maharashtra,2001,4.9,2.23,6.69,3.81,17.63,23.02
113,Buldhana,Maharashtra,2002,7.18,1.92,7.97,3.13,20.2,21.84
113,Buldhana,Maharashtra,2003,6.92,7.57,4.23,3.04,21.759999999999998,23.75
113,Buldhana,Maharashtra,2004,2.32,5.47,3.28,6.34,17.409999999999997,21.4
113,Buldhana,Maharashtra,2005,2.66,11.44,5.27,8.01,27.379999999999995,31.549999999999997
113,Buldhana,Maharashtra,2006,5.14,7.69,12.58,9.3,34.71,42.32
113,Buldhana,Maharashtra,2007,4.97,6.73,7.6,6.73,26.029999999999998,26.82
113,Buldhana,Maharashtra,2008,2.36,2.57,4.55,9.01,18.490000000000002,19.9
113,Buldhana,Maharashtra,2009,2.93,7.38,4.67,4.46,19.44,27.0
113,Buldhana,Maharashtra,2010,5.01,9.83,9.25,4.26,28.35,33.53
113,Buldhana,Maharashtra,2011,3.78,8.16,6.34,4.9,23.18,25.51
113,Buldhana,Maharashtra,2012,4.7,7.7,4.24,5.49,22.130000000000003,24.43
113,Buldhana,Maharashtra,2013,8.47,9.7,3.58,5.36,27.11,32.6
113,Buldhana,Maharashtra,2014,1.34,7.87,4.77,3.88,17.86,23.03
113,Buldhana,Maharashtra,2015,6.62,3.12,8.22,6.06,24.02,29.45
113,Buldhana,Maharashtra,2016,5.22,12.81,3.96,5.37,27.360000000000003,30.47
113,Buldhana,Maharashtra,2017,6.47,6.06,6.26,6.57,25.36,27.75
113,Buldhana,Maharashtra,2018,6.77,6.92,8.58,1.79,24.06,25.03
113,Buldhana,Maharashtra,2019,4.29,9.86,7.39,8.62,30.159999999999997,35.26
114,Akola,Maharashtra,1990,9.25,7.9,6.83,2.32,26.299999999999997,33.31
114,Akola,Maharashtra,1991,5.11,6.49,4.46,0.2,16.26,16.82
114,Akola,Maharashtra,1992,3.41,3.65,9.07,4.51,20.64,24.39
114,Akola,Maharashtra,1993,7.17,10.98,5.53,8.69,32.37,39.14
114,Akola,Maharashtra,1994,6.4,13.27,10.88,6.89,37.440000000000005,41.8
114,Akola,Maharashtra,1995,2.38,11.46,2.93,7.4,24.17,28.78
114,Akola,Maharashtra,1996,1.11,6.59,6.53,5.83,20.060000000000002,24.400000000000002
114,Akola,Maharashtra,1997,5.61,5.37,7.4,2.94,21.320000000000004,30.43
114,Akola,Maharashtra,1998,4.18,7.98,6.59,7.37,26.12,32.62
114,Akola,Maharashtra,1999,5.29,6.04,8.18,7.47,26.979999999999997,32.62
114,Akola,Maharashtra,2000,3.7,8.49,6.4,1.72,20.310000000000002,23.45
114,Akola,Maharashtra,2001,6.91,4.68,6.33,3.65,21.57,28.69
114,Akola,Maharashtra,2002,8.32,2.57,9.59,2.59,23.07,26.11
114,Akola,Maharashtra,2003,7.97,9.47,7.66,5.17,30.270000000000003,33.62
114,Akola,Maharashtra,2004,3.07,6.79,4.56,3.32,17.74,21.41
114,Akola,Maharashtra,2005,3.18,10.13,5.7,7.97,26.98,32.550000000000004
114,Akola,Maharashtra,2006,4.73,10.55,13.64,8.71,37.63,43.88
114,Akola,Maharashtra,2007,5.05,7.48,7.07,7.37,26.970000000000002,28.07
114,Akola,Maharashtra,2008,4.38,4.76,5.41,7.8,22.35,24.03
114,Akola,Maharashtra,2009,4.91,9.35,4.5,2.84,21.599999999999998,28.6
114,Akola,Maharashtra,2010,5.13,10.78,12.84,5.76,34.51,38.91
114,Akola,Maharashtra,2011,4.47,7.66,6.92,6.55,25.599999999999998,27.63
114,Akola,Maharashtra,2012,4.58,11.41,5.71,8.15,29.85,31.560000000000002
114,Akola,Maharashtra,2013,11.78,13.79,6.07,4.18,35.82,40.73
114,Akola,Maharashtra,2014,1.26,11.29,3.93,5.18,21.66,25.75
114,Akola,Maharashtra,2015,9.24,4.12,11.69,5.03,30.08,35.5
114,Akola,Maharashtra,2016,4.98,16.05,5.31,4.91,31.25,34.15
114,Akola,Maharashtra,2017,4.62,6.97,5.24,4.22,21.049999999999997,24.36
114,Akola,Maharashtra,2018,7.79,7.65,5.84,3.06,24.34,25.86
114,Akola,Maharashtra,2019,3.31,9.44,8.37,8.49,29.61,33.01
117,Wardha,Maharashtra,1990,9.14,8.3,8.05,3.41,28.900000000000002,35.92
117,Wardha,Maharashtra,1991,5.66,9.02,6.73,0.27,21.68,22.28
117,Wardha,Maharashtra,1992,3.04,5.57,10.73,3.99,23.33,26.380000000000003
117,Wardha,Maharashtra,1993,6.69,11.96,5.92,9.32,33.89,40.09
117,Wardha,Maharashtra,1994,5.64,14.02,10.93,8.17,38.76,44.3
117,Wardha,Maharashtra,1995,3.58,11.37,5.44,8.09,28.48,33.74
117,Wardha,Maharashtra,1996,0.99,7.41,7.21,5.17,20.78,25.71
117,Wardha,Maharashtra,1997,4.29,6.32,7.84,4.22,22.669999999999998,32.39
117,Wardha,Maharashtra,1998,3.83,7.34,7.94,6.75,25.86,33.43
117,Wardha,Maharashtra,1999,4.57,7.07,9.15,7.6,28.39,33.980000000000004
117,Wardha,Maharashtra,2000,4.76,8.79,6.03,2.47,22.049999999999997,24.96
117,Wardha,Maharashtra,2001,8.0,6.03,7.42,3.51,24.96,32.61
117,Wardha,Maharashtra,2002,9.59,3.12,10.31,2.78,25.800000000000004,29.36
117,Wardha,Maharashtra,2003,8.86,10.07,9.4,5.19,33.519999999999996,37.32
117,Wardha,Maharashtra,2004,3.72,8.23,5.93,2.64,20.520000000000003,23.69
117,Wardha,Maharashtra,2005,5.17,10.42,5.28,9.47,30.340000000000003,36.95
117,Wardha,Maharashtra,2006,4.34,11.89,11.56,8.8,36.59,42.300000000000004
117,Wardha,Maharashtra,2007,7.58,8.06,6.53,7.14,29.310000000000002,30.79
117,Wardha,Maharashtra,2008,5.83,7.08,5.87,6.83,25.61,28.04
117,Wardha,Maharashtra,2009,5.2,10.71,5.83,2.92,24.660000000000004,30.61
117,Wardha,Maharashtra,2010,5.14,11.88,14.52,6.8,38.339999999999996,42.66
117,Wardha,Maharashtra,2011,4.5,7.41,9.35,6.26,27.519999999999996,30.0
117,Wardha,Maharashtra,2012,4.37,13.39,6.42,9.72,33.9,35.51
117,Wardha,Maharashtra,2013,13.03,16.72,7.21,3.94,40.9,46.699999999999996
117,Wardha,Maharashtra,2014,1.85,12.22,4.73,5.26,24.060000000000002,27.96
117,Wardha,Maharashtra,2015,12.16,3.95,13.06,5.44,34.61,40.190000000000005
117,Wardha,Maharashtra,2016,5.32,16.36,7.3,5.14,34.12,37.41
117,Wardha,Maharashtra,2017,5.79,9.51,6.98,4.6,26.880000000000003,29.97
117,Wardha,Maharashtra,2018,8.15,9.62,5.99,3.25,27.009999999999998,29.22
117,Wardha,Maharashtra,2019,3.31,10.05,9.84,10.21,33.410000000000004,36.940000000000005
118,Nagpur,Maharashtra,1990,9.7,9.34,9.65,4.94,33.629999999999995,41.58
118,Nagpur,Maharashtra,1991,6.57,11.96,9.6,0.55,28.680000000000003,29.400000000000002
118,Nagpur,Maharashtra,1992,3.06,7.75,13.21,4.03,28.050000000000004,30.52
118,Nagpur,Maharashtra,1993,6.8,13.88,7.4,10.3,38.379999999999995,44.14
118,Nagpur,Maharashtra,1994,5.56,16.16,12.15,9.97,43.839999999999996,50.46
118,Nagpur,Maharashtra,1995,4.79,12.51,8.39,9.26,34.95,40.97
118,Nagpur,Maharashtra,1996,0.97,8.8,8.54,4.84,23.150000000000002,28.83
118,Nagpur,Maharashtra,1997,3.43,8.05,9.19,5.51,26.18,36.32
118,Nagpur,Maharashtra,1998,3.81,7.26,9.74,6.8,27.610000000000003,36.41
118,Nagpur,Maharashtra,1999,4.33,8.52,11.28,8.46,32.59,38.19
118,Nagpur,Maharashtra,2000,6.32,9.8,6.18,3.13,25.43,28.240000000000002
118,Nagpur,Maharashtra,2001,9.63,7.91,9.19,3.86,30.589999999999996,38.77
118,Nagpur,Maharashtra,2002,10.97,3.87,11.92,3.29,30.049999999999997,34.04
118,Nagpur,Maharashtra,2003,9.86,11.54,11.93,6.11,39.44,44.03
118,Nagpur,Maharashtra,2004,4.81,10.22,7.61,2.64,25.28,28.34
118,Nagpur,Maharashtra,2005,7.09,12.19,5.85,11.36,36.49,44.5
118,Nagpur,Maharashtra,2006,4.32,13.81,10.66,9.63,38.42,43.77
118,Nagpur,Maharashtra,2007,11.19,9.07,6.94,7.59,34.79,36.76
118,Nagpur,Maharashtra,2008,7.55,9.57,6.91,6.95,30.98,34.04
118,Nagpur,Maharashtra,2009,5.53,13.25,7.89,3.42,30.090000000000003,35.29
118,Nagpur,Maharashtra,2010,5.43,14.13,16.96,8.66,45.18000000000001,49.83
118,Nagpur,Maharashtra,2011,5.04,8.21,12.61,6.94,32.8,35.910000000000004
118,Nagpur,Maharashtra,2012,4.76,16.39,8.46,11.85,41.46,43.28
118,Nagpur,Maharashtra,2013,15.2,20.71,9.26,4.26,49.42999999999999,56.46
118,Nagpur,Maharashtra,2014,2.56,14.35,6.1,6.06,29.069999999999997,33.37
118,Nagpur,Maharashtra,2015,14.4,4.36,14.56,6.31,39.63,45.2
118,Nagpur,Maharashtra,2016,5.23,15.97,9.45,6.49,37.14,41.35
118,Nagpur,Maharashtra,2017,6.23,13.58,9.23,4.7,33.74,36.57
118,Nagpur,Maharashtra,2018,8.07,12.91,7.62,3.24,31.840000000000003,34.88
118,Nagpur,Maharashtra,2019,3.52,11.19,12.35,14.03,41.089999999999996,45.239999999999995
120,Chandrapur,Maharashtra,1990,8.54,8.98,12.29,3.93,33.74,42.99
120,Chandrapur,Maharashtra,1991,7.34,10.75,8.38,1.57,28.04,29.73
120,Chandrapur,Maharashtra,1992,3.33,7.68,12.89,3.35,27.25,30.06
120,Chandrapur,Maharashtra,1993,5.39,12.01,6.29,9.18,32.87,38.9
120,Chandrapur,Maharashtra,1994,5.11,15.36,13.85,6.98,41.3,47.4
120,Chandrapur,Maharashtra,1995,5.23,12.36,7.21,9.07,33.870000000000005,42.6
120,Chandrapur,Maharashtra,1996,2.23,8.13,8.23,7.12,25.710000000000004,31.040000000000003
120,Chandrapur,Maharashtra,1997,5.46,8.16,8.79,4.13,26.54,35.58
120,Chandrapur,Maharashtra,1998,4.29,8.8,9.58,7.05,29.720000000000002,38.13
120,Chandrapur,Maharashtra,1999,5.33,7.0,11.41,7.03,30.770000000000003,35.62
120,Chandrapur,Maharashtra,2000,4.95,9.33,7.6,2.72,24.6,27.0
120,Chandrapur,Maharashtra,2001,6.51,6.57,8.81,3.1,24.990000000000002,32.97
120,Chandrapur,Maharashtra,2002,9.34,4.16,13.61,2.7,29.81,33.68
120,Chandrapur,Maharashtra,2003,7.69,12.88,11.12,4.84,36.53,41.31
120,Chandrapur,Maharashtra,2004,3.73,10.1,5.87,2.72,22.419999999999998,26.83
120,Chandrapur,Maharashtra,2005,7.3,12.65,5.84,10.76,36.55,45.02
120,Chandrapur,Maharashtra,2006,4.2,11.37,12.75,11.21,39.53,45.43
120,Chandrapur,Maharashtra,2007,9.68,6.4,7.59,9.05,32.72,34.81
120,Chandrapur,Maharashtra,2008,6.93,8.91,8.22,8.1,32.160000000000004,36.410000000000004
120,Chandrapur,Maharashtra,2009,5.64,11.24,7.89,3.08,27.85,33.73
120,Chandrapur,Maharashtra,2010,4.35,15.32,17.4,10.02,47.09,52.42
120,Chandrapur,Maharashtra,2011,4.37,8.88,10.9,5.74,29.89,32.46
120,Chandrapur,Maharashtra,2012,4.42,15.54,10.05,9.83,39.84,42.34
120,Chandrapur,Maharashtra,2013,12.72,21.3,7.68,4.79,46.49,54.61
120,Chandrapur,Maharashtra,2014,2.77,11.61,6.31,6.84,27.529999999999998,32.48
120,Chandrapur,Maharashtra,2015,11.32,4.95,10.77,6.2,33.24,38.4
120,Chandrapur,Maharashtra,2016,7.22,18.47,4.68,9.2,39.56999999999999,44.599999999999994
120,Chandrapur,Maharashtra,2017,7.29,12.97,6.84,4.22,31.32,35.19
120,Chandrapur,Maharashtra,2018,6.48,11.97,11.48,3.4,33.330000000000005,35.97
120,Chandrapur,Maharashtra,2019,3.85,12.17,12.48,11.3,39.8,44.08
121,Ahmedabad,Gujarat,1990,0.77,5.46,11.67,3.94,21.84,23.08
121,Ahmedabad,Gujarat,1991,0.63,10.74,3.05,0.34,14.760000000000002,14.76
121,Ahmedabad,Gujarat,1992,1.3,6.54,3.53,5.24,16.61,16.79
121,Ahmedabad,Gujarat,1993,0.57,12.97,1.75,3.01,18.3,19.29
121,Ahmedabad,Gujarat,1994,3.28,13.19,8.94,12.01,37.419999999999995,37.68
121,Ahmedabad,Gujarat,1995,0.38,6.63,2.38,1.98,11.370000000000001,11.879999999999999
121,Ahmedabad,Gujarat,1996,2.78,9.38,6.71,2.01,20.880000000000003,21.94
121,Ahmedabad,Gujarat,1997,17.31,4.0,8.28,2.8,32.38999999999999,33.239999999999995
121,Ahmedabad,Gujarat,1998,3.28,10.07,5.67,4.05,23.07,24.72
121,Ahmedabad,Gujarat,1999,3.03,7.57,0.59,1.21,12.399999999999999,14.36
121,Ahmedabad,Gujarat,2000,1.54,11.07,3.25,0.16,16.02,17.79
121,Ahmedabad,Gujarat,2001,4.24,5.5,3.71,0.21,13.66,15.620000000000001
121,Ahmedabad,Gujarat,2002,4.38,1.6,3.79,1.83,11.6,12.01
121,Ahmedabad,Gujarat,2003,4.6,10.03,12.57,0.98,28.18,28.99
121,Ahmedabad,Gujarat,2004,3.52,7.2,12.0,0.92,23.64,24.77
121,Ahmedabad,Gujarat,2005,10.06,6.52,4.84,10.15,31.57,31.69
121,Ahmedabad,Gujarat,2006,4.52,10.62,12.35,4.42,31.909999999999997,32.1
121,Ahmedabad,Gujarat,2007,3.81,12.81,13.23,3.37,33.22,33.58
121,Ahmedabad,Gujarat,2008,2.39,4.05,8.45,4.99,19.88,20.259999999999998
121,Ahmedabad,Gujarat,2009,0.32,10.51,4.88,0.76,16.470000000000002,18.759999999999998
121,Ahmedabad,Gujarat,2010,2.14,13.05,15.14,4.66,34.99,37.38
121,Ahmedabad,Gujarat,2011,0.51,9.3,9.78,3.84,23.43,23.44
121,Ahmedabad,Gujarat,2012,1.15,2.5,6.08,8.07,17.8,17.9
121,Ahmedabad,Gujarat,2013,4.61,12.72,5.23,8.55,31.110000000000003,32.65
121,Ahmedabad,Gujarat,2014,0.1,15.32,3.52,5.49,24.43,25.21
121,Ahmedabad,Gujarat,2015,5.4,9.68,1.38,3.32,19.78,21.53
121,Ahmedabad,Gujarat,2016,0.61,4.89,8.25,2.53,16.28,17.9
121,Ahmedabad,Gujarat,2017,3.23,17.45,4.67,2.2,27.55,27.95
121,Ahmedabad,Gujarat,2018,0.75,7.25,6.02,1.44,15.459999999999999,15.459999999999999
121,Ahmedabad,Gujarat,2019,2.97,5.34,12.89,9.53,30.730000000000004,31.93
122,Amreli,Gujarat,1990,1.99,1.96,8.41,2.34,14.7,15.96
122,Amreli,Gujarat,1991,0.4,8.29,2.2,0.44,11.33,11.33
122,Amreli,Gujarat,1992,1.32,8.19,3.62,3.89,17.02,17.39
122,Amreli,Gujarat,1993,1.35,5.56,0.9,3.71,11.52,13.34
122,Amreli,Gujarat,1994,4.57,14.46,3.25,5.63,27.91,28.18
122,Amreli,Gujarat,1995,0.57,9.16,1.63,1.71,13.07,13.32
122,Amreli,Gujarat,1996,3.5,9.82,2.5,0.6,16.42,19.34
122,Amreli,Gujarat,1997,10.46,4.43,4.06,3.56,22.509999999999998,23.31
122,Amreli,Gujarat,1998,4.46,4.68,4.67,3.52,17.330000000000002,20.919999999999998
122,Amreli,Gujarat,1999,2.97,2.71,0.76,1.72,8.16,10.49
122,Amreli,Gujarat,2000,0.63,7.82,2.51,0.18,11.14,11.78
122,Amreli,Gujarat,2001,4.4,5.41,4.07,0.66,14.540000000000001,15.97
122,Amreli,Gujarat,2002,6.2,0.82,6.14,0.74,13.9,14.02
122,Amreli,Gujarat,2003,6.31,10.62,8.56,1.84,27.330000000000002,28.24
122,Amreli,Gujarat,2004,5.15,8.35,11.43,0.86,25.79,27.38
122,Amreli,Gujarat,2005,12.53,4.99,3.8,7.64,28.96,29.09
122,Amreli,Gujarat,2006,5.26,12.93,5.56,3.3,27.049999999999997,27.45
122,Amreli,Gujarat,2007,5.41,7.77,20.48,7.14,40.8,41.22
122,Amreli,Gujarat,2008,4.82,7.84,5.61,8.11,26.38,26.56
122,Amreli,Gujarat,2009,2.18,18.93,3.81,0.7,25.619999999999997,26.669999999999998
122,Amreli,Gujarat,2010,2.4,13.9,14.1,6.77,37.17,41.18
122,Amreli,Gujarat,2011,0.8,10.71,8.75,5.73,25.990000000000002,26.01
122,Amreli,Gujarat,2012,1.21,2.65,1.9,7.64,13.399999999999999,13.54
122,Amreli,Gujarat,2013,9.36,9.2,4.38,11.96,34.9,36.63
122,Amreli,Gujarat,2014,1.1,9.08,4.46,3.69,18.330000000000002,19.2
122,Amreli,Gujarat,2015,9.68,5.74,0.58,5.0,21.0,21.7
122,Amreli,Gujarat,2016,1.75,6.77,4.96,5.46,18.94,21.099999999999998
122,Amreli,Gujarat,2017,3.92,12.32,6.32,2.4,24.96,26.17
122,Amreli,Gujarat,2018,1.36,13.9,2.88,0.74,18.88,18.96
122,Amreli,Gujarat,2019,4.89,5.05,10.42,12.04,32.4,34.69
123,Banaskantha,Gujarat,1990,0.42,4.02,9.05,3.76,17.25,18.3
123,Banaskantha,Gujarat,1991,0.41,7.49,2.8,0.28,10.979999999999999,11.02
123,Banaskantha,Gujarat,1992,0.7,5.49,3.71,6.69,16.59,17.62
123,Banaskantha,Gujarat,1993,1.13,11.52,1.07,2.56,16.279999999999998,17.18
123,Banaskantha,Gujarat,1994,1.76,9.44,8.77,8.98,28.95,29.46
123,Banaskantha,Gujarat,1995,0.42,4.63,2.04,1.18,8.27,9.07
123,Banaskantha,Gujarat,1996,3.85,7.27,5.54,1.4,18.06,19.21
123,Banaskantha,Gujarat,1997,10.65,3.28,7.93,2.48,24.34,25.55
123,Banaskantha,Gujarat,1998,3.42,6.5,4.2,4.37,18.490000000000002,19.66
123,Banaskantha,Gujarat,1999,2.39,6.2,0.65,0.55,9.790000000000001,11.24
123,Banaskantha,Gujarat,2000,1.02,9.0,1.89,0.1,12.01,13.42
123,Banaskantha,Gujarat,2001,2.7,4.5,3.49,0.32,11.010000000000002,12.31
123,Banaskantha,Gujarat,2002,2.27,0.56,2.5,1.26,6.59,6.94
123,Banaskantha,Gujarat,2003,2.07,9.57,6.23,0.68,18.55,19.14
123,Banaskantha,Gujarat,2004,1.96,5.41,7.23,1.41,16.01,16.830000000000002
123,Banaskantha,Gujarat,2005,3.76,3.72,3.34,5.74,16.560000000000002,17.5
123,Banaskantha,Gujarat,2006,3.66,6.44,15.75,3.19,29.040000000000003,29.38
123,Banaskantha,Gujarat,2007,2.7,6.72,6.93,1.49,17.84,18.95
123,Banaskantha,Gujarat,2008,2.05,4.68,6.37,2.59,15.69,16.62
123,Banaskantha,Gujarat,2009,1.26,8.39,3.71,0.49,13.85,15.370000000000001
123,Banaskantha,Gujarat,2010,1.64,9.3,9.51,6.17,26.620000000000005,28.75
123,Banaskantha,Gujarat,2011,0.52,5.64,10.35,5.0,21.509999999999998,21.71
123,Banaskantha,Gujarat,2012,0.43,3.63,8.17,8.89,21.12,21.45
123,Banaskantha,Gujarat,2013,2.65,9.53,3.99,4.57,20.740000000000002,22.16
123,Banaskantha,Gujarat,2014,0.33,9.18,2.63,5.39,17.53,18.689999999999998
123,Banaskantha,Gujarat,2015,3.19,8.66,4.14,1.71,17.7,19.08
123,Banaskantha,Gujarat,2016,0.83,8.14,13.3,0.55,22.820000000000004,24.53
123,Banaskantha,Gujarat,2017,2.9,22.47,4.09,1.29,30.749999999999996,31.52
123,Banaskantha,Gujarat,2018,2.83,6.17,3.79,1.73,14.52,14.54
123,Banaskantha,Gujarat,2019,2.2,5.71,13.93,5.42,27.259999999999998,29.12
124,Bharuch,Gujarat,1990,3.34,2.98,14.05,6.71,27.080000000000002,29.63
124,Bharuch,Gujarat,1991,0.99,14.48,5.3,0.71,21.48,21.5
124,Bharuch,Gujarat,1992,3.96,5.86,2.72,4.95,17.490000000000002,17.67
124,Bharuch,Gujarat,1993,0.87,12.52,4.5,7.72,25.61,28.13
124,Bharuch,Gujarat,1994,14.4,21.41,6.5,5.86,48.17,48.97
124,Bharuch,Gujarat,1995,0.36,24.19,3.07,4.65,32.27,33.07
124,Bharuch,Gujarat,1996,4.01,20.06,5.89,1.72,31.68,33.71
124,Bharuch,Gujarat,1997,21.68,6.65,9.73,2.76,40.82,41.660000000000004
124,Bharuch,Gujarat,1998,2.78,14.93,9.48,9.63,36.82,41.25
124,Bharuch,Gujarat,1999,3.46,8.66,2.0,2.92,17.04,21.92
124,Bharuch,Gujarat,2000,0.95,9.62,3.93,0.26,14.759999999999998,15.559999999999999
124,Bharuch,Gujarat,2001,9.46,9.61,6.83,0.31,26.209999999999997,29.5
124,Bharuch,Gujarat,2002,12.89,2.44,12.41,3.23,30.970000000000002,31.240000000000002
124,Bharuch,Gujarat,2003,13.49,19.75,11.52,6.37,51.13,53.52
124,Bharuch,Gujarat,2004,10.8,17.91,22.4,1.71,52.82,54.19
124,Bharuch,Gujarat,2005,29.26,13.02,8.67,13.57,64.52000000000001,65.19
124,Bharuch,Gujarat,2006,9.36,23.54,16.11,4.34,53.349999999999994,54.75
124,Bharuch,Gujarat,2007,6.47,13.67,22.53,10.6,53.27,53.84
124,Bharuch,Gujarat,2008,10.49,11.95,12.44,8.9,43.779999999999994,44.19
124,Bharuch,Gujarat,2009,1.49,27.7,6.85,3.3,39.339999999999996,42.53
124,Bharuch,Gujarat,2010,4.5,17.78,13.5,13.1,48.88,54.97
124,Bharuch,Gujarat,2011,1.77,12.61,15.73,8.58,38.69,38.92
124,Bharuch,Gujarat,2012,2.67,5.88,4.72,14.65,27.92,28.63
124,Bharuch,Gujarat,2013,21.23,20.9,9.61,9.17,60.91,62.449999999999996
124,Bharuch,Gujarat,2014,0.71,16.87,6.47,7.26,31.310000000000002,32.5
124,Bharuch,Gujarat,2015,15.38,6.69,2.16,13.18,37.41,38.51
124,Bharuch,Gujarat,2016,2.76,13.42,8.04,6.65,30.869999999999997,33.75
124,Bharuch,Gujarat,2017,7.17,15.61,10.36,2.63,35.77,37.25
124,Bharuch,Gujarat,2018,4.27,21.9,6.18,1.86,34.209999999999994,34.25
124,Bharuch,Gujarat,2019,9.57,14.22,16.64,14.29,54.72,57.34
125,Vadodara,Gujarat,1990,1.48,5.82,13.62,5.21,26.130000000000003,27.78
125,Vadodara,Gujarat,1991,0.83,13.03,4.31,0.42,18.59,18.59
125,Vadodara,Gujarat,1992,2.1,6.25,3.52,6.06,17.93,18.14
125,Vadodara,Gujarat,1993,0.66,15.4,2.88,4.35,23.29,24.44
125,Vadodara,Gujarat,1994,6.2,15.5,9.88,11.8,43.379999999999995,43.83
125,Vadodara,Gujarat,1995,0.42,11.7,2.98,2.99,18.09,18.81
125,Vadodara,Gujarat,1996,3.15,13.28,7.68,2.36,26.47,27.799999999999997
125,Vadodara,Gujarat,1997,21.43,6.86,9.98,2.82,41.089999999999996,41.97
125,Vadodara,Gujarat,1998,3.33,12.93,7.21,5.93,29.4,31.57
125,Vadodara,Gujarat,1999,3.48,9.5,1.03,1.75,15.76,18.41
125,Vadodara,Gujarat,2000,1.72,12.21,3.97,0.18,18.080000000000002,19.790000000000003
125,Vadodara,Gujarat,2001,5.88,6.93,4.71,0.14,17.66,20.169999999999998
125,Vadodara,Gujarat,2002,6.57,2.07,6.5,2.54,17.68,18.2
125,Vadodara,Gujarat,2003,6.87,11.79,13.65,2.57,34.88,36.28
125,Vadodara,Gujarat,2004,5.35,10.83,15.77,1.29,33.24,34.269999999999996
125,Vadodara,Gujarat,2005,15.44,9.03,6.35,12.08,42.9,43.11
125,Vadodara,Gujarat,2006,6.15,14.28,14.53,4.72,39.68,40.22
125,Vadodara,Gujarat,2007,4.36,14.57,16.2,5.02,40.14999999999999,40.51
125,Vadodara,Gujarat,2008,4.54,6.28,10.09,5.65,26.560000000000002,26.95
125,Vadodara,Gujarat,2009,0.61,15.43,5.86,1.62,23.52,26.43
125,Vadodara,Gujarat,2010,2.71,14.92,16.11,7.16,40.89999999999999,44.03
125,Vadodara,Gujarat,2011,0.89,10.68,12.45,4.79,28.81,28.84
125,Vadodara,Gujarat,2012,1.61,3.86,6.74,10.46,22.67,22.91
125,Vadodara,Gujarat,2013,8.97,16.91,6.99,8.53,41.400000000000006,43.01
125,Vadodara,Gujarat,2014,0.22,17.81,4.5,6.69,29.22,30.08
125,Vadodara,Gujarat,2015,7.91,9.2,1.31,5.79,24.209999999999997,25.82
125,Vadodara,Gujarat,2016,1.19,6.06,8.04,3.75,19.04,20.65
125,Vadodara,Gujarat,2017,4.55,16.55,6.2,2.1,29.400000000000002,29.96
125,Vadodara,Gujarat,2018,1.34,11.53,6.28,1.37,20.52,20.52
125,Vadodara,Gujarat,2019,4.73,8.7,15.94,10.71,40.08,41.66
126,Bhavnagar,Gujarat,1990,1.33,2.67,8.72,2.96,15.68,17.09
126,Bhavnagar,Gujarat,1991,0.48,7.76,2.38,0.51,11.13,11.129999999999999
126,Bhavnagar,Gujarat,1992,1.47,7.85,3.05,3.46,15.830000000000002,16.09
126,Bhavnagar,Gujarat,1993,1.04,6.82,1.11,3.96,12.93,14.74
126,Bhavnagar,Gujarat,1994,4.66,15.99,4.0,6.25,30.9,31.16
126,Bhavnagar,Gujarat,1995,0.67,8.43,1.63,1.79,12.52,12.85
126,Bhavnagar,Gujarat,1996,3.35,9.09,3.32,0.76,16.52,18.58
126,Bhavnagar,Gujarat,1997,12.47,3.19,4.68,3.25,23.59,24.41
126,Bhavnagar,Gujarat,1998,3.41,5.95,5.04,4.29,18.689999999999998,22.0
126,Bhavnagar,Gujarat,1999,2.42,3.43,0.73,1.87,8.45,11.08
126,Bhavnagar,Gujarat,2000,0.66,7.26,2.39,0.22,10.530000000000001,11.17
126,Bhavnagar,Gujarat,2001,3.57,4.91,4.21,0.69,13.38,14.85
126,Bhavnagar,Gujarat,2002,6.37,0.89,5.19,1.04,13.489999999999998,13.64
126,Bhavnagar,Gujarat,2003,6.3,10.58,8.55,1.85,27.28,28.36
126,Bhavnagar,Gujarat,2004,5.04,7.94,10.49,0.83,24.299999999999997,26.07
126,Bhavnagar,Gujarat,2005,13.36,5.28,4.31,8.44,31.39,31.54
126,Bhavnagar,Gujarat,2006,4.7,13.22,6.6,3.56,28.080000000000002,28.400000000000002
126,Bhavnagar,Gujarat,2007,4.78,9.47,16.27,6.65,37.17,37.65
126,Bhavnagar,Gujarat,2008,4.86,4.96,6.94,7.69,24.450000000000003,24.69
126,Bhavnagar,Gujarat,2009,1.03,14.7,4.23,0.84,20.8,22.07
126,Bhavnagar,Gujarat,2010,2.6,13.48,12.83,6.63,35.540000000000006,39.37
126,Bhavnagar,Gujarat,2011,0.59,10.37,8.47,6.24,25.67,25.67
126,Bhavnagar,Gujarat,2012,1.33,2.58,2.45,8.2,14.559999999999999,14.65
126,Bhavnagar,Gujarat,2013,8.79,9.2,4.97,14.19,37.15,39.0
126,Bhavnagar,Gujarat,2014,0.44,8.79,3.89,3.84,16.96,17.91
126,Bhavnagar,Gujarat,2015,9.41,6.44,0.91,6.06,22.82,23.830000000000002
126,Bhavnagar,Gujarat,2016,1.07,6.4,5.59,4.92,17.98,19.91
126,Bhavnagar,Gujarat,2017,3.94,13.55,6.85,2.19,26.530000000000005,27.39
126,Bhavnagar,Gujarat,2018,1.11,10.31,4.34,1.01,16.77,16.81
126,Bhavnagar,Gujarat,2019,6.91,5.92,12.56,11.55,36.94,38.84
129,Jamnagar,Gujarat,1990,0.53,1.33,7.8,1.98,11.64,12.57
129,Jamnagar,Gujarat,1991,0.27,4.75,0.97,0.34,6.329999999999999,6.33
129,Jamnagar,Gujarat,1992,0.54,11.02,3.04,1.85,16.45,17.02
129,Jamnagar,Gujarat,1993,0.92,4.78,0.07,1.96,7.73,9.84
129,Jamnagar,Gujarat,1994,1.33,14.58,2.48,6.57,24.96,25.02
129,Jamnagar,Gujarat,1995,0.62,4.14,1.04,0.58,6.38,6.59
129,Jamnagar,Gujarat,1996,3.21,4.79,1.19,0.21,9.4,10.98
129,Jamnagar,Gujarat,1997,5.56,2.84,1.97,3.31,13.68,14.719999999999999
129,Jamnagar,Gujarat,1998,4.77,2.86,2.94,1.73,12.299999999999999,14.51
129,Jamnagar,Gujarat,1999,1.48,0.69,0.29,1.33,3.79,8.33
129,Jamnagar,Gujarat,2000,0.22,6.2,1.3,0.18,7.8999999999999995,8.120000000000001
129,Jamnagar,Gujarat,2001,2.18,3.52,3.0,0.6,9.299999999999999,9.61
129,Jamnagar,Gujarat,2002,4.02,0.19,2.55,0.29,7.05,7.159999999999999
129,Jamnagar,Gujarat,2003,3.09,13.12,5.87,0.4,22.48,22.79
129,Jamnagar,Gujarat,2004,3.06,3.53,6.3,1.02,13.91,15.5
129,Jamnagar,Gujarat,2005,6.09,2.46,2.29,5.38,16.22,16.36
129,Jamnagar,Gujarat,2006,2.87,10.88,7.85,2.55,24.150000000000002,24.26
129,Jamnagar,Gujarat,2007,5.44,7.54,15.51,4.53,33.02,33.730000000000004
129,Jamnagar,Gujarat,2008,2.5,3.35,4.69,6.5,17.04,17.45
129,Jamnagar,Gujarat,2009,1.58,11.47,5.33,0.07,18.450000000000003,18.650000000000002
129,Jamnagar,Gujarat,2010,2.44,12.9,14.18,5.07,34.59,39.01
129,Jamnagar,Gujarat,2011,0.18,7.33,9.72,8.71,25.94,25.970000000000002
129,Jamnagar,Gujarat,2012,0.55,1.3,0.77,6.96,9.58,9.61
129,Jamnagar,Gujarat,2013,3.89,4.3,2.89,14.75,25.83,28.12
129,Jamnagar,Gujarat,2014,0.52,7.03,3.53,2.3,13.379999999999999,14.12
129,Jamnagar,Gujarat,2015,6.79,10.99,0.16,2.39,20.330000000000002,20.89
129,Jamnagar,Gujarat,2016,1.37,3.59,5.47,0.78,11.209999999999999,12.42
129,Jamnagar,Gujarat,2017,3.6,12.25,5.02,1.07,21.939999999999998,22.1
129,Jamnagar,Gujarat,2018,0.61,5.5,3.56,0.48,10.15,10.18
129,Jamnagar,Gujarat,2019,1.49,4.3,10.81,10.95,27.55,29.07
130,Junagadh,Gujarat,1990,2.25,1.78,8.63,1.56,14.22,15.190000000000001
130,Junagadh,Gujarat,1991,0.37,8.89,1.87,0.42,11.549999999999999,11.55
130,Junagadh,Gujarat,1992,0.95,9.93,4.73,4.22,19.83,20.34
130,Junagadh,Gujarat,1993,1.79,4.85,0.35,3.11,10.1,11.99
130,Junagadh,Gujarat,1994,3.1,14.8,2.92,6.28,27.1,27.25
130,Junagadh,Gujarat,1995,0.65,8.34,1.65,1.3,11.940000000000001,12.11
130,Junagadh,Gujarat,1996,4.03,9.91,1.86,0.43,16.23,19.88
130,Junagadh,Gujarat,1997,8.95,5.68,3.38,4.23,22.24,23.11
130,Junagadh,Gujarat,1998,6.15,3.19,4.27,2.26,15.87,19.439999999999998
130,Junagadh,Gujarat,1999,3.5,1.94,0.67,1.6,7.709999999999999,9.72
130,Junagadh,Gujarat,2000,0.64,9.23,2.71,0.17,12.750000000000002,13.360000000000001
130,Junagadh,Gujarat,2001,4.43,5.8,4.15,0.78,15.16,16.22
130,Junagadh,Gujarat,2002,5.65,0.65,6.3,0.25,12.850000000000001,12.950000000000001
130,Junagadh,Gujarat,2003,5.64,11.38,9.39,1.15,27.56,28.0
130,Junagadh,Gujarat,2004,4.79,7.99,11.9,0.86,25.54,27.14
130,Junagadh,Gujarat,2005,10.23,4.28,3.21,7.01,24.730000000000004,24.830000000000002
130,Junagadh,Gujarat,2006,5.19,12.95,5.13,3.44,26.71,26.95
130,Junagadh,Gujarat,2007,6.48,7.33,25.63,7.3,46.739999999999995,47.2
130,Junagadh,Gujarat,2008,4.06,9.88,4.75,9.15,27.840000000000003,28.0
130,Junagadh,Gujarat,2009,3.28,22.51,3.74,0.24,29.77,30.360000000000003
130,Junagadh,Gujarat,2010,2.24,15.83,17.33,6.39,41.79,45.83
130,Junagadh,Gujarat,2011,0.82,12.02,9.39,5.84,28.07,28.08
130,Junagadh,Gujarat,2012,0.94,2.58,1.49,6.94,11.95,12.040000000000001
130,Junagadh,Gujarat,2013,7.95,8.64,3.83,11.5,31.92,33.86
130,Junagadh,Gujarat,2014,1.68,9.83,5.04,3.58,20.130000000000003,21.04
130,Junagadh,Gujarat,2015,9.4,6.87,0.41,3.96,20.64,21.330000000000002
130,Junagadh,Gujarat,2016,2.46,6.92,5.72,3.91,19.009999999999998,21.1
130,Junagadh,Gujarat,2017,4.84,13.21,6.32,2.16,26.53,27.23
130,Junagadh,Gujarat,2018,1.19,15.41,2.9,0.71,20.21,20.28
130,Junagadh,Gujarat,2019,3.75,5.36,9.81,13.48,32.400000000000006,34.57
131,Kheda,Gujarat,1990,0.99,6.68,13.66,4.87,26.2,27.65
131,Kheda,Gujarat,1991,0.84,12.77,4.08,0.34,18.029999999999998,18.03
131,Kheda,Gujarat,1992,1.62,6.34,3.95,6.31,18.22,18.48
131,Kheda,Gujarat,1993,0.63,15.92,2.52,3.4,22.47,23.27
131,Kheda,Gujarat,1994,4.14,13.77,11.17,13.86,42.94,43.32
131,Kheda,Gujarat,1995,0.4,8.17,2.91,2.54,14.02,14.77
131,Kheda,Gujarat,1996,2.91,11.51,8.35,2.63,25.4,26.48
131,Kheda,Gujarat,1997,20.26,6.63,10.26,2.78,39.93,40.89
131,Kheda,Gujarat,1998,3.5,12.5,6.66,4.91,27.57,29.080000000000002
131,Kheda,Gujarat,1999,3.61,9.56,0.76,1.37,15.3,17.34
131,Kheda,Gujarat,2000,1.94,13.04,4.05,0.17,19.2,21.38
131,Kheda,Gujarat,2001,5.0,6.3,4.24,0.13,15.670000000000002,17.9
131,Kheda,Gujarat,2002,4.84,1.9,4.85,2.31,13.9,14.469999999999999
131,Kheda,Gujarat,2003,5.08,10.29,13.92,1.56,30.849999999999998,31.83
131,Kheda,Gujarat,2004,3.8,8.92,13.78,1.29,27.79,28.68
131,Kheda,Gujarat,2005,10.93,7.88,5.73,11.47,36.01,36.24
131,Kheda,Gujarat,2006,5.28,11.49,14.48,5.06,36.31,36.65
131,Kheda,Gujarat,2007,3.99,14.34,13.7,3.14,35.17,35.55
131,Kheda,Gujarat,2008,2.68,5.12,9.42,4.76,21.979999999999997,22.38
131,Kheda,Gujarat,2009,0.48,11.84,5.47,1.12,18.91,21.84
131,Kheda,Gujarat,2010,2.29,13.89,16.55,5.07,37.800000000000004,40.13
131,Kheda,Gujarat,2011,0.76,9.86,11.31,3.59,25.52,25.53
131,Kheda,Gujarat,2012,1.26,3.71,7.7,9.01,21.68,21.9
131,Kheda,Gujarat,2013,5.3,15.65,5.97,7.28,34.199999999999996,35.75
131,Kheda,Gujarat,2014,0.11,17.87,3.93,6.71,28.62,29.43
131,Kheda,Gujarat,2015,5.56,9.89,1.3,3.55,20.3,22.1
131,Kheda,Gujarat,2016,0.73,4.88,8.36,2.56,16.529999999999998,18.12
131,Kheda,Gujarat,2017,3.43,17.95,4.71,2.18,28.27,28.71
131,Kheda,Gujarat,2018,0.92,7.96,6.03,1.38,16.29,16.29
131,Kheda,Gujarat,2019,2.82,6.26,13.39,9.53,32.0,33.26
132,Kutch,Gujarat,1990,0.09,0.5,6.72,2.19,9.5,10.25
132,Kutch,Gujarat,1991,0.07,2.67,0.33,0.1,3.17,3.17
132,Kutch,Gujarat,1992,0.17,10.26,1.97,0.92,13.32,13.91
132,Kutch,Gujarat,1993,0.26,4.55,0.04,0.75,5.6,7.4799999999999995
132,Kutch,Gujarat,1994,0.5,9.03,2.5,6.73,18.759999999999998,18.81
132,Kutch,Gujarat,1995,0.18,2.84,0.45,0.17,3.64,3.9099999999999997
132,Kutch,Gujarat,1996,2.11,1.99,0.46,0.19,4.75,5.32
132,Kutch,Gujarat,1997,2.14,2.0,1.21,2.42,7.7700000000000005,8.78
132,Kutch,Gujarat,1998,3.61,2.28,1.42,1.16,8.469999999999999,9.27
132,Kutch,Gujarat,1999,0.5,0.25,0.1,0.57,1.42,7.33
132,Kutch,Gujarat,2000,0.06,4.94,0.48,0.13,5.61,5.69
132,Kutch,Gujarat,2001,1.9,3.24,1.47,0.16,6.7700000000000005,7.0
132,Kutch,Gujarat,2002,1.85,0.06,0.92,0.36,3.19,3.3000000000000003
132,Kutch,Gujarat,2003,1.03,13.84,3.45,0.09,18.41,18.96
132,Kutch,Gujarat,2004,1.53,0.91,3.32,1.06,6.82,8.43
132,Kutch,Gujarat,2005,2.03,1.1,1.19,3.26,7.58,7.81
132,Kutch,Gujarat,2006,1.85,7.26,9.75,1.76,20.62,20.919999999999998
132,Kutch,Gujarat,2007,3.99,4.82,9.99,1.8,20.6,21.38
132,Kutch,Gujarat,2008,0.88,2.15,3.15,3.18,9.36,9.97
132,Kutch,Gujarat,2009,1.16,7.55,5.24,0.02,13.969999999999999,14.2
132,Kutch,Gujarat,2010,1.94,8.8,11.33,3.89,25.96,29.76
132,Kutch,Gujarat,2011,0.04,2.76,10.23,9.53,22.560000000000002,22.62
132,Kutch,Gujarat,2012,0.13,0.38,0.54,6.5,7.55,7.65
132,Kutch,Gujarat,2013,1.64,2.22,1.74,10.8,16.400000000000002,18.29
132,Kutch,Gujarat,2014,0.31,5.59,2.66,1.52,10.079999999999998,10.39
132,Kutch,Gujarat,2015,2.33,12.46,0.07,1.3,16.16,16.5
132,Kutch,Gujarat,2016,0.36,1.24,4.19,0.42,6.210000000000001,7.41
132,Kutch,Gujarat,2017,1.64,10.03,3.7,0.99,16.36,16.419999999999998
132,Kutch,Gujarat,2018,0.44,1.88,2.79,0.28,5.39,5.46
132,Kutch,Gujarat,2019,0.55,2.66,9.3,6.39,18.900000000000002,20.150000000000002
133,Mehsana,Gujarat,1990,0.64,5.51,11.48,3.89,21.52,22.650000000000002
133,Mehsana,Gujarat,1991,0.6,10.39,2.9,0.3,14.190000000000001,14.190000000000001
133,Mehsana,Gujarat,1992,1.13,6.37,3.58,5.39,16.47,16.75
133,Mehsana,Gujarat,1993,0.55,13.01,1.65,2.66,17.87,18.74
133,Mehsana,Gujarat,1994,2.68,11.94,9.34,12.38,36.34,36.59
133,Mehsana,Gujarat,1995,0.32,5.57,2.29,1.81,9.99,10.56
133,Mehsana,Gujarat,1996,2.69,8.68,6.82,2.07,20.259999999999998,21.14
133,Mehsana,Gujarat,1997,16.27,3.87,8.35,2.65,31.14,32.0
133,Mehsana,Gujarat,1998,3.22,9.73,5.35,3.79,22.09,23.39
133,Mehsana,Gujarat,1999,2.94,7.52,0.52,1.0,11.979999999999999,13.74
133,Mehsana,Gujarat,2000,1.55,11.01,3.1,0.15,15.81,17.72
133,Mehsana,Gujarat,2001,3.88,5.19,3.48,0.18,12.73,14.540000000000001
133,Mehsana,Gujarat,2002,3.58,1.42,3.2,1.74,9.94,10.38
133,Mehsana,Gujarat,2003,3.73,9.83,11.68,0.75,25.990000000000002,26.66
133,Mehsana,Gujarat,2004,2.87,6.36,10.98,1.01,21.220000000000002,22.220000000000002
133,Mehsana,Gujarat,2005,7.86,5.86,4.45,9.28,27.450000000000003,27.7
133,Mehsana,Gujarat,2006,4.28,9.32,13.35,4.35,31.300000000000004,31.5
133,Mehsana,Gujarat,2007,3.52,11.7,11.46,2.48,29.16,29.63
133,Mehsana,Gujarat,2008,1.84,3.95,7.92,4.19,17.900000000000002,18.36
133,Mehsana,Gujarat,2009,0.44,9.28,4.66,0.62,14.999999999999998,17.2
133,Mehsana,Gujarat,2010,1.95,12.02,14.33,4.32,32.62,34.74
133,Mehsana,Gujarat,2011,0.5,8.23,9.78,3.73,22.24,22.28
133,Mehsana,Gujarat,2012,0.94,2.66,6.71,7.89,18.2,18.33
133,Mehsana,Gujarat,2013,3.45,12.03,4.76,7.04,27.28,28.759999999999998
133,Mehsana,Gujarat,2014,0.11,14.55,3.21,5.53,23.400000000000002,24.17
133,Mehsana,Gujarat,2015,4.32,9.44,2.21,2.46,18.43,20.13
133,Mehsana,Gujarat,2016,0.5,5.55,8.89,1.46,16.400000000000002,18.2
133,Mehsana,Gujarat,2017,2.59,19.45,4.14,1.93,28.11,28.47
133,Mehsana,Gujarat,2018,1.21,5.67,5.28,1.76,13.92,13.93
133,Mehsana,Gujarat,2019,2.2,4.25,12.4,8.49,27.340000000000003,28.67
134,Panchmahal,Gujarat,1990,2.02,6.18,14.22,6.49,28.910000000000004,31.01
134,Panchmahal,Gujarat,1991,2.03,12.98,4.78,0.48,20.27,20.330000000000002
134,Panchmahal,Gujarat,1992,2.64,5.82,4.13,5.76,18.35,19.05
134,Panchmahal,Gujarat,1993,1.36,15.17,4.03,4.92,25.480000000000004,26.74
134,Panchmahal,Gujarat,1994,7.35,14.4,10.53,10.92,43.2,44.0
134,Panchmahal,Gujarat,1995,1.08,13.28,3.67,3.69,21.720000000000002,23.09
134,Panchmahal,Gujarat,1996,2.95,14.74,7.82,3.07,28.580000000000002,30.32
134,Panchmahal,Gujarat,1997,18.83,10.24,9.64,2.66,41.370000000000005,42.73
134,Panchmahal,Gujarat,1998,3.85,12.4,7.43,6.98,30.66,32.93
134,Panchmahal,Gujarat,1999,4.34,8.65,1.32,3.31,17.62,20.96
134,Panchmahal,Gujarat,2000,2.14,11.35,4.64,0.3,18.43,20.46
134,Panchmahal,Gujarat,2001,6.07,6.67,4.85,0.23,17.82,20.48
134,Panchmahal,Gujarat,2002,6.87,1.9,7.93,2.76,19.46,20.22
134,Panchmahal,Gujarat,2003,7.37,11.91,11.83,4.55,35.66,37.410000000000004
134,Panchmahal,Gujarat,2004,5.02,11.32,14.99,2.17,33.5,34.71
134,Panchmahal,Gujarat,2005,13.61,9.98,6.18,11.88,41.65,42.14
134,Panchmahal,Gujarat,2006,6.14,13.89,15.06,5.47,40.56,41.74
134,Panchmahal,Gujarat,2007,4.61,13.82,15.18,5.22,38.83,39.56
134,Panchmahal,Gujarat,2008,4.88,6.59,9.37,5.7,26.539999999999996,27.0
134,Panchmahal,Gujarat,2009,1.22,15.86,5.96,2.16,25.2,29.28
134,Panchmahal,Gujarat,2010,3.06,12.94,15.24,7.64,38.88,42.44
134,Panchmahal,Gujarat,2011,1.38,10.02,14.22,5.01,30.629999999999995,30.72
134,Panchmahal,Gujarat,2012,1.57,6.15,6.95,10.82,25.490000000000002,26.02
134,Panchmahal,Gujarat,2013,10.09,17.79,7.84,7.15,42.87,45.13
134,Panchmahal,Gujarat,2014,0.26,16.57,5.16,7.11,29.1,30.400000000000002
134,Panchmahal,Gujarat,2015,8.22,10.35,2.66,5.95,27.18,29.16
134,Panchmahal,Gujarat,2016,1.99,7.32,9.0,3.84,22.150000000000002,23.63
134,Panchmahal,Gujarat,2017,4.91,15.58,6.24,1.99,28.720000000000002,29.37
134,Panchmahal,Gujarat,2018,2.26,12.11,6.33,1.69,22.39,22.4
134,Panchmahal,Gujarat,2019,4.53,11.26,18.59,10.27,44.64999999999999,46.57
135,Rajkot,Gujarat,1990,0.65,2.21,8.16,2.12,13.14,14.27
135,Rajkot,Gujarat,1991,0.44,5.75,1.45,0.52,8.16,8.16
135,Rajkot,Gujarat,1992,0.84,10.46,3.49,2.42,17.21,17.66
135,Rajkot,Gujarat,1993,1.22,5.16,0.19,2.86,9.43,11.54
135,Rajkot,Gujarat,1994,1.92,17.31,2.98,6.63,28.839999999999996,28.93
135,Rajkot,Gujarat,1995,0.91,4.78,1.32,0.9,7.910000000000001,8.14
135,Rajkot,Gujarat,1996,3.61,6.26,2.06,0.31,12.24,14.06
135,Rajkot,Gujarat,1997,8.53,2.77,2.78,3.73,17.81,18.83
135,Rajkot,Gujarat,1998,4.47,3.4,3.96,2.63,14.459999999999997,17.41
135,Rajkot,Gujarat,1999,2.0,1.33,0.42,1.81,5.5600000000000005,8.950000000000001
135,Rajkot,Gujarat,2000,0.37,6.75,1.84,0.25,9.21,9.56
135,Rajkot,Gujarat,2001,1.8,3.88,3.87,0.89,10.440000000000001,10.94
135,Rajkot,Gujarat,2002,5.11,0.33,3.28,0.35,9.07,9.21
135,Rajkot,Gujarat,2003,4.48,12.17,7.34,0.61,24.599999999999998,25.1
135,Rajkot,Gujarat,2004,3.83,5.09,7.54,0.86,17.32,19.37
135,Rajkot,Gujarat,2005,8.88,3.33,3.19,6.83,22.23,22.41
135,Rajkot,Gujarat,2006,3.12,12.32,6.52,3.46,25.42,25.55
135,Rajkot,Gujarat,2007,5.54,9.07,16.19,5.88,36.68,37.35
135,Rajkot,Gujarat,2008,3.44,3.22,6.06,8.22,20.939999999999998,21.27
135,Rajkot,Gujarat,2009,1.23,12.41,4.68,0.15,18.47,18.91
135,Rajkot,Gujarat,2010,2.65,14.18,14.33,5.46,36.62,40.75
135,Rajkot,Gujarat,2011,0.24,10.05,8.6,7.96,26.85,26.87
135,Rajkot,Gujarat,2012,0.88,1.91,1.36,7.23,11.38,11.4
135,Rajkot,Gujarat,2013,5.18,5.56,3.89,16.55,31.18,33.55
135,Rajkot,Gujarat,2014,0.4,6.99,3.75,2.81,13.950000000000001,14.97
135,Rajkot,Gujarat,2015,9.39,8.63,0.26,3.16,21.440000000000005,22.200000000000003
135,Rajkot,Gujarat,2016,1.54,4.32,5.37,1.39,12.620000000000001,14.290000000000001
135,Rajkot,Gujarat,2017,4.82,16.85,5.35,1.28,28.300000000000004,28.630000000000003
135,Rajkot,Gujarat,2018,1.19,6.47,4.35,0.6,12.61,12.639999999999999
135,Rajkot,Gujarat,2019,1.83,5.2,12.4,11.19,30.619999999999997,32.64
136,Sabarkantha,Gujarat,1990,0.73,6.26,12.68,4.51,24.18,25.52
136,Sabarkantha,Gujarat,1991,0.68,11.52,3.91,0.39,16.5,16.56
136,Sabarkantha,Gujarat,1992,1.17,6.33,4.5,7.44,19.44,20.37
136,Sabarkantha,Gujarat,1993,1.06,15.11,2.1,3.12,21.39,22.1
136,Sabarkantha,Gujarat,1994,2.98,12.22,11.72,12.67,39.59,40.120000000000005
136,Sabarkantha,Gujarat,1995,0.37,5.47,2.5,1.96,10.3,11.26
136,Sabarkantha,Gujarat,1996,3.57,10.16,8.19,2.36,24.28,25.31
136,Sabarkantha,Gujarat,1997,16.47,5.41,10.64,2.74,35.26,36.46
136,Sabarkantha,Gujarat,1998,3.8,10.73,5.93,4.7,25.16,26.37
136,Sabarkantha,Gujarat,1999,3.4,9.08,0.86,0.93,14.27,15.95
136,Sabarkantha,Gujarat,2000,1.74,12.46,3.37,0.17,17.740000000000002,19.91
136,Sabarkantha,Gujarat,2001,3.79,5.55,4.8,0.38,14.520000000000001,15.959999999999999
136,Sabarkantha,Gujarat,2002,3.59,0.98,4.47,1.71,10.75,11.219999999999999
136,Sabarkantha,Gujarat,2003,2.98,8.75,8.81,1.34,21.88,22.490000000000002
136,Sabarkantha,Gujarat,2004,2.45,8.47,9.38,1.98,22.280000000000005,22.91
136,Sabarkantha,Gujarat,2005,5.51,5.88,4.89,9.08,25.36,26.24
136,Sabarkantha,Gujarat,2006,4.72,8.66,13.5,4.6,31.479999999999997,31.72
136,Sabarkantha,Gujarat,2007,3.86,10.15,9.28,1.49,24.779999999999998,25.53
136,Sabarkantha,Gujarat,2008,2.13,5.7,7.62,3.66,19.11,19.66
136,Sabarkantha,Gujarat,2009,1.31,10.06,4.99,0.95,17.31,19.64
136,Sabarkantha,Gujarat,2010,1.97,12.01,13.73,4.85,32.56,34.76
136,Sabarkantha,Gujarat,2011,1.04,7.81,10.43,4.31,23.59,23.669999999999998
136,Sabarkantha,Gujarat,2012,0.66,5.84,9.0,8.31,23.810000000000002,24.28
136,Sabarkantha,Gujarat,2013,3.0,13.3,4.24,4.59,25.13,26.52
136,Sabarkantha,Gujarat,2014,0.21,12.31,3.36,6.92,22.8,23.66
136,Sabarkantha,Gujarat,2015,3.75,9.52,3.29,2.1,18.66,20.22
136,Sabarkantha,Gujarat,2016,0.62,7.03,10.29,0.84,18.779999999999998,20.5
136,Sabarkantha,Gujarat,2017,2.47,22.37,4.23,1.56,30.63,31.060000000000002
136,Sabarkantha,Gujarat,2018,2.27,6.21,4.35,1.86,14.69,14.7
136,Sabarkantha,Gujarat,2019,2.4,5.05,13.56,7.17,28.18,29.85
137,Surat,Gujarat,1990,5.2,3.49,16.85,8.25,33.790000000000006,37.300000000000004
137,Surat,Gujarat,1991,2.47,17.87,6.43,1.02,27.79,27.84
137,Surat,Gujarat,1992,5.31,6.96,4.42,5.14,21.83,22.08
137,Surat,Gujarat,1993,1.7,13.23,6.12,10.04,31.09,34.589999999999996
137,Surat,Gujarat,1994,19.16,26.58,7.1,5.58,58.419999999999995,59.68
137,Surat,Gujarat,1995,0.57,30.53,3.74,6.45,41.290000000000006,42.34
137,Surat,Gujarat,1996,4.99,25.32,6.63,2.28,39.220000000000006,41.78
137,Surat,Gujarat,1997,21.42,7.75,11.57,3.31,44.050000000000004,45.27
137,Surat,Gujarat,1998,3.62,17.66,11.82,12.09,45.19,51.13
137,Surat,Gujarat,1999,5.07,9.0,2.75,4.04,20.86,27.02
137,Surat,Gujarat,2000,1.4,11.42,5.09,0.49,18.4,19.78
137,Surat,Gujarat,2001,12.56,12.34,8.89,0.65,34.44,38.43
137,Surat,Gujarat,2002,16.7,3.0,16.08,3.84,39.620000000000005,39.87
137,Surat,Gujarat,2003,18.27,25.14,12.66,8.22,64.28999999999999,66.95
137,Surat,Gujarat,2004,13.78,22.53,27.53,2.44,66.28,68.02
137,Surat,Gujarat,2005,36.01,17.32,10.84,16.65,80.82,82.17999999999999
137,Surat,Gujarat,2006,11.68,29.04,21.56,5.71,67.99,70.37
137,Surat,Gujarat,2007,9.53,15.92,25.85,13.4,64.7,65.56
137,Surat,Gujarat,2008,12.92,15.37,16.2,13.04,57.529999999999994,58.19
137,Surat,Gujarat,2009,1.96,33.4,7.38,4.41,47.150000000000006,51.35
137,Surat,Gujarat,2010,6.81,20.8,15.14,14.55,57.3,64.92
137,Surat,Gujarat,2011,2.83,15.24,18.36,10.01,46.44,47.06
137,Surat,Gujarat,2012,3.43,8.43,5.47,16.25,33.58,35.1
137,Surat,Gujarat,2013,26.17,24.53,11.16,8.91,70.77,72.61
137,Surat,Gujarat,2014,1.07,21.31,8.97,8.88,40.230000000000004,42.05
137,Surat,Gujarat,2015,17.12,7.64,2.7,14.49,41.95,43.49
137,Surat,Gujarat,2016,4.44,17.57,10.99,9.04,42.04,45.25
137,Surat,Gujarat,2017,8.98,18.71,11.53,4.0,43.22,45.800000000000004
137,Surat,Gujarat,2018,6.88,26.79,6.06,1.92,41.650000000000006,41.83
137,Surat,Gujarat,2019,9.4,19.51,16.1,16.89,61.900000000000006,65.36
138,Surendranagar,Gujarat,1990,0.65,3.92,9.73,3.11,17.41,18.56
138,Surendranagar,Gujarat,1991,0.54,8.09,2.18,0.42,11.229999999999999,11.23
138,Surendranagar,Gujarat,1992,1.06,7.63,3.32,3.83,15.84,16.08
138,Surendranagar,Gujarat,1993,0.75,9.21,1.02,2.87,13.850000000000001,15.22
138,Surendranagar,Gujarat,1994,2.63,13.88,6.14,9.43,32.08,32.26
138,Surendranagar,Gujarat,1995,0.55,5.4,1.81,1.45,9.209999999999999,9.6
138,Surendranagar,Gujarat,1996,2.88,7.49,4.58,1.25,16.200000000000003,17.46
138,Surendranagar,Gujarat,1997,13.18,3.01,5.69,3.04,24.919999999999998,25.8
138,Surendranagar,Gujarat,1998,3.38,6.91,4.71,3.41,18.41,20.42
138,Surendranagar,Gujarat,1999,2.45,4.68,0.48,1.36,8.969999999999999,11.34
138,Surendranagar,Gujarat,2000,1.03,8.58,2.5,0.19,12.299999999999999,13.45
138,Surendranagar,Gujarat,2001,3.07,4.56,3.58,0.47,11.68,13.08
138,Surendranagar,Gujarat,2002,4.33,1.01,3.27,1.16,9.77,10.06
138,Surendranagar,Gujarat,2003,4.26,10.22,9.83,0.76,25.070000000000004,25.79
138,Surendranagar,Gujarat,2004,3.37,5.89,9.36,0.82,19.439999999999998,21.08
138,Surendranagar,Gujarat,2005,8.88,4.89,3.95,8.46,26.18,26.37
138,Surendranagar,Gujarat,2006,3.74,10.56,9.64,3.89,27.830000000000002,28.020000000000003
138,Surendranagar,Gujarat,2007,4.1,10.57,13.27,4.18,32.12,32.57
138,Surendranagar,Gujarat,2008,2.57,3.22,7.18,5.97,18.939999999999998,19.31
138,Surendranagar,Gujarat,2009,0.52,10.14,4.55,0.46,15.670000000000002,17.27
138,Surendranagar,Gujarat,2010,2.21,12.57,13.67,4.92,33.370000000000005,36.27
138,Surendranagar,Gujarat,2011,0.36,8.94,8.8,5.4,23.5,23.52
138,Surendranagar,Gujarat,2012,0.99,2.08,3.96,7.46,14.49,14.55
138,Surendranagar,Gujarat,2013,4.47,9.11,4.5,11.21,29.29,31.11
138,Surendranagar,Gujarat,2014,0.15,10.93,3.4,4.15,18.630000000000003,19.51
138,Surendranagar,Gujarat,2015,5.88,8.59,0.75,3.04,18.259999999999998,19.78
138,Surendranagar,Gujarat,2016,0.58,3.62,7.14,1.83,13.17,15.03
138,Surendranagar,Gujarat,2017,3.53,19.02,4.97,1.75,29.27,29.619999999999997
138,Surendranagar,Gujarat,2018,0.59,4.75,4.91,1.01,11.26,11.26
138,Surendranagar,Gujarat,2019,2.38,3.96,11.57,10.39,28.3,29.95
139,Ajmer,Rajasthan,1990,0.95,4.21,5.98,2.56,13.700000000000001,15.690000000000001
139,Ajmer,Rajasthan,1991,0.58,3.55,4.07,1.79,9.989999999999998,10.3
139,Ajmer,Rajasthan,1992,0.23,4.87,5.01,5.74,15.85,18.44
139,Ajmer,Rajasthan,1993,2.82,5.21,1.97,2.55,12.55,13.799999999999999
139,Ajmer,Rajasthan,1994,1.23,6.29,6.64,2.34,16.5,18.0
139,Ajmer,Rajasthan,1995,0.45,7.4,7.16,0.53,15.540000000000001,17.23
139,Ajmer,Rajasthan,1996,4.0,4.47,5.32,2.8,16.59,18.69
139,Ajmer,Rajasthan,1997,1.32,4.33,6.35,1.88,13.879999999999999,18.349999999999998
139,Ajmer,Rajasthan,1998,1.86,5.25,1.74,4.34,13.19,15.01
139,Ajmer,Rajasthan,1999,0.83,2.49,1.75,0.76,5.83,7.23
139,Ajmer,Rajasthan,2000,0.42,4.34,1.44,0.3,6.499999999999999,7.56
139,Ajmer,Rajasthan,2001,2.6,6.05,2.79,0.31,11.750000000000002,13.99
139,Ajmer,Rajasthan,2002,1.04,0.27,1.64,0.49,3.4400000000000004,4.79
139,Ajmer,Rajasthan,2003,2.05,5.58,2.69,1.51,11.83,13.37
139,Ajmer,Rajasthan,2004,1.24,3.21,7.93,0.67,13.049999999999999,15.07
139,Ajmer,Rajasthan,2005,2.49,4.06,0.84,2.49,9.879999999999999,11.23
139,Ajmer,Rajasthan,2006,2.68,2.66,3.66,1.31,10.31,11.58
139,Ajmer,Rajasthan,2007,1.05,3.43,4.15,2.15,10.780000000000001,13.270000000000001
139,Ajmer,Rajasthan,2008,4.54,3.14,3.52,1.96,13.16,15.42
139,Ajmer,Rajasthan,2009,1.19,4.36,2.54,0.65,8.74,10.13
139,Ajmer,Rajasthan,2010,1.11,5.27,6.86,3.76,17.0,19.4
139,Ajmer,Rajasthan,2011,2.15,4.9,5.11,4.55,16.71,17.650000000000002
139,Ajmer,Rajasthan,2012,0.27,2.39,11.0,3.46,17.12,18.09
139,Ajmer,Rajasthan,2013,3.0,5.52,6.27,2.63,17.419999999999998,19.55
139,Ajmer,Rajasthan,2014,0.45,4.45,5.02,3.29,13.21,15.3
139,Ajmer,Rajasthan,2015,2.36,5.33,2.72,0.47,10.88,14.02
139,Ajmer,Rajasthan,2016,2.36,6.0,7.74,0.6,16.700000000000003,19.26
139,Ajmer,Rajasthan,2017,3.19,6.15,2.76,1.1,13.2,16.580000000000002
139,Ajmer,Rajasthan,2018,1.81,5.71,2.58,2.23,12.33,12.82
139,Ajmer,Rajasthan,2019,0.79,8.72,9.57,2.6,21.680000000000003,23.6
140,Alwar,Rajasthan,1990,1.62,6.76,7.04,5.36,20.779999999999998,25.03
140,Alwar,Rajasthan,1991,1.13,4.01,8.55,3.68,17.37,18.79
140,Alwar,Rajasthan,1992,0.32,4.78,6.1,4.06,15.259999999999998,17.4
140,Alwar,Rajasthan,1993,3.24,6.85,3.39,6.46,19.94,21.51
140,Alwar,Rajasthan,1994,2.06,10.16,6.78,1.69,20.69,22.48
140,Alwar,Rajasthan,1995,1.05,3.93,12.17,3.74,20.89,23.490000000000002
140,Alwar,Rajasthan,1996,3.91,5.23,7.78,4.98,21.900000000000002,24.66
140,Alwar,Rajasthan,1997,1.74,4.07,5.22,1.58,12.610000000000001,18.19
140,Alwar,Rajasthan,1998,2.44,5.73,4.16,5.45,17.78,20.71
140,Alwar,Rajasthan,1999,0.92,3.19,3.47,1.88,9.46,11.07
140,Alwar,Rajasthan,2000,2.25,4.59,2.85,0.75,10.44,12.12
140,Alwar,Rajasthan,2001,2.51,4.88,2.78,0.77,10.94,13.51
140,Alwar,Rajasthan,2002,1.03,0.23,2.93,3.34,7.53,11.35
140,Alwar,Rajasthan,2003,2.94,9.19,4.07,2.61,18.81,20.93
140,Alwar,Rajasthan,2004,1.41,2.81,9.24,1.19,14.65,18.94
140,Alwar,Rajasthan,2005,2.21,6.61,1.45,3.58,13.85,15.65
140,Alwar,Rajasthan,2006,3.35,5.52,2.22,1.93,13.02,15.07
140,Alwar,Rajasthan,2007,2.77,3.85,5.49,2.11,14.219999999999999,18.11
140,Alwar,Rajasthan,2008,3.88,5.32,4.76,3.66,17.619999999999997,20.59
140,Alwar,Rajasthan,2009,1.16,3.56,3.77,3.26,11.75,15.31
140,Alwar,Rajasthan,2010,0.68,5.98,8.28,5.04,19.98,22.64
140,Alwar,Rajasthan,2011,3.43,3.99,6.14,5.54,19.099999999999998,21.02
140,Alwar,Rajasthan,2012,0.25,4.99,12.68,3.07,20.990000000000002,22.3
140,Alwar,Rajasthan,2013,4.8,6.93,10.45,2.85,25.03,30.389999999999997
140,Alwar,Rajasthan,2014,0.66,4.15,6.24,1.93,12.98,17.650000000000002
140,Alwar,Rajasthan,2015,1.55,4.49,4.94,0.88,11.860000000000001,17.68
140,Alwar,Rajasthan,2016,1.85,12.19,5.94,0.87,20.85,22.29
140,Alwar,Rajasthan,2017,3.3,2.96,3.74,2.11,12.11,14.53
140,Alwar,Rajasthan,2018,2.17,9.42,5.7,4.34,21.63,23.9
140,Alwar,Rajasthan,2019,0.38,5.13,6.68,3.39,15.58,19.64
141,Banswara,Rajasthan,1990,2.52,6.45,12.02,7.59,28.580000000000002,30.7
141,Banswara,Rajasthan,1991,3.28,10.23,5.47,0.7,19.68,19.94
141,Banswara,Rajasthan,1992,2.14,5.27,6.04,5.02,18.47,20.759999999999998
141,Banswara,Rajasthan,1993,2.68,12.57,5.07,4.71,25.03,25.830000000000002
141,Banswara,Rajasthan,1994,5.9,9.64,10.77,8.57,34.88,36.06
141,Banswara,Rajasthan,1995,1.79,9.83,4.71,3.48,19.810000000000002,22.17
141,Banswara,Rajasthan,1996,1.88,12.66,8.3,4.1,26.939999999999998,28.9
141,Banswara,Rajasthan,1997,9.37,10.01,8.81,1.95,30.139999999999997,32.71
141,Banswara,Rajasthan,1998,4.07,9.09,5.37,6.67,25.200000000000003,26.52
141,Banswara,Rajasthan,1999,4.68,6.32,1.71,5.29,18.0,21.27
141,Banswara,Rajasthan,2000,2.69,8.7,4.8,0.55,16.74,19.36
141,Banswara,Rajasthan,2001,4.83,5.9,4.15,0.43,15.31,17.3
141,Banswara,Rajasthan,2002,4.2,1.01,7.55,2.19,14.95,16.08
141,Banswara,Rajasthan,2003,4.52,8.97,6.1,5.84,25.43,27.13
141,Banswara,Rajasthan,2004,2.16,8.63,9.39,3.31,23.49,24.740000000000002
141,Banswara,Rajasthan,2005,3.68,8.62,4.0,8.85,25.15,25.82
141,Banswara,Rajasthan,2006,4.08,8.57,13.5,5.83,31.979999999999997,33.63
141,Banswara,Rajasthan,2007,4.35,9.82,8.48,2.85,25.5,26.71
141,Banswara,Rajasthan,2008,3.55,5.68,5.65,3.91,18.79,19.45
141,Banswara,Rajasthan,2009,2.21,10.96,4.89,1.93,19.990000000000002,24.77
141,Banswara,Rajasthan,2010,2.41,7.7,12.27,5.14,27.52,30.419999999999998
141,Banswara,Rajasthan,2011,3.08,7.4,13.28,4.5,28.259999999999998,28.38
141,Banswara,Rajasthan,2012,0.85,8.9,8.16,8.44,26.35,27.1
141,Banswara,Rajasthan,2013,6.23,14.99,6.86,4.29,32.37,35.83
141,Banswara,Rajasthan,2014,0.3,10.58,5.31,6.75,22.94,24.74
141,Banswara,Rajasthan,2015,4.82,9.99,6.11,1.85,22.770000000000003,25.12
141,Banswara,Rajasthan,2016,2.53,8.73,15.13,2.11,28.5,30.470000000000002
141,Banswara,Rajasthan,2017,3.58,13.66,5.65,2.7,25.59,26.240000000000002
141,Banswara,Rajasthan,2018,3.78,8.92,6.12,2.68,21.5,21.56
141,Banswara,Rajasthan,2019,5.16,7.98,13.46,9.02,35.620000000000005,37.87
142,Barmer,Rajasthan,1990,0.07,0.66,2.08,2.68,5.49,6.140000000000001
142,Barmer,Rajasthan,1991,0.23,1.01,0.97,0.08,2.29,2.34
142,Barmer,Rajasthan,1992,0.11,2.98,1.86,3.12,8.07,9.28
142,Barmer,Rajasthan,1993,1.03,5.73,0.06,1.39,8.21,9.040000000000001
142,Barmer,Rajasthan,1994,0.3,2.97,2.95,3.27,9.49,10.13
142,Barmer,Rajasthan,1995,0.56,2.85,1.3,0.1,4.81,5.82
142,Barmer,Rajasthan,1996,2.7,2.34,1.13,0.19,6.36,7.81
142,Barmer,Rajasthan,1997,1.38,0.8,2.42,0.96,5.56,7.33
142,Barmer,Rajasthan,1998,1.71,0.55,0.99,3.83,7.08,7.94
142,Barmer,Rajasthan,1999,0.55,1.08,0.34,0.05,2.02,3.14
142,Barmer,Rajasthan,2000,0.09,2.69,0.22,0.02,3.02,3.36
142,Barmer,Rajasthan,2001,0.83,2.91,1.41,0.14,5.29,6.39
142,Barmer,Rajasthan,2002,0.38,0.01,0.25,0.53,1.17,1.47
142,Barmer,Rajasthan,2003,0.48,6.71,1.98,0.06,9.23,10.22
142,Barmer,Rajasthan,2004,0.83,1.68,2.09,0.76,5.359999999999999,6.52
142,Barmer,Rajasthan,2005,0.74,0.71,0.92,1.38,3.75,4.9399999999999995
142,Barmer,Rajasthan,2006,1.61,1.93,14.05,1.46,19.05,19.85
142,Barmer,Rajasthan,2007,0.83,1.45,2.25,1.04,5.569999999999999,7.32
142,Barmer,Rajasthan,2008,1.33,2.39,2.85,0.73,7.300000000000001,8.69
142,Barmer,Rajasthan,2009,0.88,4.11,1.25,0.02,6.26,6.7700000000000005
142,Barmer,Rajasthan,2010,1.17,3.6,2.81,5.31,12.89,14.7
142,Barmer,Rajasthan,2011,0.02,1.84,6.8,4.24,12.9,13.21
142,Barmer,Rajasthan,2012,0.08,0.97,4.66,6.7,12.41,12.6
142,Barmer,Rajasthan,2013,1.6,3.25,2.41,2.85,10.11,11.69
142,Barmer,Rajasthan,2014,0.43,3.15,0.94,2.36,6.879999999999999,8.43
142,Barmer,Rajasthan,2015,1.76,6.77,0.69,1.85,11.069999999999999,12.33
142,Barmer,Rajasthan,2016,0.67,1.04,6.65,0.02,8.379999999999999,9.120000000000001
142,Barmer,Rajasthan,2017,3.93,9.26,1.07,0.41,14.67,15.26
142,Barmer,Rajasthan,2018,2.68,0.85,1.25,0.17,4.95,4.98
142,Barmer,Rajasthan,2019,0.97,1.95,3.79,2.17,8.879999999999999,13.03
143,Bharatpur,Rajasthan,1990,1.59,7.94,4.38,5.78,19.69,23.96
143,Bharatpur,Rajasthan,1991,0.44,4.46,9.05,2.3,16.25,17.3
143,Bharatpur,Rajasthan,1992,0.16,4.98,6.83,4.35,16.32,18.97
143,Bharatpur,Rajasthan,1993,2.28,5.06,3.3,10.22,20.86,22.14
143,Bharatpur,Rajasthan,1994,3.14,10.87,5.76,1.04,20.81,22.38
143,Bharatpur,Rajasthan,1995,1.86,4.17,11.4,5.23,22.66,24.61
143,Bharatpur,Rajasthan,1996,3.16,6.91,7.43,4.52,22.02,25.259999999999998
143,Bharatpur,Rajasthan,1997,1.68,3.61,4.48,1.99,11.76,17.18
143,Bharatpur,Rajasthan,1998,2.19,6.8,5.35,4.67,19.009999999999998,21.41
143,Bharatpur,Rajasthan,1999,0.58,5.11,5.99,2.54,14.219999999999999,15.4
143,Bharatpur,Rajasthan,2000,1.79,4.41,2.49,0.85,9.540000000000001,10.57
143,Bharatpur,Rajasthan,2001,2.26,5.29,2.99,0.81,11.35,13.31
143,Bharatpur,Rajasthan,2002,0.75,0.26,4.4,4.36,9.77,13.13
143,Bharatpur,Rajasthan,2003,1.94,5.7,3.32,3.56,14.520000000000001,16.33
143,Bharatpur,Rajasthan,2004,1.2,3.84,7.65,2.41,15.100000000000001,18.29
143,Bharatpur,Rajasthan,2005,1.41,8.44,1.28,2.45,13.579999999999998,14.78
143,Bharatpur,Rajasthan,2006,3.81,5.78,1.95,1.22,12.76,14.3
143,Bharatpur,Rajasthan,2007,2.84,3.62,4.34,1.46,12.260000000000002,15.14
143,Bharatpur,Rajasthan,2008,4.11,6.97,5.15,3.48,19.71,21.22
143,Bharatpur,Rajasthan,2009,1.07,3.3,2.79,3.44,10.6,15.72
143,Bharatpur,Rajasthan,2010,1.08,3.96,4.98,5.06,15.079999999999998,17.75
143,Bharatpur,Rajasthan,2011,4.46,4.74,6.82,3.89,19.91,21.560000000000002
143,Bharatpur,Rajasthan,2012,0.4,7.72,11.4,3.84,23.36,24.76
143,Bharatpur,Rajasthan,2013,5.64,6.5,11.72,3.19,27.05,33.77
143,Bharatpur,Rajasthan,2014,0.66,4.35,6.64,1.79,13.439999999999998,18.72
143,Bharatpur,Rajasthan,2015,1.54,4.5,5.17,1.93,13.14,19.88
143,Bharatpur,Rajasthan,2016,1.97,14.06,6.91,1.05,23.990000000000002,25.59
143,Bharatpur,Rajasthan,2017,2.61,3.82,4.99,2.32,13.74,15.84
143,Bharatpur,Rajasthan,2018,2.85,10.56,7.92,4.39,25.72,27.98
143,Bharatpur,Rajasthan,2019,0.76,5.45,7.86,6.68,20.75,23.57
144,Bhilwara,Rajasthan,1990,2.09,4.31,5.49,3.82,15.71,17.33
144,Bhilwara,Rajasthan,1991,0.36,5.6,6.31,2.02,14.29,14.879999999999999
144,Bhilwara,Rajasthan,1992,0.34,5.28,6.28,5.71,17.61,20.85
144,Bhilwara,Rajasthan,1993,3.05,7.02,3.83,4.21,18.11,19.24
144,Bhilwara,Rajasthan,1994,2.33,8.05,7.05,2.61,20.04,21.46
144,Bhilwara,Rajasthan,1995,0.58,8.36,8.14,1.17,18.25,20.1
144,Bhilwara,Rajasthan,1996,2.04,6.72,8.1,2.96,19.82,21.32
144,Bhilwara,Rajasthan,1997,1.81,4.37,9.11,1.44,16.73,19.96
144,Bhilwara,Rajasthan,1998,1.67,7.06,2.04,4.49,15.26,16.35
144,Bhilwara,Rajasthan,1999,1.05,4.83,2.55,1.6,10.03,12.1
144,Bhilwara,Rajasthan,2000,1.21,5.2,2.67,0.67,9.75,11.47
144,Bhilwara,Rajasthan,2001,3.87,9.23,2.87,0.25,16.220000000000002,18.23
144,Bhilwara,Rajasthan,2002,1.39,1.05,4.18,1.39,8.01,9.6
144,Bhilwara,Rajasthan,2003,2.41,5.46,3.06,2.06,12.99,15.01
144,Bhilwara,Rajasthan,2004,1.34,4.32,11.21,0.97,17.84,19.3
144,Bhilwara,Rajasthan,2005,1.85,7.32,1.78,4.63,15.579999999999998,16.43
144,Bhilwara,Rajasthan,2006,3.27,5.34,10.13,2.31,21.05,22.11
144,Bhilwara,Rajasthan,2007,2.42,7.05,5.04,3.07,17.58,19.19
144,Bhilwara,Rajasthan,2008,4.79,5.04,3.82,2.87,16.52,18.14
144,Bhilwara,Rajasthan,2009,1.37,7.07,2.9,0.71,12.05,13.870000000000001
144,Bhilwara,Rajasthan,2010,0.99,5.76,9.15,3.23,19.13,21.6
144,Bhilwara,Rajasthan,2011,5.43,5.95,8.28,5.04,24.699999999999996,25.33
144,Bhilwara,Rajasthan,2012,0.62,5.23,10.51,5.16,21.52,22.57
144,Bhilwara,Rajasthan,2013,3.09,10.8,6.28,3.48,23.650000000000002,26.87
144,Bhilwara,Rajasthan,2014,0.38,7.28,7.58,3.72,18.96,21.02
144,Bhilwara,Rajasthan,2015,2.32,8.17,5.93,1.0,17.42,21.16
144,Bhilwara,Rajasthan,2016,2.94,7.88,17.1,1.31,29.23,31.450000000000003
144,Bhilwara,Rajasthan,2017,2.7,7.84,4.63,1.13,16.299999999999997,17.97
144,Bhilwara,Rajasthan,2018,1.96,7.55,5.06,4.94,19.51,19.79
144,Bhilwara,Rajasthan,2019,3.49,10.91,13.32,6.67,34.39,36.52
145,Bikaner,Rajasthan,1990,1.45,1.43,2.97,0.45,6.3,7.98
145,Bikaner,Rajasthan,1991,0.62,0.6,0.49,0.11,1.82,1.97
145,Bikaner,Rajasthan,1992,0.22,2.44,3.88,2.78,9.32,12.27
145,Bikaner,Rajasthan,1993,1.01,4.18,0.2,1.39,6.779999999999999,7.359999999999999
145,Bikaner,Rajasthan,1994,0.79,6.63,1.58,1.41,10.41,11.459999999999999
145,Bikaner,Rajasthan,1995,0.52,6.41,1.76,0.58,9.27,11.94
145,Bikaner,Rajasthan,1996,5.11,1.93,1.97,0.34,9.35,11.13
145,Bikaner,Rajasthan,1997,2.69,0.61,2.08,0.54,5.92,11.459999999999999
145,Bikaner,Rajasthan,1998,1.14,4.65,0.64,1.77,8.2,11.42
145,Bikaner,Rajasthan,1999,0.25,0.83,0.25,0.36,1.69,2.59
145,Bikaner,Rajasthan,2000,0.56,1.69,0.39,0.07,2.71,3.04
145,Bikaner,Rajasthan,2001,1.71,1.61,1.19,0.22,4.7299999999999995,6.95
145,Bikaner,Rajasthan,2002,0.2,0.0,0.4,0.19,0.79,1.58
145,Bikaner,Rajasthan,2003,0.45,5.35,0.93,1.18,7.909999999999999,9.15
145,Bikaner,Rajasthan,2004,0.74,0.38,2.36,0.32,3.8,4.859999999999999
145,Bikaner,Rajasthan,2005,0.77,2.34,0.11,2.2,5.42,7.54
145,Bikaner,Rajasthan,2006,1.67,0.7,1.17,1.78,5.32,7.2299999999999995
145,Bikaner,Rajasthan,2007,1.14,1.09,1.14,1.65,5.02,9.04
145,Bikaner,Rajasthan,2008,2.59,0.94,2.53,0.2,6.26,9.34
145,Bikaner,Rajasthan,2009,0.75,4.19,0.89,0.37,6.2,7.83
145,Bikaner,Rajasthan,2010,2.17,2.52,2.12,3.15,9.959999999999999,11.25
145,Bikaner,Rajasthan,2011,0.49,5.33,1.88,3.86,11.56,12.9
145,Bikaner,Rajasthan,2012,0.18,0.18,5.49,2.8,8.65,10.46
145,Bikaner,Rajasthan,2013,1.16,4.0,3.28,0.46,8.9,10.74
145,Bikaner,Rajasthan,2014,1.88,1.53,0.83,2.57,6.8100000000000005,8.969999999999999
145,Bikaner,Rajasthan,2015,2.78,4.62,1.77,0.74,9.91,14.02
145,Bikaner,Rajasthan,2016,1.77,2.17,5.27,0.08,9.29,11.26
145,Bikaner,Rajasthan,2017,2.47,1.99,2.24,0.38,7.08,9.58
145,Bikaner,Rajasthan,2018,2.03,6.85,0.98,0.12,9.979999999999999,10.53
145,Bikaner,Rajasthan,2019,0.65,1.4,4.59,0.44,7.08,11.67
146,Bundi,Rajasthan,1990,2.21,4.73,5.51,4.15,16.6,18.240000000000002
146,Bundi,Rajasthan,1991,0.36,5.95,6.67,2.14,15.120000000000001,15.76
146,Bundi,Rajasthan,1992,0.35,5.45,6.65,5.42,17.869999999999997,21.16
146,Bundi,Rajasthan,1993,3.1,7.18,4.17,4.49,18.939999999999998,20.07
146,Bundi,Rajasthan,1994,2.47,8.41,7.0,2.66,20.540000000000003,21.98
146,Bundi,Rajasthan,1995,0.61,9.45,9.16,1.44,20.66,22.61
146,Bundi,Rajasthan,1996,1.73,7.09,8.68,3.17,20.67,22.189999999999998
146,Bundi,Rajasthan,1997,1.81,4.46,9.44,1.34,17.05,20.4
146,Bundi,Rajasthan,1998,1.54,7.55,2.09,4.47,15.649999999999999,16.65
146,Bundi,Rajasthan,1999,1.02,5.1,2.69,1.89,10.7,12.86
146,Bundi,Rajasthan,2000,1.28,5.22,2.89,0.74,10.13,11.89
146,Bundi,Rajasthan,2001,4.27,10.45,2.68,0.18,17.58,19.83
146,Bundi,Rajasthan,2002,1.24,1.28,4.53,1.56,8.610000000000001,10.39
146,Bundi,Rajasthan,2003,2.62,5.66,3.49,2.26,14.030000000000001,16.27
146,Bundi,Rajasthan,2004,1.34,3.97,12.87,0.74,18.919999999999998,20.53
146,Bundi,Rajasthan,2005,1.9,8.45,1.54,4.56,16.45,17.25
146,Bundi,Rajasthan,2006,3.37,5.98,10.63,2.45,22.430000000000003,23.610000000000003
146,Bundi,Rajasthan,2007,2.46,7.92,5.32,3.64,19.34,20.98
146,Bundi,Rajasthan,2008,5.37,5.27,3.75,3.05,17.44,19.16
146,Bundi,Rajasthan,2009,1.36,7.29,2.79,0.71,12.150000000000002,14.16
146,Bundi,Rajasthan,2010,0.96,5.6,9.46,3.04,19.06,21.56
146,Bundi,Rajasthan,2011,6.66,6.49,8.65,5.23,27.03,27.71
146,Bundi,Rajasthan,2012,0.73,5.38,10.92,5.16,22.19,23.32
146,Bundi,Rajasthan,2013,3.42,11.84,7.2,3.76,26.22,29.95
146,Bundi,Rajasthan,2014,0.42,8.15,8.73,3.35,20.650000000000002,22.990000000000002
146,Bundi,Rajasthan,2015,2.53,10.04,6.97,1.14,20.68,25.47
146,Bundi,Rajasthan,2016,3.35,8.98,16.82,1.65,30.799999999999997,32.52
146,Bundi,Rajasthan,2017,2.5,6.55,5.03,1.39,15.470000000000002,16.83
146,Bundi,Rajasthan,2018,2.92,8.75,6.07,7.35,25.090000000000003,25.41
146,Bundi,Rajasthan,2019,3.79,13.37,13.75,6.99,37.9,40.05
147,Chittorgarh,Rajasthan,1990,2.66,4.81,7.79,5.23,20.490000000000002,22.12
147,Chittorgarh,Rajasthan,1991,0.91,7.81,6.6,1.46,16.779999999999998,17.279999999999998
147,Chittorgarh,Rajasthan,1992,0.84,5.24,6.74,6.22,19.04,22.01
147,Chittorgarh,Rajasthan,1993,2.81,10.09,4.51,4.88,22.29,23.19
147,Chittorgarh,Rajasthan,1994,3.79,9.45,8.48,5.03,26.75,28.03
147,Chittorgarh,Rajasthan,1995,0.85,6.98,5.56,1.9,15.290000000000001,17.3
147,Chittorgarh,Rajasthan,1996,1.86,9.51,9.15,3.0,23.52,24.98
147,Chittorgarh,Rajasthan,1997,5.05,5.91,10.49,1.65,23.1,25.59
147,Chittorgarh,Rajasthan,1998,2.68,8.63,3.43,5.18,19.92,20.95
147,Chittorgarh,Rajasthan,1999,2.26,6.6,2.48,2.61,13.95,16.4
147,Chittorgarh,Rajasthan,2000,1.81,7.19,3.59,0.69,13.28,15.44
147,Chittorgarh,Rajasthan,2001,3.96,7.62,4.49,0.49,16.56,17.93
147,Chittorgarh,Rajasthan,2002,2.65,0.79,6.14,1.63,11.21,12.28
147,Chittorgarh,Rajasthan,2003,2.37,6.15,3.13,2.84,14.489999999999998,16.0
147,Chittorgarh,Rajasthan,2004,1.57,7.59,8.69,2.4,20.25,21.13
147,Chittorgarh,Rajasthan,2005,1.86,7.19,3.51,7.3,19.86,20.85
147,Chittorgarh,Rajasthan,2006,3.7,6.51,13.28,3.97,27.46,28.54
147,Chittorgarh,Rajasthan,2007,3.71,7.73,5.96,2.14,19.540000000000003,20.69
147,Chittorgarh,Rajasthan,2008,3.65,6.28,4.93,3.41,18.27,19.15
147,Chittorgarh,Rajasthan,2009,1.96,9.24,4.2,1.17,16.57,19.21
147,Chittorgarh,Rajasthan,2010,1.55,8.03,10.94,4.09,24.61,27.279999999999998
147,Chittorgarh,Rajasthan,2011,4.4,6.75,10.24,5.4,26.79,27.05
147,Chittorgarh,Rajasthan,2012,0.54,8.03,9.65,7.04,25.259999999999998,26.12
147,Chittorgarh,Rajasthan,2013,3.11,12.89,4.76,3.12,23.88,26.65
147,Chittorgarh,Rajasthan,2014,0.39,7.56,5.9,5.99,19.84,21.46
147,Chittorgarh,Rajasthan,2015,2.79,7.17,6.88,1.26,18.1,20.24
147,Chittorgarh,Rajasthan,2016,1.9,9.04,19.66,0.84,31.44,33.9
147,Chittorgarh,Rajasthan,2017,3.77,11.98,4.87,1.66,22.28,23.3
147,Chittorgarh,Rajasthan,2018,1.96,8.62,4.74,3.78,19.099999999999998,19.23
147,Chittorgarh,Rajasthan,2019,3.71,6.5,14.93,7.18,32.32,35.1
148,Churu,Rajasthan,1990,1.36,4.77,4.69,3.2,14.02,16.41
148,Churu,Rajasthan,1991,1.23,2.23,3.87,1.39,8.72,9.36
148,Churu,Rajasthan,1992,0.45,4.29,4.84,3.05,12.629999999999999,15.049999999999999
148,Churu,Rajasthan,1993,2.14,4.7,1.34,2.62,10.8,12.200000000000001
148,Churu,Rajasthan,1994,1.37,7.5,4.93,2.12,15.920000000000002,17.37
148,Churu,Rajasthan,1995,1.34,5.7,7.43,1.82,16.29,19.02
148,Churu,Rajasthan,1996,4.32,3.07,4.28,2.79,14.46,17.13
148,Churu,Rajasthan,1997,1.68,4.04,6.14,0.69,12.549999999999999,19.18
148,Churu,Rajasthan,1998,1.42,5.6,1.4,4.6,13.02,17.18
148,Churu,Rajasthan,1999,0.81,1.64,0.85,0.66,3.9600000000000004,5.31
148,Churu,Rajasthan,2000,1.03,2.65,1.38,0.3,5.359999999999999,6.52
148,Churu,Rajasthan,2001,2.82,3.93,3.49,0.36,10.6,13.96
148,Churu,Rajasthan,2002,0.77,0.11,1.41,0.83,3.12,5.67
148,Churu,Rajasthan,2003,1.45,8.33,3.06,1.64,14.48,16.54
148,Churu,Rajasthan,2004,1.37,1.38,6.27,0.55,9.57,13.01
148,Churu,Rajasthan,2005,2.28,4.62,0.42,3.37,10.690000000000001,13.8
148,Churu,Rajasthan,2006,2.87,2.45,1.28,2.01,8.61,10.88
148,Churu,Rajasthan,2007,2.73,2.19,3.33,2.3,10.55,14.87
148,Churu,Rajasthan,2008,4.42,3.04,3.94,2.16,13.56,16.26
148,Churu,Rajasthan,2009,1.09,3.65,1.74,2.54,9.02,11.18
148,Churu,Rajasthan,2010,1.53,5.33,5.99,4.31,17.16,19.15
148,Churu,Rajasthan,2011,1.62,4.61,3.76,6.14,16.13,18.46
148,Churu,Rajasthan,2012,0.33,1.51,9.83,2.75,14.42,16.01
148,Churu,Rajasthan,2013,3.01,5.39,6.63,1.69,16.72,19.38
148,Churu,Rajasthan,2014,1.16,3.12,2.85,2.84,9.97,12.9
148,Churu,Rajasthan,2015,2.88,5.13,3.21,0.51,11.729999999999999,16.84
148,Churu,Rajasthan,2016,1.47,7.03,4.94,0.66,14.100000000000001,16.36
148,Churu,Rajasthan,2017,2.87,2.86,2.02,0.66,8.41,11.06
148,Churu,Rajasthan,2018,2.31,7.21,2.32,1.86,13.7,15.24
148,Churu,Rajasthan,2019,1.07,8.84,4.55,0.86,15.32,18.169999999999998
149,Dungarpur,Rajasthan,1990,1.42,5.81,11.32,5.01,23.560000000000002,25.12
149,Dungarpur,Rajasthan,1991,1.11,10.3,4.64,0.67,16.720000000000002,16.92
149,Dungarpur,Rajasthan,1992,1.24,5.64,5.1,6.76,18.740000000000002,20.39
149,Dungarpur,Rajasthan,1993,1.69,13.26,3.13,3.68,21.759999999999998,22.47
149,Dungarpur,Rajasthan,1994,3.63,10.83,10.68,10.15,35.29,36.14
149,Dungarpur,Rajasthan,1995,0.66,5.42,2.84,2.07,10.99,12.469999999999999
149,Dungarpur,Rajasthan,1996,2.84,10.29,8.23,2.74,24.1,25.39
149,Dungarpur,Rajasthan,1997,12.55,6.74,10.08,2.26,31.629999999999995,33.27
149,Dungarpur,Rajasthan,1998,3.53,9.89,5.18,5.05,23.650000000000002,24.78
149,Dungarpur,Rajasthan,1999,3.31,7.83,1.35,1.85,14.34,16.47
149,Dungarpur,Rajasthan,2000,1.86,10.4,3.65,0.34,16.25,18.57
149,Dungarpur,Rajasthan,2001,3.62,5.33,5.02,0.53,14.499999999999998,15.67
149,Dungarpur,Rajasthan,2002,3.53,0.64,5.51,1.55,11.23,11.799999999999999
149,Dungarpur,Rajasthan,2003,2.56,6.9,5.6,2.35,17.41,18.28
149,Dungarpur,Rajasthan,2004,1.99,9.08,7.28,2.72,21.07,21.68
149,Dungarpur,Rajasthan,2005,3.59,5.71,4.56,8.73,22.59,23.65
149,Dungarpur,Rajasthan,2006,4.41,7.55,11.86,4.59,28.41,28.98
149,Dungarpur,Rajasthan,2007,3.97,8.26,7.38,1.22,20.83,21.669999999999998
149,Dungarpur,Rajasthan,2008,2.31,6.03,6.07,3.53,17.94,18.44
149,Dungarpur,Rajasthan,2009,1.81,9.58,4.85,1.22,17.46,20.19
149,Dungarpur,Rajasthan,2010,1.9,10.23,12.27,4.44,28.84,31.31
149,Dungarpur,Rajasthan,2011,1.77,6.91,9.82,4.67,23.17,23.240000000000002
149,Dungarpur,Rajasthan,2012,0.48,7.59,8.69,7.63,24.389999999999997,25.029999999999998
149,Dungarpur,Rajasthan,2013,2.97,12.57,3.6,3.32,22.46,24.16
149,Dungarpur,Rajasthan,2014,0.26,9.0,3.52,6.96,19.74,20.77
149,Dungarpur,Rajasthan,2015,3.39,7.91,5.13,1.71,18.14,19.75
149,Dungarpur,Rajasthan,2016,1.19,8.54,12.9,0.94,23.57,25.49
149,Dungarpur,Rajasthan,2017,2.98,16.57,4.33,1.62,25.500000000000004,26.1
149,Dungarpur,Rajasthan,2018,2.45,7.35,5.05,2.58,17.43,17.49
149,Dungarpur,Rajasthan,2019,3.16,5.79,14.21,6.76,29.92,31.98
150,Ganganagar,Rajasthan,1990,1.83,6.81,6.91,4.77,20.32,22.36
150,Ganganagar,Rajasthan,1991,0.66,6.2,7.07,2.94,16.87,17.51
150,Ganganagar,Rajasthan,1992,0.32,6.6,7.29,4.97,19.18,22.009999999999998
150,Ganganagar,Rajasthan,1993,3.43,6.23,4.27,4.65,18.58,19.89
150,Ganganagar,Rajasthan,1994,2.43,8.1,7.68,3.11,21.32,22.83
150,Ganganagar,Rajasthan,1995,0.72,9.53,11.99,1.91,24.150000000000002,25.99
150,Ganganagar,Rajasthan,1996,2.3,7.17,9.06,4.74,23.270000000000003,25.45
150,Ganganagar,Rajasthan,1997,1.45,5.3,8.85,1.68,17.28,22.05
150,Ganganagar,Rajasthan,1998,1.16,8.36,2.45,4.72,16.689999999999998,17.73
150,Ganganagar,Rajasthan,1999,0.79,4.5,2.82,2.15,10.26,12.15
150,Ganganagar,Rajasthan,2000,0.91,5.0,2.96,0.73,9.600000000000001,11.09
150,Ganganagar,Rajasthan,2001,4.11,10.22,3.08,0.15,17.560000000000002,20.34
150,Ganganagar,Rajasthan,2002,1.26,1.01,4.27,1.33,7.869999999999999,9.969999999999999
150,Ganganagar,Rajasthan,2003,2.8,5.48,4.51,2.81,15.600000000000001,17.92
150,Ganganagar,Rajasthan,2004,1.17,4.23,14.25,0.75,20.4,23.07
150,Ganganagar,Rajasthan,2005,2.85,8.45,0.82,3.55,15.669999999999998,16.64
150,Ganganagar,Rajasthan,2006,3.84,5.76,7.43,2.28,19.310000000000002,20.919999999999998
150,Ganganagar,Rajasthan,2007,1.85,7.01,6.2,3.74,18.799999999999997,20.9
150,Ganganagar,Rajasthan,2008,6.4,5.44,3.25,3.43,18.52,20.32
150,Ganganagar,Rajasthan,2009,1.57,5.58,3.29,1.18,11.620000000000001,14.11
150,Ganganagar,Rajasthan,2010,1.12,6.2,10.38,3.09,20.790000000000003,23.62
150,Ganganagar,Rajasthan,2011,6.75,7.13,7.68,5.98,27.54,28.45
150,Ganganagar,Rajasthan,2012,0.53,5.29,13.49,4.35,23.660000000000004,24.72
150,Ganganagar,Rajasthan,2013,4.74,10.14,9.76,2.91,27.55,31.810000000000002
150,Ganganagar,Rajasthan,2014,0.39,8.13,9.22,2.82,20.560000000000002,23.84
150,Ganganagar,Rajasthan,2015,2.61,8.48,5.66,1.23,17.98,23.36
150,Ganganagar,Rajasthan,2016,2.86,9.84,13.18,0.71,26.59,28.02
150,Ganganagar,Rajasthan,2017,2.15,4.71,4.31,1.78,12.949999999999998,14.49
150,Ganganagar,Rajasthan,2018,3.26,10.86,5.25,9.12,28.489999999999995,29.08
150,Ganganagar,Rajasthan,2019,2.35,11.98,10.21,4.57,29.11,30.94
151,Jaipur,Rajasthan,1990,1.27,6.19,7.34,3.4,18.2,20.46
151,Jaipur,Rajasthan,1991,0.93,4.09,5.16,2.88,13.059999999999999,13.48
151,Jaipur,Rajasthan,1992,0.32,6.21,5.92,4.72,17.169999999999998,19.33
151,Jaipur,Rajasthan,1993,3.36,4.94,2.84,2.71,13.850000000000001,15.25
151,Jaipur,Rajasthan,1994,1.61,6.59,7.12,2.99,18.310000000000002,19.98
151,Jaipur,Rajasthan,1995,0.5,7.56,10.46,0.83,19.349999999999998,21.26
151,Jaipur,Rajasthan,1996,3.73,4.55,6.64,4.58,19.5,21.919999999999998
151,Jaipur,Rajasthan,1997,1.1,5.5,6.3,1.59,14.489999999999998,20.34
151,Jaipur,Rajasthan,1998,1.0,7.31,1.66,4.66,14.629999999999999,16.79
151,Jaipur,Rajasthan,1999,0.5,2.06,1.65,1.1,5.3100000000000005,6.76
151,Jaipur,Rajasthan,2000,0.47,4.32,2.15,0.41,7.35,8.66
151,Jaipur,Rajasthan,2001,2.82,6.48,2.94,0.2,12.44,15.21
151,Jaipur,Rajasthan,2002,1.21,0.27,1.72,0.37,3.5700000000000003,5.49
151,Jaipur,Rajasthan,2003,2.4,5.68,3.85,2.01,13.94,15.86
151,Jaipur,Rajasthan,2004,1.05,3.59,10.6,0.75,15.989999999999998,19.24
151,Jaipur,Rajasthan,2005,3.23,4.85,0.36,2.57,11.01,12.66
151,Jaipur,Rajasthan,2006,3.69,3.29,2.72,1.58,11.280000000000001,13.14
151,Jaipur,Rajasthan,2007,1.01,3.72,5.36,2.65,12.74,15.67
151,Jaipur,Rajasthan,2008,5.07,3.76,2.56,2.66,14.05,16.23
151,Jaipur,Rajasthan,2009,1.45,3.79,3.12,1.18,9.54,11.41
151,Jaipur,Rajasthan,2010,1.08,6.26,9.13,3.41,19.88,22.560000000000002
151,Jaipur,Rajasthan,2011,2.76,5.44,5.1,5.94,19.24,20.5
151,Jaipur,Rajasthan,2012,0.13,2.79,13.93,3.16,20.01,20.94
151,Jaipur,Rajasthan,2013,4.18,5.42,8.45,1.84,19.889999999999997,22.369999999999997
151,Jaipur,Rajasthan,2014,0.45,5.41,5.98,2.75,14.59,17.35
151,Jaipur,Rajasthan,2015,2.37,5.7,2.95,0.41,11.43,16.1
151,Jaipur,Rajasthan,2016,1.11,8.72,7.22,1.02,18.07,19.59
151,Jaipur,Rajasthan,2017,2.68,4.42,4.26,1.1,12.459999999999999,15.27
151,Jaipur,Rajasthan,2018,1.84,8.79,3.79,4.01,18.43,19.52
151,Jaipur,Rajasthan,2019,0.83,10.82,8.21,2.67,22.53,24.78
152,Jaisalmer,Rajasthan,1990,0.03,0.25,1.03,1.44,2.75,3.6
152,Jaisalmer,Rajasthan,1991,0.55,0.35,0.72,0.0,1.62,1.76
152,Jaisalmer,Rajasthan,1992,0.12,2.17,1.28,0.77,4.34,5.23
152,Jaisalmer,Rajasthan,1993,1.45,5.88,0.01,1.28,8.62,9.14
152,Jaisalmer,Rajasthan,1994,0.44,1.94,1.48,1.57,5.43,6.21
152,Jaisalmer,Rajasthan,1995,0.83,5.19,1.54,0.01,7.57,9.120000000000001
152,Jaisalmer,Rajasthan,1996,2.18,1.44,0.37,0.1,4.09,5.91
152,Jaisalmer,Rajasthan,1997,1.08,0.3,1.09,0.34,2.81,5.59
152,Jaisalmer,Rajasthan,1998,1.13,0.35,0.68,2.33,4.49,5.25
152,Jaisalmer,Rajasthan,1999,0.21,0.07,1.25,0.01,1.54,2.38
152,Jaisalmer,Rajasthan,2000,0.01,1.89,0.19,0.0,2.09,2.27
152,Jaisalmer,Rajasthan,2001,0.15,3.49,1.59,0.01,5.24,6.13
152,Jaisalmer,Rajasthan,2002,0.18,0.0,0.03,0.58,0.7899999999999999,1.78
152,Jaisalmer,Rajasthan,2003,0.1,2.79,1.89,0.02,4.8,6.15
152,Jaisalmer,Rajasthan,2004,0.3,0.23,0.42,0.41,1.3599999999999999,2.22
152,Jaisalmer,Rajasthan,2005,0.6,1.04,0.15,2.51,4.3,5.95
152,Jaisalmer,Rajasthan,2006,1.33,0.35,11.94,0.45,14.069999999999999,15.42
152,Jaisalmer,Rajasthan,2007,0.46,0.95,2.56,0.47,4.4399999999999995,6.7
152,Jaisalmer,Rajasthan,2008,0.52,0.97,2.45,0.15,4.090000000000001,5.8500000000000005
152,Jaisalmer,Rajasthan,2009,0.78,1.48,0.52,0.02,2.8,3.31
152,Jaisalmer,Rajasthan,2010,2.61,2.28,2.85,2.6,10.34,11.15
152,Jaisalmer,Rajasthan,2011,0.02,1.55,3.99,2.73,8.290000000000001,8.6
152,Jaisalmer,Rajasthan,2012,0.21,0.3,3.05,3.48,7.039999999999999,7.89
152,Jaisalmer,Rajasthan,2013,1.26,0.97,2.62,0.38,5.2299999999999995,7.28
152,Jaisalmer,Rajasthan,2014,0.12,1.1,0.62,1.13,2.97,4.45
152,Jaisalmer,Rajasthan,2015,1.36,6.01,1.59,3.04,12.0,13.59
152,Jaisalmer,Rajasthan,2016,0.93,0.6,4.21,0.04,5.78,6.34
152,Jaisalmer,Rajasthan,2017,1.55,5.58,1.17,0.04,8.34,10.24
152,Jaisalmer,Rajasthan,2018,2.11,1.1,1.85,0.07,5.130000000000001,5.36
152,Jaisalmer,Rajasthan,2019,1.9,1.28,2.17,1.64,6.989999999999999,12.139999999999999
153,Jalore,Rajasthan,1990,0.25,2.48,6.39,3.33,12.45,13.469999999999999
153,Jalore,Rajasthan,1991,0.27,4.74,2.54,0.25,7.8,7.8500000000000005
153,Jalore,Rajasthan,1992,0.37,4.2,3.38,7.05,15.0,16.54
153,Jalore,Rajasthan,1993,1.55,9.23,0.56,2.43,13.770000000000001,14.73
153,Jalore,Rajasthan,1994,1.03,7.13,7.37,5.4,20.93,21.69
153,Jalore,Rajasthan,1995,0.55,4.21,1.95,0.64,7.35,8.31
153,Jalore,Rajasthan,1996,4.5,5.67,3.96,0.76,14.889999999999999,16.4
153,Jalore,Rajasthan,1997,6.01,2.66,6.88,2.36,17.91,19.52
153,Jalore,Rajasthan,1998,3.49,3.59,3.08,4.56,14.719999999999999,15.959999999999999
153,Jalore,Rajasthan,1999,1.88,4.72,0.71,0.25,7.56,8.75
153,Jalore,Rajasthan,2000,0.57,6.73,0.94,0.06,8.3,9.23
153,Jalore,Rajasthan,2001,1.99,4.06,3.07,0.38,9.5,10.69
153,Jalore,Rajasthan,2002,1.46,0.21,1.69,0.96,4.32,4.63
153,Jalore,Rajasthan,2003,1.4,8.3,3.46,0.53,13.69,14.21
153,Jalore,Rajasthan,2004,1.56,4.3,4.91,1.33,12.1,12.8
153,Jalore,Rajasthan,2005,2.15,2.47,2.44,3.71,10.77,11.88
153,Jalore,Rajasthan,2006,2.69,4.1,14.33,2.02,23.139999999999997,23.53
153,Jalore,Rajasthan,2007,1.94,4.09,4.51,1.24,11.78,13.299999999999999
153,Jalore,Rajasthan,2008,2.28,4.14,5.26,1.74,13.42,14.739999999999998
153,Jalore,Rajasthan,2009,1.33,6.95,2.74,0.33,11.350000000000001,12.5
153,Jalore,Rajasthan,2010,1.4,7.06,6.25,6.44,21.15,23.21
153,Jalore,Rajasthan,2011,0.37,4.14,9.08,4.7,18.29,18.6
153,Jalore,Rajasthan,2012,0.26,3.0,7.74,8.34,19.34,19.74
153,Jalore,Rajasthan,2013,2.19,7.24,3.48,4.09,17.0,18.32
153,Jalore,Rajasthan,2014,0.43,6.16,2.23,4.59,13.41,14.8
153,Jalore,Rajasthan,2015,2.77,8.03,3.63,1.43,15.86,17.24
153,Jalore,Rajasthan,2016,1.15,7.09,14.42,0.39,23.05,24.52
153,Jalore,Rajasthan,2017,3.18,19.3,3.3,1.02,26.8,28.04
153,Jalore,Rajasthan,2018,2.79,5.06,3.34,1.35,12.54,12.57
153,Jalore,Rajasthan,2019,1.61,5.92,12.02,3.56,23.11,24.91
154,Jhalawar,Rajasthan,1990,4.21,6.35,7.85,7.89,26.299999999999997,28.2
154,Jhalawar,Rajasthan,1991,1.43,8.61,8.75,1.48,20.27,20.98
154,Jhalawar,Rajasthan,1992,0.67,5.14,9.74,4.55,20.1,23.419999999999998
154,Jhalawar,Rajasthan,1993,2.88,9.1,5.78,7.24,25.0,25.96
154,Jhalawar,Rajasthan,1994,4.69,9.46,7.88,3.63,25.66,27.25
154,Jhalawar,Rajasthan,1995,1.09,11.78,10.49,4.21,27.57,30.24
154,Jhalawar,Rajasthan,1996,0.93,11.94,12.01,3.65,28.529999999999998,30.39
154,Jhalawar,Rajasthan,1997,2.78,6.17,12.2,1.91,23.06,27.419999999999998
154,Jhalawar,Rajasthan,1998,2.59,8.82,4.25,4.84,20.5,21.39
154,Jhalawar,Rajasthan,1999,2.15,7.85,3.29,4.55,17.84,20.41
154,Jhalawar,Rajasthan,2000,1.66,6.17,4.17,1.07,13.07,14.87
154,Jhalawar,Rajasthan,2001,6.05,12.84,4.09,0.25,23.23,26.11
154,Jhalawar,Rajasthan,2002,1.75,1.65,9.65,2.18,15.23,17.04
154,Jhalawar,Rajasthan,2003,3.47,7.8,5.33,4.83,21.43,23.86
154,Jhalawar,Rajasthan,2004,1.46,5.64,14.85,0.97,22.919999999999998,24.7
154,Jhalawar,Rajasthan,2005,2.22,13.57,1.88,5.71,23.380000000000003,24.1
154,Jhalawar,Rajasthan,2006,2.96,8.99,15.43,4.52,31.9,34.37
154,Jhalawar,Rajasthan,2007,3.39,11.1,7.26,5.25,27.0,28.75
154,Jhalawar,Rajasthan,2008,7.96,6.57,5.07,4.12,23.720000000000002,25.28
154,Jhalawar,Rajasthan,2009,2.33,9.06,3.66,1.52,16.57,20.52
154,Jhalawar,Rajasthan,2010,1.91,6.92,9.81,3.13,21.77,25.13
154,Jhalawar,Rajasthan,2011,12.21,10.91,11.73,5.88,40.730000000000004,41.13
154,Jhalawar,Rajasthan,2012,1.08,8.75,10.39,5.68,25.9,26.98
154,Jhalawar,Rajasthan,2013,6.19,17.34,10.73,3.77,38.03000000000001,43.18
154,Jhalawar,Rajasthan,2014,0.73,10.56,11.15,3.86,26.3,29.740000000000002
154,Jhalawar,Rajasthan,2015,4.23,12.82,10.16,1.0,28.21,32.34
154,Jhalawar,Rajasthan,2016,2.87,13.94,18.81,1.72,37.339999999999996,39.089999999999996
154,Jhalawar,Rajasthan,2017,2.85,6.56,3.19,3.38,15.98,16.97
154,Jhalawar,Rajasthan,2018,2.45,7.31,5.62,4.5,19.88,20.05
154,Jhalawar,Rajasthan,2019,2.15,10.62,15.68,8.32,36.769999999999996,38.68
155,Jhunjhunu,Rajasthan,1990,1.35,5.26,5.1,3.78,15.489999999999998,18.14
155,Jhunjhunu,Rajasthan,1991,1.3,2.54,4.73,1.78,10.35,11.15
155,Jhunjhunu,Rajasthan,1992,0.47,4.48,4.94,3.09,12.98,15.280000000000001
155,Jhunjhunu,Rajasthan,1993,2.38,4.91,1.68,2.94,11.91,13.42
155,Jhunjhunu,Rajasthan,1994,1.47,7.56,5.57,2.2,16.8,18.33
155,Jhunjhunu,Rajasthan,1995,1.34,5.24,8.59,2.14,17.31,20.07
155,Jhunjhunu,Rajasthan,1996,4.15,3.3,4.84,3.37,15.66,18.41
155,Jhunjhunu,Rajasthan,1997,1.55,4.43,6.6,0.8,13.379999999999999,20.06
155,Jhunjhunu,Rajasthan,1998,1.57,5.54,1.69,5.06,13.86,17.99
155,Jhunjhunu,Rajasthan,1999,0.89,1.8,1.08,0.78,4.55,6.0
155,Jhunjhunu,Rajasthan,2000,1.22,2.94,1.66,0.36,6.180000000000001,7.52
155,Jhunjhunu,Rajasthan,2001,2.95,4.32,3.78,0.4,11.450000000000001,14.9
155,Jhunjhunu,Rajasthan,2002,0.88,0.14,1.63,1.13,3.78,6.68
155,Jhunjhunu,Rajasthan,2003,1.76,8.76,3.51,1.72,15.75,17.9
155,Jhunjhunu,Rajasthan,2004,1.41,1.57,7.12,0.59,10.69,14.49
155,Jhunjhunu,Rajasthan,2005,2.5,4.97,0.57,3.65,11.69,14.799999999999999
155,Jhunjhunu,Rajasthan,2006,3.01,2.9,1.5,2.04,9.45,11.77
155,Jhunjhunu,Rajasthan,2007,2.91,2.46,3.87,2.36,11.6,16.03
155,Jhunjhunu,Rajasthan,2008,4.56,3.41,4.13,2.6,14.7,17.509999999999998
155,Jhunjhunu,Rajasthan,2009,1.12,3.42,2.06,2.95,9.55,11.870000000000001
155,Jhunjhunu,Rajasthan,2010,1.35,5.8,6.86,4.48,18.490000000000002,20.61
155,Jhunjhunu,Rajasthan,2011,1.86,4.25,4.16,6.4,16.67,19.05
155,Jhunjhunu,Rajasthan,2012,0.34,1.85,10.56,2.7,15.45,17.0
155,Jhunjhunu,Rajasthan,2013,3.37,5.57,7.31,1.92,18.17,21.18
155,Jhunjhunu,Rajasthan,2014,0.99,3.38,3.35,2.66,10.38,13.56
155,Jhunjhunu,Rajasthan,2015,2.73,5.08,3.77,0.45,12.03,17.31
155,Jhunjhunu,Rajasthan,2016,1.45,8.43,5.14,0.5,15.52,17.39
155,Jhunjhunu,Rajasthan,2017,3.79,2.42,2.37,0.79,9.370000000000001,12.41
155,Jhunjhunu,Rajasthan,2018,2.15,7.12,2.49,2.95,14.71,16.740000000000002
155,Jhunjhunu,Rajasthan,2019,1.26,8.28,5.1,1.0,15.639999999999999,18.97
156,Jodhpur,Rajasthan,1990,0.15,1.15,4.1,1.19,6.59,8.49
156,Jodhpur,Rajasthan,1991,0.17,2.16,2.17,0.26,4.76,4.86
156,Jodhpur,Rajasthan,1992,0.07,2.86,3.39,7.03,13.350000000000001,16.18
156,Jodhpur,Rajasthan,1993,1.86,5.83,0.18,2.16,10.030000000000001,11.1
156,Jodhpur,Rajasthan,1994,0.38,5.83,5.8,1.35,13.36,14.59
156,Jodhpur,Rajasthan,1995,0.54,7.2,2.51,0.22,10.47,11.93
156,Jodhpur,Rajasthan,1996,5.39,3.89,2.66,0.23,12.17,14.16
156,Jodhpur,Rajasthan,1997,1.8,2.23,5.82,2.34,12.190000000000001,15.21
156,Jodhpur,Rajasthan,1998,3.69,1.66,2.0,4.19,11.54,13.63
156,Jodhpur,Rajasthan,1999,1.41,2.82,1.48,0.1,5.809999999999999,6.739999999999999
156,Jodhpur,Rajasthan,2000,0.26,4.26,0.15,0.05,4.72,5.25
156,Jodhpur,Rajasthan,2001,1.89,4.88,2.91,0.54,10.219999999999999,11.87
156,Jodhpur,Rajasthan,2002,0.59,0.01,0.69,0.67,1.96,2.57
156,Jodhpur,Rajasthan,2003,1.48,6.66,1.33,0.55,10.020000000000001,10.74
156,Jodhpur,Rajasthan,2004,1.69,2.0,3.17,0.36,7.22,7.75
156,Jodhpur,Rajasthan,2005,1.63,2.26,1.21,1.82,6.92,8.43
156,Jodhpur,Rajasthan,2006,0.8,1.12,4.74,0.68,7.34,7.96
156,Jodhpur,Rajasthan,2007,0.89,1.93,2.46,1.31,6.59,9.36
156,Jodhpur,Rajasthan,2008,4.0,1.93,5.39,0.73,12.05,15.07
156,Jodhpur,Rajasthan,2009,0.78,4.43,1.62,0.18,7.01,7.71
156,Jodhpur,Rajasthan,2010,1.45,4.19,3.09,5.33,14.06,15.790000000000001
156,Jodhpur,Rajasthan,2011,0.19,3.81,4.89,2.84,11.73,12.53
156,Jodhpur,Rajasthan,2012,0.43,0.8,7.32,4.52,13.07,14.24
156,Jodhpur,Rajasthan,2013,1.36,4.17,3.85,4.02,13.4,15.03
156,Jodhpur,Rajasthan,2014,0.55,2.39,2.97,3.92,9.83,11.21
156,Jodhpur,Rajasthan,2015,2.28,5.37,1.91,0.92,10.48,12.43
156,Jodhpur,Rajasthan,2016,1.86,2.53,8.44,0.37,13.199999999999998,14.19
156,Jodhpur,Rajasthan,2017,3.15,7.7,1.65,0.67,13.17,16.27
156,Jodhpur,Rajasthan,2018,1.87,3.13,2.36,0.42,7.779999999999999,7.93
156,Jodhpur,Rajasthan,2019,0.93,4.25,6.32,1.14,12.64,15.0
157,Kota,Rajasthan,1990,3.09,4.6,5.77,5.05,18.509999999999998,20.099999999999998
157,Kota,Rajasthan,1991,0.43,6.86,7.55,1.99,16.83,17.52
157,Kota,Rajasthan,1992,0.47,5.34,7.46,5.61,18.88,22.36
157,Kota,Rajasthan,1993,3.1,8.46,4.92,5.35,21.83,22.86
157,Kota,Rajasthan,1994,3.21,9.32,7.15,2.97,22.65,24.080000000000002
157,Kota,Rajasthan,1995,0.73,9.97,8.94,1.95,21.59,23.73
157,Kota,Rajasthan,1996,1.22,8.6,9.94,3.12,22.88,24.3
157,Kota,Rajasthan,1997,2.34,4.83,10.81,1.3,19.28,22.31
157,Kota,Rajasthan,1998,1.82,8.44,2.5,4.71,17.47,18.39
157,Kota,Rajasthan,1999,1.37,6.3,2.99,2.59,13.25,15.7
157,Kota,Rajasthan,2000,1.64,5.85,3.47,0.87,11.829999999999998,13.82
157,Kota,Rajasthan,2001,4.8,11.3,3.17,0.23,19.500000000000004,21.63
157,Kota,Rajasthan,2002,1.56,1.48,5.98,1.92,10.94,12.65
157,Kota,Rajasthan,2003,2.78,6.29,3.66,2.7,15.43,17.67
157,Kota,Rajasthan,2004,1.46,4.86,13.24,1.05,20.610000000000003,21.94
157,Kota,Rajasthan,2005,1.69,9.8,2.16,5.71,19.36,20.130000000000003
157,Kota,Rajasthan,2006,3.43,6.92,13.85,3.17,27.369999999999997,28.669999999999998
157,Kota,Rajasthan,2007,3.15,9.28,5.83,3.92,22.18,23.62
157,Kota,Rajasthan,2008,5.5,6.08,4.37,3.42,19.369999999999997,20.89
157,Kota,Rajasthan,2009,1.57,8.79,3.15,0.86,14.37,16.82
157,Kota,Rajasthan,2010,1.15,6.26,10.27,3.29,20.97,23.599999999999998
157,Kota,Rajasthan,2011,7.75,7.45,10.34,5.53,31.07,31.6
157,Kota,Rajasthan,2012,0.85,6.84,10.65,6.1,24.439999999999998,25.58
157,Kota,Rajasthan,2013,3.58,14.24,7.28,4.04,29.14,33.09
157,Kota,Rajasthan,2014,0.49,9.13,9.35,4.03,23.0,25.3
157,Kota,Rajasthan,2015,2.85,11.53,8.48,1.32,24.18,28.85
157,Kota,Rajasthan,2016,3.04,9.61,20.38,2.08,35.11,36.93
157,Kota,Rajasthan,2017,2.76,7.73,5.22,1.66,17.37,18.45
157,Kota,Rajasthan,2018,2.78,8.04,6.57,6.22,23.61,23.86
157,Kota,Rajasthan,2019,3.89,13.0,16.03,8.49,41.410000000000004,43.82
158,Nagaur,Rajasthan,1990,0.66,2.27,4.48,1.15,8.56,10.84
158,Nagaur,Rajasthan,1991,0.48,1.98,2.05,0.56,5.07,5.25
158,Nagaur,Rajasthan,1992,0.18,3.43,4.25,5.55,13.41,16.35
158,Nagaur,Rajasthan,1993,1.88,5.23,0.59,2.06,9.76,10.76
158,Nagaur,Rajasthan,1994,0.75,6.98,4.71,1.64,14.080000000000002,15.36
158,Nagaur,Rajasthan,1995,0.47,7.77,3.58,0.51,12.33,14.299999999999999
158,Nagaur,Rajasthan,1996,5.34,3.51,3.24,0.92,13.01,15.11
158,Nagaur,Rajasthan,1997,2.07,2.35,4.9,1.67,10.99,15.47
158,Nagaur,Rajasthan,1998,2.5,4.18,1.54,3.54,11.759999999999998,14.49
158,Nagaur,Rajasthan,1999,0.9,2.08,1.05,0.4,4.430000000000001,5.48
158,Nagaur,Rajasthan,2000,0.45,3.61,0.56,0.12,4.739999999999999,5.36
158,Nagaur,Rajasthan,2001,2.22,4.07,2.4,0.42,9.110000000000001,11.35
158,Nagaur,Rajasthan,2002,0.57,0.05,0.82,0.41,1.8499999999999999,2.77
158,Nagaur,Rajasthan,2003,1.34,6.71,1.51,1.09,10.65,11.9
158,Nagaur,Rajasthan,2004,1.33,1.7,4.29,0.4,7.720000000000001,9.0
158,Nagaur,Rajasthan,2005,1.73,2.97,0.73,2.08,7.51,9.280000000000001
158,Nagaur,Rajasthan,2006,1.64,1.41,2.23,1.41,6.6899999999999995,7.93
158,Nagaur,Rajasthan,2007,0.99,2.03,2.42,1.79,7.2299999999999995,10.53
158,Nagaur,Rajasthan,2008,3.98,1.86,4.3,0.84,10.98,13.98
158,Nagaur,Rajasthan,2009,0.87,4.73,1.56,0.42,7.58,8.84
158,Nagaur,Rajasthan,2010,1.7,4.13,3.54,4.57,13.940000000000001,15.87
158,Nagaur,Rajasthan,2011,0.75,5.53,3.74,3.81,13.83,14.97
158,Nagaur,Rajasthan,2012,0.31,0.83,8.46,3.26,12.860000000000001,14.3
158,Nagaur,Rajasthan,2013,1.72,4.86,4.71,2.56,13.85,15.55
158,Nagaur,Rajasthan,2014,1.18,2.61,2.83,3.62,10.24,12.16
158,Nagaur,Rajasthan,2015,2.66,5.14,2.16,0.45,10.41,13.67
158,Nagaur,Rajasthan,2016,2.1,3.68,7.11,0.34,13.23,15.24
158,Nagaur,Rajasthan,2017,3.03,5.07,2.31,0.77,11.18,14.5
158,Nagaur,Rajasthan,2018,1.95,5.81,1.94,0.82,10.52,10.959999999999999
158,Nagaur,Rajasthan,2019,0.66,5.13,7.09,1.17,14.049999999999999,16.56
159,Pali,Rajasthan,1990,0.3,1.78,5.86,2.55,10.49,11.9
159,Pali,Rajasthan,1991,0.11,3.77,3.2,0.39,7.47,7.57
159,Pali,Rajasthan,1992,0.14,3.69,3.99,9.38,17.200000000000003,19.82
159,Pali,Rajasthan,1993,2.28,7.92,0.44,2.83,13.469999999999999,14.62
159,Pali,Rajasthan,1994,0.66,7.13,8.38,2.55,18.720000000000002,19.92
159,Pali,Rajasthan,1995,0.64,5.85,2.75,0.35,9.589999999999998,10.79
159,Pali,Rajasthan,1996,5.92,5.63,3.88,0.44,15.87,17.81
159,Pali,Rajasthan,1997,3.0,3.26,8.3,3.1,17.66,19.88
159,Pali,Rajasthan,1998,4.48,2.09,2.97,5.29,14.830000000000002,16.5
159,Pali,Rajasthan,1999,2.01,4.78,1.62,0.13,8.540000000000001,9.72
159,Pali,Rajasthan,2000,0.39,6.2,0.4,0.08,7.07,7.82
159,Pali,Rajasthan,2001,2.17,5.13,3.81,0.63,11.74,12.99
159,Pali,Rajasthan,2002,1.35,0.05,1.83,0.9,4.130000000000001,4.57
159,Pali,Rajasthan,2003,1.59,7.07,1.76,0.78,11.2,11.76
159,Pali,Rajasthan,2004,1.77,4.46,3.97,1.32,11.520000000000001,12.02
159,Pali,Rajasthan,2005,1.8,2.74,2.35,3.41,10.3,11.56
159,Pali,Rajasthan,2006,1.42,2.4,8.06,1.2,13.08,13.370000000000001
159,Pali,Rajasthan,2007,1.87,3.23,3.61,1.13,9.84,11.75
159,Pali,Rajasthan,2008,3.53,3.64,5.89,1.54,14.599999999999998,16.63
159,Pali,Rajasthan,2009,1.22,6.36,2.61,0.38,10.57,11.57
159,Pali,Rajasthan,2010,1.35,6.31,5.39,5.89,18.94,21.02
159,Pali,Rajasthan,2011,0.51,4.13,7.19,3.72,15.55,16.03
159,Pali,Rajasthan,2012,0.36,3.06,8.22,6.47,18.11,18.92
159,Pali,Rajasthan,2013,1.73,6.5,3.59,4.28,16.1,17.54
159,Pali,Rajasthan,2014,0.36,4.01,3.18,4.98,12.530000000000001,13.77
159,Pali,Rajasthan,2015,2.42,6.65,2.8,1.16,13.030000000000001,14.46
159,Pali,Rajasthan,2016,1.49,4.91,13.07,0.27,19.74,20.91
159,Pali,Rajasthan,2017,3.49,13.35,2.2,0.76,19.8,21.64
159,Pali,Rajasthan,2018,2.3,3.48,2.85,0.99,9.62,9.67
159,Pali,Rajasthan,2019,1.06,5.25,8.92,2.14,17.37,19.23
161,Sikar,Rajasthan,1990,1.31,5.25,6.06,3.02,15.64,17.95
161,Sikar,Rajasthan,1991,1.03,3.01,4.17,2.03,10.24,10.709999999999999
161,Sikar,Rajasthan,1992,0.37,5.15,5.43,4.02,14.969999999999999,17.28
161,Sikar,Rajasthan,1993,2.73,4.89,1.97,2.52,12.11,13.43
161,Sikar,Rajasthan,1994,1.44,7.21,5.81,2.5,16.96,18.5
161,Sikar,Rajasthan,1995,0.79,6.99,8.47,1.19,17.44,19.75
161,Sikar,Rajasthan,1996,4.2,3.76,5.3,3.48,16.74,19.21
161,Sikar,Rajasthan,1997,1.46,4.55,5.9,1.14,13.05,19.21
161,Sikar,Rajasthan,1998,1.2,6.55,1.5,4.4,13.65,16.85
161,Sikar,Rajasthan,1999,0.58,1.77,1.15,0.87,4.37,5.7
161,Sikar,Rajasthan,2000,0.68,3.49,1.67,0.32,6.16,7.3500000000000005
161,Sikar,Rajasthan,2001,2.72,4.97,3.07,0.27,11.03,14.0
161,Sikar,Rajasthan,2002,0.95,0.16,1.44,0.5,3.05,5.09
161,Sikar,Rajasthan,2003,1.88,7.02,3.29,1.77,13.959999999999997,15.87
161,Sikar,Rajasthan,2004,1.15,2.42,8.13,0.63,12.330000000000002,15.48
161,Sikar,Rajasthan,2005,2.7,4.54,0.38,2.83,10.45,12.75
161,Sikar,Rajasthan,2006,3.27,2.71,1.84,1.8,9.620000000000001,11.63
161,Sikar,Rajasthan,2007,1.62,2.84,4.22,2.4,11.08,14.73
161,Sikar,Rajasthan,2008,4.59,3.2,3.28,2.21,13.280000000000001,15.78
161,Sikar,Rajasthan,2009,1.24,3.94,2.37,1.62,9.17,11.11
161,Sikar,Rajasthan,2010,1.34,5.73,7.23,3.89,18.19,20.53
161,Sikar,Rajasthan,2011,2.03,5.41,4.27,5.88,17.59,19.28
161,Sikar,Rajasthan,2012,0.2,1.97,11.91,2.92,17.0,18.28
161,Sikar,Rajasthan,2013,3.45,5.38,7.45,1.66,17.94,20.3
161,Sikar,Rajasthan,2014,0.9,4.15,4.24,2.86,12.15,14.89
161,Sikar,Rajasthan,2015,2.66,5.43,2.93,0.36,11.379999999999999,15.98
161,Sikar,Rajasthan,2016,1.23,6.84,5.15,0.76,13.98,15.94
161,Sikar,Rajasthan,2017,2.74,3.72,2.86,0.79,10.11,12.89
161,Sikar,Rajasthan,2018,2.29,7.67,2.31,2.0,14.270000000000001,15.4
161,Sikar,Rajasthan,2019,0.81,10.17,6.5,1.48,18.96,21.28
162,Sirohi,Rajasthan,1990,0.47,3.15,8.1,3.46,15.18,16.54
162,Sirohi,Rajasthan,1991,0.26,6.09,3.74,0.46,10.55,10.67
162,Sirohi,Rajasthan,1992,0.4,4.72,4.51,9.72,19.35,21.56
162,Sirohi,Rajasthan,1993,2.18,10.53,0.95,3.2,16.86,17.91
162,Sirohi,Rajasthan,1994,1.37,9.01,9.98,5.28,25.64,26.650000000000002
162,Sirohi,Rajasthan,1995,0.61,5.01,2.65,0.78,9.049999999999999,10.209999999999999
162,Sirohi,Rajasthan,1996,5.71,7.34,5.39,0.97,19.41,21.12
162,Sirohi,Rajasthan,1997,6.44,3.96,9.71,3.17,23.28,25.11
162,Sirohi,Rajasthan,1998,4.51,4.54,3.94,5.45,18.44,19.91
162,Sirohi,Rajasthan,1999,2.5,6.42,1.46,0.33,10.709999999999999,12.13
162,Sirohi,Rajasthan,2000,0.76,8.34,1.17,0.12,10.389999999999999,11.56
162,Sirohi,Rajasthan,2001,2.57,5.05,4.47,0.62,12.709999999999999,13.79
162,Sirohi,Rajasthan,2002,2.16,0.17,3.07,1.09,6.49,6.86
162,Sirohi,Rajasthan,2003,1.7,7.36,2.86,1.11,13.03,13.57
162,Sirohi,Rajasthan,2004,1.79,6.51,5.07,2.01,15.38,15.89
162,Sirohi,Rajasthan,2005,2.24,3.55,3.33,5.31,14.43,15.69
162,Sirohi,Rajasthan,2006,2.58,4.27,10.56,2.29,19.7,19.98
162,Sirohi,Rajasthan,2007,2.77,4.87,4.96,1.02,13.620000000000001,15.120000000000001
162,Sirohi,Rajasthan,2008,2.91,5.03,6.07,2.26,16.270000000000003,17.59
162,Sirohi,Rajasthan,2009,1.61,8.07,3.56,0.65,13.89,15.31
162,Sirohi,Rajasthan,2010,1.55,8.45,7.96,5.83,23.79,26.009999999999998
162,Sirohi,Rajasthan,2011,0.85,5.2,8.75,4.56,19.36,19.669999999999998
162,Sirohi,Rajasthan,2012,0.31,5.13,8.9,7.49,21.83,22.52
162,Sirohi,Rajasthan,2013,2.09,9.0,3.45,3.75,18.29,19.62
162,Sirohi,Rajasthan,2014,0.36,5.85,3.09,5.9,15.200000000000001,16.32
162,Sirohi,Rajasthan,2015,2.69,7.83,3.75,1.44,15.709999999999999,17.07
162,Sirohi,Rajasthan,2016,1.23,6.98,14.43,0.37,23.01,24.44
162,Sirohi,Rajasthan,2017,3.31,18.24,3.19,1.0,25.74,26.919999999999998
162,Sirohi,Rajasthan,2018,2.85,5.01,3.36,1.42,12.639999999999999,12.67
162,Sirohi,Rajasthan,2019,1.7,5.7,12.04,3.4,22.839999999999996,24.83
163,Tonk,Rajasthan,1990,1.56,5.34,6.22,3.63,16.75,18.58
163,Tonk,Rajasthan,1991,0.56,5.16,5.86,2.44,14.020000000000001,14.540000000000001
163,Tonk,Rajasthan,1992,0.3,5.8,6.1,5.21,17.41,20.25
163,Tonk,Rajasthan,1993,3.23,5.95,3.51,3.58,16.27,17.53
163,Tonk,Rajasthan,1994,1.98,7.2,7.21,2.76,19.15,20.66
163,Tonk,Rajasthan,1995,0.51,8.6,9.64,1.02,19.77,21.56
163,Tonk,Rajasthan,1996,2.56,5.87,7.58,3.75,19.759999999999998,21.59
163,Tonk,Rajasthan,1997,1.38,4.84,7.9,1.55,15.670000000000002,19.85
163,Tonk,Rajasthan,1998,1.3,7.1,1.88,4.47,14.75,15.95
163,Tonk,Rajasthan,1999,0.78,3.67,2.29,1.4,8.14,9.99
163,Tonk,Rajasthan,2000,0.82,4.8,2.46,0.58,8.66,10.16
163,Tonk,Rajasthan,2001,3.57,8.8,2.62,0.17,15.160000000000002,17.580000000000002
163,Tonk,Rajasthan,2002,1.19,0.85,3.17,0.98,6.1899999999999995,7.97
163,Tonk,Rajasthan,2003,2.54,5.25,3.56,2.08,13.43,15.51
163,Tonk,Rajasthan,2004,1.2,3.74,11.99,0.68,17.61,19.79
163,Tonk,Rajasthan,2005,2.49,6.68,0.96,3.41,13.54,14.51
163,Tonk,Rajasthan,2006,3.44,4.63,6.99,1.9,16.96,18.29
163,Tonk,Rajasthan,2007,1.63,6.0,5.24,3.15,16.02,17.99
163,Tonk,Rajasthan,2008,5.28,4.47,3.09,2.79,15.629999999999999,17.51
163,Tonk,Rajasthan,2009,1.36,5.51,2.87,0.76,10.5,12.33
163,Tonk,Rajasthan,2010,0.94,5.57,9.16,3.03,18.7,21.28
163,Tonk,Rajasthan,2011,4.9,5.74,6.9,5.27,22.81,23.63
163,Tonk,Rajasthan,2012,0.47,4.11,12.04,4.17,20.79,21.8
163,Tonk,Rajasthan,2013,3.73,8.69,7.57,3.02,23.01,26.24
163,Tonk,Rajasthan,2014,0.33,6.9,7.61,2.97,17.81,20.26
163,Tonk,Rajasthan,2015,2.44,8.07,5.01,0.82,16.34,21.05
163,Tonk,Rajasthan,2016,2.92,9.23,12.83,1.17,26.15,27.9
163,Tonk,Rajasthan,2017,2.52,5.78,4.81,1.34,14.45,16.41
163,Tonk,Rajasthan,2018,2.71,10.29,5.15,7.66,25.81,26.28
163,Tonk,Rajasthan,2019,2.47,12.76,11.47,5.07,31.770000000000003,33.63
164,Udaipur,Rajasthan,1990,1.41,4.63,9.42,4.35,19.810000000000002,21.3
164,Udaipur,Rajasthan,1991,0.64,8.35,4.94,0.86,14.79,15.05
164,Udaipur,Rajasthan,1992,0.8,5.35,5.39,8.01,19.549999999999997,21.779999999999998
164,Udaipur,Rajasthan,1993,2.18,11.56,2.72,3.84,20.3,21.16
164,Udaipur,Rajasthan,1994,2.88,10.05,10.12,7.22,30.269999999999996,31.29
164,Udaipur,Rajasthan,1995,0.61,4.45,3.02,1.46,9.54,11.05
164,Udaipur,Rajasthan,1996,3.68,9.05,7.66,2.16,22.55,23.96
164,Udaipur,Rajasthan,1997,8.64,5.38,10.43,2.45,26.9,28.72
164,Udaipur,Rajasthan,1998,3.63,7.97,4.32,5.14,21.06,22.25
164,Udaipur,Rajasthan,1999,2.72,7.26,1.75,1.3,13.030000000000001,15.0
164,Udaipur,Rajasthan,2000,1.46,9.06,2.74,0.35,13.61,15.540000000000001
164,Udaipur,Rajasthan,2001,3.13,5.22,5.16,0.62,14.129999999999999,15.01
164,Udaipur,Rajasthan,2002,3.06,0.32,5.16,1.27,9.809999999999999,10.32
164,Udaipur,Rajasthan,2003,1.85,5.88,3.2,1.99,12.92,13.73
164,Udaipur,Rajasthan,2004,1.66,8.68,5.83,2.77,18.94,19.45
164,Udaipur,Rajasthan,2005,2.3,4.84,4.18,7.57,18.89,20.11
164,Udaipur,Rajasthan,2006,3.71,5.97,10.72,3.66,24.06,24.52
164,Udaipur,Rajasthan,2007,3.72,6.42,5.82,0.87,16.830000000000002,17.85
164,Udaipur,Rajasthan,2008,2.42,6.08,5.41,3.12,17.03,17.64
164,Udaipur,Rajasthan,2009,1.95,8.91,4.51,1.11,16.48,18.56
164,Udaipur,Rajasthan,2010,1.69,9.47,10.66,4.4,26.22,28.720000000000002
164,Udaipur,Rajasthan,2011,1.86,6.13,8.95,4.89,21.83,21.97
164,Udaipur,Rajasthan,2012,0.31,7.76,8.83,7.04,23.939999999999998,24.66
164,Udaipur,Rajasthan,2013,2.31,11.2,2.91,2.58,19.0,20.54
164,Udaipur,Rajasthan,2014,0.31,6.53,3.41,6.69,16.94,17.94
164,Udaipur,Rajasthan,2015,2.79,6.86,5.71,1.35,16.71,18.14
164,Udaipur,Rajasthan,2016,1.24,9.22,15.52,0.58,26.56,28.63
164,Udaipur,Rajasthan,2017,3.34,15.98,4.07,1.33,24.72,25.650000000000002
164,Udaipur,Rajasthan,2018,2.4,7.17,4.41,2.63,16.61,16.7
164,Udaipur,Rajasthan,2019,2.69,5.74,14.35,5.4,28.18,30.42
165,Gurdaspur,Punjab,1990,1.06,4.66,6.78,5.82,18.32,28.060000000000002
165,Gurdaspur,Punjab,1991,1.12,3.51,4.27,1.69,10.589999999999998,13.16
165,Gurdaspur,Punjab,1992,0.74,3.64,7.09,5.01,16.479999999999997,24.93
165,Gurdaspur,Punjab,1993,1.95,13.71,1.09,2.39,19.14,23.880000000000003
165,Gurdaspur,Punjab,1994,1.55,4.81,5.96,2.98,15.3,21.44
165,Gurdaspur,Punjab,1995,1.36,6.4,11.26,2.09,21.11,29.75
165,Gurdaspur,Punjab,1996,8.08,3.87,11.65,0.92,24.520000000000003,31.490000000000002
165,Gurdaspur,Punjab,1997,2.16,5.49,5.99,0.37,14.01,20.13
165,Gurdaspur,Punjab,1998,0.78,2.85,2.49,0.51,6.63,8.82
165,Gurdaspur,Punjab,1999,1.86,1.27,4.05,2.18,9.36,11.64
165,Gurdaspur,Punjab,2000,1.6,3.42,4.7,2.04,11.759999999999998,15.38
165,Gurdaspur,Punjab,2001,3.26,11.42,0.8,1.04,16.52,19.54
165,Gurdaspur,Punjab,2002,1.31,2.3,6.06,3.4,13.07,15.24
165,Gurdaspur,Punjab,2003,2.14,6.15,6.21,2.75,17.25,25.68
165,Gurdaspur,Punjab,2004,2.17,5.66,5.52,0.15,13.5,18.37
165,Gurdaspur,Punjab,2005,2.5,5.73,3.21,2.88,14.32,21.69
165,Gurdaspur,Punjab,2006,3.31,10.64,4.51,6.26,24.72,30.93
165,Gurdaspur,Punjab,2007,4.29,4.61,6.78,1.41,17.09,25.77
165,Gurdaspur,Punjab,2008,6.13,9.86,11.22,2.37,29.580000000000002,35.0
165,Gurdaspur,Punjab,2009,0.47,4.33,4.07,1.68,10.55,15.66
165,Gurdaspur,Punjab,2010,1.14,11.74,7.23,4.16,24.27,27.51
165,Gurdaspur,Punjab,2011,4.14,5.26,9.54,2.49,21.43,24.84
165,Gurdaspur,Punjab,2012,0.22,5.04,4.42,3.88,13.559999999999999,19.11
165,Gurdaspur,Punjab,2013,3.4,6.94,11.82,1.18,23.34,30.41
165,Gurdaspur,Punjab,2014,2.47,4.7,2.28,13.52,22.97,29.419999999999998
165,Gurdaspur,Punjab,2015,2.18,7.18,4.48,2.98,16.82,29.37
165,Gurdaspur,Punjab,2016,2.92,10.23,8.43,1.69,23.27,28.62
165,Gurdaspur,Punjab,2017,6.08,8.39,6.75,1.4,22.619999999999997,31.44
165,Gurdaspur,Punjab,2018,3.56,10.79,6.84,7.68,28.869999999999997,33.78
165,Gurdaspur,Punjab,2019,0.87,9.35,6.99,4.59,21.8,34.87
166,Amritsar,Punjab,1990,0.93,4.16,6.16,5.68,16.93,24.23
166,Amritsar,Punjab,1991,1.26,2.6,4.11,1.25,9.22,11.3
166,Amritsar,Punjab,1992,0.66,3.07,6.13,4.25,14.11,20.5
166,Amritsar,Punjab,1993,1.61,11.94,0.86,2.11,16.52,20.32
166,Amritsar,Punjab,1994,1.52,3.78,5.19,2.97,13.46,18.150000000000002
166,Amritsar,Punjab,1995,1.43,4.56,9.92,2.15,18.06,25.16
166,Amritsar,Punjab,1996,7.57,3.53,10.46,1.07,22.630000000000003,27.810000000000002
166,Amritsar,Punjab,1997,2.11,4.76,5.59,0.48,12.94,18.66
166,Amritsar,Punjab,1998,0.82,3.12,1.8,0.64,6.38,8.56
166,Amritsar,Punjab,1999,1.9,1.17,4.19,1.82,9.08,10.870000000000001
166,Amritsar,Punjab,2000,1.72,3.56,2.59,1.44,9.31,12.12
166,Amritsar,Punjab,2001,2.79,9.22,0.98,0.94,13.930000000000001,16.32
166,Amritsar,Punjab,2002,1.0,2.13,4.43,3.31,10.87,12.719999999999999
166,Amritsar,Punjab,2003,1.97,4.54,4.05,1.72,12.28,18.56
166,Amritsar,Punjab,2004,2.08,4.56,4.47,0.16,11.27,15.57
166,Amritsar,Punjab,2005,2.93,5.09,2.85,3.17,14.04,20.52
166,Amritsar,Punjab,2006,3.16,8.57,3.51,5.84,21.08,26.27
166,Amritsar,Punjab,2007,4.07,2.71,4.51,1.46,12.75,19.56
166,Amritsar,Punjab,2008,5.65,6.99,11.19,2.36,26.189999999999998,30.830000000000002
166,Amritsar,Punjab,2009,0.43,3.52,3.89,1.43,9.27,13.87
166,Amritsar,Punjab,2010,1.24,8.44,4.63,4.4,18.71,20.7
166,Amritsar,Punjab,2011,3.88,4.41,8.16,2.9,19.349999999999998,22.03
166,Amritsar,Punjab,2012,0.22,3.25,3.8,4.57,11.84,15.959999999999999
166,Amritsar,Punjab,2013,3.31,5.81,11.0,0.74,20.859999999999996,26.89
166,Amritsar,Punjab,2014,2.01,3.86,1.48,12.26,19.61,25.56
166,Amritsar,Punjab,2015,2.28,6.02,4.08,3.03,15.409999999999998,25.2
166,Amritsar,Punjab,2016,3.02,7.82,5.95,1.3,18.09,21.96
166,Amritsar,Punjab,2017,5.37,6.5,5.33,1.33,18.53,24.92
166,Amritsar,Punjab,2018,3.82,9.58,3.91,7.14,24.450000000000003,27.8
166,Amritsar,Punjab,2019,0.97,8.31,6.27,3.87,19.42,29.06
167,Kapurthala,Punjab,1990,0.93,4.16,6.16,5.68,16.93,24.23
167,Kapurthala,Punjab,1991,1.26,2.6,4.11,1.25,9.22,11.3
167,Kapurthala,Punjab,1992,0.66,3.07,6.13,4.25,14.11,20.5
167,Kapurthala,Punjab,1993,1.61,11.94,0.86,2.11,16.52,20.32
167,Kapurthala,Punjab,1994,1.52,3.78,5.19,2.97,13.46,18.150000000000002
167,Kapurthala,Punjab,1995,1.43,4.56,9.92,2.15,18.06,25.16
167,Kapurthala,Punjab,1996,7.57,3.53,10.46,1.07,22.630000000000003,27.810000000000002
167,Kapurthala,Punjab,1997,2.11,4.76,5.59,0.48,12.94,18.66
167,Kapurthala,Punjab,1998,0.82,3.12,1.8,0.64,6.38,8.56
167,Kapurthala,Punjab,1999,1.9,1.17,4.19,1.82,9.08,10.870000000000001
167,Kapurthala,Punjab,2000,1.72,3.56,2.59,1.44,9.31,12.12
167,Kapurthala,Punjab,2001,2.79,9.22,0.98,0.94,13.930000000000001,16.32
167,Kapurthala,Punjab,2002,1.0,2.13,4.43,3.31,10.87,12.719999999999999
167,Kapurthala,Punjab,2003,1.97,4.54,4.05,1.72,12.28,18.56
167,Kapurthala,Punjab,2004,2.08,4.56,4.47,0.16,11.27,15.57
167,Kapurthala,Punjab,2005,2.93,5.09,2.85,3.17,14.04,20.52
167,Kapurthala,Punjab,2006,3.16,8.57,3.51,5.84,21.08,26.27
167,Kapurthala,Punjab,2007,4.07,2.71,4.51,1.46,12.75,19.56
167,Kapurthala,Punjab,2008,5.65,6.99,11.19,2.36,26.189999999999998,30.830000000000002
167,Kapurthala,Punjab,2009,0.43,3.52,3.89,1.43,9.27,13.87
167,Kapurthala,Punjab,2010,1.24,8.44,4.63,4.4,18.71,20.7
167,Kapurthala,Punjab,2011,3.88,4.41,8.16,2.9,19.349999999999998,22.03
167,Kapurthala,Punjab,2012,0.22,3.25,3.8,4.57,11.84,15.959999999999999
167,Kapurthala,Punjab,2013,3.31,5.81,11.0,0.74,20.859999999999996,26.89
167,Kapurthala,Punjab,2014,2.01,3.86,1.48,12.26,19.61,25.56
167,Kapurthala,Punjab,2015,2.28,6.02,4.08,3.03,15.409999999999998,25.2
167,Kapurthala,Punjab,2016,3.02,7.82,5.95,1.3,18.09,21.96
167,Kapurthala,Punjab,2017,5.37,6.5,5.33,1.33,18.53,24.92
167,Kapurthala,Punjab,2018,3.82,9.58,3.91,7.14,24.450000000000003,27.8
167,Kapurthala,Punjab,2019,0.97,8.31,6.27,3.87,19.42,29.06
168,Jalandhar,Punjab,1990,0.98,4.85,5.9,6.26,17.990000000000002,25.32
168,Jalandhar,Punjab,1991,2.13,2.91,5.02,1.74,11.799999999999999,14.01
168,Jalandhar,Punjab,1992,0.86,3.37,6.54,4.36,15.129999999999999,21.64
168,Jalandhar,Punjab,1993,1.89,14.3,0.93,2.86,19.98,24.39
168,Jalandhar,Punjab,1994,1.83,5.4,6.77,2.94,16.94,21.86
168,Jalandhar,Punjab,1995,1.81,4.94,11.06,2.47,20.28,27.3
168,Jalandhar,Punjab,1996,7.92,3.61,10.77,1.71,24.009999999999998,30.13
168,Jalandhar,Punjab,1997,2.56,5.6,7.41,0.38,15.950000000000001,22.19
168,Jalandhar,Punjab,1998,1.08,3.75,2.58,0.95,8.36,11.0
168,Jalandhar,Punjab,1999,2.11,1.82,4.87,2.2,11.0,12.9
168,Jalandhar,Punjab,2000,2.52,5.12,2.93,1.79,12.36,15.42
168,Jalandhar,Punjab,2001,3.01,9.7,1.68,0.93,15.319999999999999,18.16
168,Jalandhar,Punjab,2002,1.08,2.53,4.97,4.09,12.67,14.9
168,Jalandhar,Punjab,2003,2.11,5.73,4.78,2.17,14.790000000000001,21.22
168,Jalandhar,Punjab,2004,2.01,4.25,6.02,0.18,12.459999999999999,17.55
168,Jalandhar,Punjab,2005,3.12,5.17,3.1,3.79,15.18,21.68
168,Jalandhar,Punjab,2006,2.96,9.52,3.72,6.35,22.549999999999997,27.93
168,Jalandhar,Punjab,2007,3.92,2.89,5.58,1.49,13.88,21.39
168,Jalandhar,Punjab,2008,7.42,7.4,12.52,3.52,30.86,36.23
168,Jalandhar,Punjab,2009,0.61,4.06,4.56,2.04,11.27,16.13
168,Jalandhar,Punjab,2010,1.91,9.86,5.14,5.53,22.44,24.64
168,Jalandhar,Punjab,2011,4.32,5.37,9.24,3.84,22.77,25.75
168,Jalandhar,Punjab,2012,0.29,4.13,4.32,4.72,13.46,17.7
168,Jalandhar,Punjab,2013,3.97,6.97,12.74,0.95,24.63,31.330000000000002
168,Jalandhar,Punjab,2014,2.07,4.18,1.93,12.85,21.03,27.919999999999998
168,Jalandhar,Punjab,2015,3.2,8.65,5.27,3.52,20.64,31.96
168,Jalandhar,Punjab,2016,3.28,9.45,7.68,2.19,22.599999999999998,28.39
168,Jalandhar,Punjab,2017,5.45,7.33,8.61,2.19,23.580000000000002,31.36
168,Jalandhar,Punjab,2018,5.28,11.11,6.89,9.68,32.96,37.4
168,Jalandhar,Punjab,2019,1.28,8.88,10.69,4.83,25.68,37.07
169,Hoshiarpur,Punjab,1990,0.98,4.85,5.9,6.26,17.990000000000002,25.32
169,Hoshiarpur,Punjab,1991,2.13,2.91,5.02,1.74,11.799999999999999,14.01
169,Hoshiarpur,Punjab,1992,0.86,3.37,6.54,4.36,15.129999999999999,21.64
169,Hoshiarpur,Punjab,1993,1.89,14.3,0.93,2.86,19.98,24.39
169,Hoshiarpur,Punjab,1994,1.83,5.4,6.77,2.94,16.94,21.86
169,Hoshiarpur,Punjab,1995,1.81,4.94,11.06,2.47,20.28,27.3
169,Hoshiarpur,Punjab,1996,7.92,3.61,10.77,1.71,24.009999999999998,30.13
169,Hoshiarpur,Punjab,1997,2.56,5.6,7.41,0.38,15.950000000000001,22.19
169,Hoshiarpur,Punjab,1998,1.08,3.75,2.58,0.95,8.36,11.0
169,Hoshiarpur,Punjab,1999,2.11,1.82,4.87,2.2,11.0,12.9
169,Hoshiarpur,Punjab,2000,2.52,5.12,2.93,1.79,12.36,15.42
169,Hoshiarpur,Punjab,2001,3.01,9.7,1.68,0.93,15.319999999999999,18.16
169,Hoshiarpur,Punjab,2002,1.08,2.53,4.97,4.09,12.67,14.9
169,Hoshiarpur,Punjab,2003,2.11,5.73,4.78,2.17,14.790000000000001,21.22
169,Hoshiarpur,Punjab,2004,2.01,4.25,6.02,0.18,12.459999999999999,17.55
169,Hoshiarpur,Punjab,2005,3.12,5.17,3.1,3.79,15.18,21.68
169,Hoshiarpur,Punjab,2006,2.96,9.52,3.72,6.35,22.549999999999997,27.93
169,Hoshiarpur,Punjab,2007,3.92,2.89,5.58,1.49,13.88,21.39
169,Hoshiarpur,Punjab,2008,7.42,7.4,12.52,3.52,30.86,36.23
169,Hoshiarpur,Punjab,2009,0.61,4.06,4.56,2.04,11.27,16.13
169,Hoshiarpur,Punjab,2010,1.91,9.86,5.14,5.53,22.44,24.64
169,Hoshiarpur,Punjab,2011,4.32,5.37,9.24,3.84,22.77,25.75
169,Hoshiarpur,Punjab,2012,0.29,4.13,4.32,4.72,13.46,17.7
169,Hoshiarpur,Punjab,2013,3.97,6.97,12.74,0.95,24.63,31.330000000000002
169,Hoshiarpur,Punjab,2014,2.07,4.18,1.93,12.85,21.03,27.919999999999998
169,Hoshiarpur,Punjab,2015,3.2,8.65,5.27,3.52,20.64,31.96
169,Hoshiarpur,Punjab,2016,3.28,9.45,7.68,2.19,22.599999999999998,28.39
169,Hoshiarpur,Punjab,2017,5.45,7.33,8.61,2.19,23.580000000000002,31.36
169,Hoshiarpur,Punjab,2018,5.28,11.11,6.89,9.68,32.96,37.4
169,Hoshiarpur,Punjab,2019,1.28,8.88,10.69,4.83,25.68,37.07
170,Roopnagar,Punjab,1990,0.8,6.54,4.26,7.31,18.91,24.36
170,Roopnagar,Punjab,1991,4.86,2.54,7.66,2.88,17.94,20.05
170,Roopnagar,Punjab,1992,1.28,3.92,6.73,3.63,15.559999999999999,20.36
170,Roopnagar,Punjab,1993,1.92,13.66,1.24,4.53,21.35,26.2
170,Roopnagar,Punjab,1994,2.34,9.94,10.43,2.45,25.16,29.04
170,Roopnagar,Punjab,1995,2.94,4.78,11.32,3.31,22.349999999999998,28.16
170,Roopnagar,Punjab,1996,7.65,3.61,9.0,3.87,24.13,31.17
170,Roopnagar,Punjab,1997,2.88,4.75,9.65,0.54,17.82,24.47
170,Roopnagar,Punjab,1998,2.42,5.47,4.69,2.35,14.93,18.65
170,Roopnagar,Punjab,1999,2.25,3.68,4.2,2.48,12.61,14.51
170,Roopnagar,Punjab,2000,5.39,8.94,2.26,2.16,18.749999999999996,21.9
170,Roopnagar,Punjab,2001,3.52,7.57,4.22,1.0,16.31,20.35
170,Roopnagar,Punjab,2002,1.04,2.69,4.77,5.26,13.76,17.27
170,Roopnagar,Punjab,2003,2.17,9.24,5.97,3.17,20.549999999999997,25.84
170,Roopnagar,Punjab,2004,2.28,2.71,9.92,0.36,15.27,21.669999999999998
170,Roopnagar,Punjab,2005,3.3,5.67,2.98,5.23,17.18,22.7
170,Roopnagar,Punjab,2006,2.33,8.12,3.62,4.05,18.12,23.15
170,Roopnagar,Punjab,2007,3.01,2.82,5.98,1.54,13.350000000000001,20.93
170,Roopnagar,Punjab,2008,10.95,5.56,11.14,6.68,34.33,40.74
170,Roopnagar,Punjab,2009,1.45,5.39,4.61,4.09,15.54,20.61
170,Roopnagar,Punjab,2010,3.93,10.93,5.71,7.75,28.32,30.52
170,Roopnagar,Punjab,2011,5.85,5.96,8.9,6.84,27.55,30.72
170,Roopnagar,Punjab,2012,0.68,5.25,5.14,5.0,16.07,19.3
170,Roopnagar,Punjab,2013,5.52,9.31,11.41,1.55,27.790000000000003,34.52
170,Roopnagar,Punjab,2014,1.38,3.16,2.46,10.23,17.23,25.17
170,Roopnagar,Punjab,2015,3.85,10.94,5.37,3.01,23.17,33.129999999999995
170,Roopnagar,Punjab,2016,3.66,7.51,6.52,1.66,19.349999999999998,25.86
170,Roopnagar,Punjab,2017,5.09,6.75,9.64,3.73,25.21,33.1
170,Roopnagar,Punjab,2018,6.08,10.42,8.34,9.95,34.79,39.75
170,Roopnagar,Punjab,2019,1.72,8.66,11.18,4.52,26.080000000000002,36.92
171,Ludhiana,Punjab,1990,0.83,4.77,4.7,5.82,16.12,21.64
171,Ludhiana,Punjab,1991,2.45,2.15,5.18,1.48,11.26,13.15
171,Ludhiana,Punjab,1992,0.83,3.21,5.52,3.46,13.02,17.95
171,Ludhiana,Punjab,1993,1.48,10.73,0.7,2.74,15.65,19.36
171,Ludhiana,Punjab,1994,1.64,5.59,6.51,2.53,16.27,19.98
171,Ludhiana,Punjab,1995,1.96,3.91,9.34,2.43,17.64,23.52
171,Ludhiana,Punjab,1996,6.74,3.08,8.35,2.1,20.270000000000003,25.65
171,Ludhiana,Punjab,1997,2.16,4.05,6.71,0.46,13.38,19.07
171,Ludhiana,Punjab,1998,1.39,3.63,2.36,1.46,8.84,11.67
171,Ludhiana,Punjab,1999,1.84,2.0,3.67,1.72,9.23,10.83
171,Ludhiana,Punjab,2000,3.03,5.15,1.63,1.36,11.169999999999998,13.68
171,Ludhiana,Punjab,2001,2.69,6.89,2.29,0.84,12.71,15.54
171,Ludhiana,Punjab,2002,0.85,1.96,3.62,3.58,10.01,12.370000000000001
171,Ludhiana,Punjab,2003,1.75,5.94,3.86,1.83,13.38,18.2
171,Ludhiana,Punjab,2004,2.0,2.87,5.7,0.23,10.8,15.620000000000001
171,Ludhiana,Punjab,2005,2.85,4.55,2.34,3.73,13.47,19.07
171,Ludhiana,Punjab,2006,2.61,6.77,2.9,4.43,16.71,21.18
171,Ludhiana,Punjab,2007,3.42,1.88,3.86,1.5,10.66,16.919999999999998
171,Ludhiana,Punjab,2008,6.97,5.0,9.87,3.74,25.58,30.41
171,Ludhiana,Punjab,2009,0.8,3.57,3.66,2.36,10.39,14.7
171,Ludhiana,Punjab,2010,2.21,7.58,4.19,5.23,19.21,20.89
171,Ludhiana,Punjab,2011,4.01,4.04,7.21,4.56,19.82,22.49
171,Ludhiana,Punjab,2012,0.39,3.16,3.79,4.65,11.99,15.13
171,Ludhiana,Punjab,2013,3.53,6.2,9.5,0.9,20.13,25.65
171,Ludhiana,Punjab,2014,1.42,3.05,1.27,10.16,15.9,21.91
171,Ludhiana,Punjab,2015,3.03,7.79,4.26,3.0,18.08,27.02
171,Ludhiana,Punjab,2016,3.11,6.74,5.07,1.44,16.36,20.52
171,Ludhiana,Punjab,2017,4.83,5.42,7.03,2.37,19.650000000000002,25.69
171,Ludhiana,Punjab,2018,5.43,9.67,4.63,7.96,27.69,30.9
171,Ludhiana,Punjab,2019,1.52,7.63,9.52,4.19,22.860000000000003,31.77
172,Ferozpur,Punjab,1990,0.45,2.48,3.97,2.74,9.64,13.99
172,Ferozpur,Punjab,1991,0.53,0.71,2.24,0.44,3.9200000000000004,5.26
172,Ferozpur,Punjab,1992,0.28,1.95,3.98,3.63,9.84,13.42
172,Ferozpur,Punjab,1993,0.56,3.97,0.45,0.86,5.840000000000001,7.930000000000001
172,Ferozpur,Punjab,1994,0.67,2.59,2.33,2.46,8.05,10.53
172,Ferozpur,Punjab,1995,1.01,2.28,4.61,0.75,8.65,13.56
172,Ferozpur,Punjab,1996,3.67,1.97,4.79,0.5,10.93,13.64
172,Ferozpur,Punjab,1997,1.0,1.17,1.78,0.46,4.41,8.2
172,Ferozpur,Punjab,1998,0.81,1.51,0.76,1.0,4.08,5.79
172,Ferozpur,Punjab,1999,0.76,1.23,0.62,0.31,2.92,4.41
172,Ferozpur,Punjab,2000,0.69,1.44,0.71,0.24,3.08,4.63
172,Ferozpur,Punjab,2001,1.47,2.88,1.15,0.45,5.95,7.75
172,Ferozpur,Punjab,2002,0.38,0.31,1.11,0.79,2.59,4.32
172,Ferozpur,Punjab,2003,0.87,4.37,1.96,1.74,8.94,11.09
172,Ferozpur,Punjab,2004,2.16,1.51,1.48,0.2,5.3500000000000005,7.62
172,Ferozpur,Punjab,2005,0.69,2.41,0.63,1.42,5.15,9.72
172,Ferozpur,Punjab,2006,2.82,1.84,1.27,1.04,6.97,10.04
172,Ferozpur,Punjab,2007,4.07,1.5,0.77,1.71,8.05,11.28
172,Ferozpur,Punjab,2008,2.97,2.82,3.76,0.63,10.180000000000001,12.57
172,Ferozpur,Punjab,2009,0.36,2.5,2.14,1.33,6.33,9.15
172,Ferozpur,Punjab,2010,1.07,3.39,4.14,2.13,10.73,11.51
172,Ferozpur,Punjab,2011,1.62,1.44,3.33,4.05,10.440000000000001,12.73
172,Ferozpur,Punjab,2012,0.31,1.58,1.5,4.56,7.949999999999999,9.82
172,Ferozpur,Punjab,2013,1.5,3.0,2.42,0.14,7.06,10.42
172,Ferozpur,Punjab,2014,0.74,1.72,0.32,5.85,8.629999999999999,12.059999999999999
172,Ferozpur,Punjab,2015,0.89,3.03,2.1,3.06,9.08,13.28
172,Ferozpur,Punjab,2016,1.01,2.91,3.14,0.19,7.250000000000001,8.96
172,Ferozpur,Punjab,2017,2.37,1.85,1.58,1.32,7.120000000000001,9.370000000000001
172,Ferozpur,Punjab,2018,3.04,4.72,0.36,0.9,9.02,10.15
172,Ferozpur,Punjab,2019,0.93,3.68,1.41,1.21,7.23,12.31
173,Faridkot,Punjab,1990,0.75,4.19,3.8,4.94,13.68,18.0
173,Faridkot,Punjab,1991,1.83,1.58,4.37,0.87,8.65,10.16
173,Faridkot,Punjab,1992,0.66,2.88,4.43,2.71,10.68,14.549999999999999
173,Faridkot,Punjab,1993,1.12,6.78,0.54,2.23,10.670000000000002,13.530000000000001
173,Faridkot,Punjab,1994,1.3,4.84,4.95,2.22,13.31,16.13
173,Faridkot,Punjab,1995,1.81,3.03,7.31,1.88,14.029999999999998,19.04
173,Faridkot,Punjab,1996,5.02,2.52,6.07,1.65,15.26,19.57
173,Faridkot,Punjab,1997,1.69,3.13,5.61,0.46,10.89,16.11
173,Faridkot,Punjab,1998,1.34,2.84,1.58,2.1,7.859999999999999,10.93
173,Faridkot,Punjab,1999,1.45,1.64,2.1,0.95,6.14,7.56
173,Faridkot,Punjab,2000,2.23,3.42,1.02,0.81,7.48,9.38
173,Faridkot,Punjab,2001,2.29,4.64,2.54,0.64,10.11,12.81
173,Faridkot,Punjab,2002,0.61,1.01,2.41,2.14,6.17,8.48
173,Faridkot,Punjab,2003,1.22,6.15,2.96,1.63,11.96,15.31
173,Faridkot,Punjab,2004,2.19,1.81,3.77,0.23,8.0,12.06
173,Faridkot,Punjab,2005,2.02,3.62,1.32,3.07,10.030000000000001,15.18
173,Faridkot,Punjab,2006,2.72,3.98,1.94,2.69,11.33,14.91
173,Faridkot,Punjab,2007,3.49,1.52,2.23,2.02,9.26,14.32
173,Faridkot,Punjab,2008,5.31,3.77,6.94,2.45,18.47,21.91
173,Faridkot,Punjab,2009,0.82,2.56,2.76,2.32,8.459999999999999,11.889999999999999
173,Faridkot,Punjab,2010,1.78,5.39,4.72,4.12,16.01,17.27
173,Faridkot,Punjab,2011,2.65,2.32,5.33,5.25,15.55,18.24
173,Faridkot,Punjab,2012,0.42,2.31,3.36,4.86,10.95,13.26
173,Faridkot,Punjab,2013,2.53,4.75,5.55,0.76,13.589999999999998,17.83
173,Faridkot,Punjab,2014,0.93,2.39,0.72,8.11,12.149999999999999,16.55
173,Faridkot,Punjab,2015,2.08,4.86,3.24,2.5,12.68,18.93
173,Faridkot,Punjab,2016,2.26,5.21,3.82,0.54,11.829999999999998,14.32
173,Faridkot,Punjab,2017,4.47,3.41,3.39,1.65,12.92,16.96
173,Faridkot,Punjab,2018,3.84,7.15,1.73,4.29,17.01,18.77
173,Faridkot,Punjab,2019,1.43,5.55,4.73,2.62,14.330000000000002,20.82
174,Bhatinda,Punjab,1990,0.85,4.44,2.74,4.61,12.64,15.97
174,Bhatinda,Punjab,1991,1.94,1.49,4.45,0.69,8.57,9.81
174,Bhatinda,Punjab,1992,0.68,3.03,3.88,2.04,9.629999999999999,12.77
174,Bhatinda,Punjab,1993,1.08,5.19,0.46,2.55,9.280000000000001,11.74
174,Bhatinda,Punjab,1994,1.27,5.64,4.92,1.9,13.73,15.87
174,Bhatinda,Punjab,1995,2.02,2.6,6.82,1.94,13.38,17.62
174,Bhatinda,Punjab,1996,4.01,2.12,4.25,1.84,12.219999999999999,16.25
174,Bhatinda,Punjab,1997,1.71,3.37,6.5,0.33,11.91,17.55
174,Bhatinda,Punjab,1998,1.6,2.75,1.47,3.43,9.25,13.21
174,Bhatinda,Punjab,1999,1.33,1.78,1.23,0.59,4.93,6.31
174,Bhatinda,Punjab,2000,2.1,2.84,0.93,0.62,6.489999999999999,8.08
174,Bhatinda,Punjab,2001,2.34,3.49,3.45,0.51,9.790000000000001,12.96
174,Bhatinda,Punjab,2002,0.51,0.53,1.89,1.65,4.58,7.35
174,Bhatinda,Punjab,2003,0.88,7.49,2.91,1.78,13.06,15.58
174,Bhatinda,Punjab,2004,2.2,0.83,3.57,0.27,6.869999999999999,10.96
174,Bhatinda,Punjab,2005,1.6,3.41,0.75,3.26,9.02,13.93
174,Bhatinda,Punjab,2006,2.54,2.71,1.3,1.83,8.379999999999999,11.43
174,Bhatinda,Punjab,2007,3.69,1.41,1.94,2.36,9.399999999999999,14.219999999999999
174,Bhatinda,Punjab,2008,5.24,3.3,5.57,2.48,16.59,19.5
174,Bhatinda,Punjab,2009,0.95,2.18,2.24,3.1,8.47,11.4
174,Bhatinda,Punjab,2010,1.86,4.9,5.27,4.26,16.29,17.46
174,Bhatinda,Punjab,2011,1.87,1.79,4.5,6.46,14.620000000000001,17.64
174,Bhatinda,Punjab,2012,0.52,2.12,4.0,4.63,11.27,13.16
174,Bhatinda,Punjab,2013,2.33,4.51,4.2,1.12,12.16,15.86
174,Bhatinda,Punjab,2014,0.66,2.04,0.77,6.27,9.74,13.469999999999999
174,Bhatinda,Punjab,2015,2.26,4.51,3.35,2.15,12.27,17.79
174,Bhatinda,Punjab,2016,1.97,5.16,3.53,0.35,11.01,13.33
174,Bhatinda,Punjab,2017,4.74,2.75,2.5,1.59,11.58,15.11
174,Bhatinda,Punjab,2018,3.37,5.76,1.33,3.52,13.979999999999999,15.32
174,Bhatinda,Punjab,2019,1.54,4.6,3.41,1.85,11.4,17.06
175,Sangrur,Punjab,1990,0.88,5.03,2.64,4.99,13.540000000000001,16.900000000000002
175,Sangrur,Punjab,1991,2.42,1.69,5.14,0.92,10.17,11.52
175,Sangrur,Punjab,1992,0.79,3.36,4.1,1.99,10.24,13.32
175,Sangrur,Punjab,1993,1.17,5.83,0.51,2.95,10.46,13.14
175,Sangrur,Punjab,1994,1.39,6.5,5.83,1.86,15.579999999999998,17.72
175,Sangrur,Punjab,1995,2.21,2.73,7.62,2.51,15.069999999999999,19.31
175,Sangrur,Punjab,1996,4.26,2.24,4.36,2.43,13.29,17.8
175,Sangrur,Punjab,1997,1.75,3.54,7.27,0.36,12.919999999999998,18.849999999999998
175,Sangrur,Punjab,1998,1.93,3.07,1.9,3.87,10.77,15.1
175,Sangrur,Punjab,1999,1.46,2.1,1.43,0.77,5.76,7.21
175,Sangrur,Punjab,2000,2.8,3.6,1.03,0.8,8.23,9.99
175,Sangrur,Punjab,2001,2.63,3.76,3.99,0.62,10.999999999999998,14.64
175,Sangrur,Punjab,2002,0.59,0.72,2.16,2.25,5.720000000000001,8.9
175,Sangrur,Punjab,2003,1.03,8.39,3.51,1.83,14.76,17.6
175,Sangrur,Punjab,2004,2.07,0.77,4.85,0.33,8.02,12.59
175,Sangrur,Punjab,2005,1.94,4.06,0.95,3.88,10.83,15.709999999999999
175,Sangrur,Punjab,2006,2.23,3.19,1.49,1.92,8.83,11.98
175,Sangrur,Punjab,2007,3.74,1.42,2.49,2.08,9.73,15.06
175,Sangrur,Punjab,2008,5.99,3.37,5.94,3.45,18.75,22.25
175,Sangrur,Punjab,2009,1.09,2.55,2.11,3.79,9.54,12.67
175,Sangrur,Punjab,2010,2.17,5.65,5.08,4.9,17.8,19.12
175,Sangrur,Punjab,2011,2.4,2.19,4.68,6.65,15.92,19.01
175,Sangrur,Punjab,2012,0.58,2.29,4.68,4.05,11.6,13.6
175,Sangrur,Punjab,2013,2.78,5.25,5.24,1.51,14.78,18.81
175,Sangrur,Punjab,2014,0.72,1.98,1.03,5.63,9.36,13.6
175,Sangrur,Punjab,2015,2.98,5.79,3.55,1.74,14.06,20.64
175,Sangrur,Punjab,2016,2.29,5.65,3.35,0.47,11.760000000000002,14.620000000000001
175,Sangrur,Punjab,2017,5.36,2.63,4.03,2.27,14.29,18.62
175,Sangrur,Punjab,2018,4.18,6.6,2.36,5.86,19.0,21.009999999999998
175,Sangrur,Punjab,2019,1.71,6.31,4.88,2.85,15.749999999999998,21.95
176,Patiala,Punjab,1990,0.97,6.55,2.68,5.97,16.169999999999998,19.85
176,Patiala,Punjab,1991,3.9,2.22,7.06,1.8,14.98,16.73
176,Patiala,Punjab,1992,1.13,4.22,4.97,2.14,12.46,15.459999999999999
176,Patiala,Punjab,1993,1.44,7.83,0.93,4.04,14.239999999999998,17.63
176,Patiala,Punjab,1994,1.77,9.02,8.47,1.7,20.959999999999997,23.22
176,Patiala,Punjab,1995,2.64,3.21,9.15,3.39,18.39,22.68
176,Patiala,Punjab,1996,5.16,2.64,5.15,3.78,16.73,22.35
176,Patiala,Punjab,1997,2.09,3.48,8.53,0.51,14.61,20.97
176,Patiala,Punjab,1998,2.8,4.13,3.52,4.15,14.6,19.29
176,Patiala,Punjab,1999,1.7,3.12,1.92,1.46,8.2,9.83
176,Patiala,Punjab,2000,4.68,6.22,1.44,1.31,13.649999999999999,16.05
176,Patiala,Punjab,2001,3.16,4.26,4.89,0.86,13.169999999999998,17.43
176,Patiala,Punjab,2002,0.77,1.32,2.96,3.82,8.87,12.81
176,Patiala,Punjab,2003,1.51,10.2,4.96,2.46,19.13,22.599999999999998
176,Patiala,Punjab,2004,1.97,0.84,8.07,0.42,11.3,16.96
176,Patiala,Punjab,2005,2.46,5.06,1.63,5.05,14.2,18.73
176,Patiala,Punjab,2006,1.77,4.49,2.14,1.76,10.16,13.67
176,Patiala,Punjab,2007,3.24,1.9,3.95,1.61,10.7,17.0
176,Patiala,Punjab,2008,8.23,3.52,6.78,5.78,24.310000000000002,29.330000000000002
176,Patiala,Punjab,2009,1.47,3.82,2.52,4.96,12.77,16.53
176,Patiala,Punjab,2010,3.21,7.76,5.23,6.56,22.759999999999998,24.56
176,Patiala,Punjab,2011,4.01,3.51,5.51,7.28,20.31,23.4
176,Patiala,Punjab,2012,0.73,3.34,5.6,3.47,13.14,15.26
176,Patiala,Punjab,2013,4.01,7.3,7.13,2.01,20.449999999999996,25.439999999999998
176,Patiala,Punjab,2014,0.77,1.91,1.86,5.01,9.55,15.36
176,Patiala,Punjab,2015,3.38,8.1,4.55,1.83,17.86,25.21
176,Patiala,Punjab,2016,2.28,6.44,4.23,0.94,13.89,17.27
176,Patiala,Punjab,2017,5.22,3.39,6.24,3.74,18.59,23.45
176,Patiala,Punjab,2018,5.34,8.93,4.56,8.01,26.839999999999996,29.779999999999998
176,Patiala,Punjab,2019,1.58,8.19,6.28,3.78,19.830000000000002,26.56
177,Hissar,Haryana,1990,0.97,6.55,2.68,5.97,16.169999999999998,19.85
177,Hissar,Haryana,1991,3.9,2.22,7.06,1.8,14.98,16.73
177,Hissar,Haryana,1992,1.13,4.22,4.97,2.14,12.46,15.459999999999999
177,Hissar,Haryana,1993,1.44,7.83,0.93,4.04,14.239999999999998,17.63
177,Hissar,Haryana,1994,1.77,9.02,8.47,1.7,20.959999999999997,23.22
177,Hissar,Haryana,1995,2.64,3.21,9.15,3.39,18.39,22.68
177,Hissar,Haryana,1996,5.16,2.64,5.15,3.78,16.73,22.35
177,Hissar,Haryana,1997,2.09,3.48,8.53,0.51,14.61,20.97
177,Hissar,Haryana,1998,2.8,4.13,3.52,4.15,14.6,19.29
177,Hissar,Haryana,1999,1.7,3.12,1.92,1.46,8.2,9.83
177,Hissar,Haryana,2000,4.68,6.22,1.44,1.31,13.649999999999999,16.05
177,Hissar,Haryana,2001,3.16,4.26,4.89,0.86,13.169999999999998,17.43
177,Hissar,Haryana,2002,0.77,1.32,2.96,3.82,8.87,12.81
177,Hissar,Haryana,2003,1.51,10.2,4.96,2.46,19.13,22.599999999999998
177,Hissar,Haryana,2004,1.97,0.84,8.07,0.42,11.3,16.96
177,Hissar,Haryana,2005,2.46,5.06,1.63,5.05,14.2,18.73
177,Hissar,Haryana,2006,1.77,4.49,2.14,1.76,10.16,13.67
177,Hissar,Haryana,2007,3.24,1.9,3.95,1.61,10.7,17.0
177,Hissar,Haryana,2008,8.23,3.52,6.78,5.78,24.310000000000002,29.330000000000002
177,Hissar,Haryana,2009,1.47,3.82,2.52,4.96,12.77,16.53
177,Hissar,Haryana,2010,3.21,7.76,5.23,6.56,22.759999999999998,24.56
177,Hissar,Haryana,2011,4.01,3.51,5.51,7.28,20.31,23.4
177,Hissar,Haryana,2012,0.73,3.34,5.6,3.47,13.14,15.26
177,Hissar,Haryana,2013,4.01,7.3,7.13,2.01,20.449999999999996,25.439999999999998
177,Hissar,Haryana,2014,0.77,1.91,1.86,5.01,9.55,15.36
177,Hissar,Haryana,2015,3.38,8.1,4.55,1.83,17.86,25.21
177,Hissar,Haryana,2016,2.28,6.44,4.23,0.94,13.89,17.27
177,Hissar,Haryana,2017,5.22,3.39,6.24,3.74,18.59,23.45
177,Hissar,Haryana,2018,5.34,8.93,4.56,8.01,26.839999999999996,29.779999999999998
177,Hissar,Haryana,2019,1.58,8.19,6.28,3.78,19.830000000000002,26.56
178,Sirsa,Haryana,1990,1.0,4.49,2.22,4.28,11.990000000000002,14.63
178,Sirsa,Haryana,1991,1.8,1.42,4.31,0.47,7.999999999999999,9.0
178,Sirsa,Haryana,1992,0.65,3.1,3.54,1.61,8.9,11.6
178,Sirsa,Haryana,1993,1.13,4.23,0.43,2.73,8.52,10.59
178,Sirsa,Haryana,1994,1.26,6.07,4.58,1.73,13.64,15.32
178,Sirsa,Haryana,1995,2.13,2.41,6.63,2.18,13.35,17.07
178,Sirsa,Haryana,1996,3.55,1.93,3.16,1.9,10.540000000000001,14.15
178,Sirsa,Haryana,1997,1.68,3.8,7.09,0.22,12.790000000000001,19.16
178,Sirsa,Haryana,1998,1.74,2.85,1.24,4.57,10.4,15.23
178,Sirsa,Haryana,1999,1.31,1.7,0.77,0.32,4.1,5.48
178,Sirsa,Haryana,2000,1.72,2.04,0.9,0.47,5.13,6.44
178,Sirsa,Haryana,2001,2.55,3.08,4.01,0.45,10.09,13.65
178,Sirsa,Haryana,2002,0.51,0.25,1.57,1.37,3.7,6.890000000000001
178,Sirsa,Haryana,2003,0.73,8.32,2.84,1.67,13.56,15.74
178,Sirsa,Haryana,2004,2.07,0.37,3.5,0.33,6.27,10.28
178,Sirsa,Haryana,2005,1.54,3.74,0.48,3.57,9.33,14.13
178,Sirsa,Haryana,2006,2.33,2.16,0.92,1.67,7.08,9.83
178,Sirsa,Haryana,2007,4.11,1.32,1.92,2.37,9.72,14.6
178,Sirsa,Haryana,2008,4.91,3.15,4.88,2.42,15.360000000000001,17.93
178,Sirsa,Haryana,2009,0.93,2.03,1.65,3.67,8.28,10.89
178,Sirsa,Haryana,2010,1.73,4.64,5.14,4.38,15.889999999999997,17.08
178,Sirsa,Haryana,2011,1.34,1.69,3.85,6.79,13.670000000000002,16.96
178,Sirsa,Haryana,2012,0.57,1.68,4.95,3.89,11.09,12.9
178,Sirsa,Haryana,2013,2.34,4.38,4.15,1.57,12.440000000000001,15.780000000000001
178,Sirsa,Haryana,2014,0.69,1.89,0.89,4.57,8.040000000000001,11.34
178,Sirsa,Haryana,2015,2.59,4.16,3.43,1.66,11.84,17.21
178,Sirsa,Haryana,2016,2.01,5.61,3.44,0.28,11.34,13.71
178,Sirsa,Haryana,2017,5.08,2.35,1.78,1.24,10.45,13.77
178,Sirsa,Haryana,2018,2.82,4.94,1.28,3.0,12.04,13.27
178,Sirsa,Haryana,2019,1.56,4.42,2.41,1.03,9.42,14.36
179,Bhiwani,Haryana,1990,1.34,5.43,3.6,5.76,16.13,19.55
179,Bhiwani,Haryana,1991,2.08,2.03,6.63,1.36,12.099999999999998,13.68
179,Bhiwani,Haryana,1992,0.75,3.41,4.16,1.87,10.190000000000001,12.59
179,Bhiwani,Haryana,1993,1.9,5.95,1.38,4.0,13.23,15.43
179,Bhiwani,Haryana,1994,1.56,8.32,6.33,1.51,17.720000000000002,19.42
179,Bhiwani,Haryana,1995,2.14,2.3,9.27,4.14,17.849999999999998,21.52
179,Bhiwani,Haryana,1996,4.18,2.84,4.63,3.34,14.989999999999998,18.65
179,Bhiwani,Haryana,1997,1.72,4.31,8.26,0.69,14.979999999999999,22.169999999999998
179,Bhiwani,Haryana,1998,3.03,3.35,2.7,6.32,15.4,21.19
179,Bhiwani,Haryana,1999,1.73,2.36,1.14,0.85,6.079999999999999,7.84
179,Bhiwani,Haryana,2000,2.77,3.16,1.83,0.63,8.39,10.31
179,Bhiwani,Haryana,2001,3.6,3.76,5.15,0.79,13.3,17.77
179,Bhiwani,Haryana,2002,0.89,0.32,2.31,2.93,6.45,11.14
179,Bhiwani,Haryana,2003,1.99,12.3,4.33,1.69,20.310000000000002,23.17
179,Bhiwani,Haryana,2004,1.96,0.38,6.29,0.46,9.09,14.23
179,Bhiwani,Haryana,2005,2.35,5.87,1.35,5.61,15.18,19.78
179,Bhiwani,Haryana,2006,2.23,3.79,1.59,2.4,10.01,12.89
179,Bhiwani,Haryana,2007,4.98,2.15,3.79,2.11,13.030000000000001,19.1
179,Bhiwani,Haryana,2008,5.09,3.92,6.15,4.06,19.22,23.15
179,Bhiwani,Haryana,2009,0.99,2.85,1.95,5.72,11.51,14.52
179,Bhiwani,Haryana,2010,1.42,6.6,6.52,6.3,20.84,22.74
179,Bhiwani,Haryana,2011,2.02,2.54,4.49,7.3,16.35,19.9
179,Bhiwani,Haryana,2012,0.66,1.91,8.46,2.28,13.31,15.3
179,Bhiwani,Haryana,2013,3.5,6.43,7.53,2.92,20.380000000000003,25.02
179,Bhiwani,Haryana,2014,1.0,2.28,2.32,2.36,7.959999999999999,12.389999999999999
179,Bhiwani,Haryana,2015,3.04,5.83,4.98,0.77,14.620000000000001,20.62
179,Bhiwani,Haryana,2016,1.88,8.9,4.2,0.53,15.51,17.78
179,Bhiwani,Haryana,2017,5.51,2.4,3.73,2.17,13.81,17.3
179,Bhiwani,Haryana,2018,3.1,7.42,2.59,5.44,18.55,20.5
179,Bhiwani,Haryana,2019,1.17,6.33,3.65,1.28,12.43,18.32
180,Gurgaon,Haryana,1990,1.87,5.1,7.21,7.06,21.24,26.57
180,Gurgaon,Haryana,1991,1.75,2.75,9.35,3.2,17.05,19.58
180,Gurgaon,Haryana,1992,0.42,2.91,4.92,2.99,11.24,13.530000000000001
180,Gurgaon,Haryana,1993,3.31,8.53,3.28,5.57,20.689999999999998,22.64
180,Gurgaon,Haryana,1994,1.79,11.08,7.24,0.76,20.87,22.79
180,Gurgaon,Haryana,1995,1.36,2.03,11.36,5.12,19.87,23.62
180,Gurgaon,Haryana,1996,4.64,4.54,7.92,4.29,21.39,24.39
180,Gurgaon,Haryana,1997,2.57,2.93,5.55,1.73,12.780000000000001,19.14
180,Gurgaon,Haryana,1998,4.26,3.4,5.27,5.77,18.7,23.36
180,Gurgaon,Haryana,1999,1.86,3.12,1.91,2.12,9.010000000000002,11.14
180,Gurgaon,Haryana,2000,3.92,5.18,3.57,0.78,13.45,16.12
180,Gurgaon,Haryana,2001,3.57,3.56,3.42,1.13,11.68,15.34
180,Gurgaon,Haryana,2002,1.25,0.3,3.12,4.82,9.49,14.96
180,Gurgaon,Haryana,2003,3.79,15.23,4.85,2.28,26.15,29.01
180,Gurgaon,Haryana,2004,2.13,0.96,7.69,0.41,11.190000000000001,16.8
180,Gurgaon,Haryana,2005,2.18,6.02,2.76,6.22,17.18,20.43
180,Gurgaon,Haryana,2006,3.11,6.06,2.57,3.03,14.77,17.64
180,Gurgaon,Haryana,2007,4.48,4.04,5.52,2.4,16.439999999999998,22.46
180,Gurgaon,Haryana,2008,3.74,4.77,7.03,4.6,20.14,25.34
180,Gurgaon,Haryana,2009,0.87,3.94,4.67,5.49,14.97,18.39
180,Gurgaon,Haryana,2010,0.59,7.89,9.54,7.62,25.64,28.07
180,Gurgaon,Haryana,2011,2.76,3.5,5.54,6.79,18.59,21.54
180,Gurgaon,Haryana,2012,0.5,3.24,10.38,2.19,16.310000000000002,18.07
180,Gurgaon,Haryana,2013,4.11,8.57,9.06,3.11,24.85,31.03
180,Gurgaon,Haryana,2014,1.16,3.11,4.39,2.09,10.75,16.29
180,Gurgaon,Haryana,2015,2.32,6.73,5.85,0.87,15.77,21.21
180,Gurgaon,Haryana,2016,1.74,10.4,5.15,1.02,18.31,20.310000000000002
180,Gurgaon,Haryana,2017,5.01,3.87,4.71,3.58,17.17,20.03
180,Gurgaon,Haryana,2018,2.04,10.29,4.39,6.08,22.799999999999997,24.4
180,Gurgaon,Haryana,2019,0.42,5.93,5.13,2.13,13.61,19.63
181,Jind,Haryana,1990,1.16,5.91,2.9,5.77,15.74,19.12
181,Jind,Haryana,1991,2.82,2.05,6.67,1.34,12.879999999999999,14.48
181,Jind,Haryana,1992,0.96,3.74,4.38,1.83,10.91,13.52
181,Jind,Haryana,1993,1.59,6.42,1.09,3.95,13.05,15.74
181,Jind,Haryana,1994,1.62,8.39,7.08,1.59,18.680000000000003,20.580000000000002
181,Jind,Haryana,1995,2.39,2.6,9.04,3.79,17.82,21.72
181,Jind,Haryana,1996,4.39,2.62,4.51,3.44,14.959999999999999,19.49
181,Jind,Haryana,1997,1.8,4.07,8.53,0.55,14.95,21.9
181,Jind,Haryana,1998,2.9,3.58,2.87,5.55,14.900000000000002,20.43
181,Jind,Haryana,1999,1.72,2.61,1.35,1.0,6.68,8.36
181,Jind,Haryana,2000,3.46,4.14,1.54,0.89,10.030000000000001,12.08
181,Jind,Haryana,2001,3.43,3.92,5.21,0.81,13.37,17.89
181,Jind,Haryana,2002,0.81,0.69,2.5,3.17,7.17,11.57
181,Jind,Haryana,2003,1.59,11.3,4.54,1.98,19.41,22.48
181,Jind,Haryana,2004,1.98,0.49,6.79,0.45,9.709999999999999,15.03
181,Jind,Haryana,2005,2.35,5.54,1.36,5.38,14.629999999999999,19.34
181,Jind,Haryana,2006,1.95,3.85,1.71,2.05,9.559999999999999,12.709999999999999
181,Jind,Haryana,2007,4.35,1.94,3.7,1.91,11.899999999999999,18.05
181,Jind,Haryana,2008,6.37,3.72,6.28,4.71,21.080000000000002,25.32
181,Jind,Haryana,2009,1.23,3.1,1.96,5.49,11.780000000000001,15.02
181,Jind,Haryana,2010,2.18,6.91,5.8,6.34,21.23,23.0
181,Jind,Haryana,2011,2.73,2.8,4.77,7.36,17.66,21.11
181,Jind,Haryana,2012,0.71,2.37,7.18,2.75,13.01,15.06
181,Jind,Haryana,2013,3.67,6.61,7.14,2.57,19.990000000000002,24.69
181,Jind,Haryana,2014,0.88,2.05,2.01,3.28,8.219999999999999,13.129999999999999
181,Jind,Haryana,2015,3.26,6.54,4.73,1.19,15.72,22.32
181,Jind,Haryana,2016,1.95,7.48,3.62,0.65,13.700000000000001,16.29
181,Jind,Haryana,2017,5.45,2.29,4.15,2.92,14.81,18.75
181,Jind,Haryana,2018,4.36,7.95,3.07,6.48,21.86,24.03
181,Jind,Haryana,2019,1.35,6.81,4.27,2.22,14.65,20.62
182,Mahendragarh,Haryana,1990,1.45,5.77,6.08,5.18,18.48,22.07
182,Mahendragarh,Haryana,1991,1.43,2.99,6.92,2.64,13.98,15.36
182,Mahendragarh,Haryana,1992,0.45,4.26,5.04,3.2,12.95,15.07
182,Mahendragarh,Haryana,1993,2.89,6.03,2.48,4.08,15.48,17.19
182,Mahendragarh,Haryana,1994,1.63,8.47,6.66,1.95,18.71,20.400000000000002
182,Mahendragarh,Haryana,1995,1.28,3.84,10.62,3.25,18.99,21.93
182,Mahendragarh,Haryana,1996,4.04,3.93,6.25,4.33,18.55,21.36
182,Mahendragarh,Haryana,1997,1.59,4.42,6.75,1.13,13.89,20.37
182,Mahendragarh,Haryana,1998,2.39,4.88,2.92,5.76,15.95,20.009999999999998
182,Mahendragarh,Haryana,1999,1.18,2.33,1.67,1.24,6.42,8.12
182,Mahendragarh,Haryana,2000,2.07,3.8,2.42,0.52,8.809999999999999,10.58
182,Mahendragarh,Haryana,2001,3.16,4.5,3.92,0.63,12.21,15.68
182,Mahendragarh,Haryana,2002,1.09,0.19,2.22,2.38,5.88,9.76
182,Mahendragarh,Haryana,2003,2.68,10.6,4.29,1.92,19.490000000000002,21.89
182,Mahendragarh,Haryana,2004,1.58,1.66,8.3,0.63,12.170000000000002,16.76
182,Mahendragarh,Haryana,2005,2.64,5.62,1.26,4.45,13.969999999999999,16.94
182,Mahendragarh,Haryana,2006,3.16,4.22,1.99,2.27,11.639999999999999,14.02
182,Mahendragarh,Haryana,2007,3.38,3.11,4.91,2.38,13.780000000000001,18.57
182,Mahendragarh,Haryana,2008,4.39,4.13,4.96,3.55,17.03,20.5
182,Mahendragarh,Haryana,2009,1.05,3.23,3.04,3.95,11.27,14.07
182,Mahendragarh,Haryana,2010,0.9,6.64,8.39,5.32,21.25,23.66
182,Mahendragarh,Haryana,2011,2.38,3.56,4.96,6.63,17.529999999999998,20.03
182,Mahendragarh,Haryana,2012,0.37,2.66,11.42,2.49,16.939999999999998,18.42
182,Mahendragarh,Haryana,2013,3.94,6.43,8.58,2.51,21.46,25.71
182,Mahendragarh,Haryana,2014,0.8,3.57,4.27,2.23,10.870000000000001,14.94
182,Mahendragarh,Haryana,2015,2.25,5.37,4.45,0.54,12.61,17.87
182,Mahendragarh,Haryana,2016,1.45,9.42,5.42,0.53,16.82,18.51
182,Mahendragarh,Haryana,2017,4.2,2.67,3.32,1.35,11.54,14.67
182,Mahendragarh,Haryana,2018,1.98,6.88,3.25,4.08,16.189999999999998,18.15
182,Mahendragarh,Haryana,2019,0.92,6.29,5.35,1.4,13.959999999999999,18.61
183,Ambala,Haryana,1990,1.08,9.93,4.02,9.48,24.509999999999998,29.54
183,Ambala,Haryana,1991,7.51,3.3,11.66,4.37,26.84,29.19
183,Ambala,Haryana,1992,2.01,5.75,8.38,3.51,19.65,23.240000000000002
183,Ambala,Haryana,1993,2.72,12.43,4.75,6.92,26.82,32.38
183,Ambala,Haryana,1994,3.19,14.13,13.67,1.99,32.980000000000004,36.75
183,Ambala,Haryana,1995,3.31,5.76,11.99,4.6,25.660000000000004,30.8
183,Ambala,Haryana,1996,7.64,4.58,10.4,5.76,28.379999999999995,36.3
183,Ambala,Haryana,1997,3.67,6.04,10.67,1.5,21.880000000000003,30.68
183,Ambala,Haryana,1998,3.63,8.88,9.15,4.26,25.92,32.2
183,Ambala,Haryana,1999,3.09,5.28,3.42,3.59,15.38,17.58
183,Ambala,Haryana,2000,6.6,10.82,3.18,2.92,23.520000000000003,27.12
183,Ambala,Haryana,2001,5.61,8.68,7.67,1.5,23.46,28.89
183,Ambala,Haryana,2002,1.58,3.0,6.17,6.35,17.1,22.71
183,Ambala,Haryana,2003,2.59,12.31,8.51,5.12,28.53,33.87
183,Ambala,Haryana,2004,3.81,4.73,13.09,0.75,22.380000000000003,29.88
183,Ambala,Haryana,2005,3.2,8.58,4.64,7.27,23.69,28.9
183,Ambala,Haryana,2006,2.44,8.78,5.19,2.31,18.72,24.73
183,Ambala,Haryana,2007,2.77,6.78,9.49,2.42,21.46,29.48
183,Ambala,Haryana,2008,12.98,7.5,10.92,8.31,39.71,46.480000000000004
183,Ambala,Haryana,2009,2.26,7.3,5.72,6.2,21.479999999999997,27.419999999999998
183,Ambala,Haryana,2010,4.8,14.5,10.05,11.81,41.160000000000004,44.230000000000004
183,Ambala,Haryana,2011,7.93,8.94,10.56,9.27,36.7,40.93
183,Ambala,Haryana,2012,1.2,7.81,9.71,6.07,24.79,27.76
183,Ambala,Haryana,2013,10.89,12.6,11.9,2.93,38.32,46.14
183,Ambala,Haryana,2014,1.25,4.17,5.92,6.92,18.259999999999998,28.05
183,Ambala,Haryana,2015,3.95,12.49,8.48,2.41,27.330000000000002,36.85
183,Ambala,Haryana,2016,3.97,9.84,7.42,1.95,23.18,29.07
183,Ambala,Haryana,2017,6.94,8.13,11.29,6.04,32.4,40.27
183,Ambala,Haryana,2018,6.65,12.94,11.72,10.22,41.53,46.7
183,Ambala,Haryana,2019,1.88,9.97,9.93,5.9,27.68,37.36
184,Karnal,Haryana,1990,1.59,7.2,5.11,7.77,21.67,26.43
184,Karnal,Haryana,1991,3.74,2.92,9.74,2.96,19.36,21.73
184,Karnal,Haryana,1992,1.24,4.16,5.89,2.69,13.979999999999999,16.62
184,Karnal,Haryana,1993,2.67,9.13,3.51,5.55,20.86,24.23
184,Karnal,Haryana,1994,2.19,11.09,9.52,1.28,24.08,26.599999999999998
184,Karnal,Haryana,1995,2.23,3.38,10.84,4.71,21.16,25.33
184,Karnal,Haryana,1996,5.34,4.06,7.81,4.62,21.83,26.86
184,Karnal,Haryana,1997,2.77,4.37,8.05,1.38,16.57,24.05
184,Karnal,Haryana,1998,3.82,5.22,6.19,5.33,20.560000000000002,26.47
184,Karnal,Haryana,1999,2.31,3.74,2.04,2.43,10.52,12.57
184,Karnal,Haryana,2000,4.61,6.49,3.04,1.5,15.64,18.54
184,Karnal,Haryana,2001,4.42,5.37,5.65,1.23,16.669999999999998,21.23
184,Karnal,Haryana,2002,1.32,1.17,4.1,4.93,11.52,17.009999999999998
184,Karnal,Haryana,2003,2.77,13.5,6.1,3.23,25.599999999999998,29.37
184,Karnal,Haryana,2004,2.78,2.17,9.0,0.52,14.469999999999999,20.68
184,Karnal,Haryana,2005,2.48,6.9,3.2,6.66,19.240000000000002,23.62
184,Karnal,Haryana,2006,2.54,6.42,3.29,2.51,14.76,18.85
184,Karnal,Haryana,2007,3.89,4.78,6.51,2.4,17.58,24.28
184,Karnal,Haryana,2008,7.24,5.58,8.12,5.79,26.729999999999997,32.1
184,Karnal,Haryana,2009,1.49,4.81,4.26,6.03,16.59,20.65
184,Karnal,Haryana,2010,2.28,9.88,9.0,9.05,30.21,32.71
184,Karnal,Haryana,2011,4.39,5.31,6.94,7.82,24.46,28.08
184,Karnal,Haryana,2012,0.81,4.37,9.55,3.56,18.29,20.52
184,Karnal,Haryana,2013,6.49,9.45,9.39,3.02,28.349999999999998,34.77
184,Karnal,Haryana,2014,1.18,3.21,4.43,3.48,12.3,19.18
184,Karnal,Haryana,2015,3.09,8.61,6.69,1.39,19.78,26.57
184,Karnal,Haryana,2016,1.78,9.48,4.28,1.44,16.98,19.5
184,Karnal,Haryana,2017,5.04,3.59,5.15,4.73,18.509999999999998,22.16
184,Karnal,Haryana,2018,4.56,11.49,5.63,7.15,28.83,30.88
184,Karnal,Haryana,2019,0.84,7.29,5.7,2.94,16.770000000000003,22.66
186,Rohtak,Haryana,1990,1.81,5.71,6.44,7.49,21.450000000000003,26.6
186,Rohtak,Haryana,1991,2.37,2.73,9.41,3.02,17.53,20.07
186,Rohtak,Haryana,1992,0.72,3.2,5.13,2.75,11.8,14.25
186,Rohtak,Haryana,1993,3.05,8.77,3.26,5.45,20.53,23.0
186,Rohtak,Haryana,1994,1.92,11.09,8.0,0.92,21.93,24.06
186,Rohtak,Haryana,1995,1.74,2.38,11.18,5.13,20.43,24.419999999999998
186,Rohtak,Haryana,1996,4.91,4.31,7.74,4.34,21.3,25.07
186,Rohtak,Haryana,1997,2.65,3.5,6.73,1.61,14.49,21.4
186,Rohtak,Haryana,1998,4.26,3.83,5.52,5.85,19.46,24.849999999999998
186,Rohtak,Haryana,1999,2.1,3.31,1.79,2.17,9.370000000000001,11.5
186,Rohtak,Haryana,2000,4.19,5.51,3.42,0.98,14.1,16.93
186,Rohtak,Haryana,2001,4.02,4.12,4.44,1.18,13.760000000000002,17.91
186,Rohtak,Haryana,2002,1.3,0.57,3.43,4.89,10.190000000000001,15.84
186,Rohtak,Haryana,2003,3.46,15.27,5.3,2.53,26.560000000000002,29.81
186,Rohtak,Haryana,2004,2.42,1.16,7.96,0.4,11.94,17.87
186,Rohtak,Haryana,2005,2.32,6.39,2.93,6.69,18.33,22.27
186,Rohtak,Haryana,2006,2.91,6.2,2.74,2.99,14.84,18.220000000000002
186,Rohtak,Haryana,2007,4.58,4.23,5.8,2.46,17.07,23.57
186,Rohtak,Haryana,2008,4.92,5.05,7.59,5.06,22.619999999999997,27.97
186,Rohtak,Haryana,2009,1.06,4.2,4.46,6.02,15.739999999999998,19.3
186,Rohtak,Haryana,2010,1.14,8.64,9.47,8.34,27.59,29.990000000000002
186,Rohtak,Haryana,2011,3.15,4.04,5.92,7.41,20.52,23.86
186,Rohtak,Haryana,2012,0.64,3.34,10.07,2.57,16.62,18.62
186,Rohtak,Haryana,2013,4.8,8.95,9.15,3.18,26.08,32.39
186,Rohtak,Haryana,2014,1.21,3.1,4.17,2.53,11.01,17.05
186,Rohtak,Haryana,2015,2.7,7.49,6.14,1.02,17.35,23.23
186,Rohtak,Haryana,2016,1.56,10.03,4.44,1.26,17.290000000000003,19.49
186,Rohtak,Haryana,2017,4.86,3.62,4.49,4.19,17.16,20.05
186,Rohtak,Haryana,2018,2.93,11.07,4.37,6.62,24.990000000000002,26.55
186,Rohtak,Haryana,2019,0.52,6.43,4.85,2.2,14.0,20.08
187,Sonepat,Haryana,1990,1.81,5.71,6.44,7.49,21.450000000000003,26.6
187,Sonepat,Haryana,1991,2.37,2.73,9.41,3.02,17.53,20.07
187,Sonepat,Haryana,1992,0.72,3.2,5.13,2.75,11.8,14.25
187,Sonepat,Haryana,1993,3.05,8.77,3.26,5.45,20.53,23.0
187,Sonepat,Haryana,1994,1.92,11.09,8.0,0.92,21.93,24.06
187,Sonepat,Haryana,1995,1.74,2.38,11.18,5.13,20.43,24.419999999999998
187,Sonepat,Haryana,1996,4.91,4.31,7.74,4.34,21.3,25.07
187,Sonepat,Haryana,1997,2.65,3.5,6.73,1.61,14.49,21.4
187,Sonepat,Haryana,1998,4.26,3.83,5.52,5.85,19.46,24.849999999999998
187,Sonepat,Haryana,1999,2.1,3.31,1.79,2.17,9.370000000000001,11.5
187,Sonepat,Haryana,2000,4.19,5.51,3.42,0.98,14.1,16.93
187,Sonepat,Haryana,2001,4.02,4.12,4.44,1.18,13.760000000000002,17.91
187,Sonepat,Haryana,2002,1.3,0.57,3.43,4.89,10.190000000000001,15.84
187,Sonepat,Haryana,2003,3.46,15.27,5.3,2.53,26.560000000000002,29.81
187,Sonepat,Haryana,2004,2.42,1.16,7.96,0.4,11.94,17.87
187,Sonepat,Haryana,2005,2.32,6.39,2.93,6.69,18.33,22.27
187,Sonepat,Haryana,2006,2.91,6.2,2.74,2.99,14.84,18.220000000000002
187,Sonepat,Haryana,2007,4.58,4.23,5.8,2.46,17.07,23.57
187,Sonepat,Haryana,2008,4.92,5.05,7.59,5.06,22.619999999999997,27.97
187,Sonepat,Haryana,2009,1.06,4.2,4.46,6.02,15.739999999999998,19.3
187,Sonepat,Haryana,2010,1.14,8.64,9.47,8.34,27.59,29.990000000000002
187,Sonepat,Haryana,2011,3.15,4.04,5.92,7.41,20.52,23.86
187,Sonepat,Haryana,2012,0.64,3.34,10.07,2.57,16.62,18.62
187,Sonepat,Haryana,2013,4.8,8.95,9.15,3.18,26.08,32.39
187,Sonepat,Haryana,2014,1.21,3.1,4.17,2.53,11.01,17.05
187,Sonepat,Haryana,2015,2.7,7.49,6.14,1.02,17.35,23.23
187,Sonepat,Haryana,2016,1.56,10.03,4.44,1.26,17.290000000000003,19.49
187,Sonepat,Haryana,2017,4.86,3.62,4.49,4.19,17.16,20.05
187,Sonepat,Haryana,2018,2.93,11.07,4.37,6.62,24.990000000000002,26.55
187,Sonepat,Haryana,2019,0.52,6.43,4.85,2.2,14.0,20.08
188,Faridabad,Haryana,1990,2.32,5.78,9.26,8.16,25.52,31.91
188,Faridabad,Haryana,1991,1.9,3.27,11.88,4.4,21.450000000000003,24.470000000000002
188,Faridabad,Haryana,1992,0.33,2.98,5.93,3.55,12.79,15.34
188,Faridabad,Haryana,1993,4.16,9.65,4.34,6.88,25.029999999999998,27.150000000000002
188,Faridabad,Haryana,1994,2.17,13.13,8.57,0.39,24.26,26.6
188,Faridabad,Haryana,1995,1.43,2.39,12.77,5.68,22.27,26.029999999999998
188,Faridabad,Haryana,1996,5.2,5.88,10.34,5.04,26.46,30.04
188,Faridabad,Haryana,1997,3.4,3.01,4.87,2.15,13.430000000000001,19.669999999999998
188,Faridabad,Haryana,1998,4.64,4.23,7.23,5.82,21.92,27.19
188,Faridabad,Haryana,1999,1.94,4.65,2.92,3.55,13.059999999999999,15.32
188,Faridabad,Haryana,2000,4.86,6.42,5.46,1.04,17.78,20.93
188,Faridabad,Haryana,2001,3.88,5.24,2.94,1.32,13.38,16.7
188,Faridabad,Haryana,2002,1.5,0.41,4.83,6.41,13.15,19.54
188,Faridabad,Haryana,2003,4.08,15.93,6.18,4.1,30.29,33.44
188,Faridabad,Haryana,2004,2.86,2.54,8.35,0.75,14.5,20.47
188,Faridabad,Haryana,2005,2.17,7.12,3.71,7.57,20.57,23.64
188,Faridabad,Haryana,2006,3.39,8.06,3.24,3.37,18.060000000000002,21.220000000000002
188,Faridabad,Haryana,2007,4.71,6.23,6.64,3.05,20.630000000000003,26.65
188,Faridabad,Haryana,2008,4.09,7.06,8.33,5.64,25.119999999999997,30.2
188,Faridabad,Haryana,2009,1.08,5.01,6.66,5.9,18.65,22.78
188,Faridabad,Haryana,2010,0.43,9.68,10.87,9.77,30.749999999999996,33.41
188,Faridabad,Haryana,2011,3.95,5.31,7.38,6.91,23.55,26.52
188,Faridabad,Haryana,2012,0.5,5.02,11.41,2.98,19.91,21.85
188,Faridabad,Haryana,2013,5.96,10.63,10.63,3.68,30.9,38.230000000000004
188,Faridabad,Haryana,2014,1.32,3.88,5.5,2.3,13.0,19.35
188,Faridabad,Haryana,2015,3.23,7.42,6.85,1.69,19.19,25.11
188,Faridabad,Haryana,2016,2.65,10.45,4.96,1.36,19.419999999999998,22.009999999999998
188,Faridabad,Haryana,2017,4.68,5.13,4.63,5.27,19.709999999999997,22.02
188,Faridabad,Haryana,2018,1.56,12.11,6.74,5.68,26.09,27.55
188,Faridabad,Haryana,2019,0.34,5.92,5.63,2.58,14.47,20.18
189,Saharanpur,Uttar Pradesh,1990,2.05,11.83,6.97,12.04,32.89,39.01
189,Saharanpur,Uttar Pradesh,1991,7.16,4.58,15.5,5.58,32.82,35.72
189,Saharanpur,Uttar Pradesh,1992,1.86,6.75,9.69,4.03,22.33,25.18
189,Saharanpur,Uttar Pradesh,1993,4.49,12.19,11.03,8.97,36.68,42.51
189,Saharanpur,Uttar Pradesh,1994,4.01,14.77,14.32,1.53,34.63,39.02
189,Saharanpur,Uttar Pradesh,1995,2.41,7.73,13.3,6.64,30.080000000000002,35.03
189,Saharanpur,Uttar Pradesh,1996,6.8,6.96,14.94,6.69,35.39,43.28
189,Saharanpur,Uttar Pradesh,1997,5.12,10.14,9.44,3.05,27.750000000000004,39.21
189,Saharanpur,Uttar Pradesh,1998,3.55,12.68,14.45,5.68,36.36,46.26
189,Saharanpur,Uttar Pradesh,1999,4.54,5.98,3.43,5.4,19.35,21.950000000000003
189,Saharanpur,Uttar Pradesh,2000,4.76,8.84,5.57,3.5,22.67,26.44
189,Saharanpur,Uttar Pradesh,2001,8.42,13.0,10.3,2.23,33.95,40.08
189,Saharanpur,Uttar Pradesh,2002,2.62,2.93,8.93,6.62,21.1,28.8
189,Saharanpur,Uttar Pradesh,2003,3.31,13.07,10.45,6.97,33.8,39.56
189,Saharanpur,Uttar Pradesh,2004,6.17,10.03,12.2,1.19,29.59,37.26
189,Saharanpur,Uttar Pradesh,2005,2.72,12.65,7.95,8.98,32.3,37.81
189,Saharanpur,Uttar Pradesh,2006,3.64,11.63,7.92,3.36,26.55,34.14
189,Saharanpur,Uttar Pradesh,2007,3.41,14.25,15.38,4.53,37.57,45.36
189,Saharanpur,Uttar Pradesh,2008,10.94,13.25,13.21,6.29,43.69,49.55
189,Saharanpur,Uttar Pradesh,2009,2.31,8.53,8.41,6.95,26.2,33.12
189,Saharanpur,Uttar Pradesh,2010,3.27,18.18,17.06,16.58,55.089999999999996,59.209999999999994
189,Saharanpur,Uttar Pradesh,2011,9.01,13.81,14.3,9.21,46.330000000000005,51.95
189,Saharanpur,Uttar Pradesh,2012,1.52,10.49,17.43,7.89,37.33,40.79
189,Saharanpur,Uttar Pradesh,2013,18.58,15.16,15.2,4.6,53.54,62.87
189,Saharanpur,Uttar Pradesh,2014,2.05,7.77,11.57,4.44,25.830000000000002,36.41
189,Saharanpur,Uttar Pradesh,2015,3.78,12.68,12.19,1.93,30.58,39.57
189,Saharanpur,Uttar Pradesh,2016,3.01,14.0,7.0,2.23,26.24,30.3
189,Saharanpur,Uttar Pradesh,2017,7.8,7.29,9.01,6.92,31.020000000000003,37.38
189,Saharanpur,Uttar Pradesh,2018,5.48,12.64,12.49,7.11,37.72,41.300000000000004
189,Saharanpur,Uttar Pradesh,2019,1.29,8.9,8.53,6.04,24.759999999999998,32.55
190,Muzaffarnagar,Uttar Pradesh,1990,2.31,8.85,8.05,10.4,29.61,35.910000000000004
190,Muzaffarnagar,Uttar Pradesh,1991,4.39,4.03,13.58,4.84,26.84,29.84
190,Muzaffarnagar,Uttar Pradesh,1992,1.07,4.87,7.59,3.57,17.1,19.75
190,Muzaffarnagar,Uttar Pradesh,1993,4.23,10.9,7.75,7.48,30.360000000000003,34.550000000000004
190,Muzaffarnagar,Uttar Pradesh,1994,3.05,13.08,12.01,1.03,29.17,32.62
190,Muzaffarnagar,Uttar Pradesh,1995,1.96,5.22,12.6,6.0,25.78,30.21
190,Muzaffarnagar,Uttar Pradesh,1996,5.93,6.26,12.37,5.81,30.369999999999997,36.379999999999995
190,Muzaffarnagar,Uttar Pradesh,1997,4.31,6.94,7.47,2.48,21.2,30.43
190,Muzaffarnagar,Uttar Pradesh,1998,3.98,8.62,10.86,5.55,29.01,36.97
190,Muzaffarnagar,Uttar Pradesh,1999,3.4,5.28,2.82,4.47,15.969999999999999,18.4
190,Muzaffarnagar,Uttar Pradesh,2000,4.74,7.6,5.36,2.35,20.05,23.55
190,Muzaffarnagar,Uttar Pradesh,2001,6.46,9.24,7.1,1.78,24.58,29.6
190,Muzaffarnagar,Uttar Pradesh,2002,2.13,1.77,6.8,6.29,16.99,24.0
190,Muzaffarnagar,Uttar Pradesh,2003,3.57,14.61,8.37,5.46,32.01,36.65
190,Muzaffarnagar,Uttar Pradesh,2004,4.65,6.34,10.11,0.86,21.96,28.88
190,Muzaffarnagar,Uttar Pradesh,2005,2.5,9.86,5.95,8.4,26.71,31.31
190,Muzaffarnagar,Uttar Pradesh,2006,3.5,9.84,5.66,3.36,22.36,28.07
190,Muzaffarnagar,Uttar Pradesh,2007,3.78,10.51,11.0,3.89,29.18,36.2
190,Muzaffarnagar,Uttar Pradesh,2008,7.83,10.06,10.74,5.92,34.550000000000004,40.03
190,Muzaffarnagar,Uttar Pradesh,2009,1.86,6.78,7.33,6.48,22.450000000000003,27.75
190,Muzaffarnagar,Uttar Pradesh,2010,1.99,14.13,14.03,13.32,43.47,46.86
190,Muzaffarnagar,Uttar Pradesh,2011,6.45,9.92,10.57,8.18,35.120000000000005,39.57
190,Muzaffarnagar,Uttar Pradesh,2012,1.05,7.45,14.0,5.47,27.97,30.73
190,Muzaffarnagar,Uttar Pradesh,2013,12.46,12.95,12.42,3.99,41.82,50.05
190,Muzaffarnagar,Uttar Pradesh,2014,1.73,5.89,8.25,3.22,19.09,27.8
190,Muzaffarnagar,Uttar Pradesh,2015,3.65,10.59,9.62,1.74,25.599999999999998,33.11
190,Muzaffarnagar,Uttar Pradesh,2016,2.0,12.12,4.8,1.78,20.7,23.57
190,Muzaffarnagar,Uttar Pradesh,2017,4.9,4.77,5.47,5.92,21.060000000000002,24.63
190,Muzaffarnagar,Uttar Pradesh,2018,3.36,10.97,8.33,5.67,28.33,30.23
190,Muzaffarnagar,Uttar Pradesh,2019,0.6,8.06,6.33,3.36,18.35,24.400000000000002
191,Meerut,Uttar Pradesh,1990,2.4,6.57,9.15,9.25,27.37,33.88
191,Meerut,Uttar Pradesh,1991,2.65,3.5,12.42,4.6,23.17,26.349999999999998
191,Meerut,Uttar Pradesh,1992,0.53,3.43,6.3,3.48,13.74,16.33
191,Meerut,Uttar Pradesh,1993,4.25,10.36,5.42,6.77,26.8,29.689999999999998
191,Meerut,Uttar Pradesh,1994,2.41,13.23,9.81,0.58,26.03,28.76
191,Meerut,Uttar Pradesh,1995,1.61,3.23,12.77,5.82,23.43,27.53
191,Meerut,Uttar Pradesh,1996,5.53,6.0,11.03,5.36,27.92,32.35
191,Meerut,Uttar Pradesh,1997,3.77,4.25,5.88,2.29,16.189999999999998,23.57
191,Meerut,Uttar Pradesh,1998,4.68,5.45,8.47,5.76,24.36,30.69
191,Meerut,Uttar Pradesh,1999,2.53,4.9,2.61,3.89,13.93,16.35
191,Meerut,Uttar Pradesh,2000,5.06,6.97,5.57,1.46,19.060000000000002,22.48
191,Meerut,Uttar Pradesh,2001,4.93,6.42,4.42,1.49,17.259999999999998,21.34
191,Meerut,Uttar Pradesh,2002,1.8,0.86,5.42,6.48,14.56,21.28
191,Meerut,Uttar Pradesh,2003,4.07,16.47,7.01,4.49,32.04,35.83
191,Meerut,Uttar Pradesh,2004,3.53,3.52,8.97,0.65,16.669999999999998,23.150000000000002
191,Meerut,Uttar Pradesh,2005,2.39,7.9,4.55,8.25,23.09,26.89
191,Meerut,Uttar Pradesh,2006,3.53,8.81,4.04,3.55,19.93,24.08
191,Meerut,Uttar Pradesh,2007,4.5,7.68,8.08,3.43,23.689999999999998,30.33
191,Meerut,Uttar Pradesh,2008,5.4,7.92,9.28,5.93,28.53,33.98
191,Meerut,Uttar Pradesh,2009,1.33,5.67,7.04,6.33,20.369999999999997,24.78
191,Meerut,Uttar Pradesh,2010,0.93,11.42,12.34,11.25,35.94,38.839999999999996
191,Meerut,Uttar Pradesh,2011,4.69,6.85,8.24,7.62,27.400000000000002,31.0
191,Meerut,Uttar Pradesh,2012,0.7,5.45,12.08,3.67,21.9,24.13
191,Meerut,Uttar Pradesh,2013,7.9,11.68,11.0,3.75,34.33,41.98
191,Meerut,Uttar Pradesh,2014,1.51,4.55,6.12,2.64,14.82,22.1
191,Meerut,Uttar Pradesh,2015,3.59,8.79,7.63,1.67,21.68,28.09
191,Meerut,Uttar Pradesh,2016,2.08,10.62,4.33,1.66,18.69,21.39
191,Meerut,Uttar Pradesh,2017,4.1,4.9,4.54,5.54,19.08,21.48
191,Meerut,Uttar Pradesh,2018,2.05,11.27,7.03,5.74,26.090000000000003,27.4
191,Meerut,Uttar Pradesh,2019,0.37,6.86,5.32,2.54,15.09,20.89
193,Ghaziabad,Uttar Pradesh,1990,2.4,6.57,9.15,9.25,27.37,33.88
193,Ghaziabad,Uttar Pradesh,1991,2.65,3.5,12.42,4.6,23.17,26.349999999999998
193,Ghaziabad,Uttar Pradesh,1992,0.53,3.43,6.3,3.48,13.74,16.33
193,Ghaziabad,Uttar Pradesh,1993,4.25,10.36,5.42,6.77,26.8,29.689999999999998
193,Ghaziabad,Uttar Pradesh,1994,2.41,13.23,9.81,0.58,26.03,28.76
193,Ghaziabad,Uttar Pradesh,1995,1.61,3.23,12.77,5.82,23.43,27.53
193,Ghaziabad,Uttar Pradesh,1996,5.53,6.0,11.03,5.36,27.92,32.35
193,Ghaziabad,Uttar Pradesh,1997,3.77,4.25,5.88,2.29,16.189999999999998,23.57
193,Ghaziabad,Uttar Pradesh,1998,4.68,5.45,8.47,5.76,24.36,30.69
193,Ghaziabad,Uttar Pradesh,1999,2.53,4.9,2.61,3.89,13.93,16.35
193,Ghaziabad,Uttar Pradesh,2000,5.06,6.97,5.57,1.46,19.060000000000002,22.48
193,Ghaziabad,Uttar Pradesh,2001,4.93,6.42,4.42,1.49,17.259999999999998,21.34
193,Ghaziabad,Uttar Pradesh,2002,1.8,0.86,5.42,6.48,14.56,21.28
193,Ghaziabad,Uttar Pradesh,2003,4.07,16.47,7.01,4.49,32.04,35.83
193,Ghaziabad,Uttar Pradesh,2004,3.53,3.52,8.97,0.65,16.669999999999998,23.150000000000002
193,Ghaziabad,Uttar Pradesh,2005,2.39,7.9,4.55,8.25,23.09,26.89
193,Ghaziabad,Uttar Pradesh,2006,3.53,8.81,4.04,3.55,19.93,24.08
193,Ghaziabad,Uttar Pradesh,2007,4.5,7.68,8.08,3.43,23.689999999999998,30.33
193,Ghaziabad,Uttar Pradesh,2008,5.4,7.92,9.28,5.93,28.53,33.98
193,Ghaziabad,Uttar Pradesh,2009,1.33,5.67,7.04,6.33,20.369999999999997,24.78
193,Ghaziabad,Uttar Pradesh,2010,0.93,11.42,12.34,11.25,35.94,38.839999999999996
193,Ghaziabad,Uttar Pradesh,2011,4.69,6.85,8.24,7.62,27.400000000000002,31.0
193,Ghaziabad,Uttar Pradesh,2012,0.7,5.45,12.08,3.67,21.9,24.13
193,Ghaziabad,Uttar Pradesh,2013,7.9,11.68,11.0,3.75,34.33,41.98
193,Ghaziabad,Uttar Pradesh,2014,1.51,4.55,6.12,2.64,14.82,22.1
193,Ghaziabad,Uttar Pradesh,2015,3.59,8.79,7.63,1.67,21.68,28.09
193,Ghaziabad,Uttar Pradesh,2016,2.08,10.62,4.33,1.66,18.69,21.39
193,Ghaziabad,Uttar Pradesh,2017,4.1,4.9,4.54,5.54,19.08,21.48
193,Ghaziabad,Uttar Pradesh,2018,2.05,11.27,7.03,5.74,26.090000000000003,27.4
193,Ghaziabad,Uttar Pradesh,2019,0.37,6.86,5.32,2.54,15.09,20.89
194,Aligarh,Uttar Pradesh,1990,2.25,7.18,7.26,6.02,22.709999999999997,28.419999999999998
194,Aligarh,Uttar Pradesh,1991,1.41,2.95,11.64,3.91,19.91,22.11
194,Aligarh,Uttar Pradesh,1992,0.23,3.43,6.44,3.41,13.510000000000002,16.470000000000002
194,Aligarh,Uttar Pradesh,1993,4.15,6.04,3.36,6.91,20.46,22.16
194,Aligarh,Uttar Pradesh,1994,2.59,11.86,8.63,0.53,23.61,25.96
194,Aligarh,Uttar Pradesh,1995,2.3,3.28,11.31,4.3,21.19,23.91
194,Aligarh,Uttar Pradesh,1996,4.75,6.54,10.04,4.98,26.31,30.47
194,Aligarh,Uttar Pradesh,1997,3.38,3.65,4.56,1.44,13.03,18.23
194,Aligarh,Uttar Pradesh,1998,2.99,5.46,6.66,4.89,20.0,25.68
194,Aligarh,Uttar Pradesh,1999,0.93,6.63,4.55,4.56,16.669999999999998,18.34
194,Aligarh,Uttar Pradesh,2000,4.73,5.78,6.9,0.81,18.220000000000002,21.28
194,Aligarh,Uttar Pradesh,2001,3.41,8.3,2.23,0.92,14.860000000000001,17.150000000000002
194,Aligarh,Uttar Pradesh,2002,1.17,0.31,6.88,6.31,14.669999999999998,20.59
194,Aligarh,Uttar Pradesh,2003,2.46,9.99,7.06,6.65,26.159999999999997,29.01
194,Aligarh,Uttar Pradesh,2004,3.33,5.14,7.23,1.83,17.53,22.47
194,Aligarh,Uttar Pradesh,2005,2.13,8.02,2.93,7.64,20.72,23.29
194,Aligarh,Uttar Pradesh,2006,3.05,8.4,2.57,2.53,16.55,19.1
194,Aligarh,Uttar Pradesh,2007,4.37,7.58,5.39,3.45,20.79,25.43
194,Aligarh,Uttar Pradesh,2008,4.99,9.88,7.8,5.95,28.62,31.16
194,Aligarh,Uttar Pradesh,2009,1.5,4.94,6.91,5.35,18.700000000000003,23.34
194,Aligarh,Uttar Pradesh,2010,0.42,9.51,7.64,9.77,27.34,29.779999999999998
194,Aligarh,Uttar Pradesh,2011,5.76,6.17,8.75,5.58,26.259999999999998,28.9
194,Aligarh,Uttar Pradesh,2012,0.42,6.83,10.14,3.87,21.26,23.1
194,Aligarh,Uttar Pradesh,2013,7.68,10.4,10.86,3.79,32.73,39.85
194,Aligarh,Uttar Pradesh,2014,1.0,4.24,4.64,2.43,12.309999999999999,17.77
194,Aligarh,Uttar Pradesh,2015,2.09,5.63,5.89,1.17,14.78,20.52
194,Aligarh,Uttar Pradesh,2016,2.38,11.54,5.35,1.12,20.389999999999997,22.25
194,Aligarh,Uttar Pradesh,2017,4.74,3.8,4.47,3.75,16.759999999999998,19.27
194,Aligarh,Uttar Pradesh,2018,1.76,11.46,5.3,5.08,23.6,25.490000000000002
194,Aligarh,Uttar Pradesh,2019,0.28,5.17,6.12,2.93,14.5,19.62
195,Mathura,Uttar Pradesh,1990,1.77,7.2,5.77,5.4,20.14,25.13
195,Mathura,Uttar Pradesh,1991,0.89,3.81,9.69,3.25,17.64,19.18
195,Mathura,Uttar Pradesh,1992,0.18,4.24,6.42,3.89,14.73,17.15
195,Mathura,Uttar Pradesh,1993,2.88,6.59,3.36,9.14,21.97,23.46
195,Mathura,Uttar Pradesh,1994,2.58,11.87,6.01,0.8,21.26,23.11
195,Mathura,Uttar Pradesh,1995,1.6,2.93,11.6,4.85,20.979999999999997,23.49
195,Mathura,Uttar Pradesh,1996,3.81,5.76,8.05,4.28,21.900000000000002,24.970000000000002
195,Mathura,Uttar Pradesh,1997,2.19,3.32,3.97,1.62,11.100000000000001,16.04
195,Mathura,Uttar Pradesh,1998,2.78,5.47,5.35,4.96,18.56,21.84
195,Mathura,Uttar Pradesh,1999,0.82,4.34,5.2,2.37,12.73,14.11
195,Mathura,Uttar Pradesh,2000,2.79,4.54,3.15,0.88,11.360000000000001,13.01
195,Mathura,Uttar Pradesh,2001,1.95,4.82,2.15,0.99,9.91,11.85
195,Mathura,Uttar Pradesh,2002,0.71,0.23,4.05,4.77,9.76,14.08
195,Mathura,Uttar Pradesh,2003,2.58,8.25,3.59,3.4,17.82,19.8
195,Mathura,Uttar Pradesh,2004,1.59,3.29,7.49,1.94,14.31,18.28
195,Mathura,Uttar Pradesh,2005,1.37,7.85,1.76,3.41,14.389999999999999,15.89
195,Mathura,Uttar Pradesh,2006,3.16,6.46,1.88,1.59,13.09,14.93
195,Mathura,Uttar Pradesh,2007,3.39,4.01,4.73,1.62,13.75,17.41
195,Mathura,Uttar Pradesh,2008,3.31,6.73,5.5,3.68,19.220000000000002,21.63
195,Mathura,Uttar Pradesh,2009,1.16,3.61,3.62,3.7,12.09,16.68
195,Mathura,Uttar Pradesh,2010,0.61,4.97,5.72,5.4,16.700000000000003,19.2
195,Mathura,Uttar Pradesh,2011,4.11,3.81,6.96,4.27,19.15,21.13
195,Mathura,Uttar Pradesh,2012,0.28,6.94,11.24,3.46,21.92,23.44
195,Mathura,Uttar Pradesh,2013,5.48,7.36,11.34,3.52,27.7,34.44
195,Mathura,Uttar Pradesh,2014,0.72,3.54,6.39,1.49,12.139999999999999,17.31
195,Mathura,Uttar Pradesh,2015,1.62,4.12,5.54,1.4,12.680000000000001,19.0
195,Mathura,Uttar Pradesh,2016,2.55,13.5,5.98,1.21,23.240000000000002,24.92
195,Mathura,Uttar Pradesh,2017,3.74,3.36,4.01,3.32,14.43,16.64
195,Mathura,Uttar Pradesh,2018,2.21,12.02,5.99,4.12,24.34,26.55
195,Mathura,Uttar Pradesh,2019,0.32,4.83,7.27,4.49,16.91,20.62
196,Agra,Uttar Pradesh,1990,1.64,8.2,3.77,6.23,19.84,24.15
196,Agra,Uttar Pradesh,1991,0.3,4.02,10.22,1.86,16.4,17.54
196,Agra,Uttar Pradesh,1992,0.13,4.77,7.03,4.46,16.39,19.38
196,Agra,Uttar Pradesh,1993,2.27,4.1,3.21,10.47,20.049999999999997,21.36
196,Agra,Uttar Pradesh,1994,3.57,10.75,6.3,0.81,21.43,23.04
196,Agra,Uttar Pradesh,1995,2.51,4.59,11.03,5.77,23.9,25.65
196,Agra,Uttar Pradesh,1996,3.17,8.05,7.82,4.63,23.669999999999998,27.68
196,Agra,Uttar Pradesh,1997,1.92,3.53,4.54,2.31,12.299999999999999,18.15
196,Agra,Uttar Pradesh,1998,2.29,7.24,5.92,4.29,19.740000000000002,22.68
196,Agra,Uttar Pradesh,1999,0.54,6.19,6.29,3.5,16.52,17.69
196,Agra,Uttar Pradesh,2000,1.98,4.78,3.57,0.82,11.15,12.39
196,Agra,Uttar Pradesh,2001,2.96,6.36,3.66,0.76,13.74,15.950000000000001
196,Agra,Uttar Pradesh,2002,0.86,0.37,5.45,5.05,11.73,15.34
196,Agra,Uttar Pradesh,2003,1.63,5.46,4.23,4.73,16.05,18.19
196,Agra,Uttar Pradesh,2004,1.57,4.45,7.1,2.7,15.82,18.98
196,Agra,Uttar Pradesh,2005,1.56,8.78,1.63,3.29,15.259999999999998,16.84
196,Agra,Uttar Pradesh,2006,4.23,6.06,2.07,1.31,13.67,15.38
196,Agra,Uttar Pradesh,2007,3.08,4.32,4.19,1.79,13.379999999999999,16.37
196,Agra,Uttar Pradesh,2008,4.96,8.25,6.3,4.21,23.720000000000002,25.02
196,Agra,Uttar Pradesh,2009,0.88,3.49,3.34,4.56,12.27,17.939999999999998
196,Agra,Uttar Pradesh,2010,1.35,4.62,5.2,6.46,17.630000000000003,20.23
196,Agra,Uttar Pradesh,2011,4.96,5.85,7.15,3.94,21.900000000000002,23.53
196,Agra,Uttar Pradesh,2012,0.54,7.92,10.67,4.1,23.230000000000004,24.82
196,Agra,Uttar Pradesh,2013,6.2,6.92,11.41,3.07,27.6,34.54
196,Agra,Uttar Pradesh,2014,0.75,4.88,5.87,2.36,13.86,19.35
196,Agra,Uttar Pradesh,2015,1.5,4.43,5.01,1.68,12.62,19.169999999999998
196,Agra,Uttar Pradesh,2016,1.84,13.72,6.96,0.97,23.49,24.990000000000002
196,Agra,Uttar Pradesh,2017,2.49,3.56,4.65,2.02,12.72,14.790000000000001
196,Agra,Uttar Pradesh,2018,2.82,10.23,7.93,4.57,25.55,27.96
196,Agra,Uttar Pradesh,2019,0.64,5.56,7.66,6.01,19.869999999999997,22.83
197,Mainpuri,Uttar Pradesh,1990,1.93,9.55,3.62,6.13,21.23,25.28
197,Mainpuri,Uttar Pradesh,1991,0.65,3.09,12.2,3.11,19.05,20.38
197,Mainpuri,Uttar Pradesh,1992,0.38,4.57,6.75,4.4,16.1,19.19
197,Mainpuri,Uttar Pradesh,1993,2.82,3.71,2.8,8.99,18.32,19.99
197,Mainpuri,Uttar Pradesh,1994,3.26,10.46,6.96,0.78,21.46,23.330000000000002
197,Mainpuri,Uttar Pradesh,1995,3.35,4.48,9.94,5.38,23.15,24.76
197,Mainpuri,Uttar Pradesh,1996,3.04,7.74,8.21,4.83,23.82,28.790000000000003
197,Mainpuri,Uttar Pradesh,1997,2.05,4.1,4.49,2.99,13.63,19.67
197,Mainpuri,Uttar Pradesh,1998,2.26,8.03,6.42,3.69,20.400000000000002,23.95
197,Mainpuri,Uttar Pradesh,1999,0.59,6.65,5.48,5.1,17.82,19.18
197,Mainpuri,Uttar Pradesh,2000,3.0,5.19,6.5,1.03,15.72,17.6
197,Mainpuri,Uttar Pradesh,2001,3.66,7.17,4.18,0.69,15.7,18.7
197,Mainpuri,Uttar Pradesh,2002,1.21,1.13,5.81,6.02,14.169999999999998,17.93
197,Mainpuri,Uttar Pradesh,2003,1.6,5.63,5.81,6.79,19.83,22.66
197,Mainpuri,Uttar Pradesh,2004,3.15,5.0,6.27,3.11,17.53,20.939999999999998
197,Mainpuri,Uttar Pradesh,2005,2.06,8.68,2.04,5.12,17.900000000000002,19.96
197,Mainpuri,Uttar Pradesh,2006,4.57,7.38,2.59,1.64,16.18,18.47
197,Mainpuri,Uttar Pradesh,2007,3.16,5.86,4.71,2.54,16.27,19.94
197,Mainpuri,Uttar Pradesh,2008,5.81,10.5,7.94,5.87,30.12,31.71
197,Mainpuri,Uttar Pradesh,2009,0.96,4.05,5.26,6.07,16.34,21.97
197,Mainpuri,Uttar Pradesh,2010,1.22,5.91,5.8,7.13,20.06,22.669999999999998
197,Mainpuri,Uttar Pradesh,2011,5.53,6.23,7.99,3.79,23.54,25.01
197,Mainpuri,Uttar Pradesh,2012,0.5,6.83,9.32,4.08,20.729999999999997,22.46
197,Mainpuri,Uttar Pradesh,2013,6.53,7.43,9.39,2.85,26.200000000000003,32.56
197,Mainpuri,Uttar Pradesh,2014,0.73,5.09,4.2,3.09,13.11,18.12
197,Mainpuri,Uttar Pradesh,2015,2.67,5.6,4.19,2.64,15.100000000000001,21.1
197,Mainpuri,Uttar Pradesh,2016,2.06,11.35,6.26,1.54,21.21,23.259999999999998
197,Mainpuri,Uttar Pradesh,2017,2.3,5.69,6.22,2.44,16.650000000000002,18.54
197,Mainpuri,Uttar Pradesh,2018,1.89,12.46,9.29,3.46,27.1,28.57
197,Mainpuri,Uttar Pradesh,2019,1.26,8.2,7.71,5.51,22.68,25.84
198,Etah,Uttar Pradesh,1990,1.84,7.71,5.15,5.31,20.01,25.03
198,Etah,Uttar Pradesh,1991,0.81,3.43,10.33,3.05,17.62,19.15
198,Etah,Uttar Pradesh,1992,0.18,4.14,6.55,3.82,14.69,17.349999999999998
198,Etah,Uttar Pradesh,1993,3.01,5.59,3.23,9.11,20.939999999999998,22.43
198,Etah,Uttar Pradesh,1994,2.85,11.75,6.48,0.66,21.74,23.7
198,Etah,Uttar Pradesh,1995,2.17,3.2,11.14,4.79,21.3,23.630000000000003
198,Etah,Uttar Pradesh,1996,3.78,6.28,8.4,4.35,22.810000000000002,26.42
198,Etah,Uttar Pradesh,1997,2.43,3.44,3.94,1.67,11.48,16.46
198,Etah,Uttar Pradesh,1998,2.64,5.89,5.76,4.52,18.81,22.599999999999998
198,Etah,Uttar Pradesh,1999,0.7,5.28,5.52,3.09,14.59,15.9
198,Etah,Uttar Pradesh,2000,3.15,4.77,4.24,0.86,13.02,14.91
198,Etah,Uttar Pradesh,2001,2.29,5.98,2.31,0.94,11.52,13.48
198,Etah,Uttar Pradesh,2002,0.75,0.31,5.07,5.27,11.4,15.89
198,Etah,Uttar Pradesh,2003,2.28,7.55,4.38,4.56,18.77,20.939999999999998
198,Etah,Uttar Pradesh,2004,2.05,4.1,7.03,2.24,15.42,19.34
198,Etah,Uttar Pradesh,2005,1.48,8.21,1.97,4.23,15.890000000000002,17.560000000000002
198,Etah,Uttar Pradesh,2006,3.32,6.95,1.97,1.62,13.86,15.8
198,Etah,Uttar Pradesh,2007,3.53,4.9,4.63,1.99,15.049999999999999,18.71
198,Etah,Uttar Pradesh,2008,3.91,8.04,6.13,4.27,22.349999999999998,24.369999999999997
198,Etah,Uttar Pradesh,2009,1.18,3.85,4.27,4.25,13.55,18.5
198,Etah,Uttar Pradesh,2010,0.66,5.68,5.44,6.34,18.12,20.56
198,Etah,Uttar Pradesh,2011,4.77,4.54,7.53,4.2,21.04,23.03
198,Etah,Uttar Pradesh,2012,0.33,7.31,10.62,3.74,22.0,23.63
198,Etah,Uttar Pradesh,2013,6.2,7.87,11.22,3.59,28.88,35.82
198,Etah,Uttar Pradesh,2014,0.72,3.83,5.8,1.78,12.129999999999999,17.33
198,Etah,Uttar Pradesh,2015,2.56,4.82,5.64,1.98,15.0,21.28
198,Etah,Uttar Pradesh,2016,2.5,13.08,6.12,1.6,23.3,25.22
198,Etah,Uttar Pradesh,2017,3.4,4.35,4.5,3.64,15.89,18.0
198,Etah,Uttar Pradesh,2018,2.0,12.34,7.5,3.88,25.72,27.72
198,Etah,Uttar Pradesh,2019,0.54,6.17,7.04,4.45,18.2,21.85
199,Bareilly,Uttar Pradesh,1990,2.69,9.05,8.41,6.95,27.099999999999998,33.22
199,Bareilly,Uttar Pradesh,1991,2.25,2.36,12.95,4.43,21.99,24.75
199,Bareilly,Uttar Pradesh,1992,0.55,3.63,7.04,3.31,14.53,18.07
199,Bareilly,Uttar Pradesh,1993,6.07,5.81,3.46,4.63,19.97,22.11
199,Bareilly,Uttar Pradesh,1994,2.46,11.89,12.56,0.64,27.550000000000004,30.52
199,Bareilly,Uttar Pradesh,1995,3.21,4.3,11.73,3.87,23.110000000000003,25.96
199,Bareilly,Uttar Pradesh,1996,5.46,7.85,12.11,6.83,32.25,37.79
199,Bareilly,Uttar Pradesh,1997,4.86,5.24,5.6,1.3,17.0,22.830000000000002
199,Bareilly,Uttar Pradesh,1998,2.28,7.33,8.74,4.3,22.650000000000002,30.98
199,Bareilly,Uttar Pradesh,1999,1.11,10.12,4.13,7.1,22.46,24.56
199,Bareilly,Uttar Pradesh,2000,7.23,7.78,11.86,1.02,27.89,32.27
199,Bareilly,Uttar Pradesh,2001,5.6,13.68,2.89,0.78,22.950000000000003,25.74
199,Bareilly,Uttar Pradesh,2002,1.93,0.53,10.82,8.1,21.380000000000003,28.61
199,Bareilly,Uttar Pradesh,2003,2.04,11.96,11.98,11.33,37.31,41.410000000000004
199,Bareilly,Uttar Pradesh,2004,6.09,8.86,7.88,2.02,24.849999999999998,30.72
199,Bareilly,Uttar Pradesh,2005,3.57,9.89,4.47,13.02,30.95,34.94
199,Bareilly,Uttar Pradesh,2006,3.5,11.87,3.89,3.62,22.88,26.59
199,Bareilly,Uttar Pradesh,2007,5.3,13.55,6.99,6.04,31.880000000000003,37.81
199,Bareilly,Uttar Pradesh,2008,8.41,15.09,10.76,9.21,43.47,45.97
199,Bareilly,Uttar Pradesh,2009,2.26,7.31,11.63,7.1,28.300000000000004,33.38
199,Bareilly,Uttar Pradesh,2010,0.31,16.47,10.69,15.78,43.25,46.019999999999996
199,Bareilly,Uttar Pradesh,2011,9.22,10.31,12.48,7.72,39.730000000000004,43.57
199,Bareilly,Uttar Pradesh,2012,0.69,7.97,10.36,5.54,24.56,26.89
199,Bareilly,Uttar Pradesh,2013,12.21,15.3,11.22,4.13,42.86000000000001,50.45
199,Bareilly,Uttar Pradesh,2014,1.35,7.44,3.56,3.73,16.080000000000002,22.45
199,Bareilly,Uttar Pradesh,2015,8.69,9.44,8.57,3.95,30.65,37.74
199,Bareilly,Uttar Pradesh,2016,3.67,15.31,7.75,3.98,30.71,34.74
199,Bareilly,Uttar Pradesh,2017,2.89,11.37,6.66,7.21,28.130000000000003,30.63
199,Bareilly,Uttar Pradesh,2018,2.23,13.65,17.75,5.22,38.85,41.12
199,Bareilly,Uttar Pradesh,2019,2.27,11.88,7.04,4.09,25.28,31.060000000000002
200,Budaun,Uttar Pradesh,1990,2.5,9.46,6.42,5.79,24.17,29.62
200,Budaun,Uttar Pradesh,1991,1.61,2.13,12.77,4.25,20.759999999999998,22.93
200,Budaun,Uttar Pradesh,1992,0.48,3.6,6.82,3.4,14.3,17.71
200,Budaun,Uttar Pradesh,1993,5.19,4.69,3.02,5.33,18.23,20.09
200,Budaun,Uttar Pradesh,1994,2.66,11.35,10.67,0.65,25.33,27.94
200,Budaun,Uttar Pradesh,1995,3.51,4.01,10.89,3.74,22.15,24.54
200,Budaun,Uttar Pradesh,1996,4.74,7.41,10.76,5.9,28.810000000000002,34.0
200,Budaun,Uttar Pradesh,1997,3.99,4.43,4.91,1.58,14.91,20.32
200,Budaun,Uttar Pradesh,1998,2.28,6.89,7.71,3.9,20.779999999999998,27.7
200,Budaun,Uttar Pradesh,1999,0.73,8.95,4.51,6.5,20.689999999999998,22.45
200,Budaun,Uttar Pradesh,2000,6.13,6.7,10.25,0.83,23.909999999999997,27.63
200,Budaun,Uttar Pradesh,2001,4.66,11.53,2.7,0.73,19.619999999999997,22.21
200,Budaun,Uttar Pradesh,2002,1.5,0.58,9.24,7.37,18.69,24.86
200,Budaun,Uttar Pradesh,2003,1.88,9.69,9.99,9.94,31.5,35.0
200,Budaun,Uttar Pradesh,2004,5.08,7.46,7.1,2.26,21.9,26.97
200,Budaun,Uttar Pradesh,2005,2.97,8.93,3.6,10.76,26.259999999999998,29.46
200,Budaun,Uttar Pradesh,2006,3.45,10.31,3.2,3.0,19.96,23.04
200,Budaun,Uttar Pradesh,2007,4.63,10.99,5.95,4.96,26.53,31.64
200,Budaun,Uttar Pradesh,2008,7.12,13.47,9.54,8.17,38.3,40.37
200,Budaun,Uttar Pradesh,2009,1.9,6.16,9.74,6.53,24.330000000000002,29.310000000000002
200,Budaun,Uttar Pradesh,2010,0.37,12.96,8.56,12.95,34.84,37.36
200,Budaun,Uttar Pradesh,2011,7.89,8.5,11.11,6.4,33.9,36.85
200,Budaun,Uttar Pradesh,2012,0.53,7.55,9.74,4.84,22.66,24.77
200,Budaun,Uttar Pradesh,2013,10.16,12.72,10.58,3.89,37.35,44.34
200,Budaun,Uttar Pradesh,2014,1.01,5.92,3.47,3.38,13.780000000000001,19.24
200,Budaun,Uttar Pradesh,2015,6.94,8.01,7.56,3.64,26.15,32.54
200,Budaun,Uttar Pradesh,2016,2.92,14.66,7.49,3.52,28.59,31.71
200,Budaun,Uttar Pradesh,2017,2.8,8.73,5.85,5.8,23.180000000000003,25.23
200,Budaun,Uttar Pradesh,2018,1.73,14.06,14.62,4.28,34.69,36.64
200,Budaun,Uttar Pradesh,2019,1.25,11.52,6.34,3.72,22.83,27.25
201,Moradabad,Uttar Pradesh,1990,2.63,7.44,9.67,9.29,29.03,35.73
201,Moradabad,Uttar Pradesh,1991,2.84,3.51,13.32,4.88,24.55,27.75
201,Moradabad,Uttar Pradesh,1992,0.49,3.66,6.8,3.49,14.44,17.31
201,Moradabad,Uttar Pradesh,1993,4.94,9.4,5.59,6.46,26.39,29.32
201,Moradabad,Uttar Pradesh,1994,2.6,13.23,11.26,0.62,27.71,30.78
201,Moradabad,Uttar Pradesh,1995,2.01,4.08,12.7,5.38,24.169999999999998,28.02
201,Moradabad,Uttar Pradesh,1996,5.77,6.93,12.3,6.04,31.04,36.22
201,Moradabad,Uttar Pradesh,1997,4.45,5.52,6.14,2.01,18.119999999999997,25.52
201,Moradabad,Uttar Pradesh,1998,3.9,6.89,9.4,5.48,25.669999999999998,33.3
201,Moradabad,Uttar Pradesh,1999,2.39,6.86,3.19,5.26,17.7,20.09
201,Moradabad,Uttar Pradesh,2000,5.7,7.42,7.77,1.61,22.5,26.28
201,Moradabad,Uttar Pradesh,2001,5.57,9.66,4.47,1.38,21.08,24.95
201,Moradabad,Uttar Pradesh,2002,2.03,0.93,7.68,7.15,17.79,25.01
201,Moradabad,Uttar Pradesh,2003,3.45,15.01,9.1,7.09,34.650000000000006,38.8
201,Moradabad,Uttar Pradesh,2004,4.71,6.09,8.94,1.13,20.87,27.41
201,Moradabad,Uttar Pradesh,2005,2.77,9.15,4.99,10.07,26.98,31.040000000000003
201,Moradabad,Uttar Pradesh,2006,3.6,10.36,4.43,3.67,22.060000000000002,26.5
201,Moradabad,Uttar Pradesh,2007,4.69,10.55,8.61,4.58,28.43,34.93
201,Moradabad,Uttar Pradesh,2008,6.73,11.02,10.23,6.93,34.91,39.44
201,Moradabad,Uttar Pradesh,2009,1.73,6.56,8.79,6.62,23.7,28.599999999999998
201,Moradabad,Uttar Pradesh,2010,0.87,13.84,12.69,13.55,40.95,44.0
201,Moradabad,Uttar Pradesh,2011,6.18,9.31,10.19,7.81,33.49,37.42
201,Moradabad,Uttar Pradesh,2012,0.77,6.86,12.22,4.72,24.57,27.01
201,Moradabad,Uttar Pradesh,2013,10.51,13.43,11.62,4.04,39.599999999999994,47.629999999999995
201,Moradabad,Uttar Pradesh,2014,1.57,5.93,5.93,3.0,16.43,23.9
201,Moradabad,Uttar Pradesh,2015,5.77,9.49,8.42,2.6,26.28,33.27
201,Moradabad,Uttar Pradesh,2016,2.89,11.95,5.16,2.4,22.4,25.93
201,Moradabad,Uttar Pradesh,2017,3.59,7.53,5.55,6.66,23.330000000000002,26.0
201,Moradabad,Uttar Pradesh,2018,2.25,11.14,11.18,5.38,29.95,31.65
201,Moradabad,Uttar Pradesh,2019,1.39,8.2,6.29,3.08,18.96,25.23
202,Shahjahanpur,Uttar Pradesh,1990,2.92,13.16,5.74,5.91,27.73,32.92
202,Shahjahanpur,Uttar Pradesh,1991,2.1,1.64,14.09,5.17,23.0,25.25
202,Shahjahanpur,Uttar Pradesh,1992,1.52,4.42,7.22,4.0,17.16,20.669999999999998
202,Shahjahanpur,Uttar Pradesh,1993,6.39,4.3,2.64,4.39,17.72,20.099999999999998
202,Shahjahanpur,Uttar Pradesh,1994,2.58,10.61,11.48,1.15,25.82,28.59
202,Shahjahanpur,Uttar Pradesh,1995,4.72,4.21,10.29,3.51,22.729999999999997,24.759999999999998
202,Shahjahanpur,Uttar Pradesh,1996,4.34,7.49,10.35,6.74,28.92,34.98
202,Shahjahanpur,Uttar Pradesh,1997,4.23,5.13,4.5,2.35,16.21,21.82
202,Shahjahanpur,Uttar Pradesh,1998,1.76,8.57,8.51,2.79,21.63,28.93
202,Shahjahanpur,Uttar Pradesh,1999,0.89,9.65,4.26,7.3,22.1,24.19
202,Shahjahanpur,Uttar Pradesh,2000,7.49,7.32,13.32,1.14,29.270000000000003,33.46
202,Shahjahanpur,Uttar Pradesh,2001,5.91,12.67,3.74,0.79,23.11,26.36
202,Shahjahanpur,Uttar Pradesh,2002,1.98,1.4,9.6,8.03,21.009999999999998,26.81
202,Shahjahanpur,Uttar Pradesh,2003,1.69,9.88,11.24,11.79,34.6,38.64
202,Shahjahanpur,Uttar Pradesh,2004,6.93,9.46,6.85,3.24,26.480000000000004,31.86
202,Shahjahanpur,Uttar Pradesh,2005,3.86,10.61,5.33,12.16,31.959999999999997,36.07
202,Shahjahanpur,Uttar Pradesh,2006,4.9,12.59,4.48,3.33,25.300000000000004,29.35
202,Shahjahanpur,Uttar Pradesh,2007,5.12,14.13,7.47,6.03,32.75,39.160000000000004
202,Shahjahanpur,Uttar Pradesh,2008,9.5,16.69,11.33,10.06,47.580000000000005,49.940000000000005
202,Shahjahanpur,Uttar Pradesh,2009,2.05,7.51,12.14,8.18,29.88,35.65
202,Shahjahanpur,Uttar Pradesh,2010,0.5,15.75,9.46,14.94,40.65,43.72
202,Shahjahanpur,Uttar Pradesh,2011,10.35,10.85,13.93,7.34,42.47,45.8
202,Shahjahanpur,Uttar Pradesh,2012,0.64,8.83,10.77,6.8,27.040000000000003,29.72
202,Shahjahanpur,Uttar Pradesh,2013,12.93,14.97,10.35,4.18,42.43,49.68
202,Shahjahanpur,Uttar Pradesh,2014,1.33,9.21,3.85,4.35,18.740000000000002,24.61
202,Shahjahanpur,Uttar Pradesh,2015,7.87,8.63,7.67,3.3,27.470000000000002,34.6
202,Shahjahanpur,Uttar Pradesh,2016,2.82,16.25,7.51,3.94,30.52,33.78
202,Shahjahanpur,Uttar Pradesh,2017,2.63,10.16,8.06,5.39,26.240000000000002,28.81
202,Shahjahanpur,Uttar Pradesh,2018,2.03,16.7,15.25,3.73,37.71,39.92
202,Shahjahanpur,Uttar Pradesh,2019,1.99,14.08,6.62,4.85,27.54,32.39
203,Pilibhit,Uttar Pradesh,1990,2.85,12.16,7.27,6.15,28.43,34.33
203,Pilibhit,Uttar Pradesh,1991,2.59,1.8,12.56,4.18,21.13,23.91
203,Pilibhit,Uttar Pradesh,1992,1.81,4.63,7.35,3.72,17.509999999999998,21.11
203,Pilibhit,Uttar Pradesh,1993,7.53,4.89,2.82,3.73,18.97,21.47
203,Pilibhit,Uttar Pradesh,1994,2.34,10.5,13.15,1.19,27.180000000000003,30.23
203,Pilibhit,Uttar Pradesh,1995,4.32,4.5,11.22,3.52,23.56,26.07
203,Pilibhit,Uttar Pradesh,1996,5.05,7.91,11.13,7.98,32.07000000000001,38.230000000000004
203,Pilibhit,Uttar Pradesh,1997,5.35,5.62,4.89,1.5,17.36,22.869999999999997
203,Pilibhit,Uttar Pradesh,1998,1.45,8.59,8.77,2.85,21.66,30.08
203,Pilibhit,Uttar Pradesh,1999,1.14,10.73,4.02,6.66,22.55,24.88
203,Pilibhit,Uttar Pradesh,2000,8.66,8.31,14.13,1.06,32.160000000000004,37.11
203,Pilibhit,Uttar Pradesh,2001,6.78,15.27,3.53,0.86,26.44,29.45
203,Pilibhit,Uttar Pradesh,2002,2.22,0.91,11.29,8.21,22.630000000000003,29.52
203,Pilibhit,Uttar Pradesh,2003,1.74,12.47,12.71,12.44,39.36,43.75
203,Pilibhit,Uttar Pradesh,2004,7.52,11.52,7.71,2.83,29.58,35.86
203,Pilibhit,Uttar Pradesh,2005,4.56,12.68,6.49,13.78,37.51,42.48
203,Pilibhit,Uttar Pradesh,2006,5.02,14.2,5.2,3.77,28.189999999999998,32.89
203,Pilibhit,Uttar Pradesh,2007,6.2,17.42,8.4,7.0,39.02,46.42
203,Pilibhit,Uttar Pradesh,2008,11.21,17.76,11.88,10.54,51.39,53.96
203,Pilibhit,Uttar Pradesh,2009,2.47,9.04,13.77,8.47,33.75,39.9
203,Pilibhit,Uttar Pradesh,2010,0.43,20.22,11.58,17.76,49.989999999999995,53.33
203,Pilibhit,Uttar Pradesh,2011,14.03,11.69,15.28,8.94,49.94,54.669999999999995
203,Pilibhit,Uttar Pradesh,2012,0.91,9.43,11.42,8.05,29.81,32.59
203,Pilibhit,Uttar Pradesh,2013,15.87,18.65,11.44,4.39,50.349999999999994,58.57
203,Pilibhit,Uttar Pradesh,2014,1.88,12.04,4.46,4.39,22.77,30.06
203,Pilibhit,Uttar Pradesh,2015,10.02,9.84,8.28,3.33,31.47,39.96
203,Pilibhit,Uttar Pradesh,2016,3.88,17.52,8.04,4.44,33.879999999999995,38.03
203,Pilibhit,Uttar Pradesh,2017,3.05,13.38,8.52,6.54,31.49,34.89
203,Pilibhit,Uttar Pradesh,2018,2.94,16.99,17.3,4.83,42.06,45.26
203,Pilibhit,Uttar Pradesh,2019,3.26,13.82,7.52,5.52,30.119999999999997,36.89
204,Rampur,Uttar Pradesh,1990,2.69,8.99,9.56,8.09,29.330000000000002,35.96
204,Rampur,Uttar Pradesh,1991,3.07,2.81,13.09,4.37,23.34,26.58
204,Rampur,Uttar Pradesh,1992,0.67,4.14,7.13,3.38,15.32,18.72
204,Rampur,Uttar Pradesh,1993,6.39,7.22,4.67,5.19,23.470000000000002,26.28
204,Rampur,Uttar Pradesh,1994,2.58,12.76,13.86,0.77,29.97,33.44
204,Rampur,Uttar Pradesh,1995,2.92,4.93,12.64,4.53,25.020000000000003,28.43
204,Rampur,Uttar Pradesh,1996,5.94,8.27,13.54,7.73,35.480000000000004,41.69
204,Rampur,Uttar Pradesh,1997,5.64,7.31,6.44,1.38,20.77,27.63
204,Rampur,Uttar Pradesh,1998,2.27,9.04,9.93,4.41,25.65,34.96
204,Rampur,Uttar Pradesh,1999,1.85,10.14,3.87,6.84,22.7,25.1
204,Rampur,Uttar Pradesh,2000,7.54,8.64,12.17,1.74,30.09,34.72
204,Rampur,Uttar Pradesh,2001,6.66,15.37,4.22,1.08,27.33,30.79
204,Rampur,Uttar Pradesh,2002,2.35,0.89,11.67,8.44,23.35,31.2
204,Rampur,Uttar Pradesh,2003,2.43,13.78,13.02,11.71,40.94,45.7
204,Rampur,Uttar Pradesh,2004,6.98,10.47,8.98,1.99,28.42,35.15
204,Rampur,Uttar Pradesh,2005,3.89,11.74,5.87,13.79,35.29,40.08
204,Rampur,Uttar Pradesh,2006,3.97,13.44,5.05,4.0,26.46,31.32
204,Rampur,Uttar Pradesh,2007,5.4,15.97,9.15,6.75,37.27,44.14
204,Rampur,Uttar Pradesh,2008,9.69,16.45,12.12,9.36,47.62,50.91
204,Rampur,Uttar Pradesh,2009,2.5,8.47,12.53,7.66,31.16,36.98
204,Rampur,Uttar Pradesh,2010,0.69,19.18,13.25,17.76,50.88000000000001,54.18
204,Rampur,Uttar Pradesh,2011,9.76,13.15,13.85,8.79,45.55,50.339999999999996
204,Rampur,Uttar Pradesh,2012,0.95,8.92,12.27,6.94,29.080000000000002,31.86
204,Rampur,Uttar Pradesh,2013,14.73,17.38,12.28,4.22,48.61,57.42
204,Rampur,Uttar Pradesh,2014,1.7,10.06,4.91,3.82,20.490000000000002,28.61
204,Rampur,Uttar Pradesh,2015,9.14,10.42,8.91,3.47,31.94,40.38
204,Rampur,Uttar Pradesh,2016,3.94,15.06,6.9,3.76,29.659999999999997,34.3
204,Rampur,Uttar Pradesh,2017,3.46,12.03,7.84,8.09,31.419999999999998,35.35
204,Rampur,Uttar Pradesh,2018,3.45,12.45,16.58,5.43,37.91,40.769999999999996
204,Rampur,Uttar Pradesh,2019,3.59,10.35,8.47,4.51,26.92,34.85
205,Bijnor,Uttar Pradesh,1990,2.6,9.51,9.09,10.71,31.91,38.67
205,Bijnor,Uttar Pradesh,1991,4.48,4.13,14.55,5.18,28.34,31.54
205,Bijnor,Uttar Pradesh,1992,0.89,5.02,7.89,3.69,17.49,20.25
205,Bijnor,Uttar Pradesh,1993,5.05,10.38,8.65,7.6,31.68,36.01
205,Bijnor,Uttar Pradesh,1994,3.33,13.29,13.46,1.0,31.08,34.95
205,Bijnor,Uttar Pradesh,1995,2.13,6.17,12.91,6.06,27.27,31.61
205,Bijnor,Uttar Pradesh,1996,6.13,7.43,14.16,6.57,34.29,41.0
205,Bijnor,Uttar Pradesh,1997,5.23,8.76,7.49,2.41,23.89,33.46
205,Bijnor,Uttar Pradesh,1998,3.36,10.43,12.3,5.36,31.45,40.81
205,Bijnor,Uttar Pradesh,1999,3.55,6.96,3.3,5.7,19.509999999999998,22.03
205,Bijnor,Uttar Pradesh,2000,5.14,7.96,7.41,2.67,23.18,27.009999999999998
205,Bijnor,Uttar Pradesh,2001,7.43,12.52,7.48,1.83,29.259999999999998,34.25
205,Bijnor,Uttar Pradesh,2002,2.48,1.95,8.95,6.96,20.34,28.02
205,Bijnor,Uttar Pradesh,2003,3.31,13.97,10.35,7.74,35.370000000000005,40.45
205,Bijnor,Uttar Pradesh,2004,5.99,9.21,10.15,1.28,26.630000000000003,33.760000000000005
205,Bijnor,Uttar Pradesh,2005,2.81,11.6,6.89,10.09,31.39,36.339999999999996
205,Bijnor,Uttar Pradesh,2006,3.85,11.73,6.47,3.68,25.73,32.02
205,Bijnor,Uttar Pradesh,2007,3.96,14.02,12.44,5.24,35.660000000000004,42.769999999999996
205,Bijnor,Uttar Pradesh,2008,8.82,13.41,12.01,6.49,40.730000000000004,45.63
205,Bijnor,Uttar Pradesh,2009,2.17,7.84,9.24,6.84,26.09,32.1
205,Bijnor,Uttar Pradesh,2010,1.85,16.85,15.52,15.92,50.14,53.84
205,Bijnor,Uttar Pradesh,2011,7.95,12.77,12.75,8.44,41.91,46.93
205,Bijnor,Uttar Pradesh,2012,1.18,9.07,15.24,6.73,32.22,35.26
205,Bijnor,Uttar Pradesh,2013,15.66,15.06,13.45,4.37,48.54,57.5
205,Bijnor,Uttar Pradesh,2014,1.92,7.94,8.88,3.33,22.07,31.330000000000002
205,Bijnor,Uttar Pradesh,2015,5.47,11.11,10.12,2.34,29.039999999999996,37.37
205,Bijnor,Uttar Pradesh,2016,2.6,13.38,5.38,2.16,23.52,27.27
205,Bijnor,Uttar Pradesh,2017,4.42,6.86,6.22,6.94,24.44,28.65
205,Bijnor,Uttar Pradesh,2018,3.48,10.15,10.88,4.99,29.5,31.990000000000002
205,Bijnor,Uttar Pradesh,2019,1.67,8.71,7.31,3.54,21.23,28.44
206,Farrukhabad,Uttar Pradesh,1990,2.15,9.59,4.42,5.25,21.41,26.13
206,Farrukhabad,Uttar Pradesh,1991,1.03,2.33,12.27,3.68,19.31,20.97
206,Farrukhabad,Uttar Pradesh,1992,0.43,3.95,6.53,3.72,14.63,17.78
206,Farrukhabad,Uttar Pradesh,1993,3.89,3.95,2.8,7.07,17.71,19.47
206,Farrukhabad,Uttar Pradesh,1994,2.92,10.86,8.28,0.68,22.74,24.98
206,Farrukhabad,Uttar Pradesh,1995,3.56,3.89,10.09,4.19,21.73,23.67
206,Farrukhabad,Uttar Pradesh,1996,3.73,7.04,9.21,5.06,25.04,29.97
206,Farrukhabad,Uttar Pradesh,1997,2.9,4.15,4.32,2.14,13.510000000000002,18.93
206,Farrukhabad,Uttar Pradesh,1998,2.24,7.21,6.71,3.49,19.65,24.7
206,Farrukhabad,Uttar Pradesh,1999,0.57,7.24,5.0,5.39,18.2,19.669999999999998
206,Farrukhabad,Uttar Pradesh,2000,4.5,5.61,8.02,0.9,19.029999999999998,21.8
206,Farrukhabad,Uttar Pradesh,2001,3.71,8.78,3.1,0.74,16.33,18.95
206,Farrukhabad,Uttar Pradesh,2002,1.19,0.84,7.05,6.46,15.54,20.32
206,Farrukhabad,Uttar Pradesh,2003,1.79,7.26,7.29,7.87,24.21,27.21
206,Farrukhabad,Uttar Pradesh,2004,3.93,5.95,6.4,2.69,18.970000000000002,23.150000000000002
206,Farrukhabad,Uttar Pradesh,2005,2.32,8.51,2.68,7.44,20.95,23.38
206,Farrukhabad,Uttar Pradesh,2006,3.86,8.62,2.68,2.16,17.32,19.89
206,Farrukhabad,Uttar Pradesh,2007,3.73,7.91,5.14,3.48,20.26,24.55
206,Farrukhabad,Uttar Pradesh,2008,5.94,11.5,8.25,6.65,32.34,34.13
206,Farrukhabad,Uttar Pradesh,2009,1.37,4.86,7.1,6.0,19.33,24.56
206,Farrukhabad,Uttar Pradesh,2010,0.68,8.73,6.48,9.17,25.060000000000002,27.54
206,Farrukhabad,Uttar Pradesh,2011,6.56,6.52,9.3,4.78,27.16,29.28
206,Farrukhabad,Uttar Pradesh,2012,0.43,7.16,9.49,4.38,21.459999999999997,23.36
206,Farrukhabad,Uttar Pradesh,2013,7.98,9.55,9.85,3.41,30.790000000000003,37.410000000000004
206,Farrukhabad,Uttar Pradesh,2014,0.75,5.08,3.89,2.9,12.620000000000001,17.65
206,Farrukhabad,Uttar Pradesh,2015,4.37,6.26,5.71,2.83,19.17,25.28
206,Farrukhabad,Uttar Pradesh,2016,2.28,12.7,6.41,2.4,23.79,26.04
206,Farrukhabad,Uttar Pradesh,2017,2.62,6.31,5.94,3.87,18.740000000000002,20.74
206,Farrukhabad,Uttar Pradesh,2018,1.64,13.37,10.25,3.37,28.63,30.259999999999998
206,Farrukhabad,Uttar Pradesh,2019,0.94,9.43,6.67,4.21,21.25,24.89
207,Etawah,Uttar Pradesh,1990,1.92,9.44,3.93,7.61,22.9,26.4
207,Etawah,Uttar Pradesh,1991,0.53,3.97,12.36,2.63,19.49,20.65
207,Etawah,Uttar Pradesh,1992,0.32,5.05,7.37,5.09,17.83,21.06
207,Etawah,Uttar Pradesh,1993,2.31,3.64,2.91,9.98,18.84,20.42
207,Etawah,Uttar Pradesh,1994,3.62,9.91,7.05,0.93,21.51,23.12
207,Etawah,Uttar Pradesh,1995,3.11,5.67,10.27,6.64,25.689999999999998,27.13
207,Etawah,Uttar Pradesh,1996,2.89,9.37,7.96,5.06,25.279999999999998,30.459999999999997
207,Etawah,Uttar Pradesh,1997,1.74,4.06,5.65,3.93,15.379999999999999,22.26
207,Etawah,Uttar Pradesh,1998,2.3,8.71,6.6,4.17,21.78,24.42
207,Etawah,Uttar Pradesh,1999,0.72,7.2,5.69,5.63,19.24,20.68
207,Etawah,Uttar Pradesh,2000,1.96,5.3,5.74,1.05,14.05,15.4
207,Etawah,Uttar Pradesh,2001,4.54,7.46,5.68,0.55,18.23,21.8
207,Etawah,Uttar Pradesh,2002,1.49,1.31,5.97,5.9,14.67,17.93
207,Etawah,Uttar Pradesh,2003,1.29,5.0,5.94,6.98,19.21,22.220000000000002
207,Etawah,Uttar Pradesh,2004,2.81,4.81,6.62,3.21,17.45,20.44
207,Etawah,Uttar Pradesh,2005,2.24,9.2,2.0,4.33,17.77,19.919999999999998
207,Etawah,Uttar Pradesh,2006,5.04,6.65,2.87,1.53,16.090000000000003,18.29
207,Etawah,Uttar Pradesh,2007,2.95,5.16,4.54,2.39,15.04,18.45
207,Etawah,Uttar Pradesh,2008,6.7,10.31,8.53,5.79,31.33,32.79
207,Etawah,Uttar Pradesh,2009,0.7,3.78,4.42,6.6,15.499999999999998,21.57
207,Etawah,Uttar Pradesh,2010,1.83,5.04,6.52,7.24,20.630000000000003,23.44
207,Etawah,Uttar Pradesh,2011,5.32,7.38,7.29,3.62,23.61,24.7
207,Etawah,Uttar Pradesh,2012,0.72,6.58,9.06,3.9,20.259999999999998,21.85
207,Etawah,Uttar Pradesh,2013,6.05,6.7,9.24,2.24,24.230000000000004,30.41
207,Etawah,Uttar Pradesh,2014,0.72,5.76,4.3,3.88,14.66,20.15
207,Etawah,Uttar Pradesh,2015,2.25,6.21,3.52,3.15,15.13,21.11
207,Etawah,Uttar Pradesh,2016,2.07,10.11,7.13,1.14,20.45,22.919999999999998
207,Etawah,Uttar Pradesh,2017,2.1,5.54,5.98,1.96,15.580000000000002,17.3
207,Etawah,Uttar Pradesh,2018,2.19,12.32,9.48,3.93,27.92,29.3
207,Etawah,Uttar Pradesh,2019,1.82,7.85,8.63,6.36,24.66,27.62
209,Fatehpur,Uttar Pradesh,1990,3.35,13.3,4.67,6.02,27.34,30.02
209,Fatehpur,Uttar Pradesh,1991,2.53,3.53,14.45,6.57,27.08,28.32
209,Fatehpur,Uttar Pradesh,1992,0.74,5.49,7.27,5.86,19.36,22.03
209,Fatehpur,Uttar Pradesh,1993,3.29,3.17,2.48,8.57,17.509999999999998,19.68
209,Fatehpur,Uttar Pradesh,1994,2.94,10.43,7.81,1.72,22.9,25.11
209,Fatehpur,Uttar Pradesh,1995,3.07,4.48,7.72,4.83,20.1,22.12
209,Fatehpur,Uttar Pradesh,1996,3.89,5.87,8.49,4.31,22.56,28.73
209,Fatehpur,Uttar Pradesh,1997,2.12,7.01,4.63,6.58,20.339999999999996,26.51
209,Fatehpur,Uttar Pradesh,1998,2.09,9.17,9.63,3.62,24.51,26.61
209,Fatehpur,Uttar Pradesh,1999,1.95,8.21,4.85,6.27,21.28,23.51
209,Fatehpur,Uttar Pradesh,2000,3.87,4.92,9.12,2.82,20.729999999999997,22.66
209,Fatehpur,Uttar Pradesh,2001,4.73,9.02,5.86,1.5,21.11,26.34
209,Fatehpur,Uttar Pradesh,2002,1.89,3.67,6.66,7.39,19.61,23.97
209,Fatehpur,Uttar Pradesh,2003,1.95,4.87,7.11,12.1,26.03,29.49
209,Fatehpur,Uttar Pradesh,2004,7.05,4.56,4.97,4.65,21.229999999999997,23.87
209,Fatehpur,Uttar Pradesh,2005,3.13,10.57,4.79,4.85,23.339999999999996,26.39
209,Fatehpur,Uttar Pradesh,2006,3.72,10.06,3.42,1.37,18.570000000000004,21.84
209,Fatehpur,Uttar Pradesh,2007,2.32,6.38,7.31,3.71,19.72,24.39
209,Fatehpur,Uttar Pradesh,2008,8.29,13.1,10.54,5.71,37.64,39.93
209,Fatehpur,Uttar Pradesh,2009,1.07,5.18,5.3,7.73,19.28,24.62
209,Fatehpur,Uttar Pradesh,2010,0.8,6.3,5.32,4.17,16.59,19.28
209,Fatehpur,Uttar Pradesh,2011,6.67,7.0,9.04,4.65,27.36,28.3
209,Fatehpur,Uttar Pradesh,2012,0.35,8.02,8.18,6.89,23.439999999999998,25.299999999999997
209,Fatehpur,Uttar Pradesh,2013,7.95,7.05,7.09,2.13,24.22,32.01
209,Fatehpur,Uttar Pradesh,2014,0.92,5.72,2.55,4.16,13.35,19.16
209,Fatehpur,Uttar Pradesh,2015,2.13,4.81,3.16,1.76,11.86,17.57
209,Fatehpur,Uttar Pradesh,2016,2.85,12.66,8.6,2.81,26.919999999999998,29.74
209,Fatehpur,Uttar Pradesh,2017,2.23,10.17,6.63,2.26,21.29,22.599999999999998
209,Fatehpur,Uttar Pradesh,2018,2.21,12.56,10.88,4.93,30.58,31.8
209,Fatehpur,Uttar Pradesh,2019,1.44,10.63,7.95,10.22,30.240000000000002,33.65
210,Allahabad,Uttar Pradesh,1990,4.86,12.96,6.28,6.11,30.21,32.6
210,Allahabad,Uttar Pradesh,1991,3.54,4.87,12.76,5.95,27.12,27.95
210,Allahabad,Uttar Pradesh,1992,0.37,6.7,9.39,7.08,23.54,26.04
210,Allahabad,Uttar Pradesh,1993,3.08,2.12,2.99,9.08,17.270000000000003,19.240000000000002
210,Allahabad,Uttar Pradesh,1994,3.33,10.35,8.87,2.59,25.139999999999997,27.31
210,Allahabad,Uttar Pradesh,1995,2.19,4.55,8.18,4.49,19.41,22.34
210,Allahabad,Uttar Pradesh,1996,5.88,5.97,9.02,4.08,24.949999999999996,30.15
210,Allahabad,Uttar Pradesh,1997,2.8,8.02,4.93,7.2,22.95,28.43
210,Allahabad,Uttar Pradesh,1998,1.74,7.46,11.92,4.53,25.65,27.1
210,Allahabad,Uttar Pradesh,1999,3.33,10.55,5.55,4.72,24.15,26.65
210,Allahabad,Uttar Pradesh,2000,2.94,4.04,6.04,4.08,17.1,18.23
210,Allahabad,Uttar Pradesh,2001,4.85,11.34,6.29,2.3,24.779999999999998,29.48
210,Allahabad,Uttar Pradesh,2002,1.68,3.52,9.16,6.69,21.05,26.2
210,Allahabad,Uttar Pradesh,2003,1.79,4.86,6.66,13.54,26.85,29.509999999999998
210,Allahabad,Uttar Pradesh,2004,6.52,4.2,5.42,4.05,20.19,22.32
210,Allahabad,Uttar Pradesh,2005,3.42,11.22,7.24,3.79,25.67,29.0
210,Allahabad,Uttar Pradesh,2006,1.65,9.45,2.88,1.21,15.190000000000001,18.33
210,Allahabad,Uttar Pradesh,2007,1.65,5.65,8.22,4.78,20.3,24.740000000000002
210,Allahabad,Uttar Pradesh,2008,9.81,11.68,9.84,3.03,34.36,36.35
210,Allahabad,Uttar Pradesh,2009,1.06,5.65,2.47,5.92,15.100000000000001,19.91
210,Allahabad,Uttar Pradesh,2010,0.43,6.38,4.59,3.32,14.719999999999999,17.16
210,Allahabad,Uttar Pradesh,2011,8.57,7.69,9.0,7.73,32.99,34.14
210,Allahabad,Uttar Pradesh,2012,0.46,12.13,8.68,11.09,32.36,34.19
210,Allahabad,Uttar Pradesh,2013,10.5,7.95,8.75,2.08,29.28,39.32
210,Allahabad,Uttar Pradesh,2014,1.18,6.71,4.35,3.96,16.2,23.669999999999998
210,Allahabad,Uttar Pradesh,2015,3.26,7.09,5.42,1.0,16.77,22.24
210,Allahabad,Uttar Pradesh,2016,1.61,11.89,11.44,7.69,32.629999999999995,34.8
210,Allahabad,Uttar Pradesh,2017,1.98,15.02,4.95,2.64,24.59,25.46
210,Allahabad,Uttar Pradesh,2018,2.57,8.74,8.66,4.69,24.66,25.87
210,Allahabad,Uttar Pradesh,2019,0.98,9.53,7.62,14.67,32.8,36.37
211,Jhansi,Uttar Pradesh,1990,2.42,8.89,6.12,9.87,27.299999999999997,29.98
211,Jhansi,Uttar Pradesh,1991,0.5,6.99,9.64,0.9,18.03,18.880000000000003
211,Jhansi,Uttar Pradesh,1992,0.14,5.06,9.51,4.84,19.549999999999997,22.68
211,Jhansi,Uttar Pradesh,1993,1.89,3.95,3.41,10.46,19.71,20.900000000000002
211,Jhansi,Uttar Pradesh,1994,4.06,8.96,7.66,1.73,22.41,23.57
211,Jhansi,Uttar Pradesh,1995,2.19,8.08,11.61,8.06,29.939999999999998,31.75
211,Jhansi,Uttar Pradesh,1996,2.46,12.69,9.29,5.13,29.569999999999997,33.64
211,Jhansi,Uttar Pradesh,1997,1.96,3.96,10.25,4.09,20.26,27.8
211,Jhansi,Uttar Pradesh,1998,2.54,8.39,6.29,4.39,21.61,22.97
211,Jhansi,Uttar Pradesh,1999,1.32,8.59,5.72,6.04,21.669999999999998,23.16
211,Jhansi,Uttar Pradesh,2000,0.55,4.68,3.2,1.0,9.43,10.03
211,Jhansi,Uttar Pradesh,2001,5.83,9.81,7.23,0.51,23.380000000000003,27.0
211,Jhansi,Uttar Pradesh,2002,1.62,0.82,9.2,3.96,15.599999999999998,17.849999999999998
211,Jhansi,Uttar Pradesh,2003,1.3,5.24,6.61,6.83,19.98,22.580000000000002
211,Jhansi,Uttar Pradesh,2004,1.41,5.85,9.28,2.09,18.63,21.24
211,Jhansi,Uttar Pradesh,2005,2.84,11.29,1.86,3.8,19.79,21.58
211,Jhansi,Uttar Pradesh,2006,4.14,6.5,5.16,2.42,18.22,20.44
211,Jhansi,Uttar Pradesh,2007,2.91,6.02,5.57,3.21,17.71,20.46
211,Jhansi,Uttar Pradesh,2008,9.3,8.17,7.86,5.01,30.339999999999996,31.490000000000002
211,Jhansi,Uttar Pradesh,2009,1.43,3.61,3.67,5.15,13.860000000000001,19.17
211,Jhansi,Uttar Pradesh,2010,2.96,6.4,7.74,6.93,24.03,27.52
211,Jhansi,Uttar Pradesh,2011,9.72,11.94,7.51,5.07,34.24,35.18
211,Jhansi,Uttar Pradesh,2012,1.0,8.76,9.51,4.13,23.4,24.54
211,Jhansi,Uttar Pradesh,2013,6.99,9.95,12.41,1.2,30.549999999999997,36.93
211,Jhansi,Uttar Pradesh,2014,1.06,7.56,7.5,4.41,20.529999999999998,26.61
211,Jhansi,Uttar Pradesh,2015,3.38,9.38,6.31,3.43,22.5,28.59
211,Jhansi,Uttar Pradesh,2016,2.76,11.14,9.55,0.58,24.03,26.64
211,Jhansi,Uttar Pradesh,2017,2.95,5.09,4.48,3.75,16.27,17.7
211,Jhansi,Uttar Pradesh,2018,2.39,11.21,9.39,5.93,28.92,29.720000000000002
211,Jhansi,Uttar Pradesh,2019,2.38,7.86,7.42,6.85,24.509999999999998,26.97
212,Lalitpur,Uttar Pradesh,1990,6.59,9.26,11.15,12.26,39.26,41.81
212,Lalitpur,Uttar Pradesh,1991,2.6,11.11,11.13,0.58,25.419999999999998,26.05
212,Lalitpur,Uttar Pradesh,1992,0.57,5.26,13.97,4.1,23.9,26.42
212,Lalitpur,Uttar Pradesh,1993,2.72,6.57,5.97,12.63,27.89,29.21
212,Lalitpur,Uttar Pradesh,1994,6.1,12.01,10.77,3.24,32.12,33.62
212,Lalitpur,Uttar Pradesh,1995,1.71,10.23,12.0,8.18,32.120000000000005,35.34
212,Lalitpur,Uttar Pradesh,1996,1.85,16.12,14.14,4.07,36.18,39.64
212,Lalitpur,Uttar Pradesh,1997,2.81,7.38,14.06,4.26,28.509999999999998,36.56
212,Lalitpur,Uttar Pradesh,1998,3.81,8.28,7.99,4.53,24.61,26.25
212,Lalitpur,Uttar Pradesh,1999,2.66,12.11,5.9,7.47,28.14,30.03
212,Lalitpur,Uttar Pradesh,2000,1.45,6.41,4.25,1.79,13.899999999999999,14.790000000000001
212,Lalitpur,Uttar Pradesh,2001,6.99,12.71,7.73,0.79,28.220000000000002,32.0
212,Lalitpur,Uttar Pradesh,2002,2.14,1.31,15.85,2.95,22.25,24.15
212,Lalitpur,Uttar Pradesh,2003,3.33,7.91,8.76,9.72,29.72,32.18
212,Lalitpur,Uttar Pradesh,2004,2.19,8.42,12.81,1.69,25.110000000000003,27.76
212,Lalitpur,Uttar Pradesh,2005,3.74,17.66,3.05,5.47,29.919999999999998,31.42
212,Lalitpur,Uttar Pradesh,2006,2.53,10.99,12.77,4.12,30.41,34.0
212,Lalitpur,Uttar Pradesh,2007,3.3,10.31,9.04,5.17,27.82,30.77
212,Lalitpur,Uttar Pradesh,2008,12.03,8.18,7.53,5.06,32.800000000000004,34.15
212,Lalitpur,Uttar Pradesh,2009,3.44,6.48,5.52,4.5,19.939999999999998,25.55
212,Lalitpur,Uttar Pradesh,2010,3.45,10.07,8.0,4.93,26.45,30.66
212,Lalitpur,Uttar Pradesh,2011,17.15,16.75,10.34,6.67,50.91,51.559999999999995
212,Lalitpur,Uttar Pradesh,2012,1.32,12.02,10.38,3.55,27.27,28.11
212,Lalitpur,Uttar Pradesh,2013,10.09,17.08,16.68,1.12,44.96999999999999,51.059999999999995
212,Lalitpur,Uttar Pradesh,2014,1.53,9.23,10.18,4.92,25.86,31.65
212,Lalitpur,Uttar Pradesh,2015,4.66,12.23,10.49,1.65,29.03,34.28
212,Lalitpur,Uttar Pradesh,2016,3.75,17.83,13.71,1.35,36.64,39.65
212,Lalitpur,Uttar Pradesh,2017,4.59,8.44,3.49,4.78,21.3,22.27
212,Lalitpur,Uttar Pradesh,2018,2.64,16.12,8.44,6.44,33.64,34.230000000000004
212,Lalitpur,Uttar Pradesh,2019,2.67,9.81,14.98,11.46,38.92,41.59
213,Jalaun,Uttar Pradesh,1990,2.16,9.43,4.73,8.66,24.98,28.080000000000002
213,Jalaun,Uttar Pradesh,1991,0.65,4.81,12.11,2.14,19.71,20.74
213,Jalaun,Uttar Pradesh,1992,0.27,5.38,8.26,5.49,19.4,22.6
213,Jalaun,Uttar Pradesh,1993,2.21,3.61,3.09,10.48,19.39,20.9
213,Jalaun,Uttar Pradesh,1994,3.86,9.39,7.81,1.2,22.259999999999998,23.77
213,Jalaun,Uttar Pradesh,1995,2.84,6.7,10.55,7.25,27.34,28.900000000000002
213,Jalaun,Uttar Pradesh,1996,3.01,10.54,8.21,5.17,26.93,32.03
213,Jalaun,Uttar Pradesh,1997,1.76,4.4,7.18,4.53,17.87,25.29
213,Jalaun,Uttar Pradesh,1998,2.29,8.84,6.91,4.5,22.54,24.58
213,Jalaun,Uttar Pradesh,1999,0.92,8.03,5.74,5.99,20.68,22.23
213,Jalaun,Uttar Pradesh,2000,1.41,5.39,5.21,1.06,13.07,14.16
213,Jalaun,Uttar Pradesh,2001,5.41,8.85,6.75,0.49,21.499999999999996,25.49
213,Jalaun,Uttar Pradesh,2002,1.73,1.44,6.98,5.75,15.9,18.96
213,Jalaun,Uttar Pradesh,2003,1.15,4.92,6.68,7.75,20.5,23.69
213,Jalaun,Uttar Pradesh,2004,2.77,5.03,7.25,3.06,18.11,20.91
213,Jalaun,Uttar Pradesh,2005,2.53,10.32,2.41,4.21,19.47,21.75
213,Jalaun,Uttar Pradesh,2006,4.92,6.58,3.34,1.61,16.45,18.73
213,Jalaun,Uttar Pradesh,2007,2.87,5.12,4.65,2.58,15.22,18.560000000000002
213,Jalaun,Uttar Pradesh,2008,7.63,9.98,8.89,5.56,32.06,33.49
213,Jalaun,Uttar Pradesh,2009,0.68,3.75,3.91,6.7,15.04,21.3
213,Jalaun,Uttar Pradesh,2010,2.24,5.16,7.25,7.59,22.240000000000002,25.18
213,Jalaun,Uttar Pradesh,2011,5.92,8.71,7.01,3.83,25.47,26.41
213,Jalaun,Uttar Pradesh,2012,0.9,6.84,9.09,3.95,20.779999999999998,22.26
213,Jalaun,Uttar Pradesh,2013,6.18,6.97,9.66,1.8,24.61,30.849999999999998
213,Jalaun,Uttar Pradesh,2014,0.72,6.37,4.55,4.47,16.11,22.15
213,Jalaun,Uttar Pradesh,2015,2.44,6.99,3.78,3.49,16.7,22.85
213,Jalaun,Uttar Pradesh,2016,2.17,10.17,8.59,1.09,22.02,24.79
213,Jalaun,Uttar Pradesh,2017,2.06,5.27,5.13,2.23,14.690000000000001,16.29
213,Jalaun,Uttar Pradesh,2018,2.27,12.65,9.58,4.55,29.05,30.34
213,Jalaun,Uttar Pradesh,2019,2.24,8.12,8.99,6.79,26.14,29.15
214,Hamirpur,Uttar Pradesh,1990,2.8,11.23,4.61,7.16,25.8,28.73
214,Hamirpur,Uttar Pradesh,1991,1.62,3.65,13.82,4.66,23.75,24.900000000000002
214,Hamirpur,Uttar Pradesh,1992,0.61,5.36,7.6,5.6,19.17,21.919999999999998
214,Hamirpur,Uttar Pradesh,1993,2.87,3.43,2.58,9.66,18.54,20.5
214,Hamirpur,Uttar Pradesh,1994,3.16,9.85,7.83,1.39,22.23,24.2
214,Hamirpur,Uttar Pradesh,1995,3.14,5.18,8.43,5.63,22.38,24.099999999999998
214,Hamirpur,Uttar Pradesh,1996,3.18,7.23,8.11,4.56,23.08,28.82
214,Hamirpur,Uttar Pradesh,1997,1.79,5.99,5.84,5.5,19.12,25.79
214,Hamirpur,Uttar Pradesh,1998,2.12,8.93,7.97,3.84,22.86,25.12
214,Hamirpur,Uttar Pradesh,1999,1.19,7.65,4.93,6.34,20.11,21.89
214,Hamirpur,Uttar Pradesh,2000,3.07,5.26,8.21,1.79,18.33,20.07
214,Hamirpur,Uttar Pradesh,2001,4.88,8.86,5.94,0.82,20.5,25.32
214,Hamirpur,Uttar Pradesh,2002,1.9,2.86,6.47,6.99,18.22,21.88
214,Hamirpur,Uttar Pradesh,2003,1.73,4.83,7.27,10.48,24.310000000000002,27.96
214,Hamirpur,Uttar Pradesh,2004,5.51,4.75,5.77,4.15,20.18,23.04
214,Hamirpur,Uttar Pradesh,2005,2.79,10.76,3.39,4.99,21.93,24.46
214,Hamirpur,Uttar Pradesh,2006,4.4,8.99,3.45,1.46,18.3,21.21
214,Hamirpur,Uttar Pradesh,2007,2.66,5.89,5.81,2.86,17.22,21.41
214,Hamirpur,Uttar Pradesh,2008,7.19,11.8,9.65,6.08,34.72,36.72
214,Hamirpur,Uttar Pradesh,2009,0.92,4.36,5.27,7.49,18.04,24.21
214,Hamirpur,Uttar Pradesh,2010,1.28,5.43,6.09,5.23,18.03,20.73
214,Hamirpur,Uttar Pradesh,2011,5.67,6.78,7.44,2.92,22.810000000000002,23.5
214,Hamirpur,Uttar Pradesh,2012,0.51,5.35,7.24,3.73,16.83,18.39
214,Hamirpur,Uttar Pradesh,2013,5.83,6.85,7.25,2.18,22.11,28.11
214,Hamirpur,Uttar Pradesh,2014,0.77,4.92,2.46,4.38,12.529999999999998,17.64
214,Hamirpur,Uttar Pradesh,2015,1.89,4.99,2.58,2.53,11.99,17.53
214,Hamirpur,Uttar Pradesh,2016,2.33,11.56,8.4,1.75,24.04,26.93
214,Hamirpur,Uttar Pradesh,2017,1.59,7.13,4.96,1.73,15.41,16.86
214,Hamirpur,Uttar Pradesh,2018,1.87,12.76,9.07,4.16,27.86,29.07
214,Hamirpur,Uttar Pradesh,2019,1.89,9.1,8.53,7.79,27.31,30.509999999999998
215,Banda,Uttar Pradesh,1990,4.61,12.24,6.37,6.78,30.000000000000004,32.45
215,Banda,Uttar Pradesh,1991,3.24,4.87,13.04,5.18,26.33,27.189999999999998
215,Banda,Uttar Pradesh,1992,0.44,6.69,9.6,7.18,23.91,26.2
215,Banda,Uttar Pradesh,1993,3.01,2.68,3.04,10.95,19.68,21.63
215,Banda,Uttar Pradesh,1994,3.34,10.14,9.59,2.49,25.560000000000002,27.72
215,Banda,Uttar Pradesh,1995,2.37,5.19,8.06,4.46,20.080000000000002,22.630000000000003
215,Banda,Uttar Pradesh,1996,5.13,6.06,8.62,4.07,23.88,29.029999999999998
215,Banda,Uttar Pradesh,1997,2.35,8.28,6.42,6.83,23.879999999999995,30.07
215,Banda,Uttar Pradesh,1998,1.65,7.65,10.68,4.55,24.53,26.13
215,Banda,Uttar Pradesh,1999,2.47,10.08,5.41,5.0,22.96,25.09
215,Banda,Uttar Pradesh,2000,3.05,4.71,6.72,3.04,17.52,18.82
215,Banda,Uttar Pradesh,2001,5.26,12.42,6.17,1.64,25.490000000000002,30.529999999999998
215,Banda,Uttar Pradesh,2002,1.95,3.6,9.28,7.3,22.13,26.83
215,Banda,Uttar Pradesh,2003,2.01,4.97,7.94,14.44,29.36,32.68
215,Banda,Uttar Pradesh,2004,6.84,4.72,6.25,4.39,22.2,24.57
215,Banda,Uttar Pradesh,2005,3.43,13.74,6.39,4.63,28.19,31.16
215,Banda,Uttar Pradesh,2006,2.32,10.3,3.33,1.25,17.200000000000003,20.3
215,Banda,Uttar Pradesh,2007,2.11,5.72,7.31,3.84,18.98,23.34
215,Banda,Uttar Pradesh,2008,8.43,11.0,9.36,3.76,32.55,34.55
215,Banda,Uttar Pradesh,2009,1.17,5.14,3.07,6.27,15.649999999999999,21.81
215,Banda,Uttar Pradesh,2010,0.71,6.41,5.28,4.06,16.46,18.89
215,Banda,Uttar Pradesh,2011,7.98,7.63,8.09,5.56,29.259999999999998,30.3
215,Banda,Uttar Pradesh,2012,0.53,9.66,9.32,8.03,27.54,29.13
215,Banda,Uttar Pradesh,2013,8.79,8.21,9.25,2.31,28.56,37.2
215,Banda,Uttar Pradesh,2014,1.15,5.74,3.29,4.33,14.51,21.31
215,Banda,Uttar Pradesh,2015,2.76,5.12,5.11,2.08,15.07,21.95
215,Banda,Uttar Pradesh,2016,2.19,15.78,12.03,4.33,34.33,36.82
215,Banda,Uttar Pradesh,2017,2.08,10.48,5.23,2.31,20.099999999999998,21.05
215,Banda,Uttar Pradesh,2018,2.14,11.75,9.0,4.91,27.8,29.29
215,Banda,Uttar Pradesh,2019,1.27,9.87,9.27,10.79,31.199999999999996,34.8
216,Varanasi,Uttar Pradesh,1990,6.54,16.71,5.64,4.29,33.18,35.61
216,Varanasi,Uttar Pradesh,1991,4.01,5.2,10.01,7.22,26.439999999999998,27.28
216,Varanasi,Uttar Pradesh,1992,1.69,6.25,8.74,3.59,20.27,23.1
216,Varanasi,Uttar Pradesh,1993,3.53,3.35,7.08,8.64,22.6,24.990000000000002
216,Varanasi,Uttar Pradesh,1994,3.21,8.67,9.24,4.59,25.709999999999997,28.89
216,Varanasi,Uttar Pradesh,1995,2.0,4.0,8.33,6.18,20.509999999999998,24.4
216,Varanasi,Uttar Pradesh,1996,5.96,5.76,11.15,4.69,27.56,32.910000000000004
216,Varanasi,Uttar Pradesh,1997,3.38,10.18,5.76,6.86,26.18,30.94
216,Varanasi,Uttar Pradesh,1998,1.68,9.9,14.22,4.82,30.62,33.95
216,Varanasi,Uttar Pradesh,1999,3.75,9.19,6.23,3.53,22.700000000000003,26.61
216,Varanasi,Uttar Pradesh,2000,5.45,5.96,6.66,7.59,25.66,27.02
216,Varanasi,Uttar Pradesh,2001,4.02,8.85,5.67,4.2,22.74,27.32
216,Varanasi,Uttar Pradesh,2002,2.79,3.97,7.84,5.2,19.8,24.35
216,Varanasi,Uttar Pradesh,2003,3.1,5.08,4.63,5.52,18.33,21.12
216,Varanasi,Uttar Pradesh,2004,5.27,4.01,4.66,1.49,15.43,17.86
216,Varanasi,Uttar Pradesh,2005,1.92,7.59,7.33,2.97,19.81,23.2
216,Varanasi,Uttar Pradesh,2006,3.96,7.99,4.74,3.06,19.749999999999996,22.66
216,Varanasi,Uttar Pradesh,2007,2.23,6.61,6.79,5.84,21.47,26.84
216,Varanasi,Uttar Pradesh,2008,10.64,13.22,8.84,3.0,35.7,37.69
216,Varanasi,Uttar Pradesh,2009,0.66,6.27,3.95,4.44,15.32,17.92
216,Varanasi,Uttar Pradesh,2010,0.67,6.99,6.63,4.21,18.5,21.51
216,Varanasi,Uttar Pradesh,2011,7.28,6.17,8.03,7.98,29.459999999999997,31.19
216,Varanasi,Uttar Pradesh,2012,0.91,11.27,5.18,6.68,24.04,26.83
216,Varanasi,Uttar Pradesh,2013,7.97,4.63,5.04,2.98,20.62,28.67
216,Varanasi,Uttar Pradesh,2014,1.59,8.55,7.83,3.71,21.68,28.91
216,Varanasi,Uttar Pradesh,2015,3.41,8.13,5.77,0.92,18.230000000000004,23.21
216,Varanasi,Uttar Pradesh,2016,1.61,11.65,9.97,8.29,31.52,33.85
216,Varanasi,Uttar Pradesh,2017,1.79,14.6,5.05,2.38,23.82,24.84
216,Varanasi,Uttar Pradesh,2018,2.51,8.06,8.14,4.8,23.51,24.85
216,Varanasi,Uttar Pradesh,2019,1.12,9.4,6.69,14.18,31.39,34.730000000000004
218,Jaunpur,Uttar Pradesh,1990,4.48,15.21,5.44,4.83,29.96,32.31
218,Jaunpur,Uttar Pradesh,1991,3.49,5.14,11.95,7.77,28.349999999999998,29.31
218,Jaunpur,Uttar Pradesh,1992,1.01,5.78,7.78,4.79,19.36,22.310000000000002
218,Jaunpur,Uttar Pradesh,1993,3.52,2.75,5.0,7.4,18.67,20.78
218,Jaunpur,Uttar Pradesh,1994,3.34,9.99,7.84,3.41,24.580000000000002,26.87
218,Jaunpur,Uttar Pradesh,1995,2.45,3.89,8.3,4.71,19.35,22.41
218,Jaunpur,Uttar Pradesh,1996,5.33,5.69,10.42,4.34,25.779999999999998,31.98
218,Jaunpur,Uttar Pradesh,1997,2.9,7.44,3.79,7.36,21.49,26.47
218,Jaunpur,Uttar Pradesh,1998,1.73,10.26,14.12,3.71,29.82,32.19
218,Jaunpur,Uttar Pradesh,1999,3.44,9.06,5.74,4.56,22.8,26.02
218,Jaunpur,Uttar Pradesh,2000,4.5,4.97,7.72,5.61,22.799999999999997,24.19
218,Jaunpur,Uttar Pradesh,2001,4.2,9.24,6.39,3.23,23.060000000000002,27.7
218,Jaunpur,Uttar Pradesh,2002,2.16,3.61,7.3,6.07,19.14,23.8
218,Jaunpur,Uttar Pradesh,2003,2.22,4.81,5.19,9.09,21.31,23.49
218,Jaunpur,Uttar Pradesh,2004,6.21,4.38,4.59,2.75,17.93,20.3
218,Jaunpur,Uttar Pradesh,2005,2.72,8.98,7.49,3.37,22.560000000000002,26.580000000000002
218,Jaunpur,Uttar Pradesh,2006,3.06,8.63,3.62,1.96,17.270000000000003,20.53
218,Jaunpur,Uttar Pradesh,2007,1.86,6.36,8.44,5.71,22.37,27.330000000000002
218,Jaunpur,Uttar Pradesh,2008,10.83,13.98,10.22,3.87,38.9,40.96
218,Jaunpur,Uttar Pradesh,2009,0.87,6.83,4.09,5.61,17.4,20.9
218,Jaunpur,Uttar Pradesh,2010,0.68,7.6,5.89,4.44,18.61,21.3
218,Jaunpur,Uttar Pradesh,2011,7.59,7.72,9.57,7.76,32.64,34.26
218,Jaunpur,Uttar Pradesh,2012,0.48,12.08,6.95,10.39,29.900000000000002,32.24
218,Jaunpur,Uttar Pradesh,2013,11.15,6.35,6.83,2.3,26.63,35.910000000000004
218,Jaunpur,Uttar Pradesh,2014,1.69,7.83,6.24,3.89,19.65,26.86
218,Jaunpur,Uttar Pradesh,2015,3.12,6.48,5.0,0.88,15.480000000000002,21.17
218,Jaunpur,Uttar Pradesh,2016,2.32,11.83,9.78,6.15,30.08,32.73
218,Jaunpur,Uttar Pradesh,2017,2.57,14.14,7.52,3.04,27.27,28.52
218,Jaunpur,Uttar Pradesh,2018,2.83,10.63,11.48,4.94,29.880000000000003,31.23
218,Jaunpur,Uttar Pradesh,2019,1.26,11.76,7.15,13.26,33.43,36.95
219,Ghazipur,Uttar Pradesh,1990,7.79,17.92,4.61,3.74,34.06,36.400000000000006
219,Ghazipur,Uttar Pradesh,1991,4.28,4.18,8.7,6.66,23.82,24.84
219,Ghazipur,Uttar Pradesh,1992,2.83,6.27,8.74,2.12,19.96,22.7
219,Ghazipur,Uttar Pradesh,1993,3.95,4.61,8.54,9.92,27.020000000000003,29.93
219,Ghazipur,Uttar Pradesh,1994,3.14,7.11,10.65,5.32,26.22,30.540000000000003
219,Ghazipur,Uttar Pradesh,1995,2.72,6.28,8.02,7.86,24.88,29.29
219,Ghazipur,Uttar Pradesh,1996,6.21,6.52,11.05,4.94,28.720000000000002,33.1
219,Ghazipur,Uttar Pradesh,1997,3.71,14.77,7.81,5.46,31.75,36.56
219,Ghazipur,Uttar Pradesh,1998,2.05,9.87,12.04,6.31,30.269999999999996,34.76
219,Ghazipur,Uttar Pradesh,1999,3.82,9.19,6.47,2.87,22.35,27.29
219,Ghazipur,Uttar Pradesh,2000,7.57,7.18,6.89,7.99,29.630000000000003,31.68
219,Ghazipur,Uttar Pradesh,2001,6.63,7.65,5.8,5.49,25.57,31.22
219,Ghazipur,Uttar Pradesh,2002,2.92,5.76,7.45,4.16,20.29,26.17
219,Ghazipur,Uttar Pradesh,2003,5.03,7.17,5.33,4.53,22.060000000000002,26.650000000000002
219,Ghazipur,Uttar Pradesh,2004,6.53,5.47,5.91,1.81,19.72,22.67
219,Ghazipur,Uttar Pradesh,2005,1.96,8.91,6.91,2.98,20.76,24.63
219,Ghazipur,Uttar Pradesh,2006,6.23,9.65,6.35,4.73,26.96,29.78
219,Ghazipur,Uttar Pradesh,2007,2.75,11.06,8.01,7.8,29.62,35.58
219,Ghazipur,Uttar Pradesh,2008,12.79,13.12,10.59,3.98,40.48,43.72
219,Ghazipur,Uttar Pradesh,2009,1.52,6.49,6.06,4.62,18.69,21.74
219,Ghazipur,Uttar Pradesh,2010,1.41,7.66,6.96,4.42,20.450000000000003,24.25
219,Ghazipur,Uttar Pradesh,2011,8.42,5.28,7.88,8.21,29.79,32.38
219,Ghazipur,Uttar Pradesh,2012,1.71,10.72,7.45,6.59,26.47,29.53
219,Ghazipur,Uttar Pradesh,2013,6.46,3.78,5.34,5.59,21.17,30.45
219,Ghazipur,Uttar Pradesh,2014,2.37,7.74,9.5,5.51,25.119999999999997,32.57
219,Ghazipur,Uttar Pradesh,2015,3.87,10.46,6.9,1.26,22.490000000000006,26.76
219,Ghazipur,Uttar Pradesh,2016,1.57,11.77,6.77,9.26,29.369999999999997,32.57
219,Ghazipur,Uttar Pradesh,2017,1.66,11.93,6.07,1.76,21.42,22.86
219,Ghazipur,Uttar Pradesh,2018,2.36,7.0,7.47,4.49,21.32,23.44
219,Ghazipur,Uttar Pradesh,2019,1.47,9.04,5.11,10.9,26.520000000000003,29.43
220,Ballia,Uttar Pradesh,1990,7.6,17.87,4.39,4.01,33.87,36.22
220,Ballia,Uttar Pradesh,1991,4.51,3.55,8.24,6.51,22.809999999999995,23.919999999999998
220,Ballia,Uttar Pradesh,1992,3.22,6.42,8.25,1.94,19.830000000000002,22.669999999999998
220,Ballia,Uttar Pradesh,1993,4.86,4.27,8.44,9.91,27.48,30.349999999999998
220,Ballia,Uttar Pradesh,1994,3.19,6.81,9.33,6.06,25.389999999999997,29.04
220,Ballia,Uttar Pradesh,1995,3.27,9.57,8.71,6.74,28.29,32.52
220,Ballia,Uttar Pradesh,1996,6.4,8.0,10.61,5.78,30.79,34.51
220,Ballia,Uttar Pradesh,1997,2.8,17.12,8.42,4.57,32.910000000000004,37.61
220,Ballia,Uttar Pradesh,1998,1.94,9.85,10.29,7.38,29.459999999999997,34.1
220,Ballia,Uttar Pradesh,1999,4.26,8.38,6.0,2.91,21.55,26.650000000000002
220,Ballia,Uttar Pradesh,2000,10.22,6.55,7.73,7.3,31.8,34.71
220,Ballia,Uttar Pradesh,2001,9.22,6.3,6.33,7.75,29.6,35.83
220,Ballia,Uttar Pradesh,2002,3.04,7.01,6.12,3.37,19.540000000000003,27.02
220,Ballia,Uttar Pradesh,2003,7.92,7.78,5.3,4.57,25.57,31.03
220,Ballia,Uttar Pradesh,2004,6.99,7.96,7.68,2.15,24.779999999999998,29.21
220,Ballia,Uttar Pradesh,2005,2.17,11.84,7.56,2.53,24.1,29.36
220,Ballia,Uttar Pradesh,2006,6.26,11.07,7.37,6.69,31.39,34.61
220,Ballia,Uttar Pradesh,2007,4.01,16.18,9.69,10.31,40.19,46.82
220,Ballia,Uttar Pradesh,2008,15.96,14.99,13.79,6.61,51.35,56.38
220,Ballia,Uttar Pradesh,2009,2.77,6.87,9.59,3.66,22.89,26.86
220,Ballia,Uttar Pradesh,2010,2.09,8.49,8.11,4.97,23.659999999999997,28.529999999999998
220,Ballia,Uttar Pradesh,2011,9.65,5.12,7.84,8.86,31.47,35.52
220,Ballia,Uttar Pradesh,2012,1.65,11.63,8.08,8.38,29.740000000000002,32.34
220,Ballia,Uttar Pradesh,2013,6.08,3.74,6.45,8.04,24.31,35.29
220,Ballia,Uttar Pradesh,2014,3.86,7.11,11.29,7.95,30.209999999999997,37.19
220,Ballia,Uttar Pradesh,2015,3.74,10.1,8.85,1.98,24.669999999999998,28.4
220,Ballia,Uttar Pradesh,2016,1.64,9.17,3.91,7.96,22.68,26.99
220,Ballia,Uttar Pradesh,2017,2.22,10.35,9.21,2.01,23.79,26.060000000000002
220,Ballia,Uttar Pradesh,2018,2.28,6.66,6.15,3.43,18.52,21.51
220,Ballia,Uttar Pradesh,2019,1.94,11.63,3.65,9.55,26.77,29.860000000000003
221,Gorakhpur,Uttar Pradesh,1990,5.38,18.57,5.12,4.75,33.82,36.24
221,Gorakhpur,Uttar Pradesh,1991,2.8,6.7,8.61,8.62,26.729999999999997,27.79
221,Gorakhpur,Uttar Pradesh,1992,2.18,6.29,8.07,3.39,19.93,23.21
221,Gorakhpur,Uttar Pradesh,1993,4.21,3.99,9.68,6.89,24.77,26.919999999999998
221,Gorakhpur,Uttar Pradesh,1994,2.99,8.49,6.91,6.45,24.84,27.45
221,Gorakhpur,Uttar Pradesh,1995,3.26,5.31,8.89,5.15,22.61,26.07
221,Gorakhpur,Uttar Pradesh,1996,5.69,5.11,13.36,3.61,27.77,34.58
221,Gorakhpur,Uttar Pradesh,1997,2.89,6.73,4.73,7.13,21.48,26.03
221,Gorakhpur,Uttar Pradesh,1998,0.95,14.62,17.25,2.95,35.77,40.05
221,Gorakhpur,Uttar Pradesh,1999,3.33,6.53,6.41,2.46,18.73,23.39
221,Gorakhpur,Uttar Pradesh,2000,7.26,7.81,10.09,6.97,32.13,33.769999999999996
221,Gorakhpur,Uttar Pradesh,2001,4.73,7.73,7.31,6.37,26.14,31.76
221,Gorakhpur,Uttar Pradesh,2002,2.83,4.2,4.26,4.98,16.27,20.57
221,Gorakhpur,Uttar Pradesh,2003,3.48,6.22,3.88,5.02,18.599999999999998,20.73
221,Gorakhpur,Uttar Pradesh,2004,7.46,7.48,5.18,1.65,21.77,25.36
221,Gorakhpur,Uttar Pradesh,2005,2.44,11.38,9.66,3.05,26.53,33.28
221,Gorakhpur,Uttar Pradesh,2006,6.61,9.62,5.7,3.51,25.439999999999998,29.759999999999998
221,Gorakhpur,Uttar Pradesh,2007,2.39,10.06,11.87,8.84,33.16,39.56
221,Gorakhpur,Uttar Pradesh,2008,13.63,17.78,12.29,5.7,49.400000000000006,52.35
221,Gorakhpur,Uttar Pradesh,2009,1.53,11.2,7.59,4.38,24.7,29.59
221,Gorakhpur,Uttar Pradesh,2010,2.3,11.86,9.29,8.45,31.9,34.69
221,Gorakhpur,Uttar Pradesh,2011,6.35,9.9,10.24,5.95,32.440000000000005,35.95
221,Gorakhpur,Uttar Pradesh,2012,1.01,10.66,6.65,12.39,30.71,33.28
221,Gorakhpur,Uttar Pradesh,2013,16.29,6.09,7.41,4.94,34.73,44.68
221,Gorakhpur,Uttar Pradesh,2014,4.68,6.57,8.69,5.86,25.799999999999997,33.55
221,Gorakhpur,Uttar Pradesh,2015,4.21,7.61,7.41,0.84,20.07,25.62
221,Gorakhpur,Uttar Pradesh,2016,2.54,12.64,6.74,8.21,30.130000000000003,34.36
221,Gorakhpur,Uttar Pradesh,2017,3.16,14.66,10.04,3.6,31.46,33.68
221,Gorakhpur,Uttar Pradesh,2018,4.24,10.96,11.25,4.05,30.500000000000004,33.13
221,Gorakhpur,Uttar Pradesh,2019,2.16,15.63,4.79,13.19,35.769999999999996,39.46
222,Deoria,Uttar Pradesh,1990,5.86,19.72,5.0,4.42,35.0,37.22
222,Deoria,Uttar Pradesh,1991,3.15,6.09,7.51,7.87,24.62,25.77
222,Deoria,Uttar Pradesh,1992,2.82,6.25,7.82,2.93,19.82,23.05
222,Deoria,Uttar Pradesh,1993,4.39,4.4,9.27,7.01,25.07,27.419999999999998
222,Deoria,Uttar Pradesh,1994,3.04,7.58,6.89,7.03,24.540000000000003,27.31
222,Deoria,Uttar Pradesh,1995,3.61,6.89,9.04,5.4,24.939999999999998,28.65
222,Deoria,Uttar Pradesh,1996,5.93,5.87,12.97,3.82,28.590000000000003,34.54
222,Deoria,Uttar Pradesh,1997,2.91,9.1,5.9,6.07,23.98,28.31
222,Deoria,Uttar Pradesh,1998,1.16,13.43,15.21,4.05,33.85,38.410000000000004
222,Deoria,Uttar Pradesh,1999,3.86,6.2,6.31,2.07,18.44,23.349999999999998
222,Deoria,Uttar Pradesh,2000,8.49,7.96,9.5,7.29,33.24,35.25
222,Deoria,Uttar Pradesh,2001,5.82,7.0,7.31,7.49,27.619999999999997,33.48
222,Deoria,Uttar Pradesh,2002,2.98,5.03,3.88,4.2,16.09,21.25
222,Deoria,Uttar Pradesh,2003,4.85,6.97,3.95,4.14,19.91,22.95
222,Deoria,Uttar Pradesh,2004,7.72,8.83,6.15,1.93,24.630000000000003,29.29
222,Deoria,Uttar Pradesh,2005,2.59,12.29,9.69,2.82,27.39,34.87
222,Deoria,Uttar Pradesh,2006,7.45,10.36,6.6,4.91,29.319999999999997,33.88
222,Deoria,Uttar Pradesh,2007,3.2,12.55,12.16,9.95,37.86,44.81
222,Deoria,Uttar Pradesh,2008,15.1,17.99,13.33,6.48,52.89999999999999,56.94
222,Deoria,Uttar Pradesh,2009,2.25,11.29,9.14,3.79,26.47,31.5
222,Deoria,Uttar Pradesh,2010,2.8,11.65,9.84,8.46,32.75,36.19
222,Deoria,Uttar Pradesh,2011,7.04,9.42,10.06,6.39,32.910000000000004,37.21
222,Deoria,Uttar Pradesh,2012,1.42,10.96,6.86,12.12,31.36,33.95
222,Deoria,Uttar Pradesh,2013,14.54,5.88,7.97,6.48,34.87,45.57
222,Deoria,Uttar Pradesh,2014,5.52,6.7,10.04,6.76,29.019999999999996,36.85
222,Deoria,Uttar Pradesh,2015,4.56,8.46,8.79,1.53,23.34,28.56
222,Deoria,Uttar Pradesh,2016,2.63,11.64,5.18,8.88,28.33,32.93
222,Deoria,Uttar Pradesh,2017,3.31,13.53,10.98,3.41,31.23,33.74
222,Deoria,Uttar Pradesh,2018,4.63,9.45,9.0,3.79,26.869999999999997,30.2
222,Deoria,Uttar Pradesh,2019,2.38,15.73,3.95,12.19,34.25,38.08
223,Basti,Uttar Pradesh,1990,4.48,16.72,5.26,5.38,31.84,35.019999999999996
223,Basti,Uttar Pradesh,1991,2.3,4.99,11.57,8.12,26.979999999999997,28.599999999999998
223,Basti,Uttar Pradesh,1992,2.25,6.11,7.33,4.58,20.27,23.55
223,Basti,Uttar Pradesh,1993,4.58,4.31,5.71,6.5,21.1,23.63
223,Basti,Uttar Pradesh,1994,3.19,9.64,6.39,4.19,23.41,25.69
223,Basti,Uttar Pradesh,1995,3.83,4.17,8.09,3.84,19.93,22.43
223,Basti,Uttar Pradesh,1996,4.09,5.37,10.33,3.34,23.13,30.009999999999998
223,Basti,Uttar Pradesh,1997,2.12,5.85,3.66,5.84,17.47,22.44
223,Basti,Uttar Pradesh,1998,1.7,12.88,12.98,2.71,30.270000000000003,34.1
223,Basti,Uttar Pradesh,1999,2.33,5.57,5.32,4.12,17.34,21.14
223,Basti,Uttar Pradesh,2000,6.21,6.71,12.46,4.81,30.19,32.54
223,Basti,Uttar Pradesh,2001,4.84,7.01,6.58,4.24,22.67,27.92
223,Basti,Uttar Pradesh,2002,2.47,4.32,3.65,5.92,16.36,20.2
223,Basti,Uttar Pradesh,2003,2.71,5.98,5.26,7.02,20.97,23.63
223,Basti,Uttar Pradesh,2004,8.45,8.15,4.6,3.8,25.000000000000004,28.86
223,Basti,Uttar Pradesh,2005,3.0,12.58,7.85,4.25,27.68,34.11
223,Basti,Uttar Pradesh,2006,7.2,11.07,5.81,3.16,27.24,32.38
223,Basti,Uttar Pradesh,2007,2.92,11.13,10.89,7.5,32.44,39.49
223,Basti,Uttar Pradesh,2008,12.99,18.16,12.93,6.87,50.949999999999996,54.33
223,Basti,Uttar Pradesh,2009,1.68,9.43,9.0,6.74,26.85,32.52
223,Basti,Uttar Pradesh,2010,2.03,11.41,8.75,8.74,30.93,34.11
223,Basti,Uttar Pradesh,2011,7.43,10.81,12.64,5.9,36.78,39.910000000000004
223,Basti,Uttar Pradesh,2012,0.77,11.71,9.95,11.91,34.34,37.18
223,Basti,Uttar Pradesh,2013,15.94,8.09,8.54,3.86,36.43,45.9
223,Basti,Uttar Pradesh,2014,3.83,8.26,8.18,5.42,25.689999999999998,33.15
223,Basti,Uttar Pradesh,2015,4.41,7.31,7.37,0.69,19.78,26.24
223,Basti,Uttar Pradesh,2016,3.34,16.3,6.35,5.33,31.32,36.87
223,Basti,Uttar Pradesh,2017,3.57,14.41,11.55,4.69,34.22,37.99
223,Basti,Uttar Pradesh,2018,3.25,16.31,19.14,3.79,42.49,45.12
223,Basti,Uttar Pradesh,2019,3.23,19.23,6.42,11.01,39.89,44.410000000000004
224,Azamgarh,Uttar Pradesh,1990,5.82,17.67,5.24,4.42,33.150000000000006,35.4
224,Azamgarh,Uttar Pradesh,1991,3.57,6.02,9.25,8.15,26.990000000000002,27.88
224,Azamgarh,Uttar Pradesh,1992,1.99,5.99,8.18,3.3,19.46,22.53
224,Azamgarh,Uttar Pradesh,1993,3.83,3.55,8.73,7.63,23.74,25.97
224,Azamgarh,Uttar Pradesh,1994,3.09,8.48,8.02,5.56,25.15,28.009999999999998
224,Azamgarh,Uttar Pradesh,1995,2.48,4.6,8.65,5.59,21.32,24.97
224,Azamgarh,Uttar Pradesh,1996,5.81,5.47,12.45,4.42,28.15,34.32
224,Azamgarh,Uttar Pradesh,1997,3.13,8.47,5.09,7.3,23.990000000000002,28.65
224,Azamgarh,Uttar Pradesh,1998,1.25,12.57,16.17,3.75,33.74,37.49
224,Azamgarh,Uttar Pradesh,1999,3.63,7.86,6.24,3.06,20.79,25.080000000000002
224,Azamgarh,Uttar Pradesh,2000,6.59,6.84,8.33,7.4,29.159999999999997,30.6
224,Azamgarh,Uttar Pradesh,2001,4.38,8.44,6.49,5.22,24.53,29.689999999999998
224,Azamgarh,Uttar Pradesh,2002,2.92,4.05,6.5,5.16,18.63,23.12
224,Azamgarh,Uttar Pradesh,2003,3.33,5.4,4.15,5.25,18.130000000000003,20.48
224,Azamgarh,Uttar Pradesh,2004,6.06,5.25,4.92,1.35,17.58,20.47
224,Azamgarh,Uttar Pradesh,2005,2.09,8.93,8.5,2.98,22.5,27.27
224,Azamgarh,Uttar Pradesh,2006,4.98,8.6,5.01,3.15,21.74,25.11
224,Azamgarh,Uttar Pradesh,2007,2.26,7.88,8.98,7.09,26.21,31.93
224,Azamgarh,Uttar Pradesh,2008,11.81,15.42,10.29,4.26,41.779999999999994,44.15
224,Azamgarh,Uttar Pradesh,2009,0.97,8.4,5.43,4.3,19.1,22.53
224,Azamgarh,Uttar Pradesh,2010,1.28,9.12,7.67,5.86,23.93,26.87
224,Azamgarh,Uttar Pradesh,2011,6.81,7.65,8.87,7.1,30.43,32.87
224,Azamgarh,Uttar Pradesh,2012,0.85,11.0,5.5,9.16,26.51,29.11
224,Azamgarh,Uttar Pradesh,2013,11.44,5.06,5.7,3.87,26.07,34.86
224,Azamgarh,Uttar Pradesh,2014,2.78,7.7,7.99,4.68,23.15,30.48
224,Azamgarh,Uttar Pradesh,2015,3.62,7.74,5.98,0.8,18.14,23.23
224,Azamgarh,Uttar Pradesh,2016,1.81,11.44,8.44,8.25,29.939999999999998,32.82
224,Azamgarh,Uttar Pradesh,2017,2.2,14.52,7.17,2.83,26.72,28.14
224,Azamgarh,Uttar Pradesh,2018,3.15,8.86,8.91,4.73,25.650000000000002,27.42
224,Azamgarh,Uttar Pradesh,2019,1.5,11.96,5.52,13.78,32.76,35.98
225,Lucknow,Uttar Pradesh,1990,2.92,14.77,3.73,5.47,26.889999999999997,30.58
225,Lucknow,Uttar Pradesh,1991,1.79,2.13,16.19,7.65,27.759999999999998,29.48
225,Lucknow,Uttar Pradesh,1992,1.52,5.12,6.03,5.11,17.78,20.71
225,Lucknow,Uttar Pradesh,1993,4.16,4.4,2.13,6.9,17.590000000000003,20.240000000000002
225,Lucknow,Uttar Pradesh,1994,2.62,11.03,6.95,1.22,21.819999999999997,24.2
225,Lucknow,Uttar Pradesh,1995,4.12,3.44,7.56,4.41,19.53,20.89
225,Lucknow,Uttar Pradesh,1996,2.59,5.66,8.45,4.64,21.34,28.5
225,Lucknow,Uttar Pradesh,1997,1.74,6.13,3.59,5.91,17.37,23.82
225,Lucknow,Uttar Pradesh,1998,2.54,11.07,8.19,2.62,24.419999999999998,28.16
225,Lucknow,Uttar Pradesh,1999,1.02,5.92,4.18,7.87,18.99,21.19
225,Lucknow,Uttar Pradesh,2000,5.59,5.92,13.43,2.33,27.269999999999996,30.24
225,Lucknow,Uttar Pradesh,2001,4.83,6.42,5.57,1.09,17.91,23.42
225,Lucknow,Uttar Pradesh,2002,2.24,4.05,4.5,8.13,18.92,22.48
225,Lucknow,Uttar Pradesh,2003,2.19,5.56,7.41,10.16,25.32,29.29
225,Lucknow,Uttar Pradesh,2004,8.07,5.91,4.23,5.34,23.55,27.18
225,Lucknow,Uttar Pradesh,2005,3.1,9.62,3.41,6.58,22.71,26.23
225,Lucknow,Uttar Pradesh,2006,6.34,11.4,4.44,2.05,24.230000000000004,28.07
225,Lucknow,Uttar Pradesh,2007,3.39,8.73,7.34,3.73,23.19,28.96
225,Lucknow,Uttar Pradesh,2008,8.12,16.86,12.16,9.14,46.28,49.22
225,Lucknow,Uttar Pradesh,2009,1.2,5.66,9.37,9.75,25.98,31.22
225,Lucknow,Uttar Pradesh,2010,1.09,8.88,6.21,6.9,23.08,26.43
225,Lucknow,Uttar Pradesh,2011,6.91,8.03,12.83,4.59,32.36,34.01
225,Lucknow,Uttar Pradesh,2012,0.28,9.0,11.39,7.13,27.8,30.44
225,Lucknow,Uttar Pradesh,2013,9.65,7.32,6.84,2.35,26.16,33.14
225,Lucknow,Uttar Pradesh,2014,1.07,7.97,3.12,4.17,16.33,21.72
225,Lucknow,Uttar Pradesh,2015,3.0,6.13,4.22,1.11,14.459999999999997,20.53
225,Lucknow,Uttar Pradesh,2016,3.41,11.97,6.54,2.77,24.69,28.26
225,Lucknow,Uttar Pradesh,2017,3.54,11.23,10.48,3.51,28.759999999999998,31.19
225,Lucknow,Uttar Pradesh,2018,2.45,14.55,16.53,4.48,38.010000000000005,39.5
225,Lucknow,Uttar Pradesh,2019,1.76,15.05,7.76,8.22,32.79,36.7
226,Unnao,Uttar Pradesh,1990,2.87,14.19,3.74,5.57,26.369999999999997,29.57
226,Unnao,Uttar Pradesh,1991,1.97,2.55,15.8,7.44,27.76,29.28
226,Unnao,Uttar Pradesh,1992,1.1,5.07,6.09,5.21,17.47,20.32
226,Unnao,Uttar Pradesh,1993,3.7,3.96,2.19,7.53,17.38,19.81
226,Unnao,Uttar Pradesh,1994,2.64,10.95,6.92,1.23,21.74,24.05
226,Unnao,Uttar Pradesh,1995,3.69,3.9,7.45,4.88,19.919999999999998,21.44
226,Unnao,Uttar Pradesh,1996,2.88,5.67,8.44,4.52,21.51,28.55
226,Unnao,Uttar Pradesh,1997,1.79,6.43,3.91,6.37,18.5,24.97
226,Unnao,Uttar Pradesh,1998,2.45,10.6,8.63,2.91,24.59,27.46
226,Unnao,Uttar Pradesh,1999,1.29,6.66,4.38,7.57,19.9,22.07
226,Unnao,Uttar Pradesh,2000,4.85,5.53,11.78,2.51,24.669999999999995,27.24
226,Unnao,Uttar Pradesh,2001,4.61,6.87,5.68,1.17,18.33,23.97
226,Unnao,Uttar Pradesh,2002,2.08,3.98,4.89,7.93,18.88,22.68
226,Unnao,Uttar Pradesh,2003,2.13,5.05,7.12,10.73,25.03,28.86
226,Unnao,Uttar Pradesh,2004,7.73,4.98,4.27,5.1,22.08,25.15
226,Unnao,Uttar Pradesh,2005,3.0,9.47,3.41,5.65,21.53,24.66
226,Unnao,Uttar Pradesh,2006,5.36,10.68,3.92,1.66,21.62,25.16
226,Unnao,Uttar Pradesh,2007,2.85,7.39,7.12,3.44,20.8,25.92
226,Unnao,Uttar Pradesh,2008,7.83,15.41,11.55,7.95,42.74000000000001,45.38
226,Unnao,Uttar Pradesh,2009,1.08,5.3,7.75,9.23,23.36,28.43
226,Unnao,Uttar Pradesh,2010,0.97,7.33,5.67,5.27,19.240000000000002,22.259999999999998
226,Unnao,Uttar Pradesh,2011,6.23,7.12,10.89,4.13,28.37,29.53
226,Unnao,Uttar Pradesh,2012,0.27,7.86,9.49,6.39,24.01,26.25
226,Unnao,Uttar Pradesh,2013,8.33,6.56,6.34,2.06,23.29,30.23
226,Unnao,Uttar Pradesh,2014,0.91,6.67,2.43,4.09,14.1,19.43
226,Unnao,Uttar Pradesh,2015,2.19,5.31,3.11,1.33,11.94,17.509999999999998
226,Unnao,Uttar Pradesh,2016,3.55,10.75,7.07,2.4,23.77,26.96
226,Unnao,Uttar Pradesh,2017,3.17,11.1,9.06,2.88,26.209999999999997,27.92
226,Unnao,Uttar Pradesh,2018,2.54,13.37,14.27,5.19,35.37,36.55
226,Unnao,Uttar Pradesh,2019,1.46,12.96,7.84,9.3,31.560000000000002,35.06
228,Sitapur,Uttar Pradesh,1990,3.21,15.06,4.56,5.68,28.509999999999998,32.76
228,Sitapur,Uttar Pradesh,1991,2.06,2.1,15.31,6.94,26.41,28.37
228,Sitapur,Uttar Pradesh,1992,2.39,5.24,6.57,5.07,19.270000000000003,22.26
228,Sitapur,Uttar Pradesh,1993,5.03,4.41,2.22,5.67,17.330000000000002,20.22
228,Sitapur,Uttar Pradesh,1994,2.74,10.08,7.77,1.65,22.24,24.7
228,Sitapur,Uttar Pradesh,1995,4.51,3.22,8.01,3.52,19.26,20.759999999999998
228,Sitapur,Uttar Pradesh,1996,2.92,5.8,8.13,4.82,21.67,28.21
228,Sitapur,Uttar Pradesh,1997,2.25,5.52,3.28,4.59,15.639999999999999,21.49
228,Sitapur,Uttar Pradesh,1998,2.22,10.12,7.9,2.47,22.71,27.52
228,Sitapur,Uttar Pradesh,1999,1.16,6.02,3.98,6.83,17.990000000000002,20.37
228,Sitapur,Uttar Pradesh,2000,6.35,6.01,14.03,2.17,28.560000000000002,31.89
228,Sitapur,Uttar Pradesh,2001,5.33,7.46,5.2,1.22,19.209999999999997,23.81
228,Sitapur,Uttar Pradesh,2002,2.31,3.51,5.18,7.49,18.490000000000002,22.44
228,Sitapur,Uttar Pradesh,2003,2.05,6.68,7.74,9.53,26.0,29.869999999999997
228,Sitapur,Uttar Pradesh,2004,7.77,7.68,4.83,5.02,25.3,29.849999999999998
228,Sitapur,Uttar Pradesh,2005,3.55,10.31,5.21,7.66,26.73,31.09
228,Sitapur,Uttar Pradesh,2006,6.82,11.96,4.97,2.56,26.31,30.790000000000003
228,Sitapur,Uttar Pradesh,2007,4.18,11.03,8.04,4.72,27.97,34.89
228,Sitapur,Uttar Pradesh,2008,9.33,17.16,11.93,9.23,47.650000000000006,50.94
228,Sitapur,Uttar Pradesh,2009,1.4,6.42,10.54,9.03,27.39,33.23
228,Sitapur,Uttar Pradesh,2010,1.14,10.95,7.27,9.33,28.689999999999998,32.36
228,Sitapur,Uttar Pradesh,2011,8.66,9.62,13.99,5.53,37.800000000000004,40.23
228,Sitapur,Uttar Pradesh,2012,0.41,9.87,11.96,7.84,30.080000000000002,33.08
228,Sitapur,Uttar Pradesh,2013,11.55,10.21,8.19,3.45,33.400000000000006,40.64
228,Sitapur,Uttar Pradesh,2014,1.44,9.59,4.67,4.49,20.189999999999998,25.88
228,Sitapur,Uttar Pradesh,2015,4.86,6.96,5.88,1.41,19.11,25.85
228,Sitapur,Uttar Pradesh,2016,2.95,15.29,6.15,3.22,27.61,31.69
228,Sitapur,Uttar Pradesh,2017,3.14,10.9,10.32,3.96,28.32,31.68
228,Sitapur,Uttar Pradesh,2018,2.03,16.52,16.92,3.29,38.76,40.910000000000004
228,Sitapur,Uttar Pradesh,2019,2.57,16.11,7.27,7.09,33.04,37.72
229,Hardoi,Uttar Pradesh,1990,2.68,13.0,4.22,5.6,25.5,29.89
229,Hardoi,Uttar Pradesh,1991,1.6,1.71,14.94,5.76,24.009999999999998,25.84
229,Hardoi,Uttar Pradesh,1992,1.16,4.42,6.56,4.27,16.41,19.66
229,Hardoi,Uttar Pradesh,1993,4.79,3.97,2.36,5.83,16.95,19.27
229,Hardoi,Uttar Pradesh,1994,2.68,10.69,9.03,0.94,23.34,25.79
229,Hardoi,Uttar Pradesh,1995,4.65,3.87,9.1,4.01,21.629999999999995,23.26
229,Hardoi,Uttar Pradesh,1996,3.36,6.81,9.33,5.59,25.09,31.25
229,Hardoi,Uttar Pradesh,1997,2.86,5.17,4.13,3.58,15.74,21.66
229,Hardoi,Uttar Pradesh,1998,2.16,9.19,7.74,2.75,21.84,27.36
229,Hardoi,Uttar Pradesh,1999,0.73,7.72,4.35,7.34,20.14,21.99
229,Hardoi,Uttar Pradesh,2000,5.91,6.3,12.1,1.36,25.67,29.04
229,Hardoi,Uttar Pradesh,2001,4.91,9.36,4.36,0.73,19.36,23.16
229,Hardoi,Uttar Pradesh,2002,1.84,2.16,7.12,7.75,18.87,23.42
229,Hardoi,Uttar Pradesh,2003,1.79,7.4,9.0,10.41,28.6,32.4
229,Hardoi,Uttar Pradesh,2004,6.37,7.19,5.66,3.88,23.099999999999998,27.52
229,Hardoi,Uttar Pradesh,2005,3.2,9.3,3.66,9.36,25.52,28.75
229,Hardoi,Uttar Pradesh,2006,5.17,10.93,3.85,2.59,22.540000000000003,26.05
229,Hardoi,Uttar Pradesh,2007,4.02,10.37,6.52,4.5,25.409999999999997,30.88
229,Hardoi,Uttar Pradesh,2008,7.81,15.3,10.81,9.16,43.08,45.43
229,Hardoi,Uttar Pradesh,2009,1.53,5.91,9.88,8.26,25.58,31.1
229,Hardoi,Uttar Pradesh,2010,0.75,10.92,7.39,10.49,29.549999999999997,32.54
229,Hardoi,Uttar Pradesh,2011,8.1,8.14,12.01,5.35,33.6,35.8
229,Hardoi,Uttar Pradesh,2012,0.43,7.84,10.2,5.82,24.29,26.669999999999998
229,Hardoi,Uttar Pradesh,2013,9.73,10.53,8.53,3.3,32.089999999999996,38.72
229,Hardoi,Uttar Pradesh,2014,0.93,7.21,3.16,3.94,15.24,20.32
229,Hardoi,Uttar Pradesh,2015,4.88,6.89,5.54,2.53,19.84,26.11
229,Hardoi,Uttar Pradesh,2016,2.4,13.34,6.34,2.83,24.909999999999997,27.47
229,Hardoi,Uttar Pradesh,2017,2.65,8.09,8.26,3.63,22.63,24.9
229,Hardoi,Uttar Pradesh,2018,1.67,15.14,12.22,3.11,32.14,33.71
229,Hardoi,Uttar Pradesh,2019,1.37,12.3,7.13,5.04,25.84,29.830000000000002
230,Kheri,Uttar Pradesh,1990,3.4,15.34,5.69,5.93,30.36,35.51
230,Kheri,Uttar Pradesh,1991,2.62,2.22,13.36,5.55,23.75,26.06
230,Kheri,Uttar Pradesh,1992,3.84,5.53,7.35,4.98,21.7,24.740000000000002
230,Kheri,Uttar Pradesh,1993,6.63,4.46,2.34,4.05,17.48,20.58
230,Kheri,Uttar Pradesh,1994,2.67,8.58,8.97,2.19,22.41,25.01
230,Kheri,Uttar Pradesh,1995,4.86,3.71,8.53,2.88,19.98,21.79
230,Kheri,Uttar Pradesh,1996,3.52,6.04,7.57,5.39,22.520000000000003,28.36
230,Kheri,Uttar Pradesh,1997,3.33,4.85,3.05,2.83,14.06,19.14
230,Kheri,Uttar Pradesh,1998,1.66,8.43,7.59,2.12,19.8,25.77
230,Kheri,Uttar Pradesh,1999,1.54,6.88,3.67,5.2,17.29,19.97
230,Kheri,Uttar Pradesh,2000,7.43,6.2,13.93,1.95,29.509999999999998,33.48
230,Kheri,Uttar Pradesh,2001,6.22,9.42,4.68,1.4,21.72,25.31
230,Kheri,Uttar Pradesh,2002,2.41,2.58,6.3,6.45,17.74,22.43
230,Kheri,Uttar Pradesh,2003,1.84,8.73,8.19,8.81,27.57,31.400000000000002
230,Kheri,Uttar Pradesh,2004,7.2,10.19,5.79,4.35,27.53,33.41
230,Kheri,Uttar Pradesh,2005,4.05,11.92,8.17,8.68,32.82,38.32
230,Kheri,Uttar Pradesh,2006,7.25,12.97,5.87,2.97,29.06,34.46
230,Kheri,Uttar Pradesh,2007,5.51,14.69,9.26,5.83,35.29,43.86
230,Kheri,Uttar Pradesh,2008,11.38,17.21,11.26,8.95,48.8,52.38
230,Kheri,Uttar Pradesh,2009,1.58,7.85,11.9,8.26,29.589999999999996,36.19
230,Kheri,Uttar Pradesh,2010,1.12,14.65,8.92,12.76,37.449999999999996,41.47
230,Kheri,Uttar Pradesh,2011,11.62,12.31,15.05,6.99,45.970000000000006,49.6
230,Kheri,Uttar Pradesh,2012,0.73,10.49,12.14,8.79,32.15,35.62
230,Kheri,Uttar Pradesh,2013,14.56,15.21,9.94,4.84,44.55,52.28
230,Kheri,Uttar Pradesh,2014,2.06,12.4,6.75,4.98,26.19,32.52
230,Kheri,Uttar Pradesh,2015,7.72,8.07,7.66,1.78,25.23,33.08
230,Kheri,Uttar Pradesh,2016,3.37,18.34,6.33,3.76,31.799999999999997,36.28
230,Kheri,Uttar Pradesh,2017,2.88,12.22,10.12,4.78,30.0,33.84
230,Kheri,Uttar Pradesh,2018,2.38,18.6,16.8,3.2,40.980000000000004,44.43
230,Kheri,Uttar Pradesh,2019,3.6,16.35,6.69,6.95,33.59,39.690000000000005
231,Faizabad,Uttar Pradesh,1990,3.42,15.71,4.35,5.29,28.770000000000003,32.32
231,Faizabad,Uttar Pradesh,1991,2.16,2.98,15.26,8.05,28.45,30.17
231,Faizabad,Uttar Pradesh,1992,1.9,5.53,6.39,5.21,19.03,22.03
231,Faizabad,Uttar Pradesh,1993,4.38,4.5,2.97,6.77,18.619999999999997,21.33
231,Faizabad,Uttar Pradesh,1994,2.9,10.77,6.81,2.07,22.55,24.95
231,Faizabad,Uttar Pradesh,1995,3.76,3.33,7.62,3.97,18.68,20.41
231,Faizabad,Uttar Pradesh,1996,3.03,5.52,8.79,4.23,21.569999999999997,28.74
231,Faizabad,Uttar Pradesh,1997,1.84,6.32,3.38,6.18,17.72,23.82
231,Faizabad,Uttar Pradesh,1998,2.41,11.69,9.7,2.62,26.419999999999998,29.98
231,Faizabad,Uttar Pradesh,1999,1.53,5.7,4.45,6.86,18.54,21.330000000000002
231,Faizabad,Uttar Pradesh,2000,5.88,6.02,13.62,3.21,28.729999999999997,31.56
231,Faizabad,Uttar Pradesh,2001,5.02,6.55,5.91,1.95,19.43,25.02
231,Faizabad,Uttar Pradesh,2002,2.39,4.43,4.26,7.59,18.67,22.34
231,Faizabad,Uttar Pradesh,2003,2.37,5.61,6.74,9.45,24.17,27.73
231,Faizabad,Uttar Pradesh,2004,8.56,6.53,4.24,5.11,24.439999999999998,28.07
231,Faizabad,Uttar Pradesh,2005,3.18,10.61,5.0,5.67,24.46,29.09
231,Faizabad,Uttar Pradesh,2006,6.68,11.62,5.07,2.31,25.679999999999996,30.009999999999998
231,Faizabad,Uttar Pradesh,2007,3.32,9.46,8.61,4.78,26.17,32.55
231,Faizabad,Uttar Pradesh,2008,9.76,17.66,12.6,8.42,48.440000000000005,51.64
231,Faizabad,Uttar Pradesh,2009,1.32,6.72,9.3,9.17,26.509999999999998,31.67
231,Faizabad,Uttar Pradesh,2010,1.32,9.96,6.71,7.26,25.25,28.69
231,Faizabad,Uttar Pradesh,2011,7.49,9.34,13.82,5.63,36.28,38.43
231,Faizabad,Uttar Pradesh,2012,0.37,11.18,12.24,9.42,33.21,36.089999999999996
231,Faizabad,Uttar Pradesh,2013,12.18,7.59,7.54,2.64,29.95,38.16
231,Faizabad,Uttar Pradesh,2014,1.74,9.01,4.86,4.5,20.11,26.53
231,Faizabad,Uttar Pradesh,2015,5.05,7.47,8.99,0.89,22.4,28.97
231,Faizabad,Uttar Pradesh,2016,3.7,16.19,5.83,6.74,32.46,38.36
231,Faizabad,Uttar Pradesh,2017,3.95,14.91,12.27,4.74,35.87,39.48
231,Faizabad,Uttar Pradesh,2018,4.35,15.72,16.28,3.77,40.120000000000005,43.38
231,Faizabad,Uttar Pradesh,2019,3.11,18.66,5.82,12.08,39.67,44.6
232,Gonda,Uttar Pradesh,1990,3.42,15.71,4.35,5.29,28.770000000000003,32.32
232,Gonda,Uttar Pradesh,1991,2.16,2.98,15.26,8.05,28.45,30.17
232,Gonda,Uttar Pradesh,1992,1.9,5.53,6.39,5.21,19.03,22.03
232,Gonda,Uttar Pradesh,1993,4.38,4.5,2.97,6.77,18.619999999999997,21.33
232,Gonda,Uttar Pradesh,1994,2.9,10.77,6.81,2.07,22.55,24.95
232,Gonda,Uttar Pradesh,1995,3.76,3.33,7.62,3.97,18.68,20.41
232,Gonda,Uttar Pradesh,1996,3.03,5.52,8.79,4.23,21.569999999999997,28.74
232,Gonda,Uttar Pradesh,1997,1.84,6.32,3.38,6.18,17.72,23.82
232,Gonda,Uttar Pradesh,1998,2.41,11.69,9.7,2.62,26.419999999999998,29.98
232,Gonda,Uttar Pradesh,1999,1.53,5.7,4.45,6.86,18.54,21.330000000000002
232,Gonda,Uttar Pradesh,2000,5.88,6.02,13.62,3.21,28.729999999999997,31.56
232,Gonda,Uttar Pradesh,2001,5.02,6.55,5.91,1.95,19.43,25.02
232,Gonda,Uttar Pradesh,2002,2.39,4.43,4.26,7.59,18.67,22.34
232,Gonda,Uttar Pradesh,2003,2.37,5.61,6.74,9.45,24.17,27.73
232,Gonda,Uttar Pradesh,2004,8.56,6.53,4.24,5.11,24.439999999999998,28.07
232,Gonda,Uttar Pradesh,2005,3.18,10.61,5.0,5.67,24.46,29.09
232,Gonda,Uttar Pradesh,2006,6.68,11.62,5.07,2.31,25.679999999999996,30.009999999999998
232,Gonda,Uttar Pradesh,2007,3.32,9.46,8.61,4.78,26.17,32.55
232,Gonda,Uttar Pradesh,2008,9.76,17.66,12.6,8.42,48.440000000000005,51.64
232,Gonda,Uttar Pradesh,2009,1.32,6.72,9.3,9.17,26.509999999999998,31.67
232,Gonda,Uttar Pradesh,2010,1.32,9.96,6.71,7.26,25.25,28.69
232,Gonda,Uttar Pradesh,2011,7.49,9.34,13.82,5.63,36.28,38.43
232,Gonda,Uttar Pradesh,2012,0.37,11.18,12.24,9.42,33.21,36.089999999999996
232,Gonda,Uttar Pradesh,2013,12.18,7.59,7.54,2.64,29.95,38.16
232,Gonda,Uttar Pradesh,2014,1.74,9.01,4.86,4.5,20.11,26.53
232,Gonda,Uttar Pradesh,2015,5.05,7.47,8.99,0.89,22.4,28.97
232,Gonda,Uttar Pradesh,2016,3.7,16.19,5.83,6.74,32.46,38.36
232,Gonda,Uttar Pradesh,2017,3.95,14.91,12.27,4.74,35.87,39.48
232,Gonda,Uttar Pradesh,2018,4.35,15.72,16.28,3.77,40.120000000000005,43.38
232,Gonda,Uttar Pradesh,2019,3.11,18.66,5.82,12.08,39.67,44.6
233,Bahraich,Uttar Pradesh,1990,4.09,15.86,5.7,5.69,31.34,35.42
233,Bahraich,Uttar Pradesh,1991,2.37,3.59,12.7,6.97,25.63,27.56
233,Bahraich,Uttar Pradesh,1992,3.52,5.84,7.07,5.25,21.68,24.73
233,Bahraich,Uttar Pradesh,1993,5.16,4.44,3.38,5.49,18.47,21.5
233,Bahraich,Uttar Pradesh,1994,3.16,9.22,6.43,3.08,21.89,24.2
233,Bahraich,Uttar Pradesh,1995,4.33,3.31,7.7,2.83,18.17,20.11
233,Bahraich,Uttar Pradesh,1996,3.2,5.37,7.8,3.45,19.82,26.22
233,Bahraich,Uttar Pradesh,1997,1.91,5.17,2.99,4.32,14.39,19.4
233,Bahraich,Uttar Pradesh,1998,1.96,10.54,9.18,2.44,24.12,28.33
233,Bahraich,Uttar Pradesh,1999,1.83,4.68,4.2,4.63,15.34,18.6
233,Bahraich,Uttar Pradesh,2000,6.43,5.96,13.94,3.49,29.82,32.83
233,Bahraich,Uttar Pradesh,2001,5.33,6.46,5.83,2.87,20.49,25.1
233,Bahraich,Uttar Pradesh,2002,2.54,4.1,3.64,5.97,16.25,19.98
233,Bahraich,Uttar Pradesh,2003,2.32,6.28,5.99,7.09,21.68,24.97
233,Bahraich,Uttar Pradesh,2004,8.42,9.16,4.66,4.8,27.04,31.9
233,Bahraich,Uttar Pradesh,2005,3.51,12.59,7.63,5.44,29.17,35.45
233,Bahraich,Uttar Pradesh,2006,8.18,12.06,6.06,3.0,29.3,35.05
233,Bahraich,Uttar Pradesh,2007,4.05,12.52,10.01,6.34,32.92,41.3
233,Bahraich,Uttar Pradesh,2008,12.53,18.19,12.6,7.86,51.18,55.14
233,Bahraich,Uttar Pradesh,2009,1.74,8.04,10.68,7.73,28.19,34.66
233,Bahraich,Uttar Pradesh,2010,1.93,11.33,8.47,9.33,31.060000000000002,34.97
233,Bahraich,Uttar Pradesh,2011,8.93,11.62,14.31,5.74,40.6,43.89
233,Bahraich,Uttar Pradesh,2012,0.71,11.91,12.0,10.53,35.15,38.48
233,Bahraich,Uttar Pradesh,2013,14.71,10.75,9.21,4.18,38.85,47.54
233,Bahraich,Uttar Pradesh,2014,3.05,10.72,8.16,5.26,27.189999999999998,34.03
233,Bahraich,Uttar Pradesh,2015,5.59,7.25,7.88,0.83,21.549999999999997,28.82
233,Bahraich,Uttar Pradesh,2016,3.5,18.77,5.87,4.14,32.28,38.45
233,Bahraich,Uttar Pradesh,2017,3.37,13.67,11.52,4.8,33.36,38.17
233,Bahraich,Uttar Pradesh,2018,2.62,18.6,20.78,3.08,45.08,48.32
233,Bahraich,Uttar Pradesh,2019,4.17,20.05,6.79,9.06,40.07,45.59
234,Sultanpur,Uttar Pradesh,1990,4.22,16.17,4.94,4.97,30.3,33.01
234,Sultanpur,Uttar Pradesh,1991,2.92,5.1,11.94,8.29,28.25,29.43
234,Sultanpur,Uttar Pradesh,1992,1.44,5.85,7.25,4.41,18.95,22.09
234,Sultanpur,Uttar Pradesh,1993,4.0,3.69,5.79,7.03,20.51,22.8
234,Sultanpur,Uttar Pradesh,1994,3.19,9.85,7.11,3.86,24.009999999999998,26.36
234,Sultanpur,Uttar Pradesh,1995,3.13,4.13,8.18,4.49,19.93,22.66
234,Sultanpur,Uttar Pradesh,1996,4.6,5.45,10.84,4.02,24.91,31.73
234,Sultanpur,Uttar Pradesh,1997,2.52,6.71,3.76,6.99,19.98,25.16
234,Sultanpur,Uttar Pradesh,1998,1.7,12.31,14.04,3.03,31.08,34.28
234,Sultanpur,Uttar Pradesh,1999,2.8,7.25,5.57,4.57,20.19,23.79
234,Sultanpur,Uttar Pradesh,2000,5.62,6.12,10.44,5.23,27.41,29.27
234,Sultanpur,Uttar Pradesh,2001,4.55,8.1,6.6,3.73,22.98,28.209999999999997
234,Sultanpur,Uttar Pradesh,2002,2.38,4.02,5.35,6.21,17.96,22.2
234,Sultanpur,Uttar Pradesh,2003,2.54,5.41,5.23,8.12,21.299999999999997,23.75
234,Sultanpur,Uttar Pradesh,2004,7.38,5.95,4.58,3.1,21.01,24.02
234,Sultanpur,Uttar Pradesh,2005,2.79,10.4,7.47,3.89,24.55,29.68
234,Sultanpur,Uttar Pradesh,2006,5.15,9.84,4.72,2.48,22.19,26.18
234,Sultanpur,Uttar Pradesh,2007,2.33,8.37,9.69,6.52,26.91,32.61
234,Sultanpur,Uttar Pradesh,2008,11.48,16.25,11.6,5.68,45.01,47.61
234,Sultanpur,Uttar Pradesh,2009,1.2,8.27,6.58,6.34,22.389999999999997,26.8
234,Sultanpur,Uttar Pradesh,2010,1.34,9.68,7.19,6.52,24.73,27.57
234,Sultanpur,Uttar Pradesh,2011,7.13,9.01,11.0,6.59,33.730000000000004,36.03
234,Sultanpur,Uttar Pradesh,2012,0.57,11.5,8.42,11.01,31.5,34.03
234,Sultanpur,Uttar Pradesh,2013,13.34,6.67,7.33,3.09,30.429999999999996,39.66
234,Sultanpur,Uttar Pradesh,2014,2.68,7.59,6.6,4.73,21.599999999999998,28.830000000000002
234,Sultanpur,Uttar Pradesh,2015,3.41,6.92,5.68,0.71,16.72,22.57
234,Sultanpur,Uttar Pradesh,2016,2.98,12.82,7.76,5.58,29.14,32.96
234,Sultanpur,Uttar Pradesh,2017,3.26,14.18,10.11,3.78,31.33,33.55
234,Sultanpur,Uttar Pradesh,2018,3.3,12.95,15.29,4.69,36.23,38.07
234,Sultanpur,Uttar Pradesh,2019,1.99,15.49,6.53,12.21,36.22,39.980000000000004
235,Pratapgarh,Uttar Pradesh,1990,3.73,14.23,4.94,5.42,28.32,30.82
235,Pratapgarh,Uttar Pradesh,1991,3.08,4.05,13.88,7.27,28.28,29.45
235,Pratapgarh,Uttar Pradesh,1992,0.73,5.6,7.37,5.78,19.48,22.27
235,Pratapgarh,Uttar Pradesh,1993,3.41,2.86,2.9,7.69,16.86,19.03
235,Pratapgarh,Uttar Pradesh,1994,3.09,10.6,7.79,2.14,23.62,25.85
235,Pratapgarh,Uttar Pradesh,1995,2.81,4.21,7.92,4.65,19.59,22.07
235,Pratapgarh,Uttar Pradesh,1996,4.66,5.81,9.07,4.29,23.83,30.01
235,Pratapgarh,Uttar Pradesh,1997,2.53,7.25,3.78,7.07,20.63,26.32
235,Pratapgarh,Uttar Pradesh,1998,2.04,9.27,11.37,3.69,26.37,28.33
235,Pratapgarh,Uttar Pradesh,1999,2.76,8.96,5.16,5.72,22.6,25.26
235,Pratapgarh,Uttar Pradesh,2000,3.93,4.57,8.41,3.84,20.75,22.490000000000002
235,Pratapgarh,Uttar Pradesh,2001,4.62,9.16,6.12,2.18,22.080000000000002,27.11
235,Pratapgarh,Uttar Pradesh,2002,1.8,3.74,7.13,6.93,19.6,24.38
235,Pratapgarh,Uttar Pradesh,2003,1.92,4.9,6.35,11.86,25.03,27.87
235,Pratapgarh,Uttar Pradesh,2004,6.99,4.38,4.7,4.21,20.28,22.67
235,Pratapgarh,Uttar Pradesh,2005,3.2,9.78,6.08,4.16,23.220000000000002,26.78
235,Pratapgarh,Uttar Pradesh,2006,3.04,9.7,3.27,1.42,17.43,20.779999999999998
235,Pratapgarh,Uttar Pradesh,2007,1.97,6.39,8.26,4.67,21.29,26.02
235,Pratapgarh,Uttar Pradesh,2008,9.72,13.47,10.79,4.76,38.74,40.99
235,Pratapgarh,Uttar Pradesh,2009,1.04,5.87,4.51,7.12,18.54,22.88
235,Pratapgarh,Uttar Pradesh,2010,0.62,6.98,4.97,4.01,16.58,19.27
235,Pratapgarh,Uttar Pradesh,2011,7.66,7.64,10.14,6.92,32.36,33.63
235,Pratapgarh,Uttar Pradesh,2012,0.36,11.21,8.89,10.19,30.65,32.75
235,Pratapgarh,Uttar Pradesh,2013,10.29,7.09,7.5,1.98,26.86,36.339999999999996
235,Pratapgarh,Uttar Pradesh,2014,1.14,6.99,3.88,3.93,15.940000000000001,22.77
235,Pratapgarh,Uttar Pradesh,2015,3.38,7.06,5.4,0.82,16.66,22.08
235,Pratapgarh,Uttar Pradesh,2016,1.94,11.5,9.43,7.34,30.209999999999997,32.9
235,Pratapgarh,Uttar Pradesh,2017,2.35,14.75,7.15,3.01,27.259999999999998,28.55
235,Pratapgarh,Uttar Pradesh,2018,3.04,9.64,9.8,4.78,27.26,28.790000000000003
235,Pratapgarh,Uttar Pradesh,2019,1.37,11.91,6.37,13.98,33.63,37.02
236,Barabanki,Uttar Pradesh,1990,3.76,15.86,4.8,5.38,29.799999999999997,33.22
236,Barabanki,Uttar Pradesh,1991,2.23,3.67,13.98,8.02,27.900000000000002,29.59
236,Barabanki,Uttar Pradesh,1992,2.04,5.69,6.71,5.03,19.470000000000002,22.57
236,Barabanki,Uttar Pradesh,1993,4.46,4.4,3.83,6.68,19.369999999999997,22.04
236,Barabanki,Uttar Pradesh,1994,3.01,10.4,6.67,2.76,22.839999999999996,25.19
236,Barabanki,Uttar Pradesh,1995,3.83,3.57,7.77,3.87,19.04,21.03
236,Barabanki,Uttar Pradesh,1996,3.37,5.5,9.23,3.92,22.020000000000003,29.05
236,Barabanki,Uttar Pradesh,1997,1.93,6.15,3.46,6.01,17.549999999999997,23.23
236,Barabanki,Uttar Pradesh,1998,2.18,12.0,10.74,2.69,27.610000000000003,31.240000000000002
236,Barabanki,Uttar Pradesh,1999,1.8,5.67,4.72,5.9,18.09,21.24
236,Barabanki,Uttar Pradesh,2000,5.94,6.19,13.29,3.72,29.14,31.79
236,Barabanki,Uttar Pradesh,2001,4.97,6.77,6.14,2.69,20.57,26.0
236,Barabanki,Uttar Pradesh,2002,2.4,4.39,4.08,7.01,17.88,21.63
236,Barabanki,Uttar Pradesh,2003,2.45,5.74,6.25,8.67,23.11,26.35
236,Barabanki,Uttar Pradesh,2004,8.5,7.11,4.38,4.68,24.669999999999998,28.39
236,Barabanki,Uttar Pradesh,2005,3.11,11.37,6.01,5.2,25.689999999999998,30.93
236,Barabanki,Uttar Pradesh,2006,6.83,11.44,5.33,2.6,26.200000000000003,30.83
236,Barabanki,Uttar Pradesh,2007,3.18,10.07,9.37,5.77,28.389999999999997,35.01
236,Barabanki,Uttar Pradesh,2008,10.89,17.76,12.68,7.84,49.17,52.440000000000005
236,Barabanki,Uttar Pradesh,2009,1.45,7.63,9.18,8.36,26.619999999999997,32.01
236,Barabanki,Uttar Pradesh,2010,1.54,10.36,7.42,7.72,27.04,30.39
236,Barabanki,Uttar Pradesh,2011,7.51,9.83,13.32,5.71,36.37,38.82
236,Barabanki,Uttar Pradesh,2012,0.5,11.3,11.33,10.19,33.32,36.12
236,Barabanki,Uttar Pradesh,2013,13.28,7.87,7.95,3.08,32.18,40.8
236,Barabanki,Uttar Pradesh,2014,2.44,8.7,6.05,4.83,22.019999999999996,28.759999999999998
236,Barabanki,Uttar Pradesh,2015,3.84,6.94,6.15,0.7,17.63,24.060000000000002
236,Barabanki,Uttar Pradesh,2016,3.51,14.82,6.62,4.2,29.15,34.15
236,Barabanki,Uttar Pradesh,2017,3.73,13.58,11.53,4.47,33.309999999999995,36.67
236,Barabanki,Uttar Pradesh,2018,2.96,15.96,19.51,4.23,42.66000000000001,44.84
236,Barabanki,Uttar Pradesh,2019,2.76,18.33,7.02,10.11,38.22,42.55
237,Nainital,Uttarakhand,1990,2.37,9.07,9.12,8.47,29.03,35.78
237,Nainital,Uttarakhand,1991,3.94,3.11,12.58,4.02,23.65,27.19
237,Nainital,Uttarakhand,1992,0.8,4.77,6.86,3.37,15.8,18.85
237,Nainital,Uttarakhand,1993,5.86,8.22,6.78,6.29,27.150000000000002,31.07
237,Nainital,Uttarakhand,1994,3.03,12.82,14.22,0.95,31.02,35.06
237,Nainital,Uttarakhand,1995,2.5,5.96,12.59,5.31,26.36,30.41
237,Nainital,Uttarakhand,1996,5.92,8.13,14.33,7.79,36.17,43.32
237,Nainital,Uttarakhand,1997,6.03,9.75,7.08,1.67,24.53,33.07
237,Nainital,Uttarakhand,1998,2.26,10.99,11.26,4.32,28.83,38.86
237,Nainital,Uttarakhand,1999,2.79,8.87,3.53,6.06,21.25,23.799999999999997
237,Nainital,Uttarakhand,2000,6.58,8.62,10.58,2.65,28.43,32.88
237,Nainital,Uttarakhand,2001,7.88,16.12,6.55,1.57,32.12,36.57
237,Nainital,Uttarakhand,2002,2.65,1.7,11.48,7.88,23.71,31.91
237,Nainital,Uttarakhand,2003,2.72,13.59,12.78,10.82,39.91,45.339999999999996
237,Nainital,Uttarakhand,2004,7.47,11.97,9.77,1.93,31.14,38.48
237,Nainital,Uttarakhand,2005,3.61,13.42,7.41,12.72,37.160000000000004,42.72
237,Nainital,Uttarakhand,2006,4.3,13.95,6.6,3.98,28.830000000000002,35.35
237,Nainital,Uttarakhand,2007,4.6,17.64,12.29,6.94,41.47,49.11
237,Nainital,Uttarakhand,2008,10.4,16.87,13.01,8.09,48.370000000000005,52.58
237,Nainital,Uttarakhand,2009,2.56,9.08,11.95,7.57,31.16,37.96
237,Nainital,Uttarakhand,2010,1.43,20.29,15.64,18.61,55.97,59.91
237,Nainital,Uttarakhand,2011,10.22,15.04,14.83,9.1,49.19,54.96
237,Nainital,Uttarakhand,2012,1.28,10.0,14.7,8.35,34.33,37.71
237,Nainital,Uttarakhand,2013,17.4,17.92,13.23,4.2,52.75,62.73
237,Nainital,Uttarakhand,2014,2.06,12.02,7.28,3.71,25.07,34.96
237,Nainital,Uttarakhand,2015,7.99,10.71,9.02,2.61,30.330000000000002,40.29
237,Nainital,Uttarakhand,2016,3.36,14.82,6.37,3.0,27.55,32.7
237,Nainital,Uttarakhand,2017,4.31,10.52,7.54,8.29,30.659999999999997,36.69
237,Nainital,Uttarakhand,2018,4.51,10.31,13.56,4.89,33.27,37.22
237,Nainital,Uttarakhand,2019,3.82,8.8,9.0,4.29,25.91,36.14
501,Rajnandgaon,Chhattisgarh,1990,9.44,8.96,10.98,9.48,38.86,51.01
501,Rajnandgaon,Chhattisgarh,1991,7.27,10.97,12.35,2.7,33.290000000000006,34.54
501,Rajnandgaon,Chhattisgarh,1992,3.14,9.7,15.46,5.87,34.17,36.54
501,Rajnandgaon,Chhattisgarh,1993,6.63,15.72,11.94,8.3,42.59,46.25
501,Rajnandgaon,Chhattisgarh,1994,9.18,17.55,12.93,10.2,49.86,55.18
501,Rajnandgaon,Chhattisgarh,1995,4.07,14.91,10.04,7.85,36.87,44.04
501,Rajnandgaon,Chhattisgarh,1996,2.2,10.06,10.01,4.33,26.6,31.6
501,Rajnandgaon,Chhattisgarh,1997,3.71,11.79,12.69,3.23,31.419999999999998,39.05
501,Rajnandgaon,Chhattisgarh,1998,3.62,6.02,8.65,6.45,24.74,33.3
501,Rajnandgaon,Chhattisgarh,1999,4.65,7.41,14.74,8.21,35.010000000000005,38.370000000000005
501,Rajnandgaon,Chhattisgarh,2000,9.8,10.77,5.58,2.78,28.93,31.41
501,Rajnandgaon,Chhattisgarh,2001,11.28,9.34,9.78,4.43,34.83,41.21
501,Rajnandgaon,Chhattisgarh,2002,8.7,4.12,11.5,2.91,27.23,30.71
501,Rajnandgaon,Chhattisgarh,2003,4.94,12.28,15.94,10.02,43.17999999999999,50.44
501,Rajnandgaon,Chhattisgarh,2004,7.57,10.23,6.6,6.08,30.479999999999997,34.73
501,Rajnandgaon,Chhattisgarh,2005,5.22,17.41,10.24,11.59,44.459999999999994,53.09
501,Rajnandgaon,Chhattisgarh,2006,3.23,12.74,11.12,9.88,36.97,42.480000000000004
501,Rajnandgaon,Chhattisgarh,2007,18.67,10.51,8.83,7.56,45.57,48.17
501,Rajnandgaon,Chhattisgarh,2008,8.17,7.38,8.06,10.82,34.43,37.03
501,Rajnandgaon,Chhattisgarh,2009,3.11,18.42,9.39,3.37,34.29,38.96
501,Rajnandgaon,Chhattisgarh,2010,4.9,15.62,10.89,10.36,41.769999999999996,48.07
501,Rajnandgaon,Chhattisgarh,2011,6.31,11.83,15.47,11.32,44.93,49.77
501,Rajnandgaon,Chhattisgarh,2012,7.6,19.01,14.99,9.42,51.02,54.190000000000005
501,Rajnandgaon,Chhattisgarh,2013,14.76,19.63,12.7,5.55,52.64,60.1
501,Rajnandgaon,Chhattisgarh,2014,3.01,16.56,7.8,8.62,35.99,42.15
501,Rajnandgaon,Chhattisgarh,2015,11.31,6.88,10.86,7.89,36.94,40.74
501,Rajnandgaon,Chhattisgarh,2016,5.38,12.06,7.87,10.4,35.71,39.99
501,Rajnandgaon,Chhattisgarh,2017,5.14,13.8,7.88,5.16,31.98,34.53
501,Rajnandgaon,Chhattisgarh,2018,5.72,12.46,10.74,3.38,32.300000000000004,36.52
501,Rajnandgaon,Chhattisgarh,2019,4.6,10.13,12.21,14.86,41.8,46.43
502,Bhopal,Madhya Pradesh,1990,10.37,9.11,14.83,12.97,47.279999999999994,50.65
502,Bhopal,Madhya Pradesh,1991,5.5,10.89,15.85,0.65,32.89,33.28
502,Bhopal,Madhya Pradesh,1992,1.36,5.57,14.57,3.15,24.65,27.21
502,Bhopal,Madhya Pradesh,1993,3.41,11.63,8.47,13.33,36.84,38.65
502,Bhopal,Madhya Pradesh,1994,12.04,11.38,15.97,4.57,43.96,46.85
502,Bhopal,Madhya Pradesh,1995,1.11,12.05,8.54,6.67,28.369999999999997,33.62
502,Bhopal,Madhya Pradesh,1996,2.28,18.32,18.11,6.47,45.18,48.36
502,Bhopal,Madhya Pradesh,1997,4.25,12.68,13.2,4.18,34.31,45.23
502,Bhopal,Madhya Pradesh,1998,5.5,10.55,9.57,6.19,31.810000000000002,34.28
502,Bhopal,Madhya Pradesh,1999,3.47,14.29,5.73,6.51,30.0,33.4
502,Bhopal,Madhya Pradesh,2000,2.09,15.18,7.4,1.59,26.26,28.11
502,Bhopal,Madhya Pradesh,2001,9.5,11.24,6.19,0.5,27.430000000000003,31.97
502,Bhopal,Madhya Pradesh,2002,3.19,1.53,19.49,2.77,26.979999999999997,29.25
502,Bhopal,Madhya Pradesh,2003,5.9,13.9,8.85,9.46,38.11,40.67
502,Bhopal,Madhya Pradesh,2004,2.02,9.32,14.5,1.11,26.95,29.64
502,Bhopal,Madhya Pradesh,2005,2.59,23.72,3.76,8.12,38.19,39.48
502,Bhopal,Madhya Pradesh,2006,2.73,14.11,29.24,6.68,52.76,59.08
502,Bhopal,Madhya Pradesh,2007,3.57,14.37,7.78,7.92,33.64,35.63
502,Bhopal,Madhya Pradesh,2008,8.34,8.38,7.11,5.17,29.0,30.41
502,Bhopal,Madhya Pradesh,2009,4.02,15.22,4.35,4.81,28.400000000000002,36.81
502,Bhopal,Madhya Pradesh,2010,3.51,9.71,7.88,3.72,24.82,30.330000000000002
502,Bhopal,Madhya Pradesh,2011,12.75,15.44,13.42,7.66,49.269999999999996,49.7
502,Bhopal,Madhya Pradesh,2012,2.59,13.47,17.71,2.98,36.75,37.33
502,Bhopal,Madhya Pradesh,2013,15.07,17.83,13.62,1.53,48.05,53.21
502,Bhopal,Madhya Pradesh,2014,1.2,14.32,7.94,4.42,27.880000000000003,33.55
502,Bhopal,Madhya Pradesh,2015,6.49,18.43,12.28,1.55,38.75,42.75
502,Bhopal,Madhya Pradesh,2016,4.98,23.78,17.33,2.26,48.35,50.68
502,Bhopal,Madhya Pradesh,2017,5.31,11.69,4.88,5.65,27.53,28.45
502,Bhopal,Madhya Pradesh,2018,4.4,15.87,8.67,4.51,33.449999999999996,34.03
502,Bhopal,Madhya Pradesh,2019,4.86,13.25,21.42,18.15,57.68,61.1
503,Vizianagaram,Andhra Pradesh,1990,3.5,4.82,10.13,4.23,22.680000000000003,48.72
503,Vizianagaram,Andhra Pradesh,1991,7.3,6.8,2.46,5.79,22.349999999999998,32.64
503,Vizianagaram,Andhra Pradesh,1992,3.71,9.31,8.73,4.54,26.29,42.38
503,Vizianagaram,Andhra Pradesh,1993,4.58,3.49,5.35,8.87,22.29,33.88
503,Vizianagaram,Andhra Pradesh,1994,1.22,10.68,5.08,4.09,21.07,39.96
503,Vizianagaram,Andhra Pradesh,1995,4.89,8.82,4.89,7.58,26.18,56.02
503,Vizianagaram,Andhra Pradesh,1996,14.91,3.76,8.27,6.55,33.49,48.13
503,Vizianagaram,Andhra Pradesh,1997,1.75,5.91,9.84,8.53,26.03,38.769999999999996
503,Vizianagaram,Andhra Pradesh,1998,6.66,7.08,7.56,10.15,31.450000000000003,55.68
503,Vizianagaram,Andhra Pradesh,1999,6.36,2.5,8.77,3.36,20.99,29.21
503,Vizianagaram,Andhra Pradesh,2000,5.95,2.52,7.91,7.38,23.76,31.2
503,Vizianagaram,Andhra Pradesh,2001,2.94,3.21,6.29,7.59,20.03,33.47
503,Vizianagaram,Andhra Pradesh,2002,5.6,3.49,6.22,1.55,16.86,24.3
503,Vizianagaram,Andhra Pradesh,2003,1.61,10.55,4.99,5.67,22.82,43.26
503,Vizianagaram,Andhra Pradesh,2004,6.21,9.62,4.02,5.88,25.729999999999997,34.949999999999996
503,Vizianagaram,Andhra Pradesh,2005,3.1,5.43,3.3,20.95,32.78,54.17
503,Vizianagaram,Andhra Pradesh,2006,4.91,5.88,12.39,11.67,34.85,48.89
503,Vizianagaram,Andhra Pradesh,2007,12.42,3.95,5.43,9.67,31.47,43.35
503,Vizianagaram,Andhra Pradesh,2008,4.71,7.08,7.39,7.24,26.42,38.02
503,Vizianagaram,Andhra Pradesh,2009,4.23,6.41,4.89,4.92,20.450000000000003,28.39
503,Vizianagaram,Andhra Pradesh,2010,7.1,9.08,9.32,6.16,31.66,63.9
503,Vizianagaram,Andhra Pradesh,2011,1.86,8.01,5.8,4.69,20.36,30.02
503,Vizianagaram,Andhra Pradesh,2012,2.93,8.31,7.66,10.61,29.509999999999998,44.81
503,Vizianagaram,Andhra Pradesh,2013,5.2,4.75,4.7,6.67,21.32,45.83
503,Vizianagaram,Andhra Pradesh,2014,4.36,8.8,9.28,7.71,30.15,43.56
503,Vizianagaram,Andhra Pradesh,2015,15.69,4.69,10.34,10.46,41.18,52.78
503,Vizianagaram,Andhra Pradesh,2016,9.75,10.02,7.77,9.26,36.8,46.67
503,Vizianagaram,Andhra Pradesh,2017,8.53,12.12,8.92,4.53,34.1,44.51
503,Vizianagaram,Andhra Pradesh,2018,4.0,8.58,13.73,6.04,32.35,42.4
503,Vizianagaram,Andhra Pradesh,2019,5.46,9.14,10.6,10.0,35.2,49.230000000000004
504,Prakasam,Andhra Pradesh,1990,1.88,2.91,3.21,2.83,10.83,29.43
504,Prakasam,Andhra Pradesh,1991,8.76,2.18,3.92,5.43,20.29,37.5
504,Prakasam,Andhra Pradesh,1992,0.87,3.59,5.19,3.11,12.76,27.470000000000002
504,Prakasam,Andhra Pradesh,1993,0.69,3.22,3.96,2.44,10.31,26.77
504,Prakasam,Andhra Pradesh,1994,0.97,4.74,4.04,1.01,10.76,38.93
504,Prakasam,Andhra Pradesh,1995,1.09,3.7,3.37,4.27,12.43,29.88
504,Prakasam,Andhra Pradesh,1996,8.99,3.28,3.81,3.27,19.349999999999998,36.14
504,Prakasam,Andhra Pradesh,1997,1.27,3.94,2.72,8.64,16.57,35.92
504,Prakasam,Andhra Pradesh,1998,1.49,2.66,4.26,6.47,14.879999999999999,27.56
504,Prakasam,Andhra Pradesh,1999,1.2,2.17,2.77,2.17,8.31,15.77
504,Prakasam,Andhra Pradesh,2000,4.02,4.01,8.28,3.9,20.209999999999997,31.24
504,Prakasam,Andhra Pradesh,2001,1.5,1.54,3.49,4.77,11.3,27.65
504,Prakasam,Andhra Pradesh,2002,1.1,1.43,4.3,1.81,8.64,25.48
504,Prakasam,Andhra Pradesh,2003,1.29,6.2,2.48,3.68,13.65,25.08
504,Prakasam,Andhra Pradesh,2004,1.32,3.17,1.21,4.98,10.68,24.44
504,Prakasam,Andhra Pradesh,2005,0.96,3.63,2.43,5.51,12.53,34.57
504,Prakasam,Andhra Pradesh,2006,2.71,2.65,1.86,4.64,11.86,35.15
504,Prakasam,Andhra Pradesh,2007,6.73,5.89,4.85,3.88,21.349999999999998,33.64
504,Prakasam,Andhra Pradesh,2008,1.31,3.63,5.38,3.51,13.83,29.38
504,Prakasam,Andhra Pradesh,2009,2.25,1.32,6.06,4.78,14.41,27.51
504,Prakasam,Andhra Pradesh,2010,3.47,5.77,5.12,6.42,20.78,42.54
504,Prakasam,Andhra Pradesh,2011,1.35,3.07,4.43,1.47,10.32,20.41
504,Prakasam,Andhra Pradesh,2012,1.97,3.03,3.06,4.48,12.540000000000001,27.86
504,Prakasam,Andhra Pradesh,2013,2.55,4.18,5.53,4.39,16.65,31.34
504,Prakasam,Andhra Pradesh,2014,0.56,3.66,2.7,3.87,10.790000000000001,23.330000000000002
504,Prakasam,Andhra Pradesh,2015,4.33,1.63,4.55,3.02,13.53,25.32
504,Prakasam,Andhra Pradesh,2016,4.01,2.1,4.52,6.08,16.71,23.86
504,Prakasam,Andhra Pradesh,2017,3.39,4.78,6.45,4.93,19.55,25.38
504,Prakasam,Andhra Pradesh,2018,2.17,2.69,3.94,1.92,10.719999999999999,16.24
504,Prakasam,Andhra Pradesh,2019,2.23,4.55,5.12,6.76,18.659999999999997,32.089999999999996
506,Dharmapuri,Tamil Nadu,1990,0.83,1.24,3.11,4.59,9.77,22.36
506,Dharmapuri,Tamil Nadu,1991,5.2,1.22,3.03,5.04,14.489999999999998,28.29
506,Dharmapuri,Tamil Nadu,1992,2.76,2.19,1.71,5.62,12.28,23.82
506,Dharmapuri,Tamil Nadu,1993,3.22,2.48,2.13,3.76,11.59,32.09
506,Dharmapuri,Tamil Nadu,1994,0.97,3.03,1.38,2.34,7.72,23.689999999999998
506,Dharmapuri,Tamil Nadu,1995,1.66,2.56,4.24,3.82,12.280000000000001,24.46
506,Dharmapuri,Tamil Nadu,1996,5.96,1.05,5.75,5.8,18.56,35.0
506,Dharmapuri,Tamil Nadu,1997,1.95,1.52,2.43,4.37,10.27,33.13
506,Dharmapuri,Tamil Nadu,1998,1.02,3.65,6.26,5.09,16.02,32.54
506,Dharmapuri,Tamil Nadu,1999,2.16,1.87,1.83,3.42,9.280000000000001,27.03
506,Dharmapuri,Tamil Nadu,2000,1.42,3.39,3.57,5.19,13.57,30.67
506,Dharmapuri,Tamil Nadu,2001,1.26,3.7,1.72,5.29,11.969999999999999,28.01
506,Dharmapuri,Tamil Nadu,2002,3.34,0.72,1.11,2.51,7.68,21.7
506,Dharmapuri,Tamil Nadu,2003,1.36,2.5,3.53,2.71,10.100000000000001,24.11
506,Dharmapuri,Tamil Nadu,2004,1.0,4.39,1.6,8.44,15.43,36.51
506,Dharmapuri,Tamil Nadu,2005,0.61,2.08,3.4,4.21,10.3,43.5
506,Dharmapuri,Tamil Nadu,2006,2.12,1.07,2.63,2.43,8.25,25.59
506,Dharmapuri,Tamil Nadu,2007,1.31,3.86,4.66,3.95,13.780000000000001,31.57
506,Dharmapuri,Tamil Nadu,2008,1.33,4.74,5.55,2.03,13.65,37.95
506,Dharmapuri,Tamil Nadu,2009,1.37,1.7,2.66,5.11,10.84,24.25
506,Dharmapuri,Tamil Nadu,2010,3.45,3.12,5.93,3.5,16.0,37.06
506,Dharmapuri,Tamil Nadu,2011,0.64,2.84,3.54,4.06,11.079999999999998,28.33
506,Dharmapuri,Tamil Nadu,2012,1.8,2.46,2.91,4.4,11.57,25.080000000000002
506,Dharmapuri,Tamil Nadu,2013,2.75,1.63,4.6,6.7,15.68,25.65
506,Dharmapuri,Tamil Nadu,2014,2.77,0.81,2.68,4.43,10.69,22.9
506,Dharmapuri,Tamil Nadu,2015,2.71,0.87,2.46,3.17,9.21,29.01
506,Dharmapuri,Tamil Nadu,2016,3.03,3.51,1.59,0.72,8.85,16.34
506,Dharmapuri,Tamil Nadu,2017,0.89,1.67,4.48,7.98,15.020000000000001,30.26
506,Dharmapuri,Tamil Nadu,2018,1.97,2.63,1.54,3.87,10.01,21.56
506,Dharmapuri,Tamil Nadu,2019,2.32,2.27,5.03,6.57,16.19,30.69
507,Periyar(Erode),Tamil Nadu,1990,0.54,0.86,1.92,2.44,5.76,15.8
507,Periyar(Erode),Tamil Nadu,1991,5.13,1.25,1.83,3.4,11.610000000000001,20.830000000000002
507,Periyar(Erode),Tamil Nadu,1992,2.64,2.05,1.42,4.64,10.75,21.73
507,Periyar(Erode),Tamil Nadu,1993,2.8,1.75,1.69,2.16,8.4,26.54
507,Periyar(Erode),Tamil Nadu,1994,0.86,2.96,0.62,1.94,6.379999999999999,21.95
507,Periyar(Erode),Tamil Nadu,1995,1.68,1.94,2.29,2.24,8.15,19.26
507,Periyar(Erode),Tamil Nadu,1996,3.45,1.18,4.32,3.91,12.86,26.53
507,Periyar(Erode),Tamil Nadu,1997,1.63,1.22,1.44,2.8,7.089999999999999,26.349999999999998
507,Periyar(Erode),Tamil Nadu,1998,1.04,2.73,4.1,3.77,11.639999999999999,24.62
507,Periyar(Erode),Tamil Nadu,1999,1.38,1.3,1.02,1.85,5.55,21.85
507,Periyar(Erode),Tamil Nadu,2000,0.89,2.27,3.53,3.93,10.62,23.85
507,Periyar(Erode),Tamil Nadu,2001,1.06,2.39,1.0,3.73,8.18,23.21
507,Periyar(Erode),Tamil Nadu,2002,2.51,0.47,0.84,1.25,5.069999999999999,16.52
507,Periyar(Erode),Tamil Nadu,2003,1.13,1.65,2.02,1.6,6.4,19.34
507,Periyar(Erode),Tamil Nadu,2004,0.91,3.07,1.12,6.75,11.85,28.26
507,Periyar(Erode),Tamil Nadu,2005,0.66,1.78,2.14,2.43,7.01,33.41
507,Periyar(Erode),Tamil Nadu,2006,1.77,0.55,1.93,2.23,6.48,21.759999999999998
507,Periyar(Erode),Tamil Nadu,2007,1.4,2.81,3.08,2.46,9.75,25.04
507,Periyar(Erode),Tamil Nadu,2008,0.79,3.46,4.25,1.28,9.78,28.21
507,Periyar(Erode),Tamil Nadu,2009,1.14,1.29,2.18,2.83,7.4399999999999995,18.32
507,Periyar(Erode),Tamil Nadu,2010,2.54,2.25,4.35,2.2,11.34,29.740000000000002
507,Periyar(Erode),Tamil Nadu,2011,1.02,1.75,2.2,2.53,7.5,24.28
507,Periyar(Erode),Tamil Nadu,2012,1.26,1.4,1.79,3.31,7.76,18.3
507,Periyar(Erode),Tamil Nadu,2013,1.98,1.18,2.74,4.22,10.120000000000001,19.83
507,Periyar(Erode),Tamil Nadu,2014,1.96,0.9,2.05,3.58,8.49,19.73
507,Periyar(Erode),Tamil Nadu,2015,2.58,0.69,2.39,2.95,8.61,29.05
507,Periyar(Erode),Tamil Nadu,2016,1.96,2.76,1.4,0.44,6.56,13.84
507,Periyar(Erode),Tamil Nadu,2017,0.92,1.6,3.4,7.17,13.09,27.44
507,Periyar(Erode),Tamil Nadu,2018,1.93,2.78,1.45,4.05,10.21,22.72
507,Periyar(Erode),Tamil Nadu,2019,2.43,1.9,4.62,6.14,15.09,28.76
508,Pudukkottai,Tamil Nadu,1990,0.2,1.19,1.17,5.48,8.04,18.830000000000002
508,Pudukkottai,Tamil Nadu,1991,6.46,0.7,2.37,7.09,16.62,28.2
508,Pudukkottai,Tamil Nadu,1992,2.19,2.09,0.9,7.27,12.45,27.62
508,Pudukkottai,Tamil Nadu,1993,2.76,2.83,1.22,1.78,8.59,34.15
508,Pudukkottai,Tamil Nadu,1994,0.39,2.43,0.47,3.8,7.09,28.39
508,Pudukkottai,Tamil Nadu,1995,2.16,2.01,2.05,2.07,8.29,21.34
508,Pudukkottai,Tamil Nadu,1996,3.67,1.09,4.27,3.91,12.94,29.99
508,Pudukkottai,Tamil Nadu,1997,2.65,1.1,0.59,3.21,7.55,27.95
508,Pudukkottai,Tamil Nadu,1998,0.41,1.54,5.13,4.29,11.370000000000001,27.72
508,Pudukkottai,Tamil Nadu,1999,1.29,0.59,1.3,1.34,4.52,23.96
508,Pudukkottai,Tamil Nadu,2000,0.42,3.98,1.57,5.28,11.25,30.11
508,Pudukkottai,Tamil Nadu,2001,0.98,4.12,1.19,3.95,10.239999999999998,25.330000000000002
508,Pudukkottai,Tamil Nadu,2002,3.36,0.15,0.6,1.43,5.539999999999999,20.4
508,Pudukkottai,Tamil Nadu,2003,0.59,2.5,3.33,3.55,9.969999999999999,28.12
508,Pudukkottai,Tamil Nadu,2004,0.64,3.92,0.73,9.12,14.409999999999998,35.15
508,Pudukkottai,Tamil Nadu,2005,0.3,0.93,1.48,2.99,5.7,39.92
508,Pudukkottai,Tamil Nadu,2006,0.77,0.23,4.75,3.05,8.8,27.12
508,Pudukkottai,Tamil Nadu,2007,1.48,2.17,2.93,1.45,8.03,26.21
508,Pudukkottai,Tamil Nadu,2008,0.5,3.84,4.72,1.01,10.069999999999999,34.93
508,Pudukkottai,Tamil Nadu,2009,0.58,0.43,1.85,1.89,4.75,22.12
508,Pudukkottai,Tamil Nadu,2010,2.23,1.35,2.73,4.04,10.350000000000001,34.55
508,Pudukkottai,Tamil Nadu,2011,0.43,1.71,2.2,4.37,8.71,28.12
508,Pudukkottai,Tamil Nadu,2012,1.8,0.95,2.6,2.87,8.219999999999999,21.86
508,Pudukkottai,Tamil Nadu,2013,0.57,0.23,3.52,3.38,7.7,20.87
508,Pudukkottai,Tamil Nadu,2014,0.87,0.5,3.0,2.19,6.5600000000000005,24.810000000000002
508,Pudukkottai,Tamil Nadu,2015,2.42,0.55,2.52,3.39,8.88,37.4
508,Pudukkottai,Tamil Nadu,2016,1.0,2.93,1.86,0.72,6.51,15.51
508,Pudukkottai,Tamil Nadu,2017,1.37,1.43,4.23,4.52,11.55,26.31
508,Pudukkottai,Tamil Nadu,2018,1.27,1.5,1.14,3.12,7.03,22.63
508,Pudukkottai,Tamil Nadu,2019,0.69,1.19,3.28,6.02,11.18,28.45
509,Dindigul Anna,Tamil Nadu,1990,2.66,5.8,1.87,2.43,12.760000000000002,29.37
509,Dindigul Anna,Tamil Nadu,1991,18.79,4.94,4.87,2.84,31.44,42.61
509,Dindigul Anna,Tamil Nadu,1992,9.04,5.02,3.19,6.1,23.35,41.54
509,Dindigul Anna,Tamil Nadu,1993,7.6,6.46,1.71,1.24,17.009999999999998,46.39
509,Dindigul Anna,Tamil Nadu,1994,5.29,6.8,4.56,3.47,20.119999999999997,47.089999999999996
509,Dindigul Anna,Tamil Nadu,1995,4.34,3.69,3.22,2.61,13.86,31.37
509,Dindigul Anna,Tamil Nadu,1996,7.4,6.13,4.71,4.62,22.860000000000003,40.84
509,Dindigul Anna,Tamil Nadu,1997,7.82,6.85,4.26,6.27,25.2,47.4
509,Dindigul Anna,Tamil Nadu,1998,5.24,3.13,5.73,8.57,22.67,44.25
509,Dindigul Anna,Tamil Nadu,1999,6.35,2.91,1.75,1.05,12.06,38.89
509,Dindigul Anna,Tamil Nadu,2000,4.14,2.56,6.51,3.89,17.099999999999998,35.39
509,Dindigul Anna,Tamil Nadu,2001,7.19,6.5,2.38,7.17,23.240000000000002,46.79
509,Dindigul Anna,Tamil Nadu,2002,5.48,1.83,4.43,1.73,13.47,35.23
509,Dindigul Anna,Tamil Nadu,2003,5.18,4.53,4.22,1.77,15.7,40.94
509,Dindigul Anna,Tamil Nadu,2004,5.17,5.56,2.94,8.39,22.060000000000002,52.26
509,Dindigul Anna,Tamil Nadu,2005,6.14,5.38,2.31,5.13,18.96,54.39
509,Dindigul Anna,Tamil Nadu,2006,5.37,4.01,5.44,7.72,22.54,51.86
509,Dindigul Anna,Tamil Nadu,2007,4.35,5.34,3.43,4.68,17.799999999999997,35.03
509,Dindigul Anna,Tamil Nadu,2008,1.89,4.55,4.34,2.91,13.69,35.96
509,Dindigul Anna,Tamil Nadu,2009,3.15,3.39,2.24,2.92,11.700000000000001,27.830000000000002
509,Dindigul Anna,Tamil Nadu,2010,4.03,3.19,2.28,4.08,13.58,37.57
509,Dindigul Anna,Tamil Nadu,2011,2.33,2.55,2.52,3.29,10.690000000000001,29.67
509,Dindigul Anna,Tamil Nadu,2012,1.81,1.26,3.19,1.93,8.19,22.0
509,Dindigul Anna,Tamil Nadu,2013,3.57,2.14,4.69,2.22,12.620000000000001,27.490000000000002
509,Dindigul Anna,Tamil Nadu,2014,1.75,1.63,5.44,3.21,12.030000000000001,31.65
509,Dindigul Anna,Tamil Nadu,2015,3.58,1.41,2.16,4.89,12.04,36.67
509,Dindigul Anna,Tamil Nadu,2016,2.12,5.09,2.37,0.92,10.5,21.94
509,Dindigul Anna,Tamil Nadu,2017,3.36,2.61,5.63,6.7,18.3,37.7
509,Dindigul Anna,Tamil Nadu,2018,2.29,3.17,3.84,3.97,13.270000000000001,31.69
509,Dindigul Anna,Tamil Nadu,2019,2.3,2.23,4.88,7.15,16.560000000000002,36.5
514,Jalna,Maharashtra,1990,3.95,3.78,6.7,3.76,18.189999999999998,29.84
514,Jalna,Maharashtra,1991,14.88,4.98,1.42,2.44,23.720000000000002,24.32
514,Jalna,Maharashtra,1992,8.49,2.0,6.29,2.61,19.39,20.79
514,Jalna,Maharashtra,1993,4.02,6.83,7.01,5.96,23.82,32.089999999999996
514,Jalna,Maharashtra,1994,3.53,5.36,4.85,4.14,17.88,24.009999999999998
514,Jalna,Maharashtra,1995,3.29,4.29,2.3,5.12,15.0,18.4
514,Jalna,Maharashtra,1996,1.18,7.63,4.1,5.69,18.6,22.03
514,Jalna,Maharashtra,1997,2.55,4.93,4.74,4.37,16.59,22.62
514,Jalna,Maharashtra,1998,7.31,4.81,9.15,5.41,26.68,32.76
514,Jalna,Maharashtra,1999,6.15,3.28,2.65,5.23,17.310000000000002,21.560000000000002
514,Jalna,Maharashtra,2000,3.3,3.89,9.56,2.27,19.02,24.810000000000002
514,Jalna,Maharashtra,2001,4.0,1.47,7.04,3.6,16.11,20.76
514,Jalna,Maharashtra,2002,6.94,1.67,6.87,3.22,18.7,20.16
514,Jalna,Maharashtra,2003,6.58,6.25,3.69,2.05,18.57,20.13
514,Jalna,Maharashtra,2004,2.29,5.23,3.48,8.19,19.189999999999998,22.76
514,Jalna,Maharashtra,2005,4.22,11.96,4.44,9.52,30.14,34.1
514,Jalna,Maharashtra,2006,5.14,6.51,10.72,9.38,31.75,39.980000000000004
514,Jalna,Maharashtra,2007,6.17,6.58,7.36,6.18,26.29,27.16
514,Jalna,Maharashtra,2008,1.7,2.46,4.83,9.94,18.93,20.71
514,Jalna,Maharashtra,2009,1.52,6.5,5.13,5.66,18.81,25.87
514,Jalna,Maharashtra,2010,5.0,9.18,7.15,3.26,24.589999999999996,30.91
514,Jalna,Maharashtra,2011,3.25,7.77,6.87,3.27,21.16,24.12
514,Jalna,Maharashtra,2012,4.63,5.34,3.58,3.77,17.32,20.09
514,Jalna,Maharashtra,2013,6.36,7.5,2.46,6.09,22.41,28.54
514,Jalna,Maharashtra,2014,1.7,6.11,5.8,2.96,16.57,22.37
514,Jalna,Maharashtra,2015,7.41,1.3,4.36,7.93,21.0,26.44
514,Jalna,Maharashtra,2016,3.95,9.19,3.51,6.73,23.38,26.35
514,Jalna,Maharashtra,2017,5.84,4.29,6.55,8.65,25.33,27.94
514,Jalna,Maharashtra,2018,4.48,4.54,6.98,1.5,17.5,18.18
514,Jalna,Maharashtra,2019,3.38,6.38,4.94,7.26,21.96,27.82
515,Latur,Maharashtra,1990,9.5,3.43,9.24,5.27,27.44,38.16
515,Latur,Maharashtra,1991,10.29,5.86,2.84,2.87,21.86,23.41
515,Latur,Maharashtra,1992,6.07,3.64,5.4,3.36,18.470000000000002,22.41
515,Latur,Maharashtra,1993,2.77,8.21,6.14,6.68,23.8,32.47
515,Latur,Maharashtra,1994,3.56,5.2,5.58,2.42,16.759999999999998,24.580000000000002
515,Latur,Maharashtra,1995,6.36,6.28,3.94,5.83,22.410000000000004,33.21
515,Latur,Maharashtra,1996,3.31,4.86,8.05,7.56,23.779999999999998,30.330000000000002
515,Latur,Maharashtra,1997,3.33,4.38,4.03,2.7,14.440000000000001,22.39
515,Latur,Maharashtra,1998,4.74,5.89,8.35,10.41,29.389999999999997,38.29
515,Latur,Maharashtra,1999,4.33,3.52,2.82,4.41,15.08,19.82
515,Latur,Maharashtra,2000,5.0,3.69,10.62,2.23,21.54,26.439999999999998
515,Latur,Maharashtra,2001,4.29,2.36,5.33,7.69,19.67,26.080000000000002
515,Latur,Maharashtra,2002,5.49,3.07,7.03,3.31,18.9,24.23
515,Latur,Maharashtra,2003,2.79,5.07,5.87,2.58,16.310000000000002,20.03
515,Latur,Maharashtra,2004,3.18,7.93,2.14,6.94,20.19,26.46
515,Latur,Maharashtra,2005,3.28,11.08,6.76,6.83,27.949999999999996,35.23
515,Latur,Maharashtra,2006,5.11,4.71,6.4,9.08,25.299999999999997,34.02
515,Latur,Maharashtra,2007,5.46,3.74,7.11,8.8,25.11,26.19
515,Latur,Maharashtra,2008,1.52,4.56,8.89,8.84,23.810000000000002,29.82
515,Latur,Maharashtra,2009,3.65,3.31,6.5,6.1,19.560000000000002,26.3
515,Latur,Maharashtra,2010,5.58,8.85,9.13,5.15,28.71,34.27
515,Latur,Maharashtra,2011,2.29,7.8,6.15,2.47,18.71,22.23
515,Latur,Maharashtra,2012,3.9,5.04,4.44,4.93,18.31,22.01
515,Latur,Maharashtra,2013,6.0,11.18,2.51,5.75,25.439999999999998,31.71
515,Latur,Maharashtra,2014,2.03,4.49,7.09,3.22,16.83,24.74
515,Latur,Maharashtra,2015,3.21,1.78,4.95,4.49,14.430000000000001,19.36
515,Latur,Maharashtra,2016,4.56,6.78,1.45,9.64,22.43,25.03
515,Latur,Maharashtra,2017,4.72,3.87,5.01,3.56,17.16,20.919999999999998
515,Latur,Maharashtra,2018,4.55,2.62,5.84,1.17,14.18,16.24
515,Latur,Maharashtra,2019,2.21,3.69,3.95,5.77,15.620000000000001,20.9
516,Gadchiroli,Maharashtra,1990,9.01,9.78,14.75,5.7,39.24,51.26
516,Gadchiroli,Maharashtra,1991,7.92,11.95,10.28,2.71,32.86,35.089999999999996
516,Gadchiroli,Maharashtra,1992,3.66,9.23,14.67,3.74,31.300000000000004,34.08
516,Gadchiroli,Maharashtra,1993,5.63,13.35,7.93,9.39,36.3,42.24
516,Gadchiroli,Maharashtra,1994,5.75,17.2,15.03,7.71,45.69,51.87
516,Gadchiroli,Maharashtra,1995,5.7,14.14,8.79,9.34,37.97,47.65
516,Gadchiroli,Maharashtra,1996,2.68,9.07,9.27,7.55,28.57,33.91
516,Gadchiroli,Maharashtra,1997,5.5,10.04,10.07,4.19,29.8,38.65
516,Gadchiroli,Maharashtra,1998,4.77,9.29,10.08,6.87,31.01,40.49
516,Gadchiroli,Maharashtra,1999,5.78,7.32,14.41,7.32,34.83,39.29
516,Gadchiroli,Maharashtra,2000,6.74,10.24,8.53,3.04,28.549999999999997,31.06
516,Gadchiroli,Maharashtra,2001,7.33,7.87,10.37,3.53,29.1,37.04
516,Gadchiroli,Maharashtra,2002,9.28,4.91,14.77,2.85,31.810000000000002,35.98
516,Gadchiroli,Maharashtra,2003,6.79,14.64,13.5,6.18,41.11,47.62
516,Gadchiroli,Maharashtra,2004,5.16,11.4,6.75,4.22,27.53,32.6
516,Gadchiroli,Maharashtra,2005,7.72,14.75,7.49,11.8,41.760000000000005,51.27
516,Gadchiroli,Maharashtra,2006,4.11,12.52,13.62,12.26,42.51,48.89
516,Gadchiroli,Maharashtra,2007,12.41,7.32,8.94,9.53,38.2,40.94
516,Gadchiroli,Maharashtra,2008,7.91,9.96,9.29,9.53,36.69,41.2
516,Gadchiroli,Maharashtra,2009,5.42,13.94,9.36,3.37,32.089999999999996,38.03
516,Gadchiroli,Maharashtra,2010,4.49,17.51,18.53,11.87,52.4,59.03
516,Gadchiroli,Maharashtra,2011,4.95,9.89,12.77,7.25,34.86,38.28
516,Gadchiroli,Maharashtra,2012,5.28,18.45,13.65,10.55,47.93000000000001,51.22
516,Gadchiroli,Maharashtra,2013,14.13,22.13,9.46,5.67,51.39,60.51
516,Gadchiroli,Maharashtra,2014,3.26,13.62,7.68,8.74,33.3,39.129999999999995
516,Gadchiroli,Maharashtra,2015,12.23,5.98,11.14,7.99,37.34,42.33
516,Gadchiroli,Maharashtra,2016,7.23,18.52,5.87,11.06,42.68,48.52
516,Gadchiroli,Maharashtra,2017,7.11,16.37,8.05,4.34,35.870000000000005,40.13
516,Gadchiroli,Maharashtra,2018,6.28,13.37,12.7,3.88,36.23,39.519999999999996
516,Gadchiroli,Maharashtra,2019,4.51,13.44,15.33,15.44,48.72,53.6
518,Gandhinagar,Gujarat,1990,0.77,5.46,11.67,3.94,21.84,23.08
518,Gandhinagar,Gujarat,1991,0.63,10.74,3.05,0.34,14.760000000000002,14.76
518,Gandhinagar,Gujarat,1992,1.3,6.54,3.53,5.24,16.61,16.79
518,Gandhinagar,Gujarat,1993,0.57,12.97,1.75,3.01,18.3,19.29
518,Gandhinagar,Gujarat,1994,3.28,13.19,8.94,12.01,37.419999999999995,37.68
518,Gandhinagar,Gujarat,1995,0.38,6.63,2.38,1.98,11.370000000000001,11.879999999999999
518,Gandhinagar,Gujarat,1996,2.78,9.38,6.71,2.01,20.880000000000003,21.94
518,Gandhinagar,Gujarat,1997,17.31,4.0,8.28,2.8,32.38999999999999,33.239999999999995
518,Gandhinagar,Gujarat,1998,3.28,10.07,5.67,4.05,23.07,24.72
518,Gandhinagar,Gujarat,1999,3.03,7.57,0.59,1.21,12.399999999999999,14.36
518,Gandhinagar,Gujarat,2000,1.54,11.07,3.25,0.16,16.02,17.79
518,Gandhinagar,Gujarat,2001,4.24,5.5,3.71,0.21,13.66,15.620000000000001
518,Gandhinagar,Gujarat,2002,4.38,1.6,3.79,1.83,11.6,12.01
518,Gandhinagar,Gujarat,2003,4.6,10.03,12.57,0.98,28.18,28.99
518,Gandhinagar,Gujarat,2004,3.52,7.2,12.0,0.92,23.64,24.77
518,Gandhinagar,Gujarat,2005,10.06,6.52,4.84,10.15,31.57,31.69
518,Gandhinagar,Gujarat,2006,4.52,10.62,12.35,4.42,31.909999999999997,32.1
518,Gandhinagar,Gujarat,2007,3.81,12.81,13.23,3.37,33.22,33.58
518,Gandhinagar,Gujarat,2008,2.39,4.05,8.45,4.99,19.88,20.259999999999998
518,Gandhinagar,Gujarat,2009,0.32,10.51,4.88,0.76,16.470000000000002,18.759999999999998
518,Gandhinagar,Gujarat,2010,2.14,13.05,15.14,4.66,34.99,37.38
518,Gandhinagar,Gujarat,2011,0.51,9.3,9.78,3.84,23.43,23.44
518,Gandhinagar,Gujarat,2012,1.15,2.5,6.08,8.07,17.8,17.9
518,Gandhinagar,Gujarat,2013,4.61,12.72,5.23,8.55,31.110000000000003,32.65
518,Gandhinagar,Gujarat,2014,0.1,15.32,3.52,5.49,24.43,25.21
518,Gandhinagar,Gujarat,2015,5.4,9.68,1.38,3.32,19.78,21.53
518,Gandhinagar,Gujarat,2016,0.61,4.89,8.25,2.53,16.28,17.9
518,Gandhinagar,Gujarat,2017,3.23,17.45,4.67,2.2,27.55,27.95
518,Gandhinagar,Gujarat,2018,0.75,7.25,6.02,1.44,15.459999999999999,15.459999999999999
518,Gandhinagar,Gujarat,2019,2.97,5.34,12.89,9.53,30.730000000000004,31.93
519,Dholpur,Rajasthan,1990,1.66,8.51,4.06,8.07,22.3,25.93
519,Dholpur,Rajasthan,1991,0.13,4.87,10.68,1.27,16.95,17.97
519,Dholpur,Rajasthan,1992,0.09,5.24,7.69,5.17,18.189999999999998,21.55
519,Dholpur,Rajasthan,1993,1.89,3.77,3.31,10.89,19.86,21.11
519,Dholpur,Rajasthan,1994,4.03,9.91,6.88,0.96,21.78,23.080000000000002
519,Dholpur,Rajasthan,1995,2.57,6.33,11.54,7.26,27.699999999999996,29.189999999999998
519,Dholpur,Rajasthan,1996,2.99,10.68,7.83,5.21,26.71,31.19
519,Dholpur,Rajasthan,1997,1.72,3.38,6.22,3.41,14.73,21.8
519,Dholpur,Rajasthan,1998,2.33,8.35,6.18,4.67,21.53,23.78
519,Dholpur,Rajasthan,1999,0.67,7.33,6.41,4.72,19.13,20.43
519,Dholpur,Rajasthan,2000,0.99,5.15,3.28,0.79,10.21,11.05
519,Dholpur,Rajasthan,2001,4.49,7.36,5.75,0.53,18.130000000000003,21.01
519,Dholpur,Rajasthan,2002,1.3,0.51,6.18,5.04,13.030000000000001,16.05
519,Dholpur,Rajasthan,2003,1.11,4.97,5.12,5.35,16.549999999999997,19.009999999999998
519,Dholpur,Rajasthan,2004,1.3,4.78,7.6,2.69,16.37,19.19
519,Dholpur,Rajasthan,2005,2.0,9.29,1.65,3.3,16.24,18.08
519,Dholpur,Rajasthan,2006,5.02,5.31,2.62,1.44,14.389999999999999,16.08
519,Dholpur,Rajasthan,2007,2.98,4.34,4.04,2.08,13.44,16.22
519,Dholpur,Rajasthan,2008,6.68,8.71,7.55,4.77,27.71,28.84
519,Dholpur,Rajasthan,2009,0.61,3.41,3.03,5.6,12.65,18.69
519,Dholpur,Rajasthan,2010,2.25,4.63,6.75,7.93,21.56,24.52
519,Dholpur,Rajasthan,2011,5.41,8.23,6.98,4.38,25.0,26.37
519,Dholpur,Rajasthan,2012,0.9,8.22,10.89,4.43,24.44,25.990000000000002
519,Dholpur,Rajasthan,2013,6.4,6.66,11.41,2.21,26.68,33.6
519,Dholpur,Rajasthan,2014,0.76,6.54,6.02,3.5,16.82,23.05
519,Dholpur,Rajasthan,2015,2.15,6.39,4.96,2.67,16.17,22.88
519,Dholpur,Rajasthan,2016,1.93,11.71,8.22,0.69,22.55,24.28
519,Dholpur,Rajasthan,2017,2.48,4.26,5.85,2.21,14.8,16.65
519,Dholpur,Rajasthan,2018,2.95,9.55,8.81,5.24,26.550000000000004,28.37
519,Dholpur,Rajasthan,2019,1.54,6.61,7.58,6.91,22.64,24.97
520,Rangareddy,Telangana,1990,4.5,3.11,6.96,3.68,18.25,28.09
520,Rangareddy,Telangana,1991,6.98,4.9,4.74,4.43,21.05,23.400000000000002
520,Rangareddy,Telangana,1992,4.09,3.64,6.91,2.78,17.42,23.03
520,Rangareddy,Telangana,1993,1.9,5.34,6.49,4.34,18.07,25.61
520,Rangareddy,Telangana,1994,2.65,3.94,5.3,1.25,13.14,23.86
520,Rangareddy,Telangana,1995,4.45,6.61,6.39,5.13,22.58,34.97
520,Rangareddy,Telangana,1996,4.17,4.55,9.53,5.65,23.9,32.23
520,Rangareddy,Telangana,1997,2.52,4.62,3.98,4.35,15.47,24.44
520,Rangareddy,Telangana,1998,2.57,5.99,6.52,8.41,23.490000000000002,32.22
520,Rangareddy,Telangana,1999,1.63,3.33,3.81,3.71,12.48,16.85
520,Rangareddy,Telangana,2000,7.78,2.52,12.0,2.44,24.740000000000002,29.84
520,Rangareddy,Telangana,2001,4.7,2.47,5.36,6.02,18.55,25.29
520,Rangareddy,Telangana,2002,4.12,2.93,5.91,1.56,14.520000000000001,22.99
520,Rangareddy,Telangana,2003,2.53,5.81,4.93,2.64,15.91,21.91
520,Rangareddy,Telangana,2004,1.44,6.64,1.65,4.97,14.7,22.68
520,Rangareddy,Telangana,2005,3.39,10.59,5.24,6.18,25.4,36.54
520,Rangareddy,Telangana,2006,4.05,4.66,4.48,7.43,20.62,29.87
520,Rangareddy,Telangana,2007,9.78,3.0,7.75,8.11,28.64,31.419999999999998
520,Rangareddy,Telangana,2008,1.63,4.02,10.59,5.91,22.15,32.12
520,Rangareddy,Telangana,2009,3.41,1.57,7.7,5.06,17.74,23.61
520,Rangareddy,Telangana,2010,4.36,8.98,7.33,5.91,26.580000000000002,31.44
520,Rangareddy,Telangana,2011,1.69,5.49,5.35,1.56,14.09,17.11
520,Rangareddy,Telangana,2012,2.87,5.72,4.02,3.85,16.46,21.04
520,Rangareddy,Telangana,2013,3.88,6.56,3.11,7.0,20.549999999999997,28.06
520,Rangareddy,Telangana,2014,1.86,4.65,9.76,2.66,18.93,25.650000000000002
520,Rangareddy,Telangana,2015,1.92,1.71,3.05,5.67,12.35,17.55
520,Rangareddy,Telangana,2016,4.77,5.36,2.48,9.49,22.1,25.080000000000002
520,Rangareddy,Telangana,2017,5.0,3.59,4.37,6.11,19.07,24.18
520,Rangareddy,Telangana,2018,1.98,2.84,3.84,3.03,11.69,14.85
520,Rangareddy,Telangana,2019,1.68,2.6,4.45,5.65,14.38,19.29
521,Thiruvannamalai,Tamil Nadu,1990,4.1,8.65,1.96,2.13,16.84,39.06
521,Thiruvannamalai,Tamil Nadu,1991,27.08,7.52,6.13,2.08,42.809999999999995,56.78
521,Thiruvannamalai,Tamil Nadu,1992,13.93,6.57,3.92,6.07,30.490000000000002,54.14
521,Thiruvannamalai,Tamil Nadu,1993,10.39,9.0,1.64,1.3,22.330000000000002,58.85
521,Thiruvannamalai,Tamil Nadu,1994,7.9,8.76,6.62,3.9,27.18,58.910000000000004
521,Thiruvannamalai,Tamil Nadu,1995,5.16,4.05,3.38,2.82,15.41,37.45
521,Thiruvannamalai,Tamil Nadu,1996,10.22,8.37,5.1,5.36,29.049999999999997,50.33
521,Thiruvannamalai,Tamil Nadu,1997,11.57,9.07,5.65,9.68,35.97,60.61
521,Thiruvannamalai,Tamil Nadu,1998,7.96,3.78,7.1,11.91,30.75,61.07
521,Thiruvannamalai,Tamil Nadu,1999,10.09,4.14,2.18,1.2,17.61,51.57
521,Thiruvannamalai,Tamil Nadu,2000,6.3,2.51,9.16,4.39,22.36,43.37
521,Thiruvannamalai,Tamil Nadu,2001,9.93,9.3,3.76,11.44,34.43,63.69
521,Thiruvannamalai,Tamil Nadu,2002,6.57,2.33,5.33,1.78,16.01,46.31
521,Thiruvannamalai,Tamil Nadu,2003,7.45,5.41,4.84,1.46,19.16,51.12
521,Thiruvannamalai,Tamil Nadu,2004,7.71,7.63,4.0,10.11,29.45,66.02
521,Thiruvannamalai,Tamil Nadu,2005,9.0,7.58,2.44,6.95,25.97,68.16
521,Thiruvannamalai,Tamil Nadu,2006,7.22,5.68,6.03,11.53,30.46,69.33
521,Thiruvannamalai,Tamil Nadu,2007,6.08,6.89,3.78,6.21,22.96,42.95
521,Thiruvannamalai,Tamil Nadu,2008,2.46,5.37,4.66,3.77,16.26,43.09
521,Thiruvannamalai,Tamil Nadu,2009,4.3,4.23,2.33,3.34,14.200000000000001,33.59
521,Thiruvannamalai,Tamil Nadu,2010,4.24,3.64,2.11,4.3,14.29,41.14
521,Thiruvannamalai,Tamil Nadu,2011,2.76,2.49,2.42,2.83,10.5,30.71
521,Thiruvannamalai,Tamil Nadu,2012,1.67,1.49,3.23,1.79,8.18,24.97
521,Thiruvannamalai,Tamil Nadu,2013,4.68,2.72,4.71,2.2,14.309999999999999,32.51
521,Thiruvannamalai,Tamil Nadu,2014,1.89,1.77,6.22,3.59,13.469999999999999,38.24
521,Thiruvannamalai,Tamil Nadu,2015,3.81,1.53,1.79,5.17,12.3,41.620000000000005
521,Thiruvannamalai,Tamil Nadu,2016,2.82,4.19,1.88,0.83,9.72,23.75
521,Thiruvannamalai,Tamil Nadu,2017,3.68,2.52,4.64,6.23,17.07,38.95
521,Thiruvannamalai,Tamil Nadu,2018,2.79,3.53,4.71,3.29,14.32,32.1
521,Thiruvannamalai,Tamil Nadu,2019,2.45,2.0,5.2,6.19,15.84,37.2
523,Yamunanagar,Haryana,1990,2.05,11.83,6.97,12.04,32.89,39.01
523,Yamunanagar,Haryana,1991,7.16,4.58,15.5,5.58,32.82,35.72
523,Yamunanagar,Haryana,1992,1.86,6.75,9.69,4.03,22.33,25.18
523,Yamunanagar,Haryana,1993,4.49,12.19,11.03,8.97,36.68,42.51
523,Yamunanagar,Haryana,1994,4.01,14.77,14.32,1.53,34.63,39.02
523,Yamunanagar,Haryana,1995,2.41,7.73,13.3,6.64,30.080000000000002,35.03
523,Yamunanagar,Haryana,1996,6.8,6.96,14.94,6.69,35.39,43.28
523,Yamunanagar,Haryana,1997,5.12,10.14,9.44,3.05,27.750000000000004,39.21
523,Yamunanagar,Haryana,1998,3.55,12.68,14.45,5.68,36.36,46.26
523,Yamunanagar,Haryana,1999,4.54,5.98,3.43,5.4,19.35,21.950000000000003
523,Yamunanagar,Haryana,2000,4.76,8.84,5.57,3.5,22.67,26.44
523,Yamunanagar,Haryana,2001,8.42,13.0,10.3,2.23,33.95,40.08
523,Yamunanagar,Haryana,2002,2.62,2.93,8.93,6.62,21.1,28.8
523,Yamunanagar,Haryana,2003,3.31,13.07,10.45,6.97,33.8,39.56
523,Yamunanagar,Haryana,2004,6.17,10.03,12.2,1.19,29.59,37.26
523,Yamunanagar,Haryana,2005,2.72,12.65,7.95,8.98,32.3,37.81
523,Yamunanagar,Haryana,2006,3.64,11.63,7.92,3.36,26.55,34.14
523,Yamunanagar,Haryana,2007,3.41,14.25,15.38,4.53,37.57,45.36
523,Yamunanagar,Haryana,2008,10.94,13.25,13.21,6.29,43.69,49.55
523,Yamunanagar,Haryana,2009,2.31,8.53,8.41,6.95,26.2,33.12
523,Yamunanagar,Haryana,2010,3.27,18.18,17.06,16.58,55.089999999999996,59.209999999999994
523,Yamunanagar,Haryana,2011,9.01,13.81,14.3,9.21,46.330000000000005,51.95
523,Yamunanagar,Haryana,2012,1.52,10.49,17.43,7.89,37.33,40.79
523,Yamunanagar,Haryana,2013,18.58,15.16,15.2,4.6,53.54,62.87
523,Yamunanagar,Haryana,2014,2.05,7.77,11.57,4.44,25.830000000000002,36.41
523,Yamunanagar,Haryana,2015,3.78,12.68,12.19,1.93,30.58,39.57
523,Yamunanagar,Haryana,2016,3.01,14.0,7.0,2.23,26.24,30.3
523,Yamunanagar,Haryana,2017,7.8,7.29,9.01,6.92,31.020000000000003,37.38
523,Yamunanagar,Haryana,2018,5.48,12.64,12.49,7.11,37.72,41.300000000000004
523,Yamunanagar,Haryana,2019,1.29,8.9,8.53,6.04,24.759999999999998,32.55
524,Kaithal,Haryana,1990,0.97,6.55,2.68,5.97,16.169999999999998,19.85
524,Kaithal,Haryana,1991,3.9,2.22,7.06,1.8,14.98,16.73
524,Kaithal,Haryana,1992,1.13,4.22,4.97,2.14,12.46,15.459999999999999
524,Kaithal,Haryana,1993,1.44,7.83,0.93,4.04,14.239999999999998,17.63
524,Kaithal,Haryana,1994,1.77,9.02,8.47,1.7,20.959999999999997,23.22
524,Kaithal,Haryana,1995,2.64,3.21,9.15,3.39,18.39,22.68
524,Kaithal,Haryana,1996,5.16,2.64,5.15,3.78,16.73,22.35
524,Kaithal,Haryana,1997,2.09,3.48,8.53,0.51,14.61,20.97
524,Kaithal,Haryana,1998,2.8,4.13,3.52,4.15,14.6,19.29
524,Kaithal,Haryana,1999,1.7,3.12,1.92,1.46,8.2,9.83
524,Kaithal,Haryana,2000,4.68,6.22,1.44,1.31,13.649999999999999,16.05
524,Kaithal,Haryana,2001,3.16,4.26,4.89,0.86,13.169999999999998,17.43
524,Kaithal,Haryana,2002,0.77,1.32,2.96,3.82,8.87,12.81
524,Kaithal,Haryana,2003,1.51,10.2,4.96,2.46,19.13,22.599999999999998
524,Kaithal,Haryana,2004,1.97,0.84,8.07,0.42,11.3,16.96
524,Kaithal,Haryana,2005,2.46,5.06,1.63,5.05,14.2,18.73
524,Kaithal,Haryana,2006,1.77,4.49,2.14,1.76,10.16,13.67
524,Kaithal,Haryana,2007,3.24,1.9,3.95,1.61,10.7,17.0
524,Kaithal,Haryana,2008,8.23,3.52,6.78,5.78,24.310000000000002,29.330000000000002
524,Kaithal,Haryana,2009,1.47,3.82,2.52,4.96,12.77,16.53
524,Kaithal,Haryana,2010,3.21,7.76,5.23,6.56,22.759999999999998,24.56
524,Kaithal,Haryana,2011,4.01,3.51,5.51,7.28,20.31,23.4
524,Kaithal,Haryana,2012,0.73,3.34,5.6,3.47,13.14,15.26
524,Kaithal,Haryana,2013,4.01,7.3,7.13,2.01,20.449999999999996,25.439999999999998
524,Kaithal,Haryana,2014,0.77,1.91,1.86,5.01,9.55,15.36
524,Kaithal,Haryana,2015,3.38,8.1,4.55,1.83,17.86,25.21
524,Kaithal,Haryana,2016,2.28,6.44,4.23,0.94,13.89,17.27
524,Kaithal,Haryana,2017,5.22,3.39,6.24,3.74,18.59,23.45
524,Kaithal,Haryana,2018,5.34,8.93,4.56,8.01,26.839999999999996,29.779999999999998
524,Kaithal,Haryana,2019,1.58,8.19,6.28,3.78,19.830000000000002,26.56
525,Panipat,Haryana,1990,1.59,7.2,5.11,7.77,21.67,26.43
525,Panipat,Haryana,1991,3.74,2.92,9.74,2.96,19.36,21.73
525,Panipat,Haryana,1992,1.24,4.16,5.89,2.69,13.979999999999999,16.62
525,Panipat,Haryana,1993,2.67,9.13,3.51,5.55,20.86,24.23
525,Panipat,Haryana,1994,2.19,11.09,9.52,1.28,24.08,26.599999999999998
525,Panipat,Haryana,1995,2.23,3.38,10.84,4.71,21.16,25.33
525,Panipat,Haryana,1996,5.34,4.06,7.81,4.62,21.83,26.86
525,Panipat,Haryana,1997,2.77,4.37,8.05,1.38,16.57,24.05
525,Panipat,Haryana,1998,3.82,5.22,6.19,5.33,20.560000000000002,26.47
525,Panipat,Haryana,1999,2.31,3.74,2.04,2.43,10.52,12.57
525,Panipat,Haryana,2000,4.61,6.49,3.04,1.5,15.64,18.54
525,Panipat,Haryana,2001,4.42,5.37,5.65,1.23,16.669999999999998,21.23
525,Panipat,Haryana,2002,1.32,1.17,4.1,4.93,11.52,17.009999999999998
525,Panipat,Haryana,2003,2.77,13.5,6.1,3.23,25.599999999999998,29.37
525,Panipat,Haryana,2004,2.78,2.17,9.0,0.52,14.469999999999999,20.68
525,Panipat,Haryana,2005,2.48,6.9,3.2,6.66,19.240000000000002,23.62
525,Panipat,Haryana,2006,2.54,6.42,3.29,2.51,14.76,18.85
525,Panipat,Haryana,2007,3.89,4.78,6.51,2.4,17.58,24.28
525,Panipat,Haryana,2008,7.24,5.58,8.12,5.79,26.729999999999997,32.1
525,Panipat,Haryana,2009,1.49,4.81,4.26,6.03,16.59,20.65
525,Panipat,Haryana,2010,2.28,9.88,9.0,9.05,30.21,32.71
525,Panipat,Haryana,2011,4.39,5.31,6.94,7.82,24.46,28.08
525,Panipat,Haryana,2012,0.81,4.37,9.55,3.56,18.29,20.52
525,Panipat,Haryana,2013,6.49,9.45,9.39,3.02,28.349999999999998,34.77
525,Panipat,Haryana,2014,1.18,3.21,4.43,3.48,12.3,19.18
525,Panipat,Haryana,2015,3.09,8.61,6.69,1.39,19.78,26.57
525,Panipat,Haryana,2016,1.78,9.48,4.28,1.44,16.98,19.5
525,Panipat,Haryana,2017,5.04,3.59,5.15,4.73,18.509999999999998,22.16
525,Panipat,Haryana,2018,4.56,11.49,5.63,7.15,28.83,30.88
525,Panipat,Haryana,2019,0.84,7.29,5.7,2.94,16.770000000000003,22.66
526,Rewari,Haryana,1990,1.78,5.56,7.28,6.2,20.82,25.76
526,Rewari,Haryana,1991,1.43,3.16,9.04,3.48,17.11,19.2
526,Rewari,Haryana,1992,0.33,3.47,5.31,3.44,12.549999999999999,14.73
526,Rewari,Haryana,1993,3.34,7.9,3.3,5.94,20.48,22.2
526,Rewari,Haryana,1994,1.83,10.75,6.85,1.06,20.49,22.34
526,Rewari,Haryana,1995,1.14,2.58,11.59,4.56,19.869999999999997,23.099999999999998
526,Rewari,Haryana,1996,4.31,4.77,7.87,4.48,21.43,24.2
526,Rewari,Haryana,1997,2.26,3.18,5.06,1.62,12.120000000000001,17.97
526,Rewari,Haryana,1998,3.52,4.12,4.77,5.57,17.98,21.8
526,Rewari,Haryana,1999,1.43,3.05,2.54,2.03,9.049999999999999,10.959999999999999
526,Rewari,Haryana,2000,3.22,4.85,3.29,0.75,12.11,14.33
526,Rewari,Haryana,2001,2.99,3.89,2.89,0.98,10.750000000000002,13.82
526,Rewari,Haryana,2002,1.13,0.23,2.95,4.24,8.55,13.34
526,Rewari,Haryana,2003,3.49,12.77,4.45,2.38,23.089999999999996,25.57
526,Rewari,Haryana,2004,1.79,1.63,8.12,0.71,12.25,17.25
526,Rewari,Haryana,2005,2.12,6.09,2.22,5.03,15.46,17.94
526,Rewari,Haryana,2006,3.18,5.86,2.29,2.57,13.900000000000002,16.3
526,Rewari,Haryana,2007,3.76,3.91,5.42,2.24,15.33,20.4
526,Rewari,Haryana,2008,3.52,4.89,6.03,4.12,18.560000000000002,22.86
526,Rewari,Haryana,2009,0.93,3.72,4.33,4.45,13.43,16.87
526,Rewari,Haryana,2010,0.52,6.96,8.93,6.42,22.83,25.349999999999998
526,Rewari,Haryana,2011,2.95,3.5,5.7,6.1,18.25,20.68
526,Rewari,Haryana,2012,0.36,3.91,11.18,2.47,17.919999999999998,19.46
526,Rewari,Haryana,2013,4.27,7.82,9.46,2.97,24.52,30.34
526,Rewari,Haryana,2014,0.94,3.41,5.1,1.94,11.389999999999999,16.49
526,Rewari,Haryana,2015,1.92,5.6,5.39,0.83,13.74,19.24
526,Rewari,Haryana,2016,1.9,10.87,5.36,0.86,18.99,20.68
526,Rewari,Haryana,2017,4.48,3.35,4.23,2.8,14.86,17.61
526,Rewari,Haryana,2018,1.84,9.53,4.61,4.98,20.96,22.87
526,Rewari,Haryana,2019,0.39,5.22,5.76,2.39,13.76,18.98
527,Haridwar,Uttarakhand,1990,2.22,10.66,8.04,11.15,32.07,38.49
527,Haridwar,Uttarakhand,1991,6.1,4.21,14.58,5.35,30.240000000000002,33.339999999999996
527,Haridwar,Uttarakhand,1992,1.29,5.9,8.32,3.93,19.44,22.03
527,Haridwar,Uttarakhand,1993,5.05,10.96,12.04,8.92,36.97,42.71
527,Haridwar,Uttarakhand,1994,4.13,13.58,14.15,1.28,33.14,37.83
527,Haridwar,Uttarakhand,1995,2.05,8.2,12.85,6.75,29.85,34.65
527,Haridwar,Uttarakhand,1996,6.25,7.74,15.71,6.76,36.46,44.61
527,Haridwar,Uttarakhand,1997,5.89,11.63,8.2,2.91,28.63,40.5
527,Haridwar,Uttarakhand,1998,3.26,13.32,15.21,5.38,37.17,48.160000000000004
527,Haridwar,Uttarakhand,1999,4.75,6.52,3.44,6.0,20.71,23.32
527,Haridwar,Uttarakhand,2000,4.25,7.75,6.56,3.58,22.14,25.94
527,Haridwar,Uttarakhand,2001,9.27,14.82,10.29,2.33,36.709999999999994,42.75
527,Haridwar,Uttarakhand,2002,2.92,3.02,9.79,6.49,22.22,30.5
527,Haridwar,Uttarakhand,2003,3.19,11.92,10.92,7.93,33.96,39.93
527,Haridwar,Uttarakhand,2004,7.15,12.16,10.82,1.4,31.53,39.04
527,Haridwar,Uttarakhand,2005,2.56,13.55,8.73,9.46,34.3,39.92
527,Haridwar,Uttarakhand,2006,4.02,12.53,8.47,3.62,28.639999999999997,36.83
527,Haridwar,Uttarakhand,2007,3.24,16.84,16.55,5.64,42.269999999999996,49.78
527,Haridwar,Uttarakhand,2008,10.12,15.32,13.36,5.37,44.169999999999995,49.61
527,Haridwar,Uttarakhand,2009,2.26,8.66,9.26,6.71,26.89,34.26
527,Haridwar,Uttarakhand,2010,2.71,18.75,18.27,17.76,57.49000000000001,61.910000000000004
527,Haridwar,Uttarakhand,2011,9.6,15.16,15.21,8.52,48.489999999999995,54.76
527,Haridwar,Uttarakhand,2012,1.58,11.16,18.46,8.45,39.650000000000006,43.3
527,Haridwar,Uttarakhand,2013,21.05,15.73,15.17,4.78,56.730000000000004,66.62
527,Haridwar,Uttarakhand,2014,2.12,9.36,12.23,3.75,27.46,38.22
527,Haridwar,Uttarakhand,2015,3.86,12.29,10.65,2.05,28.849999999999998,37.61
527,Haridwar,Uttarakhand,2016,3.02,12.2,6.59,2.33,24.14,28.099999999999998
527,Haridwar,Uttarakhand,2017,7.05,7.01,9.12,6.68,29.86,35.71
527,Haridwar,Uttarakhand,2018,5.82,13.24,11.77,8.03,38.86,42.26
527,Haridwar,Uttarakhand,2019,1.33,9.33,8.65,5.58,24.89,32.19
528,Firozabad,Uttar Pradesh,1990,1.64,8.28,3.88,6.08,19.880000000000003,24.2
528,Firozabad,Uttar Pradesh,1991,0.35,4.17,9.91,2.07,16.5,17.6
528,Firozabad,Uttar Pradesh,1992,0.14,4.85,6.98,4.43,16.4,19.25
528,Firozabad,Uttar Pradesh,1993,2.25,4.52,3.23,10.61,20.61,21.93
528,Firozabad,Uttar Pradesh,1994,3.42,10.97,6.02,0.84,21.25,22.85
528,Firozabad,Uttar Pradesh,1995,2.33,4.31,11.11,5.66,23.41,25.23
528,Firozabad,Uttar Pradesh,1996,3.14,7.55,7.64,4.53,22.86,26.62
528,Firozabad,Uttar Pradesh,1997,1.83,3.57,4.4,2.23,12.030000000000001,17.69
528,Firozabad,Uttar Pradesh,1998,2.28,7.14,5.83,4.4,19.65,22.4
528,Firozabad,Uttar Pradesh,1999,0.55,5.82,6.29,3.18,15.84,16.990000000000002
528,Firozabad,Uttar Pradesh,2000,1.96,4.65,3.23,0.86,10.7,11.82
528,Firozabad,Uttar Pradesh,2001,2.63,5.85,3.39,0.8,12.670000000000002,14.77
528,Firozabad,Uttar Pradesh,2002,0.81,0.38,5.04,4.91,11.14,14.65
528,Firozabad,Uttar Pradesh,2003,1.74,5.49,3.84,4.36,15.43,17.43
528,Firozabad,Uttar Pradesh,2004,1.51,4.22,7.16,2.69,15.58,18.7
528,Firozabad,Uttar Pradesh,2005,1.46,8.76,1.5,2.94,14.659999999999998,16.08
528,Firozabad,Uttar Pradesh,2006,4.11,6.07,1.98,1.24,13.4,15.040000000000001
528,Firozabad,Uttar Pradesh,2007,3.03,4.04,4.23,1.61,12.91,15.88
528,Firozabad,Uttar Pradesh,2008,4.58,7.92,5.93,3.97,22.4,23.77
528,Firozabad,Uttar Pradesh,2009,0.99,3.42,3.15,4.19,11.75,17.3
528,Firozabad,Uttar Pradesh,2010,1.22,4.24,4.9,5.85,16.21,18.830000000000002
528,Firozabad,Uttar Pradesh,2011,4.79,5.29,7.11,3.79,20.98,22.6
528,Firozabad,Uttar Pradesh,2012,0.47,7.92,10.84,4.01,23.240000000000002,24.78
528,Firozabad,Uttar Pradesh,2013,5.99,6.72,11.51,3.17,27.39,34.32
528,Firozabad,Uttar Pradesh,2014,0.7,4.58,6.13,2.12,13.530000000000001,18.98
528,Firozabad,Uttar Pradesh,2015,1.98,5.02,5.0,2.34,14.34,20.939999999999998
528,Firozabad,Uttar Pradesh,2016,1.97,13.11,6.7,1.19,22.970000000000002,24.75
528,Firozabad,Uttar Pradesh,2017,2.56,4.35,5.42,2.46,14.79,16.81
528,Firozabad,Uttar Pradesh,2018,2.57,11.22,8.46,4.08,26.33,28.34
528,Firozabad,Uttar Pradesh,2019,0.98,6.14,7.86,6.46,21.44,24.34
529,Sonbhadra,Uttar Pradesh,1990,7.88,13.94,7.2,5.36,34.38,38.98
529,Sonbhadra,Uttar Pradesh,1991,4.02,5.46,11.62,5.03,26.130000000000003,27.27
529,Sonbhadra,Uttar Pradesh,1992,1.9,7.42,10.12,5.04,24.479999999999997,27.18
529,Sonbhadra,Uttar Pradesh,1993,3.66,4.68,6.04,11.5,25.88,29.04
529,Sonbhadra,Uttar Pradesh,1994,4.95,9.75,11.64,4.42,30.759999999999998,35.28
529,Sonbhadra,Uttar Pradesh,1995,2.48,4.93,8.31,7.68,23.4,28.31
529,Sonbhadra,Uttar Pradesh,1996,6.34,6.64,10.31,4.15,27.439999999999998,31.92
529,Sonbhadra,Uttar Pradesh,1997,4.68,12.5,8.63,5.89,31.700000000000003,38.04
529,Sonbhadra,Uttar Pradesh,1998,2.62,6.98,10.87,7.23,27.7,32.52
529,Sonbhadra,Uttar Pradesh,1999,4.23,10.55,7.67,4.28,26.730000000000004,30.55
529,Sonbhadra,Uttar Pradesh,2000,4.39,6.24,4.89,7.23,22.75,24.35
529,Sonbhadra,Uttar Pradesh,2001,5.38,10.61,6.2,3.16,25.349999999999998,29.89
529,Sonbhadra,Uttar Pradesh,2002,3.11,4.4,9.35,5.68,22.54,27.36
529,Sonbhadra,Uttar Pradesh,2003,3.18,6.52,6.72,7.99,24.409999999999997,29.35
529,Sonbhadra,Uttar Pradesh,2004,6.84,4.67,6.21,2.62,20.34,23.34
529,Sonbhadra,Uttar Pradesh,2005,2.78,7.95,7.49,3.69,21.91,24.93
529,Sonbhadra,Uttar Pradesh,2006,3.67,8.76,6.35,3.22,22.0,25.55
529,Sonbhadra,Uttar Pradesh,2007,2.57,6.79,6.83,6.44,22.63,27.73
529,Sonbhadra,Uttar Pradesh,2008,10.37,9.89,8.69,2.28,31.229999999999997,33.24
529,Sonbhadra,Uttar Pradesh,2009,0.93,6.08,4.11,5.87,16.990000000000002,20.35
529,Sonbhadra,Uttar Pradesh,2010,1.18,6.13,5.61,4.87,17.79,20.650000000000002
529,Sonbhadra,Uttar Pradesh,2011,9.34,5.98,8.37,8.99,32.68,34.83
529,Sonbhadra,Uttar Pradesh,2012,1.63,11.62,9.13,6.3,28.680000000000003,32.35
529,Sonbhadra,Uttar Pradesh,2013,6.01,6.28,8.4,4.66,25.349999999999998,34.69
529,Sonbhadra,Uttar Pradesh,2014,1.82,7.52,7.78,3.87,20.990000000000002,29.48
529,Sonbhadra,Uttar Pradesh,2015,4.3,12.61,8.88,2.0,27.79,33.36
529,Sonbhadra,Uttar Pradesh,2016,1.5,13.21,13.35,8.05,36.11,39.07
529,Sonbhadra,Uttar Pradesh,2017,2.61,15.31,5.05,2.28,25.250000000000004,26.3
529,Sonbhadra,Uttar Pradesh,2018,2.51,10.13,9.22,3.9,25.759999999999998,27.43
529,Sonbhadra,Uttar Pradesh,2019,1.61,7.52,9.56,11.47,30.159999999999997,33.910000000000004
530,Mau,Uttar Pradesh,1990,6.95,18.5,4.64,4.1,34.19,36.38
530,Mau,Uttar Pradesh,1991,3.91,5.14,8.12,7.42,24.590000000000003,25.63
530,Mau,Uttar Pradesh,1992,2.82,6.16,8.23,2.41,19.62,22.6
530,Mau,Uttar Pradesh,1993,4.24,4.31,9.33,8.56,26.440000000000005,28.95
530,Mau,Uttar Pradesh,1994,2.99,7.28,8.73,6.3,25.3,28.7
530,Mau,Uttar Pradesh,1995,2.93,6.77,8.62,6.45,24.77,28.77
530,Mau,Uttar Pradesh,1996,6.09,6.47,12.2,4.77,29.529999999999998,34.69
530,Mau,Uttar Pradesh,1997,3.11,12.13,6.85,6.06,28.15,32.78
530,Mau,Uttar Pradesh,1998,1.44,11.98,13.91,5.22,32.55,37.09
530,Mau,Uttar Pradesh,1999,3.88,7.65,6.25,2.55,20.330000000000002,25.27
530,Mau,Uttar Pradesh,2000,8.51,7.39,8.34,7.66,31.9,33.96
530,Mau,Uttar Pradesh,2001,6.43,7.29,6.56,6.65,26.93,32.8
530,Mau,Uttar Pradesh,2002,3.04,5.41,5.89,4.2,18.54,24.18
530,Mau,Uttar Pradesh,2003,5.3,6.79,4.48,4.34,20.91,24.59
530,Mau,Uttar Pradesh,2004,6.69,6.64,6.12,1.49,20.939999999999998,24.5
530,Mau,Uttar Pradesh,2005,2.05,10.3,8.21,2.77,23.330000000000002,28.720000000000002
530,Mau,Uttar Pradesh,2006,6.3,9.81,6.41,4.71,27.23,30.59
530,Mau,Uttar Pradesh,2007,2.93,11.78,9.75,8.82,33.28,39.47
530,Mau,Uttar Pradesh,2008,13.67,15.67,11.92,5.32,46.58,50.12
530,Mau,Uttar Pradesh,2009,1.77,8.45,7.47,3.92,21.61,25.369999999999997
530,Mau,Uttar Pradesh,2010,1.84,9.46,8.14,6.01,25.450000000000003,29.14
530,Mau,Uttar Pradesh,2011,7.64,6.83,8.48,7.4,30.35,33.61
530,Mau,Uttar Pradesh,2012,1.34,10.74,6.67,9.0,27.75,30.38
530,Mau,Uttar Pradesh,2013,9.86,4.36,6.0,6.08,26.299999999999997,36.02
530,Mau,Uttar Pradesh,2014,3.58,7.06,9.56,6.21,26.410000000000004,33.74
530,Mau,Uttar Pradesh,2015,3.89,9.12,7.21,1.19,21.41,25.88
530,Mau,Uttar Pradesh,2016,1.68,11.05,5.93,8.73,27.39,30.91
530,Mau,Uttar Pradesh,2017,2.13,12.27,8.02,2.27,24.689999999999998,26.45
530,Mau,Uttar Pradesh,2018,3.04,7.53,7.61,4.32,22.5,25.07
530,Mau,Uttar Pradesh,2019,1.75,11.75,4.14,11.41,29.05,32.03
533,Mahoba,Uttar Pradesh,1990,3.97,10.65,6.32,7.97,28.91,31.55
533,Mahoba,Uttar Pradesh,1991,2.32,5.17,12.73,3.57,23.79,24.64
533,Mahoba,Uttar Pradesh,1992,0.46,6.34,9.64,6.58,23.020000000000003,25.35
533,Mahoba,Uttar Pradesh,1993,2.83,3.37,3.33,12.15,21.68,23.48
533,Mahoba,Uttar Pradesh,1994,3.56,9.77,9.92,2.16,25.41,27.37
533,Mahoba,Uttar Pradesh,1995,2.51,6.06,8.66,5.28,22.51,24.74
533,Mahoba,Uttar Pradesh,1996,4.0,7.36,8.38,4.3,24.040000000000003,29.05
533,Mahoba,Uttar Pradesh,1997,1.94,7.55,7.87,5.86,23.22,30.16
533,Mahoba,Uttar Pradesh,1998,1.77,7.97,9.04,4.63,23.41,25.279999999999998
533,Mahoba,Uttar Pradesh,1999,1.56,9.3,5.49,5.5,21.85,23.650000000000002
533,Mahoba,Uttar Pradesh,2000,2.66,5.35,6.62,1.92,16.549999999999997,17.84
533,Mahoba,Uttar Pradesh,2001,5.55,12.4,6.3,0.93,25.18,30.02
533,Mahoba,Uttar Pradesh,2002,2.11,3.04,9.04,7.1,21.29,25.07
533,Mahoba,Uttar Pradesh,2003,2.01,5.05,8.52,12.92,28.5,32.12
533,Mahoba,Uttar Pradesh,2004,5.77,5.2,7.21,3.96,22.14,24.77
533,Mahoba,Uttar Pradesh,2005,3.12,14.57,4.91,5.06,27.66,30.2
533,Mahoba,Uttar Pradesh,2006,3.32,9.76,3.87,1.47,18.419999999999998,21.32
533,Mahoba,Uttar Pradesh,2007,2.59,5.63,5.97,2.97,17.159999999999997,21.17
533,Mahoba,Uttar Pradesh,2008,7.42,10.13,8.67,4.57,30.79,32.59
533,Mahoba,Uttar Pradesh,2009,1.11,4.47,3.7,6.44,15.720000000000002,22.56
533,Mahoba,Uttar Pradesh,2010,1.31,6.15,6.37,5.45,19.28,21.85
533,Mahoba,Uttar Pradesh,2011,7.16,7.89,7.07,3.74,25.86,26.740000000000002
533,Mahoba,Uttar Pradesh,2012,0.69,7.24,9.17,4.63,21.73,23.13
533,Mahoba,Uttar Pradesh,2013,6.83,8.02,9.67,2.25,26.77,33.59
533,Mahoba,Uttar Pradesh,2014,1.04,5.37,3.22,4.59,14.22,20.29
533,Mahoba,Uttar Pradesh,2015,2.54,5.5,4.64,2.59,15.27,21.98
533,Mahoba,Uttar Pradesh,2016,2.25,14.9,12.15,2.68,31.979999999999997,34.550000000000004
533,Mahoba,Uttar Pradesh,2017,1.78,7.96,4.85,2.43,17.02,18.15
533,Mahoba,Uttar Pradesh,2018,1.91,12.44,8.38,5.2,27.93,29.35
533,Mahoba,Uttar Pradesh,2019,1.62,9.4,9.84,9.71,30.57,34.0
536,Baran,Rajasthan,1990,3.91,7.24,7.76,9.28,28.189999999999998,30.24
536,Baran,Rajasthan,1991,1.03,9.12,8.36,1.12,19.63,20.439999999999998
536,Baran,Rajasthan,1992,0.26,4.86,11.06,3.97,20.15,23.150000000000002
536,Baran,Rajasthan,1993,2.23,6.87,4.75,8.48,22.33,23.32
536,Baran,Rajasthan,1994,3.77,9.23,6.91,3.22,23.13,24.39
536,Baran,Rajasthan,1995,1.28,10.12,11.85,6.39,29.64,31.79
536,Baran,Rajasthan,1996,1.16,12.66,12.2,3.63,29.65,32.01
536,Baran,Rajasthan,1997,2.28,4.69,13.01,2.78,22.76,27.93
536,Baran,Rajasthan,1998,2.56,7.77,5.18,3.84,19.35,20.11
536,Baran,Rajasthan,1999,1.97,8.38,3.66,5.35,19.36,21.09
536,Baran,Rajasthan,2000,0.96,4.06,3.13,1.24,9.389999999999999,10.34
536,Baran,Rajasthan,2001,5.65,13.02,5.77,0.43,24.87,28.04
536,Baran,Rajasthan,2002,1.44,1.2,10.97,1.89,15.5,17.09
536,Baran,Rajasthan,2003,2.59,6.36,6.0,5.66,20.61,22.82
536,Baran,Rajasthan,2004,1.18,6.14,13.62,0.98,21.919999999999998,24.049999999999997
536,Baran,Rajasthan,2005,2.98,13.12,1.23,4.32,21.65,22.59
536,Baran,Rajasthan,2006,2.53,8.87,10.68,4.05,26.13,28.47
536,Baran,Rajasthan,2007,3.04,9.68,7.96,4.77,25.45,27.79
536,Baran,Rajasthan,2008,10.33,6.61,5.77,4.51,27.22,28.64
536,Baran,Rajasthan,2009,2.81,5.56,4.4,2.03,14.799999999999999,18.1
536,Baran,Rajasthan,2010,2.56,8.08,8.29,3.02,21.95,25.58
536,Baran,Rajasthan,2011,15.67,13.66,9.78,5.87,44.98,45.42
536,Baran,Rajasthan,2012,0.78,9.09,8.63,4.32,22.82,23.8
536,Baran,Rajasthan,2013,6.64,16.82,13.13,2.19,38.78,44.410000000000004
536,Baran,Rajasthan,2014,0.94,8.68,11.57,3.78,24.97,29.37
536,Baran,Rajasthan,2015,4.07,11.03,9.68,1.11,25.89,30.12
536,Baran,Rajasthan,2016,3.08,14.83,14.58,0.98,33.47,35.15
536,Baran,Rajasthan,2017,2.97,6.07,3.3,4.02,16.36,17.47
536,Baran,Rajasthan,2018,2.37,7.12,5.51,4.89,19.89,20.07
536,Baran,Rajasthan,2019,1.69,7.92,13.1,7.19,29.900000000000002,31.63
537,Dausa,Rajasthan,1990,1.38,7.46,8.21,4.38,21.43,24.220000000000002
537,Dausa,Rajasthan,1991,1.02,4.91,6.79,3.8,16.52,17.19
537,Dausa,Rajasthan,1992,0.35,6.92,6.58,4.83,18.68,20.72
537,Dausa,Rajasthan,1993,3.72,5.37,3.6,3.77,16.46,17.990000000000002
537,Dausa,Rajasthan,1994,1.92,7.34,8.01,3.22,20.49,22.23
537,Dausa,Rajasthan,1995,0.62,7.24,12.87,1.43,22.16,24.09
537,Dausa,Rajasthan,1996,3.6,5.35,7.86,5.87,22.68,25.4
537,Dausa,Rajasthan,1997,1.02,6.01,6.76,1.75,15.54,21.63
537,Dausa,Rajasthan,1998,1.06,8.01,2.32,5.32,16.71,18.7
537,Dausa,Rajasthan,1999,0.53,2.52,2.44,1.48,6.970000000000001,8.55
537,Dausa,Rajasthan,2000,0.76,4.81,2.68,0.55,8.8,10.25
537,Dausa,Rajasthan,2001,2.99,7.15,3.24,0.27,13.65,16.53
537,Dausa,Rajasthan,2002,1.37,0.32,2.29,0.94,4.92,7.37
537,Dausa,Rajasthan,2003,2.8,6.03,4.55,2.45,15.829999999999998,17.89
537,Dausa,Rajasthan,2004,1.09,4.15,12.33,0.96,18.53,22.42
537,Dausa,Rajasthan,2005,3.46,5.86,0.5,2.82,12.64,14.23
537,Dausa,Rajasthan,2006,4.02,4.29,2.91,1.72,12.94,14.93
537,Dausa,Rajasthan,2007,1.25,4.29,6.34,2.84,14.719999999999999,17.669999999999998
537,Dausa,Rajasthan,2008,5.4,4.73,2.69,3.36,16.18,18.32
537,Dausa,Rajasthan,2009,1.56,3.63,3.75,1.69,10.629999999999999,13.15
537,Dausa,Rajasthan,2010,0.95,6.88,10.58,3.62,22.03,24.96
537,Dausa,Rajasthan,2011,3.49,5.41,5.91,6.45,21.26,22.62
537,Dausa,Rajasthan,2012,0.14,3.93,15.58,3.35,23.0,23.93
537,Dausa,Rajasthan,2013,4.99,5.98,10.15,2.04,23.16,26.59
537,Dausa,Rajasthan,2014,0.31,6.1,7.17,2.57,16.15,19.669999999999998
537,Dausa,Rajasthan,2015,2.09,5.51,3.71,0.7,12.009999999999998,17.349999999999998
537,Dausa,Rajasthan,2016,1.32,10.48,7.86,0.79,20.45,21.720000000000002
537,Dausa,Rajasthan,2017,2.48,3.62,4.1,1.22,11.42,13.82
537,Dausa,Rajasthan,2018,2.11,8.89,5.35,5.09,21.44,23.07
537,Dausa,Rajasthan,2019,0.78,8.5,7.71,3.17,20.159999999999997,23.04
538,Rajsamand,Rajasthan,1990,0.82,2.46,6.01,2.62,11.91,13.5
538,Rajsamand,Rajasthan,1991,0.18,4.26,4.08,0.84,9.36,9.629999999999999
538,Rajsamand,Rajasthan,1992,0.19,4.14,4.71,8.98,18.02,20.99
538,Rajsamand,Rajasthan,1993,2.59,7.6,1.29,3.23,14.71,15.889999999999999
538,Rajsamand,Rajasthan,1994,1.14,7.54,8.4,2.45,19.529999999999998,20.86
538,Rajsamand,Rajasthan,1995,0.62,5.77,3.82,0.49,10.7,12.139999999999999
538,Rajsamand,Rajasthan,1996,5.18,6.03,5.03,1.08,17.32,19.21
538,Rajsamand,Rajasthan,1997,2.56,3.79,8.86,2.85,18.06,20.59
538,Rajsamand,Rajasthan,1998,3.88,3.38,2.8,5.21,15.27,16.87
538,Rajsamand,Rajasthan,1999,1.84,4.69,2.24,0.45,9.219999999999999,10.75
538,Rajsamand,Rajasthan,2000,0.61,6.06,0.94,0.22,7.829999999999999,8.889999999999999
538,Rajsamand,Rajasthan,2001,2.56,5.61,4.0,0.62,12.79,14.05
538,Rajsamand,Rajasthan,2002,1.65,0.17,2.77,0.95,5.54,6.21
538,Rajsamand,Rajasthan,2003,1.71,5.94,1.66,1.25,10.56,11.48
538,Rajsamand,Rajasthan,2004,1.64,5.22,4.9,1.62,13.379999999999999,14.08
538,Rajsamand,Rajasthan,2005,1.78,3.65,2.55,4.3,12.28,13.48
538,Rajsamand,Rajasthan,2006,1.82,2.87,6.76,1.55,13.0,13.45
538,Rajsamand,Rajasthan,2007,2.3,3.97,3.9,1.21,11.379999999999999,13.12
538,Rajsamand,Rajasthan,2008,3.58,4.06,5.35,1.97,14.959999999999999,16.65
538,Rajsamand,Rajasthan,2009,1.34,6.55,2.97,0.59,11.45,12.7
538,Rajsamand,Rajasthan,2010,1.28,6.55,6.62,4.75,19.2,21.45
538,Rajsamand,Rajasthan,2011,1.4,4.64,6.84,3.84,16.72,17.2
538,Rajsamand,Rajasthan,2012,0.36,4.24,8.51,5.32,18.43,19.3
538,Rajsamand,Rajasthan,2013,1.88,7.48,3.63,3.51,16.5,18.24
538,Rajsamand,Rajasthan,2014,0.33,4.17,3.82,5.1,13.42,14.7
538,Rajsamand,Rajasthan,2015,2.4,5.83,3.8,0.9,12.930000000000001,14.62
538,Rajsamand,Rajasthan,2016,1.73,6.29,14.4,0.37,22.790000000000003,24.68
538,Rajsamand,Rajasthan,2017,3.22,11.27,2.61,0.88,17.98,20.07
538,Rajsamand,Rajasthan,2018,1.76,5.02,3.34,1.87,11.989999999999998,12.1
538,Rajsamand,Rajasthan,2019,1.4,6.4,10.37,3.17,21.340000000000003,22.939999999999998
539,Hanumangarh,Rajasthan,1990,0.99,3.69,2.34,3.45,10.469999999999999,13.040000000000001
539,Hanumangarh,Rajasthan,1991,1.47,1.15,3.33,0.39,6.34,7.22
539,Hanumangarh,Rajasthan,1992,0.54,2.72,3.49,1.85,8.6,11.370000000000001
539,Hanumangarh,Rajasthan,1993,1.01,3.9,0.37,2.24,7.5200000000000005,9.33
539,Hanumangarh,Rajasthan,1994,1.1,5.52,3.65,1.72,11.99,13.629999999999999
539,Hanumangarh,Rajasthan,1995,1.87,2.47,5.35,1.41,11.1,14.76
539,Hanumangarh,Rajasthan,1996,3.53,1.76,2.94,1.31,9.540000000000001,12.719999999999999
539,Hanumangarh,Rajasthan,1997,1.83,2.93,5.55,0.21,10.52,16.27
539,Hanumangarh,Rajasthan,1998,1.44,2.61,1.02,3.41,8.48,12.48
539,Hanumangarh,Rajasthan,1999,1.03,1.48,0.56,0.28,3.3499999999999996,4.63
539,Hanumangarh,Rajasthan,2000,1.27,1.81,0.79,0.33,4.2,5.32
539,Hanumangarh,Rajasthan,2001,2.03,2.45,3.0,0.33,7.8100000000000005,10.63
539,Hanumangarh,Rajasthan,2002,0.39,0.17,1.25,0.92,2.73,5.19
539,Hanumangarh,Rajasthan,2003,0.63,6.93,2.22,1.8,11.58,13.3
539,Hanumangarh,Rajasthan,2004,2.07,0.37,2.48,0.24,5.16,8.54
539,Hanumangarh,Rajasthan,2005,1.06,2.65,0.32,2.69,6.720000000000001,11.11
539,Hanumangarh,Rajasthan,2006,2.56,1.64,0.7,1.32,6.220000000000001,8.74
539,Hanumangarh,Rajasthan,2007,3.62,1.26,1.38,2.42,8.68,12.879999999999999
539,Hanumangarh,Rajasthan,2008,4.4,2.77,4.14,1.63,12.939999999999998,15.2
539,Hanumangarh,Rajasthan,2009,0.83,2.0,1.89,2.66,7.38,9.75
539,Hanumangarh,Rajasthan,2010,1.68,3.85,4.87,3.65,14.05,15.06
539,Hanumangarh,Rajasthan,2011,1.07,1.57,3.47,6.21,12.32,15.290000000000001
539,Hanumangarh,Rajasthan,2012,0.49,1.64,3.72,4.32,10.17,11.82
539,Hanumangarh,Rajasthan,2013,1.86,3.69,2.96,0.94,9.45,12.49
539,Hanumangarh,Rajasthan,2014,0.64,1.78,0.63,5.03,8.08,11.110000000000001
539,Hanumangarh,Rajasthan,2015,1.64,3.68,2.69,2.41,10.42,14.49
539,Hanumangarh,Rajasthan,2016,1.28,3.97,3.54,0.28,9.069999999999999,10.91
539,Hanumangarh,Rajasthan,2017,3.26,2.3,1.21,1.18,7.949999999999999,10.27
539,Hanumangarh,Rajasthan,2018,2.73,4.64,0.78,1.42,9.569999999999999,10.379999999999999
539,Hanumangarh,Rajasthan,2019,1.19,3.23,1.8,0.89,7.109999999999999,11.79
542,Nagapattinam,Tamil Nadu,1990,0.35,1.41,1.83,3.45,7.04,29.25
542,Nagapattinam,Tamil Nadu,1991,4.73,1.05,1.89,3.52,11.19,31.16
542,Nagapattinam,Tamil Nadu,1992,1.6,1.39,1.11,4.49,8.59,27.53
542,Nagapattinam,Tamil Nadu,1993,2.58,1.59,1.05,1.94,7.16,41.12
542,Nagapattinam,Tamil Nadu,1994,0.57,1.54,0.94,1.72,4.77,27.61
542,Nagapattinam,Tamil Nadu,1995,2.11,1.58,2.02,2.12,7.83,23.0
542,Nagapattinam,Tamil Nadu,1996,4.97,1.59,2.45,3.65,12.66,33.980000000000004
542,Nagapattinam,Tamil Nadu,1997,2.19,1.46,1.14,3.33,8.120000000000001,35.35
542,Nagapattinam,Tamil Nadu,1998,0.83,2.09,5.65,3.96,12.530000000000001,40.35
542,Nagapattinam,Tamil Nadu,1999,1.65,0.7,1.46,1.82,5.63,28.29
542,Nagapattinam,Tamil Nadu,2000,0.94,2.2,1.84,4.08,9.06,29.21
542,Nagapattinam,Tamil Nadu,2001,1.5,1.92,1.2,3.72,8.34,31.39
542,Nagapattinam,Tamil Nadu,2002,1.87,0.58,0.8,1.17,4.42,26.46
542,Nagapattinam,Tamil Nadu,2003,0.73,1.99,3.07,1.85,7.639999999999999,28.44
542,Nagapattinam,Tamil Nadu,2004,1.12,2.14,0.88,7.07,11.21,39.08
542,Nagapattinam,Tamil Nadu,2005,1.1,1.69,1.46,2.92,7.17,44.870000000000005
542,Nagapattinam,Tamil Nadu,2006,1.41,0.81,2.3,3.15,7.67,31.44
542,Nagapattinam,Tamil Nadu,2007,2.61,1.92,2.22,2.85,9.6,34.04
542,Nagapattinam,Tamil Nadu,2008,1.25,1.97,2.77,1.32,7.3100000000000005,40.57
542,Nagapattinam,Tamil Nadu,2009,0.57,0.8,2.17,1.81,5.35,36.42
542,Nagapattinam,Tamil Nadu,2010,3.02,2.02,4.47,4.25,13.76,46.9
542,Nagapattinam,Tamil Nadu,2011,0.82,1.53,2.63,2.41,7.390000000000001,36.68
542,Nagapattinam,Tamil Nadu,2012,0.99,1.12,1.84,3.6,7.550000000000001,31.45
542,Nagapattinam,Tamil Nadu,2013,1.46,1.56,2.55,3.8,9.370000000000001,31.03
542,Nagapattinam,Tamil Nadu,2014,1.12,0.81,2.4,2.27,6.6,37.87
542,Nagapattinam,Tamil Nadu,2015,2.33,1.54,3.03,2.89,9.790000000000001,52.839999999999996
542,Nagapattinam,Tamil Nadu,2016,2.5,2.42,2.39,2.04,9.350000000000001,28.16
542,Nagapattinam,Tamil Nadu,2017,1.74,2.31,4.54,3.7,12.29,42.410000000000004
542,Nagapattinam,Tamil Nadu,2018,2.31,1.78,1.94,2.25,8.28,33.11
542,Nagapattinam,Tamil Nadu,2019,1.5,2.65,4.03,6.99,15.17,40.33
543,Villupuram,Tamil Nadu,1990,0.85,1.6,4.42,5.76,12.629999999999999,31.54
543,Villupuram,Tamil Nadu,1991,4.13,1.08,3.69,3.89,12.790000000000001,31.68
543,Villupuram,Tamil Nadu,1992,1.87,1.83,1.41,5.37,10.48,25.06
543,Villupuram,Tamil Nadu,1993,2.97,2.64,2.53,3.11,11.25,39.03
543,Villupuram,Tamil Nadu,1994,1.19,2.26,2.15,1.81,7.41,27.68
543,Villupuram,Tamil Nadu,1995,1.66,2.66,5.04,3.99,13.35,28.150000000000002
543,Villupuram,Tamil Nadu,1996,7.45,0.87,5.21,5.78,19.310000000000002,44.92
543,Villupuram,Tamil Nadu,1997,1.6,2.32,2.64,3.48,10.040000000000001,40.66
543,Villupuram,Tamil Nadu,1998,0.57,2.99,4.7,4.85,13.11,36.2
543,Villupuram,Tamil Nadu,1999,2.5,1.75,2.04,3.28,9.57,30.14
543,Villupuram,Tamil Nadu,2000,1.76,3.2,2.55,4.17,11.68,32.92
543,Villupuram,Tamil Nadu,2001,1.6,3.98,2.1,4.61,12.29,30.53
543,Villupuram,Tamil Nadu,2002,3.09,0.83,1.44,3.17,8.53,26.02
543,Villupuram,Tamil Nadu,2003,1.32,2.73,3.89,2.78,10.719999999999999,27.29
543,Villupuram,Tamil Nadu,2004,1.09,2.97,1.95,8.05,14.060000000000002,43.96
543,Villupuram,Tamil Nadu,2005,0.35,1.4,3.1,4.24,9.09,50.98
543,Villupuram,Tamil Nadu,2006,1.78,1.62,2.37,2.56,8.33,31.900000000000002
543,Villupuram,Tamil Nadu,2007,1.18,3.52,5.08,3.74,13.520000000000001,36.13
543,Villupuram,Tamil Nadu,2008,1.75,3.22,3.74,1.89,10.600000000000001,45.58
543,Villupuram,Tamil Nadu,2009,0.8,2.92,2.29,4.72,10.73,33.26
543,Villupuram,Tamil Nadu,2010,3.56,2.53,5.8,4.21,16.1,43.21
543,Villupuram,Tamil Nadu,2011,0.63,3.18,3.64,5.14,12.59,37.86
543,Villupuram,Tamil Nadu,2012,1.67,2.78,3.3,3.65,11.399999999999999,29.97
543,Villupuram,Tamil Nadu,2013,2.96,1.89,5.39,6.1,16.339999999999996,28.599999999999998
543,Villupuram,Tamil Nadu,2014,2.62,0.94,3.81,4.33,11.7,31.12
543,Villupuram,Tamil Nadu,2015,2.28,1.84,3.71,2.99,10.82,49.62
543,Villupuram,Tamil Nadu,2016,3.55,3.02,3.11,2.25,11.93,22.14
543,Villupuram,Tamil Nadu,2017,1.64,2.97,5.99,4.75,15.350000000000001,37.050000000000004
543,Villupuram,Tamil Nadu,2018,2.19,1.96,2.62,3.37,10.14,27.4
543,Villupuram,Tamil Nadu,2019,1.45,3.44,6.35,6.65,17.89,35.31
545,Mansa,Punjab,1990,0.88,5.03,2.64,4.99,13.540000000000001,16.900000000000002
545,Mansa,Punjab,1991,2.42,1.69,5.14,0.92,10.17,11.52
545,Mansa,Punjab,1992,0.79,3.36,4.1,1.99,10.24,13.32
545,Mansa,Punjab,1993,1.17,5.83,0.51,2.95,10.46,13.14
545,Mansa,Punjab,1994,1.39,6.5,5.83,1.86,15.579999999999998,17.72
545,Mansa,Punjab,1995,2.21,2.73,7.62,2.51,15.069999999999999,19.31
545,Mansa,Punjab,1996,4.26,2.24,4.36,2.43,13.29,17.8
545,Mansa,Punjab,1997,1.75,3.54,7.27,0.36,12.919999999999998,18.849999999999998
545,Mansa,Punjab,1998,1.93,3.07,1.9,3.87,10.77,15.1
545,Mansa,Punjab,1999,1.46,2.1,1.43,0.77,5.76,7.21
545,Mansa,Punjab,2000,2.8,3.6,1.03,0.8,8.23,9.99
545,Mansa,Punjab,2001,2.63,3.76,3.99,0.62,10.999999999999998,14.64
545,Mansa,Punjab,2002,0.59,0.72,2.16,2.25,5.720000000000001,8.9
545,Mansa,Punjab,2003,1.03,8.39,3.51,1.83,14.76,17.6
545,Mansa,Punjab,2004,2.07,0.77,4.85,0.33,8.02,12.59
545,Mansa,Punjab,2005,1.94,4.06,0.95,3.88,10.83,15.709999999999999
545,Mansa,Punjab,2006,2.23,3.19,1.49,1.92,8.83,11.98
545,Mansa,Punjab,2007,3.74,1.42,2.49,2.08,9.73,15.06
545,Mansa,Punjab,2008,5.99,3.37,5.94,3.45,18.75,22.25
545,Mansa,Punjab,2009,1.09,2.55,2.11,3.79,9.54,12.67
545,Mansa,Punjab,2010,2.17,5.65,5.08,4.9,17.8,19.12
545,Mansa,Punjab,2011,2.4,2.19,4.68,6.65,15.92,19.01
545,Mansa,Punjab,2012,0.58,2.29,4.68,4.05,11.6,13.6
545,Mansa,Punjab,2013,2.78,5.25,5.24,1.51,14.78,18.81
545,Mansa,Punjab,2014,0.72,1.98,1.03,5.63,9.36,13.6
545,Mansa,Punjab,2015,2.98,5.79,3.55,1.74,14.06,20.64
545,Mansa,Punjab,2016,2.29,5.65,3.35,0.47,11.760000000000002,14.620000000000001
545,Mansa,Punjab,2017,5.36,2.63,4.03,2.27,14.29,18.62
545,Mansa,Punjab,2018,4.18,6.6,2.36,5.86,19.0,21.009999999999998
545,Mansa,Punjab,2019,1.71,6.31,4.88,2.85,15.749999999999998,21.95
546,Fatehgarh Sahib,Punjab,1990,0.84,6.84,3.14,6.54,17.36,21.73
546,Fatehgarh Sahib,Punjab,1991,4.73,2.36,7.56,2.42,17.07,18.98
546,Fatehgarh Sahib,Punjab,1992,1.25,4.3,5.8,2.75,14.1,17.79
546,Fatehgarh Sahib,Punjab,1993,1.55,10.22,0.97,4.3,17.040000000000003,21.150000000000002
546,Fatehgarh Sahib,Punjab,1994,2.03,9.75,9.84,1.97,23.589999999999996,26.49
546,Fatehgarh Sahib,Punjab,1995,2.86,3.94,9.91,3.25,19.96,24.88
546,Fatehgarh Sahib,Punjab,1996,6.39,2.97,6.66,4.04,20.06,26.54
546,Fatehgarh Sahib,Punjab,1997,2.4,3.51,8.87,0.54,15.32,21.52
546,Fatehgarh Sahib,Punjab,1998,2.67,4.88,4.26,3.02,14.829999999999998,18.81
546,Fatehgarh Sahib,Punjab,1999,1.86,3.58,2.86,2.0,10.3,12.02
546,Fatehgarh Sahib,Punjab,2000,5.54,8.16,1.63,1.77,17.099999999999998,19.87
546,Fatehgarh Sahib,Punjab,2001,3.18,5.33,4.58,0.93,14.02,18.09
546,Fatehgarh Sahib,Punjab,2002,0.83,2.02,3.72,4.62,11.190000000000001,14.82
546,Fatehgarh Sahib,Punjab,2003,1.76,9.68,5.47,2.89,19.8,23.99
546,Fatehgarh Sahib,Punjab,2004,2.08,1.52,9.38,0.39,13.370000000000001,19.43
546,Fatehgarh Sahib,Punjab,2005,2.8,5.1,2.19,5.04,15.129999999999999,19.84
546,Fatehgarh Sahib,Punjab,2006,1.88,5.87,2.79,2.28,12.819999999999999,16.94
546,Fatehgarh Sahib,Punjab,2007,2.67,2.17,4.7,1.46,11.0,17.76
546,Fatehgarh Sahib,Punjab,2008,9.94,3.97,8.31,6.64,28.86,34.71
546,Fatehgarh Sahib,Punjab,2009,1.56,4.73,3.44,4.52,14.25,18.67
546,Fatehgarh Sahib,Punjab,2010,3.92,9.16,5.17,7.11,25.36,27.28
546,Fatehgarh Sahib,Punjab,2011,5.19,4.58,6.86,7.19,23.82,26.75
546,Fatehgarh Sahib,Punjab,2012,0.73,4.37,4.83,4.26,14.19,16.63
546,Fatehgarh Sahib,Punjab,2013,4.64,8.35,8.43,1.66,23.08,28.73
546,Fatehgarh Sahib,Punjab,2014,0.88,2.22,1.98,7.3,12.379999999999999,19.25
546,Fatehgarh Sahib,Punjab,2015,3.59,9.8,4.75,2.46,20.6,29.0
546,Fatehgarh Sahib,Punjab,2016,3.02,6.57,5.3,1.21,16.1,20.83
546,Fatehgarh Sahib,Punjab,2017,5.11,5.44,8.76,4.12,23.430000000000003,29.61
546,Fatehgarh Sahib,Punjab,2018,5.86,9.88,6.47,9.33,31.54,35.52
546,Fatehgarh Sahib,Punjab,2019,1.73,9.04,8.8,4.63,24.2,32.69
547,Kanpur Nagar,Uttar Pradesh,1990,2.4,11.87,3.68,6.47,24.419999999999998,27.73
547,Kanpur Nagar,Uttar Pradesh,1991,1.28,2.67,14.63,5.45,24.03,25.42
547,Kanpur Nagar,Uttar Pradesh,1992,0.78,4.86,6.46,5.01,17.11,20.05
547,Kanpur Nagar,Uttar Pradesh,1993,3.14,3.7,2.22,8.35,17.41,19.53
547,Kanpur Nagar,Uttar Pradesh,1994,2.84,10.29,6.91,0.95,20.99,23.06
547,Kanpur Nagar,Uttar Pradesh,1995,3.75,4.44,8.18,5.48,21.85,23.21
547,Kanpur Nagar,Uttar Pradesh,1996,2.64,6.79,8.07,4.7,22.2,28.5
547,Kanpur Nagar,Uttar Pradesh,1997,1.68,5.37,4.64,5.16,16.85,23.4
547,Kanpur Nagar,Uttar Pradesh,1998,2.34,9.6,7.28,3.28,22.5,25.44
547,Kanpur Nagar,Uttar Pradesh,1999,0.85,6.63,4.58,7.06,19.119999999999997,20.82
547,Kanpur Nagar,Uttar Pradesh,2000,3.77,5.42,9.77,1.68,20.64,22.86
547,Kanpur Nagar,Uttar Pradesh,2001,4.46,6.97,5.48,0.7,17.61,22.43
547,Kanpur Nagar,Uttar Pradesh,2002,1.84,2.88,5.15,7.28,17.150000000000002,20.66
547,Kanpur Nagar,Uttar Pradesh,2003,1.77,4.97,6.91,9.41,23.060000000000002,26.8
547,Kanpur Nagar,Uttar Pradesh,2004,5.75,4.82,4.99,4.4,19.96,23.14
547,Kanpur Nagar,Uttar Pradesh,2005,2.65,9.1,2.46,5.57,19.78,22.28
547,Kanpur Nagar,Uttar Pradesh,2006,5.23,9.15,3.41,1.6,19.39,22.380000000000003
547,Kanpur Nagar,Uttar Pradesh,2007,2.91,6.51,5.72,2.81,17.95,22.39
547,Kanpur Nagar,Uttar Pradesh,2008,6.81,13.25,10.2,7.47,37.73,39.9
547,Kanpur Nagar,Uttar Pradesh,2009,0.93,4.46,6.78,8.32,20.490000000000002,26.22
547,Kanpur Nagar,Uttar Pradesh,2010,1.19,5.84,5.95,5.64,18.62,21.46
547,Kanpur Nagar,Uttar Pradesh,2011,5.4,6.33,8.5,2.83,23.060000000000002,23.88
547,Kanpur Nagar,Uttar Pradesh,2012,0.4,5.23,7.54,3.76,16.93,18.72
547,Kanpur Nagar,Uttar Pradesh,2013,6.09,6.57,6.49,2.25,21.4,26.9
547,Kanpur Nagar,Uttar Pradesh,2014,0.72,5.25,2.27,4.12,12.36,16.94
547,Kanpur Nagar,Uttar Pradesh,2015,1.88,5.0,2.35,2.25,11.48,16.72
547,Kanpur Nagar,Uttar Pradesh,2016,2.71,10.16,6.58,1.54,20.990000000000002,23.76
547,Kanpur Nagar,Uttar Pradesh,2017,2.11,7.85,6.51,1.93,18.4,20.08
547,Kanpur Nagar,Uttar Pradesh,2018,1.95,12.98,10.62,4.09,29.639999999999997,30.74
547,Kanpur Nagar,Uttar Pradesh,2019,1.64,10.03,8.27,6.92,26.86,30.06
548,Kanpur Dehat,Uttar Pradesh,1990,2.4,11.87,3.68,6.47,24.419999999999998,27.73
548,Kanpur Dehat,Uttar Pradesh,1991,1.28,2.67,14.63,5.45,24.03,25.42
548,Kanpur Dehat,Uttar Pradesh,1992,0.78,4.86,6.46,5.01,17.11,20.05
548,Kanpur Dehat,Uttar Pradesh,1993,3.14,3.7,2.22,8.35,17.41,19.53
548,Kanpur Dehat,Uttar Pradesh,1994,2.84,10.29,6.91,0.95,20.99,23.06
548,Kanpur Dehat,Uttar Pradesh,1995,3.75,4.44,8.18,5.48,21.85,23.21
548,Kanpur Dehat,Uttar Pradesh,1996,2.64,6.79,8.07,4.7,22.2,28.5
548,Kanpur Dehat,Uttar Pradesh,1997,1.68,5.37,4.64,5.16,16.85,23.4
548,Kanpur Dehat,Uttar Pradesh,1998,2.34,9.6,7.28,3.28,22.5,25.44
548,Kanpur Dehat,Uttar Pradesh,1999,0.85,6.63,4.58,7.06,19.119999999999997,20.82
548,Kanpur Dehat,Uttar Pradesh,2000,3.77,5.42,9.77,1.68,20.64,22.86
548,Kanpur Dehat,Uttar Pradesh,2001,4.46,6.97,5.48,0.7,17.61,22.43
548,Kanpur Dehat,Uttar Pradesh,2002,1.84,2.88,5.15,7.28,17.150000000000002,20.66
548,Kanpur Dehat,Uttar Pradesh,2003,1.77,4.97,6.91,9.41,23.060000000000002,26.8
548,Kanpur Dehat,Uttar Pradesh,2004,5.75,4.82,4.99,4.4,19.96,23.14
548,Kanpur Dehat,Uttar Pradesh,2005,2.65,9.1,2.46,5.57,19.78,22.28
548,Kanpur Dehat,Uttar Pradesh,2006,5.23,9.15,3.41,1.6,19.39,22.380000000000003
548,Kanpur Dehat,Uttar Pradesh,2007,2.91,6.51,5.72,2.81,17.95,22.39
548,Kanpur Dehat,Uttar Pradesh,2008,6.81,13.25,10.2,7.47,37.73,39.9
548,Kanpur Dehat,Uttar Pradesh,2009,0.93,4.46,6.78,8.32,20.490000000000002,26.22
548,Kanpur Dehat,Uttar Pradesh,2010,1.19,5.84,5.95,5.64,18.62,21.46
548,Kanpur Dehat,Uttar Pradesh,2011,5.4,6.33,8.5,2.83,23.060000000000002,23.88
548,Kanpur Dehat,Uttar Pradesh,2012,0.4,5.23,7.54,3.76,16.93,18.72
548,Kanpur Dehat,Uttar Pradesh,2013,6.09,6.57,6.49,2.25,21.4,26.9
548,Kanpur Dehat,Uttar Pradesh,2014,0.72,5.25,2.27,4.12,12.36,16.94
548,Kanpur Dehat,Uttar Pradesh,2015,1.88,5.0,2.35,2.25,11.48,16.72
548,Kanpur Dehat,Uttar Pradesh,2016,2.71,10.16,6.58,1.54,20.990000000000002,23.76
548,Kanpur Dehat,Uttar Pradesh,2017,2.11,7.85,6.51,1.93,18.4,20.08
548,Kanpur Dehat,Uttar Pradesh,2018,1.95,12.98,10.62,4.09,29.639999999999997,30.74
548,Kanpur Dehat,Uttar Pradesh,2019,1.64,10.03,8.27,6.92,26.86,30.06
549,Bangalore(Rural),Karnataka,1990,1.65,1.22,3.17,3.04,9.08,18.64
549,Bangalore(Rural),Karnataka,1991,5.98,1.95,3.18,6.03,17.14,27.23
549,Bangalore(Rural),Karnataka,1992,4.73,2.88,2.96,4.45,15.02,23.97
549,Bangalore(Rural),Karnataka,1993,3.81,2.53,2.4,6.6,15.34,28.41
549,Bangalore(Rural),Karnataka,1994,1.22,4.62,1.75,2.26,9.85,19.86
549,Bangalore(Rural),Karnataka,1995,2.31,3.18,6.32,6.12,17.93,28.46
549,Bangalore(Rural),Karnataka,1996,6.78,1.42,7.58,7.89,23.669999999999998,34.87
549,Bangalore(Rural),Karnataka,1997,2.65,0.97,4.15,6.93,14.7,29.38
549,Bangalore(Rural),Karnataka,1998,2.34,6.56,10.26,6.14,25.299999999999997,38.61
549,Bangalore(Rural),Karnataka,1999,2.68,3.29,2.5,6.18,14.65,28.06
549,Bangalore(Rural),Karnataka,2000,2.29,3.98,6.06,7.04,19.369999999999997,32.76
549,Bangalore(Rural),Karnataka,2001,1.02,3.37,2.03,8.05,14.47,30.28
549,Bangalore(Rural),Karnataka,2002,4.15,1.19,1.31,2.78,9.43,21.87
549,Bangalore(Rural),Karnataka,2003,2.26,2.62,3.68,2.17,10.73,20.57
549,Bangalore(Rural),Karnataka,2004,1.21,7.14,1.95,7.7,18.0,32.44
549,Bangalore(Rural),Karnataka,2005,1.69,4.65,5.93,5.75,18.02,43.5
549,Bangalore(Rural),Karnataka,2006,4.09,1.42,1.52,2.22,9.25,21.72
549,Bangalore(Rural),Karnataka,2007,2.13,6.27,5.76,7.36,21.52,35.8
549,Bangalore(Rural),Karnataka,2008,1.61,7.24,8.48,3.68,21.009999999999998,36.82
549,Bangalore(Rural),Karnataka,2009,3.2,1.02,4.32,8.91,17.450000000000003,28.21
549,Bangalore(Rural),Karnataka,2010,3.23,3.48,5.08,4.7,16.49,31.76
549,Bangalore(Rural),Karnataka,2011,0.85,2.12,3.97,3.16,10.100000000000001,21.02
549,Bangalore(Rural),Karnataka,2012,0.91,1.72,2.99,1.95,7.57,15.94
549,Bangalore(Rural),Karnataka,2013,2.5,3.23,3.53,8.56,17.82,28.830000000000002
549,Bangalore(Rural),Karnataka,2014,3.02,1.61,2.1,4.82,11.55,19.830000000000002
549,Bangalore(Rural),Karnataka,2015,2.52,1.1,2.61,3.31,9.540000000000001,27.11
549,Bangalore(Rural),Karnataka,2016,4.62,4.59,1.35,1.12,11.68,19.11
549,Bangalore(Rural),Karnataka,2017,2.25,2.21,6.4,9.0,19.86,35.52
549,Bangalore(Rural),Karnataka,2018,1.89,1.9,1.76,3.77,9.32,19.169999999999998
549,Bangalore(Rural),Karnataka,2019,1.84,1.82,4.31,5.38,13.35,26.78
550,Bangalore(Urban),Karnataka,1990,1.65,1.22,3.17,3.04,9.08,18.64
550,Bangalore(Urban),Karnataka,1991,5.98,1.95,3.18,6.03,17.14,27.23
550,Bangalore(Urban),Karnataka,1992,4.73,2.88,2.96,4.45,15.02,23.97
550,Bangalore(Urban),Karnataka,1993,3.81,2.53,2.4,6.6,15.34,28.41
550,Bangalore(Urban),Karnataka,1994,1.22,4.62,1.75,2.26,9.85,19.86
550,Bangalore(Urban),Karnataka,1995,2.31,3.18,6.32,6.12,17.93,28.46
550,Bangalore(Urban),Karnataka,1996,6.78,1.42,7.58,7.89,23.669999999999998,34.87
550,Bangalore(Urban),Karnataka,1997,2.65,0.97,4.15,6.93,14.7,29.38
550,Bangalore(Urban),Karnataka,1998,2.34,6.56,10.26,6.14,25.299999999999997,38.61
550,Bangalore(Urban),Karnataka,1999,2.68,3.29,2.5,6.18,14.65,28.06
550,Bangalore(Urban),Karnataka,2000,2.29,3.98,6.06,7.04,19.369999999999997,32.76
550,Bangalore(Urban),Karnataka,2001,1.02,3.37,2.03,8.05,14.47,30.28
550,Bangalore(Urban),Karnataka,2002,4.15,1.19,1.31,2.78,9.43,21.87
550,Bangalore(Urban),Karnataka,2003,2.26,2.62,3.68,2.17,10.73,20.57
550,Bangalore(Urban),Karnataka,2004,1.21,7.14,1.95,7.7,18.0,32.44
550,Bangalore(Urban),Karnataka,2005,1.69,4.65,5.93,5.75,18.02,43.5
550,Bangalore(Urban),Karnataka,2006,4.09,1.42,1.52,2.22,9.25,21.72
550,Bangalore(Urban),Karnataka,2007,2.13,6.27,5.76,7.36,21.52,35.8
550,Bangalore(Urban),Karnataka,2008,1.61,7.24,8.48,3.68,21.009999999999998,36.82
550,Bangalore(Urban),Karnataka,2009,3.2,1.02,4.32,8.91,17.450000000000003,28.21
550,Bangalore(Urban),Karnataka,2010,3.23,3.48,5.08,4.7,16.49,31.76
550,Bangalore(Urban),Karnataka,2011,0.85,2.12,3.97,3.16,10.100000000000001,21.02
550,Bangalore(Urban),Karnataka,2012,0.91,1.72,2.99,1.95,7.57,15.94
550,Bangalore(Urban),Karnataka,2013,2.5,3.23,3.53,8.56,17.82,28.830000000000002
550,Bangalore(Urban),Karnataka,2014,3.02,1.61,2.1,4.82,11.55,19.830000000000002
550,Bangalore(Urban),Karnataka,2015,2.52,1.1,2.61,3.31,9.540000000000001,27.11
550,Bangalore(Urban),Karnataka,2016,4.62,4.59,1.35,1.12,11.68,19.11
550,Bangalore(Urban),Karnataka,2017,2.25,2.21,6.4,9.0,19.86,35.52
550,Bangalore(Urban),Karnataka,2018,1.89,1.9,1.76,3.77,9.32,19.169999999999998
550,Bangalore(Urban),Karnataka,2019,1.84,1.82,4.31,5.38,13.35,26.78
627,Chamba,Himachal Pradesh,1990,1.06,4.57,5.91,5.87,17.41,28.59
627,Chamba,Himachal Pradesh,1991,2.32,3.6,4.42,2.33,12.67,15.66
627,Chamba,Himachal Pradesh,1992,1.15,3.45,6.72,5.15,16.47,27.080000000000002
627,Chamba,Himachal Pradesh,1993,2.8,14.8,1.24,2.95,21.79,28.84
627,Chamba,Himachal Pradesh,1994,2.03,6.51,6.93,2.51,17.979999999999997,27.0
627,Chamba,Himachal Pradesh,1995,1.87,7.63,11.24,2.03,22.770000000000003,33.31
627,Chamba,Himachal Pradesh,1996,7.17,3.87,10.72,1.49,23.249999999999996,34.01
627,Chamba,Himachal Pradesh,1997,2.66,5.64,8.18,0.19,16.67,24.47
627,Chamba,Himachal Pradesh,1998,1.23,3.23,3.11,0.84,8.41,11.89
627,Chamba,Himachal Pradesh,1999,1.94,2.05,3.97,2.32,10.28,13.41
627,Chamba,Himachal Pradesh,2000,2.24,4.91,4.45,2.3,13.900000000000002,18.57
627,Chamba,Himachal Pradesh,2001,3.61,10.77,1.86,0.92,17.16,21.88
627,Chamba,Himachal Pradesh,2002,1.5,2.44,6.35,3.81,14.1,18.18
627,Chamba,Himachal Pradesh,2003,2.07,7.38,6.44,3.42,19.310000000000002,30.61
627,Chamba,Himachal Pradesh,2004,2.17,4.84,6.77,0.24,14.02,21.49
627,Chamba,Himachal Pradesh,2005,2.45,5.67,3.03,3.1,14.25,23.31
627,Chamba,Himachal Pradesh,2006,2.85,10.74,5.35,6.08,25.019999999999996,33.16
627,Chamba,Himachal Pradesh,2007,3.86,4.83,7.53,1.23,17.45,28.59
627,Chamba,Himachal Pradesh,2008,7.47,9.4,10.81,3.1,30.78,38.88
627,Chamba,Himachal Pradesh,2009,0.9,4.37,4.21,2.05,11.530000000000001,18.73
627,Chamba,Himachal Pradesh,2010,1.85,12.19,8.24,4.64,26.92,32.91
627,Chamba,Himachal Pradesh,2011,4.23,5.75,9.74,3.2,22.919999999999998,29.1
627,Chamba,Himachal Pradesh,2012,0.39,5.54,4.49,4.08,14.5,21.87
627,Chamba,Himachal Pradesh,2013,4.31,8.05,12.01,1.43,25.799999999999997,35.67
627,Chamba,Himachal Pradesh,2014,2.45,4.81,3.07,12.96,23.29,33.160000000000004
627,Chamba,Himachal Pradesh,2015,3.5,9.08,4.9,2.97,20.45,38.18
627,Chamba,Himachal Pradesh,2016,2.41,12.55,11.54,2.57,29.07,42.78
627,Chamba,Himachal Pradesh,2017,5.48,7.05,9.49,2.49,24.510000000000005,41.92
627,Chamba,Himachal Pradesh,2018,3.9,11.6,10.7,10.2,36.4,47.39
627,Chamba,Himachal Pradesh,2019,1.59,8.76,8.8,5.09,24.24,46.51
628,Hamirpur,Himachal Pradesh,1990,0.89,6.19,5.67,7.88,20.63,27.66
628,Hamirpur,Himachal Pradesh,1991,4.34,3.09,7.17,3.09,17.689999999999998,20.05
628,Hamirpur,Himachal Pradesh,1992,1.27,3.74,7.66,4.59,17.259999999999998,23.62
628,Hamirpur,Himachal Pradesh,1993,2.4,17.38,1.56,4.55,25.889999999999997,31.54
628,Hamirpur,Himachal Pradesh,1994,2.59,9.52,10.26,2.96,25.33,30.529999999999998
628,Hamirpur,Himachal Pradesh,1995,2.81,5.88,13.01,3.33,25.03,32.07
628,Hamirpur,Himachal Pradesh,1996,8.5,4.4,11.51,3.29,27.7,35.39
628,Hamirpur,Himachal Pradesh,1997,3.37,6.57,10.43,0.45,20.82,28.14
628,Hamirpur,Himachal Pradesh,1998,1.96,5.65,4.71,1.83,14.15,17.81
628,Hamirpur,Himachal Pradesh,1999,2.62,3.41,5.48,2.83,14.340000000000002,16.57
628,Hamirpur,Himachal Pradesh,2000,4.51,8.61,3.41,2.47,19.0,22.59
628,Hamirpur,Himachal Pradesh,2001,3.91,10.57,3.61,1.07,19.16,23.240000000000002
628,Hamirpur,Himachal Pradesh,2002,1.29,3.23,6.08,5.54,16.14,19.62
628,Hamirpur,Himachal Pradesh,2003,2.55,8.78,6.7,3.39,21.419999999999998,28.22
628,Hamirpur,Himachal Pradesh,2004,2.47,4.22,9.72,0.31,16.72,23.38
628,Hamirpur,Himachal Pradesh,2005,3.65,6.37,3.74,5.2,18.96,25.66
628,Hamirpur,Himachal Pradesh,2006,2.94,10.84,4.5,6.27,24.55,30.59
628,Hamirpur,Himachal Pradesh,2007,3.81,3.88,7.61,1.7,17.0,25.78
628,Hamirpur,Himachal Pradesh,2008,11.16,8.13,14.13,5.99,39.410000000000004,46.18
628,Hamirpur,Himachal Pradesh,2009,1.28,5.69,5.62,3.57,16.16,21.79
628,Hamirpur,Himachal Pradesh,2010,3.44,13.01,6.87,7.91,31.23,33.93
628,Hamirpur,Himachal Pradesh,2011,5.98,7.25,11.13,6.1,30.46,34.13
628,Hamirpur,Himachal Pradesh,2012,0.57,6.09,5.82,5.43,17.91,22.25
628,Hamirpur,Himachal Pradesh,2013,6.1,9.99,14.83,1.52,32.440000000000005,40.38
628,Hamirpur,Himachal Pradesh,2014,2.15,4.49,3.1,13.37,23.11,31.97
628,Hamirpur,Himachal Pradesh,2015,4.06,11.59,6.23,3.51,25.39,37.43
628,Hamirpur,Himachal Pradesh,2016,3.61,9.39,8.78,2.41,24.19,33.02
628,Hamirpur,Himachal Pradesh,2017,5.39,7.52,9.87,3.15,25.93,36.18
628,Hamirpur,Himachal Pradesh,2018,5.71,11.22,10.44,10.83,38.199999999999996,44.5
628,Hamirpur,Himachal Pradesh,2019,1.58,8.53,12.45,4.56,27.119999999999997,40.93
629,Kangra,Himachal Pradesh,1990,1.03,5.73,6.46,7.53,20.75,29.76
629,Kangra,Himachal Pradesh,1991,3.37,3.68,6.03,2.93,16.01,18.68
629,Kangra,Himachal Pradesh,1992,1.24,3.82,7.9,5.2,18.16,26.42
629,Kangra,Himachal Pradesh,1993,2.74,18.43,1.61,4.04,26.82,33.2
629,Kangra,Himachal Pradesh,1994,2.5,8.46,9.08,3.06,23.099999999999998,29.94
629,Kangra,Himachal Pradesh,1995,2.44,7.08,13.41,2.92,25.85,34.4
629,Kangra,Himachal Pradesh,1996,8.39,4.67,12.48,2.42,27.96,36.77
629,Kangra,Himachal Pradesh,1997,3.37,7.22,10.08,0.31,20.98,28.67
629,Kangra,Himachal Pradesh,1998,1.5,4.88,4.22,1.31,11.91,15.45
629,Kangra,Himachal Pradesh,1999,2.54,2.83,5.52,2.84,13.73,16.32
629,Kangra,Himachal Pradesh,2000,3.36,7.18,4.51,2.57,17.619999999999997,21.75
629,Kangra,Himachal Pradesh,2001,4.01,12.32,2.72,1.06,20.109999999999996,24.330000000000002
629,Kangra,Himachal Pradesh,2002,1.47,3.2,6.92,5.07,16.66,20.27
629,Kangra,Himachal Pradesh,2003,2.58,8.42,7.21,3.54,21.75,30.53
629,Kangra,Himachal Pradesh,2004,2.48,5.24,8.73,0.26,16.710000000000004,23.59
629,Kangra,Himachal Pradesh,2005,3.36,6.57,3.85,4.46,18.24,26.11
629,Kangra,Himachal Pradesh,2006,3.25,12.23,5.19,7.18,27.85,34.86
629,Kangra,Himachal Pradesh,2007,4.25,4.88,8.52,1.61,19.259999999999998,29.32
629,Kangra,Himachal Pradesh,2008,10.01,10.14,14.32,4.69,39.16,46.27
629,Kangra,Himachal Pradesh,2009,1.07,5.47,5.58,2.89,15.010000000000002,21.18
629,Kangra,Himachal Pradesh,2010,2.64,14.06,8.16,6.82,31.68,35.43
629,Kangra,Himachal Pradesh,2011,5.43,7.36,11.77,4.82,29.38,33.92
629,Kangra,Himachal Pradesh,2012,0.44,6.48,5.74,5.06,17.72,23.38
629,Kangra,Himachal Pradesh,2013,5.68,9.77,15.46,1.5,32.41,41.31
629,Kangra,Himachal Pradesh,2014,2.64,5.35,3.35,14.73,26.07,35.39
629,Kangra,Himachal Pradesh,2015,3.92,11.12,6.25,3.56,24.849999999999998,39.48
629,Kangra,Himachal Pradesh,2016,3.07,12.22,11.45,2.88,29.62,41.0
629,Kangra,Himachal Pradesh,2017,5.76,8.0,10.41,2.91,27.080000000000002,40.63
629,Kangra,Himachal Pradesh,2018,4.82,12.4,11.78,11.55,40.55,48.95
629,Kangra,Himachal Pradesh,2019,1.55,9.2,11.56,5.14,27.450000000000003,45.18
630,Kinnaur,Himachal Pradesh,1990,0.35,3.64,3.06,3.9,10.950000000000001,14.120000000000001
630,Kinnaur,Himachal Pradesh,1991,3.17,1.03,4.48,2.42,11.1,12.41
630,Kinnaur,Himachal Pradesh,1992,0.81,2.41,3.25,1.74,8.21,10.13
630,Kinnaur,Himachal Pradesh,1993,2.1,4.73,4.74,4.38,15.95,20.01
630,Kinnaur,Himachal Pradesh,1994,1.88,6.09,6.23,0.71,14.91,17.96
630,Kinnaur,Himachal Pradesh,1995,1.14,3.77,5.74,2.61,13.26,16.48
630,Kinnaur,Himachal Pradesh,1996,3.01,2.77,6.19,2.94,14.909999999999998,19.99
630,Kinnaur,Himachal Pradesh,1997,2.63,4.71,4.05,1.34,12.73,21.01
630,Kinnaur,Himachal Pradesh,1998,1.58,5.5,6.25,2.28,15.61,21.78
630,Kinnaur,Himachal Pradesh,1999,2.25,2.76,2.33,2.38,9.719999999999999,11.17
630,Kinnaur,Himachal Pradesh,2000,2.22,4.73,2.18,1.66,10.790000000000001,13.3
630,Kinnaur,Himachal Pradesh,2001,4.59,6.28,4.37,0.97,16.21,19.98
630,Kinnaur,Himachal Pradesh,2002,1.42,1.49,4.68,2.91,10.5,15.02
630,Kinnaur,Himachal Pradesh,2003,1.35,4.49,4.42,3.07,13.33,17.28
630,Kinnaur,Himachal Pradesh,2004,3.39,4.74,4.96,0.67,13.76,18.26
630,Kinnaur,Himachal Pradesh,2005,1.23,5.46,3.4,4.05,14.14,17.71
630,Kinnaur,Himachal Pradesh,2006,1.53,5.16,4.14,1.47,12.3,17.89
630,Kinnaur,Himachal Pradesh,2007,1.31,6.18,6.49,1.77,15.75,20.64
630,Kinnaur,Himachal Pradesh,2008,5.43,5.68,5.71,2.67,19.490000000000002,23.48
630,Kinnaur,Himachal Pradesh,2009,1.01,3.51,3.33,3.0,10.85,15.12
630,Kinnaur,Himachal Pradesh,2010,1.71,7.65,7.43,7.18,23.97,26.7
630,Kinnaur,Himachal Pradesh,2011,4.54,6.42,6.04,3.73,20.73,24.51
630,Kinnaur,Himachal Pradesh,2012,0.71,4.55,7.24,3.74,16.240000000000002,18.65
630,Kinnaur,Himachal Pradesh,2013,10.37,6.15,6.66,2.05,25.23,31.15
630,Kinnaur,Himachal Pradesh,2014,0.86,3.87,4.77,2.29,11.79,18.99
630,Kinnaur,Himachal Pradesh,2015,3.35,10.89,8.2,2.05,24.49,34.35
630,Kinnaur,Himachal Pradesh,2016,3.16,7.81,7.08,1.2,19.249999999999996,29.55
630,Kinnaur,Himachal Pradesh,2017,5.35,6.56,6.21,3.79,21.91,35.26
630,Kinnaur,Himachal Pradesh,2018,4.0,8.62,10.97,7.71,31.3,39.53
630,Kinnaur,Himachal Pradesh,2019,1.74,5.38,7.96,3.33,18.41,33.93
633,Solan,Himachal Pradesh,1990,0.8,8.74,4.38,9.62,23.54,29.03
633,Solan,Himachal Pradesh,1991,7.77,2.86,10.83,4.76,26.22,28.52
633,Solan,Himachal Pradesh,1992,1.86,4.75,8.52,3.93,19.06,23.39
633,Solan,Himachal Pradesh,1993,2.88,14.13,4.48,6.99,28.480000000000004,34.67
633,Solan,Himachal Pradesh,1994,3.39,14.11,13.91,2.29,33.7,38.1
633,Solan,Himachal Pradesh,1995,3.51,6.2,12.51,4.54,26.759999999999998,32.57
633,Solan,Himachal Pradesh,1996,8.29,4.95,11.1,5.64,29.979999999999997,38.39
633,Solan,Himachal Pradesh,1997,3.95,6.56,11.15,1.35,23.01,32.18
633,Solan,Himachal Pradesh,1998,3.51,9.03,9.01,3.81,25.359999999999996,31.41
633,Solan,Himachal Pradesh,1999,3.32,5.29,4.13,3.68,16.419999999999998,18.71
633,Solan,Himachal Pradesh,2000,6.73,11.4,3.34,3.13,24.6,28.43
633,Solan,Himachal Pradesh,2001,5.83,9.73,7.31,1.49,24.36,29.97
633,Solan,Himachal Pradesh,2002,1.65,3.37,6.62,6.58,18.22,23.79
633,Solan,Himachal Pradesh,2003,2.77,11.91,8.59,5.26,28.53,34.57
633,Solan,Himachal Pradesh,2004,3.96,5.15,13.29,0.72,23.119999999999997,30.9
633,Solan,Himachal Pradesh,2005,3.53,8.71,4.81,7.23,24.28,30.12
633,Solan,Himachal Pradesh,2006,2.67,9.76,5.5,3.2,21.13,27.8
633,Solan,Himachal Pradesh,2007,2.93,6.69,9.96,2.34,21.92,30.57
633,Solan,Himachal Pradesh,2008,13.93,8.07,12.11,8.38,42.49,49.78
633,Solan,Himachal Pradesh,2009,2.26,7.52,6.11,5.9,21.79,28.2
633,Solan,Himachal Pradesh,2010,5.02,15.23,9.95,11.82,42.019999999999996,45.24
633,Solan,Himachal Pradesh,2011,8.25,9.4,11.46,9.05,38.16,42.730000000000004
633,Solan,Himachal Pradesh,2012,1.18,8.21,9.34,6.42,25.15,28.650000000000002
633,Solan,Himachal Pradesh,2013,11.39,12.97,13.09,2.77,40.220000000000006,48.660000000000004
633,Solan,Himachal Pradesh,2014,1.44,4.45,5.78,8.83,20.5,30.94
633,Solan,Himachal Pradesh,2015,4.04,12.6,7.82,2.65,27.11,37.61
633,Solan,Himachal Pradesh,2016,4.32,9.32,7.78,1.6,23.020000000000003,31.57
633,Solan,Himachal Pradesh,2017,6.1,8.3,10.48,5.05,29.930000000000003,40.33
633,Solan,Himachal Pradesh,2018,5.9,11.4,12.01,10.09,39.400000000000006,46.18
633,Solan,Himachal Pradesh,2019,1.96,8.81,10.58,4.78,26.130000000000003,39.07
634,Mandi,Himachal Pradesh,1990,0.7,7.4,5.41,9.48,22.990000000000002,29.26
634,Mandi,Himachal Pradesh,1991,6.96,2.71,9.41,4.75,23.83,26.16
634,Mandi,Himachal Pradesh,1992,1.67,3.98,8.5,4.47,18.62,23.93
634,Mandi,Himachal Pradesh,1993,3.11,16.06,4.16,6.75,30.08,36.629999999999995
634,Mandi,Himachal Pradesh,1994,3.42,13.19,13.3,2.65,32.56,37.69
634,Mandi,Himachal Pradesh,1995,3.45,6.7,13.35,4.43,27.93,34.48
634,Mandi,Himachal Pradesh,1996,8.48,5.33,12.03,5.17,31.009999999999998,39.48
634,Mandi,Himachal Pradesh,1997,4.16,7.37,11.43,1.09,24.05,33.38
634,Mandi,Himachal Pradesh,1998,3.0,8.59,8.31,3.25,23.15,28.87
634,Mandi,Himachal Pradesh,1999,3.44,4.97,5.08,3.65,17.14,19.53
634,Mandi,Himachal Pradesh,2000,6.09,11.08,3.81,3.16,24.14,28.22
634,Mandi,Himachal Pradesh,2001,5.86,11.23,6.43,1.45,24.97,30.400000000000002
634,Mandi,Himachal Pradesh,2002,1.74,3.54,7.32,6.57,19.17,24.46
634,Mandi,Himachal Pradesh,2003,2.94,11.14,8.64,5.04,27.759999999999998,34.59
634,Mandi,Himachal Pradesh,2004,3.96,5.65,12.57,0.66,22.84,30.61
634,Mandi,Himachal Pradesh,2005,3.72,8.7,4.92,6.95,24.29,30.83
634,Mandi,Himachal Pradesh,2006,3.05,11.04,5.89,4.79,24.77,31.919999999999998
634,Mandi,Himachal Pradesh,2007,3.41,6.85,10.22,2.3,22.78,32.02
634,Mandi,Himachal Pradesh,2008,13.81,9.15,13.66,7.75,44.370000000000005,51.88
634,Mandi,Himachal Pradesh,2009,2.09,7.26,6.42,5.4,21.17,27.71
634,Mandi,Himachal Pradesh,2010,4.63,15.65,10.11,11.26,41.65,45.019999999999996
634,Mandi,Himachal Pradesh,2011,7.97,9.7,12.39,8.24,38.3,43.13
634,Mandi,Himachal Pradesh,2012,1.05,8.22,9.11,6.52,24.900000000000002,29.07
634,Mandi,Himachal Pradesh,2013,11.24,12.8,14.8,2.59,41.43000000000001,50.32
634,Mandi,Himachal Pradesh,2014,2.03,5.1,5.54,11.21,23.88,34.42
634,Mandi,Himachal Pradesh,2015,4.23,12.98,7.98,2.98,28.17,39.7
634,Mandi,Himachal Pradesh,2016,3.82,8.57,8.47,1.69,22.55,33.76
634,Mandi,Himachal Pradesh,2017,5.56,7.75,8.44,3.85,25.6,38.99
634,Mandi,Himachal Pradesh,2018,4.93,10.47,12.38,10.12,37.9,46.23
634,Mandi,Himachal Pradesh,2019,1.9,7.21,10.6,3.65,23.36,39.63
635,Shimla,Himachal Pradesh,1990,0.8,8.74,4.38,9.62,23.54,29.03
635,Shimla,Himachal Pradesh,1991,7.77,2.86,10.83,4.76,26.22,28.52
635,Shimla,Himachal Pradesh,1992,1.86,4.75,8.52,3.93,19.06,23.39
635,Shimla,Himachal Pradesh,1993,2.88,14.13,4.48,6.99,28.480000000000004,34.67
635,Shimla,Himachal Pradesh,1994,3.39,14.11,13.91,2.29,33.7,38.1
635,Shimla,Himachal Pradesh,1995,3.51,6.2,12.51,4.54,26.759999999999998,32.57
635,Shimla,Himachal Pradesh,1996,8.29,4.95,11.1,5.64,29.979999999999997,38.39
635,Shimla,Himachal Pradesh,1997,3.95,6.56,11.15,1.35,23.01,32.18
635,Shimla,Himachal Pradesh,1998,3.51,9.03,9.01,3.81,25.359999999999996,31.41
635,Shimla,Himachal Pradesh,1999,3.32,5.29,4.13,3.68,16.419999999999998,18.71
635,Shimla,Himachal Pradesh,2000,6.73,11.4,3.34,3.13,24.6,28.43
635,Shimla,Himachal Pradesh,2001,5.83,9.73,7.31,1.49,24.36,29.97
635,Shimla,Himachal Pradesh,2002,1.65,3.37,6.62,6.58,18.22,23.79
635,Shimla,Himachal Pradesh,2003,2.77,11.91,8.59,5.26,28.53,34.57
635,Shimla,Himachal Pradesh,2004,3.96,5.15,13.29,0.72,23.119999999999997,30.9
635,Shimla,Himachal Pradesh,2005,3.53,8.71,4.81,7.23,24.28,30.12
635,Shimla,Himachal Pradesh,2006,2.67,9.76,5.5,3.2,21.13,27.8
635,Shimla,Himachal Pradesh,2007,2.93,6.69,9.96,2.34,21.92,30.57
635,Shimla,Himachal Pradesh,2008,13.93,8.07,12.11,8.38,42.49,49.78
635,Shimla,Himachal Pradesh,2009,2.26,7.52,6.11,5.9,21.79,28.2
635,Shimla,Himachal Pradesh,2010,5.02,15.23,9.95,11.82,42.019999999999996,45.24
635,Shimla,Himachal Pradesh,2011,8.25,9.4,11.46,9.05,38.16,42.730000000000004
635,Shimla,Himachal Pradesh,2012,1.18,8.21,9.34,6.42,25.15,28.650000000000002
635,Shimla,Himachal Pradesh,2013,11.39,12.97,13.09,2.77,40.220000000000006,48.660000000000004
635,Shimla,Himachal Pradesh,2014,1.44,4.45,5.78,8.83,20.5,30.94
635,Shimla,Himachal Pradesh,2015,4.04,12.6,7.82,2.65,27.11,37.61
635,Shimla,Himachal Pradesh,2016,4.32,9.32,7.78,1.6,23.020000000000003,31.57
635,Shimla,Himachal Pradesh,2017,6.1,8.3,10.48,5.05,29.930000000000003,40.33
635,Shimla,Himachal Pradesh,2018,5.9,11.4,12.01,10.09,39.400000000000006,46.18
635,Shimla,Himachal Pradesh,2019,1.96,8.81,10.58,4.78,26.130000000000003,39.07
636,Sirmaur,Himachal Pradesh,1990,1.53,12.17,5.83,12.09,31.62,37.42
636,Sirmaur,Himachal Pradesh,1991,8.79,4.2,15.07,5.95,34.01,36.72
636,Sirmaur,Himachal Pradesh,1992,2.42,6.77,10.22,4.21,23.62,26.77
636,Sirmaur,Himachal Pradesh,1993,4.51,12.65,11.7,9.48,38.34,45.17
636,Sirmaur,Himachal Pradesh,1994,4.41,15.34,15.12,1.76,36.629999999999995,41.589999999999996
636,Sirmaur,Himachal Pradesh,1995,2.69,8.55,13.31,6.51,31.060000000000002,36.39
636,Sirmaur,Himachal Pradesh,1996,7.36,6.99,15.46,6.88,36.690000000000005,45.67
636,Sirmaur,Himachal Pradesh,1997,5.35,10.99,10.2,3.17,29.71,42.21
636,Sirmaur,Himachal Pradesh,1998,3.7,13.75,15.4,5.52,38.370000000000005,48.81
636,Sirmaur,Himachal Pradesh,1999,4.96,6.12,3.75,5.56,20.39,23.05
636,Sirmaur,Himachal Pradesh,2000,5.07,9.61,5.4,3.94,24.02,27.96
636,Sirmaur,Himachal Pradesh,2001,9.15,14.18,11.22,2.33,36.879999999999995,43.54
636,Sirmaur,Himachal Pradesh,2002,2.77,3.7,9.34,6.76,22.57,30.54
636,Sirmaur,Himachal Pradesh,2003,3.2,12.1,11.02,7.45,33.77,40.199999999999996
636,Sirmaur,Himachal Pradesh,2004,6.72,11.14,13.12,1.29,32.269999999999996,40.37
636,Sirmaur,Himachal Pradesh,2005,2.89,13.32,8.44,9.04,33.69,39.75
636,Sirmaur,Himachal Pradesh,2006,3.58,12.11,8.62,3.26,27.57,36.199999999999996
636,Sirmaur,Himachal Pradesh,2007,3.3,14.81,16.78,4.37,39.26,47.67
636,Sirmaur,Himachal Pradesh,2008,12.64,13.96,13.93,6.64,47.17,53.56
636,Sirmaur,Himachal Pradesh,2009,2.53,9.12,8.62,6.97,27.239999999999995,34.98
636,Sirmaur,Himachal Pradesh,2010,4.02,19.49,17.57,17.48,58.56,63.019999999999996
636,Sirmaur,Himachal Pradesh,2011,9.98,14.93,15.52,9.57,50.0,56.3
636,Sirmaur,Himachal Pradesh,2012,1.7,11.58,17.92,8.74,39.940000000000005,43.77
636,Sirmaur,Himachal Pradesh,2013,20.93,15.75,16.01,4.67,57.36,67.36
636,Sirmaur,Himachal Pradesh,2014,2.12,8.23,12.29,5.31,27.95,39.74
636,Sirmaur,Himachal Pradesh,2015,3.71,13.11,12.05,2.0,30.87,40.6
636,Sirmaur,Himachal Pradesh,2016,3.93,13.63,8.31,2.23,28.100000000000005,33.940000000000005
636,Sirmaur,Himachal Pradesh,2017,9.01,9.21,11.02,7.13,36.37,45.4
636,Sirmaur,Himachal Pradesh,2018,6.51,13.09,14.35,8.35,42.300000000000004,47.74
636,Sirmaur,Himachal Pradesh,2019,1.81,8.64,9.67,7.22,27.34,37.62
637,Una,Himachal Pradesh,1990,0.89,6.19,5.67,7.88,20.63,27.66
637,Una,Himachal Pradesh,1991,4.34,3.09,7.17,3.09,17.689999999999998,20.05
637,Una,Himachal Pradesh,1992,1.27,3.74,7.66,4.59,17.259999999999998,23.62
637,Una,Himachal Pradesh,1993,2.4,17.38,1.56,4.55,25.889999999999997,31.54
637,Una,Himachal Pradesh,1994,2.59,9.52,10.26,2.96,25.33,30.529999999999998
637,Una,Himachal Pradesh,1995,2.81,5.88,13.01,3.33,25.03,32.07
637,Una,Himachal Pradesh,1996,8.5,4.4,11.51,3.29,27.7,35.39
637,Una,Himachal Pradesh,1997,3.37,6.57,10.43,0.45,20.82,28.14
637,Una,Himachal Pradesh,1998,1.96,5.65,4.71,1.83,14.15,17.81
637,Una,Himachal Pradesh,1999,2.62,3.41,5.48,2.83,14.340000000000002,16.57
637,Una,Himachal Pradesh,2000,4.51,8.61,3.41,2.47,19.0,22.59
637,Una,Himachal Pradesh,2001,3.91,10.57,3.61,1.07,19.16,23.240000000000002
637,Una,Himachal Pradesh,2002,1.29,3.23,6.08,5.54,16.14,19.62
637,Una,Himachal Pradesh,2003,2.55,8.78,6.7,3.39,21.419999999999998,28.22
637,Una,Himachal Pradesh,2004,2.47,4.22,9.72,0.31,16.72,23.38
637,Una,Himachal Pradesh,2005,3.65,6.37,3.74,5.2,18.96,25.66
637,Una,Himachal Pradesh,2006,2.94,10.84,4.5,6.27,24.55,30.59
637,Una,Himachal Pradesh,2007,3.81,3.88,7.61,1.7,17.0,25.78
637,Una,Himachal Pradesh,2008,11.16,8.13,14.13,5.99,39.410000000000004,46.18
637,Una,Himachal Pradesh,2009,1.28,5.69,5.62,3.57,16.16,21.79
637,Una,Himachal Pradesh,2010,3.44,13.01,6.87,7.91,31.23,33.93
637,Una,Himachal Pradesh,2011,5.98,7.25,11.13,6.1,30.46,34.13
637,Una,Himachal Pradesh,2012,0.57,6.09,5.82,5.43,17.91,22.25
637,Una,Himachal Pradesh,2013,6.1,9.99,14.83,1.52,32.440000000000005,40.38
637,Una,Himachal Pradesh,2014,2.15,4.49,3.1,13.37,23.11,31.97
637,Una,Himachal Pradesh,2015,4.06,11.59,6.23,3.51,25.39,37.43
637,Una,Himachal Pradesh,2016,3.61,9.39,8.78,2.41,24.19,33.02
637,Una,Himachal Pradesh,2017,5.39,7.52,9.87,3.15,25.93,36.18
637,Una,Himachal Pradesh,2018,5.71,11.22,10.44,10.83,38.199999999999996,44.5
637,Una,Himachal Pradesh,2019,1.58,8.53,12.45,4.56,27.119999999999997,40.93
705,Ganjam,Orissa,1990,5.22,9.05,13.23,6.16,33.66,59.24
705,Ganjam,Orissa,1991,5.29,15.63,8.06,5.75,34.730000000000004,41.0
705,Ganjam,Orissa,1992,4.4,13.09,11.8,7.16,36.45,51.39
705,Ganjam,Orissa,1993,8.55,9.23,12.98,7.46,38.22,47.89
705,Ganjam,Orissa,1994,4.52,8.65,14.29,9.36,36.82,45.739999999999995
705,Ganjam,Orissa,1995,3.08,5.54,6.59,7.29,22.5,56.82
705,Ganjam,Orissa,1996,6.22,5.85,7.94,2.73,22.740000000000002,32.08
705,Ganjam,Orissa,1997,4.8,6.62,13.48,8.23,33.129999999999995,45.54
705,Ganjam,Orissa,1998,6.63,9.8,6.45,8.48,31.36,48.71
705,Ganjam,Orissa,1999,6.71,5.74,9.27,5.15,26.869999999999997,37.49
705,Ganjam,Orissa,2000,8.33,8.17,6.77,3.87,27.14,34.45
705,Ganjam,Orissa,2001,10.91,18.79,9.7,6.78,46.18,57.98
705,Ganjam,Orissa,2002,5.62,9.97,10.38,6.35,32.32,40.92
705,Ganjam,Orissa,2003,7.79,9.82,11.92,7.04,36.57,58.24
705,Ganjam,Orissa,2004,4.53,7.02,7.57,3.72,22.84,33.86
705,Ganjam,Orissa,2005,4.38,8.46,6.23,17.72,36.79,53.0
705,Ganjam,Orissa,2006,7.43,10.4,17.74,11.04,46.60999999999999,55.089999999999996
705,Ganjam,Orissa,2007,6.49,6.0,11.16,16.59,40.239999999999995,50.72
705,Ganjam,Orissa,2008,10.44,7.5,10.61,15.31,43.86,54.37
705,Ganjam,Orissa,2009,3.11,12.07,9.68,6.0,30.86,37.66
705,Ganjam,Orissa,2010,7.43,7.81,9.46,8.76,33.46,51.92
705,Ganjam,Orissa,2011,5.22,10.19,11.48,7.7,34.59,43.33
705,Ganjam,Orissa,2012,6.23,14.12,6.93,6.14,33.42,46.58
705,Ganjam,Orissa,2013,7.07,6.41,4.42,8.88,26.78,50.57
705,Ganjam,Orissa,2014,3.32,12.2,8.48,9.76,33.76,46.78
705,Ganjam,Orissa,2015,5.72,6.51,8.37,6.16,26.76,37.87
705,Ganjam,Orissa,2016,6.19,7.11,8.35,7.48,29.13,39.980000000000004
705,Ganjam,Orissa,2017,6.7,13.16,8.66,5.77,34.29,51.31
705,Ganjam,Orissa,2018,5.81,15.92,11.83,7.84,41.400000000000006,56.94
705,Ganjam,Orissa,2019,4.75,9.31,10.79,13.76,38.61,59.9
706,Kalahandi,Orissa,1990,7.57,9.03,13.24,7.53,37.370000000000005,56.78
706,Kalahandi,Orissa,1991,5.37,10.58,9.39,5.86,31.2,35.69
706,Kalahandi,Orissa,1992,4.81,9.9,11.15,5.14,31.0,36.22
706,Kalahandi,Orissa,1993,6.66,10.89,8.87,7.76,34.18,41.78
706,Kalahandi,Orissa,1994,6.11,16.76,10.49,7.24,40.6,47.56
706,Kalahandi,Orissa,1995,4.36,13.02,8.07,7.37,32.82,46.3
706,Kalahandi,Orissa,1996,4.96,9.16,8.93,4.15,27.200000000000003,32.25
706,Kalahandi,Orissa,1997,3.6,9.77,10.86,4.74,28.97,38.38
706,Kalahandi,Orissa,1998,6.22,8.76,6.5,5.92,27.4,40.17
706,Kalahandi,Orissa,1999,6.27,5.33,16.1,6.43,34.13,38.410000000000004
706,Kalahandi,Orissa,2000,9.68,7.1,8.5,3.97,29.25,33.54
706,Kalahandi,Orissa,2001,7.38,11.35,11.01,4.69,34.43,42.31
706,Kalahandi,Orissa,2002,5.56,5.9,9.15,2.93,23.54,28.72
706,Kalahandi,Orissa,2003,3.93,12.9,11.9,7.58,36.31,48.31
706,Kalahandi,Orissa,2004,8.04,10.73,8.82,7.65,35.24,42.19
706,Kalahandi,Orissa,2005,5.27,11.38,8.17,11.14,35.96,46.96
706,Kalahandi,Orissa,2006,4.05,11.98,11.65,8.92,36.6,44.89
706,Kalahandi,Orissa,2007,12.04,6.73,9.58,8.0,36.35,41.92
706,Kalahandi,Orissa,2008,8.2,9.68,9.23,10.21,37.32,43.37
706,Kalahandi,Orissa,2009,2.99,15.19,8.21,3.74,30.130000000000003,36.06
706,Kalahandi,Orissa,2010,7.37,12.49,10.83,8.73,39.42,51.29
706,Kalahandi,Orissa,2011,3.88,9.9,10.56,9.31,33.650000000000006,40.550000000000004
706,Kalahandi,Orissa,2012,6.53,15.93,13.65,8.78,44.89,52.839999999999996
706,Kalahandi,Orissa,2013,9.99,10.59,7.67,5.94,34.19,45.71
706,Kalahandi,Orissa,2014,3.9,14.17,8.83,10.54,37.44,45.04
706,Kalahandi,Orissa,2015,11.72,6.54,10.88,11.07,40.21,45.4
706,Kalahandi,Orissa,2016,5.7,10.1,8.28,9.88,33.96,40.45
706,Kalahandi,Orissa,2017,6.02,14.95,9.45,5.47,35.89,42.43
706,Kalahandi,Orissa,2018,2.76,10.45,15.81,5.95,34.97,41.33
706,Kalahandi,Orissa,2019,3.12,13.83,15.11,9.81,41.870000000000005,48.86
707,Keonjhar,Orissa,1990,7.31,10.92,10.25,8.3,36.78,54.64
707,Keonjhar,Orissa,1991,5.38,11.72,13.11,6.83,37.04,42.63
707,Keonjhar,Orissa,1992,5.94,11.09,10.91,7.04,34.980000000000004,43.28
707,Keonjhar,Orissa,1993,8.5,10.44,11.36,9.64,39.94,48.96
707,Keonjhar,Orissa,1994,10.25,18.23,13.29,7.79,49.559999999999995,57.39
707,Keonjhar,Orissa,1995,3.85,8.1,8.95,8.56,29.46,50.53
707,Keonjhar,Orissa,1996,6.64,11.46,10.65,3.57,32.32,37.82
707,Keonjhar,Orissa,1997,8.09,9.13,16.44,6.41,40.06999999999999,50.39
707,Keonjhar,Orissa,1998,6.57,8.54,7.28,9.18,31.57,45.93
707,Keonjhar,Orissa,1999,7.92,9.05,11.12,7.86,35.949999999999996,45.86
707,Keonjhar,Orissa,2000,7.47,7.83,5.68,6.3,27.28,34.19
707,Keonjhar,Orissa,2001,10.58,18.41,10.3,5.29,44.580000000000005,54.92
707,Keonjhar,Orissa,2002,5.88,7.29,9.14,8.59,30.900000000000002,38.06
707,Keonjhar,Orissa,2003,9.38,10.47,10.31,8.44,38.6,54.78
707,Keonjhar,Orissa,2004,6.29,9.3,13.36,5.11,34.06,43.47
707,Keonjhar,Orissa,2005,6.43,11.51,7.47,11.83,37.239999999999995,48.7
707,Keonjhar,Orissa,2006,8.49,13.57,14.6,9.58,46.24,53.52
707,Keonjhar,Orissa,2007,7.11,10.93,12.94,15.7,46.67999999999999,54.79
707,Keonjhar,Orissa,2008,14.82,11.25,11.68,11.63,49.38,56.99
707,Keonjhar,Orissa,2009,2.73,14.42,8.77,7.77,33.69,42.5
707,Keonjhar,Orissa,2010,5.67,7.08,7.34,8.03,28.119999999999997,37.94
707,Keonjhar,Orissa,2011,8.76,8.6,12.34,13.51,43.21,50.86
707,Keonjhar,Orissa,2012,6.83,12.04,11.59,6.53,36.989999999999995,46.38
707,Keonjhar,Orissa,2013,8.09,8.85,9.22,9.73,35.89,55.43
707,Keonjhar,Orissa,2014,5.7,12.74,11.29,7.59,37.32,49.339999999999996
707,Keonjhar,Orissa,2015,6.73,14.65,8.9,4.76,35.04,43.69
707,Keonjhar,Orissa,2016,6.37,7.93,11.96,9.58,35.84,45.67
707,Keonjhar,Orissa,2017,6.54,16.35,9.47,7.6,39.96,54.17
707,Keonjhar,Orissa,2018,6.11,11.58,10.15,9.81,37.650000000000006,51.04
707,Keonjhar,Orissa,2019,4.61,9.18,9.6,11.3,34.69,52.23
708,Koraput,Orissa,1990,7.62,8.5,16.01,6.48,38.61,64.92
708,Koraput,Orissa,1991,7.31,10.6,6.76,7.27,31.94,40.48
708,Koraput,Orissa,1992,5.73,11.04,11.62,4.76,33.15,43.809999999999995
708,Koraput,Orissa,1993,6.27,7.82,7.11,9.61,30.81,43.42
708,Koraput,Orissa,1994,2.77,15.9,8.55,5.51,32.730000000000004,46.76
708,Koraput,Orissa,1995,6.38,14.0,7.89,8.39,36.66,58.72
708,Koraput,Orissa,1996,10.03,8.18,9.58,5.92,33.71,43.13
708,Koraput,Orissa,1997,3.37,9.83,9.36,7.21,29.77,42.1
708,Koraput,Orissa,1998,7.58,10.44,8.15,8.53,34.7,55.7
708,Koraput,Orissa,1999,7.35,4.63,17.56,5.6,35.14,42.32
708,Koraput,Orissa,2000,10.23,5.41,12.69,6.04,34.37,41.01
708,Koraput,Orissa,2001,5.88,7.57,11.62,6.75,31.82,43.269999999999996
708,Koraput,Orissa,2002,6.48,5.64,9.68,2.43,24.23,31.68
708,Koraput,Orissa,2003,2.34,15.27,9.63,6.34,33.58,50.26
708,Koraput,Orissa,2004,9.19,12.45,8.31,9.62,39.57,49.23
708,Koraput,Orissa,2005,5.45,8.71,6.71,16.62,37.49,54.760000000000005
708,Koraput,Orissa,2006,5.19,11.69,13.47,11.81,42.160000000000004,56.17
708,Koraput,Orissa,2007,13.15,6.05,9.79,9.02,38.01,47.11
708,Koraput,Orissa,2008,8.04,10.92,9.68,8.44,37.08,46.87
708,Koraput,Orissa,2009,4.11,12.45,8.08,5.21,29.85,37.74
708,Koraput,Orissa,2010,8.73,14.2,14.48,9.96,47.37,70.99
708,Koraput,Orissa,2011,2.97,9.29,9.66,7.68,29.6,39.47
708,Koraput,Orissa,2012,4.55,14.23,14.06,12.72,45.56,57.95
708,Koraput,Orissa,2013,11.64,8.42,6.47,6.98,33.510000000000005,51.45
708,Koraput,Orissa,2014,5.14,12.84,10.89,11.7,40.57,52.1
708,Koraput,Orissa,2015,18.11,5.51,13.27,13.12,50.01,58.62
708,Koraput,Orissa,2016,12.58,12.4,11.34,10.66,46.980000000000004,54.89
708,Koraput,Orissa,2017,10.05,19.18,11.35,5.96,46.54,56.09
708,Koraput,Orissa,2018,3.91,10.78,16.51,7.13,38.330000000000005,46.62
708,Koraput,Orissa,2019,6.86,15.06,16.23,12.78,50.93000000000001,62.63
710,Phulbani(Kandhamal),Orissa,1990,6.62,10.84,12.69,7.1,37.25,57.71
710,Phulbani(Kandhamal),Orissa,1991,5.45,15.38,11.49,6.32,38.64,44.01
710,Phulbani(Kandhamal),Orissa,1992,5.13,13.56,11.96,7.06,37.71,47.9
710,Phulbani(Kandhamal),Orissa,1993,9.29,11.87,13.42,8.2,42.78,51.68
710,Phulbani(Kandhamal),Orissa,1994,8.0,15.29,15.67,9.33,48.29,55.53
710,Phulbani(Kandhamal),Orissa,1995,3.25,8.43,8.78,7.82,28.28,53.56
710,Phulbani(Kandhamal),Orissa,1996,5.99,10.29,9.62,3.5,29.4,35.94
710,Phulbani(Kandhamal),Orissa,1997,5.75,9.66,15.76,7.29,38.46,49.16
710,Phulbani(Kandhamal),Orissa,1998,7.56,10.28,7.67,8.32,33.83,48.019999999999996
710,Phulbani(Kandhamal),Orissa,1999,7.59,7.58,11.84,7.05,34.059999999999995,42.37
710,Phulbani(Kandhamal),Orissa,2000,8.05,8.68,6.58,4.15,27.46,33.25
710,Phulbani(Kandhamal),Orissa,2001,10.5,21.62,10.9,5.96,48.980000000000004,58.730000000000004
710,Phulbani(Kandhamal),Orissa,2002,5.26,9.85,10.29,6.55,31.95,39.18
710,Phulbani(Kandhamal),Orissa,2003,10.26,11.14,12.63,8.84,42.870000000000005,59.63
710,Phulbani(Kandhamal),Orissa,2004,5.63,9.35,12.04,4.64,31.66,40.76
710,Phulbani(Kandhamal),Orissa,2005,6.05,11.55,7.93,14.17,39.7,51.88
710,Phulbani(Kandhamal),Orissa,2006,6.98,12.56,17.22,9.26,46.019999999999996,53.5
710,Phulbani(Kandhamal),Orissa,2007,6.78,7.33,12.16,16.02,42.29,50.77
710,Phulbani(Kandhamal),Orissa,2008,12.22,10.37,12.85,15.08,50.519999999999996,59.11
710,Phulbani(Kandhamal),Orissa,2009,3.17,15.94,10.11,5.71,34.93,42.129999999999995
710,Phulbani(Kandhamal),Orissa,2010,7.46,9.37,9.38,8.04,34.25,46.57
710,Phulbani(Kandhamal),Orissa,2011,6.97,10.78,12.63,11.7,42.08,49.19
710,Phulbani(Kandhamal),Orissa,2012,7.65,14.65,11.7,6.49,40.49,50.06
710,Phulbani(Kandhamal),Orissa,2013,8.17,8.93,6.91,8.97,32.980000000000004,51.58
710,Phulbani(Kandhamal),Orissa,2014,4.3,14.02,9.97,9.69,37.98,48.66
710,Phulbani(Kandhamal),Orissa,2015,6.25,11.6,12.44,6.65,36.94,43.39
710,Phulbani(Kandhamal),Orissa,2016,4.7,8.04,11.86,7.52,32.12,39.62
710,Phulbani(Kandhamal),Orissa,2017,6.98,14.17,8.81,7.58,37.54,45.620000000000005
710,Phulbani(Kandhamal),Orissa,2018,6.28,12.19,11.59,7.03,37.089999999999996,47.589999999999996
710,Phulbani(Kandhamal),Orissa,2019,4.02,9.82,11.43,11.34,36.61,47.85
712,Sambalpur,Orissa,1990,6.94,11.87,9.12,7.95,35.88,50.19
712,Sambalpur,Orissa,1991,4.96,11.64,14.3,7.39,38.29,43.38
712,Sambalpur,Orissa,1992,5.48,11.26,10.21,6.72,33.67,39.09
712,Sambalpur,Orissa,1993,8.28,12.63,10.26,9.45,40.620000000000005,48.26
712,Sambalpur,Orissa,1994,11.45,23.56,14.33,8.4,57.739999999999995,64.51
712,Sambalpur,Orissa,1995,3.09,11.6,10.77,9.05,34.510000000000005,49.89
712,Sambalpur,Orissa,1996,6.32,15.13,11.42,4.84,37.71000000000001,41.95
712,Sambalpur,Orissa,1997,6.58,10.0,17.43,6.09,40.099999999999994,49.64
712,Sambalpur,Orissa,1998,8.02,8.42,8.85,8.31,33.6,46.14
712,Sambalpur,Orissa,1999,7.44,9.57,12.89,8.73,38.63,45.32
712,Sambalpur,Orissa,2000,6.12,7.04,5.37,5.33,23.86,28.13
712,Sambalpur,Orissa,2001,7.97,20.43,10.16,4.78,43.34,51.34
712,Sambalpur,Orissa,2002,4.67,7.34,8.4,6.67,27.08,32.73
712,Sambalpur,Orissa,2003,11.7,10.96,11.68,10.13,44.470000000000006,56.86
712,Sambalpur,Orissa,2004,6.52,11.82,16.84,5.11,40.29,47.55
712,Sambalpur,Orissa,2005,7.21,14.06,8.54,8.87,38.68,47.18
712,Sambalpur,Orissa,2006,6.17,13.6,13.77,6.99,40.53,47.36
712,Sambalpur,Orissa,2007,6.56,8.97,11.64,14.31,41.480000000000004,47.82
712,Sambalpur,Orissa,2008,13.08,13.61,14.36,12.51,53.559999999999995,59.85
712,Sambalpur,Orissa,2009,2.63,17.93,8.83,5.16,34.55,41.9
712,Sambalpur,Orissa,2010,6.46,8.84,7.85,5.86,29.009999999999998,35.84
712,Sambalpur,Orissa,2011,7.41,9.44,11.32,15.75,43.92,49.5
712,Sambalpur,Orissa,2012,7.69,13.41,16.46,7.06,44.620000000000005,52.33
712,Sambalpur,Orissa,2013,7.25,10.85,9.96,7.75,35.81,50.95
712,Sambalpur,Orissa,2014,4.95,13.84,10.64,7.9,37.33,45.52
712,Sambalpur,Orissa,2015,5.88,16.95,14.82,6.42,44.07,49.07
712,Sambalpur,Orissa,2016,3.98,8.23,13.73,8.28,34.22,38.9
712,Sambalpur,Orissa,2017,7.41,15.89,9.44,7.03,39.77,45.22
712,Sambalpur,Orissa,2018,6.43,12.42,11.91,5.77,36.53,44.54
712,Sambalpur,Orissa,2019,4.28,8.64,12.85,12.75,38.52,47.15
713,Sundargarh,Orissa,1990,7.15,11.82,7.57,7.9,34.44,45.94
713,Sundargarh,Orissa,1991,4.16,10.37,15.03,6.95,36.51,40.81
713,Sundargarh,Orissa,1992,5.03,10.66,9.34,6.52,31.55,34.69
713,Sundargarh,Orissa,1993,7.62,13.52,8.72,9.83,39.69,46.15
713,Sundargarh,Orissa,1994,12.5,26.22,13.86,8.43,61.01,66.94
713,Sundargarh,Orissa,1995,2.73,13.93,11.71,8.89,37.260000000000005,48.050000000000004
713,Sundargarh,Orissa,1996,5.9,17.2,11.9,5.47,40.47,43.9
713,Sundargarh,Orissa,1997,5.98,9.57,18.14,4.66,38.349999999999994,47.9
713,Sundargarh,Orissa,1998,8.34,7.44,9.22,8.07,33.07,44.15
713,Sundargarh,Orissa,1999,6.95,9.5,13.46,9.35,39.26,43.86
713,Sundargarh,Orissa,2000,5.25,6.17,4.79,4.71,20.92,23.69
713,Sundargarh,Orissa,2001,6.25,19.6,9.92,3.95,39.720000000000006,46.050000000000004
713,Sundargarh,Orissa,2002,4.03,6.03,7.58,5.65,23.29,27.8
713,Sundargarh,Orissa,2003,12.06,10.54,11.98,11.07,45.65,55.29
713,Sundargarh,Orissa,2004,7.04,12.84,18.14,5.09,43.11,49.12
713,Sundargarh,Orissa,2005,7.55,15.14,9.31,6.55,38.55,45.18
713,Sundargarh,Orissa,2006,4.54,12.6,12.01,5.05,34.199999999999996,40.63
713,Sundargarh,Orissa,2007,6.56,7.97,9.89,12.53,36.95,41.96
713,Sundargarh,Orissa,2008,11.73,14.53,14.8,11.58,52.64,57.78
713,Sundargarh,Orissa,2009,2.4,18.52,8.4,3.72,33.04,39.62
713,Sundargarh,Orissa,2010,6.31,9.54,7.61,4.96,28.419999999999998,33.019999999999996
713,Sundargarh,Orissa,2011,6.75,9.06,10.45,16.65,42.91,47.449999999999996
713,Sundargarh,Orissa,2012,7.36,13.39,19.07,7.2,47.02,53.5
713,Sundargarh,Orissa,2013,6.86,11.71,11.14,6.36,36.07,49.08
713,Sundargarh,Orissa,2014,4.35,13.64,10.56,7.56,36.11000000000001,43.05
713,Sundargarh,Orissa,2015,5.99,16.99,14.95,6.79,44.71999999999999,48.93
713,Sundargarh,Orissa,2016,2.89,9.24,13.41,8.31,33.85,37.800000000000004
713,Sundargarh,Orissa,2017,6.31,17.0,9.51,6.54,39.36,43.26
713,Sundargarh,Orissa,2018,4.78,12.85,11.98,4.0,33.61,39.11
713,Sundargarh,Orissa,2019,4.04,8.69,13.35,13.19,39.269999999999996,45.39
720,Gajapati,Orissa,1990,4.03,6.98,11.68,5.31,28.0,55.01
720,Gajapati,Orissa,1991,5.82,11.35,5.08,5.6,27.85,35.76
720,Gajapati,Orissa,1992,3.96,11.05,10.11,6.05,31.17,45.89
720,Gajapati,Orissa,1993,6.76,6.27,9.11,8.15,30.29,40.74
720,Gajapati,Orissa,1994,2.8,9.23,9.93,7.18,29.14,41.49
720,Gajapati,Orissa,1995,3.68,6.6,5.39,7.43,23.099999999999998,55.74
720,Gajapati,Orissa,1996,10.1,3.92,8.07,4.24,26.33,37.53
720,Gajapati,Orissa,1997,3.24,5.72,12.13,8.51,29.6,41.72
720,Gajapati,Orissa,1998,6.48,8.31,6.48,8.67,29.940000000000005,50.06
720,Gajapati,Orissa,1999,6.48,3.96,8.77,4.18,23.39,32.72
720,Gajapati,Orissa,2000,7.15,5.4,7.04,5.34,24.93,32.22
720,Gajapati,Orissa,2001,6.99,11.34,8.03,6.86,33.22,45.7
720,Gajapati,Orissa,2002,5.5,6.97,8.31,4.13,24.91,32.78
720,Gajapati,Orissa,2003,4.67,9.84,8.75,6.1,29.36,51.339999999999996
720,Gajapati,Orissa,2004,5.08,8.08,5.44,4.33,22.93,33.31
720,Gajapati,Orissa,2005,3.52,6.76,4.69,19.04,34.01,52.56
720,Gajapati,Orissa,2006,6.29,8.02,15.17,11.21,40.69,50.8
720,Gajapati,Orissa,2007,9.01,4.81,8.28,13.19,35.29,46.37
720,Gajapati,Orissa,2008,7.38,7.18,8.59,11.93,35.08,45.81
720,Gajapati,Orissa,2009,3.61,9.03,7.24,4.86,24.74,31.41
720,Gajapati,Orissa,2010,7.74,7.27,9.23,7.52,31.76,54.92
720,Gajapati,Orissa,2011,2.86,9.29,8.09,5.19,25.43,34.47
720,Gajapati,Orissa,2012,5.53,13.82,5.86,7.16,32.370000000000005,48.49
720,Gajapati,Orissa,2013,5.08,5.88,4.32,6.93,22.21,48.36
720,Gajapati,Orissa,2014,2.89,11.47,7.99,8.08,30.43,42.53
720,Gajapati,Orissa,2015,9.62,5.2,9.0,8.75,32.57,42.31
720,Gajapati,Orissa,2016,6.67,7.56,6.81,8.87,29.909999999999997,41.629999999999995
720,Gajapati,Orissa,2017,6.72,13.11,7.66,4.55,32.04,46.42
720,Gajapati,Orissa,2018,4.37,11.06,11.59,6.76,33.78,47.62
720,Gajapati,Orissa,2019,4.17,8.16,10.47,13.67,36.47,54.39
721,Nuapada,Orissa,1990,9.0,8.76,12.26,9.46,39.48,55.81
721,Nuapada,Orissa,1991,6.5,9.93,11.44,4.58,32.449999999999996,35.14
721,Nuapada,Orissa,1992,4.03,9.83,13.51,5.64,33.01,36.02
721,Nuapada,Orissa,1993,6.5,14.31,11.08,6.98,38.870000000000005,43.62
721,Nuapada,Orissa,1994,8.89,17.76,11.2,8.61,46.46,51.72
721,Nuapada,Orissa,1995,4.04,14.99,9.11,6.97,35.11,43.88
721,Nuapada,Orissa,1996,3.26,10.4,9.37,3.78,26.810000000000002,30.77
721,Nuapada,Orissa,1997,3.66,11.63,11.69,2.67,29.65,37.37
721,Nuapada,Orissa,1998,4.68,7.16,6.94,5.44,24.220000000000002,34.19
721,Nuapada,Orissa,1999,5.44,5.57,16.24,6.99,34.24,37.089999999999996
721,Nuapada,Orissa,2000,11.15,9.29,6.57,2.98,29.99,33.24
721,Nuapada,Orissa,2001,10.05,10.33,10.53,4.36,35.27,41.56
721,Nuapada,Orissa,2002,6.75,4.6,9.81,2.42,23.58,27.52
721,Nuapada,Orissa,2003,2.75,12.79,14.86,9.41,39.81,49.33
721,Nuapada,Orissa,2004,8.78,10.26,7.02,7.79,33.85,39.37
721,Nuapada,Orissa,2005,4.7,15.66,10.33,10.31,41.0,50.35
721,Nuapada,Orissa,2006,3.05,12.32,10.66,9.08,35.11,41.89
721,Nuapada,Orissa,2007,17.99,9.23,9.45,6.61,43.28,46.9
721,Nuapada,Orissa,2008,8.12,7.59,8.44,11.0,35.15,38.87
721,Nuapada,Orissa,2009,2.46,18.62,8.86,3.15,33.09,37.98
721,Nuapada,Orissa,2010,6.09,14.72,8.97,9.55,39.33,47.79
721,Nuapada,Orissa,2011,5.47,11.29,13.64,11.53,41.93,48.269999999999996
721,Nuapada,Orissa,2012,7.84,18.09,16.33,8.36,50.62,55.64
721,Nuapada,Orissa,2013,12.14,15.25,10.8,5.67,43.86,51.83
721,Nuapada,Orissa,2014,3.51,15.89,7.86,10.48,37.739999999999995,44.550000000000004
721,Nuapada,Orissa,2015,11.23,7.11,9.71,10.07,38.120000000000005,41.93
721,Nuapada,Orissa,2016,6.45,11.95,8.51,11.73,38.64,43.87
721,Nuapada,Orissa,2017,6.48,14.13,9.55,7.03,37.19,41.47
721,Nuapada,Orissa,2018,3.84,10.92,15.16,4.49,34.410000000000004,40.07
721,Nuapada,Orissa,2019,4.01,14.26,15.58,14.6,48.45,54.22
722,Malkangiri,Orissa,1990,8.37,8.66,16.34,6.41,39.78,63.0
722,Malkangiri,Orissa,1991,7.09,10.66,7.82,7.03,32.6,39.86
722,Malkangiri,Orissa,1992,5.62,10.41,11.77,4.38,32.18,40.8
722,Malkangiri,Orissa,1993,5.83,8.71,6.72,8.96,30.220000000000002,41.57
722,Malkangiri,Orissa,1994,3.37,15.86,9.25,5.15,33.63,44.73
722,Malkangiri,Orissa,1995,6.15,14.15,8.45,7.63,36.38,55.18
722,Malkangiri,Orissa,1996,7.3,9.68,8.84,5.65,31.47,38.78
722,Malkangiri,Orissa,1997,3.97,10.77,7.75,6.07,28.560000000000002,39.68
722,Malkangiri,Orissa,1998,6.9,10.35,8.18,7.73,33.16,50.660000000000004
722,Malkangiri,Orissa,1999,6.64,5.24,17.95,5.7,35.53,41.78
722,Malkangiri,Orissa,2000,10.18,6.09,12.34,4.78,33.39,39.14
722,Malkangiri,Orissa,2001,6.23,8.23,11.85,5.79,32.1,42.18
722,Malkangiri,Orissa,2002,6.06,5.57,10.25,2.56,24.439999999999998,31.55
722,Malkangiri,Orissa,2003,2.84,14.96,10.11,5.97,33.88,47.47
722,Malkangiri,Orissa,2004,8.82,11.66,8.96,9.47,38.910000000000004,47.74
722,Malkangiri,Orissa,2005,5.97,9.34,7.14,13.79,36.239999999999995,50.449999999999996
722,Malkangiri,Orissa,2006,4.66,12.1,12.49,10.96,40.21,53.49
722,Malkangiri,Orissa,2007,11.53,6.3,10.03,8.66,36.519999999999996,43.54
722,Malkangiri,Orissa,2008,8.58,10.78,9.92,7.95,37.230000000000004,46.05
722,Malkangiri,Orissa,2009,3.52,13.02,8.59,4.66,29.79,37.14
722,Malkangiri,Orissa,2010,7.48,14.42,14.82,10.23,46.95,65.49
722,Malkangiri,Orissa,2011,3.42,8.27,10.78,7.07,29.54,38.12
722,Malkangiri,Orissa,2012,4.82,14.86,14.41,12.19,46.28,56.72
722,Malkangiri,Orissa,2013,12.36,9.74,6.52,6.12,34.74,50.01
722,Malkangiri,Orissa,2014,4.42,11.93,9.55,10.82,36.72,46.5
722,Malkangiri,Orissa,2015,17.82,5.66,13.48,13.27,50.230000000000004,58.38
722,Malkangiri,Orissa,2016,12.62,12.5,11.42,10.9,47.44,55.15
722,Malkangiri,Orissa,2017,10.19,19.88,11.37,5.95,47.39,56.98
722,Malkangiri,Orissa,2018,3.98,11.75,17.22,6.86,39.81,47.72
722,Malkangiri,Orissa,2019,6.84,15.39,16.44,12.2,50.870000000000005,62.0
724,Rayagada,Orissa,1990,5.62,8.17,13.09,6.21,33.089999999999996,57.7
724,Rayagada,Orissa,1991,5.82,11.28,6.85,6.11,30.060000000000002,37.01
724,Rayagada,Orissa,1992,4.6,11.11,10.59,5.58,31.879999999999995,42.379999999999995
724,Rayagada,Orissa,1993,7.09,7.84,9.34,8.29,32.56,42.87
724,Rayagada,Orissa,1994,3.95,13.04,10.34,7.05,34.379999999999995,44.93
724,Rayagada,Orissa,1995,4.36,9.55,6.68,7.67,28.259999999999998,52.45
724,Rayagada,Orissa,1996,8.85,6.21,8.91,4.46,28.43,36.96
724,Rayagada,Orissa,1997,3.5,7.82,11.99,7.38,30.69,41.85
724,Rayagada,Orissa,1998,6.91,9.22,6.84,7.72,30.69,48.28
724,Rayagada,Orissa,1999,6.92,4.62,12.6,5.34,29.48,36.519999999999996
724,Rayagada,Orissa,2000,8.21,5.91,8.63,5.16,27.91,34.010000000000005
724,Rayagada,Orissa,2001,6.77,11.49,9.82,6.07,34.15,44.81
724,Rayagada,Orissa,2002,5.58,6.86,8.86,3.67,24.97,31.8
724,Rayagada,Orissa,2003,4.56,11.81,9.83,6.75,32.95,50.800000000000004
724,Rayagada,Orissa,2004,6.55,9.86,7.48,6.29,30.18,39.35
724,Rayagada,Orissa,2005,4.48,8.35,6.08,16.29,35.2,50.78
724,Rayagada,Orissa,2006,5.65,10.01,14.41,10.47,40.54,50.36
724,Rayagada,Orissa,2007,10.22,5.37,9.13,11.38,36.1,45.190000000000005
724,Rayagada,Orissa,2008,7.9,8.96,9.25,11.41,37.519999999999996,46.67
724,Rayagada,Orissa,2009,3.74,11.5,7.76,4.51,27.509999999999998,34.37
724,Rayagada,Orissa,2010,8.4,9.66,10.65,8.17,36.88,55.79
724,Rayagada,Orissa,2011,3.18,10.23,9.35,6.21,28.97,37.15
724,Rayagada,Orissa,2012,6.38,15.04,8.98,8.49,38.89,51.64
724,Rayagada,Orissa,2013,6.78,7.53,5.61,6.85,26.770000000000003,46.49
724,Rayagada,Orissa,2014,3.67,13.19,9.28,9.13,35.27,45.4
724,Rayagada,Orissa,2015,11.25,5.85,10.83,10.32,38.25,44.92
724,Rayagada,Orissa,2016,6.06,8.55,7.52,9.54,31.669999999999998,40.82
724,Rayagada,Orissa,2017,6.4,14.15,8.65,5.0,34.2,44.910000000000004
724,Rayagada,Orissa,2018,3.29,9.8,14.77,6.26,34.12,43.53
724,Rayagada,Orissa,2019,3.5,10.72,12.17,10.54,36.93,48.35
726,Nayagarh,Orissa,1990,6.07,10.11,13.83,6.42,36.43,59.78
726,Nayagarh,Orissa,1991,5.38,16.6,9.63,5.8,37.41,43.120000000000005
726,Nayagarh,Orissa,1992,4.65,14.12,12.39,7.17,38.33,52.05
726,Nayagarh,Orissa,1993,9.52,10.43,14.64,7.59,42.18000000000001,51.47
726,Nayagarh,Orissa,1994,5.79,10.01,15.96,9.63,41.39,49.17
726,Nayagarh,Orissa,1995,3.09,5.82,7.37,7.19,23.470000000000002,54.96
726,Nayagarh,Orissa,1996,5.54,7.23,8.37,2.56,23.7,31.86
726,Nayagarh,Orissa,1997,5.63,8.12,14.59,7.9,36.24,47.74
726,Nayagarh,Orissa,1998,6.96,10.67,6.81,8.57,33.01,48.51
726,Nayagarh,Orissa,1999,7.24,6.61,10.08,5.67,29.6,39.61
726,Nayagarh,Orissa,2000,8.47,9.12,6.82,3.56,27.97,34.82
726,Nayagarh,Orissa,2001,11.79,21.37,10.58,6.7,50.44,61.160000000000004
726,Nayagarh,Orissa,2002,5.55,10.85,10.97,6.95,34.32,42.54
726,Nayagarh,Orissa,2003,9.03,10.26,12.54,7.72,39.55,59.58
726,Nayagarh,Orissa,2004,4.52,7.16,9.11,3.85,24.64,34.9
726,Nayagarh,Orissa,2005,4.91,9.39,7.0,17.01,38.31,52.85
726,Nayagarh,Orissa,2006,7.57,11.6,18.74,10.6,48.51,56.07
726,Nayagarh,Orissa,2007,5.91,6.58,12.16,17.44,42.09,52.1
726,Nayagarh,Orissa,2008,11.54,8.17,11.54,16.33,47.58,57.63999999999999
726,Nayagarh,Orissa,2009,3.15,13.62,10.45,6.32,33.54,40.64
726,Nayagarh,Orissa,2010,7.29,8.39,9.38,9.0,34.06,49.65
726,Nayagarh,Orissa,2011,6.85,10.63,12.99,9.26,39.73,47.69
726,Nayagarh,Orissa,2012,6.89,14.19,8.23,5.88,35.19,46.36
726,Nayagarh,Orissa,2013,7.97,7.08,4.94,9.76,29.75,51.78
726,Nayagarh,Orissa,2014,3.81,12.8,9.11,9.91,35.629999999999995,48.19
726,Nayagarh,Orissa,2015,4.9,7.68,9.41,5.31,27.3,36.38
726,Nayagarh,Orissa,2016,5.96,7.62,9.52,7.44,30.540000000000003,40.29
726,Nayagarh,Orissa,2017,6.61,13.9,8.58,6.94,36.03,49.660000000000004
726,Nayagarh,Orissa,2018,6.39,14.52,11.95,8.4,41.26,54.809999999999995
726,Nayagarh,Orissa,2019,4.98,9.61,9.63,12.69,36.91,54.11
729,Bargarh,Orissa,1990,6.97,11.23,9.71,8.06,35.97,50.690000000000005
729,Bargarh,Orissa,1991,4.81,12.14,13.99,6.74,37.68,42.06
729,Bargarh,Orissa,1992,5.1,11.85,10.76,6.77,34.480000000000004,39.24
729,Bargarh,Orissa,1993,7.99,14.12,10.54,9.0,41.65,48.47
729,Bargarh,Orissa,1994,11.26,23.78,14.51,9.05,58.599999999999994,64.48
729,Bargarh,Orissa,1995,2.87,13.22,11.06,8.59,35.739999999999995,49.79
729,Bargarh,Orissa,1996,5.67,15.66,11.2,5.1,37.63,41.8
729,Bargarh,Orissa,1997,5.12,11.23,17.7,5.24,39.29,48.55
729,Bargarh,Orissa,1998,8.07,8.5,8.98,7.56,33.11,44.5
729,Bargarh,Orissa,1999,7.01,8.6,13.95,8.96,38.519999999999996,43.32
729,Bargarh,Orissa,2000,6.61,7.28,5.57,4.28,23.740000000000002,27.130000000000003
729,Bargarh,Orissa,2001,7.33,20.2,10.51,4.77,42.81,50.17
729,Bargarh,Orissa,2002,4.4,7.24,8.6,5.27,25.51,30.51
729,Bargarh,Orissa,2003,11.42,11.4,12.97,10.74,46.53,57.57
729,Bargarh,Orissa,2004,6.87,12.51,16.03,5.43,40.839999999999996,47.36
729,Bargarh,Orissa,2005,7.1,15.35,9.41,9.12,40.98,49.39
729,Bargarh,Orissa,2006,4.76,12.83,13.63,6.48,37.7,44.4
729,Bargarh,Orissa,2007,8.13,7.64,10.75,13.02,39.54,45.12
729,Bargarh,Orissa,2008,11.56,13.21,14.51,13.3,52.58,58.370000000000005
729,Bargarh,Orissa,2009,2.63,19.45,9.06,3.81,34.95,41.26
729,Bargarh,Orissa,2010,7.13,10.84,8.66,5.86,32.49,39.61
729,Bargarh,Orissa,2011,5.99,10.36,11.12,15.65,43.12,48.25
729,Bargarh,Orissa,2012,8.14,14.97,17.77,7.35,48.23,54.96
729,Bargarh,Orissa,2013,7.49,12.22,10.17,6.89,36.77,49.82
729,Bargarh,Orissa,2014,4.24,15.05,10.36,8.97,38.62,45.71
729,Bargarh,Orissa,2015,6.88,14.07,13.67,7.6,42.22,46.42
729,Bargarh,Orissa,2016,3.43,8.07,12.21,8.12,31.83,37.08
729,Bargarh,Orissa,2017,6.97,14.23,9.35,7.07,37.62,42.2
729,Bargarh,Orissa,2018,5.09,12.15,11.68,5.29,34.21,41.22
729,Bargarh,Orissa,2019,3.26,10.65,14.04,12.27,40.22,47.019999999999996
731,Jharsuguda,Orissa,1990,7.15,11.82,7.57,7.9,34.44,45.94
731,Jharsuguda,Orissa,1991,4.16,10.37,15.03,6.95,36.51,40.81
731,Jharsuguda,Orissa,1992,5.03,10.66,9.34,6.52,31.55,34.69
731,Jharsuguda,Orissa,1993,7.62,13.52,8.72,9.83,39.69,46.15
731,Jharsuguda,Orissa,1994,12.5,26.22,13.86,8.43,61.01,66.94
731,Jharsuguda,Orissa,1995,2.73,13.93,11.71,8.89,37.260000000000005,48.050000000000004
731,Jharsuguda,Orissa,1996,5.9,17.2,11.9,5.47,40.47,43.9
731,Jharsuguda,Orissa,1997,5.98,9.57,18.14,4.66,38.349999999999994,47.9
731,Jharsuguda,Orissa,1998,8.34,7.44,9.22,8.07,33.07,44.15
731,Jharsuguda,Orissa,1999,6.95,9.5,13.46,9.35,39.26,43.86
731,Jharsuguda,Orissa,2000,5.25,6.17,4.79,4.71,20.92,23.69
731,Jharsuguda,Orissa,2001,6.25,19.6,9.92,3.95,39.720000000000006,46.050000000000004
731,Jharsuguda,Orissa,2002,4.03,6.03,7.58,5.65,23.29,27.8
731,Jharsuguda,Orissa,2003,12.06,10.54,11.98,11.07,45.65,55.29
731,Jharsuguda,Orissa,2004,7.04,12.84,18.14,5.09,43.11,49.12
731,Jharsuguda,Orissa,2005,7.55,15.14,9.31,6.55,38.55,45.18
731,Jharsuguda,Orissa,2006,4.54,12.6,12.01,5.05,34.199999999999996,40.63
731,Jharsuguda,Orissa,2007,6.56,7.97,9.89,12.53,36.95,41.96
731,Jharsuguda,Orissa,2008,11.73,14.53,14.8,11.58,52.64,57.78
731,Jharsuguda,Orissa,2009,2.4,18.52,8.4,3.72,33.04,39.62
731,Jharsuguda,Orissa,2010,6.31,9.54,7.61,4.96,28.419999999999998,33.019999999999996
731,Jharsuguda,Orissa,2011,6.75,9.06,10.45,16.65,42.91,47.449999999999996
731,Jharsuguda,Orissa,2012,7.36,13.39,19.07,7.2,47.02,53.5
731,Jharsuguda,Orissa,2013,6.86,11.71,11.14,6.36,36.07,49.08
731,Jharsuguda,Orissa,2014,4.35,13.64,10.56,7.56,36.11000000000001,43.05
731,Jharsuguda,Orissa,2015,5.99,16.99,14.95,6.79,44.71999999999999,48.93
731,Jharsuguda,Orissa,2016,2.89,9.24,13.41,8.31,33.85,37.800000000000004
731,Jharsuguda,Orissa,2017,6.31,17.0,9.51,6.54,39.36,43.26
731,Jharsuguda,Orissa,2018,4.78,12.85,11.98,4.0,33.61,39.11
731,Jharsuguda,Orissa,2019,4.04,8.69,13.35,13.19,39.269999999999996,45.39
804,Murshidabad,West Bengal,1990,3.74,9.39,3.19,6.1,22.42,30.17
804,Murshidabad,West Bengal,1991,3.58,3.8,3.01,7.41,17.8,21.8
804,Murshidabad,West Bengal,1992,2.49,3.13,2.74,2.35,10.709999999999999,14.31
804,Murshidabad,West Bengal,1993,3.74,3.96,3.38,3.8,14.879999999999999,23.16
804,Murshidabad,West Bengal,1994,4.82,3.7,3.04,1.96,13.52,18.26
804,Murshidabad,West Bengal,1995,3.34,3.57,4.97,6.41,18.29,23.23
804,Murshidabad,West Bengal,1996,4.92,3.23,6.3,1.79,16.24,20.14
804,Murshidabad,West Bengal,1997,4.98,11.04,7.13,6.04,29.189999999999998,37.33
804,Murshidabad,West Bengal,1998,3.75,10.92,7.59,6.86,29.119999999999997,45.22
804,Murshidabad,West Bengal,1999,5.92,8.6,8.85,7.4,30.769999999999996,39.6
804,Murshidabad,West Bengal,2000,6.55,6.86,6.66,9.86,29.93,44.46
804,Murshidabad,West Bengal,2001,11.52,5.85,4.95,7.06,29.379999999999995,41.68
804,Murshidabad,West Bengal,2002,8.05,6.37,7.82,6.22,28.46,38.84
804,Murshidabad,West Bengal,2003,8.17,5.05,3.63,4.31,21.159999999999997,35.089999999999996
804,Murshidabad,West Bengal,2004,7.95,9.95,5.44,9.51,32.85,43.68
804,Murshidabad,West Bengal,2005,2.07,8.99,7.13,4.41,22.6,39.29
804,Murshidabad,West Bengal,2006,6.04,7.7,6.57,8.17,28.480000000000004,37.410000000000004
804,Murshidabad,West Bengal,2007,8.89,17.89,7.83,9.6,44.21,54.480000000000004
804,Murshidabad,West Bengal,2008,8.62,6.87,6.89,6.22,28.599999999999998,39.37
804,Murshidabad,West Bengal,2009,3.26,8.28,10.98,9.1,31.619999999999997,42.78
804,Murshidabad,West Bengal,2010,5.7,5.74,4.73,6.58,22.75,34.85
804,Murshidabad,West Bengal,2011,9.95,5.86,13.52,7.73,37.06,47.39
804,Murshidabad,West Bengal,2012,3.47,9.05,5.4,6.32,24.240000000000002,33.96
804,Murshidabad,West Bengal,2013,6.97,5.05,7.87,6.01,25.9,42.51
804,Murshidabad,West Bengal,2014,6.86,6.66,9.55,5.68,28.75,36.84
804,Murshidabad,West Bengal,2015,7.55,13.91,5.84,5.88,33.18,43.4
804,Murshidabad,West Bengal,2016,4.22,11.51,11.12,9.22,36.07,45.54
804,Murshidabad,West Bengal,2017,5.38,14.72,9.09,5.82,35.010000000000005,53.95
804,Murshidabad,West Bengal,2018,5.26,10.6,6.14,5.33,27.33,38.17
804,Murshidabad,West Bengal,2019,3.93,7.68,5.68,9.15,26.439999999999998,40.74
805,Burdwan,West Bengal,1990,5.98,15.12,5.21,9.13,35.440000000000005,47.2
805,Burdwan,West Bengal,1991,8.73,7.19,4.41,7.38,27.71,32.84
805,Burdwan,West Bengal,1992,6.44,7.22,6.26,4.83,24.75,32.51
805,Burdwan,West Bengal,1993,6.79,6.76,8.02,8.31,29.880000000000003,41.32
805,Burdwan,West Bengal,1994,7.68,7.92,7.52,2.77,25.889999999999997,34.69
805,Burdwan,West Bengal,1995,5.12,6.28,6.88,11.11,29.39,41.43
805,Burdwan,West Bengal,1996,6.51,5.15,11.81,2.81,26.279999999999998,32.81
805,Burdwan,West Bengal,1997,5.3,11.68,12.47,5.96,35.410000000000004,46.89
805,Burdwan,West Bengal,1998,4.14,7.74,6.94,6.75,25.57,45.09
805,Burdwan,West Bengal,1999,7.03,9.82,10.25,12.66,39.760000000000005,50.26
805,Burdwan,West Bengal,2000,6.68,9.14,7.51,7.2,30.529999999999998,45.04
805,Burdwan,West Bengal,2001,11.44,7.43,6.85,6.17,31.89,47.85
805,Burdwan,West Bengal,2002,7.92,6.82,8.88,5.68,29.3,41.26
805,Burdwan,West Bengal,2003,9.21,6.65,5.09,4.13,25.080000000000002,41.39
805,Burdwan,West Bengal,2004,8.9,6.0,7.49,9.36,31.75,42.08
805,Burdwan,West Bengal,2005,3.2,7.87,7.93,4.45,23.45,40.53
805,Burdwan,West Bengal,2006,5.33,11.07,8.39,10.67,35.46,43.83
805,Burdwan,West Bengal,2007,8.66,20.21,8.1,14.03,51.0,62.33
805,Burdwan,West Bengal,2008,9.9,9.21,7.52,8.2,34.83,47.48
805,Burdwan,West Bengal,2009,3.6,8.8,12.74,10.96,36.1,49.24
805,Burdwan,West Bengal,2010,6.7,6.67,6.36,9.1,28.83,42.86
805,Burdwan,West Bengal,2011,12.37,8.21,14.17,9.29,44.04,54.97
805,Burdwan,West Bengal,2012,3.43,9.05,7.24,7.29,27.009999999999998,38.49
805,Burdwan,West Bengal,2013,9.29,8.16,11.03,7.98,36.459999999999994,55.8
805,Burdwan,West Bengal,2014,7.84,8.04,9.03,6.73,31.639999999999997,39.73
805,Burdwan,West Bengal,2015,7.17,20.85,6.49,6.34,40.85000000000001,50.660000000000004
805,Burdwan,West Bengal,2016,4.9,11.38,14.67,8.54,39.49,50.89
805,Burdwan,West Bengal,2017,7.4,20.97,9.87,7.18,45.419999999999995,62.94
805,Burdwan,West Bengal,2018,7.4,11.24,8.55,5.92,33.11,42.120000000000005
805,Burdwan,West Bengal,2019,3.07,5.91,10.61,8.55,28.14,46.31
806,Birbhum,West Bengal,1990,4.92,10.24,4.03,8.09,27.28,36.93
806,Birbhum,West Bengal,1991,3.91,4.93,4.74,9.18,22.759999999999998,26.72
806,Birbhum,West Bengal,1992,3.38,4.07,4.35,2.96,14.760000000000002,19.03
806,Birbhum,West Bengal,1993,4.6,4.42,4.88,5.58,19.479999999999997,27.759999999999998
806,Birbhum,West Bengal,1994,6.0,6.86,4.79,2.5,20.15,26.06
806,Birbhum,West Bengal,1995,3.81,4.16,6.48,7.29,21.740000000000002,27.73
806,Birbhum,West Bengal,1996,5.53,4.19,7.65,2.09,19.46,23.220000000000002
806,Birbhum,West Bengal,1997,6.21,10.92,9.14,5.74,32.01,39.92
806,Birbhum,West Bengal,1998,3.66,10.08,7.46,7.42,28.619999999999997,43.56
806,Birbhum,West Bengal,1999,6.22,8.91,9.6,6.53,31.259999999999998,40.65
806,Birbhum,West Bengal,2000,6.42,7.13,5.98,8.82,28.35,40.2
806,Birbhum,West Bengal,2001,11.18,7.02,5.76,6.8,30.76,42.089999999999996
806,Birbhum,West Bengal,2002,7.36,6.03,8.68,7.15,29.22,38.4
806,Birbhum,West Bengal,2003,6.89,6.34,3.87,5.05,22.150000000000002,35.57
806,Birbhum,West Bengal,2004,7.53,9.51,6.76,7.87,31.669999999999998,41.47
806,Birbhum,West Bengal,2005,2.29,8.78,7.23,4.78,23.080000000000002,37.39
806,Birbhum,West Bengal,2006,8.24,9.22,6.72,9.83,34.01,42.44
806,Birbhum,West Bengal,2007,7.61,18.97,7.9,11.3,45.78,55.47
806,Birbhum,West Bengal,2008,10.3,7.97,7.44,6.7,32.410000000000004,41.43
806,Birbhum,West Bengal,2009,2.61,9.68,11.12,8.84,32.25,43.589999999999996
806,Birbhum,West Bengal,2010,4.96,6.22,4.08,7.82,23.08,33.85
806,Birbhum,West Bengal,2011,12.61,5.68,12.79,9.69,40.769999999999996,52.169999999999995
806,Birbhum,West Bengal,2012,3.56,9.57,7.04,7.22,27.39,36.95
806,Birbhum,West Bengal,2013,9.3,6.37,8.47,6.5,30.64,50.010000000000005
806,Birbhum,West Bengal,2014,4.9,7.83,10.16,6.21,29.1,37.3
806,Birbhum,West Bengal,2015,5.9,14.2,6.79,5.27,32.16,40.37
806,Birbhum,West Bengal,2016,4.54,10.59,11.67,10.57,37.37,43.98
806,Birbhum,West Bengal,2017,6.43,18.16,10.75,6.43,41.77,57.339999999999996
806,Birbhum,West Bengal,2018,5.84,9.8,8.69,5.51,29.839999999999996,37.94
806,Birbhum,West Bengal,2019,2.85,7.74,6.49,8.99,26.07,37.72
807,Bankura,West Bengal,1990,6.53,12.99,5.73,10.05,35.3,48.52
807,Bankura,West Bengal,1991,7.49,7.38,6.21,8.49,29.57,34.84
807,Bankura,West Bengal,1992,6.58,7.19,7.23,5.21,26.21,33.85
807,Bankura,West Bengal,1993,6.8,6.48,8.38,8.87,30.53,41.77
807,Bankura,West Bengal,1994,8.44,10.61,8.04,3.23,30.319999999999997,39.12
807,Bankura,West Bengal,1995,4.95,6.19,7.41,10.58,29.130000000000003,41.92
807,Bankura,West Bengal,1996,6.35,5.68,11.31,2.57,25.91,31.64
807,Bankura,West Bengal,1997,6.76,10.7,13.38,5.57,36.410000000000004,47.09
807,Bankura,West Bengal,1998,3.92,7.7,6.62,7.44,25.680000000000003,43.81
807,Bankura,West Bengal,1999,7.03,9.67,10.3,10.47,37.47,47.99
807,Bankura,West Bengal,2000,6.6,8.22,5.99,6.61,27.42,39.79
807,Bankura,West Bengal,2001,10.88,8.46,7.68,6.08,33.1,47.18
807,Bankura,West Bengal,2002,8.02,6.09,9.22,6.94,30.27,40.8
807,Bankura,West Bengal,2003,7.74,7.34,5.33,4.99,25.4,41.11
807,Bankura,West Bengal,2004,8.15,6.52,8.75,8.28,31.700000000000003,41.769999999999996
807,Bankura,West Bengal,2005,3.12,7.95,7.12,5.84,24.03,40.19
807,Bankura,West Bengal,2006,7.89,11.59,8.53,10.8,38.81,47.08
807,Bankura,West Bengal,2007,7.84,19.92,8.54,14.02,50.31999999999999,60.43
807,Bankura,West Bengal,2008,11.49,9.4,7.88,7.69,36.46,46.76
807,Bankura,West Bengal,2009,2.5,9.58,11.45,10.17,33.7,46.269999999999996
807,Bankura,West Bengal,2010,5.0,6.22,4.57,9.35,25.14,37.4
807,Bankura,West Bengal,2011,13.85,6.89,12.88,11.22,44.839999999999996,56.85
807,Bankura,West Bengal,2012,3.86,9.11,8.38,7.87,29.220000000000002,40.92
807,Bankura,West Bengal,2013,11.44,8.5,11.19,8.2,39.33,60.93
807,Bankura,West Bengal,2014,5.82,8.01,10.53,7.16,31.52,40.53
807,Bankura,West Bengal,2015,6.04,17.97,6.33,5.08,35.419999999999995,44.25
807,Bankura,West Bengal,2016,4.76,10.94,14.03,9.98,39.709999999999994,48.06
807,Bankura,West Bengal,2017,8.33,22.26,11.77,6.86,49.22,65.27
807,Bankura,West Bengal,2018,7.39,10.33,11.38,6.06,35.160000000000004,44.56
807,Bankura,West Bengal,2019,3.15,6.18,9.95,9.28,28.560000000000002,44.53
810,Hooghly,West Bengal,1990,5.98,15.12,5.21,9.13,35.440000000000005,47.2
810,Hooghly,West Bengal,1991,8.73,7.19,4.41,7.38,27.71,32.84
810,Hooghly,West Bengal,1992,6.44,7.22,6.26,4.83,24.75,32.51
810,Hooghly,West Bengal,1993,6.79,6.76,8.02,8.31,29.880000000000003,41.32
810,Hooghly,West Bengal,1994,7.68,7.92,7.52,2.77,25.889999999999997,34.69
810,Hooghly,West Bengal,1995,5.12,6.28,6.88,11.11,29.39,41.43
810,Hooghly,West Bengal,1996,6.51,5.15,11.81,2.81,26.279999999999998,32.81
810,Hooghly,West Bengal,1997,5.3,11.68,12.47,5.96,35.410000000000004,46.89
810,Hooghly,West Bengal,1998,4.14,7.74,6.94,6.75,25.57,45.09
810,Hooghly,West Bengal,1999,7.03,9.82,10.25,12.66,39.760000000000005,50.26
810,Hooghly,West Bengal,2000,6.68,9.14,7.51,7.2,30.529999999999998,45.04
810,Hooghly,West Bengal,2001,11.44,7.43,6.85,6.17,31.89,47.85
810,Hooghly,West Bengal,2002,7.92,6.82,8.88,5.68,29.3,41.26
810,Hooghly,West Bengal,2003,9.21,6.65,5.09,4.13,25.080000000000002,41.39
810,Hooghly,West Bengal,2004,8.9,6.0,7.49,9.36,31.75,42.08
810,Hooghly,West Bengal,2005,3.2,7.87,7.93,4.45,23.45,40.53
810,Hooghly,West Bengal,2006,5.33,11.07,8.39,10.67,35.46,43.83
810,Hooghly,West Bengal,2007,8.66,20.21,8.1,14.03,51.0,62.33
810,Hooghly,West Bengal,2008,9.9,9.21,7.52,8.2,34.83,47.48
810,Hooghly,West Bengal,2009,3.6,8.8,12.74,10.96,36.1,49.24
810,Hooghly,West Bengal,2010,6.7,6.67,6.36,9.1,28.83,42.86
810,Hooghly,West Bengal,2011,12.37,8.21,14.17,9.29,44.04,54.97
810,Hooghly,West Bengal,2012,3.43,9.05,7.24,7.29,27.009999999999998,38.49
810,Hooghly,West Bengal,2013,9.29,8.16,11.03,7.98,36.459999999999994,55.8
810,Hooghly,West Bengal,2014,7.84,8.04,9.03,6.73,31.639999999999997,39.73
810,Hooghly,West Bengal,2015,7.17,20.85,6.49,6.34,40.85000000000001,50.660000000000004
810,Hooghly,West Bengal,2016,4.9,11.38,14.67,8.54,39.49,50.89
810,Hooghly,West Bengal,2017,7.4,20.97,9.87,7.18,45.419999999999995,62.94
810,Hooghly,West Bengal,2018,7.4,11.24,8.55,5.92,33.11,42.120000000000005
810,Hooghly,West Bengal,2019,3.07,5.91,10.61,8.55,28.14,46.31
816,Cooch Behar,West Bengal,1990,5.35,12.62,5.13,6.04,29.139999999999997,38.449999999999996
816,Cooch Behar,West Bengal,1991,9.4,6.59,7.6,7.88,31.47,36.93
816,Cooch Behar,West Bengal,1992,3.81,9.3,7.38,4.6,25.090000000000003,32.28
816,Cooch Behar,West Bengal,1993,7.52,6.41,6.33,4.9,25.159999999999997,31.5
816,Cooch Behar,West Bengal,1994,7.09,4.57,7.13,3.29,22.08,28.62
816,Cooch Behar,West Bengal,1995,4.27,10.81,6.5,4.86,26.439999999999998,32.910000000000004
816,Cooch Behar,West Bengal,1996,4.31,10.9,6.85,3.96,26.020000000000003,33.87
816,Cooch Behar,West Bengal,1997,6.91,11.86,9.81,11.75,40.33,49.01
816,Cooch Behar,West Bengal,1998,7.72,14.87,14.93,7.91,45.42999999999999,63.96
816,Cooch Behar,West Bengal,1999,7.68,11.05,21.56,8.37,48.66,64.64999999999999
816,Cooch Behar,West Bengal,2000,9.12,6.71,9.17,7.23,32.230000000000004,47.21
816,Cooch Behar,West Bengal,2001,7.59,10.82,8.09,12.39,38.89,54.93
816,Cooch Behar,West Bengal,2002,13.13,14.09,9.92,10.45,47.59,62.839999999999996
816,Cooch Behar,West Bengal,2003,10.38,15.4,5.91,5.78,37.47,55.300000000000004
816,Cooch Behar,West Bengal,2004,8.4,19.01,7.39,8.85,43.650000000000006,62.64
816,Cooch Behar,West Bengal,2005,5.02,16.47,16.33,5.89,43.709999999999994,63.559999999999995
816,Cooch Behar,West Bengal,2006,8.73,11.48,5.02,9.43,34.66,47.14
816,Cooch Behar,West Bengal,2007,10.82,18.42,6.32,9.57,45.13,56.790000000000006
816,Cooch Behar,West Bengal,2008,12.9,7.71,13.42,4.55,38.58,53.28
816,Cooch Behar,West Bengal,2009,6.33,11.92,19.62,3.76,41.63,62.46
816,Cooch Behar,West Bengal,2010,16.28,15.72,12.19,10.86,55.05,69.91
816,Cooch Behar,West Bengal,2011,10.35,13.82,17.91,11.62,53.699999999999996,64.45
816,Cooch Behar,West Bengal,2012,10.25,15.81,7.66,12.6,46.32,59.58
816,Cooch Behar,West Bengal,2013,9.82,11.39,11.89,6.42,39.52,62.9
816,Cooch Behar,West Bengal,2014,9.58,7.43,11.5,13.02,41.53,51.839999999999996
816,Cooch Behar,West Bengal,2015,12.69,7.64,16.42,11.14,47.89,60.15
816,Cooch Behar,West Bengal,2016,20.79,23.3,8.47,13.39,65.95,89.19
816,Cooch Behar,West Bengal,2017,12.73,14.14,21.75,11.39,60.010000000000005,86.13
816,Cooch Behar,West Bengal,2018,15.58,13.75,13.45,13.39,56.17,78.25
816,Cooch Behar,West Bengal,2019,12.4,29.73,9.76,18.16,70.05,92.94
817,Purulia,West Bengal,1990,8.29,13.86,8.43,9.09,39.67,50.449999999999996
817,Purulia,West Bengal,1991,6.11,7.04,13.5,10.82,37.47,43.21
817,Purulia,West Bengal,1992,5.45,6.39,10.23,4.81,26.88,31.62
817,Purulia,West Bengal,1993,7.63,6.07,9.46,10.13,33.29,42.29
817,Purulia,West Bengal,1994,10.46,20.1,10.33,4.54,45.43,53.75
817,Purulia,West Bengal,1995,4.79,7.51,9.45,11.29,33.04,42.669999999999995
817,Purulia,West Bengal,1996,8.21,9.36,11.86,3.48,32.91,35.99
817,Purulia,West Bengal,1997,12.67,9.83,14.87,4.72,42.089999999999996,50.129999999999995
817,Purulia,West Bengal,1998,4.19,7.67,7.58,10.43,29.869999999999997,46.01
817,Purulia,West Bengal,1999,7.75,12.4,11.71,6.37,38.23,48.81
817,Purulia,West Bengal,2000,6.82,7.42,5.01,7.32,26.57,33.47
817,Purulia,West Bengal,2001,12.78,12.73,9.1,4.58,39.19,47.949999999999996
817,Purulia,West Bengal,2002,9.25,6.18,9.39,9.31,34.13,40.800000000000004
817,Purulia,West Bengal,2003,4.99,9.88,7.88,7.88,30.63,44.72
817,Purulia,West Bengal,2004,7.47,7.62,14.23,5.2,34.52,42.49
817,Purulia,West Bengal,2005,4.85,8.39,5.29,6.03,24.560000000000002,34.42
817,Purulia,West Bengal,2006,10.93,17.21,10.34,10.87,49.35,56.6
817,Purulia,West Bengal,2007,6.19,19.3,13.32,12.98,51.790000000000006,59.230000000000004
817,Purulia,West Bengal,2008,16.64,11.31,9.68,6.54,44.17,49.87
817,Purulia,West Bengal,2009,2.48,11.33,9.14,9.28,32.230000000000004,42.03
817,Purulia,West Bengal,2010,2.75,4.79,4.45,8.54,20.53,28.34
817,Purulia,West Bengal,2011,14.67,7.07,13.96,13.26,48.96,57.96
817,Purulia,West Bengal,2012,5.19,11.74,10.74,8.61,36.28,45.94
817,Purulia,West Bengal,2013,10.27,9.19,10.07,8.51,38.04,56.64
817,Purulia,West Bengal,2014,6.25,9.11,10.1,5.38,30.84,40.5
817,Purulia,West Bengal,2015,6.21,16.85,6.53,4.51,34.1,42.57
817,Purulia,West Bengal,2016,5.36,12.42,17.51,13.43,48.720000000000006,55.36
817,Purulia,West Bengal,2017,7.77,23.89,12.87,7.47,52.0,67.6
817,Purulia,West Bengal,2018,6.54,11.67,13.43,6.0,37.64,48.19
817,Purulia,West Bengal,2019,3.96,8.86,11.06,11.18,35.06,51.23
824,West Midnapore,West Bengal,1990,7.44,13.36,6.91,10.87,38.58,55.03
824,West Midnapore,West Bengal,1991,9.12,8.94,7.62,7.33,33.01,39.21
824,West Midnapore,West Bengal,1992,8.09,9.16,8.73,6.88,32.86,43.27
824,West Midnapore,West Bengal,1993,7.51,7.4,9.88,10.85,35.64,48.58
824,West Midnapore,West Bengal,1994,9.96,11.9,9.4,4.1,35.36,45.46
824,West Midnapore,West Bengal,1995,5.88,7.83,7.95,11.48,33.14,51.02
824,West Midnapore,West Bengal,1996,6.58,6.81,12.32,2.9,28.61,35.5
824,West Midnapore,West Bengal,1997,7.08,10.68,15.21,6.01,38.98,50.78
824,West Midnapore,West Bengal,1998,4.62,7.38,7.15,8.58,27.729999999999997,47.01
824,West Midnapore,West Bengal,1999,7.67,9.64,10.54,13.15,41.0,52.46
824,West Midnapore,West Bengal,2000,7.53,8.61,6.11,6.97,29.22,42.32
824,West Midnapore,West Bengal,2001,10.79,9.45,8.73,6.32,35.29,51.05
824,West Midnapore,West Bengal,2002,7.82,6.07,9.66,8.37,31.92,43.17
824,West Midnapore,West Bengal,2003,8.17,8.24,5.79,5.4,27.6,45.36
824,West Midnapore,West Bengal,2004,8.53,6.49,9.48,8.61,33.11,44.51
824,West Midnapore,West Bengal,2005,4.32,8.9,8.24,7.92,29.380000000000003,46.910000000000004
824,West Midnapore,West Bengal,2006,7.77,12.49,10.19,12.05,42.5,51.1
824,West Midnapore,West Bengal,2007,8.49,18.09,9.12,15.78,51.48,62.019999999999996
824,West Midnapore,West Bengal,2008,13.17,9.65,7.88,8.16,38.86,49.63
824,West Midnapore,West Bengal,2009,2.57,9.28,10.79,11.02,33.66,46.809999999999995
824,West Midnapore,West Bengal,2010,5.25,6.14,5.26,10.06,26.71,39.18
824,West Midnapore,West Bengal,2011,12.69,7.27,12.89,11.31,44.160000000000004,55.79
824,West Midnapore,West Bengal,2012,3.99,8.64,8.16,7.51,28.299999999999997,40.410000000000004
824,West Midnapore,West Bengal,2013,10.98,8.75,12.26,9.31,41.300000000000004,64.29
824,West Midnapore,West Bengal,2014,6.76,9.24,10.69,7.41,34.099999999999994,45.04
824,West Midnapore,West Bengal,2015,6.85,18.63,6.59,5.32,37.38999999999999,46.49
824,West Midnapore,West Bengal,2016,5.23,11.37,13.54,9.58,39.72,49.82
824,West Midnapore,West Bengal,2017,7.36,20.43,10.5,7.02,45.31,61.92
824,West Midnapore,West Bengal,2018,7.07,10.4,11.14,7.43,36.04,47.480000000000004
824,West Midnapore,West Bengal,2019,3.27,6.05,10.36,11.02,30.7,49.61
902,Muzaffarpur,Bihar,1990,7.39,17.2,4.4,3.95,32.940000000000005,35.57
902,Muzaffarpur,Bihar,1991,4.56,2.93,8.11,6.38,21.98,23.15
902,Muzaffarpur,Bihar,1992,3.19,6.49,7.9,1.87,19.45,22.23
902,Muzaffarpur,Bihar,1993,5.05,4.04,7.79,10.05,26.93,30.0
902,Muzaffarpur,Bihar,1994,3.3,6.58,8.83,5.64,24.35,28.06
902,Muzaffarpur,Bihar,1995,3.46,10.41,8.89,6.33,29.090000000000003,33.46
902,Muzaffarpur,Bihar,1996,6.35,8.34,9.55,5.96,30.200000000000003,33.24
902,Muzaffarpur,Bihar,1997,2.65,18.44,8.62,3.87,33.58,38.18
902,Muzaffarpur,Bihar,1998,2.06,9.02,8.73,7.71,27.520000000000003,32.1
902,Muzaffarpur,Bihar,1999,4.18,8.24,5.81,3.02,21.25,26.34
902,Muzaffarpur,Bihar,2000,10.57,6.04,7.26,7.05,30.919999999999998,34.15
902,Muzaffarpur,Bihar,2001,9.95,5.88,5.94,7.91,29.68,35.769999999999996
902,Muzaffarpur,Bihar,2002,3.09,7.27,6.41,3.41,20.18,27.97
902,Muzaffarpur,Bihar,2003,8.47,8.1,5.05,4.54,26.16,32.54
902,Muzaffarpur,Bihar,2004,6.82,9.14,8.03,2.48,26.470000000000002,31.61
902,Muzaffarpur,Bihar,2005,2.35,12.3,8.0,2.59,25.24,30.46
902,Muzaffarpur,Bihar,2006,6.61,11.36,7.27,8.15,33.39,36.73
902,Muzaffarpur,Bihar,2007,4.52,16.98,9.2,10.47,41.17,48.07
902,Muzaffarpur,Bihar,2008,16.21,13.85,13.51,6.92,50.49,56.12
902,Muzaffarpur,Bihar,2009,3.14,6.73,10.39,3.57,23.830000000000002,28.23
902,Muzaffarpur,Bihar,2010,2.45,8.14,8.08,4.64,23.310000000000002,28.5
902,Muzaffarpur,Bihar,2011,10.71,4.92,7.84,9.02,32.489999999999995,37.18
902,Muzaffarpur,Bihar,2012,1.71,12.06,8.08,7.75,29.6,32.21
902,Muzaffarpur,Bihar,2013,4.6,3.97,6.33,8.01,22.91,34.42
902,Muzaffarpur,Bihar,2014,4.18,7.61,11.12,8.26,31.169999999999995,37.49
902,Muzaffarpur,Bihar,2015,4.18,9.85,10.17,4.14,28.34,32.699999999999996
902,Muzaffarpur,Bihar,2016,3.36,7.78,2.96,10.78,24.880000000000003,30.47
902,Muzaffarpur,Bihar,2017,3.12,9.67,8.38,3.07,24.240000000000002,29.87
902,Muzaffarpur,Bihar,2018,2.4,7.26,5.26,3.65,18.57,21.62
902,Muzaffarpur,Bihar,2019,1.85,10.94,3.49,10.33,26.61,29.85
903,Darbhanga,Bihar,1990,5.85,14.31,4.35,3.65,28.159999999999997,31.35
903,Darbhanga,Bihar,1991,3.98,2.64,7.2,6.99,20.810000000000002,22.11
903,Darbhanga,Bihar,1992,2.6,6.38,6.2,1.91,17.09,19.95
903,Darbhanga,Bihar,1993,4.49,3.34,6.22,8.67,22.72,26.05
903,Darbhanga,Bihar,1994,3.31,5.46,6.53,4.11,19.41,23.0
903,Darbhanga,Bihar,1995,3.42,9.14,8.79,4.91,26.26,30.89
903,Darbhanga,Bihar,1996,5.24,7.27,7.13,4.83,24.47,27.02
903,Darbhanga,Bihar,1997,2.51,16.06,7.19,2.92,28.68,32.81
903,Darbhanga,Bihar,1998,1.83,8.15,6.57,6.37,22.92,27.57
903,Darbhanga,Bihar,1999,3.27,6.76,5.63,2.86,18.52,23.69
903,Darbhanga,Bihar,2000,8.56,5.07,6.02,6.49,26.14,29.63
903,Darbhanga,Bihar,2001,8.21,5.15,4.68,6.87,24.91,30.3
903,Darbhanga,Bihar,2002,2.97,6.41,6.76,4.17,20.310000000000002,27.4
903,Darbhanga,Bihar,2003,6.92,8.27,3.57,4.23,22.99,30.32
903,Darbhanga,Bihar,2004,6.18,11.34,7.12,2.91,27.55,33.55
903,Darbhanga,Bihar,2005,2.65,11.76,9.59,3.03,27.03,32.66
903,Darbhanga,Bihar,2006,7.84,10.21,5.78,10.68,34.510000000000005,38.42
903,Darbhanga,Bihar,2007,4.58,14.57,7.54,9.32,36.01,43.47
903,Darbhanga,Bihar,2008,13.84,10.28,10.49,5.88,40.49,46.25
903,Darbhanga,Bihar,2009,3.13,8.04,10.21,3.71,25.09,30.59
903,Darbhanga,Bihar,2010,3.35,8.2,7.74,4.86,24.15,29.16
903,Darbhanga,Bihar,2011,11.32,6.27,8.47,7.72,33.78,39.72
903,Darbhanga,Bihar,2012,1.82,11.94,6.67,5.91,26.34,29.33
903,Darbhanga,Bihar,2013,3.96,5.49,5.48,5.62,20.55,32.45
903,Darbhanga,Bihar,2014,4.78,8.24,8.82,7.16,29.0,34.33
903,Darbhanga,Bihar,2015,4.62,7.88,8.72,5.43,26.65,33.01
903,Darbhanga,Bihar,2016,5.78,9.39,3.09,12.55,30.810000000000002,37.68
903,Darbhanga,Bihar,2017,3.54,10.84,8.14,3.94,26.46,34.8
903,Darbhanga,Bihar,2018,3.27,7.88,5.42,4.77,21.34,26.259999999999998
903,Darbhanga,Bihar,2019,2.8,12.81,3.29,11.22,30.119999999999997,34.74
906,Saran,Bihar,1990,7.71,17.7,4.36,4.01,33.78,36.24
906,Saran,Bihar,1991,4.65,3.14,8.3,6.33,22.42,23.540000000000003
906,Saran,Bihar,1992,3.3,6.49,8.27,1.85,19.91,22.71
906,Saran,Bihar,1993,5.07,4.2,8.23,10.26,27.759999999999998,30.73
906,Saran,Bihar,1994,3.26,6.76,9.38,5.99,25.39,29.05
906,Saran,Bihar,1995,3.37,10.36,8.79,6.72,29.24,33.519999999999996
906,Saran,Bihar,1996,6.52,8.39,10.2,6.09,31.2,34.53
906,Saran,Bihar,1997,2.7,18.37,8.76,4.21,34.04,38.76
906,Saran,Bihar,1998,2.06,9.36,9.45,7.88,28.749999999999996,33.41
906,Saran,Bihar,1999,4.35,8.59,5.93,3.02,21.889999999999997,27.009999999999998
906,Saran,Bihar,2000,10.73,6.28,7.57,7.18,31.76,34.89
906,Saran,Bihar,2001,10.01,6.05,6.26,8.06,30.380000000000003,36.67
906,Saran,Bihar,2002,3.08,7.41,6.21,3.19,19.89,27.83
906,Saran,Bihar,2003,8.66,7.98,5.45,4.63,26.72,32.7
906,Saran,Bihar,2004,7.03,8.38,8.1,2.31,25.819999999999997,30.560000000000002
906,Saran,Bihar,2005,2.21,12.29,7.49,2.47,24.46,29.68
906,Saran,Bihar,2006,6.23,11.39,7.55,7.3,32.47,35.660000000000004
906,Saran,Bihar,2007,4.35,17.32,9.65,10.68,42.0,48.79
906,Saran,Bihar,2008,16.62,14.81,14.25,7.01,52.69,58.18
906,Saran,Bihar,2009,3.05,6.46,10.2,3.56,23.27,27.38
906,Saran,Bihar,2010,2.18,8.26,8.14,4.69,23.27,28.48
906,Saran,Bihar,2011,10.25,4.7,7.68,9.25,31.88,36.2
906,Saran,Bihar,2012,1.71,11.93,8.36,8.21,30.21,32.79
906,Saran,Bihar,2013,5.08,3.59,6.5,8.51,23.68,35.03
906,Saran,Bihar,2014,3.97,7.21,11.71,8.44,31.33,38.13
906,Saran,Bihar,2015,3.71,10.61,10.32,2.84,27.48,30.93
906,Saran,Bihar,2016,1.94,7.88,3.21,8.35,21.380000000000003,26.36
906,Saran,Bihar,2017,2.7,9.5,9.56,2.33,24.089999999999996,27.35
906,Saran,Bihar,2018,1.92,6.8,5.23,2.94,16.89,19.63
906,Saran,Bihar,2019,1.87,11.29,3.64,9.62,26.42,29.49
907,Patna,Bihar,1990,8.36,17.16,4.1,3.71,33.33,35.87
907,Patna,Bihar,1991,4.48,2.66,8.57,6.0,21.71,22.880000000000003
907,Patna,Bihar,1992,3.37,6.42,9.02,1.52,20.33,22.759999999999998
907,Patna,Bihar,1993,4.52,4.69,8.55,11.41,29.17,32.5
907,Patna,Bihar,1994,3.24,6.53,11.36,5.39,26.52,31.4
907,Patna,Bihar,1995,3.42,9.02,8.01,8.6,29.049999999999997,33.879999999999995
907,Patna,Bihar,1996,6.68,7.57,9.97,5.74,29.96,32.88
907,Patna,Bihar,1997,3.54,19.21,9.2,4.22,36.17,41.04
907,Patna,Bihar,1998,2.46,8.43,9.21,8.16,28.26,33.28
907,Patna,Bihar,1999,4.03,10.03,6.35,3.04,23.449999999999996,28.87
907,Patna,Bihar,2000,9.37,6.71,6.51,7.58,30.169999999999995,33.03
907,Patna,Bihar,2001,10.26,6.35,5.82,7.01,29.439999999999998,35.93
907,Patna,Bihar,2002,2.85,7.53,7.51,3.3,21.19,29.09
907,Patna,Bihar,2003,7.69,8.53,6.34,4.81,27.369999999999997,34.199999999999996
907,Patna,Bihar,2004,7.59,6.95,7.55,2.48,24.57,28.09
907,Patna,Bihar,2005,2.0,10.92,6.37,2.78,22.07,26.11
907,Patna,Bihar,2006,6.99,10.83,7.04,6.9,31.759999999999998,34.230000000000004
907,Patna,Bihar,2007,3.39,16.16,8.95,9.95,38.45,44.96
907,Patna,Bihar,2008,15.48,12.61,12.92,5.6,46.61,51.55
907,Patna,Bihar,2009,2.67,5.54,8.53,4.58,21.32,25.23
907,Patna,Bihar,2010,2.0,7.53,7.15,3.79,20.47,25.38
907,Patna,Bihar,2011,10.06,3.74,7.61,9.19,30.6,34.14
907,Patna,Bihar,2012,2.24,10.61,9.54,6.8,29.19,32.29
907,Patna,Bihar,2013,3.7,2.77,5.41,7.88,19.76,30.87
907,Patna,Bihar,2014,2.94,7.26,11.55,7.82,29.57,36.480000000000004
907,Patna,Bihar,2015,3.87,11.51,8.69,2.41,26.48,29.47
907,Patna,Bihar,2016,1.9,9.13,4.62,10.46,26.110000000000003,31.560000000000002
907,Patna,Bihar,2017,2.34,10.86,9.04,2.62,24.86,27.41
907,Patna,Bihar,2018,1.9,6.94,6.14,2.67,17.65,20.01
907,Patna,Bihar,2019,1.89,10.1,4.48,10.95,27.419999999999998,30.22
909,Bhagalpur,Bihar,1990,4.64,10.55,4.23,4.05,23.470000000000002,28.04
909,Bhagalpur,Bihar,1991,3.94,3.18,6.16,7.75,21.03,22.69
909,Bhagalpur,Bihar,1992,2.2,5.68,4.74,1.78,14.4,17.45
909,Bhagalpur,Bihar,1993,3.93,2.91,4.92,7.07,18.83,22.3
909,Bhagalpur,Bihar,1994,3.27,4.53,5.48,3.0,16.28,20.16
909,Bhagalpur,Bihar,1995,3.87,6.03,8.79,4.47,23.159999999999997,27.669999999999998
909,Bhagalpur,Bihar,1996,4.23,6.17,5.84,3.4,19.64,22.31
909,Bhagalpur,Bihar,1997,3.3,12.67,6.67,3.76,26.4,30.77
909,Bhagalpur,Bihar,1998,2.54,9.24,6.32,5.95,24.05,30.8
909,Bhagalpur,Bihar,1999,3.16,6.7,7.9,3.23,20.99,27.59
909,Bhagalpur,Bihar,2000,6.37,4.98,5.09,6.96,23.400000000000002,28.580000000000002
909,Bhagalpur,Bihar,2001,7.22,5.27,4.12,6.58,23.189999999999998,29.369999999999997
909,Bhagalpur,Bihar,2002,3.52,6.06,8.58,6.51,24.67,30.96
909,Bhagalpur,Bihar,2003,5.28,8.69,2.5,4.54,21.009999999999998,30.19
909,Bhagalpur,Bihar,2004,6.1,12.47,5.89,3.49,27.950000000000003,34.48
909,Bhagalpur,Bihar,2005,2.54,11.77,11.14,3.56,29.009999999999998,35.6
909,Bhagalpur,Bihar,2006,8.82,8.69,4.56,12.57,34.64,39.73
909,Bhagalpur,Bihar,2007,4.19,12.62,6.28,8.99,32.08,39.96
909,Bhagalpur,Bihar,2008,11.85,6.61,7.53,5.03,31.020000000000003,36.5
909,Bhagalpur,Bihar,2009,2.7,9.88,10.13,4.49,27.200000000000003,34.54
909,Bhagalpur,Bihar,2010,4.85,8.55,6.7,5.34,25.44,30.43
909,Bhagalpur,Bihar,2011,10.76,7.65,10.21,6.33,34.95,42.25
909,Bhagalpur,Bihar,2012,2.3,11.25,4.64,4.34,22.53,26.25
909,Bhagalpur,Bihar,2013,4.33,6.52,4.36,2.75,17.96,30.94
909,Bhagalpur,Bihar,2014,4.88,10.65,5.75,4.66,25.94,31.67
909,Bhagalpur,Bihar,2015,5.11,7.46,8.48,6.21,27.26,34.46
909,Bhagalpur,Bihar,2016,5.95,13.15,3.97,12.03,35.1,43.62
909,Bhagalpur,Bihar,2017,3.37,12.27,11.59,4.9,32.13,44.53
909,Bhagalpur,Bihar,2018,4.57,8.24,7.57,4.2,24.580000000000002,32.94
909,Bhagalpur,Bihar,2019,4.77,14.33,4.75,13.48,37.33,44.2
912,Gaya,Bihar,1990,8.3,17.23,4.53,3.55,33.61,36.54
912,Gaya,Bihar,1991,3.95,2.76,8.9,5.72,21.33,22.86
912,Gaya,Bihar,1992,3.43,6.43,9.44,1.61,20.909999999999997,23.06
912,Gaya,Bihar,1993,3.86,5.7,7.83,11.64,29.03,33.18
912,Gaya,Bihar,1994,3.69,6.65,13.34,4.6,28.28,34.86
912,Gaya,Bihar,1995,4.05,7.18,7.11,10.93,29.27,34.81
912,Gaya,Bihar,1996,6.94,6.27,9.86,4.53,27.6,30.419999999999998
912,Gaya,Bihar,1997,5.06,19.17,9.83,4.14,38.2,43.15
912,Gaya,Bihar,1998,3.23,7.45,9.07,8.1,27.85,33.25
912,Gaya,Bihar,1999,4.04,11.31,7.16,2.85,25.360000000000003,30.98
912,Gaya,Bihar,2000,7.09,7.88,5.62,8.38,28.97,31.36
912,Gaya,Bihar,2001,9.87,7.45,5.46,5.21,27.990000000000002,34.46
912,Gaya,Bihar,2002,2.95,7.61,9.22,3.96,23.740000000000002,31.060000000000002
912,Gaya,Bihar,2003,5.56,9.81,7.68,5.03,28.080000000000002,36.05
912,Gaya,Bihar,2004,8.93,6.39,7.23,3.3,25.85,29.07
912,Gaya,Bihar,2005,2.54,9.25,5.94,3.65,21.38,24.98
912,Gaya,Bihar,2006,9.24,10.66,6.67,6.71,33.28,35.75
912,Gaya,Bihar,2007,2.77,13.97,8.8,8.99,34.53,41.17
912,Gaya,Bihar,2008,14.17,10.67,11.1,3.82,39.76,44.339999999999996
912,Gaya,Bihar,2009,2.41,6.04,6.88,6.45,21.779999999999998,25.830000000000002
912,Gaya,Bihar,2010,2.3,7.22,6.65,3.67,19.840000000000003,24.37
912,Gaya,Bihar,2011,10.62,3.75,9.09,9.28,32.74,35.839999999999996
912,Gaya,Bihar,2012,3.31,9.7,11.5,5.93,30.439999999999998,34.56
912,Gaya,Bihar,2013,3.49,3.13,5.65,7.24,19.509999999999998,30.810000000000002
912,Gaya,Bihar,2014,2.66,7.95,11.14,6.64,28.39,36.01
912,Gaya,Bihar,2015,5.11,12.86,8.1,2.82,28.89,32.4
912,Gaya,Bihar,2016,2.24,11.09,6.89,12.69,32.91,38.6
912,Gaya,Bihar,2017,2.18,13.43,9.48,3.41,28.5,30.93
912,Gaya,Bihar,2018,2.72,8.16,7.85,2.46,21.19,23.45
912,Gaya,Bihar,2019,2.23,9.79,6.52,10.92,29.46,32.69
913,Hazaribagh,Jharkhand,1990,7.95,16.47,7.39,5.67,37.48,43.85
913,Hazaribagh,Jharkhand,1991,4.38,5.08,11.81,7.9,29.17,32.5
913,Hazaribagh,Jharkhand,1992,3.95,6.79,9.76,2.98,23.48,26.54
913,Hazaribagh,Jharkhand,1993,6.15,6.08,7.04,11.55,30.82,37.13
913,Hazaribagh,Jharkhand,1994,7.02,14.22,14.13,4.73,40.10000000000001,48.99
913,Hazaribagh,Jharkhand,1995,5.72,7.39,7.52,12.15,32.78,40.199999999999996
913,Hazaribagh,Jharkhand,1996,9.22,7.54,11.23,4.11,32.1,35.07
913,Hazaribagh,Jharkhand,1997,9.31,14.45,12.97,4.58,41.309999999999995,47.660000000000004
913,Hazaribagh,Jharkhand,1998,5.16,6.64,8.82,9.88,30.5,41.09
913,Hazaribagh,Jharkhand,1999,6.31,12.74,9.37,4.03,32.45,39.68
913,Hazaribagh,Jharkhand,2000,6.11,8.67,5.8,8.99,29.57,33.02
913,Hazaribagh,Jharkhand,2001,11.73,10.23,5.83,3.19,30.98,37.0
913,Hazaribagh,Jharkhand,2002,5.29,7.98,9.42,7.79,30.479999999999997,36.18
913,Hazaribagh,Jharkhand,2003,3.83,11.34,8.8,6.75,30.72,42.26
913,Hazaribagh,Jharkhand,2004,9.41,6.58,11.3,4.29,31.58,36.92
913,Hazaribagh,Jharkhand,2005,4.12,8.76,5.99,4.73,23.599999999999998,28.44
913,Hazaribagh,Jharkhand,2006,10.68,12.95,9.03,8.2,40.86,45.51
913,Hazaribagh,Jharkhand,2007,4.14,13.64,9.59,9.89,37.260000000000005,44.17
913,Hazaribagh,Jharkhand,2008,13.24,11.53,9.26,4.34,38.370000000000005,42.8
913,Hazaribagh,Jharkhand,2009,2.79,8.62,7.51,8.71,27.630000000000003,34.25
913,Hazaribagh,Jharkhand,2010,2.77,6.45,5.78,7.83,22.83,28.1
913,Hazaribagh,Jharkhand,2011,14.18,5.67,13.11,10.82,43.78,48.76
913,Hazaribagh,Jharkhand,2012,3.94,10.04,12.81,7.34,34.129999999999995,41.2
913,Hazaribagh,Jharkhand,2013,7.02,6.36,7.79,7.21,28.38,42.22
913,Hazaribagh,Jharkhand,2014,4.2,9.27,9.12,5.22,27.809999999999995,36.36
913,Hazaribagh,Jharkhand,2015,6.76,13.88,8.32,3.31,32.27,38.72
913,Hazaribagh,Jharkhand,2016,3.21,11.83,11.48,10.44,36.96,41.98
913,Hazaribagh,Jharkhand,2017,4.88,20.12,9.56,5.51,40.07,47.01
913,Hazaribagh,Jharkhand,2018,4.53,10.72,9.51,4.86,29.619999999999997,35.29
913,Hazaribagh,Jharkhand,2019,3.39,8.35,9.73,10.26,31.729999999999997,40.68
914,Dhanbad,Jharkhand,1990,7.74,14.78,6.99,7.27,36.78,44.4
914,Dhanbad,Jharkhand,1991,4.63,5.42,10.87,9.25,30.17,33.949999999999996
914,Dhanbad,Jharkhand,1992,4.25,6.21,9.41,3.36,23.23,26.66
914,Dhanbad,Jharkhand,1993,6.33,5.64,7.82,10.65,30.439999999999998,37.07
914,Dhanbad,Jharkhand,1994,7.57,15.07,12.08,4.44,39.16,47.25
914,Dhanbad,Jharkhand,1995,5.35,6.81,8.66,10.67,31.490000000000002,38.519999999999996
914,Dhanbad,Jharkhand,1996,8.51,7.64,11.1,3.83,31.08,33.9
914,Dhanbad,Jharkhand,1997,9.83,13.06,13.14,4.53,40.56,47.04
914,Dhanbad,Jharkhand,1998,4.4,7.27,8.32,9.57,29.560000000000002,41.19
914,Dhanbad,Jharkhand,1999,6.49,12.0,9.96,4.57,33.02,41.03
914,Dhanbad,Jharkhand,2000,6.46,8.02,5.44,8.01,27.93,32.71
914,Dhanbad,Jharkhand,2001,11.98,10.3,6.71,4.12,33.11,39.95
914,Dhanbad,Jharkhand,2002,6.09,6.87,9.59,7.8,30.35,36.21
914,Dhanbad,Jharkhand,2003,4.38,10.23,7.2,6.54,28.349999999999998,39.75
914,Dhanbad,Jharkhand,2004,8.18,7.55,11.08,4.34,31.150000000000002,37.19
914,Dhanbad,Jharkhand,2005,3.63,8.85,6.36,4.81,23.65,30.45
914,Dhanbad,Jharkhand,2006,10.96,13.54,8.57,9.51,42.58,47.94
914,Dhanbad,Jharkhand,2007,4.8,16.77,9.94,10.76,42.269999999999996,49.339999999999996
914,Dhanbad,Jharkhand,2008,13.13,10.83,9.03,5.42,38.410000000000004,43.34
914,Dhanbad,Jharkhand,2009,2.49,9.89,9.33,8.4,30.11,37.95
914,Dhanbad,Jharkhand,2010,3.03,6.25,4.98,7.82,22.08,28.38
914,Dhanbad,Jharkhand,2011,14.35,5.98,13.01,11.21,44.55,51.56
914,Dhanbad,Jharkhand,2012,3.84,10.24,11.06,7.6,32.74,40.33
914,Dhanbad,Jharkhand,2013,8.76,7.23,7.87,6.74,30.6,46.36
914,Dhanbad,Jharkhand,2014,4.15,9.62,9.58,5.5,28.85,36.66
914,Dhanbad,Jharkhand,2015,5.82,13.98,7.51,4.41,31.720000000000002,38.75
914,Dhanbad,Jharkhand,2016,4.01,11.05,12.42,10.66,38.14,43.1
914,Dhanbad,Jharkhand,2017,6.41,20.28,10.44,6.07,43.2,54.800000000000004
914,Dhanbad,Jharkhand,2018,5.74,10.25,9.98,4.91,30.88,37.99
914,Dhanbad,Jharkhand,2019,3.27,8.13,8.82,10.36,30.58,40.92
915,Palamau,Jharkhand,1990,7.99,16.91,7.32,5.05,37.269999999999996,43.2
915,Palamau,Jharkhand,1991,4.0,4.99,11.87,7.09,27.95,30.82
915,Palamau,Jharkhand,1992,3.79,7.18,9.7,3.02,23.689999999999998,26.509999999999998
915,Palamau,Jharkhand,1993,5.7,6.67,6.82,11.97,31.160000000000004,37.09
915,Palamau,Jharkhand,1994,6.59,13.25,15.09,4.92,39.85,48.62
915,Palamau,Jharkhand,1995,5.56,7.52,7.29,12.56,32.93,40.44
915,Palamau,Jharkhand,1996,9.03,7.5,11.26,4.15,31.939999999999998,35.15
915,Palamau,Jharkhand,1997,8.23,15.53,12.8,4.69,41.25,47.62
915,Palamau,Jharkhand,1998,5.39,6.55,9.2,9.71,30.85,40.23
915,Palamau,Jharkhand,1999,6.01,12.85,9.26,3.91,32.03,38.45
915,Palamau,Jharkhand,2000,5.78,8.9,5.87,9.34,29.89,32.65
915,Palamau,Jharkhand,2001,10.82,10.39,5.67,3.02,29.900000000000002,35.54
915,Palamau,Jharkhand,2002,4.55,8.12,9.68,7.38,29.729999999999997,35.339999999999996
915,Palamau,Jharkhand,2003,3.94,11.63,9.41,6.84,31.82,42.58
915,Palamau,Jharkhand,2004,9.83,6.52,10.82,4.25,31.42,36.25
915,Palamau,Jharkhand,2005,4.12,8.29,6.88,4.49,23.78,27.509999999999998
915,Palamau,Jharkhand,2006,9.23,11.39,9.0,6.43,36.05,40.4
915,Palamau,Jharkhand,2007,3.71,11.39,9.07,9.2,33.370000000000005,39.839999999999996
915,Palamau,Jharkhand,2008,13.19,10.26,9.66,3.27,36.38,40.24
915,Palamau,Jharkhand,2009,2.49,8.1,6.51,8.66,25.76,30.89
915,Palamau,Jharkhand,2010,2.87,6.73,5.83,7.24,22.67,27.04
915,Palamau,Jharkhand,2011,13.84,5.74,11.88,10.59,42.05,46.03
915,Palamau,Jharkhand,2012,3.68,10.83,13.79,7.0,35.3,41.51
915,Palamau,Jharkhand,2013,5.68,6.6,9.07,7.6,28.950000000000003,41.44
915,Palamau,Jharkhand,2014,3.66,8.45,8.97,5.01,26.089999999999996,35.06
915,Palamau,Jharkhand,2015,7.52,21.95,11.98,2.5,43.95,49.43
915,Palamau,Jharkhand,2016,2.08,12.83,13.37,11.22,39.5,45.04
915,Palamau,Jharkhand,2017,3.52,21.2,8.8,3.67,37.19,39.62
915,Palamau,Jharkhand,2018,3.77,12.58,10.03,4.78,31.160000000000004,34.57
915,Palamau,Jharkhand,2019,4.54,8.6,13.39,8.47,35.0,40.47
916,Ranchi,Jharkhand,1990,8.15,16.32,8.58,6.76,39.809999999999995,47.99
916,Ranchi,Jharkhand,1991,5.21,6.5,13.68,9.27,34.66,39.0
916,Ranchi,Jharkhand,1992,4.33,7.04,10.02,3.68,25.07,28.8
916,Ranchi,Jharkhand,1993,7.79,5.97,7.37,11.39,32.519999999999996,39.92
916,Ranchi,Jharkhand,1994,8.88,18.93,13.57,5.18,46.56,55.71
916,Ranchi,Jharkhand,1995,6.03,8.58,8.24,11.78,34.63,42.95
916,Ranchi,Jharkhand,1996,10.17,9.13,12.13,4.46,35.89,38.97
916,Ranchi,Jharkhand,1997,11.12,11.57,14.58,4.9,42.169999999999995,49.44
916,Ranchi,Jharkhand,1998,5.8,6.79,8.8,10.93,32.32,45.980000000000004
916,Ranchi,Jharkhand,1999,7.4,12.87,10.49,5.04,35.8,44.05
916,Ranchi,Jharkhand,2000,6.57,8.39,6.14,8.79,29.89,34.32
916,Ranchi,Jharkhand,2001,12.76,11.6,6.59,3.03,33.98,40.12
916,Ranchi,Jharkhand,2002,6.66,7.98,8.75,9.39,32.78,38.300000000000004
916,Ranchi,Jharkhand,2003,4.05,11.49,9.08,7.82,32.44,45.71
916,Ranchi,Jharkhand,2004,8.71,6.87,14.14,4.55,34.27,40.870000000000005
916,Ranchi,Jharkhand,2005,4.92,9.23,5.86,5.05,25.060000000000002,30.94
916,Ranchi,Jharkhand,2006,10.09,14.97,10.7,9.19,44.95,50.88
916,Ranchi,Jharkhand,2007,5.21,14.55,10.68,11.01,41.45,48.42
916,Ranchi,Jharkhand,2008,13.75,12.99,9.41,5.57,41.720000000000006,46.34
916,Ranchi,Jharkhand,2009,3.12,9.77,8.34,9.19,30.42,38.48
916,Ranchi,Jharkhand,2010,2.77,5.97,5.56,9.91,24.21,30.099999999999998
916,Ranchi,Jharkhand,2011,15.45,6.74,14.78,11.92,48.89,55.019999999999996
916,Ranchi,Jharkhand,2012,4.09,10.7,12.86,8.43,36.08,44.4
916,Ranchi,Jharkhand,2013,8.78,7.88,8.81,7.7,33.17,48.26
916,Ranchi,Jharkhand,2014,5.48,9.58,8.38,5.01,28.450000000000003,37.36
916,Ranchi,Jharkhand,2015,7.31,15.14,8.39,3.31,34.15,41.88
916,Ranchi,Jharkhand,2016,3.72,12.56,14.33,10.86,41.47,46.61
916,Ranchi,Jharkhand,2017,6.1,22.72,10.12,6.55,45.489999999999995,54.449999999999996
916,Ranchi,Jharkhand,2018,4.85,12.03,10.77,6.18,33.83,41.54
916,Ranchi,Jharkhand,2019,4.02,8.57,11.2,10.58,34.37,46.63
919,Nawada,Bihar,1990,8.14,16.77,4.6,3.87,33.379999999999995,36.69
919,Nawada,Bihar,1991,4.02,2.82,8.85,5.99,21.68,23.33
919,Nawada,Bihar,1992,3.43,6.37,9.2,1.69,20.69,22.919999999999998
919,Nawada,Bihar,1993,4.11,5.41,7.8,11.49,28.810000000000002,32.9
919,Nawada,Bihar,1994,3.82,7.13,12.74,4.66,28.349999999999998,34.76
919,Nawada,Bihar,1995,4.22,7.27,7.51,10.2,29.2,34.74
919,Nawada,Bihar,1996,7.0,6.51,9.75,4.65,27.909999999999997,30.59
919,Nawada,Bihar,1997,5.09,18.74,9.89,4.11,37.83,42.769999999999996
919,Nawada,Bihar,1998,3.2,7.48,8.78,8.17,27.630000000000003,33.38
919,Nawada,Bihar,1999,4.15,10.93,7.13,2.97,25.18,30.92
919,Nawada,Bihar,2000,7.4,7.62,5.62,8.25,28.89,31.51
919,Nawada,Bihar,2001,10.17,7.35,5.42,5.4,28.339999999999996,34.71
919,Nawada,Bihar,2002,3.06,7.33,9.02,4.38,23.79,30.78
919,Nawada,Bihar,2003,5.67,9.61,6.99,5.02,27.29,35.39
919,Nawada,Bihar,2004,8.39,6.89,7.31,3.2,25.79,29.36
919,Nawada,Bihar,2005,2.49,9.62,6.37,3.58,22.060000000000002,25.939999999999998
919,Nawada,Bihar,2006,9.31,10.86,6.65,7.38,34.2,36.93
919,Nawada,Bihar,2007,2.94,14.2,8.56,9.14,34.84,41.42
919,Nawada,Bihar,2008,13.93,10.46,10.67,4.27,39.33,43.91
919,Nawada,Bihar,2009,2.45,6.43,7.45,6.14,22.47,26.97
919,Nawada,Bihar,2010,2.46,7.12,6.51,3.91,20.0,24.55
919,Nawada,Bihar,2011,10.74,4.01,9.2,8.98,32.93,36.43
919,Nawada,Bihar,2012,3.04,9.69,10.57,5.83,29.130000000000003,33.26
919,Nawada,Bihar,2013,3.65,3.36,5.21,6.75,18.97,30.49
919,Nawada,Bihar,2014,2.84,8.44,10.43,6.4,28.11,35.19
919,Nawada,Bihar,2015,4.62,10.97,7.9,3.6,27.090000000000003,30.86
919,Nawada,Bihar,2016,2.9,9.71,5.78,11.74,30.130000000000003,35.39
919,Nawada,Bihar,2017,2.29,13.9,8.82,4.13,29.14,33.97
919,Nawada,Bihar,2018,2.78,7.77,7.02,2.72,20.29,23.33
919,Nawada,Bihar,2019,2.19,9.98,5.31,11.74,29.22,33.14
921,Bhojpur,Bihar,1990,8.33,17.4,4.17,3.68,33.58,36.04
921,Bhojpur,Bihar,1991,4.49,2.95,8.6,6.09,22.13,23.25
921,Bhojpur,Bihar,1992,3.31,6.41,9.01,1.6,20.330000000000002,22.830000000000002
921,Bhojpur,Bihar,1993,4.4,4.75,8.62,11.21,28.98,32.24
921,Bhojpur,Bihar,1994,3.22,6.58,11.38,5.39,26.57,31.39
921,Bhojpur,Bihar,1995,3.28,8.53,7.99,8.59,28.389999999999997,33.13
921,Bhojpur,Bihar,1996,6.59,7.4,10.21,5.58,29.78,33.01
921,Bhojpur,Bihar,1997,3.6,18.56,9.03,4.43,35.62,40.489999999999995
921,Bhojpur,Bihar,1998,2.4,8.7,9.72,7.88,28.7,33.64
921,Bhojpur,Bihar,1999,3.99,9.93,6.42,3.0,23.34,28.7
921,Bhojpur,Bihar,2000,9.03,6.88,6.6,7.69,30.2,32.9
921,Bhojpur,Bihar,2001,9.57,6.61,5.85,6.72,28.75,35.12
921,Bhojpur,Bihar,2002,2.84,7.26,7.51,3.41,21.02,28.58
921,Bhojpur,Bihar,2003,7.19,8.39,6.23,4.78,26.590000000000003,32.96
921,Bhojpur,Bihar,2004,7.45,6.66,7.27,2.38,23.759999999999998,27.13
921,Bhojpur,Bihar,2005,2.01,10.52,6.46,2.83,21.82,25.86
921,Bhojpur,Bihar,2006,6.83,10.65,7.0,6.42,30.9,33.43
921,Bhojpur,Bihar,2007,3.26,15.25,8.85,9.6,36.96,43.33
921,Bhojpur,Bihar,2008,15.0,12.68,12.57,5.25,45.5,50.09
921,Bhojpur,Bihar,2009,2.44,5.75,8.06,4.65,20.9,24.59
921,Bhojpur,Bihar,2010,1.88,7.58,7.09,3.95,20.5,25.2
921,Bhojpur,Bihar,2011,9.77,4.05,7.65,9.05,30.52,33.87
921,Bhojpur,Bihar,2012,2.16,10.68,9.32,6.82,28.98,32.05
921,Bhojpur,Bihar,2013,4.24,3.0,5.55,7.56,20.349999999999998,31.119999999999997
921,Bhojpur,Bihar,2014,2.82,7.25,11.22,7.41,28.7,35.83
921,Bhojpur,Bihar,2015,4.04,11.82,8.06,1.88,25.8,29.23
921,Bhojpur,Bihar,2016,1.55,10.58,5.07,9.94,27.14,31.68
921,Bhojpur,Bihar,2017,1.85,10.82,8.09,1.97,22.729999999999997,24.56
921,Bhojpur,Bihar,2018,2.11,6.63,6.85,3.33,18.92,21.509999999999998
921,Bhojpur,Bihar,2019,1.82,9.79,4.55,9.81,25.97,28.79
922,Rohtas,Bihar,1990,8.18,17.54,5.08,3.64,34.44,37.35
922,Rohtas,Bihar,1991,4.24,3.75,9.34,6.0,23.33,24.44
922,Rohtas,Bihar,1992,2.91,6.5,9.3,2.22,20.93,23.45
922,Rohtas,Bihar,1993,3.63,5.34,7.64,10.88,27.490000000000002,31.03
922,Rohtas,Bihar,1994,3.63,7.25,12.62,4.58,28.08,33.61
922,Rohtas,Bihar,1995,3.08,5.68,7.45,9.68,25.89,30.88
922,Rohtas,Bihar,1996,6.54,6.09,10.41,4.4,27.439999999999998,31.330000000000002
922,Rohtas,Bihar,1997,4.68,16.52,8.89,4.97,35.06,40.24
922,Rohtas,Bihar,1998,2.82,8.15,10.69,7.13,28.79,33.58
922,Rohtas,Bihar,1999,3.9,10.64,7.12,3.01,24.67,29.7
922,Rohtas,Bihar,2000,6.17,7.68,5.8,8.43,28.08,29.99
922,Rohtas,Bihar,2001,6.89,8.35,5.46,4.37,25.07,30.55
922,Rohtas,Bihar,2002,2.89,6.14,8.83,4.4,22.259999999999998,28.16
922,Rohtas,Bihar,2003,4.25,8.32,6.53,4.99,24.090000000000003,29.87
922,Rohtas,Bihar,2004,7.4,5.27,6.02,2.52,21.209999999999997,24.0
922,Rohtas,Bihar,2005,2.35,7.85,6.6,3.42,20.22,23.349999999999998
922,Rohtas,Bihar,2006,6.72,9.65,6.6,4.65,27.619999999999997,30.43
922,Rohtas,Bihar,2007,2.6,10.09,7.66,7.42,27.770000000000003,33.68
922,Rohtas,Bihar,2008,12.26,10.65,9.71,2.74,35.36000000000001,38.36
922,Rohtas,Bihar,2009,1.46,6.17,5.17,5.99,18.79,21.7
922,Rohtas,Bihar,2010,1.6,6.84,6.19,4.15,18.78,22.42
922,Rohtas,Bihar,2011,9.51,4.9,8.3,8.77,31.48,33.87
922,Rohtas,Bihar,2012,2.36,10.77,9.4,5.7,28.23,31.91
922,Rohtas,Bihar,2013,4.85,4.33,6.43,5.81,21.419999999999998,30.88
922,Rohtas,Bihar,2014,2.09,7.82,9.31,4.9,24.119999999999997,32.14
922,Rohtas,Bihar,2015,4.41,13.48,7.89,1.61,27.39,31.79
922,Rohtas,Bihar,2016,1.69,12.42,8.45,9.94,32.5,35.87
922,Rohtas,Bihar,2017,1.86,13.48,5.63,1.8,22.77,24.03
922,Rohtas,Bihar,2018,2.44,7.94,8.34,4.12,22.84,24.68
922,Rohtas,Bihar,2019,1.71,8.28,7.09,10.37,27.449999999999996,30.529999999999998
923,Siwan,Bihar,1990,7.6,17.87,4.39,4.01,33.87,36.22
923,Siwan,Bihar,1991,4.51,3.55,8.24,6.51,22.809999999999995,23.919999999999998
923,Siwan,Bihar,1992,3.22,6.42,8.25,1.94,19.830000000000002,22.669999999999998
923,Siwan,Bihar,1993,4.86,4.27,8.44,9.91,27.48,30.349999999999998
923,Siwan,Bihar,1994,3.19,6.81,9.33,6.06,25.389999999999997,29.04
923,Siwan,Bihar,1995,3.27,9.57,8.71,6.74,28.29,32.52
923,Siwan,Bihar,1996,6.4,8.0,10.61,5.78,30.79,34.51
923,Siwan,Bihar,1997,2.8,17.12,8.42,4.57,32.910000000000004,37.61
923,Siwan,Bihar,1998,1.94,9.85,10.29,7.38,29.459999999999997,34.1
923,Siwan,Bihar,1999,4.26,8.38,6.0,2.91,21.55,26.650000000000002
923,Siwan,Bihar,2000,10.22,6.55,7.73,7.3,31.8,34.71
923,Siwan,Bihar,2001,9.22,6.3,6.33,7.75,29.6,35.83
923,Siwan,Bihar,2002,3.04,7.01,6.12,3.37,19.540000000000003,27.02
923,Siwan,Bihar,2003,7.92,7.78,5.3,4.57,25.57,31.03
923,Siwan,Bihar,2004,6.99,7.96,7.68,2.15,24.779999999999998,29.21
923,Siwan,Bihar,2005,2.17,11.84,7.56,2.53,24.1,29.36
923,Siwan,Bihar,2006,6.26,11.07,7.37,6.69,31.39,34.61
923,Siwan,Bihar,2007,4.01,16.18,9.69,10.31,40.19,46.82
923,Siwan,Bihar,2008,15.96,14.99,13.79,6.61,51.35,56.38
923,Siwan,Bihar,2009,2.77,6.87,9.59,3.66,22.89,26.86
923,Siwan,Bihar,2010,2.09,8.49,8.11,4.97,23.659999999999997,28.529999999999998
923,Siwan,Bihar,2011,9.65,5.12,7.84,8.86,31.47,35.52
923,Siwan,Bihar,2012,1.65,11.63,8.08,8.38,29.740000000000002,32.34
923,Siwan,Bihar,2013,6.08,3.74,6.45,8.04,24.31,35.29
923,Siwan,Bihar,2014,3.86,7.11,11.29,7.95,30.209999999999997,37.19
923,Siwan,Bihar,2015,3.74,10.1,8.85,1.98,24.669999999999998,28.4
923,Siwan,Bihar,2016,1.64,9.17,3.91,7.96,22.68,26.99
923,Siwan,Bihar,2017,2.22,10.35,9.21,2.01,23.79,26.060000000000002
923,Siwan,Bihar,2018,2.28,6.66,6.15,3.43,18.52,21.51
923,Siwan,Bihar,2019,1.94,11.63,3.65,9.55,26.77,29.860000000000003
924,Gopalganj,Bihar,1990,5.89,18.69,4.9,4.14,33.620000000000005,35.95
924,Gopalganj,Bihar,1991,3.89,4.51,7.22,6.32,21.94,23.14
924,Gopalganj,Bihar,1992,2.96,6.14,7.06,2.57,18.73,21.83
924,Gopalganj,Bihar,1993,4.75,4.36,6.88,7.45,23.439999999999998,26.44
924,Gopalganj,Bihar,1994,3.33,6.71,6.74,6.19,22.970000000000002,25.810000000000002
924,Gopalganj,Bihar,1995,3.82,9.14,8.9,5.08,26.939999999999998,30.650000000000002
924,Gopalganj,Bihar,1996,5.82,7.33,10.52,4.72,28.39,32.76
924,Gopalganj,Bihar,1997,2.66,13.67,7.2,4.15,27.68,31.970000000000002
924,Gopalganj,Bihar,1998,1.79,10.24,10.52,6.02,28.57,32.79
924,Gopalganj,Bihar,1999,4.46,6.38,5.7,2.5,19.04,23.69
924,Gopalganj,Bihar,2000,9.72,6.67,8.37,6.88,31.639999999999997,34.42
924,Gopalganj,Bihar,2001,7.45,6.34,6.62,7.62,28.03,33.71
924,Gopalganj,Bihar,2002,3.19,6.26,4.62,3.34,17.41,24.259999999999998
924,Gopalganj,Bihar,2003,6.84,7.42,4.47,3.99,22.72,27.43
924,Gopalganj,Bihar,2004,7.16,10.16,7.55,2.98,27.85,34.53
924,Gopalganj,Bihar,2005,3.19,12.49,9.02,2.77,27.47,34.7
924,Gopalganj,Bihar,2006,7.39,11.45,7.27,7.05,33.16,37.92
924,Gopalganj,Bihar,2007,5.07,15.21,10.74,10.19,41.21,48.71
924,Gopalganj,Bihar,2008,16.01,16.57,13.83,7.35,53.76,59.59
924,Gopalganj,Bihar,2009,3.19,9.09,10.81,3.34,26.43,31.23
924,Gopalganj,Bihar,2010,2.88,9.58,9.5,6.58,28.54,33.37
924,Gopalganj,Bihar,2011,9.43,7.29,9.3,8.18,34.2,39.35
924,Gopalganj,Bihar,2012,1.77,12.39,7.43,10.15,31.740000000000002,34.28
924,Gopalganj,Bihar,2013,9.08,5.45,8.54,7.99,31.060000000000002,42.58
924,Gopalganj,Bihar,2014,5.68,7.58,11.04,7.72,32.019999999999996,39.71
924,Gopalganj,Bihar,2015,4.44,8.99,10.7,2.96,27.09,31.99
924,Gopalganj,Bihar,2016,2.94,9.48,3.29,7.84,23.55,28.28
924,Gopalganj,Bihar,2017,3.29,11.07,11.71,3.12,29.19,32.67
924,Gopalganj,Bihar,2018,3.83,8.17,7.01,3.59,22.599999999999998,26.3
924,Gopalganj,Bihar,2019,2.74,15.13,4.07,9.5,31.44,35.86
925,Champaran(East),Bihar,1990,5.96,18.36,4.92,4.1,33.34,35.76
925,Champaran(East),Bihar,1991,4.11,4.05,7.23,5.95,21.34,22.52
925,Champaran(East),Bihar,1992,3.01,6.16,6.93,2.47,18.57,21.64
925,Champaran(East),Bihar,1993,4.94,4.32,6.37,7.73,23.360000000000003,26.560000000000002
925,Champaran(East),Bihar,1994,3.43,6.54,6.73,5.94,22.640000000000004,25.490000000000002
925,Champaran(East),Bihar,1995,3.88,10.0,8.95,4.98,27.81,31.56
925,Champaran(East),Bihar,1996,5.85,7.83,9.84,5.08,28.6,32.48
925,Champaran(East),Bihar,1997,2.57,15.24,7.61,3.62,29.04,33.33
925,Champaran(East),Bihar,1998,1.96,9.43,9.28,6.64,27.310000000000002,31.45
925,Champaran(East),Bihar,1999,4.6,6.55,5.56,2.67,19.379999999999995,24.0
925,Champaran(East),Bihar,2000,10.22,6.26,8.08,6.76,31.32,34.38
925,Champaran(East),Bihar,2001,8.08,6.17,6.43,7.73,28.41,34.04
925,Champaran(East),Bihar,2002,3.28,6.69,4.9,3.1,17.970000000000002,25.400000000000002
925,Champaran(East),Bihar,2003,7.57,7.6,4.62,3.98,23.77,29.06
925,Champaran(East),Bihar,2004,6.98,10.67,8.04,3.27,28.959999999999997,36.31
925,Champaran(East),Bihar,2005,3.38,12.65,8.94,2.76,27.729999999999997,34.81
925,Champaran(East),Bihar,2006,7.35,11.85,7.48,7.8,34.48,39.31
925,Champaran(East),Bihar,2007,5.72,16.17,10.37,10.32,42.58,50.28
925,Champaran(East),Bihar,2008,16.41,16.15,14.05,7.7,54.31,60.74
925,Champaran(East),Bihar,2009,3.49,8.41,11.41,3.2,26.51,31.32
925,Champaran(East),Bihar,2010,2.92,9.05,9.48,6.02,27.470000000000002,32.75
925,Champaran(East),Bihar,2011,10.29,6.65,9.04,8.79,34.769999999999996,40.29
925,Champaran(East),Bihar,2012,1.86,12.92,7.69,9.64,32.11,34.63
925,Champaran(East),Bihar,2013,7.5,5.31,8.7,8.5,30.009999999999998,41.9
925,Champaran(East),Bihar,2014,5.75,7.87,11.37,8.16,33.150000000000006,40.75
925,Champaran(East),Bihar,2015,4.56,9.62,12.45,4.11,30.74,35.69
925,Champaran(East),Bihar,2016,3.42,8.29,2.58,8.1,22.39,27.43
925,Champaran(East),Bihar,2017,3.51,9.18,11.6,2.98,27.27,32.22
925,Champaran(East),Bihar,2018,3.3,7.52,5.91,3.28,20.01,23.75
925,Champaran(East),Bihar,2019,2.63,14.23,4.27,8.27,29.4,34.01
926,Champaran(West),Bihar,1990,4.38,18.79,5.37,4.19,32.73,35.08
926,Champaran(West),Bihar,1991,2.78,5.26,5.87,5.4,19.310000000000002,20.79
926,Champaran(West),Bihar,1992,2.75,5.52,5.93,3.2,17.4,20.62
926,Champaran(West),Bihar,1993,4.33,4.98,4.92,5.14,19.37,22.87
926,Champaran(West),Bihar,1994,3.38,6.35,4.33,5.84,19.9,22.08
926,Champaran(West),Bihar,1995,4.57,7.68,8.53,3.53,24.310000000000002,27.54
926,Champaran(West),Bihar,1996,4.84,6.15,9.74,3.42,24.15,29.01
926,Champaran(West),Bihar,1997,2.73,9.44,5.61,3.02,20.8,24.46
926,Champaran(West),Bihar,1998,1.89,9.4,9.98,4.55,25.820000000000004,29.72
926,Champaran(West),Bihar,1999,4.3,4.62,5.3,2.16,16.38,20.59
926,Champaran(West),Bihar,2000,8.18,6.56,8.06,6.13,28.929999999999996,31.53
926,Champaran(West),Bihar,2001,5.05,6.19,6.63,6.75,24.62,29.28
926,Champaran(West),Bihar,2002,3.14,5.32,3.06,3.07,14.590000000000002,20.55
926,Champaran(West),Bihar,2003,5.01,6.78,3.7,3.11,18.599999999999998,22.75
926,Champaran(West),Bihar,2004,7.5,12.34,6.99,4.35,31.18,40.87
926,Champaran(West),Bihar,2005,4.56,12.77,9.92,3.07,30.32,39.58
926,Champaran(West),Bihar,2006,8.83,11.62,6.94,7.29,34.68,41.51
926,Champaran(West),Bihar,2007,6.26,13.63,11.1,9.39,40.38,49.11
926,Champaran(West),Bihar,2008,15.14,16.71,13.13,7.81,52.790000000000006,59.49
926,Champaran(West),Bihar,2009,3.72,10.42,11.65,3.1,28.89,34.99
926,Champaran(West),Bihar,2010,3.78,10.05,11.04,8.22,33.089999999999996,37.68
926,Champaran(West),Bihar,2011,8.63,9.79,10.7,7.09,36.21,42.62
926,Champaran(West),Bihar,2012,2.14,12.78,7.43,11.74,34.09,36.94
926,Champaran(West),Bihar,2013,12.02,7.31,10.86,7.4,37.589999999999996,50.08
926,Champaran(West),Bihar,2014,7.49,8.97,11.28,7.54,35.28,44.34
926,Champaran(West),Bihar,2015,5.98,9.46,13.64,4.09,33.17,40.42
926,Champaran(West),Bihar,2016,6.08,12.66,3.32,9.12,31.18,37.85
926,Champaran(West),Bihar,2017,4.85,11.79,14.55,5.23,36.42,42.63
926,Champaran(West),Bihar,2018,6.08,10.49,8.51,3.96,29.04,34.76
926,Champaran(West),Bihar,2019,4.38,18.04,5.6,9.9,37.919999999999995,45.75
927,Vaishali,Bihar,1990,8.12,16.8,4.17,3.81,32.900000000000006,35.67
927,Vaishali,Bihar,1991,4.46,2.58,8.45,6.14,21.63,22.89
927,Vaishali,Bihar,1992,3.33,6.43,8.73,1.57,20.060000000000002,22.48
927,Vaishali,Bihar,1993,4.61,4.5,8.32,11.23,28.66,31.990000000000002
927,Vaishali,Bihar,1994,3.28,6.63,10.88,5.29,26.08,30.91
927,Vaishali,Bihar,1995,3.61,9.04,8.29,8.1,29.04,33.9
927,Vaishali,Bihar,1996,6.64,7.66,9.66,5.73,29.69,32.42
927,Vaishali,Bihar,1997,3.51,19.17,9.19,4.07,35.94,40.71
927,Vaishali,Bihar,1998,2.45,8.35,8.79,8.11,27.7,32.769999999999996
927,Vaishali,Bihar,1999,4.01,9.69,6.31,3.06,23.069999999999997,28.5
927,Vaishali,Bihar,2000,9.46,6.56,6.39,7.53,29.94,32.92
927,Vaishali,Bihar,2001,10.4,6.24,5.66,7.05,29.35,35.71
927,Vaishali,Bihar,2002,2.9,7.32,7.6,3.7,21.52,29.08
927,Vaishali,Bihar,2003,7.59,8.56,5.82,4.77,26.74,33.81
927,Vaishali,Bihar,2004,7.27,7.6,7.5,2.5,24.869999999999997,28.71
927,Vaishali,Bihar,2005,2.04,11.14,6.95,2.81,22.939999999999998,27.11
927,Vaishali,Bihar,2006,7.23,10.89,6.9,7.61,32.63,35.28
927,Vaishali,Bihar,2007,3.49,15.97,8.64,9.93,38.03,44.53
927,Vaishali,Bihar,2008,15.16,11.98,12.31,5.74,45.190000000000005,50.14
927,Vaishali,Bihar,2009,2.71,5.99,8.89,4.48,22.07,26.310000000000002
927,Vaishali,Bihar,2010,2.25,7.47,7.04,3.9,20.659999999999997,25.47
927,Vaishali,Bihar,2011,10.32,4.06,7.82,8.85,31.049999999999997,34.91
927,Vaishali,Bihar,2012,2.09,10.68,8.89,6.5,28.16,31.23
927,Vaishali,Bihar,2013,3.54,3.12,5.11,7.32,19.09,30.28
927,Vaishali,Bihar,2014,3.12,7.8,10.78,7.48,29.18,35.55
927,Vaishali,Bihar,2015,3.91,10.21,8.57,3.57,26.26,29.790000000000003
927,Vaishali,Bihar,2016,2.93,8.29,3.88,11.22,26.32,31.68
927,Vaishali,Bihar,2017,2.46,11.45,8.14,3.43,25.48,30.31
927,Vaishali,Bihar,2018,2.21,7.17,5.78,3.11,18.27,21.02
927,Vaishali,Bihar,2019,1.92,10.25,3.88,11.52,27.57,30.689999999999998
928,Sitamarhi,Bihar,1990,5.68,17.3,4.86,3.97,31.81,34.43
928,Sitamarhi,Bihar,1991,3.92,3.74,7.02,5.95,20.63,21.95
928,Sitamarhi,Bihar,1992,2.83,6.09,6.54,2.45,17.91,20.97
928,Sitamarhi,Bihar,1993,4.84,4.14,5.96,7.64,22.580000000000002,26.04
928,Sitamarhi,Bihar,1994,3.52,6.13,6.17,5.31,21.13,24.06
928,Sitamarhi,Bihar,1995,3.79,10.15,8.83,4.58,27.35,31.240000000000002
928,Sitamarhi,Bihar,1996,5.65,7.71,8.83,4.97,27.159999999999997,30.64
928,Sitamarhi,Bihar,1997,2.54,15.24,7.34,3.11,28.23,32.41
928,Sitamarhi,Bihar,1998,1.92,8.76,8.3,6.41,25.39,29.47
928,Sitamarhi,Bihar,1999,4.25,6.26,5.32,2.72,18.55,23.14
928,Sitamarhi,Bihar,2000,9.88,5.79,7.55,6.49,29.71,32.92
928,Sitamarhi,Bihar,2001,7.86,5.91,5.92,7.38,27.069999999999997,32.4
928,Sitamarhi,Bihar,2002,3.24,6.61,5.07,3.06,17.98,25.52
928,Sitamarhi,Bihar,2003,7.49,7.68,4.27,3.85,23.29,29.03
928,Sitamarhi,Bihar,2004,6.59,11.38,8.03,3.42,29.42,37.3
928,Sitamarhi,Bihar,2005,3.56,12.34,9.24,2.87,28.01,34.99
928,Sitamarhi,Bihar,2006,7.55,11.64,7.09,8.65,34.93,39.8
928,Sitamarhi,Bihar,2007,6.04,15.83,9.65,9.89,41.410000000000004,49.25
928,Sitamarhi,Bihar,2008,15.8,14.76,13.22,7.46,51.24,58.0
928,Sitamarhi,Bihar,2009,3.64,8.11,11.42,3.1,26.270000000000003,31.29
928,Sitamarhi,Bihar,2010,3.07,8.71,9.44,5.75,26.97,32.43
928,Sitamarhi,Bihar,2011,10.84,6.59,8.82,8.74,34.99,40.93
928,Sitamarhi,Bihar,2012,1.92,13.0,7.84,9.01,31.769999999999996,34.46
928,Sitamarhi,Bihar,2013,6.59,5.49,8.58,8.19,28.85,41.11
928,Sitamarhi,Bihar,2014,5.92,7.91,11.02,8.37,33.22,40.35
928,Sitamarhi,Bihar,2015,5.33,9.6,12.27,5.18,32.379999999999995,38.449999999999996
928,Sitamarhi,Bihar,2016,4.74,8.88,2.88,11.0,27.5,33.72
928,Sitamarhi,Bihar,2017,4.06,8.67,10.06,3.49,26.28,33.46
928,Sitamarhi,Bihar,2018,3.37,7.45,6.02,3.69,20.53,25.07
928,Sitamarhi,Bihar,2019,2.22,12.77,4.39,9.31,28.689999999999998,33.35
929,Madhubani,Bihar,1990,4.58,12.97,4.45,3.53,25.53,28.71
929,Madhubani,Bihar,1991,3.15,3.16,6.36,6.62,19.290000000000003,20.84
929,Madhubani,Bihar,1992,2.16,6.1,5.05,2.27,15.579999999999998,18.669999999999998
929,Madhubani,Bihar,1993,4.11,3.34,4.88,6.62,18.95,22.88
929,Madhubani,Bihar,1994,3.65,4.57,4.17,3.27,15.66,18.6
929,Madhubani,Bihar,1995,3.25,8.9,7.91,3.28,23.340000000000003,27.78
929,Madhubani,Bihar,1996,4.58,6.44,5.87,3.86,20.75,23.52
929,Madhubani,Bihar,1997,2.34,12.43,5.59,1.97,22.33,26.2
929,Madhubani,Bihar,1998,1.52,7.19,5.84,4.88,19.43,23.74
929,Madhubani,Bihar,1999,2.95,5.1,4.73,2.57,15.350000000000001,20.07
929,Madhubani,Bihar,2000,7.39,4.4,5.76,5.41,22.959999999999997,26.38
929,Madhubani,Bihar,2001,6.06,4.89,4.28,5.97,21.2,25.73
929,Madhubani,Bihar,2002,2.8,5.79,4.89,2.96,16.44,23.64
929,Madhubani,Bihar,2003,6.23,7.62,2.99,3.46,20.300000000000004,26.92
929,Madhubani,Bihar,2004,5.68,12.95,7.1,3.39,29.119999999999997,37.3
929,Madhubani,Bihar,2005,3.65,10.92,9.87,3.11,27.549999999999997,34.589999999999996
929,Madhubani,Bihar,2006,7.85,9.82,5.28,10.52,33.47,38.25
929,Madhubani,Bihar,2007,5.86,13.52,7.39,8.24,35.01,43.31
929,Madhubani,Bihar,2008,12.97,10.38,10.26,5.79,39.4,46.25
929,Madhubani,Bihar,2009,3.63,7.78,10.37,2.88,24.66,30.599999999999998
929,Madhubani,Bihar,2010,3.49,8.43,9.0,5.54,26.46,32.15
929,Madhubani,Bihar,2011,11.13,7.26,8.24,7.64,34.27,41.15
929,Madhubani,Bihar,2012,2.1,12.33,7.23,6.78,28.44,31.900000000000002
929,Madhubani,Bihar,2013,5.19,6.39,7.33,6.22,25.13,37.99
929,Madhubani,Bihar,2014,6.2,6.95,9.38,8.08,30.61,36.39
929,Madhubani,Bihar,2015,5.58,7.8,10.11,5.82,29.31,37.13
929,Madhubani,Bihar,2016,6.77,10.09,3.24,12.58,32.68,40.74
929,Madhubani,Bihar,2017,4.51,9.01,8.77,4.11,26.4,35.33
929,Madhubani,Bihar,2018,3.73,7.85,5.75,4.67,22.0,28.11
929,Madhubani,Bihar,2019,2.6,13.69,3.87,10.28,30.439999999999998,36.16
930,Samastipur,Bihar,1990,7.39,17.2,4.4,3.95,32.940000000000005,35.57
930,Samastipur,Bihar,1991,4.56,2.93,8.11,6.38,21.98,23.15
930,Samastipur,Bihar,1992,3.19,6.49,7.9,1.87,19.45,22.23
930,Samastipur,Bihar,1993,5.05,4.04,7.79,10.05,26.93,30.0
930,Samastipur,Bihar,1994,3.3,6.58,8.83,5.64,24.35,28.06
930,Samastipur,Bihar,1995,3.46,10.41,8.89,6.33,29.090000000000003,33.46
930,Samastipur,Bihar,1996,6.35,8.34,9.55,5.96,30.200000000000003,33.24
930,Samastipur,Bihar,1997,2.65,18.44,8.62,3.87,33.58,38.18
930,Samastipur,Bihar,1998,2.06,9.02,8.73,7.71,27.520000000000003,32.1
930,Samastipur,Bihar,1999,4.18,8.24,5.81,3.02,21.25,26.34
930,Samastipur,Bihar,2000,10.57,6.04,7.26,7.05,30.919999999999998,34.15
930,Samastipur,Bihar,2001,9.95,5.88,5.94,7.91,29.68,35.769999999999996
930,Samastipur,Bihar,2002,3.09,7.27,6.41,3.41,20.18,27.97
930,Samastipur,Bihar,2003,8.47,8.1,5.05,4.54,26.16,32.54
930,Samastipur,Bihar,2004,6.82,9.14,8.03,2.48,26.470000000000002,31.61
930,Samastipur,Bihar,2005,2.35,12.3,8.0,2.59,25.24,30.46
930,Samastipur,Bihar,2006,6.61,11.36,7.27,8.15,33.39,36.73
930,Samastipur,Bihar,2007,4.52,16.98,9.2,10.47,41.17,48.07
930,Samastipur,Bihar,2008,16.21,13.85,13.51,6.92,50.49,56.12
930,Samastipur,Bihar,2009,3.14,6.73,10.39,3.57,23.830000000000002,28.23
930,Samastipur,Bihar,2010,2.45,8.14,8.08,4.64,23.310000000000002,28.5
930,Samastipur,Bihar,2011,10.71,4.92,7.84,9.02,32.489999999999995,37.18
930,Samastipur,Bihar,2012,1.71,12.06,8.08,7.75,29.6,32.21
930,Samastipur,Bihar,2013,4.6,3.97,6.33,8.01,22.91,34.42
930,Samastipur,Bihar,2014,4.18,7.61,11.12,8.26,31.169999999999995,37.49
930,Samastipur,Bihar,2015,4.18,9.85,10.17,4.14,28.34,32.699999999999996
930,Samastipur,Bihar,2016,3.36,7.78,2.96,10.78,24.880000000000003,30.47
930,Samastipur,Bihar,2017,3.12,9.67,8.38,3.07,24.240000000000002,29.87
930,Samastipur,Bihar,2018,2.4,7.26,5.26,3.65,18.57,21.62
930,Samastipur,Bihar,2019,1.85,10.94,3.49,10.33,26.61,29.85
931,Begusarai,Bihar,1990,6.78,14.92,4.37,3.95,30.02,33.480000000000004
931,Begusarai,Bihar,1991,4.12,2.62,7.73,6.81,21.28,22.66
931,Begusarai,Bihar,1992,2.93,6.31,7.25,1.72,18.21,20.73
931,Begusarai,Bihar,1993,4.42,3.86,7.11,9.99,25.380000000000003,28.71
931,Begusarai,Bihar,1994,3.33,6.24,8.9,4.51,22.979999999999997,27.55
931,Begusarai,Bihar,1995,4.02,8.08,8.99,6.56,27.65,32.519999999999996
931,Begusarai,Bihar,1996,5.91,7.23,8.2,5.0,26.34,28.76
931,Begusarai,Bihar,1997,3.41,17.58,8.51,3.63,33.13,37.519999999999996
931,Begusarai,Bihar,1998,2.36,8.26,7.39,7.35,25.36,30.56
931,Begusarai,Bihar,1999,3.59,8.27,6.48,3.06,21.4,26.89
931,Begusarai,Bihar,2000,8.49,6.03,5.84,7.43,27.79,31.2
931,Begusarai,Bihar,2001,9.46,5.91,4.93,6.73,27.03,32.92
931,Begusarai,Bihar,2002,2.98,6.44,8.29,5.14,22.85,29.29
931,Begusarai,Bihar,2003,6.37,8.73,4.11,4.59,23.8,31.48
931,Begusarai,Bihar,2004,6.43,9.84,6.78,2.81,25.86,30.64
931,Begusarai,Bihar,2005,2.22,11.41,9.1,3.12,25.85,30.53
931,Begusarai,Bihar,2006,8.26,10.43,6.01,10.02,34.72,38.18
931,Begusarai,Bihar,2007,3.57,14.15,7.45,9.44,34.61,41.26
931,Begusarai,Bihar,2008,13.37,9.25,9.64,5.49,37.75,42.52
931,Begusarai,Bihar,2009,2.59,7.99,9.46,4.53,24.57,29.830000000000002
931,Begusarai,Bihar,2010,3.22,7.57,6.68,4.39,21.86,26.19
931,Begusarai,Bihar,2011,10.88,5.64,8.84,7.47,32.83,37.8
931,Begusarai,Bihar,2012,1.78,10.86,6.88,5.19,24.71,27.77
931,Begusarai,Bihar,2013,3.45,4.63,4.29,4.96,17.330000000000002,28.81
931,Begusarai,Bihar,2014,3.72,9.69,7.95,5.87,27.23,32.64
931,Begusarai,Bihar,2015,4.2,8.56,7.94,5.09,25.790000000000003,30.87
931,Begusarai,Bihar,2016,4.7,9.36,3.58,11.81,29.450000000000003,35.29
931,Begusarai,Bihar,2017,2.54,12.98,8.17,4.41,28.099999999999998,36.61
931,Begusarai,Bihar,2018,3.16,7.51,6.16,3.77,20.599999999999998,25.44
931,Begusarai,Bihar,2019,2.81,11.97,3.54,12.36,30.68,35.21
932,Katihar,Bihar,1990,3.55,7.77,4.04,4.14,19.5,25.18
932,Katihar,Bihar,1991,4.91,4.17,4.74,7.69,21.51,23.830000000000002
932,Katihar,Bihar,1992,1.92,5.03,3.48,2.06,12.49,16.38
932,Katihar,Bihar,1993,4.16,2.76,3.42,4.45,14.79,18.68
932,Katihar,Bihar,1994,3.5,2.83,3.63,2.31,12.270000000000001,15.59
932,Katihar,Bihar,1995,3.23,5.21,7.07,3.4,18.91,22.99
932,Katihar,Bihar,1996,3.26,6.15,4.74,2.56,16.71,20.25
932,Katihar,Bihar,1997,3.81,9.3,5.95,5.87,24.930000000000003,30.23
932,Katihar,Bihar,1998,3.86,11.96,8.37,5.84,30.029999999999998,40.7
932,Katihar,Bihar,1999,3.8,6.93,11.88,4.28,26.89,36.18
932,Katihar,Bihar,2000,6.01,4.59,5.34,6.87,22.81,31.5
932,Katihar,Bihar,2001,6.54,5.65,4.35,8.23,24.77,33.51
932,Katihar,Bihar,2002,5.87,7.81,8.38,7.64,29.700000000000003,38.19
932,Katihar,Bihar,2003,5.87,9.29,2.67,4.88,22.709999999999997,34.55
932,Katihar,Bihar,2004,6.79,14.35,6.02,5.31,32.47,42.08
932,Katihar,Bihar,2005,3.12,12.5,11.88,4.23,31.73,42.42
932,Katihar,Bihar,2006,8.11,7.71,4.0,12.19,32.01,39.32
932,Katihar,Bihar,2007,6.52,13.63,5.86,9.0,35.01,44.34
932,Katihar,Bihar,2008,11.52,5.75,8.66,4.83,30.759999999999998,38.79
932,Katihar,Bihar,2009,3.56,9.65,12.18,4.16,29.55,40.06
932,Katihar,Bihar,2010,7.56,9.99,7.62,6.82,31.990000000000002,39.59
932,Katihar,Bihar,2011,9.36,8.63,12.14,7.25,37.38,46.5
932,Katihar,Bihar,2012,5.01,12.14,4.13,6.58,27.86,33.47
932,Katihar,Bihar,2013,6.36,7.46,7.33,3.33,24.479999999999997,40.32
932,Katihar,Bihar,2014,6.46,9.37,6.61,5.93,28.369999999999997,35.43
932,Katihar,Bihar,2015,5.05,7.44,8.05,6.13,26.669999999999998,34.07
932,Katihar,Bihar,2016,5.9,12.36,3.75,12.18,34.19,42.61
932,Katihar,Bihar,2017,3.24,12.12,10.8,4.81,30.97,43.78
932,Katihar,Bihar,2018,4.51,8.19,7.22,4.34,24.259999999999998,32.769999999999996
932,Katihar,Bihar,2019,4.59,13.46,4.52,13.34,35.91,43.02
933,Giridih,Jharkhand,1990,7.53,15.13,5.81,5.92,34.39,40.15
933,Giridih,Jharkhand,1991,4.01,4.21,9.42,7.84,25.48,28.169999999999998
933,Giridih,Jharkhand,1992,3.72,6.15,8.8,2.55,21.220000000000002,24.0
933,Giridih,Jharkhand,1993,5.09,5.38,7.46,10.77,28.7,33.88
933,Giridih,Jharkhand,1994,5.61,10.87,12.06,4.39,32.93,40.14
933,Giridih,Jharkhand,1995,5.19,6.34,8.56,9.72,29.810000000000002,35.92
933,Giridih,Jharkhand,1996,7.67,6.81,10.12,4.01,28.61,31.259999999999998
933,Giridih,Jharkhand,1997,7.39,15.62,11.46,4.35,38.82,44.35
933,Giridih,Jharkhand,1998,3.86,7.47,8.34,8.7,28.37,37.03
933,Giridih,Jharkhand,1999,5.28,11.07,8.68,3.74,28.770000000000003,35.6
933,Giridih,Jharkhand,2000,6.68,7.85,5.46,8.33,28.32,32.17
933,Giridih,Jharkhand,2001,10.96,8.74,5.78,4.72,30.200000000000003,36.58
933,Giridih,Jharkhand,2002,4.3,6.64,9.76,6.69,27.39,33.15
933,Giridih,Jharkhand,2003,4.63,9.93,6.14,5.56,26.259999999999998,35.89
933,Giridih,Jharkhand,2004,7.81,8.14,8.47,3.77,28.19,33.21
933,Giridih,Jharkhand,2005,2.96,9.48,7.55,4.19,24.180000000000003,29.650000000000002
933,Giridih,Jharkhand,2006,10.59,11.94,7.29,9.18,39.0,43.29
933,Giridih,Jharkhand,2007,3.78,14.69,8.59,9.7,36.76,43.43
933,Giridih,Jharkhand,2008,12.6,9.42,8.7,4.83,35.55,40.05
933,Giridih,Jharkhand,2009,2.35,8.88,8.8,7.09,27.12,33.53
933,Giridih,Jharkhand,2010,3.17,6.71,5.54,5.89,21.31,26.41
933,Giridih,Jharkhand,2011,12.48,5.51,11.41,9.22,38.620000000000005,44.1
933,Giridih,Jharkhand,2012,3.06,9.87,9.68,6.09,28.7,34.37
933,Giridih,Jharkhand,2013,6.05,5.6,5.85,5.59,23.09,36.7
933,Giridih,Jharkhand,2014,3.53,10.18,8.65,5.06,27.419999999999998,34.339999999999996
933,Giridih,Jharkhand,2015,5.14,11.52,7.63,4.69,28.98,34.71
933,Giridih,Jharkhand,2016,3.8,10.46,8.31,10.61,33.18,38.2
933,Giridih,Jharkhand,2017,3.95,17.24,9.52,5.47,36.18,46.37
933,Giridih,Jharkhand,2018,4.52,8.71,8.36,3.82,25.41,31.419999999999998
933,Giridih,Jharkhand,2019,2.89,9.49,6.44,11.63,30.450000000000003,38.03
935,Madhepura,Bihar,1990,4.17,9.84,4.3,3.57,21.88,26.03
935,Madhepura,Bihar,1991,4.04,3.16,6.39,8.44,22.03,23.439999999999998
935,Madhepura,Bihar,1992,1.99,6.67,4.29,1.87,14.82,18.14
935,Madhepura,Bihar,1993,4.08,2.57,4.41,6.31,17.37,20.81
935,Madhepura,Bihar,1994,3.39,3.72,4.06,2.44,13.61,16.83
935,Madhepura,Bihar,1995,3.12,6.86,8.24,3.24,21.46,26.28
935,Madhepura,Bihar,1996,3.63,6.22,4.97,3.15,17.97,20.8
935,Madhepura,Bihar,1997,2.58,11.32,5.34,2.8,22.040000000000003,26.05
935,Madhepura,Bihar,1998,2.01,8.76,5.33,4.85,20.950000000000003,27.24
935,Madhepura,Bihar,1999,2.74,5.71,7.09,2.82,18.36,24.6
935,Madhepura,Bihar,2000,5.76,3.96,4.77,5.63,20.119999999999997,24.64
935,Madhepura,Bihar,2001,5.85,4.45,3.78,6.18,20.259999999999998,25.73
935,Madhepura,Bihar,2002,3.28,6.36,6.74,4.93,21.310000000000002,28.05
935,Madhepura,Bihar,2003,5.42,8.82,2.33,4.09,20.66,29.48
935,Madhepura,Bihar,2004,6.08,14.16,6.31,3.54,30.09,37.05
935,Madhepura,Bihar,2005,3.04,11.64,11.72,3.57,29.97,37.29
935,Madhepura,Bihar,2006,8.56,8.51,4.07,13.48,34.620000000000005,39.51
935,Madhepura,Bihar,2007,4.91,12.81,6.36,8.59,32.67,41.57
935,Madhepura,Bihar,2008,11.62,7.22,8.85,4.62,32.309999999999995,38.589999999999996
935,Madhepura,Bihar,2009,3.36,9.75,10.59,3.74,27.439999999999998,35.28
935,Madhepura,Bihar,2010,5.08,10.36,8.34,6.2,29.98,35.9
935,Madhepura,Bihar,2011,11.18,8.83,10.09,6.74,36.839999999999996,44.73
935,Madhepura,Bihar,2012,2.83,12.33,4.48,4.58,24.22,28.34
935,Madhepura,Bihar,2013,4.84,8.05,5.47,3.19,21.55,34.11
935,Madhepura,Bihar,2014,5.93,8.14,7.14,6.08,27.29,32.53
935,Madhepura,Bihar,2015,5.68,6.86,9.47,6.64,28.65,37.07
935,Madhepura,Bihar,2016,7.37,13.76,3.77,12.42,37.32,46.71
935,Madhepura,Bihar,2017,4.41,10.93,11.68,4.63,31.65,41.98
935,Madhepura,Bihar,2018,4.43,8.93,6.53,5.3,25.19,32.83
935,Madhepura,Bihar,2019,4.65,16.62,4.19,12.32,37.78,44.410000000000004
937,Godda,Jharkhand,1990,3.73,7.82,3.66,5.15,20.36,26.900000000000002
937,Godda,Jharkhand,1991,3.85,3.77,3.99,7.58,19.189999999999998,22.11
937,Godda,Jharkhand,1992,2.0,3.58,3.08,2.07,10.73,14.4
937,Godda,Jharkhand,1993,3.69,2.84,3.16,4.41,14.1,19.1
937,Godda,Jharkhand,1994,3.77,3.42,3.3,2.28,12.769999999999998,16.66
937,Godda,Jharkhand,1995,3.5,4.07,6.62,4.52,18.71,22.53
937,Godda,Jharkhand,1996,3.74,4.57,4.8,2.25,15.36,18.59
937,Godda,Jharkhand,1997,4.4,9.45,6.36,6.0,26.21,32.19
937,Godda,Jharkhand,1998,3.84,11.61,8.0,6.6,30.049999999999997,41.83
937,Godda,Jharkhand,1999,4.32,7.27,10.55,4.87,27.01,36.32
937,Godda,Jharkhand,2000,6.17,5.46,5.59,8.38,25.6,35.86
937,Godda,Jharkhand,2001,8.1,5.85,4.39,8.19,26.53,36.129999999999995
937,Godda,Jharkhand,2002,5.96,6.47,8.81,8.38,29.620000000000005,38.34
937,Godda,Jharkhand,2003,5.97,7.63,2.68,5.24,21.520000000000003,34.01
937,Godda,Jharkhand,2004,6.93,12.55,5.6,5.91,30.99,41.13
937,Godda,Jharkhand,2005,2.71,11.16,10.13,4.46,28.46,40.29
937,Godda,Jharkhand,2006,7.99,7.51,4.7,10.99,31.189999999999998,39.47
937,Godda,Jharkhand,2007,6.65,13.58,5.99,9.34,35.56,44.64
937,Godda,Jharkhand,2008,11.11,5.65,7.08,5.44,29.279999999999998,37.27
937,Godda,Jharkhand,2009,3.14,8.89,11.09,5.5,28.62,39.13
937,Godda,Jharkhand,2010,6.49,7.17,5.48,6.17,25.310000000000002,33.15
937,Godda,Jharkhand,2011,9.3,6.44,11.69,7.22,34.65,44.1
937,Godda,Jharkhand,2012,3.89,10.38,4.42,6.31,25.0,31.14
937,Godda,Jharkhand,2013,6.11,5.64,6.4,3.83,21.979999999999997,38.95
937,Godda,Jharkhand,2014,5.45,9.4,6.69,5.3,26.840000000000003,34.61
937,Godda,Jharkhand,2015,5.09,8.86,7.34,5.98,27.27,34.28
937,Godda,Jharkhand,2016,4.75,11.34,4.8,11.12,32.01,39.36
937,Godda,Jharkhand,2017,2.84,13.41,9.82,5.28,31.35,45.24
937,Godda,Jharkhand,2018,4.33,7.94,7.27,3.89,23.43,32.19
937,Godda,Jharkhand,2019,3.8,11.25,4.33,13.22,32.6,40.75
938,Sahebganj,Jharkhand,1990,3.73,7.82,3.66,5.15,20.36,26.900000000000002
938,Sahebganj,Jharkhand,1991,3.85,3.77,3.99,7.58,19.189999999999998,22.11
938,Sahebganj,Jharkhand,1992,2.0,3.58,3.08,2.07,10.73,14.4
938,Sahebganj,Jharkhand,1993,3.69,2.84,3.16,4.41,14.1,19.1
938,Sahebganj,Jharkhand,1994,3.77,3.42,3.3,2.28,12.769999999999998,16.66
938,Sahebganj,Jharkhand,1995,3.5,4.07,6.62,4.52,18.71,22.53
938,Sahebganj,Jharkhand,1996,3.74,4.57,4.8,2.25,15.36,18.59
938,Sahebganj,Jharkhand,1997,4.4,9.45,6.36,6.0,26.21,32.19
938,Sahebganj,Jharkhand,1998,3.84,11.61,8.0,6.6,30.049999999999997,41.83
938,Sahebganj,Jharkhand,1999,4.32,7.27,10.55,4.87,27.01,36.32
938,Sahebganj,Jharkhand,2000,6.17,5.46,5.59,8.38,25.6,35.86
938,Sahebganj,Jharkhand,2001,8.1,5.85,4.39,8.19,26.53,36.129999999999995
938,Sahebganj,Jharkhand,2002,5.96,6.47,8.81,8.38,29.620000000000005,38.34
938,Sahebganj,Jharkhand,2003,5.97,7.63,2.68,5.24,21.520000000000003,34.01
938,Sahebganj,Jharkhand,2004,6.93,12.55,5.6,5.91,30.99,41.13
938,Sahebganj,Jharkhand,2005,2.71,11.16,10.13,4.46,28.46,40.29
938,Sahebganj,Jharkhand,2006,7.99,7.51,4.7,10.99,31.189999999999998,39.47
938,Sahebganj,Jharkhand,2007,6.65,13.58,5.99,9.34,35.56,44.64
938,Sahebganj,Jharkhand,2008,11.11,5.65,7.08,5.44,29.279999999999998,37.27
938,Sahebganj,Jharkhand,2009,3.14,8.89,11.09,5.5,28.62,39.13
938,Sahebganj,Jharkhand,2010,6.49,7.17,5.48,6.17,25.310000000000002,33.15
938,Sahebganj,Jharkhand,2011,9.3,6.44,11.69,7.22,34.65,44.1
938,Sahebganj,Jharkhand,2012,3.89,10.38,4.42,6.31,25.0,31.14
938,Sahebganj,Jharkhand,2013,6.11,5.64,6.4,3.83,21.979999999999997,38.95
938,Sahebganj,Jharkhand,2014,5.45,9.4,6.69,5.3,26.840000000000003,34.61
938,Sahebganj,Jharkhand,2015,5.09,8.86,7.34,5.98,27.27,34.28
938,Sahebganj,Jharkhand,2016,4.75,11.34,4.8,11.12,32.01,39.36
938,Sahebganj,Jharkhand,2017,2.84,13.41,9.82,5.28,31.35,45.24
938,Sahebganj,Jharkhand,2018,4.33,7.94,7.27,3.89,23.43,32.19
938,Sahebganj,Jharkhand,2019,3.8,11.25,4.33,13.22,32.6,40.75
942,Gumla,Jharkhand,1990,8.07,15.72,8.61,6.9,39.3,48.8
942,Gumla,Jharkhand,1991,5.04,8.04,14.81,8.64,36.53,40.93
942,Gumla,Jharkhand,1992,4.52,8.37,9.64,4.58,27.11,30.79
942,Gumla,Jharkhand,1993,8.44,8.08,7.37,11.19,35.08,42.39
942,Gumla,Jharkhand,1994,10.34,22.51,14.25,6.4,53.5,61.910000000000004
942,Gumla,Jharkhand,1995,5.47,10.81,9.24,10.74,36.260000000000005,45.63
942,Gumla,Jharkhand,1996,9.74,12.02,12.58,5.06,39.4,42.75
942,Gumla,Jharkhand,1997,9.45,10.13,15.97,5.19,40.739999999999995,48.96
942,Gumla,Jharkhand,1998,7.21,6.92,9.21,10.53,33.87,47.38
942,Gumla,Jharkhand,1999,7.6,12.03,11.46,6.37,37.46,44.52
942,Gumla,Jharkhand,2000,6.32,7.9,6.19,7.88,28.29,32.14
942,Gumla,Jharkhand,2001,11.07,14.24,7.32,2.99,35.620000000000005,41.31
942,Gumla,Jharkhand,2002,5.73,7.58,8.01,8.9,30.22,35.28
942,Gumla,Jharkhand,2003,6.49,11.6,10.29,9.06,37.44,50.06
942,Gumla,Jharkhand,2004,8.11,8.55,16.41,4.57,37.64,44.39
942,Gumla,Jharkhand,2005,6.04,10.95,7.16,5.32,29.47,34.98
942,Gumla,Jharkhand,2006,7.92,14.33,11.76,7.64,41.65,48.0
942,Gumla,Jharkhand,2007,5.64,11.87,10.19,11.36,39.059999999999995,45.33
942,Gumla,Jharkhand,2008,13.03,14.06,11.03,7.07,45.19,49.8
942,Gumla,Jharkhand,2009,3.06,12.01,8.4,7.96,31.43,39.0
942,Gumla,Jharkhand,2010,3.83,7.01,6.24,9.43,26.509999999999998,31.73
942,Gumla,Jharkhand,2011,13.9,7.72,14.2,13.14,48.96,54.42
942,Gumla,Jharkhand,2012,4.69,11.64,15.18,8.34,39.85,47.69
942,Gumla,Jharkhand,2013,8.41,9.13,10.0,7.51,35.05,49.24
942,Gumla,Jharkhand,2014,5.37,10.67,8.44,5.49,29.97,38.49
942,Gumla,Jharkhand,2015,7.72,20.14,13.41,3.5,44.769999999999996,51.11
942,Gumla,Jharkhand,2016,2.47,11.38,14.45,8.4,36.7,41.61
942,Gumla,Jharkhand,2017,5.03,22.9,9.5,5.48,42.91,47.15
942,Gumla,Jharkhand,2018,3.87,13.88,10.65,5.75,34.15,39.9
942,Gumla,Jharkhand,2019,4.92,8.42,12.61,9.76,35.71,43.97
943,Singhbhum East,Jharkhand,1990,8.29,13.86,8.43,9.09,39.67,50.449999999999996
943,Singhbhum East,Jharkhand,1991,6.11,7.04,13.5,10.82,37.47,43.21
943,Singhbhum East,Jharkhand,1992,5.45,6.39,10.23,4.81,26.88,31.62
943,Singhbhum East,Jharkhand,1993,7.63,6.07,9.46,10.13,33.29,42.29
943,Singhbhum East,Jharkhand,1994,10.46,20.1,10.33,4.54,45.43,53.75
943,Singhbhum East,Jharkhand,1995,4.79,7.51,9.45,11.29,33.04,42.669999999999995
943,Singhbhum East,Jharkhand,1996,8.21,9.36,11.86,3.48,32.91,35.99
943,Singhbhum East,Jharkhand,1997,12.67,9.83,14.87,4.72,42.089999999999996,50.129999999999995
943,Singhbhum East,Jharkhand,1998,4.19,7.67,7.58,10.43,29.869999999999997,46.01
943,Singhbhum East,Jharkhand,1999,7.75,12.4,11.71,6.37,38.23,48.81
943,Singhbhum East,Jharkhand,2000,6.82,7.42,5.01,7.32,26.57,33.47
943,Singhbhum East,Jharkhand,2001,12.78,12.73,9.1,4.58,39.19,47.949999999999996
943,Singhbhum East,Jharkhand,2002,9.25,6.18,9.39,9.31,34.13,40.800000000000004
943,Singhbhum East,Jharkhand,2003,4.99,9.88,7.88,7.88,30.63,44.72
943,Singhbhum East,Jharkhand,2004,7.47,7.62,14.23,5.2,34.52,42.49
943,Singhbhum East,Jharkhand,2005,4.85,8.39,5.29,6.03,24.560000000000002,34.42
943,Singhbhum East,Jharkhand,2006,10.93,17.21,10.34,10.87,49.35,56.6
943,Singhbhum East,Jharkhand,2007,6.19,19.3,13.32,12.98,51.790000000000006,59.230000000000004
943,Singhbhum East,Jharkhand,2008,16.64,11.31,9.68,6.54,44.17,49.87
943,Singhbhum East,Jharkhand,2009,2.48,11.33,9.14,9.28,32.230000000000004,42.03
943,Singhbhum East,Jharkhand,2010,2.75,4.79,4.45,8.54,20.53,28.34
943,Singhbhum East,Jharkhand,2011,14.67,7.07,13.96,13.26,48.96,57.96
943,Singhbhum East,Jharkhand,2012,5.19,11.74,10.74,8.61,36.28,45.94
943,Singhbhum East,Jharkhand,2013,10.27,9.19,10.07,8.51,38.04,56.64
943,Singhbhum East,Jharkhand,2014,6.25,9.11,10.1,5.38,30.84,40.5
943,Singhbhum East,Jharkhand,2015,6.21,16.85,6.53,4.51,34.1,42.57
943,Singhbhum East,Jharkhand,2016,5.36,12.42,17.51,13.43,48.720000000000006,55.36
943,Singhbhum East,Jharkhand,2017,7.77,23.89,12.87,7.47,52.0,67.6
943,Singhbhum East,Jharkhand,2018,6.54,11.67,13.43,6.0,37.64,48.19
943,Singhbhum East,Jharkhand,2019,3.96,8.86,11.06,11.18,35.06,51.23
944,Singhbhum West,Jharkhand,1990,8.22,14.24,9.06,8.32,39.84,51.620000000000005
944,Singhbhum West,Jharkhand,1991,5.77,8.33,14.89,9.46,38.45,43.93
944,Singhbhum West,Jharkhand,1992,5.4,7.94,10.27,5.27,28.88,33.74
944,Singhbhum West,Jharkhand,1993,8.28,7.75,9.07,10.5,35.6,44.04
944,Singhbhum West,Jharkhand,1994,10.99,22.17,12.16,5.87,51.190000000000005,59.440000000000005
944,Singhbhum West,Jharkhand,1995,4.89,9.19,9.6,10.67,34.35,45.83
944,Singhbhum West,Jharkhand,1996,8.67,11.58,12.23,4.2,36.68000000000001,40.19
944,Singhbhum West,Jharkhand,1997,11.11,9.51,16.04,5.26,41.919999999999995,50.58
944,Singhbhum West,Jharkhand,1998,5.89,7.58,8.25,10.4,32.12,47.4
944,Singhbhum West,Jharkhand,1999,7.94,11.9,11.85,6.79,38.48,47.84
944,Singhbhum West,Jharkhand,2000,6.85,7.64,5.61,7.53,27.63,33.47
944,Singhbhum West,Jharkhand,2001,11.8,14.7,8.9,4.13,39.53,47.46
944,Singhbhum West,Jharkhand,2002,7.55,6.67,8.72,9.34,32.28,38.33
944,Singhbhum West,Jharkhand,2003,6.54,10.8,9.32,8.7,35.36,49.43
944,Singhbhum West,Jharkhand,2004,7.28,8.67,15.69,5.05,36.69,44.74
944,Singhbhum West,Jharkhand,2005,6.13,10.39,6.36,6.81,29.689999999999998,38.17
944,Singhbhum West,Jharkhand,2006,9.39,16.96,11.99,9.85,48.190000000000005,55.4
944,Singhbhum West,Jharkhand,2007,6.38,15.09,13.07,13.15,47.69,54.64
944,Singhbhum West,Jharkhand,2008,15.93,12.96,10.73,7.77,47.39,52.980000000000004
944,Singhbhum West,Jharkhand,2009,2.83,12.54,8.43,8.45,32.25,41.25
944,Singhbhum West,Jharkhand,2010,3.56,5.65,5.85,8.58,23.64,30.46
944,Singhbhum West,Jharkhand,2011,12.83,7.87,14.21,13.44,48.349999999999994,55.45
944,Singhbhum West,Jharkhand,2012,5.59,12.01,12.47,8.09,38.16,47.07
944,Singhbhum West,Jharkhand,2013,8.67,9.29,9.83,8.43,36.22,52.81
944,Singhbhum West,Jharkhand,2014,6.67,10.74,9.42,5.35,32.18,41.9
944,Singhbhum West,Jharkhand,2015,7.21,16.91,8.05,4.38,36.550000000000004,44.96
944,Singhbhum West,Jharkhand,2016,5.5,11.84,15.92,13.71,46.97,54.1
944,Singhbhum West,Jharkhand,2017,6.1,22.07,11.74,7.86,47.77,61.38
944,Singhbhum West,Jharkhand,2018,4.9,12.53,12.65,7.36,37.44,48.81
944,Singhbhum West,Jharkhand,2019,4.42,10.67,11.22,12.29,38.6,55.23
945,Araria,Bihar,1990,4.14,8.97,4.87,4.23,22.21,27.76
945,Araria,Bihar,1991,6.4,5.26,6.5,9.55,27.71,29.61
945,Araria,Bihar,1992,2.16,8.08,4.64,2.48,17.36,21.66
945,Araria,Bihar,1993,5.21,3.2,4.08,4.75,17.240000000000002,21.13
945,Araria,Bihar,1994,4.32,3.21,4.76,2.53,14.819999999999999,18.08
945,Araria,Bihar,1995,3.06,6.93,7.69,2.86,20.54,25.55
945,Araria,Bihar,1996,3.51,8.37,5.64,3.05,20.57,24.77
945,Araria,Bihar,1997,3.86,10.29,6.0,5.63,25.779999999999998,30.77
945,Araria,Bihar,1998,4.05,12.56,9.24,5.45,31.3,41.58
945,Araria,Bihar,1999,4.08,7.05,13.19,3.94,28.26,37.769999999999996
945,Araria,Bihar,2000,6.04,4.04,5.22,6.01,21.310000000000002,28.509999999999998
945,Araria,Bihar,2001,6.03,5.68,4.86,7.96,24.53,33.04
945,Araria,Bihar,2002,5.66,9.89,7.41,6.13,29.09,37.43
945,Araria,Bihar,2003,6.13,11.25,3.04,4.6,25.019999999999996,36.32
945,Araria,Bihar,2004,6.94,16.71,7.13,5.28,36.06,44.97
945,Araria,Bihar,2005,3.73,13.47,13.99,4.28,35.47,45.94
945,Araria,Bihar,2006,8.44,9.1,3.94,14.29,35.769999999999996,42.12
945,Araria,Bihar,2007,6.99,15.42,6.75,9.66,38.82,49.27
945,Araria,Bihar,2008,11.79,6.87,11.91,4.49,35.06,43.67
945,Araria,Bihar,2009,3.88,10.87,13.31,3.53,31.590000000000003,43.14
945,Araria,Bihar,2010,8.33,14.63,10.96,8.92,42.84,51.67
945,Araria,Bihar,2011,10.77,12.25,13.72,8.5,45.24,54.69
945,Araria,Bihar,2012,6.33,14.45,4.88,7.38,33.04,39.4
945,Araria,Bihar,2013,7.7,10.67,9.71,4.28,32.36,47.980000000000004
945,Araria,Bihar,2014,8.33,8.31,8.31,7.23,32.18000000000001,39.17
945,Araria,Bihar,2015,5.58,6.64,9.13,6.48,27.830000000000002,36.43
945,Araria,Bihar,2016,7.37,13.58,3.7,12.83,37.48,47.18
945,Araria,Bihar,2017,4.53,10.56,11.72,4.5,31.310000000000002,42.63
945,Araria,Bihar,2018,4.63,8.8,6.6,5.37,25.400000000000002,33.61
945,Araria,Bihar,2019,4.79,16.02,4.54,12.42,37.769999999999996,44.66
947,Buxar,Bihar,1990,8.33,17.4,4.17,3.68,33.58,36.04
947,Buxar,Bihar,1991,4.49,2.95,8.6,6.09,22.13,23.25
947,Buxar,Bihar,1992,3.31,6.41,9.01,1.6,20.330000000000002,22.830000000000002
947,Buxar,Bihar,1993,4.4,4.75,8.62,11.21,28.98,32.24
947,Buxar,Bihar,1994,3.22,6.58,11.38,5.39,26.57,31.39
947,Buxar,Bihar,1995,3.28,8.53,7.99,8.59,28.389999999999997,33.13
947,Buxar,Bihar,1996,6.59,7.4,10.21,5.58,29.78,33.01
947,Buxar,Bihar,1997,3.6,18.56,9.03,4.43,35.62,40.489999999999995
947,Buxar,Bihar,1998,2.4,8.7,9.72,7.88,28.7,33.64
947,Buxar,Bihar,1999,3.99,9.93,6.42,3.0,23.34,28.7
947,Buxar,Bihar,2000,9.03,6.88,6.6,7.69,30.2,32.9
947,Buxar,Bihar,2001,9.57,6.61,5.85,6.72,28.75,35.12
947,Buxar,Bihar,2002,2.84,7.26,7.51,3.41,21.02,28.58
947,Buxar,Bihar,2003,7.19,8.39,6.23,4.78,26.590000000000003,32.96
947,Buxar,Bihar,2004,7.45,6.66,7.27,2.38,23.759999999999998,27.13
947,Buxar,Bihar,2005,2.01,10.52,6.46,2.83,21.82,25.86
947,Buxar,Bihar,2006,6.83,10.65,7.0,6.42,30.9,33.43
947,Buxar,Bihar,2007,3.26,15.25,8.85,9.6,36.96,43.33
947,Buxar,Bihar,2008,15.0,12.68,12.57,5.25,45.5,50.09
947,Buxar,Bihar,2009,2.44,5.75,8.06,4.65,20.9,24.59
947,Buxar,Bihar,2010,1.88,7.58,7.09,3.95,20.5,25.2
947,Buxar,Bihar,2011,9.77,4.05,7.65,9.05,30.52,33.87
947,Buxar,Bihar,2012,2.16,10.68,9.32,6.82,28.98,32.05
947,Buxar,Bihar,2013,4.24,3.0,5.55,7.56,20.349999999999998,31.119999999999997
947,Buxar,Bihar,2014,2.82,7.25,11.22,7.41,28.7,35.83
947,Buxar,Bihar,2015,4.04,11.82,8.06,1.88,25.8,29.23
947,Buxar,Bihar,2016,1.55,10.58,5.07,9.94,27.14,31.68
947,Buxar,Bihar,2017,1.85,10.82,8.09,1.97,22.729999999999997,24.56
947,Buxar,Bihar,2018,2.11,6.63,6.85,3.33,18.92,21.509999999999998
947,Buxar,Bihar,2019,1.82,9.79,4.55,9.81,25.97,28.79
949,Banka,Bihar,1990,5.33,11.26,4.41,5.36,26.36,32.07
949,Banka,Bihar,1991,3.66,3.69,6.34,7.84,21.53,23.78
949,Banka,Bihar,1992,2.6,5.06,5.38,2.03,15.069999999999999,18.14
949,Banka,Bihar,1993,4.09,3.57,5.38,7.64,20.68,25.04
949,Banka,Bihar,1994,4.07,6.22,6.84,3.33,20.46,25.42
949,Banka,Bihar,1995,4.49,5.2,8.76,5.91,24.360000000000003,29.03
949,Banka,Bihar,1996,5.2,5.83,6.91,3.33,21.270000000000003,23.94
949,Banka,Bihar,1997,4.79,13.02,8.18,4.51,30.5,35.57
949,Banka,Bihar,1998,3.13,9.28,7.21,7.06,26.68,34.89
949,Banka,Bihar,1999,4.09,7.9,8.54,3.8,24.330000000000002,31.63
949,Banka,Bihar,2000,6.56,6.13,5.31,8.07,26.07,32.1
949,Banka,Bihar,2001,8.77,6.42,4.64,6.5,26.33,33.41
949,Banka,Bihar,2002,3.88,5.73,9.41,7.42,26.439999999999998,32.63
949,Banka,Bihar,2003,5.11,8.47,2.96,4.97,21.51,31.26
949,Banka,Bihar,2004,6.33,11.08,5.99,3.89,27.29,33.93
949,Banka,Bihar,2005,2.45,10.96,10.17,3.81,27.389999999999997,34.44
949,Banka,Bihar,2006,9.25,9.34,5.33,11.55,35.47,41.1
949,Banka,Bihar,2007,4.17,13.07,6.58,9.51,33.33,40.84
949,Banka,Bihar,2008,11.73,6.57,6.88,5.4,30.58,35.83
949,Banka,Bihar,2009,2.35,9.62,9.71,5.47,27.15,34.78
949,Banka,Bihar,2010,4.52,7.24,5.48,5.36,22.6,27.82
949,Banka,Bihar,2011,10.99,6.66,10.53,6.84,35.019999999999996,42.37
949,Banka,Bihar,2012,2.2,10.33,5.46,4.77,22.76,27.2
949,Banka,Bihar,2013,4.92,5.73,4.37,3.25,18.27,32.72
949,Banka,Bihar,2014,4.2,11.46,5.74,4.06,25.459999999999997,32.04
949,Banka,Bihar,2015,5.1,8.72,7.7,5.92,27.439999999999998,34.480000000000004
949,Banka,Bihar,2016,4.93,12.07,5.09,11.27,33.36,41.11
949,Banka,Bihar,2017,3.09,13.42,10.85,5.28,32.64,46.65
949,Banka,Bihar,2018,4.76,8.09,8.05,3.82,24.72,33.75
949,Banka,Bihar,2019,4.27,11.6,5.06,13.44,34.37,42.58
950,Jamui,Bihar,1990,7.27,15.21,4.81,4.67,31.96,36.22
950,Jamui,Bihar,1991,3.92,3.18,8.35,6.93,22.38,24.259999999999998
950,Jamui,Bihar,1992,3.26,6.16,8.07,1.93,19.42,21.87
950,Jamui,Bihar,1993,4.41,4.7,7.36,10.59,27.06,31.060000000000002
950,Jamui,Bihar,1994,4.07,7.76,10.89,4.47,27.189999999999998,33.05
950,Jamui,Bihar,1995,4.69,6.8,8.76,8.23,28.48,33.83
950,Jamui,Bihar,1996,6.68,6.76,9.11,4.5,27.049999999999997,29.5
950,Jamui,Bihar,1997,5.1,17.27,9.82,4.06,36.25,41.05
950,Jamui,Bihar,1998,3.08,7.9,8.02,7.98,26.98,33.38
950,Jamui,Bihar,1999,4.2,9.71,7.47,3.26,24.64,30.61
950,Jamui,Bihar,2000,7.5,7.11,5.56,8.13,28.299999999999997,31.69
950,Jamui,Bihar,2001,10.1,7.17,5.2,5.77,28.24,34.36
950,Jamui,Bihar,2002,3.25,6.4,9.32,5.85,24.82,30.75
950,Jamui,Bihar,2003,5.34,9.32,4.95,4.91,24.52,32.83
950,Jamui,Bihar,2004,7.0,8.88,6.95,3.18,26.01,30.53
950,Jamui,Bihar,2005,2.41,10.41,8.5,3.55,24.87,29.53
950,Jamui,Bihar,2006,9.44,10.89,6.37,9.38,36.08,39.660000000000004
950,Jamui,Bihar,2007,3.26,13.71,7.69,9.28,33.94,40.35
950,Jamui,Bihar,2008,12.68,8.69,8.82,4.92,35.11,39.45
950,Jamui,Bihar,2009,2.34,8.18,8.8,5.65,24.97,30.46
950,Jamui,Bihar,2010,3.2,7.08,6.02,4.59,20.89,25.169999999999998
950,Jamui,Bihar,2011,11.09,5.39,9.83,7.8,34.11,38.8
950,Jamui,Bihar,2012,2.25,10.05,7.99,5.14,25.43,29.41
950,Jamui,Bihar,2013,4.04,4.6,4.4,4.85,17.89,29.88
950,Jamui,Bihar,2014,3.34,10.37,7.8,5.03,26.54,32.53
950,Jamui,Bihar,2015,4.42,9.64,7.65,4.9,26.61,31.450000000000003
950,Jamui,Bihar,2016,3.99,9.83,5.12,11.03,29.97,35.27
950,Jamui,Bihar,2017,2.44,14.94,8.71,4.97,31.06,40.21
950,Jamui,Bihar,2018,3.56,7.6,7.17,3.16,21.49,26.759999999999998
950,Jamui,Bihar,2019,2.76,11.03,4.5,12.69,30.979999999999997,36.49
952,Chatra,Jharkhand,1990,7.95,16.99,7.41,5.1,37.449999999999996,43.42
952,Chatra,Jharkhand,1991,4.15,4.97,11.88,7.36,28.36,31.42
952,Chatra,Jharkhand,1992,3.82,7.05,9.73,2.86,23.46,26.37
952,Chatra,Jharkhand,1993,5.97,6.35,6.73,11.84,30.89,37.03
952,Chatra,Jharkhand,1994,6.72,13.62,14.91,4.83,40.08,49.12
952,Chatra,Jharkhand,1995,5.81,7.52,7.16,12.58,33.07,40.64
952,Chatra,Jharkhand,1996,9.36,7.42,11.25,4.17,32.2,35.3
952,Chatra,Jharkhand,1997,8.76,15.14,12.9,4.66,41.459999999999994,47.76
952,Chatra,Jharkhand,1998,5.45,6.48,9.04,9.89,30.86,40.82
952,Chatra,Jharkhand,1999,6.18,12.94,9.19,3.82,32.129999999999995,38.879999999999995
952,Chatra,Jharkhand,2000,5.93,8.93,5.95,9.37,30.18,33.17
952,Chatra,Jharkhand,2001,11.42,10.17,5.49,2.93,30.009999999999998,35.75
952,Chatra,Jharkhand,2002,4.79,8.33,9.5,7.71,30.330000000000002,35.97
952,Chatra,Jharkhand,2003,3.73,11.73,9.31,6.75,31.520000000000003,42.89
952,Chatra,Jharkhand,2004,9.83,6.41,11.13,4.3,31.670000000000005,36.730000000000004
952,Chatra,Jharkhand,2005,4.2,8.64,6.27,4.64,23.75,27.8
952,Chatra,Jharkhand,2006,10.17,12.09,9.09,7.32,38.67,43.06
952,Chatra,Jharkhand,2007,3.89,12.2,9.22,9.42,34.730000000000004,41.51
952,Chatra,Jharkhand,2008,13.08,11.27,9.41,3.76,37.52,41.7
952,Chatra,Jharkhand,2009,2.77,8.2,6.9,8.79,26.659999999999997,32.53
952,Chatra,Jharkhand,2010,2.84,6.69,5.96,7.72,23.21,28.0
952,Chatra,Jharkhand,2011,14.15,5.61,12.77,10.64,43.17,47.47
952,Chatra,Jharkhand,2012,3.84,10.18,13.57,7.18,34.769999999999996,41.48
952,Chatra,Jharkhand,2013,6.31,6.24,8.18,7.38,28.11,41.16
952,Chatra,Jharkhand,2014,3.98,8.98,9.01,5.14,27.11,35.94
952,Chatra,Jharkhand,2015,7.63,16.48,9.85,2.72,36.68,42.74
952,Chatra,Jharkhand,2016,2.69,12.69,11.43,11.05,37.86,43.5
952,Chatra,Jharkhand,2017,3.73,20.48,9.42,4.76,38.39,42.23
952,Chatra,Jharkhand,2018,3.91,11.6,9.62,4.92,30.049999999999997,34.49
952,Chatra,Jharkhand,2019,3.87,8.6,11.1,9.3,32.870000000000005,40.15
953,Bokaro,Jharkhand,1990,8.02,14.45,7.89,8.32,38.68,47.87
953,Bokaro,Jharkhand,1991,5.49,6.4,12.37,10.49,34.75,39.63
953,Bokaro,Jharkhand,1992,4.82,6.22,9.91,4.1,25.049999999999997,29.11
953,Bokaro,Jharkhand,1993,7.31,5.72,8.56,10.36,31.95,39.93
953,Bokaro,Jharkhand,1994,9.29,18.56,11.27,4.49,43.61,51.98
953,Bokaro,Jharkhand,1995,5.16,7.45,9.06,11.18,32.85,40.87
953,Bokaro,Jharkhand,1996,8.69,8.66,11.73,3.72,32.800000000000004,35.69
953,Bokaro,Jharkhand,1997,11.8,10.86,14.28,4.6,41.54,48.83
953,Bokaro,Jharkhand,1998,4.44,7.4,8.01,10.27,30.12,44.52
953,Bokaro,Jharkhand,1999,7.32,12.45,11.07,5.51,36.35,45.68
953,Bokaro,Jharkhand,2000,6.57,7.76,5.27,7.57,27.17,33.02
953,Bokaro,Jharkhand,2001,12.67,11.66,7.91,4.15,36.38999999999999,43.96
953,Bokaro,Jharkhand,2002,8.01,6.73,9.35,8.77,32.86,39.03
953,Bokaro,Jharkhand,2003,4.49,10.16,7.78,7.44,29.87,42.85
953,Bokaro,Jharkhand,2004,7.94,7.35,13.38,4.83,33.5,40.54
953,Bokaro,Jharkhand,2005,4.26,8.46,5.49,5.3,23.51,31.82
953,Bokaro,Jharkhand,2006,10.9,15.54,9.64,10.2,46.28,52.699999999999996
953,Bokaro,Jharkhand,2007,5.66,18.63,11.61,11.94,47.839999999999996,55.129999999999995
953,Bokaro,Jharkhand,2008,14.51,11.62,9.42,6.13,41.68,46.96
953,Bokaro,Jharkhand,2009,2.55,10.78,9.59,9.12,32.04,41.129999999999995
953,Bokaro,Jharkhand,2010,2.82,5.55,4.53,8.9,21.799999999999997,29.05
953,Bokaro,Jharkhand,2011,15.3,6.6,13.95,12.72,48.56999999999999,56.89
953,Bokaro,Jharkhand,2012,4.52,11.0,11.39,8.63,35.54,44.56
953,Bokaro,Jharkhand,2013,10.43,8.59,9.36,7.75,36.129999999999995,53.63
953,Bokaro,Jharkhand,2014,5.15,9.16,9.95,5.64,29.9,38.5
953,Bokaro,Jharkhand,2015,6.04,15.85,7.01,4.29,33.19,41.1
953,Bokaro,Jharkhand,2016,4.56,11.76,15.92,11.88,44.120000000000005,49.54
953,Bokaro,Jharkhand,2017,7.93,23.17,11.76,6.79,49.65,63.15
953,Bokaro,Jharkhand,2018,6.56,11.32,12.01,5.54,35.43,44.13
953,Bokaro,Jharkhand,2019,3.73,8.04,10.51,10.27,32.55,45.89
960,Sheohar,Bihar,1990,5.96,18.36,4.92,4.1,33.34,35.76
960,Sheohar,Bihar,1991,4.11,4.05,7.23,5.95,21.34,22.52
960,Sheohar,Bihar,1992,3.01,6.16,6.93,2.47,18.57,21.64
960,Sheohar,Bihar,1993,4.94,4.32,6.37,7.73,23.360000000000003,26.560000000000002
960,Sheohar,Bihar,1994,3.43,6.54,6.73,5.94,22.640000000000004,25.490000000000002
960,Sheohar,Bihar,1995,3.88,10.0,8.95,4.98,27.81,31.56
960,Sheohar,Bihar,1996,5.85,7.83,9.84,5.08,28.6,32.48
960,Sheohar,Bihar,1997,2.57,15.24,7.61,3.62,29.04,33.33
960,Sheohar,Bihar,1998,1.96,9.43,9.28,6.64,27.310000000000002,31.45
960,Sheohar,Bihar,1999,4.6,6.55,5.56,2.67,19.379999999999995,24.0
960,Sheohar,Bihar,2000,10.22,6.26,8.08,6.76,31.32,34.38
960,Sheohar,Bihar,2001,8.08,6.17,6.43,7.73,28.41,34.04
960,Sheohar,Bihar,2002,3.28,6.69,4.9,3.1,17.970000000000002,25.400000000000002
960,Sheohar,Bihar,2003,7.57,7.6,4.62,3.98,23.77,29.06
960,Sheohar,Bihar,2004,6.98,10.67,8.04,3.27,28.959999999999997,36.31
960,Sheohar,Bihar,2005,3.38,12.65,8.94,2.76,27.729999999999997,34.81
960,Sheohar,Bihar,2006,7.35,11.85,7.48,7.8,34.48,39.31
960,Sheohar,Bihar,2007,5.72,16.17,10.37,10.32,42.58,50.28
960,Sheohar,Bihar,2008,16.41,16.15,14.05,7.7,54.31,60.74
960,Sheohar,Bihar,2009,3.49,8.41,11.41,3.2,26.51,31.32
960,Sheohar,Bihar,2010,2.92,9.05,9.48,6.02,27.470000000000002,32.75
960,Sheohar,Bihar,2011,10.29,6.65,9.04,8.79,34.769999999999996,40.29
960,Sheohar,Bihar,2012,1.86,12.92,7.69,9.64,32.11,34.63
960,Sheohar,Bihar,2013,7.5,5.31,8.7,8.5,30.009999999999998,41.9
960,Sheohar,Bihar,2014,5.75,7.87,11.37,8.16,33.150000000000006,40.75
960,Sheohar,Bihar,2015,4.56,9.62,12.45,4.11,30.74,35.69
960,Sheohar,Bihar,2016,3.42,8.29,2.58,8.1,22.39,27.43
960,Sheohar,Bihar,2017,3.51,9.18,11.6,2.98,27.27,32.22
960,Sheohar,Bihar,2018,3.3,7.52,5.91,3.28,20.01,23.75
960,Sheohar,Bihar,2019,2.63,14.23,4.27,8.27,29.4,34.01
962,Jamtara,Jharkhand,1990,6.74,12.38,5.69,8.8,33.61,43.150000000000006
962,Jamtara,Jharkhand,1991,4.41,5.65,8.05,10.35,28.46,32.46
962,Jamtara,Jharkhand,1992,4.22,5.36,7.37,3.49,20.439999999999998,24.57
962,Jamtara,Jharkhand,1993,5.81,5.16,7.23,8.56,26.759999999999998,34.35
962,Jamtara,Jharkhand,1994,7.41,12.41,8.54,3.61,31.97,39.12
962,Jamtara,Jharkhand,1995,4.69,5.49,8.68,8.91,27.77,34.410000000000004
962,Jamtara,Jharkhand,1996,7.08,6.32,9.92,3.0,26.32,29.5
962,Jamtara,Jharkhand,1997,8.73,11.79,12.04,5.07,37.63,44.74
962,Jamtara,Jharkhand,1998,3.79,8.72,7.8,8.74,29.050000000000004,42.14
962,Jamtara,Jharkhand,1999,6.58,10.5,10.38,5.39,32.85,41.95
962,Jamtara,Jharkhand,2000,6.56,7.6,5.46,7.91,27.53,35.48
962,Jamtara,Jharkhand,2001,11.66,9.23,6.9,5.71,33.5,42.55
962,Jamtara,Jharkhand,2002,6.66,6.04,9.77,7.85,30.32,37.53
962,Jamtara,Jharkhand,2003,5.47,8.51,5.17,6.02,25.169999999999998,37.309999999999995
962,Jamtara,Jharkhand,2004,7.45,8.91,9.25,5.58,31.189999999999998,38.94
962,Jamtara,Jharkhand,2005,2.88,8.84,7.21,4.98,23.91,34.16
962,Jamtara,Jharkhand,2006,10.46,11.91,7.57,10.57,40.510000000000005,47.440000000000005
962,Jamtara,Jharkhand,2007,6.07,19.27,9.18,11.89,46.41,54.67
962,Jamtara,Jharkhand,2008,12.33,9.43,8.49,6.51,36.76,43.3
962,Jamtara,Jharkhand,2009,2.23,10.84,11.04,8.63,32.74,42.58
962,Jamtara,Jharkhand,2010,3.97,6.53,4.14,8.22,22.86,31.35
962,Jamtara,Jharkhand,2011,14.76,6.09,12.71,11.42,44.980000000000004,55.29
962,Jamtara,Jharkhand,2012,3.7,10.37,9.28,7.87,31.220000000000002,39.85
962,Jamtara,Jharkhand,2013,10.44,7.8,8.61,6.61,33.46,52.63
962,Jamtara,Jharkhand,2014,4.05,9.42,10.32,6.19,29.98,38.0
962,Jamtara,Jharkhand,2015,6.01,14.0,6.77,5.37,32.15,40.69
962,Jamtara,Jharkhand,2016,4.63,10.97,11.78,10.88,38.260000000000005,44.88
962,Jamtara,Jharkhand,2017,6.72,18.48,11.11,6.32,42.63,58.71
962,Jamtara,Jharkhand,2018,6.07,9.98,9.13,5.7,30.88,39.79
962,Jamtara,Jharkhand,2019,3.1,7.69,6.77,9.44,27.0,39.19
965,Simdega,Jharkhand,1990,7.72,14.19,8.24,7.47,37.62,48.26
965,Simdega,Jharkhand,1991,4.95,8.92,14.94,8.43,37.24,42.04
965,Simdega,Jharkhand,1992,4.95,8.96,9.47,5.35,28.730000000000004,32.47
965,Simdega,Jharkhand,1993,8.23,9.83,8.11,10.32,36.49,43.8
965,Simdega,Jharkhand,1994,11.32,24.42,13.61,6.93,56.28,63.77
965,Simdega,Jharkhand,1995,4.33,11.65,10.22,10.06,36.260000000000005,46.56
965,Simdega,Jharkhand,1996,8.2,14.03,12.28,5.07,39.58,42.89
965,Simdega,Jharkhand,1997,8.55,9.28,16.56,5.18,39.57,48.26
965,Simdega,Jharkhand,1998,7.5,7.28,9.02,9.56,33.36,46.57
965,Simdega,Jharkhand,1999,7.47,11.23,12.29,7.47,38.46,45.22
965,Simdega,Jharkhand,2000,5.91,7.13,5.59,6.58,25.21,29.07
965,Simdega,Jharkhand,2001,9.36,16.49,8.45,3.64,37.94,44.19
965,Simdega,Jharkhand,2002,5.47,6.86,7.81,7.83,27.97,33.01
965,Simdega,Jharkhand,2003,8.75,11.01,10.65,9.61,40.019999999999996,51.89
965,Simdega,Jharkhand,2004,7.28,10.23,17.33,4.86,39.7,46.47
965,Simdega,Jharkhand,2005,6.78,12.29,7.53,5.9,32.5,38.910000000000004
965,Simdega,Jharkhand,2006,7.05,14.72,11.99,7.22,40.98,47.57
965,Simdega,Jharkhand,2007,5.95,11.22,10.86,12.24,40.27,46.21
965,Simdega,Jharkhand,2008,13.19,14.39,12.48,8.98,49.040000000000006,54.11
965,Simdega,Jharkhand,2009,2.82,14.67,8.41,6.5,32.4,39.99
965,Simdega,Jharkhand,2010,4.68,7.44,6.62,7.5,26.240000000000002,31.47
965,Simdega,Jharkhand,2011,11.08,8.3,12.97,14.45,46.8,52.230000000000004
965,Simdega,Jharkhand,2012,5.95,12.24,15.96,7.9,42.050000000000004,49.690000000000005
965,Simdega,Jharkhand,2013,7.9,10.02,10.1,7.21,35.230000000000004,49.27
965,Simdega,Jharkhand,2014,5.44,11.8,9.16,6.09,32.49,40.34
965,Simdega,Jharkhand,2015,6.77,18.53,13.99,4.78,44.07,49.75
965,Simdega,Jharkhand,2016,2.97,9.99,12.61,8.13,33.7,37.95
965,Simdega,Jharkhand,2017,5.23,20.13,9.42,5.93,40.71,45.63
965,Simdega,Jharkhand,2018,4.26,13.1,11.2,5.3,33.86,40.059999999999995
965,Simdega,Jharkhand,2019,4.52,8.19,12.37,11.47,36.55,44.839999999999996
1001,Anand,Gujarat,1990,1.11,4.61,11.18,3.99,20.89,22.32
1001,Anand,Gujarat,1991,0.58,10.42,3.16,0.41,14.57,14.57
1001,Anand,Gujarat,1992,1.58,6.6,3.2,4.88,16.259999999999998,16.41
1001,Anand,Gujarat,1993,0.65,11.83,1.86,3.69,18.03,19.31
1001,Anand,Gujarat,1994,4.63,14.52,7.55,9.99,36.69,36.97
1001,Anand,Gujarat,1995,0.42,8.76,2.26,2.21,13.649999999999999,14.12
1001,Anand,Gujarat,1996,2.98,10.32,5.9,1.68,20.880000000000003,22.25
1001,Anand,Gujarat,1997,17.45,3.93,7.66,2.85,31.89,32.68
1001,Anand,Gujarat,1998,3.15,9.74,5.89,4.69,23.470000000000002,25.76
1001,Anand,Gujarat,1999,2.86,6.99,0.75,1.5,12.1,14.44
1001,Anand,Gujarat,2000,1.3,10.06,3.1,0.17,14.63,15.98
1001,Anand,Gujarat,2001,4.62,5.73,4.1,0.3,14.750000000000002,16.77
1001,Anand,Gujarat,2002,5.65,1.57,4.96,1.83,14.01,14.35
1001,Anand,Gujarat,2003,5.79,10.6,11.66,1.69,29.740000000000002,30.84
1001,Anand,Gujarat,2004,4.57,8.51,12.66,0.93,26.67,27.95
1001,Anand,Gujarat,2005,13.03,6.89,5.13,10.25,35.3,35.4
1001,Anand,Gujarat,2006,5.08,12.47,11.1,4.09,32.739999999999995,33.02
1001,Anand,Gujarat,2007,4.13,12.33,14.86,4.84,36.16,36.519999999999996
1001,Anand,Gujarat,2008,3.8,4.82,8.51,5.81,22.94,23.28
1001,Anand,Gujarat,2009,0.5,13.01,4.97,1.06,19.54,21.65
1001,Anand,Gujarat,2010,2.41,13.61,14.42,6.08,36.519999999999996,39.57
1001,Anand,Gujarat,2011,0.62,9.88,10.02,4.78,25.3,25.3
1001,Anand,Gujarat,2012,1.37,2.72,5.03,8.82,17.94,18.05
1001,Anand,Gujarat,2013,7.27,12.88,5.68,10.17,36.0,37.58
1001,Anand,Gujarat,2014,0.2,14.04,3.85,5.27,23.36,24.16
1001,Anand,Gujarat,2015,7.47,8.9,1.24,5.28,22.89,24.43
1001,Anand,Gujarat,2016,0.98,5.81,7.47,3.79,18.049999999999997,19.55
1001,Anand,Gujarat,2017,4.12,15.5,6.02,2.12,27.76,28.29
1001,Anand,Gujarat,2018,1.07,10.72,6.06,1.3,19.150000000000002,19.15
1001,Anand,Gujarat,2019,5.13,7.87,14.72,10.42,38.14,39.6
1002,Dahod,Gujarat,1990,2.43,6.63,13.25,8.17,30.480000000000004,32.82
1002,Dahod,Gujarat,1991,4.1,10.79,5.04,0.5,20.43,20.58
1002,Dahod,Gujarat,1992,2.7,5.23,5.6,4.75,18.28,20.19
1002,Dahod,Gujarat,1993,2.72,13.09,5.23,4.68,25.72,26.65
1002,Dahod,Gujarat,1994,6.78,9.83,11.24,9.05,36.900000000000006,38.07
1002,Dahod,Gujarat,1995,2.18,11.76,4.74,4.07,22.75,25.19
1002,Dahod,Gujarat,1996,2.09,13.76,7.65,4.33,27.83,30.04
1002,Dahod,Gujarat,1997,10.53,11.3,8.11,2.1,32.04,34.44
1002,Dahod,Gujarat,1998,4.52,9.01,6.0,7.37,26.900000000000002,28.54
1002,Dahod,Gujarat,1999,5.5,6.06,1.52,6.3,19.38,23.07
1002,Dahod,Gujarat,2000,2.94,8.87,5.05,0.51,17.37,19.97
1002,Dahod,Gujarat,2001,5.24,5.33,3.86,0.34,14.77,17.14
1002,Dahod,Gujarat,2002,5.16,1.22,8.22,2.55,17.150000000000002,18.35
1002,Dahod,Gujarat,2003,5.95,10.52,7.48,7.22,31.169999999999998,33.11
1002,Dahod,Gujarat,2004,2.66,8.88,10.58,3.43,25.55,27.02
1002,Dahod,Gujarat,2005,5.38,9.49,4.22,9.13,28.22,28.77
1002,Dahod,Gujarat,2006,4.22,9.56,13.75,6.36,33.89,35.8
1002,Dahod,Gujarat,2007,4.49,10.94,10.13,3.66,29.220000000000002,30.52
1002,Dahod,Gujarat,2008,3.73,5.37,6.11,4.17,19.380000000000003,20.0
1002,Dahod,Gujarat,2009,2.17,12.22,5.17,2.34,21.900000000000002,27.51
1002,Dahod,Gujarat,2010,2.86,7.37,12.71,5.94,28.880000000000003,32.1
1002,Dahod,Gujarat,2011,2.32,7.69,15.04,4.01,29.059999999999995,29.169999999999998
1002,Dahod,Gujarat,2012,1.07,8.99,7.18,9.11,26.35,27.099999999999998
1002,Dahod,Gujarat,2013,8.35,16.18,8.26,4.91,37.7,41.25
1002,Dahod,Gujarat,2014,0.24,12.22,5.44,6.76,24.660000000000004,26.55
1002,Dahod,Gujarat,2015,6.32,11.55,5.56,2.69,26.12,28.6
1002,Dahod,Gujarat,2016,2.97,8.46,12.79,3.05,27.27,29.09
1002,Dahod,Gujarat,2017,4.16,13.7,5.97,2.69,26.52,27.16
1002,Dahod,Gujarat,2018,3.97,9.21,6.54,2.29,22.01,22.080000000000002
1002,Dahod,Gujarat,2019,4.97,9.38,14.88,9.85,39.080000000000005,41.21
1003,Narmada,Gujarat,1990,3.24,3.76,13.43,6.84,27.27,30.65
1003,Narmada,Gujarat,1991,2.69,13.54,4.97,0.77,21.97,22.049999999999997
1003,Narmada,Gujarat,1992,4.38,4.72,3.37,4.32,16.79,17.26
1003,Narmada,Gujarat,1993,1.4,12.17,5.09,7.44,26.1,28.96
1003,Narmada,Gujarat,1994,12.88,18.47,6.99,5.9,44.24,45.63
1003,Narmada,Gujarat,1995,0.97,21.54,3.31,4.77,30.589999999999996,31.95
1003,Narmada,Gujarat,1996,3.5,18.83,5.98,2.35,30.66,32.839999999999996
1003,Narmada,Gujarat,1997,17.92,8.58,9.1,2.74,38.34,39.9
1003,Narmada,Gujarat,1998,3.45,13.62,9.3,9.05,35.42,39.61
1003,Narmada,Gujarat,1999,4.06,7.87,2.08,3.71,17.72,22.5
1003,Narmada,Gujarat,2000,1.46,9.13,4.71,0.44,15.74,17.17
1003,Narmada,Gujarat,2001,8.42,8.39,6.66,0.51,23.980000000000004,27.41
1003,Narmada,Gujarat,2002,11.61,2.33,11.74,3.26,28.939999999999998,29.48
1003,Narmada,Gujarat,2003,12.19,17.37,10.3,6.6,46.46,48.83
1003,Narmada,Gujarat,2004,9.05,16.0,19.51,2.5,47.06,48.67
1003,Narmada,Gujarat,2005,23.67,12.95,8.16,13.18,57.96,59.29
1003,Narmada,Gujarat,2006,8.33,20.32,16.85,5.12,50.62,52.79
1003,Narmada,Gujarat,2007,6.41,13.11,19.02,9.55,48.09,48.99
1003,Narmada,Gujarat,2008,8.39,10.2,11.69,9.44,39.72,40.36
1003,Narmada,Gujarat,2009,1.45,23.37,6.03,3.4,34.25,38.68
1003,Narmada,Gujarat,2010,4.62,15.18,12.52,10.78,43.1,49.199999999999996
1003,Narmada,Gujarat,2011,1.99,11.4,14.73,7.27,35.39,35.87
1003,Narmada,Gujarat,2012,2.52,6.76,4.91,12.5,26.689999999999998,27.82
1003,Narmada,Gujarat,2013,17.61,19.2,8.8,6.85,52.46,54.769999999999996
1003,Narmada,Gujarat,2014,0.67,16.38,6.67,7.1,30.82,32.89
1003,Narmada,Gujarat,2015,13.39,7.09,2.66,12.44,35.58,37.46
1003,Narmada,Gujarat,2016,2.73,12.45,8.15,5.86,29.189999999999998,31.82
1003,Narmada,Gujarat,2017,6.35,14.3,8.21,2.38,31.24,32.72
1003,Narmada,Gujarat,2018,3.54,16.09,5.75,1.82,27.2,27.26
1003,Narmada,Gujarat,2019,6.95,15.24,17.54,11.95,51.68000000000001,54.78
1004,Navsari,Gujarat,1990,5.2,3.49,16.85,8.25,33.790000000000006,37.300000000000004
1004,Navsari,Gujarat,1991,2.47,17.87,6.43,1.02,27.79,27.84
1004,Navsari,Gujarat,1992,5.31,6.96,4.42,5.14,21.83,22.08
1004,Navsari,Gujarat,1993,1.7,13.23,6.12,10.04,31.09,34.589999999999996
1004,Navsari,Gujarat,1994,19.16,26.58,7.1,5.58,58.419999999999995,59.68
1004,Navsari,Gujarat,1995,0.57,30.53,3.74,6.45,41.290000000000006,42.34
1004,Navsari,Gujarat,1996,4.99,25.32,6.63,2.28,39.220000000000006,41.78
1004,Navsari,Gujarat,1997,21.42,7.75,11.57,3.31,44.050000000000004,45.27
1004,Navsari,Gujarat,1998,3.62,17.66,11.82,12.09,45.19,51.13
1004,Navsari,Gujarat,1999,5.07,9.0,2.75,4.04,20.86,27.02
1004,Navsari,Gujarat,2000,1.4,11.42,5.09,0.49,18.4,19.78
1004,Navsari,Gujarat,2001,12.56,12.34,8.89,0.65,34.44,38.43
1004,Navsari,Gujarat,2002,16.7,3.0,16.08,3.84,39.620000000000005,39.87
1004,Navsari,Gujarat,2003,18.27,25.14,12.66,8.22,64.28999999999999,66.95
1004,Navsari,Gujarat,2004,13.78,22.53,27.53,2.44,66.28,68.02
1004,Navsari,Gujarat,2005,36.01,17.32,10.84,16.65,80.82,82.17999999999999
1004,Navsari,Gujarat,2006,11.68,29.04,21.56,5.71,67.99,70.37
1004,Navsari,Gujarat,2007,9.53,15.92,25.85,13.4,64.7,65.56
1004,Navsari,Gujarat,2008,12.92,15.37,16.2,13.04,57.529999999999994,58.19
1004,Navsari,Gujarat,2009,1.96,33.4,7.38,4.41,47.150000000000006,51.35
1004,Navsari,Gujarat,2010,6.81,20.8,15.14,14.55,57.3,64.92
1004,Navsari,Gujarat,2011,2.83,15.24,18.36,10.01,46.44,47.06
1004,Navsari,Gujarat,2012,3.43,8.43,5.47,16.25,33.58,35.1
1004,Navsari,Gujarat,2013,26.17,24.53,11.16,8.91,70.77,72.61
1004,Navsari,Gujarat,2014,1.07,21.31,8.97,8.88,40.230000000000004,42.05
1004,Navsari,Gujarat,2015,17.12,7.64,2.7,14.49,41.95,43.49
1004,Navsari,Gujarat,2016,4.44,17.57,10.99,9.04,42.04,45.25
1004,Navsari,Gujarat,2017,8.98,18.71,11.53,4.0,43.22,45.800000000000004
1004,Navsari,Gujarat,2018,6.88,26.79,6.06,1.92,41.650000000000006,41.83
1004,Navsari,Gujarat,2019,9.4,19.51,16.1,16.89,61.900000000000006,65.36
1005,Patan,Gujarat,1990,0.47,3.45,8.52,3.33,15.77,16.64
1005,Patan,Gujarat,1991,0.4,6.67,1.82,0.27,9.16,9.16
1005,Patan,Gujarat,1992,0.74,6.58,3.03,4.12,14.469999999999999,14.95
1005,Patan,Gujarat,1993,0.57,9.36,0.9,2.11,12.94,14.01
1005,Patan,Gujarat,1994,1.69,9.76,6.44,9.52,27.41,27.65
1005,Patan,Gujarat,1995,0.32,4.26,1.57,1.14,7.29,7.8
1005,Patan,Gujarat,1996,2.52,5.97,4.37,1.28,14.139999999999999,15.03
1005,Patan,Gujarat,1997,10.25,2.63,5.49,2.33,20.699999999999996,21.6
1005,Patan,Gujarat,1998,2.78,5.91,3.67,3.42,15.78,16.919999999999998
1005,Patan,Gujarat,1999,1.92,4.39,0.4,0.79,7.5,9.629999999999999
1005,Patan,Gujarat,2000,0.9,7.66,1.91,0.13,10.600000000000001,11.83
1005,Patan,Gujarat,2001,2.62,4.01,2.61,0.22,9.46,10.77
1005,Patan,Gujarat,2002,2.42,0.71,2.02,1.12,6.2700000000000005,6.57
1005,Patan,Gujarat,2003,2.38,10.6,7.53,0.44,20.950000000000003,21.71
1005,Patan,Gujarat,2004,2.11,4.26,7.19,0.95,14.509999999999998,15.83
1005,Patan,Gujarat,2005,4.79,3.46,2.95,6.01,17.21,17.77
1005,Patan,Gujarat,2006,3.3,7.42,14.43,3.42,28.57,28.939999999999998
1005,Patan,Gujarat,2007,2.9,7.42,8.77,2.15,21.24,22.0
1005,Patan,Gujarat,2008,1.55,3.45,5.89,3.32,14.21,14.81
1005,Patan,Gujarat,2009,0.78,7.99,3.87,0.31,12.950000000000001,14.34
1005,Patan,Gujarat,2010,1.71,9.4,10.62,5.22,26.949999999999996,29.27
1005,Patan,Gujarat,2011,0.29,5.67,9.85,5.59,21.4,21.5
1005,Patan,Gujarat,2012,0.53,2.01,5.46,8.17,16.17,16.259999999999998
1005,Patan,Gujarat,2013,2.81,7.89,3.77,6.46,20.93,22.59
1005,Patan,Gujarat,2014,0.22,9.42,2.52,4.19,16.35,17.3
1005,Patan,Gujarat,2015,3.7,9.43,1.74,2.14,17.009999999999998,18.44
1005,Patan,Gujarat,2016,0.45,4.78,8.0,0.58,13.81,15.48
1005,Patan,Gujarat,2017,2.39,22.66,4.14,1.33,30.520000000000003,30.88
1005,Patan,Gujarat,2018,1.68,4.55,3.19,1.01,10.43,10.43
1005,Patan,Gujarat,2019,1.78,3.86,10.44,7.58,23.659999999999997,25.43
1006,Porbandar,Gujarat,1990,2.31,1.52,8.65,1.36,13.84,14.63
1006,Porbandar,Gujarat,1991,0.31,8.99,1.67,0.34,11.31,11.31
1006,Porbandar,Gujarat,1992,0.78,10.53,4.88,4.19,20.38,20.97
1006,Porbandar,Gujarat,1993,1.81,4.89,0.21,2.68,9.59,11.45
1006,Porbandar,Gujarat,1994,2.64,13.95,2.84,6.49,25.92,26.02
1006,Porbandar,Gujarat,1995,0.55,8.19,1.6,1.1,11.44,11.59
1006,Porbandar,Gujarat,1996,4.09,9.76,1.51,0.41,15.77,19.46
1006,Porbandar,Gujarat,1997,7.86,6.16,3.08,4.16,21.26,22.17
1006,Porbandar,Gujarat,1998,6.8,3.01,3.87,1.66,15.34,18.53
1006,Porbandar,Gujarat,1999,3.49,1.74,0.62,1.38,7.23,9.49
1006,Porbandar,Gujarat,2000,0.64,9.66,2.63,0.15,13.08,13.67
1006,Porbandar,Gujarat,2001,4.82,5.93,3.91,0.67,15.33,16.26
1006,Porbandar,Gujarat,2002,5.25,0.6,6.13,0.15,12.13,12.209999999999999
1006,Porbandar,Gujarat,2003,5.06,11.86,9.29,0.94,27.15,27.4
1006,Porbandar,Gujarat,2004,4.54,7.53,11.96,0.92,24.950000000000003,26.37
1006,Porbandar,Gujarat,2005,8.8,3.95,2.82,6.44,22.01,22.11
1006,Porbandar,Gujarat,2006,5.2,12.66,5.75,3.14,26.75,26.93
1006,Porbandar,Gujarat,2007,6.83,6.91,27.11,6.81,47.660000000000004,48.12
1006,Porbandar,Gujarat,2008,3.61,10.78,4.11,8.77,27.27,27.47
1006,Porbandar,Gujarat,2009,3.79,23.6,4.0,0.14,31.53,31.970000000000002
1006,Porbandar,Gujarat,2010,2.13,16.13,18.19,6.19,42.64,46.75
1006,Porbandar,Gujarat,2011,0.83,11.45,10.09,6.08,28.449999999999996,28.47
1006,Porbandar,Gujarat,2012,0.78,2.4,1.3,6.7,11.18,11.26
1006,Porbandar,Gujarat,2013,7.27,8.48,3.41,10.26,29.42,31.36
1006,Porbandar,Gujarat,2014,1.92,10.44,5.13,3.52,21.009999999999998,21.84
1006,Porbandar,Gujarat,2015,8.86,9.02,0.34,3.43,21.65,22.45
1006,Porbandar,Gujarat,2016,2.62,6.29,6.36,2.23,17.5,19.17
1006,Porbandar,Gujarat,2017,4.93,10.84,6.47,1.87,24.11,24.41
1006,Porbandar,Gujarat,2018,0.7,13.51,2.66,0.8,17.669999999999998,17.7
1006,Porbandar,Gujarat,2019,3.55,5.1,8.95,15.05,32.65,34.42
1007,Fatehabad,Haryana,1990,1.03,4.96,2.28,4.75,13.02,15.79
1007,Fatehabad,Haryana,1991,2.05,1.59,4.98,0.63,9.250000000000002,10.38
1007,Fatehabad,Haryana,1992,0.72,3.33,3.7,1.59,9.34,11.99
1007,Fatehabad,Haryana,1993,1.23,4.7,0.53,3.07,9.53,11.76
1007,Fatehabad,Haryana,1994,1.35,6.63,5.24,1.73,14.950000000000001,16.68
1007,Fatehabad,Haryana,1995,2.25,2.39,7.48,2.78,14.9,18.67
1007,Fatehabad,Haryana,1996,3.72,2.08,3.41,2.37,11.580000000000002,15.47
1007,Fatehabad,Haryana,1997,1.58,4.11,7.83,0.28,13.799999999999999,20.53
1007,Fatehabad,Haryana,1998,2.06,3.0,1.55,5.17,11.780000000000001,17.03
1007,Fatehabad,Haryana,1999,1.46,1.92,0.91,0.42,4.71,6.17
1007,Fatehabad,Haryana,2000,2.14,2.41,1.03,0.57,6.150000000000001,7.63
1007,Fatehabad,Haryana,2001,2.89,3.41,4.59,0.55,11.440000000000001,15.450000000000001
1007,Fatehabad,Haryana,2002,0.6,0.33,1.81,1.83,4.57,8.18
1007,Fatehabad,Haryana,2003,0.92,9.35,3.37,1.66,15.3,17.759999999999998
1007,Fatehabad,Haryana,2004,2.02,0.34,4.44,0.39,7.19,11.620000000000001
1007,Fatehabad,Haryana,2005,1.86,4.48,0.67,4.22,11.23,16.14
1007,Fatehabad,Haryana,2006,2.16,2.58,1.1,1.84,7.68,10.52
1007,Fatehabad,Haryana,2007,4.41,1.39,2.4,2.22,10.42,15.77
1007,Fatehabad,Haryana,2008,5.3,3.36,5.33,3.11,17.1,20.06
1007,Fatehabad,Haryana,2009,0.99,2.21,1.53,4.42,9.15,11.95
1007,Fatehabad,Haryana,2010,1.8,5.28,5.25,4.95,17.28,18.63
1007,Fatehabad,Haryana,2011,1.64,1.88,4.07,7.04,14.629999999999999,18.06
1007,Fatehabad,Haryana,2012,0.63,1.75,5.82,3.41,11.61,13.520000000000001
1007,Fatehabad,Haryana,2013,2.72,4.96,5.18,2.01,14.87,18.55
1007,Fatehabad,Haryana,2014,0.74,1.93,1.16,3.98,7.8100000000000005,11.469999999999999
1007,Fatehabad,Haryana,2015,3.26,4.9,3.94,1.13,13.23,19.59
1007,Fatehabad,Haryana,2016,2.33,6.58,3.19,0.29,12.389999999999999,15.07
1007,Fatehabad,Haryana,2017,6.12,2.04,2.83,1.64,12.63,16.62
1007,Fatehabad,Haryana,2018,3.37,5.52,1.81,4.86,15.560000000000002,17.3
1007,Fatehabad,Haryana,2019,1.68,5.67,3.15,1.5,12.0,17.49
1008,Jhajjar,Haryana,1990,1.87,5.1,7.21,7.06,21.24,26.57
1008,Jhajjar,Haryana,1991,1.75,2.75,9.35,3.2,17.05,19.58
1008,Jhajjar,Haryana,1992,0.42,2.91,4.92,2.99,11.24,13.530000000000001
1008,Jhajjar,Haryana,1993,3.31,8.53,3.28,5.57,20.689999999999998,22.64
1008,Jhajjar,Haryana,1994,1.79,11.08,7.24,0.76,20.87,22.79
1008,Jhajjar,Haryana,1995,1.36,2.03,11.36,5.12,19.87,23.62
1008,Jhajjar,Haryana,1996,4.64,4.54,7.92,4.29,21.39,24.39
1008,Jhajjar,Haryana,1997,2.57,2.93,5.55,1.73,12.780000000000001,19.14
1008,Jhajjar,Haryana,1998,4.26,3.4,5.27,5.77,18.7,23.36
1008,Jhajjar,Haryana,1999,1.86,3.12,1.91,2.12,9.010000000000002,11.14
1008,Jhajjar,Haryana,2000,3.92,5.18,3.57,0.78,13.45,16.12
1008,Jhajjar,Haryana,2001,3.57,3.56,3.42,1.13,11.68,15.34
1008,Jhajjar,Haryana,2002,1.25,0.3,3.12,4.82,9.49,14.96
1008,Jhajjar,Haryana,2003,3.79,15.23,4.85,2.28,26.15,29.01
1008,Jhajjar,Haryana,2004,2.13,0.96,7.69,0.41,11.190000000000001,16.8
1008,Jhajjar,Haryana,2005,2.18,6.02,2.76,6.22,17.18,20.43
1008,Jhajjar,Haryana,2006,3.11,6.06,2.57,3.03,14.77,17.64
1008,Jhajjar,Haryana,2007,4.48,4.04,5.52,2.4,16.439999999999998,22.46
1008,Jhajjar,Haryana,2008,3.74,4.77,7.03,4.6,20.14,25.34
1008,Jhajjar,Haryana,2009,0.87,3.94,4.67,5.49,14.97,18.39
1008,Jhajjar,Haryana,2010,0.59,7.89,9.54,7.62,25.64,28.07
1008,Jhajjar,Haryana,2011,2.76,3.5,5.54,6.79,18.59,21.54
1008,Jhajjar,Haryana,2012,0.5,3.24,10.38,2.19,16.310000000000002,18.07
1008,Jhajjar,Haryana,2013,4.11,8.57,9.06,3.11,24.85,31.03
1008,Jhajjar,Haryana,2014,1.16,3.11,4.39,2.09,10.75,16.29
1008,Jhajjar,Haryana,2015,2.32,6.73,5.85,0.87,15.77,21.21
1008,Jhajjar,Haryana,2016,1.74,10.4,5.15,1.02,18.31,20.310000000000002
1008,Jhajjar,Haryana,2017,5.01,3.87,4.71,3.58,17.17,20.03
1008,Jhajjar,Haryana,2018,2.04,10.29,4.39,6.08,22.799999999999997,24.4
1008,Jhajjar,Haryana,2019,0.42,5.93,5.13,2.13,13.61,19.63
1009,Panchkula,Haryana,1990,1.08,9.93,4.02,9.48,24.509999999999998,29.54
1009,Panchkula,Haryana,1991,7.51,3.3,11.66,4.37,26.84,29.19
1009,Panchkula,Haryana,1992,2.01,5.75,8.38,3.51,19.65,23.240000000000002
1009,Panchkula,Haryana,1993,2.72,12.43,4.75,6.92,26.82,32.38
1009,Panchkula,Haryana,1994,3.19,14.13,13.67,1.99,32.980000000000004,36.75
1009,Panchkula,Haryana,1995,3.31,5.76,11.99,4.6,25.660000000000004,30.8
1009,Panchkula,Haryana,1996,7.64,4.58,10.4,5.76,28.379999999999995,36.3
1009,Panchkula,Haryana,1997,3.67,6.04,10.67,1.5,21.880000000000003,30.68
1009,Panchkula,Haryana,1998,3.63,8.88,9.15,4.26,25.92,32.2
1009,Panchkula,Haryana,1999,3.09,5.28,3.42,3.59,15.38,17.58
1009,Panchkula,Haryana,2000,6.6,10.82,3.18,2.92,23.520000000000003,27.12
1009,Panchkula,Haryana,2001,5.61,8.68,7.67,1.5,23.46,28.89
1009,Panchkula,Haryana,2002,1.58,3.0,6.17,6.35,17.1,22.71
1009,Panchkula,Haryana,2003,2.59,12.31,8.51,5.12,28.53,33.87
1009,Panchkula,Haryana,2004,3.81,4.73,13.09,0.75,22.380000000000003,29.88
1009,Panchkula,Haryana,2005,3.2,8.58,4.64,7.27,23.69,28.9
1009,Panchkula,Haryana,2006,2.44,8.78,5.19,2.31,18.72,24.73
1009,Panchkula,Haryana,2007,2.77,6.78,9.49,2.42,21.46,29.48
1009,Panchkula,Haryana,2008,12.98,7.5,10.92,8.31,39.71,46.480000000000004
1009,Panchkula,Haryana,2009,2.26,7.3,5.72,6.2,21.479999999999997,27.419999999999998
1009,Panchkula,Haryana,2010,4.8,14.5,10.05,11.81,41.160000000000004,44.230000000000004
1009,Panchkula,Haryana,2011,7.93,8.94,10.56,9.27,36.7,40.93
1009,Panchkula,Haryana,2012,1.2,7.81,9.71,6.07,24.79,27.76
1009,Panchkula,Haryana,2013,10.89,12.6,11.9,2.93,38.32,46.14
1009,Panchkula,Haryana,2014,1.25,4.17,5.92,6.92,18.259999999999998,28.05
1009,Panchkula,Haryana,2015,3.95,12.49,8.48,2.41,27.330000000000002,36.85
1009,Panchkula,Haryana,2016,3.97,9.84,7.42,1.95,23.18,29.07
1009,Panchkula,Haryana,2017,6.94,8.13,11.29,6.04,32.4,40.27
1009,Panchkula,Haryana,2018,6.65,12.94,11.72,10.22,41.53,46.7
1009,Panchkula,Haryana,2019,1.88,9.97,9.93,5.9,27.68,37.36
1010,Bagalkote,Karnataka,1990,4.26,2.26,3.99,2.37,12.879999999999999,18.43
1010,Bagalkote,Karnataka,1991,7.28,4.07,2.28,2.6,16.23,18.57
1010,Bagalkote,Karnataka,1992,3.79,2.47,2.62,2.75,11.629999999999999,17.35
1010,Bagalkote,Karnataka,1993,1.8,4.52,3.39,3.09,12.799999999999999,21.62
1010,Bagalkote,Karnataka,1994,3.02,3.72,3.13,1.07,10.940000000000001,19.37
1010,Bagalkote,Karnataka,1995,2.65,3.31,2.26,2.82,11.04,18.95
1010,Bagalkote,Karnataka,1996,4.77,2.25,4.12,5.13,16.27,23.29
1010,Bagalkote,Karnataka,1997,3.25,2.5,3.05,1.08,9.88,16.37
1010,Bagalkote,Karnataka,1998,3.16,3.02,4.58,5.91,16.67,22.52
1010,Bagalkote,Karnataka,1999,2.75,2.72,1.52,1.83,8.82,13.91
1010,Bagalkote,Karnataka,2000,3.66,2.95,4.05,2.9,13.56,18.37
1010,Bagalkote,Karnataka,2001,1.64,2.25,2.21,3.68,9.78,14.68
1010,Bagalkote,Karnataka,2002,2.43,1.38,3.61,1.31,8.73,13.39
1010,Bagalkote,Karnataka,2003,1.53,1.15,2.19,1.25,6.119999999999999,11.11
1010,Bagalkote,Karnataka,2004,2.87,3.06,2.19,4.04,12.16,16.81
1010,Bagalkote,Karnataka,2005,3.48,6.63,3.85,3.92,17.88,24.28
1010,Bagalkote,Karnataka,2006,4.59,2.87,2.41,3.76,13.63,21.39
1010,Bagalkote,Karnataka,2007,5.22,3.79,3.46,6.24,18.71,21.65
1010,Bagalkote,Karnataka,2008,1.42,2.65,3.84,3.56,11.47,19.759999999999998
1010,Bagalkote,Karnataka,2009,2.66,3.19,2.85,4.81,13.509999999999998,20.14
1010,Bagalkote,Karnataka,2010,2.46,3.85,4.0,3.31,13.620000000000001,19.1
1010,Bagalkote,Karnataka,2011,1.56,3.05,3.79,1.42,9.819999999999999,14.39
1010,Bagalkote,Karnataka,2012,0.91,1.53,1.89,2.21,6.54,10.52
1010,Bagalkote,Karnataka,2013,2.05,2.84,1.69,5.0,11.58,15.879999999999999
1010,Bagalkote,Karnataka,2014,0.73,3.1,4.05,1.44,9.32,16.66
1010,Bagalkote,Karnataka,2015,1.25,0.61,2.96,3.07,7.890000000000001,12.0
1010,Bagalkote,Karnataka,2016,2.83,5.49,1.99,3.71,14.02,16.29
1010,Bagalkote,Karnataka,2017,3.0,2.41,2.82,6.4,14.63,20.07
1010,Bagalkote,Karnataka,2018,3.68,1.51,2.2,3.51,10.9,15.5
1010,Bagalkote,Karnataka,2019,2.56,2.94,4.4,3.94,13.84,21.52
1012,Davanagere,Karnataka,1990,8.8,9.91,9.08,2.43,30.22,38.29
1012,Davanagere,Karnataka,1991,18.16,14.58,9.17,3.37,45.28,50.07
1012,Davanagere,Karnataka,1992,14.43,10.46,10.79,4.2,39.88,51.99
1012,Davanagere,Karnataka,1993,8.08,16.51,8.33,3.89,36.81,50.120000000000005
1012,Davanagere,Karnataka,1994,12.7,18.77,9.82,3.35,44.64,59.12
1012,Davanagere,Karnataka,1995,9.06,14.58,8.07,4.27,35.980000000000004,47.08
1012,Davanagere,Karnataka,1996,16.02,10.27,8.61,8.29,43.19,53.309999999999995
1012,Davanagere,Karnataka,1997,19.22,13.95,12.07,1.33,46.57,53.8
1012,Davanagere,Karnataka,1998,12.41,10.11,10.38,8.07,40.97,49.68
1012,Davanagere,Karnataka,1999,9.61,13.53,5.15,4.12,32.41,45.83
1012,Davanagere,Karnataka,2000,14.33,10.62,9.1,5.34,39.39,47.879999999999995
1012,Davanagere,Karnataka,2001,7.72,11.53,7.21,4.15,30.61,39.589999999999996
1012,Davanagere,Karnataka,2002,9.9,4.38,9.89,2.47,26.64,36.32
1012,Davanagere,Karnataka,2003,10.34,7.71,6.46,2.23,26.740000000000002,34.57
1012,Davanagere,Karnataka,2004,8.46,10.87,8.46,4.76,32.55,45.31
1012,Davanagere,Karnataka,2005,12.03,20.63,8.65,7.46,48.769999999999996,58.31
1012,Davanagere,Karnataka,2006,12.73,9.38,7.43,8.87,38.41,53.21
1012,Davanagere,Karnataka,2007,17.44,11.64,12.95,13.55,55.58,65.16
1012,Davanagere,Karnataka,2008,9.56,8.69,11.6,6.17,36.02,47.52
1012,Davanagere,Karnataka,2009,10.1,17.5,8.02,10.25,45.870000000000005,59.85
1012,Davanagere,Karnataka,2010,11.09,20.37,10.46,10.04,51.96,68.51
1012,Davanagere,Karnataka,2011,8.97,14.0,14.12,6.27,43.36,50.28
1012,Davanagere,Karnataka,2012,11.74,8.15,13.23,5.46,38.580000000000005,47.52
1012,Davanagere,Karnataka,2013,11.7,15.39,7.77,8.29,43.15,53.48
1012,Davanagere,Karnataka,2014,7.14,14.99,17.4,5.11,44.64,56.42
1012,Davanagere,Karnataka,2015,4.56,3.38,6.06,4.92,18.92,28.25
1012,Davanagere,Karnataka,2016,6.05,5.85,2.62,2.59,17.11,21.43
1012,Davanagere,Karnataka,2017,4.16,4.2,3.65,5.45,17.46,24.24
1012,Davanagere,Karnataka,2018,5.15,3.55,3.18,1.5,13.379999999999999,20.02
1012,Davanagere,Karnataka,2019,4.43,5.28,7.88,6.58,24.17,36.15
1013,Gadag,Karnataka,1990,2.24,2.71,2.52,0.86,8.33,13.24
1013,Gadag,Karnataka,1991,8.08,3.49,2.87,3.05,17.490000000000002,21.12
1013,Gadag,Karnataka,1992,4.76,2.48,2.69,2.35,12.28,21.28
1013,Gadag,Karnataka,1993,2.32,3.72,3.25,2.68,11.969999999999999,22.89
1013,Gadag,Karnataka,1994,3.1,4.58,3.43,1.18,12.29,23.87
1013,Gadag,Karnataka,1995,2.21,3.64,2.38,2.15,10.38,18.68
1013,Gadag,Karnataka,1996,6.05,2.02,4.24,5.8,18.11,26.1
1013,Gadag,Karnataka,1997,4.7,2.43,3.11,1.05,11.290000000000001,18.09
1013,Gadag,Karnataka,1998,3.0,2.8,4.86,4.59,15.25,20.69
1013,Gadag,Karnataka,1999,2.23,2.65,2.11,2.26,9.25,16.37
1013,Gadag,Karnataka,2000,5.8,3.56,3.05,3.37,15.780000000000001,21.23
1013,Gadag,Karnataka,2001,1.51,2.88,2.43,2.68,9.5,15.67
1013,Gadag,Karnataka,2002,2.23,1.08,4.35,1.15,8.81,13.809999999999999
1013,Gadag,Karnataka,2003,1.85,1.29,1.85,1.06,6.050000000000001,13.27
1013,Gadag,Karnataka,2004,2.52,2.93,2.48,4.29,12.219999999999999,18.5
1013,Gadag,Karnataka,2005,4.67,8.78,3.24,3.96,20.65,29.12
1013,Gadag,Karnataka,2006,5.92,3.17,2.22,3.18,14.49,24.17
1013,Gadag,Karnataka,2007,5.74,5.81,3.29,8.51,23.35,29.02
1013,Gadag,Karnataka,2008,1.81,2.92,3.64,2.93,11.3,24.25
1013,Gadag,Karnataka,2009,3.81,3.75,3.48,6.44,17.48,26.8
1013,Gadag,Karnataka,2010,3.35,4.91,5.73,4.36,18.35,28.09
1013,Gadag,Karnataka,2011,2.05,3.11,5.11,1.55,11.82,17.66
1013,Gadag,Karnataka,2012,2.01,2.14,2.42,3.03,9.6,17.35
1013,Gadag,Karnataka,2013,2.93,2.87,1.7,5.44,12.940000000000001,20.650000000000002
1013,Gadag,Karnataka,2014,1.62,4.51,6.13,2.17,14.43,24.14
1013,Gadag,Karnataka,2015,2.81,1.18,6.54,2.96,13.490000000000002,19.53
1013,Gadag,Karnataka,2016,3.61,4.92,2.45,2.91,13.89,17.71
1013,Gadag,Karnataka,2017,3.23,2.6,3.4,6.39,15.620000000000001,20.79
1013,Gadag,Karnataka,2018,4.27,1.97,1.97,3.76,11.969999999999999,19.11
1013,Gadag,Karnataka,2019,3.64,3.98,6.83,4.28,18.73,29.34
1014,Haveri,Karnataka,1990,8.8,9.91,9.08,2.43,30.22,38.29
1014,Haveri,Karnataka,1991,18.16,14.58,9.17,3.37,45.28,50.07
1014,Haveri,Karnataka,1992,14.43,10.46,10.79,4.2,39.88,51.99
1014,Haveri,Karnataka,1993,8.08,16.51,8.33,3.89,36.81,50.120000000000005
1014,Haveri,Karnataka,1994,12.7,18.77,9.82,3.35,44.64,59.12
1014,Haveri,Karnataka,1995,9.06,14.58,8.07,4.27,35.980000000000004,47.08
1014,Haveri,Karnataka,1996,16.02,10.27,8.61,8.29,43.19,53.309999999999995
1014,Haveri,Karnataka,1997,19.22,13.95,12.07,1.33,46.57,53.8
1014,Haveri,Karnataka,1998,12.41,10.11,10.38,8.07,40.97,49.68
1014,Haveri,Karnataka,1999,9.61,13.53,5.15,4.12,32.41,45.83
1014,Haveri,Karnataka,2000,14.33,10.62,9.1,5.34,39.39,47.879999999999995
1014,Haveri,Karnataka,2001,7.72,11.53,7.21,4.15,30.61,39.589999999999996
1014,Haveri,Karnataka,2002,9.9,4.38,9.89,2.47,26.64,36.32
1014,Haveri,Karnataka,2003,10.34,7.71,6.46,2.23,26.740000000000002,34.57
1014,Haveri,Karnataka,2004,8.46,10.87,8.46,4.76,32.55,45.31
1014,Haveri,Karnataka,2005,12.03,20.63,8.65,7.46,48.769999999999996,58.31
1014,Haveri,Karnataka,2006,12.73,9.38,7.43,8.87,38.41,53.21
1014,Haveri,Karnataka,2007,17.44,11.64,12.95,13.55,55.58,65.16
1014,Haveri,Karnataka,2008,9.56,8.69,11.6,6.17,36.02,47.52
1014,Haveri,Karnataka,2009,10.1,17.5,8.02,10.25,45.870000000000005,59.85
1014,Haveri,Karnataka,2010,11.09,20.37,10.46,10.04,51.96,68.51
1014,Haveri,Karnataka,2011,8.97,14.0,14.12,6.27,43.36,50.28
1014,Haveri,Karnataka,2012,11.74,8.15,13.23,5.46,38.580000000000005,47.52
1014,Haveri,Karnataka,2013,11.7,15.39,7.77,8.29,43.15,53.48
1014,Haveri,Karnataka,2014,7.14,14.99,17.4,5.11,44.64,56.42
1014,Haveri,Karnataka,2015,4.56,3.38,6.06,4.92,18.92,28.25
1014,Haveri,Karnataka,2016,6.05,5.85,2.62,2.59,17.11,21.43
1014,Haveri,Karnataka,2017,4.16,4.2,3.65,5.45,17.46,24.24
1014,Haveri,Karnataka,2018,5.15,3.55,3.18,1.5,13.379999999999999,20.02
1014,Haveri,Karnataka,2019,4.43,5.28,7.88,6.58,24.17,36.15
1015,Koppal,Karnataka,1990,1.91,2.0,2.04,1.09,7.04,12.52
1015,Koppal,Karnataka,1991,6.67,2.25,2.22,2.97,14.110000000000001,18.04
1015,Koppal,Karnataka,1992,3.9,2.13,2.39,1.82,10.24,18.97
1015,Koppal,Karnataka,1993,1.71,2.65,3.25,2.89,10.5,20.68
1015,Koppal,Karnataka,1994,1.98,3.51,2.66,1.16,9.31,20.72
1015,Koppal,Karnataka,1995,1.95,3.2,2.96,2.36,10.469999999999999,18.16
1015,Koppal,Karnataka,1996,5.04,1.35,4.08,6.27,16.740000000000002,24.89
1015,Koppal,Karnataka,1997,4.43,1.45,2.04,1.71,9.629999999999999,17.13
1015,Koppal,Karnataka,1998,1.91,2.58,4.78,5.11,14.379999999999999,20.22
1015,Koppal,Karnataka,1999,1.33,1.66,2.33,3.07,8.39,15.31
1015,Koppal,Karnataka,2000,5.06,2.54,3.3,3.3,14.2,19.54
1015,Koppal,Karnataka,2001,1.24,2.28,2.14,3.81,9.47,15.82
1015,Koppal,Karnataka,2002,1.54,0.96,3.57,1.38,7.45,13.42
1015,Koppal,Karnataka,2003,1.3,1.01,1.94,1.13,5.38,12.38
1015,Koppal,Karnataka,2004,1.51,2.91,1.59,4.47,10.48,17.24
1015,Koppal,Karnataka,2005,3.31,7.69,3.15,3.54,17.69,27.46
1015,Koppal,Karnataka,2006,4.61,2.2,1.4,3.3,11.510000000000002,21.12
1015,Koppal,Karnataka,2007,5.66,4.38,3.02,8.25,21.31,27.41
1015,Koppal,Karnataka,2008,1.39,2.71,3.47,3.04,10.61,23.45
1015,Koppal,Karnataka,2009,3.22,1.95,3.81,6.67,15.65,24.01
1015,Koppal,Karnataka,2010,2.26,4.31,5.02,3.51,15.1,24.33
1015,Koppal,Karnataka,2011,1.46,2.27,3.57,0.89,8.19,13.12
1015,Koppal,Karnataka,2012,1.07,1.91,1.79,2.82,7.59,15.26
1015,Koppal,Karnataka,2013,2.36,1.8,1.27,5.48,10.91,18.47
1015,Koppal,Karnataka,2014,1.11,2.84,5.23,2.24,11.42,20.740000000000002
1015,Koppal,Karnataka,2015,1.66,0.89,4.74,3.73,11.02,16.72
1015,Koppal,Karnataka,2016,3.24,3.69,1.62,3.53,12.08,15.53
1015,Koppal,Karnataka,2017,3.34,1.85,2.99,5.51,13.69,19.46
1015,Koppal,Karnataka,2018,3.06,0.84,1.51,2.59,8.0,12.95
1015,Koppal,Karnataka,2019,2.28,2.08,4.22,4.49,13.069999999999999,21.78
1016,Udupi,Karnataka,1990,22.82,24.17,28.23,6.34,81.56,100.24
1016,Udupi,Karnataka,1991,39.46,40.48,23.81,2.69,106.44,112.27
1016,Udupi,Karnataka,1992,28.24,32.54,27.65,9.43,97.86000000000001,114.95
1016,Udupi,Karnataka,1993,22.31,49.41,18.71,5.98,96.41000000000001,116.63
1016,Udupi,Karnataka,1994,43.76,45.65,25.76,6.01,121.18,139.49
1016,Udupi,Karnataka,1995,28.78,39.69,20.71,8.88,98.06,113.82
1016,Udupi,Karnataka,1996,31.05,28.75,15.78,10.73,86.31,95.58
1016,Udupi,Karnataka,1997,35.51,46.57,32.36,3.19,117.63,124.1
1016,Udupi,Karnataka,1998,35.91,29.07,15.89,19.35,100.22,114.66
1016,Udupi,Karnataka,1999,26.28,38.59,14.85,5.58,85.3,113.11
1016,Udupi,Karnataka,2000,31.07,18.13,17.79,3.89,70.88000000000001,83.67999999999999
1016,Udupi,Karnataka,2001,30.9,29.18,18.32,8.01,86.41000000000001,106.89
1016,Udupi,Karnataka,2002,22.84,13.76,16.11,6.07,58.78,80.67
1016,Udupi,Karnataka,2003,37.71,24.37,16.2,5.3,83.58,92.98
1016,Udupi,Karnataka,2004,23.71,25.57,21.68,3.59,74.55000000000001,98.91
1016,Udupi,Karnataka,2005,27.56,36.92,19.14,12.06,95.68,108.09
1016,Udupi,Karnataka,2006,27.51,25.54,16.98,16.51,86.54,114.14
1016,Udupi,Karnataka,2007,38.92,21.64,26.56,24.11,111.23,124.1
1016,Udupi,Karnataka,2008,30.51,20.0,21.88,8.85,81.24,95.99
1016,Udupi,Karnataka,2009,20.06,46.08,21.08,15.22,102.44,121.7
1016,Udupi,Karnataka,2010,27.11,46.88,22.17,20.08,116.24000000000001,142.81
1016,Udupi,Karnataka,2011,24.28,34.31,29.65,15.31,103.55000000000001,117.21000000000001
1016,Udupi,Karnataka,2012,26.7,19.54,33.72,12.09,92.05,103.92999999999999
1016,Udupi,Karnataka,2013,37.34,41.0,21.74,12.64,112.72,127.71000000000001
1016,Udupi,Karnataka,2014,18.2,38.2,35.09,11.38,102.87,115.37
1016,Udupi,Karnataka,2015,25.28,27.65,20.74,12.7,86.37,103.55
1016,Udupi,Karnataka,2016,35.09,27.58,18.7,9.44,90.81,97.61
1016,Udupi,Karnataka,2017,22.12,23.12,20.66,9.29,75.19,84.68
1016,Udupi,Karnataka,2018,22.99,26.92,22.18,2.0,74.09,84.98
1016,Udupi,Karnataka,2019,14.56,28.14,38.56,19.01,100.27000000000001,120.37
1017,S.B.S Nagar,Punjab,1990,0.83,4.77,4.7,5.82,16.12,21.64
1017,S.B.S Nagar,Punjab,1991,2.45,2.15,5.18,1.48,11.26,13.15
1017,S.B.S Nagar,Punjab,1992,0.83,3.21,5.52,3.46,13.02,17.95
1017,S.B.S Nagar,Punjab,1993,1.48,10.73,0.7,2.74,15.65,19.36
1017,S.B.S Nagar,Punjab,1994,1.64,5.59,6.51,2.53,16.27,19.98
1017,S.B.S Nagar,Punjab,1995,1.96,3.91,9.34,2.43,17.64,23.52
1017,S.B.S Nagar,Punjab,1996,6.74,3.08,8.35,2.1,20.270000000000003,25.65
1017,S.B.S Nagar,Punjab,1997,2.16,4.05,6.71,0.46,13.38,19.07
1017,S.B.S Nagar,Punjab,1998,1.39,3.63,2.36,1.46,8.84,11.67
1017,S.B.S Nagar,Punjab,1999,1.84,2.0,3.67,1.72,9.23,10.83
1017,S.B.S Nagar,Punjab,2000,3.03,5.15,1.63,1.36,11.169999999999998,13.68
1017,S.B.S Nagar,Punjab,2001,2.69,6.89,2.29,0.84,12.71,15.54
1017,S.B.S Nagar,Punjab,2002,0.85,1.96,3.62,3.58,10.01,12.370000000000001
1017,S.B.S Nagar,Punjab,2003,1.75,5.94,3.86,1.83,13.38,18.2
1017,S.B.S Nagar,Punjab,2004,2.0,2.87,5.7,0.23,10.8,15.620000000000001
1017,S.B.S Nagar,Punjab,2005,2.85,4.55,2.34,3.73,13.47,19.07
1017,S.B.S Nagar,Punjab,2006,2.61,6.77,2.9,4.43,16.71,21.18
1017,S.B.S Nagar,Punjab,2007,3.42,1.88,3.86,1.5,10.66,16.919999999999998
1017,S.B.S Nagar,Punjab,2008,6.97,5.0,9.87,3.74,25.58,30.41
1017,S.B.S Nagar,Punjab,2009,0.8,3.57,3.66,2.36,10.39,14.7
1017,S.B.S Nagar,Punjab,2010,2.21,7.58,4.19,5.23,19.21,20.89
1017,S.B.S Nagar,Punjab,2011,4.01,4.04,7.21,4.56,19.82,22.49
1017,S.B.S Nagar,Punjab,2012,0.39,3.16,3.79,4.65,11.99,15.13
1017,S.B.S Nagar,Punjab,2013,3.53,6.2,9.5,0.9,20.13,25.65
1017,S.B.S Nagar,Punjab,2014,1.42,3.05,1.27,10.16,15.9,21.91
1017,S.B.S Nagar,Punjab,2015,3.03,7.79,4.26,3.0,18.08,27.02
1017,S.B.S Nagar,Punjab,2016,3.11,6.74,5.07,1.44,16.36,20.52
1017,S.B.S Nagar,Punjab,2017,4.83,5.42,7.03,2.37,19.650000000000002,25.69
1017,S.B.S Nagar,Punjab,2018,5.43,9.67,4.63,7.96,27.69,30.9
1017,S.B.S Nagar,Punjab,2019,1.52,7.63,9.52,4.19,22.860000000000003,31.77
1018,Shri Mukatsar Sahib,Punjab,1990,0.65,3.44,4.02,4.24,12.35,16.71
1018,Shri Mukatsar Sahib,Punjab,1991,1.23,1.25,3.49,0.64,6.61,8.040000000000001
1018,Shri Mukatsar Sahib,Punjab,1992,0.51,2.47,4.25,2.94,10.17,13.98
1018,Shri Mukatsar Sahib,Punjab,1993,0.93,5.62,0.52,1.64,8.71,11.24
1018,Shri Mukatsar Sahib,Punjab,1994,1.08,3.76,3.82,2.31,10.97,13.7
1018,Shri Mukatsar Sahib,Punjab,1995,1.5,2.78,6.24,1.33,11.85,16.87
1018,Shri Mukatsar Sahib,Punjab,1996,4.63,2.39,5.88,1.07,13.969999999999999,17.56
1018,Shri Mukatsar Sahib,Punjab,1997,1.4,2.43,4.07,0.49,8.39,13.07
1018,Shri Mukatsar Sahib,Punjab,1998,1.09,2.32,1.17,1.54,6.12,8.61
1018,Shri Mukatsar Sahib,Punjab,1999,1.2,1.36,1.58,0.68,4.82,6.21
1018,Shri Mukatsar Sahib,Punjab,2000,1.49,2.54,0.89,0.56,5.48,7.21
1018,Shri Mukatsar Sahib,Punjab,2001,1.95,4.06,1.89,0.55,8.45,10.65
1018,Shri Mukatsar Sahib,Punjab,2002,0.51,0.73,1.95,1.51,4.7,6.67
1018,Shri Mukatsar Sahib,Punjab,2003,1.09,5.34,2.44,1.67,10.54,13.469999999999999
1018,Shri Mukatsar Sahib,Punjab,2004,2.29,1.82,2.58,0.19,6.880000000000001,10.280000000000001
1018,Shri Mukatsar Sahib,Punjab,2005,1.5,3.08,1.06,2.35,7.99,13.03
1018,Shri Mukatsar Sahib,Punjab,2006,3.01,3.18,1.69,2.12,10.0,13.36
1018,Shri Mukatsar Sahib,Punjab,2007,3.56,1.53,1.56,2.12,8.77,13.120000000000001
1018,Shri Mukatsar Sahib,Punjab,2008,4.34,3.51,5.95,1.5,15.3,18.13
1018,Shri Mukatsar Sahib,Punjab,2009,0.62,2.36,2.66,1.74,7.380000000000001,10.61
1018,Shri Mukatsar Sahib,Punjab,2010,1.44,4.51,4.78,3.28,14.01,15.06
1018,Shri Mukatsar Sahib,Punjab,2011,2.14,1.83,4.74,4.85,13.56,16.11
1018,Shri Mukatsar Sahib,Punjab,2012,0.37,2.04,2.57,5.1,10.08,12.209999999999999
1018,Shri Mukatsar Sahib,Punjab,2013,2.03,3.98,4.13,0.42,10.56,14.42
1018,Shri Mukatsar Sahib,Punjab,2014,0.84,2.23,0.5,7.88,11.45,15.36
1018,Shri Mukatsar Sahib,Punjab,2015,1.32,3.73,2.7,2.71,10.46,15.49
1018,Shri Mukatsar Sahib,Punjab,2016,1.64,4.17,3.95,0.32,10.08,12.03
1018,Shri Mukatsar Sahib,Punjab,2017,3.54,2.7,2.1,1.37,9.71,12.75
1018,Shri Mukatsar Sahib,Punjab,2018,3.15,5.96,0.77,2.27,12.149999999999999,13.47
1018,Shri Mukatsar Sahib,Punjab,2019,1.14,4.6,2.59,1.72,10.049999999999999,15.84
1019,Moga,Punjab,1990,0.79,3.98,5.06,5.33,15.159999999999998,20.74
1019,Moga,Punjab,1991,1.51,1.89,4.19,0.99,8.58,10.370000000000001
1019,Moga,Punjab,1992,0.64,2.82,5.18,3.46,12.100000000000001,17.04
1019,Moga,Punjab,1993,1.3,9.11,0.68,2.02,13.11,16.36
1019,Moga,Punjab,1994,1.39,3.98,4.85,2.63,12.849999999999998,16.509999999999998
1019,Moga,Punjab,1995,1.58,3.61,8.37,2.01,15.569999999999999,21.56
1019,Moga,Punjab,1996,6.37,3.03,8.32,1.34,19.06,23.57
1019,Moga,Punjab,1997,1.83,3.64,5.22,0.52,11.21,16.52
1019,Moga,Punjab,1998,1.03,3.03,1.57,1.11,6.74,9.2
1019,Moga,Punjab,1999,1.69,1.35,3.25,1.36,7.65,9.17
1019,Moga,Punjab,2000,2.0,3.58,1.39,1.03,8.0,10.28
1019,Moga,Punjab,2001,2.47,6.66,1.6,0.81,11.540000000000001,13.91
1019,Moga,Punjab,2002,0.78,1.61,3.19,2.77,8.35,10.31
1019,Moga,Punjab,2003,1.62,4.76,3.1,1.44,10.92,15.54
1019,Moga,Punjab,2004,2.11,3.17,3.96,0.2,9.439999999999998,13.52
1019,Moga,Punjab,2005,2.64,4.3,2.12,3.1,12.159999999999998,17.88
1019,Moga,Punjab,2006,2.93,6.07,2.72,4.28,16.0,20.32
1019,Moga,Punjab,2007,3.68,1.78,2.97,1.64,10.07,15.71
1019,Moga,Punjab,2008,5.32,4.89,9.12,2.37,21.7,25.74
1019,Moga,Punjab,2009,0.58,2.98,3.31,1.64,8.51,12.56
1019,Moga,Punjab,2010,1.49,6.34,4.02,4.19,16.04,17.5
1019,Moga,Punjab,2011,3.4,3.24,6.55,3.79,16.98,19.5
1019,Moga,Punjab,2012,0.3,2.43,3.32,4.8,10.85,13.93
1019,Moga,Punjab,2013,2.92,5.09,8.24,0.62,16.87,21.91
1019,Moga,Punjab,2014,1.42,3.02,0.91,10.15,15.5,20.73
1019,Moga,Punjab,2015,2.15,5.22,3.47,2.78,13.62,21.33
1019,Moga,Punjab,2016,2.74,5.99,4.43,0.86,14.02,16.98
1019,Moga,Punjab,2017,4.72,4.6,4.26,1.47,15.05,20.029999999999998
1019,Moga,Punjab,2018,3.99,8.44,2.38,5.61,20.419999999999998,22.82
1019,Moga,Punjab,2019,1.22,6.91,5.68,3.2,17.01,24.72
1020,Karoli,Rajasthan,1990,1.62,6.76,7.04,5.36,20.779999999999998,25.03
1020,Karoli,Rajasthan,1991,1.13,4.01,8.55,3.68,17.37,18.79
1020,Karoli,Rajasthan,1992,0.32,4.78,6.1,4.06,15.259999999999998,17.4
1020,Karoli,Rajasthan,1993,3.24,6.85,3.39,6.46,19.94,21.51
1020,Karoli,Rajasthan,1994,2.06,10.16,6.78,1.69,20.69,22.48
1020,Karoli,Rajasthan,1995,1.05,3.93,12.17,3.74,20.89,23.490000000000002
1020,Karoli,Rajasthan,1996,3.91,5.23,7.78,4.98,21.900000000000002,24.66
1020,Karoli,Rajasthan,1997,1.74,4.07,5.22,1.58,12.610000000000001,18.19
1020,Karoli,Rajasthan,1998,2.44,5.73,4.16,5.45,17.78,20.71
1020,Karoli,Rajasthan,1999,0.92,3.19,3.47,1.88,9.46,11.07
1020,Karoli,Rajasthan,2000,2.25,4.59,2.85,0.75,10.44,12.12
1020,Karoli,Rajasthan,2001,2.51,4.88,2.78,0.77,10.94,13.51
1020,Karoli,Rajasthan,2002,1.03,0.23,2.93,3.34,7.53,11.35
1020,Karoli,Rajasthan,2003,2.94,9.19,4.07,2.61,18.81,20.93
1020,Karoli,Rajasthan,2004,1.41,2.81,9.24,1.19,14.65,18.94
1020,Karoli,Rajasthan,2005,2.21,6.61,1.45,3.58,13.85,15.65
1020,Karoli,Rajasthan,2006,3.35,5.52,2.22,1.93,13.02,15.07
1020,Karoli,Rajasthan,2007,2.77,3.85,5.49,2.11,14.219999999999999,18.11
1020,Karoli,Rajasthan,2008,3.88,5.32,4.76,3.66,17.619999999999997,20.59
1020,Karoli,Rajasthan,2009,1.16,3.56,3.77,3.26,11.75,15.31
1020,Karoli,Rajasthan,2010,0.68,5.98,8.28,5.04,19.98,22.64
1020,Karoli,Rajasthan,2011,3.43,3.99,6.14,5.54,19.099999999999998,21.02
1020,Karoli,Rajasthan,2012,0.25,4.99,12.68,3.07,20.990000000000002,22.3
1020,Karoli,Rajasthan,2013,4.8,6.93,10.45,2.85,25.03,30.389999999999997
1020,Karoli,Rajasthan,2014,0.66,4.15,6.24,1.93,12.98,17.650000000000002
1020,Karoli,Rajasthan,2015,1.55,4.49,4.94,0.88,11.860000000000001,17.68
1020,Karoli,Rajasthan,2016,1.85,12.19,5.94,0.87,20.85,22.29
1020,Karoli,Rajasthan,2017,3.3,2.96,3.74,2.11,12.11,14.53
1020,Karoli,Rajasthan,2018,2.17,9.42,5.7,4.34,21.63,23.9
1020,Karoli,Rajasthan,2019,0.38,5.13,6.68,3.39,15.58,19.64
1022,Karur,Tamil Nadu,1990,0.24,0.98,1.41,4.54,7.17,17.22
1022,Karur,Tamil Nadu,1991,5.25,0.67,2.16,5.58,13.66,24.169999999999998
1022,Karur,Tamil Nadu,1992,1.88,1.82,0.93,6.19,10.82,23.31
1022,Karur,Tamil Nadu,1993,2.5,2.33,1.31,1.79,7.930000000000001,29.42
1022,Karur,Tamil Nadu,1994,0.43,2.22,0.5,3.05,6.2,24.39
1022,Karur,Tamil Nadu,1995,2.04,2.02,2.23,2.18,8.47,20.74
1022,Karur,Tamil Nadu,1996,3.49,0.92,4.02,3.89,12.32,28.0
1022,Karur,Tamil Nadu,1997,2.07,1.09,0.76,3.1,7.02,27.45
1022,Karur,Tamil Nadu,1998,0.39,1.69,4.56,3.99,10.629999999999999,25.259999999999998
1022,Karur,Tamil Nadu,1999,1.24,0.69,1.19,1.49,4.61,22.39
1022,Karur,Tamil Nadu,2000,0.49,3.27,1.77,4.52,10.049999999999999,26.8
1022,Karur,Tamil Nadu,2001,0.9,3.45,1.29,3.66,9.3,22.62
1022,Karur,Tamil Nadu,2002,3.06,0.21,0.62,1.48,5.37,18.2
1022,Karur,Tamil Nadu,2003,0.6,2.19,3.04,2.97,8.8,24.19
1022,Karur,Tamil Nadu,2004,0.59,3.47,0.79,8.19,13.04,31.92
1022,Karur,Tamil Nadu,2005,0.25,0.95,1.58,2.86,5.640000000000001,36.18
1022,Karur,Tamil Nadu,2006,0.86,0.31,3.94,2.55,7.659999999999999,24.1
1022,Karur,Tamil Nadu,2007,1.33,2.3,2.94,1.47,8.040000000000001,24.939999999999998
1022,Karur,Tamil Nadu,2008,0.62,3.9,4.59,1.08,10.19,33.75
1022,Karur,Tamil Nadu,2009,0.63,0.76,1.82,2.24,5.45,19.63
1022,Karur,Tamil Nadu,2010,2.49,1.69,3.34,3.01,10.53,32.02
1022,Karur,Tamil Nadu,2011,0.57,2.02,2.6,4.43,9.62,27.27
1022,Karur,Tamil Nadu,2012,1.99,1.43,2.73,3.32,9.47,21.86
1022,Karur,Tamil Nadu,2013,1.25,0.49,3.4,4.1,9.239999999999998,20.0
1022,Karur,Tamil Nadu,2014,1.33,0.53,2.8,2.43,7.09,21.29
1022,Karur,Tamil Nadu,2015,2.26,0.48,2.11,2.91,7.76,28.38
1022,Karur,Tamil Nadu,2016,1.08,2.61,1.22,0.43,5.34,12.4
1022,Karur,Tamil Nadu,2017,0.98,1.23,3.23,6.18,11.62,25.35
1022,Karur,Tamil Nadu,2018,1.32,1.83,1.47,4.18,8.8,22.25
1022,Karur,Tamil Nadu,2019,1.58,1.14,3.33,5.38,11.43,25.21
1023,Namakkal,Tamil Nadu,1990,0.45,1.05,2.2,4.55,8.25,19.52
1023,Namakkal,Tamil Nadu,1991,4.94,0.84,2.49,5.11,13.379999999999999,25.630000000000003
1023,Namakkal,Tamil Nadu,1992,2.13,1.89,1.17,5.93,11.12,23.15
1023,Namakkal,Tamil Nadu,1993,2.74,2.32,1.64,2.5,9.2,30.48
1023,Namakkal,Tamil Nadu,1994,0.64,2.45,0.82,2.64,6.550000000000001,23.73
1023,Namakkal,Tamil Nadu,1995,1.81,2.19,2.96,2.76,9.719999999999999,22.06
1023,Namakkal,Tamil Nadu,1996,4.44,0.9,4.68,4.63,14.649999999999999,30.93
1023,Namakkal,Tamil Nadu,1997,1.89,1.31,1.39,3.48,8.07,30.23
1023,Namakkal,Tamil Nadu,1998,0.57,2.39,5.0,4.37,12.33,28.1
1023,Namakkal,Tamil Nadu,1999,1.6,1.13,1.38,2.21,6.319999999999999,24.2
1023,Namakkal,Tamil Nadu,2000,0.86,3.19,2.45,4.64,11.14,28.14
1023,Namakkal,Tamil Nadu,2001,1.03,3.45,1.49,4.18,10.15,24.509999999999998
1023,Namakkal,Tamil Nadu,2002,3.12,0.39,0.76,1.91,6.180000000000001,19.44
1023,Namakkal,Tamil Nadu,2003,0.87,2.2,3.18,2.78,9.03,23.85
1023,Namakkal,Tamil Nadu,2004,0.71,3.63,1.13,8.18,13.649999999999999,33.89
1023,Namakkal,Tamil Nadu,2005,0.32,1.28,2.25,3.31,7.16,39.25
1023,Namakkal,Tamil Nadu,2006,1.28,0.59,3.27,2.43,7.57,24.62
1023,Namakkal,Tamil Nadu,2007,1.21,2.77,3.6,2.34,9.92,27.48
1023,Namakkal,Tamil Nadu,2008,0.93,4.04,4.74,1.35,11.06,35.37
1023,Namakkal,Tamil Nadu,2009,0.83,1.22,2.06,3.1,7.209999999999999,21.03
1023,Namakkal,Tamil Nadu,2010,2.94,2.39,4.97,2.94,13.24,34.76
1023,Namakkal,Tamil Nadu,2011,0.62,2.4,3.01,4.17,10.2,28.21
1023,Namakkal,Tamil Nadu,2012,1.86,2.03,2.72,4.3,10.91,24.09
1023,Namakkal,Tamil Nadu,2013,2.11,0.99,3.87,5.36,12.33,22.330000000000002
1023,Namakkal,Tamil Nadu,2014,2.07,0.65,2.68,3.38,8.780000000000001,21.79
1023,Namakkal,Tamil Nadu,2015,2.51,0.63,2.28,2.81,8.23,28.6
1023,Namakkal,Tamil Nadu,2016,1.8,2.7,1.3,0.45,6.25,13.3
1023,Namakkal,Tamil Nadu,2017,0.84,1.38,3.32,6.8,12.34,26.55
1023,Namakkal,Tamil Nadu,2018,1.74,2.39,1.36,4.08,9.57,21.82
1023,Namakkal,Tamil Nadu,2019,2.07,1.67,4.17,5.8,13.71,27.4
1025,Theni,Tamil Nadu,1990,2.66,5.8,1.87,2.43,12.760000000000002,29.37
1025,Theni,Tamil Nadu,1991,18.79,4.94,4.87,2.84,31.44,42.61
1025,Theni,Tamil Nadu,1992,9.04,5.02,3.19,6.1,23.35,41.54
1025,Theni,Tamil Nadu,1993,7.6,6.46,1.71,1.24,17.009999999999998,46.39
1025,Theni,Tamil Nadu,1994,5.29,6.8,4.56,3.47,20.119999999999997,47.089999999999996
1025,Theni,Tamil Nadu,1995,4.34,3.69,3.22,2.61,13.86,31.37
1025,Theni,Tamil Nadu,1996,7.4,6.13,4.71,4.62,22.860000000000003,40.84
1025,Theni,Tamil Nadu,1997,7.82,6.85,4.26,6.27,25.2,47.4
1025,Theni,Tamil Nadu,1998,5.24,3.13,5.73,8.57,22.67,44.25
1025,Theni,Tamil Nadu,1999,6.35,2.91,1.75,1.05,12.06,38.89
1025,Theni,Tamil Nadu,2000,4.14,2.56,6.51,3.89,17.099999999999998,35.39
1025,Theni,Tamil Nadu,2001,7.19,6.5,2.38,7.17,23.240000000000002,46.79
1025,Theni,Tamil Nadu,2002,5.48,1.83,4.43,1.73,13.47,35.23
1025,Theni,Tamil Nadu,2003,5.18,4.53,4.22,1.77,15.7,40.94
1025,Theni,Tamil Nadu,2004,5.17,5.56,2.94,8.39,22.060000000000002,52.26
1025,Theni,Tamil Nadu,2005,6.14,5.38,2.31,5.13,18.96,54.39
1025,Theni,Tamil Nadu,2006,5.37,4.01,5.44,7.72,22.54,51.86
1025,Theni,Tamil Nadu,2007,4.35,5.34,3.43,4.68,17.799999999999997,35.03
1025,Theni,Tamil Nadu,2008,1.89,4.55,4.34,2.91,13.69,35.96
1025,Theni,Tamil Nadu,2009,3.15,3.39,2.24,2.92,11.700000000000001,27.830000000000002
1025,Theni,Tamil Nadu,2010,4.03,3.19,2.28,4.08,13.58,37.57
1025,Theni,Tamil Nadu,2011,2.33,2.55,2.52,3.29,10.690000000000001,29.67
1025,Theni,Tamil Nadu,2012,1.81,1.26,3.19,1.93,8.19,22.0
1025,Theni,Tamil Nadu,2013,3.57,2.14,4.69,2.22,12.620000000000001,27.490000000000002
1025,Theni,Tamil Nadu,2014,1.75,1.63,5.44,3.21,12.030000000000001,31.65
1025,Theni,Tamil Nadu,2015,3.58,1.41,2.16,4.89,12.04,36.67
1025,Theni,Tamil Nadu,2016,2.12,5.09,2.37,0.92,10.5,21.94
1025,Theni,Tamil Nadu,2017,3.36,2.61,5.63,6.7,18.3,37.7
1025,Theni,Tamil Nadu,2018,2.29,3.17,3.84,3.97,13.270000000000001,31.69
1025,Theni,Tamil Nadu,2019,2.3,2.23,4.88,7.15,16.560000000000002,36.5
1027,Thiruvallur,Tamil Nadu,1990,0.68,2.63,2.75,4.36,10.420000000000002,39.99
1027,Thiruvallur,Tamil Nadu,1991,8.19,1.94,3.33,2.82,16.279999999999998,40.4
1027,Thiruvallur,Tamil Nadu,1992,0.49,3.16,3.63,1.98,9.26,29.24
1027,Thiruvallur,Tamil Nadu,1993,1.58,2.78,5.72,1.91,11.989999999999998,43.97
1027,Thiruvallur,Tamil Nadu,1994,1.13,2.12,4.14,1.09,8.48,40.78
1027,Thiruvallur,Tamil Nadu,1995,0.73,4.24,7.28,4.7,16.95,39.86
1027,Thiruvallur,Tamil Nadu,1996,11.53,2.21,2.74,5.77,22.249999999999996,54.49
1027,Thiruvallur,Tamil Nadu,1997,1.46,1.59,2.62,4.11,9.780000000000001,45.21
1027,Thiruvallur,Tamil Nadu,1998,0.75,2.81,3.99,3.86,11.41,33.26
1027,Thiruvallur,Tamil Nadu,1999,1.82,1.32,4.12,3.06,10.32,26.76
1027,Thiruvallur,Tamil Nadu,2000,1.93,3.85,4.01,4.48,14.27,33.96
1027,Thiruvallur,Tamil Nadu,2001,1.7,3.78,1.63,4.94,12.05,40.27
1027,Thiruvallur,Tamil Nadu,2002,0.71,1.33,4.26,3.1,9.4,33.89
1027,Thiruvallur,Tamil Nadu,2003,1.68,6.01,4.13,3.13,14.95,28.51
1027,Thiruvallur,Tamil Nadu,2004,1.7,2.14,1.1,7.74,12.68,41.41
1027,Thiruvallur,Tamil Nadu,2005,0.48,2.27,2.41,3.93,9.09,56.93
1027,Thiruvallur,Tamil Nadu,2006,2.27,3.08,2.55,4.06,11.959999999999999,38.11
1027,Thiruvallur,Tamil Nadu,2007,3.56,6.15,5.73,3.94,19.380000000000003,40.9
1027,Thiruvallur,Tamil Nadu,2008,1.14,1.99,3.6,2.99,9.72,41.78
1027,Thiruvallur,Tamil Nadu,2009,1.09,1.75,5.28,5.57,13.690000000000001,36.87
1027,Thiruvallur,Tamil Nadu,2010,3.41,3.83,5.8,3.72,16.759999999999998,43.4
1027,Thiruvallur,Tamil Nadu,2011,1.74,4.43,5.26,3.81,15.24,41.87
1027,Thiruvallur,Tamil Nadu,2012,1.88,3.12,3.43,3.22,11.65,30.4
1027,Thiruvallur,Tamil Nadu,2013,3.43,3.74,5.41,5.76,18.34,32.65
1027,Thiruvallur,Tamil Nadu,2014,3.61,1.54,4.81,3.91,13.870000000000001,32.61
1027,Thiruvallur,Tamil Nadu,2015,2.1,2.88,5.33,3.98,14.290000000000001,62.85
1027,Thiruvallur,Tamil Nadu,2016,4.25,3.04,1.35,3.55,12.190000000000001,24.32
1027,Thiruvallur,Tamil Nadu,2017,2.74,4.88,6.67,6.67,20.96,39.42
1027,Thiruvallur,Tamil Nadu,2018,2.03,1.89,3.82,3.31,11.05,24.03
1027,Thiruvallur,Tamil Nadu,2019,1.75,4.07,5.65,7.75,19.22,36.68
1028,Ambedkar Nagar,Uttar Pradesh,1990,4.22,16.17,4.94,4.97,30.3,33.01
1028,Ambedkar Nagar,Uttar Pradesh,1991,2.92,5.1,11.94,8.29,28.25,29.43
1028,Ambedkar Nagar,Uttar Pradesh,1992,1.44,5.85,7.25,4.41,18.95,22.09
1028,Ambedkar Nagar,Uttar Pradesh,1993,4.0,3.69,5.79,7.03,20.51,22.8
1028,Ambedkar Nagar,Uttar Pradesh,1994,3.19,9.85,7.11,3.86,24.009999999999998,26.36
1028,Ambedkar Nagar,Uttar Pradesh,1995,3.13,4.13,8.18,4.49,19.93,22.66
1028,Ambedkar Nagar,Uttar Pradesh,1996,4.6,5.45,10.84,4.02,24.91,31.73
1028,Ambedkar Nagar,Uttar Pradesh,1997,2.52,6.71,3.76,6.99,19.98,25.16
1028,Ambedkar Nagar,Uttar Pradesh,1998,1.7,12.31,14.04,3.03,31.08,34.28
1028,Ambedkar Nagar,Uttar Pradesh,1999,2.8,7.25,5.57,4.57,20.19,23.79
1028,Ambedkar Nagar,Uttar Pradesh,2000,5.62,6.12,10.44,5.23,27.41,29.27
1028,Ambedkar Nagar,Uttar Pradesh,2001,4.55,8.1,6.6,3.73,22.98,28.209999999999997
1028,Ambedkar Nagar,Uttar Pradesh,2002,2.38,4.02,5.35,6.21,17.96,22.2
1028,Ambedkar Nagar,Uttar Pradesh,2003,2.54,5.41,5.23,8.12,21.299999999999997,23.75
1028,Ambedkar Nagar,Uttar Pradesh,2004,7.38,5.95,4.58,3.1,21.01,24.02
1028,Ambedkar Nagar,Uttar Pradesh,2005,2.79,10.4,7.47,3.89,24.55,29.68
1028,Ambedkar Nagar,Uttar Pradesh,2006,5.15,9.84,4.72,2.48,22.19,26.18
1028,Ambedkar Nagar,Uttar Pradesh,2007,2.33,8.37,9.69,6.52,26.91,32.61
1028,Ambedkar Nagar,Uttar Pradesh,2008,11.48,16.25,11.6,5.68,45.01,47.61
1028,Ambedkar Nagar,Uttar Pradesh,2009,1.2,8.27,6.58,6.34,22.389999999999997,26.8
1028,Ambedkar Nagar,Uttar Pradesh,2010,1.34,9.68,7.19,6.52,24.73,27.57
1028,Ambedkar Nagar,Uttar Pradesh,2011,7.13,9.01,11.0,6.59,33.730000000000004,36.03
1028,Ambedkar Nagar,Uttar Pradesh,2012,0.57,11.5,8.42,11.01,31.5,34.03
1028,Ambedkar Nagar,Uttar Pradesh,2013,13.34,6.67,7.33,3.09,30.429999999999996,39.66
1028,Ambedkar Nagar,Uttar Pradesh,2014,2.68,7.59,6.6,4.73,21.599999999999998,28.830000000000002
1028,Ambedkar Nagar,Uttar Pradesh,2015,3.41,6.92,5.68,0.71,16.72,22.57
1028,Ambedkar Nagar,Uttar Pradesh,2016,2.98,12.82,7.76,5.58,29.14,32.96
1028,Ambedkar Nagar,Uttar Pradesh,2017,3.26,14.18,10.11,3.78,31.33,33.55
1028,Ambedkar Nagar,Uttar Pradesh,2018,3.3,12.95,15.29,4.69,36.23,38.07
1028,Ambedkar Nagar,Uttar Pradesh,2019,1.99,15.49,6.53,12.21,36.22,39.980000000000004
1030,Udham Singh Nagar,Uttarakhand,1990,2.69,8.99,9.56,8.09,29.330000000000002,35.96
1030,Udham Singh Nagar,Uttarakhand,1991,3.07,2.81,13.09,4.37,23.34,26.58
1030,Udham Singh Nagar,Uttarakhand,1992,0.67,4.14,7.13,3.38,15.32,18.72
1030,Udham Singh Nagar,Uttarakhand,1993,6.39,7.22,4.67,5.19,23.470000000000002,26.28
1030,Udham Singh Nagar,Uttarakhand,1994,2.58,12.76,13.86,0.77,29.97,33.44
1030,Udham Singh Nagar,Uttarakhand,1995,2.92,4.93,12.64,4.53,25.020000000000003,28.43
1030,Udham Singh Nagar,Uttarakhand,1996,5.94,8.27,13.54,7.73,35.480000000000004,41.69
1030,Udham Singh Nagar,Uttarakhand,1997,5.64,7.31,6.44,1.38,20.77,27.63
1030,Udham Singh Nagar,Uttarakhand,1998,2.27,9.04,9.93,4.41,25.65,34.96
1030,Udham Singh Nagar,Uttarakhand,1999,1.85,10.14,3.87,6.84,22.7,25.1
1030,Udham Singh Nagar,Uttarakhand,2000,7.54,8.64,12.17,1.74,30.09,34.72
1030,Udham Singh Nagar,Uttarakhand,2001,6.66,15.37,4.22,1.08,27.33,30.79
1030,Udham Singh Nagar,Uttarakhand,2002,2.35,0.89,11.67,8.44,23.35,31.2
1030,Udham Singh Nagar,Uttarakhand,2003,2.43,13.78,13.02,11.71,40.94,45.7
1030,Udham Singh Nagar,Uttarakhand,2004,6.98,10.47,8.98,1.99,28.42,35.15
1030,Udham Singh Nagar,Uttarakhand,2005,3.89,11.74,5.87,13.79,35.29,40.08
1030,Udham Singh Nagar,Uttarakhand,2006,3.97,13.44,5.05,4.0,26.46,31.32
1030,Udham Singh Nagar,Uttarakhand,2007,5.4,15.97,9.15,6.75,37.27,44.14
1030,Udham Singh Nagar,Uttarakhand,2008,9.69,16.45,12.12,9.36,47.62,50.91
1030,Udham Singh Nagar,Uttarakhand,2009,2.5,8.47,12.53,7.66,31.16,36.98
1030,Udham Singh Nagar,Uttarakhand,2010,0.69,19.18,13.25,17.76,50.88000000000001,54.18
1030,Udham Singh Nagar,Uttarakhand,2011,9.76,13.15,13.85,8.79,45.55,50.339999999999996
1030,Udham Singh Nagar,Uttarakhand,2012,0.95,8.92,12.27,6.94,29.080000000000002,31.86
1030,Udham Singh Nagar,Uttarakhand,2013,14.73,17.38,12.28,4.22,48.61,57.42
1030,Udham Singh Nagar,Uttarakhand,2014,1.7,10.06,4.91,3.82,20.490000000000002,28.61
1030,Udham Singh Nagar,Uttarakhand,2015,9.14,10.42,8.91,3.47,31.94,40.38
1030,Udham Singh Nagar,Uttarakhand,2016,3.94,15.06,6.9,3.76,29.659999999999997,34.3
1030,Udham Singh Nagar,Uttarakhand,2017,3.46,12.03,7.84,8.09,31.419999999999998,35.35
1030,Udham Singh Nagar,Uttarakhand,2018,3.45,12.45,16.58,5.43,37.91,40.769999999999996
1030,Udham Singh Nagar,Uttarakhand,2019,3.59,10.35,8.47,4.51,26.92,34.85
1031,Auraiya,Uttar Pradesh,1990,1.92,9.44,3.93,7.61,22.9,26.4
1031,Auraiya,Uttar Pradesh,1991,0.53,3.97,12.36,2.63,19.49,20.65
1031,Auraiya,Uttar Pradesh,1992,0.32,5.05,7.37,5.09,17.83,21.06
1031,Auraiya,Uttar Pradesh,1993,2.31,3.64,2.91,9.98,18.84,20.42
1031,Auraiya,Uttar Pradesh,1994,3.62,9.91,7.05,0.93,21.51,23.12
1031,Auraiya,Uttar Pradesh,1995,3.11,5.67,10.27,6.64,25.689999999999998,27.13
1031,Auraiya,Uttar Pradesh,1996,2.89,9.37,7.96,5.06,25.279999999999998,30.459999999999997
1031,Auraiya,Uttar Pradesh,1997,1.74,4.06,5.65,3.93,15.379999999999999,22.26
1031,Auraiya,Uttar Pradesh,1998,2.3,8.71,6.6,4.17,21.78,24.42
1031,Auraiya,Uttar Pradesh,1999,0.72,7.2,5.69,5.63,19.24,20.68
1031,Auraiya,Uttar Pradesh,2000,1.96,5.3,5.74,1.05,14.05,15.4
1031,Auraiya,Uttar Pradesh,2001,4.54,7.46,5.68,0.55,18.23,21.8
1031,Auraiya,Uttar Pradesh,2002,1.49,1.31,5.97,5.9,14.67,17.93
1031,Auraiya,Uttar Pradesh,2003,1.29,5.0,5.94,6.98,19.21,22.220000000000002
1031,Auraiya,Uttar Pradesh,2004,2.81,4.81,6.62,3.21,17.45,20.44
1031,Auraiya,Uttar Pradesh,2005,2.24,9.2,2.0,4.33,17.77,19.919999999999998
1031,Auraiya,Uttar Pradesh,2006,5.04,6.65,2.87,1.53,16.090000000000003,18.29
1031,Auraiya,Uttar Pradesh,2007,2.95,5.16,4.54,2.39,15.04,18.45
1031,Auraiya,Uttar Pradesh,2008,6.7,10.31,8.53,5.79,31.33,32.79
1031,Auraiya,Uttar Pradesh,2009,0.7,3.78,4.42,6.6,15.499999999999998,21.57
1031,Auraiya,Uttar Pradesh,2010,1.83,5.04,6.52,7.24,20.630000000000003,23.44
1031,Auraiya,Uttar Pradesh,2011,5.32,7.38,7.29,3.62,23.61,24.7
1031,Auraiya,Uttar Pradesh,2012,0.72,6.58,9.06,3.9,20.259999999999998,21.85
1031,Auraiya,Uttar Pradesh,2013,6.05,6.7,9.24,2.24,24.230000000000004,30.41
1031,Auraiya,Uttar Pradesh,2014,0.72,5.76,4.3,3.88,14.66,20.15
1031,Auraiya,Uttar Pradesh,2015,2.25,6.21,3.52,3.15,15.13,21.11
1031,Auraiya,Uttar Pradesh,2016,2.07,10.11,7.13,1.14,20.45,22.919999999999998
1031,Auraiya,Uttar Pradesh,2017,2.1,5.54,5.98,1.96,15.580000000000002,17.3
1031,Auraiya,Uttar Pradesh,2018,2.19,12.32,9.48,3.93,27.92,29.3
1031,Auraiya,Uttar Pradesh,2019,1.82,7.85,8.63,6.36,24.66,27.62
1033,Bagpat,Uttar Pradesh,1990,2.4,6.57,9.15,9.25,27.37,33.88
1033,Bagpat,Uttar Pradesh,1991,2.65,3.5,12.42,4.6,23.17,26.349999999999998
1033,Bagpat,Uttar Pradesh,1992,0.53,3.43,6.3,3.48,13.74,16.33
1033,Bagpat,Uttar Pradesh,1993,4.25,10.36,5.42,6.77,26.8,29.689999999999998
1033,Bagpat,Uttar Pradesh,1994,2.41,13.23,9.81,0.58,26.03,28.76
1033,Bagpat,Uttar Pradesh,1995,1.61,3.23,12.77,5.82,23.43,27.53
1033,Bagpat,Uttar Pradesh,1996,5.53,6.0,11.03,5.36,27.92,32.35
1033,Bagpat,Uttar Pradesh,1997,3.77,4.25,5.88,2.29,16.189999999999998,23.57
1033,Bagpat,Uttar Pradesh,1998,4.68,5.45,8.47,5.76,24.36,30.69
1033,Bagpat,Uttar Pradesh,1999,2.53,4.9,2.61,3.89,13.93,16.35
1033,Bagpat,Uttar Pradesh,2000,5.06,6.97,5.57,1.46,19.060000000000002,22.48
1033,Bagpat,Uttar Pradesh,2001,4.93,6.42,4.42,1.49,17.259999999999998,21.34
1033,Bagpat,Uttar Pradesh,2002,1.8,0.86,5.42,6.48,14.56,21.28
1033,Bagpat,Uttar Pradesh,2003,4.07,16.47,7.01,4.49,32.04,35.83
1033,Bagpat,Uttar Pradesh,2004,3.53,3.52,8.97,0.65,16.669999999999998,23.150000000000002
1033,Bagpat,Uttar Pradesh,2005,2.39,7.9,4.55,8.25,23.09,26.89
1033,Bagpat,Uttar Pradesh,2006,3.53,8.81,4.04,3.55,19.93,24.08
1033,Bagpat,Uttar Pradesh,2007,4.5,7.68,8.08,3.43,23.689999999999998,30.33
1033,Bagpat,Uttar Pradesh,2008,5.4,7.92,9.28,5.93,28.53,33.98
1033,Bagpat,Uttar Pradesh,2009,1.33,5.67,7.04,6.33,20.369999999999997,24.78
1033,Bagpat,Uttar Pradesh,2010,0.93,11.42,12.34,11.25,35.94,38.839999999999996
1033,Bagpat,Uttar Pradesh,2011,4.69,6.85,8.24,7.62,27.400000000000002,31.0
1033,Bagpat,Uttar Pradesh,2012,0.7,5.45,12.08,3.67,21.9,24.13
1033,Bagpat,Uttar Pradesh,2013,7.9,11.68,11.0,3.75,34.33,41.98
1033,Bagpat,Uttar Pradesh,2014,1.51,4.55,6.12,2.64,14.82,22.1
1033,Bagpat,Uttar Pradesh,2015,3.59,8.79,7.63,1.67,21.68,28.09
1033,Bagpat,Uttar Pradesh,2016,2.08,10.62,4.33,1.66,18.69,21.39
1033,Bagpat,Uttar Pradesh,2017,4.1,4.9,4.54,5.54,19.08,21.48
1033,Bagpat,Uttar Pradesh,2018,2.05,11.27,7.03,5.74,26.090000000000003,27.4
1033,Bagpat,Uttar Pradesh,2019,0.37,6.86,5.32,2.54,15.09,20.89
1034,Balrampur,Uttar Pradesh,1990,4.88,17.03,5.91,5.76,33.58,37.33
1034,Balrampur,Uttar Pradesh,1991,2.21,4.8,10.45,7.06,24.52,26.54
1034,Balrampur,Uttar Pradesh,1992,3.86,6.1,7.44,4.96,22.36,25.62
1034,Balrampur,Uttar Pradesh,1993,5.24,4.65,4.58,5.47,19.94,22.85
1034,Balrampur,Uttar Pradesh,1994,3.46,8.77,5.79,4.26,22.28,24.439999999999998
1034,Balrampur,Uttar Pradesh,1995,4.49,4.28,7.78,2.81,19.36,21.740000000000002
1034,Balrampur,Uttar Pradesh,1996,3.69,5.34,8.6,2.64,20.27,26.62
1034,Balrampur,Uttar Pradesh,1997,1.84,4.83,3.25,3.92,13.84,18.17
1034,Balrampur,Uttar Pradesh,1998,1.64,11.27,10.85,2.54,26.299999999999997,30.46
1034,Balrampur,Uttar Pradesh,1999,2.22,4.35,4.76,3.1,14.43,18.27
1034,Balrampur,Uttar Pradesh,2000,6.37,6.48,13.05,4.42,30.32,33.11
1034,Balrampur,Uttar Pradesh,2001,5.06,6.32,6.33,4.43,22.14,26.66
1034,Balrampur,Uttar Pradesh,2002,2.55,4.17,2.86,4.96,14.54,18.25
1034,Balrampur,Uttar Pradesh,2003,2.58,6.35,5.15,5.63,19.71,22.51
1034,Balrampur,Uttar Pradesh,2004,8.84,10.52,4.74,4.4,28.5,33.56
1034,Balrampur,Uttar Pradesh,2005,3.49,14.59,8.97,4.38,31.429999999999996,39.07
1034,Balrampur,Uttar Pradesh,2006,8.88,11.95,6.62,3.65,31.099999999999998,37.7
1034,Balrampur,Uttar Pradesh,2007,3.75,14.04,11.54,8.0,37.33,46.309999999999995
1034,Balrampur,Uttar Pradesh,2008,15.15,18.84,13.41,7.04,54.440000000000005,58.67
1034,Balrampur,Uttar Pradesh,2009,2.2,9.72,10.88,6.36,29.160000000000004,36.21
1034,Balrampur,Uttar Pradesh,2010,2.61,12.07,10.04,10.41,35.129999999999995,38.9
1034,Balrampur,Uttar Pradesh,2011,8.87,12.69,13.82,5.76,41.13999999999999,45.199999999999996
1034,Balrampur,Uttar Pradesh,2012,1.11,12.59,11.12,12.54,37.36,40.75
1034,Balrampur,Uttar Pradesh,2013,17.56,11.12,10.09,4.71,43.48,53.44
1034,Balrampur,Uttar Pradesh,2014,4.78,10.46,10.67,5.92,31.830000000000005,39.52
1034,Balrampur,Uttar Pradesh,2015,6.26,7.59,9.46,0.84,24.150000000000002,31.67
1034,Balrampur,Uttar Pradesh,2016,3.8,20.34,5.59,5.04,34.77,41.78
1034,Balrampur,Uttar Pradesh,2017,3.51,14.78,12.1,5.14,35.53,40.82
1034,Balrampur,Uttar Pradesh,2018,3.25,19.51,20.66,2.88,46.300000000000004,50.25
1034,Balrampur,Uttar Pradesh,2019,4.74,21.13,6.45,10.09,42.41,48.4
1036,Chandauli,Uttar Pradesh,1990,7.25,15.42,6.34,4.58,33.59,36.74
1036,Chandauli,Uttar Pradesh,1991,4.04,4.85,10.71,6.04,25.64,26.52
1036,Chandauli,Uttar Pradesh,1992,1.58,6.84,9.58,4.24,22.240000000000002,24.89
1036,Chandauli,Uttar Pradesh,1993,3.36,3.61,6.1,9.94,23.009999999999998,25.669999999999998
1036,Chandauli,Uttar Pradesh,1994,3.66,8.85,10.52,4.12,27.150000000000002,30.91
1036,Chandauli,Uttar Pradesh,1995,2.01,3.97,8.1,7.04,21.12,25.36
1036,Chandauli,Uttar Pradesh,1996,6.15,5.94,10.34,4.51,26.939999999999998,31.67
1036,Chandauli,Uttar Pradesh,1997,3.84,11.54,6.93,6.38,28.689999999999998,33.93
1036,Chandauli,Uttar Pradesh,1998,2.09,7.87,12.42,5.94,28.320000000000004,31.92
1036,Chandauli,Uttar Pradesh,1999,3.82,10.15,6.65,3.81,24.43,28.16
1036,Chandauli,Uttar Pradesh,2000,4.51,5.78,5.57,7.53,23.39,24.72
1036,Chandauli,Uttar Pradesh,2001,4.26,9.37,5.46,3.59,22.68,27.06
1036,Chandauli,Uttar Pradesh,2002,2.69,4.09,8.6,5.32,20.7,25.34
1036,Chandauli,Uttar Pradesh,2003,2.93,5.59,5.42,6.42,20.36,23.98
1036,Chandauli,Uttar Pradesh,2004,5.57,3.95,4.95,1.93,16.4,18.8
1036,Chandauli,Uttar Pradesh,2005,2.12,7.39,6.98,3.2,19.69,22.55
1036,Chandauli,Uttar Pradesh,2006,3.62,8.11,5.18,3.09,20.0,22.93
1036,Chandauli,Uttar Pradesh,2007,2.26,6.27,6.36,5.68,20.57,25.77
1036,Chandauli,Uttar Pradesh,2008,10.03,11.41,8.43,2.38,32.25,34.1
1036,Chandauli,Uttar Pradesh,2009,0.69,5.67,3.57,5.05,14.98,17.669999999999998
1036,Chandauli,Uttar Pradesh,2010,0.7,6.17,6.0,4.01,16.880000000000003,19.78
1036,Chandauli,Uttar Pradesh,2011,7.95,5.72,7.92,8.45,30.04,31.72
1036,Chandauli,Uttar Pradesh,2012,1.2,11.3,6.51,6.06,25.069999999999997,28.18
1036,Chandauli,Uttar Pradesh,2013,6.41,5.08,6.05,3.34,20.88,29.17
1036,Chandauli,Uttar Pradesh,2014,1.39,8.27,7.73,3.51,20.9,28.52
1036,Chandauli,Uttar Pradesh,2015,3.62,9.66,6.86,1.28,21.42,26.6
1036,Chandauli,Uttar Pradesh,2016,1.61,12.57,11.45,8.3,33.93,36.35
1036,Chandauli,Uttar Pradesh,2017,1.95,14.7,4.41,2.13,23.189999999999998,24.07
1036,Chandauli,Uttar Pradesh,2018,2.31,8.64,8.56,4.37,23.880000000000003,25.18
1036,Chandauli,Uttar Pradesh,2019,1.07,8.11,8.05,13.34,30.57,34.11
1037,Chitrakoot,Uttar Pradesh,1990,6.46,12.32,7.74,6.83,33.35,36.19
1037,Chitrakoot,Uttar Pradesh,1991,3.95,5.87,12.48,4.55,26.85,27.44
1037,Chitrakoot,Uttar Pradesh,1992,0.34,7.92,11.33,7.94,27.53,29.78
1037,Chitrakoot,Uttar Pradesh,1993,3.08,2.32,3.62,11.44,20.46,22.4
1037,Chitrakoot,Uttar Pradesh,1994,3.86,10.39,10.31,3.22,27.78,30.11
1037,Chitrakoot,Uttar Pradesh,1995,1.84,4.91,8.5,4.54,19.79,23.12
1037,Chitrakoot,Uttar Pradesh,1996,6.45,6.23,9.27,4.1,26.049999999999997,30.79
1037,Chitrakoot,Uttar Pradesh,1997,2.92,9.24,6.84,7.35,26.35,32.3
1037,Chitrakoot,Uttar Pradesh,1998,1.54,6.81,12.23,5.38,25.959999999999997,27.72
1037,Chitrakoot,Uttar Pradesh,1999,3.4,11.56,6.06,4.42,25.439999999999998,27.85
1037,Chitrakoot,Uttar Pradesh,2000,2.78,4.45,5.21,4.45,16.89,17.73
1037,Chitrakoot,Uttar Pradesh,2001,5.18,13.47,6.35,2.32,27.32,32.0
1037,Chitrakoot,Uttar Pradesh,2002,2.09,3.59,10.64,6.98,23.3,28.25
1037,Chitrakoot,Uttar Pradesh,2003,2.13,4.97,7.63,14.36,29.09,32.08
1037,Chitrakoot,Uttar Pradesh,2004,6.68,4.54,6.36,3.72,21.299999999999997,23.51
1037,Chitrakoot,Uttar Pradesh,2005,3.44,13.5,7.76,4.12,28.820000000000004,32.01
1037,Chitrakoot,Uttar Pradesh,2006,1.38,9.85,3.33,1.47,16.03,19.11
1037,Chitrakoot,Uttar Pradesh,2007,1.91,5.43,7.53,4.6,19.47,23.91
1037,Chitrakoot,Uttar Pradesh,2008,9.1,11.15,8.95,2.58,31.78,33.62
1037,Chitrakoot,Uttar Pradesh,2009,1.06,5.53,2.05,5.27,13.91,19.33
1037,Chitrakoot,Uttar Pradesh,2010,0.46,6.73,5.21,3.91,16.310000000000002,18.69
1037,Chitrakoot,Uttar Pradesh,2011,9.1,7.82,8.45,7.73,33.1,34.339999999999996
1037,Chitrakoot,Uttar Pradesh,2012,0.64,12.46,9.5,9.9,32.5,34.44
1037,Chitrakoot,Uttar Pradesh,2013,9.87,8.43,9.88,2.33,30.509999999999998,40.6
1037,Chitrakoot,Uttar Pradesh,2014,1.31,7.33,5.46,4.06,18.16,26.23
1037,Chitrakoot,Uttar Pradesh,2015,3.6,6.51,7.2,1.98,19.29,26.63
1037,Chitrakoot,Uttar Pradesh,2016,1.59,15.07,15.11,7.3,39.07,41.55
1037,Chitrakoot,Uttar Pradesh,2017,2.79,13.59,4.11,2.52,23.009999999999998,23.75
1037,Chitrakoot,Uttar Pradesh,2018,2.54,10.08,9.67,4.12,26.41,28.12
1037,Chitrakoot,Uttar Pradesh,2019,0.93,8.75,10.74,11.73,32.150000000000006,36.14
1038,G.B.Nagar,Uttar Pradesh,1990,2.32,5.78,9.26,8.16,25.52,31.91
1038,G.B.Nagar,Uttar Pradesh,1991,1.9,3.27,11.88,4.4,21.450000000000003,24.470000000000002
1038,G.B.Nagar,Uttar Pradesh,1992,0.33,2.98,5.93,3.55,12.79,15.34
1038,G.B.Nagar,Uttar Pradesh,1993,4.16,9.65,4.34,6.88,25.029999999999998,27.150000000000002
1038,G.B.Nagar,Uttar Pradesh,1994,2.17,13.13,8.57,0.39,24.26,26.6
1038,G.B.Nagar,Uttar Pradesh,1995,1.43,2.39,12.77,5.68,22.27,26.029999999999998
1038,G.B.Nagar,Uttar Pradesh,1996,5.2,5.88,10.34,5.04,26.46,30.04
1038,G.B.Nagar,Uttar Pradesh,1997,3.4,3.01,4.87,2.15,13.430000000000001,19.669999999999998
1038,G.B.Nagar,Uttar Pradesh,1998,4.64,4.23,7.23,5.82,21.92,27.19
1038,G.B.Nagar,Uttar Pradesh,1999,1.94,4.65,2.92,3.55,13.059999999999999,15.32
1038,G.B.Nagar,Uttar Pradesh,2000,4.86,6.42,5.46,1.04,17.78,20.93
1038,G.B.Nagar,Uttar Pradesh,2001,3.88,5.24,2.94,1.32,13.38,16.7
1038,G.B.Nagar,Uttar Pradesh,2002,1.5,0.41,4.83,6.41,13.15,19.54
1038,G.B.Nagar,Uttar Pradesh,2003,4.08,15.93,6.18,4.1,30.29,33.44
1038,G.B.Nagar,Uttar Pradesh,2004,2.86,2.54,8.35,0.75,14.5,20.47
1038,G.B.Nagar,Uttar Pradesh,2005,2.17,7.12,3.71,7.57,20.57,23.64
1038,G.B.Nagar,Uttar Pradesh,2006,3.39,8.06,3.24,3.37,18.060000000000002,21.220000000000002
1038,G.B.Nagar,Uttar Pradesh,2007,4.71,6.23,6.64,3.05,20.630000000000003,26.65
1038,G.B.Nagar,Uttar Pradesh,2008,4.09,7.06,8.33,5.64,25.119999999999997,30.2
1038,G.B.Nagar,Uttar Pradesh,2009,1.08,5.01,6.66,5.9,18.65,22.78
1038,G.B.Nagar,Uttar Pradesh,2010,0.43,9.68,10.87,9.77,30.749999999999996,33.41
1038,G.B.Nagar,Uttar Pradesh,2011,3.95,5.31,7.38,6.91,23.55,26.52
1038,G.B.Nagar,Uttar Pradesh,2012,0.5,5.02,11.41,2.98,19.91,21.85
1038,G.B.Nagar,Uttar Pradesh,2013,5.96,10.63,10.63,3.68,30.9,38.230000000000004
1038,G.B.Nagar,Uttar Pradesh,2014,1.32,3.88,5.5,2.3,13.0,19.35
1038,G.B.Nagar,Uttar Pradesh,2015,3.23,7.42,6.85,1.69,19.19,25.11
1038,G.B.Nagar,Uttar Pradesh,2016,2.65,10.45,4.96,1.36,19.419999999999998,22.009999999999998
1038,G.B.Nagar,Uttar Pradesh,2017,4.68,5.13,4.63,5.27,19.709999999999997,22.02
1038,G.B.Nagar,Uttar Pradesh,2018,1.56,12.11,6.74,5.68,26.09,27.55
1038,G.B.Nagar,Uttar Pradesh,2019,0.34,5.92,5.63,2.58,14.47,20.18
1039,Hathras,Uttar Pradesh,1990,1.84,7.72,4.86,5.2,19.62,24.6
1039,Hathras,Uttar Pradesh,1991,0.75,3.2,10.38,2.82,17.150000000000002,18.69
1039,Hathras,Uttar Pradesh,1992,0.18,4.03,6.52,3.73,14.46,17.28
1039,Hathras,Uttar Pradesh,1993,3.11,4.78,3.14,8.73,19.76,21.220000000000002
1039,Hathras,Uttar Pradesh,1994,3.0,11.32,6.83,0.65,21.799999999999997,23.8
1039,Hathras,Uttar Pradesh,1995,2.43,3.47,10.82,4.56,21.279999999999998,23.48
1039,Hathras,Uttar Pradesh,1996,3.79,6.56,8.58,4.46,23.39,27.259999999999998
1039,Hathras,Uttar Pradesh,1997,2.56,3.51,4.04,1.59,11.7,16.73
1039,Hathras,Uttar Pradesh,1998,2.48,6.03,5.85,4.27,18.63,22.759999999999998
1039,Hathras,Uttar Pradesh,1999,0.6,5.81,5.54,3.46,15.41,16.7
1039,Hathras,Uttar Pradesh,2000,3.31,4.88,4.84,0.78,13.809999999999999,15.89
1039,Hathras,Uttar Pradesh,2001,2.55,6.8,2.39,0.88,12.620000000000001,14.59
1039,Hathras,Uttar Pradesh,2002,0.79,0.3,5.7,5.41,12.2,16.81
1039,Hathras,Uttar Pradesh,2003,2.08,7.1,4.92,5.17,19.27,21.55
1039,Hathras,Uttar Pradesh,2004,2.27,4.57,6.86,2.31,16.009999999999998,19.93
1039,Hathras,Uttar Pradesh,2005,1.59,8.23,2.09,4.78,16.69,18.5
1039,Hathras,Uttar Pradesh,2006,3.37,7.08,2.02,1.67,14.139999999999999,16.14
1039,Hathras,Uttar Pradesh,2007,3.54,5.42,4.56,2.28,15.799999999999999,19.41
1039,Hathras,Uttar Pradesh,2008,4.31,8.58,6.37,4.57,23.830000000000002,25.63
1039,Hathras,Uttar Pradesh,2009,1.16,3.96,4.65,4.48,14.25,19.36
1039,Hathras,Uttar Pradesh,2010,0.7,6.25,5.43,6.99,19.369999999999997,21.759999999999998
1039,Hathras,Uttar Pradesh,2011,5.09,5.09,7.7,4.29,22.169999999999998,24.22
1039,Hathras,Uttar Pradesh,2012,0.37,7.35,10.22,3.85,21.790000000000003,23.46
1039,Hathras,Uttar Pradesh,2013,6.6,8.16,11.07,3.56,29.389999999999997,36.33
1039,Hathras,Uttar Pradesh,2014,0.72,4.03,5.34,1.97,12.06,17.26
1039,Hathras,Uttar Pradesh,2015,1.48,4.17,5.32,1.16,12.13,18.25
1039,Hathras,Uttar Pradesh,2016,2.18,13.17,5.79,1.08,22.22,23.77
1039,Hathras,Uttar Pradesh,2017,3.47,3.17,3.96,2.69,13.290000000000001,15.58
1039,Hathras,Uttar Pradesh,2018,2.26,10.84,6.15,4.27,23.52,25.849999999999998
1039,Hathras,Uttar Pradesh,2019,0.32,4.79,6.95,4.17,16.23,20.16
1041,Kannauj,Uttar Pradesh,1990,2.43,12.46,3.51,5.82,24.22,27.98
1041,Kannauj,Uttar Pradesh,1991,1.29,2.07,14.99,5.83,24.18,25.78
1041,Kannauj,Uttar Pradesh,1992,0.93,4.63,6.18,4.62,16.36,19.39
1041,Kannauj,Uttar Pradesh,1993,3.67,3.88,2.16,7.31,17.02,19.259999999999998
1041,Kannauj,Uttar Pradesh,1994,2.68,10.64,7.25,0.82,21.39,23.59
1041,Kannauj,Uttar Pradesh,1995,4.25,3.95,8.31,4.84,21.349999999999998,22.7
1041,Kannauj,Uttar Pradesh,1996,2.68,6.51,8.45,4.93,22.57,28.93
1041,Kannauj,Uttar Pradesh,1997,1.93,5.27,4.1,4.6,15.899999999999999,22.189999999999998
1041,Kannauj,Uttar Pradesh,1998,2.38,9.68,7.19,2.93,22.18,26.14
1041,Kannauj,Uttar Pradesh,1999,0.71,6.56,4.43,7.3,19.0,20.7
1041,Kannauj,Uttar Pradesh,2000,4.64,5.69,10.96,1.58,22.869999999999997,25.57
1041,Kannauj,Uttar Pradesh,2001,4.39,7.11,4.97,0.69,17.16,21.599999999999998
1041,Kannauj,Uttar Pradesh,2002,1.81,2.73,5.34,7.54,17.419999999999998,21.14
1041,Kannauj,Uttar Pradesh,2003,1.84,5.7,7.39,9.44,24.369999999999997,28.11
1041,Kannauj,Uttar Pradesh,2004,6.03,5.51,4.94,4.34,20.82,24.46
1041,Kannauj,Uttar Pradesh,2005,2.74,8.81,2.52,6.89,20.96,23.63
1041,Kannauj,Uttar Pradesh,2006,5.42,9.81,3.51,1.94,20.680000000000003,23.81
1041,Kannauj,Uttar Pradesh,2007,3.28,7.75,5.92,3.26,20.21,24.98
1041,Kannauj,Uttar Pradesh,2008,6.87,14.25,10.48,8.34,39.94,42.230000000000004
1041,Kannauj,Uttar Pradesh,2009,1.12,4.87,8.08,8.5,22.57,28.07
1041,Kannauj,Uttar Pradesh,2010,1.01,7.52,6.17,7.13,21.83,24.77
1041,Kannauj,Uttar Pradesh,2011,6.24,6.74,10.15,3.73,26.860000000000003,28.2
1041,Kannauj,Uttar Pradesh,2012,0.35,6.53,9.11,4.8,20.79,22.88
1041,Kannauj,Uttar Pradesh,2013,7.38,7.56,7.03,2.53,24.5,30.5
1041,Kannauj,Uttar Pradesh,2014,0.76,6.04,2.57,3.85,13.219999999999999,17.87
1041,Kannauj,Uttar Pradesh,2015,2.75,5.58,3.51,2.05,13.89,19.55
1041,Kannauj,Uttar Pradesh,2016,2.64,11.06,6.0,1.99,21.69,24.13
1041,Kannauj,Uttar Pradesh,2017,2.59,8.07,8.02,2.5,21.18,23.14
1041,Kannauj,Uttar Pradesh,2018,1.83,13.51,11.59,3.64,30.57,31.83
1041,Kannauj,Uttar Pradesh,2019,1.31,11.09,7.89,6.12,26.41,29.95
1046,Shravasti,Uttar Pradesh,1990,3.74,15.63,5.26,5.58,30.21,34.35
1046,Shravasti,Uttar Pradesh,1991,2.32,3.01,13.7,6.96,25.990000000000002,28.0
1046,Shravasti,Uttar Pradesh,1992,3.34,5.74,6.82,5.31,21.21,24.15
1046,Shravasti,Uttar Pradesh,1993,5.09,4.48,2.8,5.47,17.84,20.93
1046,Shravasti,Uttar Pradesh,1994,3.01,9.26,6.69,2.6,21.560000000000002,23.94
1046,Shravasti,Uttar Pradesh,1995,4.16,2.98,7.56,2.87,17.57,19.3
1046,Shravasti,Uttar Pradesh,1996,3.0,5.29,7.48,3.76,19.53,25.94
1046,Shravasti,Uttar Pradesh,1997,1.95,5.3,2.84,4.53,14.620000000000001,19.91
1046,Shravasti,Uttar Pradesh,1998,2.08,10.28,8.45,2.4,23.209999999999997,27.47
1046,Shravasti,Uttar Pradesh,1999,1.65,4.78,3.98,5.23,15.64,18.64
1046,Shravasti,Uttar Pradesh,2000,6.41,5.73,14.15,3.07,29.36,32.46
1046,Shravasti,Uttar Pradesh,2001,5.42,6.41,5.55,2.17,19.549999999999997,24.22
1046,Shravasti,Uttar Pradesh,2002,2.52,4.05,3.9,6.38,16.85,20.57
1046,Shravasti,Uttar Pradesh,2003,2.22,6.21,6.26,7.64,22.33,25.8
1046,Shravasti,Uttar Pradesh,2004,8.18,8.47,4.55,5.04,26.24,31.0
1046,Shravasti,Uttar Pradesh,2005,3.57,11.53,6.99,5.77,27.86,33.56
1046,Shravasti,Uttar Pradesh,2006,7.82,11.99,5.76,2.71,28.28,33.58
1046,Shravasti,Uttar Pradesh,2007,4.16,11.74,9.35,5.52,30.77,38.8
1046,Shravasti,Uttar Pradesh,2008,11.23,17.77,12.16,8.13,49.29,53.160000000000004
1046,Shravasti,Uttar Pradesh,2009,1.48,7.26,10.45,8.2,27.389999999999997,33.48
1046,Shravasti,Uttar Pradesh,2010,1.62,11.02,7.68,8.8,29.12,33.08
1046,Shravasti,Uttar Pradesh,2011,8.94,11.01,14.5,5.71,40.160000000000004,43.1
1046,Shravasti,Uttar Pradesh,2012,0.54,11.54,12.35,9.64,34.07,37.4
1046,Shravasti,Uttar Pradesh,2013,13.65,10.36,8.66,3.9,36.57,44.66
1046,Shravasti,Uttar Pradesh,2014,2.33,10.76,6.94,4.93,24.96,31.43
1046,Shravasti,Uttar Pradesh,2015,7.03,8.79,11.26,1.11,28.189999999999998,36.28
1046,Shravasti,Uttar Pradesh,2016,4.83,20.37,5.31,6.3,36.81,44.61
1046,Shravasti,Uttar Pradesh,2017,4.38,15.37,13.81,5.48,39.040000000000006,44.37
1046,Shravasti,Uttar Pradesh,2018,5.09,19.97,17.7,3.21,45.97,50.83
1046,Shravasti,Uttar Pradesh,2019,4.57,20.12,6.5,11.38,42.57,49.46
1057,Dindori,Madhya Pradesh,1990,12.78,10.65,9.5,11.03,43.96,50.44
1057,Dindori,Madhya Pradesh,1991,4.5,13.48,14.96,1.56,34.5,35.07
1057,Dindori,Madhya Pradesh,1992,3.25,8.08,13.53,7.91,32.769999999999996,35.23
1057,Dindori,Madhya Pradesh,1993,6.99,8.62,12.18,14.06,41.85,44.46
1057,Dindori,Madhya Pradesh,1994,9.65,22.06,16.64,4.73,53.08,55.54
1057,Dindori,Madhya Pradesh,1995,2.89,12.59,11.98,4.14,31.6,38.29
1057,Dindori,Madhya Pradesh,1996,2.8,9.98,11.27,2.16,26.21,31.89
1057,Dindori,Madhya Pradesh,1997,4.75,14.13,12.37,5.33,36.58,47.82
1057,Dindori,Madhya Pradesh,1998,3.28,7.84,7.17,8.88,27.17,34.63
1057,Dindori,Madhya Pradesh,1999,4.95,11.82,12.68,11.72,41.17,44.71
1057,Dindori,Madhya Pradesh,2000,6.85,9.89,3.68,4.92,25.340000000000003,27.43
1057,Dindori,Madhya Pradesh,2001,9.65,18.33,12.06,2.4,42.44,47.08
1057,Dindori,Madhya Pradesh,2002,5.27,3.01,15.83,7.1,31.21,35.49
1057,Dindori,Madhya Pradesh,2003,6.69,8.17,14.16,17.16,46.18,51.99
1057,Dindori,Madhya Pradesh,2004,9.29,9.52,12.31,3.84,34.959999999999994,40.03
1057,Dindori,Madhya Pradesh,2005,5.67,21.23,10.64,9.92,47.46,53.54
1057,Dindori,Madhya Pradesh,2006,2.93,11.66,9.69,3.87,28.150000000000002,33.21
1057,Dindori,Madhya Pradesh,2007,4.83,12.08,9.16,7.79,33.86,38.18
1057,Dindori,Madhya Pradesh,2008,11.71,12.33,8.57,5.39,38.0,40.51
1057,Dindori,Madhya Pradesh,2009,1.98,10.13,9.36,7.5,28.97,36.47
1057,Dindori,Madhya Pradesh,2010,2.72,11.0,10.97,13.18,37.870000000000005,41.42
1057,Dindori,Madhya Pradesh,2011,9.21,12.99,12.25,11.56,46.010000000000005,49.980000000000004
1057,Dindori,Madhya Pradesh,2012,3.85,16.12,14.09,5.19,39.25,43.27
1057,Dindori,Madhya Pradesh,2013,13.08,13.26,19.92,4.76,51.02,62.28
1057,Dindori,Madhya Pradesh,2014,4.24,10.54,7.92,7.73,30.43,39.98
1057,Dindori,Madhya Pradesh,2015,4.09,9.81,9.91,4.92,28.730000000000004,35.660000000000004
1057,Dindori,Madhya Pradesh,2016,4.24,14.35,13.62,5.46,37.67,41.97
1057,Dindori,Madhya Pradesh,2017,4.17,12.75,6.01,4.91,27.84,29.79
1057,Dindori,Madhya Pradesh,2018,4.07,12.11,12.14,4.65,32.97,35.39
1057,Dindori,Madhya Pradesh,2019,2.29,12.21,14.61,14.9,44.01,47.6
1058,Harda,Madhya Pradesh,1990,8.37,8.76,12.43,8.07,37.629999999999995,43.05
1058,Harda,Madhya Pradesh,1991,6.38,9.1,8.0,0.42,23.900000000000002,24.27
1058,Harda,Madhya Pradesh,1992,3.44,3.84,9.82,4.63,21.73,25.16
1058,Harda,Madhya Pradesh,1993,5.71,13.08,7.66,9.75,36.2,40.43
1058,Harda,Madhya Pradesh,1994,10.05,11.56,15.0,7.35,43.96,47.29
1058,Harda,Madhya Pradesh,1995,2.24,14.13,4.75,7.39,28.51,33.24
1058,Harda,Madhya Pradesh,1996,1.89,13.01,10.97,7.21,33.08,36.84
1058,Harda,Madhya Pradesh,1997,6.08,10.92,9.51,3.02,29.529999999999998,37.82
1058,Harda,Madhya Pradesh,1998,5.53,9.75,7.96,8.85,32.09,36.43
1058,Harda,Madhya Pradesh,1999,6.04,8.21,6.24,8.79,29.28,34.7
1058,Harda,Madhya Pradesh,2000,3.41,11.63,7.86,1.24,24.14,27.09
1058,Harda,Madhya Pradesh,2001,7.91,6.07,5.67,2.08,21.729999999999997,27.36
1058,Harda,Madhya Pradesh,2002,5.96,1.7,14.01,3.3,24.970000000000002,27.29
1058,Harda,Madhya Pradesh,2003,7.84,14.0,7.48,10.17,39.49,42.5
1058,Harda,Madhya Pradesh,2004,2.44,8.4,9.34,3.76,23.939999999999998,27.11
1058,Harda,Madhya Pradesh,2005,2.31,16.17,5.2,8.54,32.22,35.06
1058,Harda,Madhya Pradesh,2006,4.09,12.08,22.07,8.97,47.21,53.480000000000004
1058,Harda,Madhya Pradesh,2007,4.57,11.19,9.02,7.77,32.55,33.92
1058,Harda,Madhya Pradesh,2008,4.53,5.75,6.1,7.07,23.450000000000003,24.69
1058,Harda,Madhya Pradesh,2009,4.36,13.74,4.84,3.89,26.830000000000002,36.28
1058,Harda,Madhya Pradesh,2010,4.46,8.87,12.57,5.67,31.57,36.49
1058,Harda,Madhya Pradesh,2011,5.55,10.04,13.41,6.7,35.7,36.64
1058,Harda,Madhya Pradesh,2012,3.47,12.99,10.66,7.65,34.77,36.06
1058,Harda,Madhya Pradesh,2013,13.5,16.83,10.0,4.02,44.349999999999994,49.26
1058,Harda,Madhya Pradesh,2014,0.76,13.9,5.85,6.1,26.61,30.91
1058,Harda,Madhya Pradesh,2015,8.05,13.05,12.87,3.84,37.81,42.56
1058,Harda,Madhya Pradesh,2016,4.44,21.23,10.2,5.68,41.550000000000004,43.84
1058,Harda,Madhya Pradesh,2017,4.56,12.57,8.05,6.66,31.84,33.58
1058,Harda,Madhya Pradesh,2018,5.65,10.17,6.93,3.37,26.12,26.65
1058,Harda,Madhya Pradesh,2019,1.92,15.96,17.39,16.48,51.75,55.82
1060,Barwani,Madhya Pradesh,1990,2.72,5.56,11.29,7.34,26.91,30.799999999999997
1060,Barwani,Madhya Pradesh,1991,5.88,8.97,3.69,0.54,19.080000000000002,19.27
1060,Barwani,Madhya Pradesh,1992,3.73,3.62,5.21,3.44,15.999999999999998,17.74
1060,Barwani,Madhya Pradesh,1993,3.23,10.34,5.59,4.96,24.12,26.53
1060,Barwani,Madhya Pradesh,1994,7.22,7.84,9.21,6.45,30.72,32.660000000000004
1060,Barwani,Madhya Pradesh,1995,2.62,11.94,4.24,4.6,23.4,26.16
1060,Barwani,Madhya Pradesh,1996,1.72,12.4,5.81,4.39,24.32,27.03
1060,Barwani,Madhya Pradesh,1997,6.72,9.93,5.93,2.05,24.63,27.64
1060,Barwani,Madhya Pradesh,1998,4.73,6.94,6.13,7.39,25.19,27.95
1060,Barwani,Madhya Pradesh,1999,5.8,4.27,1.9,7.32,19.29,23.46
1060,Barwani,Madhya Pradesh,2000,2.98,6.52,5.42,0.7,15.62,18.39
1060,Barwani,Madhya Pradesh,2001,5.05,3.86,3.83,0.71,13.45,16.47
1060,Barwani,Madhya Pradesh,2002,5.98,1.22,8.5,2.85,18.55,19.830000000000002
1060,Barwani,Madhya Pradesh,2003,6.98,10.61,5.79,8.33,31.71,34.04
1060,Barwani,Madhya Pradesh,2004,2.66,7.68,8.95,3.93,23.22,25.32
1060,Barwani,Madhya Pradesh,2005,5.63,9.96,3.99,7.89,27.47,28.75
1060,Barwani,Madhya Pradesh,2006,3.94,8.98,12.45,6.64,32.01,35.3
1060,Barwani,Madhya Pradesh,2007,4.45,9.33,9.32,4.82,27.92,29.330000000000002
1060,Barwani,Madhya Pradesh,2008,3.51,4.45,5.29,5.13,18.38,19.13
1060,Barwani,Madhya Pradesh,2009,2.15,11.3,4.57,2.98,21.000000000000004,27.82
1060,Barwani,Madhya Pradesh,2010,3.43,5.57,10.17,5.74,24.910000000000004,29.17
1060,Barwani,Madhya Pradesh,2011,2.19,6.89,13.86,3.6,26.54,27.04
1060,Barwani,Madhya Pradesh,2012,1.69,8.68,5.01,7.9,23.28,24.48
1060,Barwani,Madhya Pradesh,2013,9.94,14.16,7.93,4.26,36.29,40.18
1060,Barwani,Madhya Pradesh,2014,0.37,10.33,5.41,5.62,21.73,24.57
1060,Barwani,Madhya Pradesh,2015,7.68,10.81,6.25,3.63,28.37,31.82
1060,Barwani,Madhya Pradesh,2016,3.56,8.47,6.2,3.88,22.11,24.16
1060,Barwani,Madhya Pradesh,2017,4.46,9.19,5.85,3.05,22.55,23.72
1060,Barwani,Madhya Pradesh,2018,3.89,5.42,5.55,2.0,16.86,17.02
1060,Barwani,Madhya Pradesh,2019,3.29,9.67,13.67,9.94,36.57,39.16
1061,Katni,Madhya Pradesh,1990,13.29,11.25,9.9,12.18,46.62,49.91
1061,Katni,Madhya Pradesh,1991,4.1,13.43,13.69,0.97,32.19,32.43
1061,Katni,Madhya Pradesh,1992,2.74,6.74,14.6,8.29,32.37,34.32
1061,Katni,Madhya Pradesh,1993,6.57,7.27,12.8,14.23,40.870000000000005,43.06
1061,Katni,Madhya Pradesh,1994,6.92,25.65,20.09,2.22,54.879999999999995,56.5
1061,Katni,Madhya Pradesh,1995,2.48,12.29,11.04,3.89,29.7,35.43
1061,Katni,Madhya Pradesh,1996,1.82,9.95,10.71,2.11,24.59,29.47
1061,Katni,Madhya Pradesh,1997,3.33,13.68,11.1,5.52,33.629999999999995,44.07
1061,Katni,Madhya Pradesh,1998,3.3,7.36,7.38,7.18,25.22,30.34
1061,Katni,Madhya Pradesh,1999,3.55,14.66,11.54,12.87,42.62,45.82
1061,Katni,Madhya Pradesh,2000,5.67,10.99,4.44,4.13,25.23,26.52
1061,Katni,Madhya Pradesh,2001,8.76,19.1,9.35,2.09,39.3,43.33
1061,Katni,Madhya Pradesh,2002,3.26,3.15,18.18,7.26,31.85,35.82
1061,Katni,Madhya Pradesh,2003,6.84,8.84,15.14,18.88,49.7,53.699999999999996
1061,Katni,Madhya Pradesh,2004,7.51,9.99,12.81,3.18,33.49,37.050000000000004
1061,Katni,Madhya Pradesh,2005,4.62,25.73,10.3,10.22,50.870000000000005,54.620000000000005
1061,Katni,Madhya Pradesh,2006,3.05,11.54,9.99,2.76,27.339999999999996,31.189999999999998
1061,Katni,Madhya Pradesh,2007,3.37,11.02,9.99,5.25,29.630000000000003,33.57
1061,Katni,Madhya Pradesh,2008,11.64,12.13,8.82,3.86,36.45,38.24
1061,Katni,Madhya Pradesh,2009,2.05,10.63,8.01,10.76,31.449999999999996,39.01
1061,Katni,Madhya Pradesh,2010,2.53,12.04,12.01,14.21,40.79,43.64
1061,Katni,Madhya Pradesh,2011,10.25,16.13,10.42,9.78,46.58,49.019999999999996
1061,Katni,Madhya Pradesh,2012,4.24,17.27,14.49,4.5,40.5,42.34
1061,Katni,Madhya Pradesh,2013,13.86,14.09,23.58,3.77,55.300000000000004,63.309999999999995
1061,Katni,Madhya Pradesh,2014,4.23,10.43,5.37,7.63,27.66,34.85
1061,Katni,Madhya Pradesh,2015,3.41,10.46,9.87,2.79,26.53,34.32
1061,Katni,Madhya Pradesh,2016,3.46,19.85,16.7,3.94,43.95,47.3
1061,Katni,Madhya Pradesh,2017,3.97,11.83,5.01,5.01,25.82,27.35
1061,Katni,Madhya Pradesh,2018,3.2,14.36,12.44,4.93,34.93,36.379999999999995
1061,Katni,Madhya Pradesh,2019,3.17,12.04,18.0,13.82,47.03,49.66
1062,Neemuch,Madhya Pradesh,1990,3.21,5.09,7.31,5.8,21.41,23.099999999999998
1062,Neemuch,Madhya Pradesh,1991,1.09,7.77,7.42,1.69,17.970000000000002,18.55
1062,Neemuch,Madhya Pradesh,1992,0.87,5.27,7.46,5.63,19.23,22.52
1062,Neemuch,Madhya Pradesh,1993,3.11,9.77,5.26,5.45,23.59,24.509999999999998
1062,Neemuch,Madhya Pradesh,1994,4.21,9.44,8.04,4.16,25.849999999999998,27.27
1062,Neemuch,Madhya Pradesh,1995,0.99,8.92,7.17,2.25,19.33,21.62
1062,Neemuch,Madhya Pradesh,1996,1.26,9.97,9.93,3.38,24.54,26.080000000000002
1062,Neemuch,Madhya Pradesh,1997,3.69,6.18,10.79,1.42,22.08,24.99
1062,Neemuch,Madhya Pradesh,1998,2.43,8.96,3.21,5.31,19.91,20.89
1062,Neemuch,Madhya Pradesh,1999,2.17,6.59,2.83,3.28,14.87,17.58
1062,Neemuch,Madhya Pradesh,2000,1.98,6.68,3.97,0.83,13.46,15.7
1062,Neemuch,Madhya Pradesh,2001,4.61,9.32,4.01,0.39,18.33,20.11
1062,Neemuch,Madhya Pradesh,2002,2.41,1.15,6.74,1.91,12.21,13.59
1062,Neemuch,Madhya Pradesh,2003,2.86,6.78,3.53,3.38,16.55,18.46
1062,Neemuch,Madhya Pradesh,2004,1.59,6.81,10.88,2.04,21.32,22.44
1062,Neemuch,Madhya Pradesh,2005,1.8,8.98,3.09,7.03,20.900000000000002,21.740000000000002
1062,Neemuch,Madhya Pradesh,2006,3.64,7.07,14.69,4.17,29.57,31.0
1062,Neemuch,Madhya Pradesh,2007,3.71,8.92,6.28,3.1,22.01,23.28
1062,Neemuch,Madhya Pradesh,2008,4.59,6.41,4.85,3.58,19.43,20.56
1062,Neemuch,Madhya Pradesh,2009,1.94,9.68,3.95,1.19,16.76,19.81
1062,Neemuch,Madhya Pradesh,2010,1.51,7.29,11.1,3.97,23.869999999999997,26.63
1062,Neemuch,Madhya Pradesh,2011,6.11,7.39,11.25,5.6,30.35,30.69
1062,Neemuch,Madhya Pradesh,2012,0.73,8.16,10.16,7.05,26.1,27.08
1062,Neemuch,Madhya Pradesh,2013,3.83,14.32,6.28,3.68,28.11,31.67
1062,Neemuch,Madhya Pradesh,2014,0.45,8.74,7.6,5.44,22.23,24.23
1062,Neemuch,Madhya Pradesh,2015,3.17,10.1,8.13,1.36,22.759999999999998,26.2
1062,Neemuch,Madhya Pradesh,2016,2.52,9.33,23.01,1.58,36.44,38.75
1062,Neemuch,Madhya Pradesh,2017,3.68,11.22,5.73,2.07,22.700000000000003,23.73
1062,Neemuch,Madhya Pradesh,2018,2.41,9.33,5.41,4.68,21.83,21.97
1062,Neemuch,Madhya Pradesh,2019,4.25,9.44,16.39,8.94,39.019999999999996,41.81
1063,Sheopur Kalan,Madhya Pradesh,1990,2.74,7.16,6.42,7.76,24.08,26.23
1063,Sheopur Kalan,Madhya Pradesh,1991,0.58,7.6,7.97,1.64,17.79,18.58
1063,Sheopur Kalan,Madhya Pradesh,1992,0.23,5.2,9.19,4.42,19.04,22.099999999999998
1063,Sheopur Kalan,Madhya Pradesh,1993,2.43,6.01,4.24,7.58,20.259999999999998,21.35
1063,Sheopur Kalan,Madhya Pradesh,1994,3.22,8.86,6.77,2.76,21.61,22.849999999999998
1063,Sheopur Kalan,Madhya Pradesh,1995,1.32,9.49,11.69,5.26,27.759999999999998,29.64
1063,Sheopur Kalan,Madhya Pradesh,1996,1.58,10.56,10.38,4.19,26.710000000000004,29.25
1063,Sheopur Kalan,Madhya Pradesh,1997,1.95,4.33,11.14,2.51,19.93,25.150000000000002
1063,Sheopur Kalan,Madhya Pradesh,1998,2.0,7.84,4.31,4.12,18.27,19.13
1063,Sheopur Kalan,Madhya Pradesh,1999,1.43,7.13,3.85,4.4,16.810000000000002,18.5
1063,Sheopur Kalan,Madhya Pradesh,2000,0.9,4.21,2.9,1.02,9.03,10.03
1063,Sheopur Kalan,Madhya Pradesh,2001,5.11,11.56,5.02,0.35,22.040000000000003,25.080000000000002
1063,Sheopur Kalan,Madhya Pradesh,2002,1.3,1.09,8.24,2.19,12.82,14.73
1063,Sheopur Kalan,Madhya Pradesh,2003,2.32,5.67,5.36,4.68,18.03,20.31
1063,Sheopur Kalan,Madhya Pradesh,2004,1.14,5.18,12.92,1.05,20.29,22.58
1063,Sheopur Kalan,Madhya Pradesh,2005,2.7,11.19,1.14,3.93,18.96,19.99
1063,Sheopur Kalan,Madhya Pradesh,2006,3.22,7.33,8.58,3.16,22.290000000000003,24.16
1063,Sheopur Kalan,Madhya Pradesh,2007,2.71,8.16,6.68,4.13,21.68,23.97
1063,Sheopur Kalan,Madhya Pradesh,2008,8.76,6.51,5.32,4.18,24.77,26.169999999999998
1063,Sheopur Kalan,Madhya Pradesh,2009,2.03,5.18,3.69,2.23,13.129999999999999,16.4
1063,Sheopur Kalan,Madhya Pradesh,2010,2.12,6.76,8.63,3.69,21.2,24.47
1063,Sheopur Kalan,Madhya Pradesh,2011,11.75,11.02,8.67,5.61,37.05,37.79
1063,Sheopur Kalan,Madhya Pradesh,2012,0.77,7.82,9.93,4.41,22.93,23.97
1063,Sheopur Kalan,Madhya Pradesh,2013,5.84,13.54,11.71,2.39,33.48,39.1
1063,Sheopur Kalan,Madhya Pradesh,2014,0.8,8.28,10.19,3.43,22.7,27.06
1063,Sheopur Kalan,Madhya Pradesh,2015,3.37,9.74,7.59,1.82,22.52,27.63
1063,Sheopur Kalan,Madhya Pradesh,2016,2.88,11.61,12.88,0.64,28.009999999999998,29.63
1063,Sheopur Kalan,Madhya Pradesh,2017,2.05,4.7,3.8,3.3,13.850000000000001,15.129999999999999
1063,Sheopur Kalan,Madhya Pradesh,2018,2.4,6.22,5.07,5.35,19.04,19.39
1063,Sheopur Kalan,Madhya Pradesh,2019,2.42,7.48,8.56,4.95,23.41,24.990000000000002
1064,Umaria,Madhya Pradesh,1990,10.34,10.0,8.64,9.17,38.15,45.83
1064,Umaria,Madhya Pradesh,1991,4.6,11.33,14.59,2.03,32.55,33.37
1064,Umaria,Madhya Pradesh,1992,2.74,8.84,11.53,7.61,30.72,33.72
1064,Umaria,Madhya Pradesh,1993,5.25,7.98,8.46,15.53,37.22,39.94
1064,Umaria,Madhya Pradesh,1994,9.97,14.38,12.11,6.05,42.51,45.63
1064,Umaria,Madhya Pradesh,1995,2.7,10.01,11.26,4.03,28.0,34.01
1064,Umaria,Madhya Pradesh,1996,4.76,9.71,11.37,2.69,28.53,34.27
1064,Umaria,Madhya Pradesh,1997,5.14,12.96,11.99,5.67,35.760000000000005,47.01
1064,Umaria,Madhya Pradesh,1998,2.46,7.95,7.91,9.41,27.73,34.77
1064,Umaria,Madhya Pradesh,1999,5.07,9.43,10.92,8.0,33.42,36.66
1064,Umaria,Madhya Pradesh,2000,6.09,7.17,3.47,4.93,21.66,24.009999999999998
1064,Umaria,Madhya Pradesh,2001,8.72,17.43,11.94,2.04,40.129999999999995,45.23
1064,Umaria,Madhya Pradesh,2002,5.7,3.07,12.6,7.15,28.519999999999996,33.13
1064,Umaria,Madhya Pradesh,2003,5.03,6.38,11.26,15.44,38.11,44.31
1064,Umaria,Madhya Pradesh,2004,10.2,7.34,10.82,4.08,32.44,37.9
1064,Umaria,Madhya Pradesh,2005,5.63,16.36,9.25,7.6,38.839999999999996,44.93
1064,Umaria,Madhya Pradesh,2006,2.3,11.46,7.82,3.63,25.21,30.69
1064,Umaria,Madhya Pradesh,2007,4.15,10.25,6.99,8.33,29.72,34.44
1064,Umaria,Madhya Pradesh,2008,10.41,11.35,7.49,5.18,34.43,37.23
1064,Umaria,Madhya Pradesh,2009,1.76,6.98,7.47,4.08,20.29,27.99
1064,Umaria,Madhya Pradesh,2010,2.05,8.21,8.0,9.31,27.57,31.0
1064,Umaria,Madhya Pradesh,2011,9.07,8.47,11.2,10.59,39.33,43.51
1064,Umaria,Madhya Pradesh,2012,2.01,12.4,13.16,5.61,33.18,38.05
1064,Umaria,Madhya Pradesh,2013,10.49,10.25,14.14,4.85,39.730000000000004,52.97
1064,Umaria,Madhya Pradesh,2014,3.2,8.57,8.76,6.42,26.950000000000003,38.26
1064,Umaria,Madhya Pradesh,2015,4.24,8.71,9.4,5.47,27.82,34.910000000000004
1064,Umaria,Madhya Pradesh,2016,2.98,12.91,14.91,6.89,37.69,42.7
1064,Umaria,Madhya Pradesh,2017,4.84,13.24,5.87,3.78,27.73,29.61
1064,Umaria,Madhya Pradesh,2018,4.42,11.51,11.36,4.95,32.24,34.7
1064,Umaria,Madhya Pradesh,2019,2.2,10.9,12.21,11.84,37.150000000000006,41.22
1065,Koriya,Chhattisgarh,1990,9.92,10.05,8.39,8.62,36.98,45.65
1065,Koriya,Chhattisgarh,1991,4.62,10.93,15.02,2.52,33.09,34.29
1065,Koriya,Chhattisgarh,1992,3.01,9.07,10.89,7.41,30.38,33.69
1065,Koriya,Chhattisgarh,1993,5.34,8.64,8.03,15.26,37.269999999999996,40.54
1065,Koriya,Chhattisgarh,1994,11.02,13.36,10.94,6.78,42.1,45.82
1065,Koriya,Chhattisgarh,1995,2.84,9.98,11.46,4.5,28.78,35.18
1065,Koriya,Chhattisgarh,1996,5.25,10.38,11.8,2.84,30.27,36.06
1065,Koriya,Chhattisgarh,1997,5.87,12.7,12.33,5.57,36.47,47.74
1065,Koriya,Chhattisgarh,1998,2.77,8.08,7.85,9.92,28.619999999999997,36.44
1065,Koriya,Chhattisgarh,1999,5.86,8.7,11.27,7.49,33.32,36.82
1065,Koriya,Chhattisgarh,2000,6.27,6.7,3.32,5.11,21.4,24.03
1065,Koriya,Chhattisgarh,2001,8.58,16.69,12.49,2.18,39.940000000000005,45.14
1065,Koriya,Chhattisgarh,2002,6.19,3.07,11.51,6.88,27.65,32.45
1065,Koriya,Chhattisgarh,2003,5.08,6.28,10.46,14.1,35.92,42.660000000000004
1065,Koriya,Chhattisgarh,2004,10.5,7.09,10.71,4.14,32.44,38.34
1065,Koriya,Chhattisgarh,2005,5.75,13.37,9.21,6.96,35.29,41.64
1065,Koriya,Chhattisgarh,2006,2.44,11.11,8.1,3.95,25.599999999999998,31.369999999999997
1065,Koriya,Chhattisgarh,2007,4.32,10.4,6.86,9.27,30.85,35.74
1065,Koriya,Chhattisgarh,2008,10.86,11.44,7.77,5.38,35.449999999999996,38.449999999999996
1065,Koriya,Chhattisgarh,2009,1.74,7.01,7.68,3.46,19.89,26.88
1065,Koriya,Chhattisgarh,2010,2.19,7.54,7.32,8.47,25.520000000000003,29.07
1065,Koriya,Chhattisgarh,2011,9.13,7.34,11.51,11.27,39.25,43.78
1065,Koriya,Chhattisgarh,2012,1.93,11.98,12.99,5.93,32.83,38.33
1065,Koriya,Chhattisgarh,2013,9.65,9.47,12.63,5.32,37.07,51.04
1065,Koriya,Chhattisgarh,2014,3.17,8.48,9.61,6.15,27.409999999999997,39.13
1065,Koriya,Chhattisgarh,2015,4.56,9.48,9.62,6.01,29.669999999999995,36.17
1065,Koriya,Chhattisgarh,2016,2.63,12.86,15.39,7.25,38.129999999999995,43.64
1065,Koriya,Chhattisgarh,2017,5.5,14.62,7.12,4.11,31.349999999999998,33.31
1065,Koriya,Chhattisgarh,2018,4.39,12.18,10.51,4.15,31.229999999999997,33.99
1065,Koriya,Chhattisgarh,2019,2.64,10.62,11.75,11.25,36.26,40.76
1066,Jashpur,Chhattisgarh,1990,8.17,13.93,8.17,7.28,37.550000000000004,47.39
1066,Jashpur,Chhattisgarh,1991,4.4,9.07,14.96,7.02,35.45,39.120000000000005
1066,Jashpur,Chhattisgarh,1992,4.51,9.25,9.56,5.66,28.98,32.22
1066,Jashpur,Chhattisgarh,1993,7.7,10.23,7.83,11.64,37.4,43.940000000000005
1066,Jashpur,Chhattisgarh,1994,11.11,21.87,14.16,7.26,54.4,61.54
1066,Jashpur,Chhattisgarh,1995,4.36,11.91,10.41,9.52,36.2,45.45
1066,Jashpur,Chhattisgarh,1996,7.9,13.44,12.5,4.9,38.74,42.54
1066,Jashpur,Chhattisgarh,1997,7.48,10.75,15.92,5.11,39.26,48.42
1066,Jashpur,Chhattisgarh,1998,7.12,7.29,9.17,9.72,33.3,44.9
1066,Jashpur,Chhattisgarh,1999,7.17,10.78,12.16,7.54,37.65,43.19
1066,Jashpur,Chhattisgarh,2000,5.95,7.42,5.35,6.71,25.43,28.509999999999998
1066,Jashpur,Chhattisgarh,2001,8.91,16.12,8.98,3.18,37.190000000000005,42.75
1066,Jashpur,Chhattisgarh,2002,5.08,6.32,8.53,7.34,27.27,32.11
1066,Jashpur,Chhattisgarh,2003,8.12,10.75,10.96,10.24,40.07,50.62
1066,Jashpur,Chhattisgarh,2004,8.44,9.68,15.98,4.49,38.589999999999996,44.87
1066,Jashpur,Chhattisgarh,2005,6.26,11.38,8.93,5.51,32.08,37.35
1066,Jashpur,Chhattisgarh,2006,5.86,12.44,11.27,5.47,35.04,41.26
1066,Jashpur,Chhattisgarh,2007,5.4,10.03,9.22,11.16,35.81,41.32
1066,Jashpur,Chhattisgarh,2008,12.99,12.52,11.96,6.93,44.4,48.62
1066,Jashpur,Chhattisgarh,2009,2.44,12.59,7.98,6.5,29.509999999999998,35.67
1066,Jashpur,Chhattisgarh,2010,4.33,7.92,6.63,7.62,26.5,30.76
1066,Jashpur,Chhattisgarh,2011,11.84,7.93,12.16,13.63,45.56,50.27
1066,Jashpur,Chhattisgarh,2012,4.77,12.95,16.64,7.51,41.87,48.55
1066,Jashpur,Chhattisgarh,2013,7.2,9.91,11.8,7.39,36.3,49.78
1066,Jashpur,Chhattisgarh,2014,4.31,10.48,9.56,5.93,30.28,39.1
1066,Jashpur,Chhattisgarh,2015,6.88,20.43,14.31,4.77,46.39,51.7
1066,Jashpur,Chhattisgarh,2016,1.73,11.16,18.92,7.84,39.650000000000006,44.660000000000004
1066,Jashpur,Chhattisgarh,2017,5.77,22.45,10.18,5.26,43.66,46.699999999999996
1066,Jashpur,Chhattisgarh,2018,3.59,14.83,10.72,4.33,33.47,38.160000000000004
1066,Jashpur,Chhattisgarh,2019,5.12,9.3,12.21,9.34,35.97,41.980000000000004
1067,Korba,Chhattisgarh,1990,10.01,9.56,8.69,9.51,37.769999999999996,49.01
1067,Korba,Chhattisgarh,1991,4.95,11.91,15.79,2.96,35.61,37.25
1067,Korba,Chhattisgarh,1992,3.72,9.89,11.24,7.17,32.02,35.050000000000004
1067,Korba,Chhattisgarh,1993,6.91,11.96,9.9,14.16,42.93000000000001,46.480000000000004
1067,Korba,Chhattisgarh,1994,13.69,15.44,10.71,8.46,48.300000000000004,52.13
1067,Korba,Chhattisgarh,1995,3.07,13.15,12.56,5.01,33.79,42.04
1067,Korba,Chhattisgarh,1996,4.86,12.51,12.85,2.73,32.949999999999996,38.8
1067,Korba,Chhattisgarh,1997,6.45,13.03,16.4,4.69,40.56999999999999,52.25
1067,Korba,Chhattisgarh,1998,3.58,7.99,7.03,10.37,28.97,39.19
1067,Korba,Chhattisgarh,1999,6.93,7.33,13.35,8.56,36.17,39.94
1067,Korba,Chhattisgarh,2000,7.78,7.54,3.03,4.84,23.19,26.33
1067,Korba,Chhattisgarh,2001,9.72,16.06,14.3,2.51,42.589999999999996,48.0
1067,Korba,Chhattisgarh,2002,7.51,2.91,11.04,6.13,27.59,32.06
1067,Korba,Chhattisgarh,2003,5.9,7.24,12.07,13.51,38.72,47.18
1067,Korba,Chhattisgarh,2004,10.67,8.48,11.45,4.91,35.51,42.65
1067,Korba,Chhattisgarh,2005,6.57,13.16,10.2,8.53,38.46,47.199999999999996
1067,Korba,Chhattisgarh,2006,2.28,11.28,9.78,5.53,28.869999999999997,35.589999999999996
1067,Korba,Chhattisgarh,2007,7.6,12.32,7.4,11.26,38.58,43.14
1067,Korba,Chhattisgarh,2008,10.5,11.57,8.0,8.18,38.25,41.91
1067,Korba,Chhattisgarh,2009,1.96,9.98,9.91,2.2,24.05,31.01
1067,Korba,Chhattisgarh,2010,3.26,8.78,7.86,9.68,29.58,34.24
1067,Korba,Chhattisgarh,2011,7.33,7.83,13.68,13.82,42.66,48.73
1067,Korba,Chhattisgarh,2012,3.4,12.92,14.29,6.0,36.61,43.36
1067,Korba,Chhattisgarh,2013,10.14,11.04,13.0,6.03,40.21,55.26
1067,Korba,Chhattisgarh,2014,3.56,10.59,11.05,7.34,32.540000000000006,44.51
1067,Korba,Chhattisgarh,2015,5.21,8.82,9.61,7.88,31.52,36.339999999999996
1067,Korba,Chhattisgarh,2016,3.93,10.82,11.35,8.45,34.55,41.72
1067,Korba,Chhattisgarh,2017,7.13,13.15,9.4,6.31,35.99,38.69
1067,Korba,Chhattisgarh,2018,5.14,12.12,9.76,3.7,30.719999999999995,34.519999999999996
1067,Korba,Chhattisgarh,2019,3.5,12.63,13.38,13.44,42.95,47.870000000000005
1068,Kawardha,Chhattisgarh,1990,9.5,8.64,9.04,10.08,37.26,48.42
1068,Kawardha,Chhattisgarh,1991,5.88,10.77,13.88,2.65,33.18,34.39
1068,Kawardha,Chhattisgarh,1992,3.17,9.46,12.64,6.56,31.830000000000002,34.410000000000004
1068,Kawardha,Chhattisgarh,1993,6.54,12.97,11.08,10.83,41.42,44.2
1068,Kawardha,Chhattisgarh,1994,12.57,15.53,11.14,8.53,47.77,51.58
1068,Kawardha,Chhattisgarh,1995,3.14,13.48,11.2,5.31,33.13,40.73
1068,Kawardha,Chhattisgarh,1996,4.0,11.22,11.64,2.49,29.35,34.49
1068,Kawardha,Chhattisgarh,1997,4.84,12.68,15.5,3.49,36.51,45.92
1068,Kawardha,Chhattisgarh,1998,3.13,6.31,6.91,8.24,24.590000000000003,33.45
1068,Kawardha,Chhattisgarh,1999,5.65,6.74,13.03,8.07,33.49,36.65
1068,Kawardha,Chhattisgarh,2000,8.71,8.84,3.47,3.63,24.65,27.32
1068,Kawardha,Chhattisgarh,2001,10.7,12.52,11.67,3.19,38.08,43.39
1068,Kawardha,Chhattisgarh,2002,7.31,3.08,10.6,4.51,25.5,29.25
1068,Kawardha,Chhattisgarh,2003,4.4,8.61,13.59,12.26,38.86,46.7
1068,Kawardha,Chhattisgarh,2004,9.31,8.5,8.44,5.43,31.68,37.41
1068,Kawardha,Chhattisgarh,2005,5.18,15.37,10.35,9.39,40.29,48.769999999999996
1068,Kawardha,Chhattisgarh,2006,2.3,10.91,9.7,6.67,29.58,35.55
1068,Kawardha,Chhattisgarh,2007,12.7,11.54,7.77,8.92,40.93,44.51
1068,Kawardha,Chhattisgarh,2008,9.07,8.73,7.41,9.07,34.28,37.09
1068,Kawardha,Chhattisgarh,2009,2.08,13.18,9.27,2.63,27.16,32.99
1068,Kawardha,Chhattisgarh,2010,3.46,11.08,7.49,9.8,31.830000000000002,37.11
1068,Kawardha,Chhattisgarh,2011,6.8,9.82,14.05,12.62,43.29,49.01
1068,Kawardha,Chhattisgarh,2012,5.34,15.14,14.07,6.28,40.83,46.03
1068,Kawardha,Chhattisgarh,2013,11.28,13.69,13.09,5.52,43.58,54.9
1068,Kawardha,Chhattisgarh,2014,3.19,12.63,9.24,7.42,32.480000000000004,41.96
1068,Kawardha,Chhattisgarh,2015,6.69,7.88,8.8,7.29,30.66,34.72
1068,Kawardha,Chhattisgarh,2016,4.75,11.12,8.94,8.78,33.589999999999996,38.559999999999995
1068,Kawardha,Chhattisgarh,2017,6.05,11.77,8.05,5.94,31.810000000000002,34.28
1068,Kawardha,Chhattisgarh,2018,4.65,11.83,9.88,3.0,29.36,33.620000000000005
1068,Kawardha,Chhattisgarh,2019,3.43,11.14,13.06,14.41,42.040000000000006,46.660000000000004
1071,Anuppur,Madhya Pradesh,1990,10.69,9.57,8.51,9.42,38.19,47.22
1071,Anuppur,Madhya Pradesh,1991,4.59,12.02,15.12,2.09,33.81999999999999,34.76
1071,Anuppur,Madhya Pradesh,1992,3.21,8.87,11.26,7.17,30.509999999999998,33.54
1071,Anuppur,Madhya Pradesh,1993,6.23,9.53,9.47,14.97,40.2,43.02
1071,Anuppur,Madhya Pradesh,1994,11.67,15.03,11.47,6.84,45.010000000000005,48.13
1071,Anuppur,Madhya Pradesh,1995,2.93,11.36,11.91,4.07,30.27,37.34
1071,Anuppur,Madhya Pradesh,1996,4.32,10.6,11.87,2.34,29.13,35.3
1071,Anuppur,Madhya Pradesh,1997,5.81,13.26,13.28,5.14,37.49,49.51
1071,Anuppur,Madhya Pradesh,1998,2.81,8.04,6.91,10.12,27.879999999999995,36.5
1071,Anuppur,Madhya Pradesh,1999,5.86,8.35,12.07,8.75,35.03,38.61
1071,Anuppur,Madhya Pradesh,2000,6.99,7.5,2.95,5.0,22.44,25.19
1071,Anuppur,Madhya Pradesh,2001,9.34,16.82,13.46,2.18,41.800000000000004,46.85
1071,Anuppur,Madhya Pradesh,2002,6.67,2.69,12.28,6.74,28.380000000000003,32.91
1071,Anuppur,Madhya Pradesh,2003,5.51,6.51,11.57,14.74,38.33,45.48
1071,Anuppur,Madhya Pradesh,2004,10.53,7.82,11.15,4.26,33.76,40.22
1071,Anuppur,Madhya Pradesh,2005,6.21,15.01,9.64,8.38,39.24,46.800000000000004
1071,Anuppur,Madhya Pradesh,2006,2.33,11.16,8.72,4.41,26.62,32.77
1071,Anuppur,Madhya Pradesh,2007,5.19,11.71,7.04,9.73,33.67,38.35
1071,Anuppur,Madhya Pradesh,2008,10.48,11.49,7.22,6.29,35.48,38.64
1071,Anuppur,Madhya Pradesh,2009,1.84,7.67,9.05,3.29,21.85,29.62
1071,Anuppur,Madhya Pradesh,2010,2.5,8.33,8.27,10.25,29.35,33.39
1071,Anuppur,Madhya Pradesh,2011,8.05,8.19,12.45,11.98,40.67,45.9
1071,Anuppur,Madhya Pradesh,2012,2.42,12.4,13.14,5.35,33.31,39.14
1071,Anuppur,Madhya Pradesh,2013,10.72,10.47,14.07,5.32,40.580000000000005,54.940000000000005
1071,Anuppur,Madhya Pradesh,2014,3.52,9.13,9.79,6.92,29.36,41.41
1071,Anuppur,Madhya Pradesh,2015,5.07,10.68,10.36,7.19,33.3,38.72
1071,Anuppur,Madhya Pradesh,2016,2.88,11.38,15.76,7.65,37.67,44.49
1071,Anuppur,Madhya Pradesh,2017,6.89,16.16,9.58,5.51,38.14,40.58
1071,Anuppur,Madhya Pradesh,2018,4.66,13.2,9.88,3.9,31.64,35.23
1071,Anuppur,Madhya Pradesh,2019,3.94,11.89,12.34,11.24,39.410000000000004,44.34
1073,Hingoli,Maharashtra,1990,8.42,5.91,7.56,2.76,24.65,34.96
1073,Hingoli,Maharashtra,1991,9.96,5.67,2.49,1.61,19.73,20.71
1073,Hingoli,Maharashtra,1992,6.45,2.81,7.33,4.04,20.63,24.12
1073,Hingoli,Maharashtra,1993,5.84,9.41,6.65,7.64,29.54,38.04
1073,Hingoli,Maharashtra,1994,5.1,9.47,8.57,4.73,27.87,33.53
1073,Hingoli,Maharashtra,1995,3.75,8.55,2.32,6.57,21.19,27.42
1073,Hingoli,Maharashtra,1996,1.8,6.63,6.26,6.97,21.66,26.39
1073,Hingoli,Maharashtra,1997,5.0,5.08,6.03,2.95,19.06,26.53
1073,Hingoli,Maharashtra,1998,5.92,7.31,8.32,8.27,29.82,36.86
1073,Hingoli,Maharashtra,1999,6.1,4.46,5.52,6.51,22.589999999999996,27.419999999999998
1073,Hingoli,Maharashtra,2000,3.87,6.1,9.41,1.93,21.31,25.83
1073,Hingoli,Maharashtra,2001,5.2,2.77,6.9,5.02,19.89,26.3
1073,Hingoli,Maharashtra,2002,7.21,2.81,8.69,3.17,21.880000000000003,24.87
1073,Hingoli,Maharashtra,2003,5.8,7.58,5.66,2.4,21.439999999999998,24.02
1073,Hingoli,Maharashtra,2004,2.79,6.85,3.09,6.36,19.09,23.84
1073,Hingoli,Maharashtra,2005,2.85,12.41,6.17,8.0,29.43,35.07
1073,Hingoli,Maharashtra,2006,5.5,7.89,12.31,10.06,35.760000000000005,43.72
1073,Hingoli,Maharashtra,2007,5.3,6.24,7.99,7.98,27.51,28.37
1073,Hingoli,Maharashtra,2008,2.62,3.53,6.32,9.52,21.990000000000002,24.97
1073,Hingoli,Maharashtra,2009,3.78,7.01,5.35,4.71,20.85,27.61
1073,Hingoli,Maharashtra,2010,5.53,10.38,9.98,5.08,30.97,36.0
1073,Hingoli,Maharashtra,2011,3.43,9.01,6.55,4.57,23.56,26.14
1073,Hingoli,Maharashtra,2012,4.65,7.44,4.61,5.98,22.68,25.290000000000003
1073,Hingoli,Maharashtra,2013,8.42,12.88,3.23,5.13,29.66,35.25
1073,Hingoli,Maharashtra,2014,1.78,7.28,5.36,3.95,18.37,24.46
1073,Hingoli,Maharashtra,2015,5.77,2.65,7.65,4.8,20.87,25.759999999999998
1073,Hingoli,Maharashtra,2016,4.48,10.07,2.52,6.94,24.01,26.700000000000003
1073,Hingoli,Maharashtra,2017,4.93,4.93,5.63,3.63,19.119999999999997,21.87
1073,Hingoli,Maharashtra,2018,6.79,5.25,8.44,1.05,21.529999999999998,22.47
1073,Hingoli,Maharashtra,2019,2.45,5.85,4.53,5.24,18.07,22.93
1074,Nandurbar,Maharashtra,1990,2.97,4.32,10.26,6.12,23.67,28.21
1074,Nandurbar,Maharashtra,1991,5.66,9.22,3.44,0.82,19.14,19.34
1074,Nandurbar,Maharashtra,1992,4.49,3.26,4.34,3.22,15.31,16.45
1074,Nandurbar,Maharashtra,1993,2.54,9.42,5.28,5.9,23.14,26.47
1074,Nandurbar,Maharashtra,1994,8.29,10.53,6.95,5.3,31.07,33.339999999999996
1074,Nandurbar,Maharashtra,1995,1.98,13.12,3.25,4.45,22.8,24.98
1074,Nandurbar,Maharashtra,1996,2.12,12.98,5.12,3.47,23.69,26.19
1074,Nandurbar,Maharashtra,1997,8.94,8.15,6.33,2.5,25.92,28.72
1074,Nandurbar,Maharashtra,1998,4.36,8.33,7.39,7.19,27.270000000000003,31.01
1074,Nandurbar,Maharashtra,1999,4.84,4.86,2.04,5.29,17.029999999999998,21.29
1074,Nandurbar,Maharashtra,2000,2.28,6.51,5.45,0.77,15.009999999999998,17.57
1074,Nandurbar,Maharashtra,2001,5.81,4.72,5.18,1.0,16.71,20.07
1074,Nandurbar,Maharashtra,2002,7.79,1.61,8.83,2.84,21.07,22.02
1074,Nandurbar,Maharashtra,2003,8.42,11.39,6.5,6.44,32.75,34.96
1074,Nandurbar,Maharashtra,2004,4.65,9.57,10.9,3.73,28.85,30.93
1074,Nandurbar,Maharashtra,2005,11.46,10.35,5.51,9.97,37.29,39.12
1074,Nandurbar,Maharashtra,2006,5.57,11.8,13.3,5.92,36.59,39.96
1074,Nandurbar,Maharashtra,2007,5.29,9.47,11.3,6.66,32.72,33.89
1074,Nandurbar,Maharashtra,2008,4.46,5.73,7.4,7.92,25.510000000000005,26.34
1074,Nandurbar,Maharashtra,2009,1.56,13.38,4.46,3.21,22.610000000000003,28.470000000000002
1074,Nandurbar,Maharashtra,2010,4.09,8.79,9.5,6.41,28.79,34.199999999999996
1074,Nandurbar,Maharashtra,2011,2.2,7.91,11.58,4.57,26.259999999999998,27.04
1074,Nandurbar,Maharashtra,2012,2.28,6.87,4.26,8.07,21.48,22.919999999999998
1074,Nandurbar,Maharashtra,2013,11.2,13.37,6.52,4.94,36.03,39.42
1074,Nandurbar,Maharashtra,2014,0.62,11.26,5.62,5.57,23.07,26.11
1074,Nandurbar,Maharashtra,2015,9.38,6.76,3.46,8.67,28.270000000000003,31.16
1074,Nandurbar,Maharashtra,2016,2.56,9.25,5.78,4.89,22.48,24.61
1074,Nandurbar,Maharashtra,2017,4.37,9.63,5.34,2.39,21.73,23.14
1074,Nandurbar,Maharashtra,2018,2.6,7.01,4.45,1.52,15.579999999999998,15.66
1074,Nandurbar,Maharashtra,2019,4.14,11.41,13.28,8.84,37.67,40.839999999999996
1075,Washim,Maharashtra,1990,9.33,7.9,6.43,1.65,25.31,32.9
1075,Washim,Maharashtra,1991,5.46,6.16,3.85,0.3,15.770000000000001,16.49
1075,Washim,Maharashtra,1992,3.78,3.55,8.99,4.6,20.92,24.74
1075,Washim,Maharashtra,1993,7.43,10.86,5.51,8.41,32.209999999999994,39.5
1075,Washim,Maharashtra,1994,6.21,13.42,10.96,6.44,37.03,41.5
1075,Washim,Maharashtra,1995,2.44,11.51,2.51,7.39,23.85,28.72
1075,Washim,Maharashtra,1996,1.18,6.21,6.13,6.11,19.63,24.0
1075,Washim,Maharashtra,1997,6.05,4.99,7.27,2.73,21.04,29.759999999999998
1075,Washim,Maharashtra,1998,4.37,8.13,6.61,7.53,26.64,33.32
1075,Washim,Maharashtra,1999,5.62,5.68,8.28,7.37,26.95,32.42
1075,Washim,Maharashtra,2000,3.67,8.21,6.65,1.67,20.200000000000003,23.51
1075,Washim,Maharashtra,2001,6.6,4.32,6.46,3.81,21.189999999999998,28.37
1075,Washim,Maharashtra,2002,8.6,2.8,9.39,2.52,23.31,26.34
1075,Washim,Maharashtra,2003,7.74,9.24,7.47,4.09,28.54,31.79
1075,Washim,Maharashtra,2004,3.05,6.7,4.01,3.56,17.32,21.31
1075,Washim,Maharashtra,2005,3.15,9.97,5.97,7.84,26.93,32.89
1075,Washim,Maharashtra,2006,4.99,10.31,13.53,8.96,37.79,44.2
1075,Washim,Maharashtra,2007,5.1,7.03,7.29,7.56,26.979999999999997,28.03
1075,Washim,Maharashtra,2008,4.22,4.39,5.59,8.19,22.39,24.369999999999997
1075,Washim,Maharashtra,2009,4.99,8.94,4.53,2.84,21.3,27.93
1075,Washim,Maharashtra,2010,5.27,11.06,12.59,5.78,34.699999999999996,39.09
1075,Washim,Maharashtra,2011,4.26,7.97,6.48,6.3,25.01,27.08
1075,Washim,Maharashtra,2012,4.75,10.81,5.34,7.89,28.79,30.69
1075,Washim,Maharashtra,2013,11.28,14.26,5.17,4.28,34.99,40.01
1075,Washim,Maharashtra,2014,1.39,10.63,3.96,5.07,21.05,25.39
1075,Washim,Maharashtra,2015,8.74,3.7,11.29,5.02,28.75,34.06
1075,Washim,Maharashtra,2016,5.79,15.13,4.43,5.39,30.740000000000002,33.78
1075,Washim,Maharashtra,2017,4.9,6.25,5.15,3.92,20.22,23.03
1075,Washim,Maharashtra,2018,8.55,7.85,7.29,2.63,26.319999999999997,27.96
1075,Washim,Maharashtra,2019,3.52,9.48,6.94,6.67,26.61,29.87
1077,Ariyalur,Tamil Nadu,1990,0.37,1.24,2.37,5.71,9.69,24.509999999999998
1077,Ariyalur,Tamil Nadu,1991,4.61,0.59,2.75,5.72,13.67,29.71
1077,Ariyalur,Tamil Nadu,1992,1.74,1.66,0.83,6.56,10.79,26.72
1077,Ariyalur,Tamil Nadu,1993,2.7,2.49,1.37,2.17,8.73,37.4
1077,Ariyalur,Tamil Nadu,1994,0.56,1.9,0.85,2.81,6.12,26.98
1077,Ariyalur,Tamil Nadu,1995,2.33,2.11,2.86,3.0,10.299999999999999,24.99
1077,Ariyalur,Tamil Nadu,1996,5.01,0.94,4.38,4.55,14.879999999999999,37.199999999999996
1077,Ariyalur,Tamil Nadu,1997,2.0,1.58,1.13,3.45,8.16,34.05
1077,Ariyalur,Tamil Nadu,1998,0.33,1.92,5.31,4.52,12.079999999999998,33.5
1077,Ariyalur,Tamil Nadu,1999,1.62,0.83,1.37,1.58,5.4,25.43
1077,Ariyalur,Tamil Nadu,2000,0.85,3.52,1.52,4.67,10.56,31.77
1077,Ariyalur,Tamil Nadu,2001,1.03,3.67,1.71,3.95,10.36,26.59
1077,Ariyalur,Tamil Nadu,2002,3.22,0.32,0.62,2.09,6.25,22.85
1077,Ariyalur,Tamil Nadu,2003,0.66,2.35,3.71,3.2,9.920000000000002,28.32
1077,Ariyalur,Tamil Nadu,2004,0.68,3.32,1.14,8.5,13.64,39.78
1077,Ariyalur,Tamil Nadu,2005,0.28,0.84,2.07,3.19,6.38,45.62
1077,Ariyalur,Tamil Nadu,2006,0.97,0.49,3.65,2.96,8.07,28.93
1077,Ariyalur,Tamil Nadu,2007,1.43,2.32,3.39,2.11,9.25,32.379999999999995
1077,Ariyalur,Tamil Nadu,2008,1.09,3.06,3.83,1.04,9.02,41.34
1077,Ariyalur,Tamil Nadu,2009,0.49,1.01,1.95,2.0,5.45,31.48
1077,Ariyalur,Tamil Nadu,2010,3.09,1.43,4.7,4.16,13.379999999999999,41.910000000000004
1077,Ariyalur,Tamil Nadu,2011,0.47,1.94,2.69,4.48,9.58,33.42
1077,Ariyalur,Tamil Nadu,2012,1.67,1.56,2.52,4.0,9.75,27.95
1077,Ariyalur,Tamil Nadu,2013,1.37,0.93,3.87,4.65,10.82,25.38
1077,Ariyalur,Tamil Nadu,2014,1.3,1.09,2.91,2.15,7.450000000000001,29.27
1077,Ariyalur,Tamil Nadu,2015,2.44,1.05,2.81,2.4,8.700000000000001,46.87
1077,Ariyalur,Tamil Nadu,2016,2.01,2.39,3.1,1.35,8.85,20.88
1077,Ariyalur,Tamil Nadu,2017,1.51,2.12,4.95,3.47,12.05,36.1
1077,Ariyalur,Tamil Nadu,2018,1.95,1.72,1.41,2.75,7.83,27.88
1077,Ariyalur,Tamil Nadu,2019,0.8,2.3,4.53,7.06,14.69,35.65
1080,Krishnagiri,Tamil Nadu,1990,1.19,1.38,3.53,4.33,10.43,23.52
1080,Krishnagiri,Tamil Nadu,1991,5.77,1.6,3.36,5.19,15.919999999999998,29.73
1080,Krishnagiri,Tamil Nadu,1992,3.33,2.52,2.35,4.96,13.16,23.72
1080,Krishnagiri,Tamil Nadu,1993,3.49,2.58,2.59,4.94,13.600000000000001,31.990000000000002
1080,Krishnagiri,Tamil Nadu,1994,1.19,3.58,1.91,2.11,8.79,23.01
1080,Krishnagiri,Tamil Nadu,1995,1.6,2.96,5.45,4.86,14.870000000000001,26.31
1080,Krishnagiri,Tamil Nadu,1996,7.25,1.24,6.49,6.79,21.77,37.28
1080,Krishnagiri,Tamil Nadu,1997,2.09,1.45,3.34,5.36,12.24,33.4
1080,Krishnagiri,Tamil Nadu,1998,1.51,4.91,7.73,5.55,19.7,35.39
1080,Krishnagiri,Tamil Nadu,1999,2.58,2.53,2.36,4.58,12.049999999999999,28.36
1080,Krishnagiri,Tamil Nadu,2000,1.91,3.69,4.61,5.74,15.950000000000001,32.160000000000004
1080,Krishnagiri,Tamil Nadu,2001,1.36,3.75,1.86,6.39,13.36,30.42
1080,Krishnagiri,Tamil Nadu,2002,3.37,1.03,1.49,2.89,8.780000000000001,22.84
1080,Krishnagiri,Tamil Nadu,2003,1.79,2.89,3.79,2.64,11.11,23.46
1080,Krishnagiri,Tamil Nadu,2004,1.24,5.33,1.86,8.4,16.83,36.56
1080,Krishnagiri,Tamil Nadu,2005,0.97,3.03,4.46,4.97,13.43,45.32
1080,Krishnagiri,Tamil Nadu,2006,2.98,1.5,2.1,2.41,8.99,25.22
1080,Krishnagiri,Tamil Nadu,2007,1.63,5.11,5.45,5.47,17.66,34.25
1080,Krishnagiri,Tamil Nadu,2008,1.56,5.57,6.52,2.82,16.47,38.53
1080,Krishnagiri,Tamil Nadu,2009,2.0,1.78,3.43,7.52,14.73,26.99
1080,Krishnagiri,Tamil Nadu,2010,3.72,3.5,5.65,4.16,17.03,35.78
1080,Krishnagiri,Tamil Nadu,2011,0.6,3.05,3.94,3.97,11.56,26.32
1080,Krishnagiri,Tamil Nadu,2012,1.89,2.58,3.12,3.3,10.89,23.44
1080,Krishnagiri,Tamil Nadu,2013,2.85,2.22,4.81,7.61,17.49,27.49
1080,Krishnagiri,Tamil Nadu,2014,3.13,0.94,2.48,4.86,11.41,22.27
1080,Krishnagiri,Tamil Nadu,2015,2.56,1.08,2.53,3.45,9.620000000000001,27.81
1080,Krishnagiri,Tamil Nadu,2016,4.38,4.35,1.73,1.08,11.540000000000001,19.3
1080,Krishnagiri,Tamil Nadu,2017,1.08,1.81,6.34,9.49,18.72,34.76
1080,Krishnagiri,Tamil Nadu,2018,1.93,2.35,2.01,4.07,10.36,21.88
1080,Krishnagiri,Tamil Nadu,2019,2.21,2.37,5.09,6.57,16.240000000000002,31.32
1081,Ashoknagar,Madhya Pradesh,1990,6.68,9.39,11.06,12.32,39.45,42.07
1081,Ashoknagar,Madhya Pradesh,1991,2.6,11.0,11.64,0.59,25.830000000000002,26.42
1081,Ashoknagar,Madhya Pradesh,1992,0.62,5.43,13.84,4.35,24.240000000000002,26.75
1081,Ashoknagar,Madhya Pradesh,1993,3.02,6.71,6.2,12.98,28.91,30.32
1081,Ashoknagar,Madhya Pradesh,1994,6.31,12.47,11.57,3.09,33.44,35.01
1081,Ashoknagar,Madhya Pradesh,1995,1.79,10.42,11.95,8.02,32.18,35.57
1081,Ashoknagar,Madhya Pradesh,1996,2.02,15.91,13.87,4.26,36.059999999999995,39.699999999999996
1081,Ashoknagar,Madhya Pradesh,1997,2.87,7.94,13.8,4.32,28.93,37.300000000000004
1081,Ashoknagar,Madhya Pradesh,1998,3.8,8.4,8.17,4.86,25.229999999999997,27.060000000000002
1081,Ashoknagar,Madhya Pradesh,1999,2.63,12.59,6.47,7.61,29.299999999999997,31.28
1081,Ashoknagar,Madhya Pradesh,2000,1.57,7.11,4.48,1.79,14.95,15.850000000000001
1081,Ashoknagar,Madhya Pradesh,2001,7.27,12.83,7.75,0.82,28.67,32.47
1081,Ashoknagar,Madhya Pradesh,2002,2.23,1.41,15.94,3.36,22.939999999999998,25.029999999999998
1081,Ashoknagar,Madhya Pradesh,2003,3.44,8.12,9.14,10.12,30.82,33.46
1081,Ashoknagar,Madhya Pradesh,2004,2.39,8.45,12.8,1.8,25.44,28.17
1081,Ashoknagar,Madhya Pradesh,2005,3.69,18.16,3.48,5.78,31.110000000000003,32.73
1081,Ashoknagar,Madhya Pradesh,2006,2.78,11.05,13.03,4.06,30.919999999999998,34.58
1081,Ashoknagar,Madhya Pradesh,2007,3.33,10.28,8.78,5.21,27.6,30.599999999999998
1081,Ashoknagar,Madhya Pradesh,2008,11.73,8.54,7.79,5.07,33.129999999999995,34.48
1081,Ashoknagar,Madhya Pradesh,2009,3.24,6.97,5.43,5.01,20.65,26.72
1081,Ashoknagar,Madhya Pradesh,2010,3.43,9.91,8.32,5.58,27.240000000000002,31.36
1081,Ashoknagar,Madhya Pradesh,2011,16.08,16.36,10.4,6.75,49.589999999999996,50.35
1081,Ashoknagar,Madhya Pradesh,2012,1.46,12.15,11.24,3.61,28.46,29.330000000000002
1081,Ashoknagar,Madhya Pradesh,2013,10.35,16.39,16.75,1.23,44.72,50.91
1081,Ashoknagar,Madhya Pradesh,2014,1.57,9.52,9.62,5.05,25.76,32.059999999999995
1081,Ashoknagar,Madhya Pradesh,2015,4.87,12.56,10.95,0.88,29.259999999999998,33.13
1081,Ashoknagar,Madhya Pradesh,2016,3.58,18.13,14.79,1.2,37.7,39.83
1081,Ashoknagar,Madhya Pradesh,2017,4.36,7.97,3.18,4.78,20.29,21.3
1081,Ashoknagar,Madhya Pradesh,2018,2.81,11.54,7.09,5.18,26.619999999999997,26.919999999999998
1081,Ashoknagar,Madhya Pradesh,2019,2.1,9.13,17.19,10.96,39.38,41.7
1082,Burhanpur,Madhya Pradesh,1990,5.83,6.8,9.29,5.23,27.15,33.46
1082,Burhanpur,Madhya Pradesh,1991,7.03,7.14,3.54,0.56,18.27,18.67
1082,Burhanpur,Madhya Pradesh,1992,4.53,2.55,6.81,4.12,18.01,21.11
1082,Burhanpur,Madhya Pradesh,1993,5.5,10.49,6.4,6.79,29.18,34.15
1082,Burhanpur,Madhya Pradesh,1994,7.31,9.19,10.57,6.45,33.52,36.63
1082,Burhanpur,Madhya Pradesh,1995,2.49,11.37,3.17,6.16,23.19,26.88
1082,Burhanpur,Madhya Pradesh,1996,1.42,9.8,6.62,5.86,23.7,27.2
1082,Burhanpur,Madhya Pradesh,1997,5.51,8.02,6.64,2.37,22.54,28.4
1082,Burhanpur,Madhya Pradesh,1998,5.34,7.42,6.66,7.88,27.3,31.53
1082,Burhanpur,Madhya Pradesh,1999,6.35,4.81,4.68,8.16,24.0,28.99
1082,Burhanpur,Madhya Pradesh,2000,3.28,7.4,7.01,1.1,18.79,22.24
1082,Burhanpur,Madhya Pradesh,2001,5.61,3.56,5.15,2.45,16.77,21.490000000000002
1082,Burhanpur,Madhya Pradesh,2002,6.25,1.47,9.53,3.04,20.29,22.02
1082,Burhanpur,Madhya Pradesh,2003,7.17,10.54,5.25,8.13,31.090000000000003,33.65
1082,Burhanpur,Madhya Pradesh,2004,2.24,6.63,6.04,4.68,19.59,22.89
1082,Burhanpur,Madhya Pradesh,2005,2.46,11.22,5.04,7.36,26.08,28.95
1082,Burhanpur,Madhya Pradesh,2006,4.16,8.98,14.87,8.21,36.22,41.97
1082,Burhanpur,Madhya Pradesh,2007,4.34,8.44,8.3,6.3,27.38,28.56
1082,Burhanpur,Madhya Pradesh,2008,3.18,3.67,4.86,7.02,18.73,19.78
1082,Burhanpur,Madhya Pradesh,2009,3.43,9.91,4.47,3.45,21.259999999999998,29.72
1082,Burhanpur,Madhya Pradesh,2010,4.4,7.58,10.96,5.14,28.080000000000002,32.69
1082,Burhanpur,Madhya Pradesh,2011,3.64,7.84,10.5,5.07,27.05,28.32
1082,Burhanpur,Madhya Pradesh,2012,3.41,9.96,5.79,7.16,26.32,27.970000000000002
1082,Burhanpur,Madhya Pradesh,2013,10.38,13.19,7.05,4.47,35.09,39.87
1082,Burhanpur,Madhya Pradesh,2014,0.7,10.36,4.88,5.42,21.36,25.52
1082,Burhanpur,Madhya Pradesh,2015,7.36,8.77,10.74,4.54,31.409999999999997,36.5
1082,Burhanpur,Madhya Pradesh,2016,4.76,16.61,6.6,5.81,33.78,36.16
1082,Burhanpur,Madhya Pradesh,2017,5.45,11.51,9.07,6.28,32.31,34.06
1082,Burhanpur,Madhya Pradesh,2018,6.23,8.98,7.52,2.26,24.990000000000002,25.51
1082,Burhanpur,Madhya Pradesh,2019,2.61,15.95,15.15,14.03,47.74,51.89
2001,Tapi,Gujarat,1990,4.3,3.78,13.74,7.13,28.95,33.38
2001,Tapi,Gujarat,1991,4.52,14.22,5.1,1.09,24.930000000000003,25.07
2001,Tapi,Gujarat,1992,5.38,4.8,4.47,3.98,18.63,19.099999999999998
2001,Tapi,Gujarat,1993,1.95,11.29,5.91,8.57,27.72,31.669999999999998
2001,Tapi,Gujarat,1994,14.5,20.01,6.42,5.04,45.970000000000006,48.03
2001,Tapi,Gujarat,1995,1.16,22.99,3.34,5.67,33.16,34.699999999999996
2001,Tapi,Gujarat,1996,3.85,20.22,5.83,2.68,32.58,35.12
2001,Tapi,Gujarat,1997,15.68,7.78,9.53,3.12,36.11,38.21
2001,Tapi,Gujarat,1998,3.97,14.04,10.42,9.79,38.22,43.55
2001,Tapi,Gujarat,1999,4.83,7.35,2.49,4.16,18.83,24.23
2001,Tapi,Gujarat,2000,1.7,9.29,5.49,0.71,17.189999999999998,19.259999999999998
2001,Tapi,Gujarat,2001,9.6,9.17,7.82,0.96,27.55,31.42
2001,Tapi,Gujarat,2002,13.18,2.55,13.05,3.44,32.22,32.72
2001,Tapi,Gujarat,2003,14.16,18.87,9.95,6.95,49.93000000000001,52.32
2001,Tapi,Gujarat,2004,10.12,17.29,20.72,3.24,51.37,53.32
2001,Tapi,Gujarat,2005,25.57,14.41,9.16,14.8,63.94,66.13
2001,Tapi,Gujarat,2006,9.1,21.73,19.76,5.91,56.5,59.54
2001,Tapi,Gujarat,2007,8.27,13.35,18.85,10.89,51.36,52.53
2001,Tapi,Gujarat,2008,8.46,11.08,13.66,13.02,46.22,47.13
2001,Tapi,Gujarat,2009,1.44,23.76,5.45,3.98,34.63,39.78
2001,Tapi,Gujarat,2010,6.1,15.51,12.12,9.96,43.69,51.04
2001,Tapi,Gujarat,2011,2.65,11.82,14.29,7.39,36.15,37.05
2001,Tapi,Gujarat,2012,2.86,7.68,4.9,11.64,27.08,28.95
2001,Tapi,Gujarat,2013,17.97,18.76,8.52,6.69,51.94,54.53
2001,Tapi,Gujarat,2014,0.93,17.87,8.08,7.67,34.550000000000004,37.51
2001,Tapi,Gujarat,2015,14.29,6.49,2.89,14.38,38.050000000000004,40.33
2001,Tapi,Gujarat,2016,3.18,16.26,10.36,7.41,37.21,40.43
2001,Tapi,Gujarat,2017,7.44,16.12,8.82,3.4,35.78,38.18
2001,Tapi,Gujarat,2018,5.37,19.3,6.0,2.0,32.67,32.85
2001,Tapi,Gujarat,2019,7.49,18.84,15.41,13.56,55.3,59.26
2002,Mewat,Haryana,1990,1.78,5.56,7.28,6.2,20.82,25.76
2002,Mewat,Haryana,1991,1.43,3.16,9.04,3.48,17.11,19.2
2002,Mewat,Haryana,1992,0.33,3.47,5.31,3.44,12.549999999999999,14.73
2002,Mewat,Haryana,1993,3.34,7.9,3.3,5.94,20.48,22.2
2002,Mewat,Haryana,1994,1.83,10.75,6.85,1.06,20.49,22.34
2002,Mewat,Haryana,1995,1.14,2.58,11.59,4.56,19.869999999999997,23.099999999999998
2002,Mewat,Haryana,1996,4.31,4.77,7.87,4.48,21.43,24.2
2002,Mewat,Haryana,1997,2.26,3.18,5.06,1.62,12.120000000000001,17.97
2002,Mewat,Haryana,1998,3.52,4.12,4.77,5.57,17.98,21.8
2002,Mewat,Haryana,1999,1.43,3.05,2.54,2.03,9.049999999999999,10.959999999999999
2002,Mewat,Haryana,2000,3.22,4.85,3.29,0.75,12.11,14.33
2002,Mewat,Haryana,2001,2.99,3.89,2.89,0.98,10.750000000000002,13.82
2002,Mewat,Haryana,2002,1.13,0.23,2.95,4.24,8.55,13.34
2002,Mewat,Haryana,2003,3.49,12.77,4.45,2.38,23.089999999999996,25.57
2002,Mewat,Haryana,2004,1.79,1.63,8.12,0.71,12.25,17.25
2002,Mewat,Haryana,2005,2.12,6.09,2.22,5.03,15.46,17.94
2002,Mewat,Haryana,2006,3.18,5.86,2.29,2.57,13.900000000000002,16.3
2002,Mewat,Haryana,2007,3.76,3.91,5.42,2.24,15.33,20.4
2002,Mewat,Haryana,2008,3.52,4.89,6.03,4.12,18.560000000000002,22.86
2002,Mewat,Haryana,2009,0.93,3.72,4.33,4.45,13.43,16.87
2002,Mewat,Haryana,2010,0.52,6.96,8.93,6.42,22.83,25.349999999999998
2002,Mewat,Haryana,2011,2.95,3.5,5.7,6.1,18.25,20.68
2002,Mewat,Haryana,2012,0.36,3.91,11.18,2.47,17.919999999999998,19.46
2002,Mewat,Haryana,2013,4.27,7.82,9.46,2.97,24.52,30.34
2002,Mewat,Haryana,2014,0.94,3.41,5.1,1.94,11.389999999999999,16.49
2002,Mewat,Haryana,2015,1.92,5.6,5.39,0.83,13.74,19.24
2002,Mewat,Haryana,2016,1.9,10.87,5.36,0.86,18.99,20.68
2002,Mewat,Haryana,2017,4.48,3.35,4.23,2.8,14.86,17.61
2002,Mewat,Haryana,2018,1.84,9.53,4.61,4.98,20.96,22.87
2002,Mewat,Haryana,2019,0.39,5.22,5.76,2.39,13.76,18.98
2003,Palwal,Haryana,1990,2.08,6.2,7.9,6.59,22.77,28.54
2003,Palwal,Haryana,1991,1.42,3.36,10.95,4.02,19.75,22.11
2003,Palwal,Haryana,1992,0.24,3.38,6.07,3.66,13.350000000000001,15.82
2003,Palwal,Haryana,1993,3.66,8.3,3.72,7.76,23.44,25.18
2003,Palwal,Haryana,1994,2.23,12.59,7.28,0.53,22.630000000000003,24.72
2003,Palwal,Haryana,1995,1.44,2.4,12.21,5.24,21.29,24.470000000000002
2003,Palwal,Haryana,1996,4.62,5.72,9.29,4.58,24.21,27.45
2003,Palwal,Haryana,1997,2.89,2.94,4.26,1.83,11.92,17.31
2003,Palwal,Haryana,1998,3.82,4.42,6.12,5.5,19.86,24.19
2003,Palwal,Haryana,1999,1.36,4.38,3.9,3.01,12.65,14.51
2003,Palwal,Haryana,2000,3.97,5.44,4.48,0.92,14.81,17.290000000000003
2003,Palwal,Haryana,2001,2.81,4.95,2.29,1.15,11.200000000000001,13.76
2003,Palwal,Haryana,2002,1.07,0.27,4.39,5.68,11.41,16.93
2003,Palwal,Haryana,2003,3.41,12.49,4.99,3.79,24.68,27.21
2003,Palwal,Haryana,2004,2.23,2.75,7.8,1.25,14.030000000000001,19.09
2003,Palwal,Haryana,2005,1.77,7.25,2.75,5.66,17.43,19.67
2003,Palwal,Haryana,2006,3.12,7.3,2.45,2.56,15.430000000000001,17.86
2003,Palwal,Haryana,2007,4.2,5.12,5.58,2.38,17.28,22.2
2003,Palwal,Haryana,2008,3.49,6.83,7.0,4.73,22.05,25.91
2003,Palwal,Haryana,2009,1.09,4.3,5.3,4.88,15.57,19.8
2003,Palwal,Haryana,2010,0.42,7.43,8.38,7.62,23.85,26.37
2003,Palwal,Haryana,2011,3.93,4.36,7.13,5.61,21.03,23.46
2003,Palwal,Haryana,2012,0.36,5.76,11.19,3.1,20.41,22.12
2003,Palwal,Haryana,2013,5.52,9.07,10.81,3.6,29.0,35.96
2003,Palwal,Haryana,2014,0.98,3.6,5.78,1.87,12.23,17.84
2003,Palwal,Haryana,2015,2.5,5.75,6.24,1.57,16.06,22.060000000000002
2003,Palwal,Haryana,2016,2.95,11.59,5.3,1.3,21.14,23.24
2003,Palwal,Haryana,2017,4.89,4.13,4.36,4.59,17.97,20.3
2003,Palwal,Haryana,2018,1.61,12.8,5.83,4.84,25.080000000000002,26.94
2003,Palwal,Haryana,2019,0.3,5.16,6.45,3.09,15.0,19.88
2004,Ramanagaram,Karnataka,1990,1.42,1.16,3.14,3.06,8.780000000000001,18.76
2004,Ramanagaram,Karnataka,1991,5.88,1.89,3.08,5.62,16.47,27.02
2004,Ramanagaram,Karnataka,1992,4.5,2.77,2.63,4.82,14.719999999999999,24.32
2004,Ramanagaram,Karnataka,1993,3.86,2.45,2.17,5.88,14.36,28.95
2004,Ramanagaram,Karnataka,1994,1.22,4.42,1.52,2.23,9.39,20.63
2004,Ramanagaram,Karnataka,1995,2.19,2.83,5.41,5.48,15.91,26.86
2004,Ramanagaram,Karnataka,1996,6.33,1.4,7.26,7.11,22.1,33.99
2004,Ramanagaram,Karnataka,1997,2.36,1.12,3.73,6.14,13.35,29.97
2004,Ramanagaram,Karnataka,1998,2.22,5.92,9.1,5.87,23.110000000000003,37.08
2004,Ramanagaram,Karnataka,1999,2.59,3.0,2.11,5.19,12.89,27.86
2004,Ramanagaram,Karnataka,2000,2.01,3.79,5.72,6.46,17.98,32.01
2004,Ramanagaram,Karnataka,2001,1.07,3.38,1.83,7.13,13.41,29.78
2004,Ramanagaram,Karnataka,2002,4.05,1.08,1.23,2.53,8.889999999999999,21.68
2004,Ramanagaram,Karnataka,2003,2.17,2.49,3.48,2.17,10.31,21.2
2004,Ramanagaram,Karnataka,2004,1.25,6.5,1.9,7.9,17.55,33.23
2004,Ramanagaram,Karnataka,2005,1.44,3.95,5.18,5.2,15.77,42.74
2004,Ramanagaram,Karnataka,2006,3.76,1.25,1.67,2.2,8.879999999999999,22.39
2004,Ramanagaram,Karnataka,2007,1.67,5.69,5.41,6.39,19.16,34.31
2004,Ramanagaram,Karnataka,2008,1.47,6.69,7.77,3.1,19.03,36.33
2004,Ramanagaram,Karnataka,2009,2.86,1.22,3.68,7.33,15.09,26.07
2004,Ramanagaram,Karnataka,2010,3.21,3.17,5.19,4.29,15.86,32.56
2004,Ramanagaram,Karnataka,2011,0.8,2.04,3.43,3.05,9.32,21.580000000000002
2004,Ramanagaram,Karnataka,2012,0.95,1.56,2.53,2.69,7.729999999999999,16.85
2004,Ramanagaram,Karnataka,2013,2.48,2.73,3.5,7.54,16.25,27.09
2004,Ramanagaram,Karnataka,2014,2.88,1.5,1.99,4.79,11.16,20.22
2004,Ramanagaram,Karnataka,2015,2.64,0.95,2.62,3.24,9.45,27.5
2004,Ramanagaram,Karnataka,2016,4.25,4.28,1.5,0.96,10.990000000000002,18.6
2004,Ramanagaram,Karnataka,2017,1.33,1.98,5.43,8.68,17.42,32.55
2004,Ramanagaram,Karnataka,2018,1.7,2.14,1.46,3.56,8.86,18.990000000000002
2004,Ramanagaram,Karnataka,2019,2.08,2.28,5.22,6.28,15.86,29.53
2005,Chikkaballapur,Karnataka,1990,1.65,1.22,3.17,3.04,9.08,18.64
2005,Chikkaballapur,Karnataka,1991,5.98,1.95,3.18,6.03,17.14,27.23
2005,Chikkaballapur,Karnataka,1992,4.73,2.88,2.96,4.45,15.02,23.97
2005,Chikkaballapur,Karnataka,1993,3.81,2.53,2.4,6.6,15.34,28.41
2005,Chikkaballapur,Karnataka,1994,1.22,4.62,1.75,2.26,9.85,19.86
2005,Chikkaballapur,Karnataka,1995,2.31,3.18,6.32,6.12,17.93,28.46
2005,Chikkaballapur,Karnataka,1996,6.78,1.42,7.58,7.89,23.669999999999998,34.87
2005,Chikkaballapur,Karnataka,1997,2.65,0.97,4.15,6.93,14.7,29.38
2005,Chikkaballapur,Karnataka,1998,2.34,6.56,10.26,6.14,25.299999999999997,38.61
2005,Chikkaballapur,Karnataka,1999,2.68,3.29,2.5,6.18,14.65,28.06
2005,Chikkaballapur,Karnataka,2000,2.29,3.98,6.06,7.04,19.369999999999997,32.76
2005,Chikkaballapur,Karnataka,2001,1.02,3.37,2.03,8.05,14.47,30.28
2005,Chikkaballapur,Karnataka,2002,4.15,1.19,1.31,2.78,9.43,21.87
2005,Chikkaballapur,Karnataka,2003,2.26,2.62,3.68,2.17,10.73,20.57
2005,Chikkaballapur,Karnataka,2004,1.21,7.14,1.95,7.7,18.0,32.44
2005,Chikkaballapur,Karnataka,2005,1.69,4.65,5.93,5.75,18.02,43.5
2005,Chikkaballapur,Karnataka,2006,4.09,1.42,1.52,2.22,9.25,21.72
2005,Chikkaballapur,Karnataka,2007,2.13,6.27,5.76,7.36,21.52,35.8
2005,Chikkaballapur,Karnataka,2008,1.61,7.24,8.48,3.68,21.009999999999998,36.82
2005,Chikkaballapur,Karnataka,2009,3.2,1.02,4.32,8.91,17.450000000000003,28.21
2005,Chikkaballapur,Karnataka,2010,3.23,3.48,5.08,4.7,16.49,31.76
2005,Chikkaballapur,Karnataka,2011,0.85,2.12,3.97,3.16,10.100000000000001,21.02
2005,Chikkaballapur,Karnataka,2012,0.91,1.72,2.99,1.95,7.57,15.94
2005,Chikkaballapur,Karnataka,2013,2.5,3.23,3.53,8.56,17.82,28.830000000000002
2005,Chikkaballapur,Karnataka,2014,3.02,1.61,2.1,4.82,11.55,19.830000000000002
2005,Chikkaballapur,Karnataka,2015,2.52,1.1,2.61,3.31,9.540000000000001,27.11
2005,Chikkaballapur,Karnataka,2016,4.62,4.59,1.35,1.12,11.68,19.11
2005,Chikkaballapur,Karnataka,2017,2.25,2.21,6.4,9.0,19.86,35.52
2005,Chikkaballapur,Karnataka,2018,1.89,1.9,1.76,3.77,9.32,19.169999999999998
2005,Chikkaballapur,Karnataka,2019,1.84,1.82,4.31,5.38,13.35,26.78
2006,Alirajpur,Madhya Pradesh,1990,2.48,6.19,13.24,7.97,29.88,32.57
2006,Alirajpur,Madhya Pradesh,1991,4.36,10.88,4.62,0.47,20.330000000000002,20.46
2006,Alirajpur,Madhya Pradesh,1992,3.12,4.85,5.09,4.41,17.47,19.03
2006,Alirajpur,Madhya Pradesh,1993,2.67,12.65,5.27,4.92,25.509999999999998,26.9
2006,Alirajpur,Madhya Pradesh,1994,7.62,10.2,10.51,8.34,36.67,37.949999999999996
2006,Alirajpur,Madhya Pradesh,1995,2.27,13.26,4.58,4.35,24.46,26.849999999999998
2006,Alirajpur,Madhya Pradesh,1996,2.19,14.25,6.95,4.14,27.53,29.9
2006,Alirajpur,Madhya Pradesh,1997,10.89,11.35,7.53,2.16,31.930000000000003,34.2
2006,Alirajpur,Madhya Pradesh,1998,4.52,9.0,6.4,7.7,27.62,29.79
2006,Alirajpur,Madhya Pradesh,1999,5.59,5.82,1.56,6.5,19.47,23.45
2006,Alirajpur,Madhya Pradesh,2000,2.86,8.46,5.06,0.51,16.89,19.35
2006,Alirajpur,Madhya Pradesh,2001,5.52,5.14,3.93,0.34,14.93,17.64
2006,Alirajpur,Madhya Pradesh,2002,6.13,1.38,8.73,2.81,19.05,20.23
2006,Alirajpur,Madhya Pradesh,2003,7.1,11.47,7.86,7.78,34.21,36.38
2006,Alirajpur,Madhya Pradesh,2004,3.35,9.31,11.51,3.37,27.540000000000003,29.17
2006,Alirajpur,Madhya Pradesh,2005,7.69,10.18,4.5,9.27,31.64,32.33
2006,Alirajpur,Madhya Pradesh,2006,4.59,10.69,13.64,6.44,35.36,37.57
2006,Alirajpur,Madhya Pradesh,2007,4.57,11.25,11.39,4.67,31.880000000000003,33.18
2006,Alirajpur,Madhya Pradesh,2008,4.21,5.46,6.55,4.76,20.979999999999997,21.57
2006,Alirajpur,Madhya Pradesh,2009,2.05,13.47,5.22,2.65,23.389999999999997,29.35
2006,Alirajpur,Madhya Pradesh,2010,3.2,7.52,12.38,6.71,29.810000000000002,33.57
2006,Alirajpur,Madhya Pradesh,2011,1.97,7.93,15.46,4.1,29.46,29.64
2006,Alirajpur,Madhya Pradesh,2012,1.33,8.73,6.18,9.49,25.730000000000004,26.56
2006,Alirajpur,Madhya Pradesh,2013,10.22,16.54,8.75,5.15,40.66,44.1
2006,Alirajpur,Madhya Pradesh,2014,0.25,12.76,5.6,6.53,25.14,27.18
2006,Alirajpur,Madhya Pradesh,2015,7.85,11.56,5.01,4.36,28.78,31.34
2006,Alirajpur,Madhya Pradesh,2016,3.22,8.48,10.07,3.79,25.560000000000002,27.39
2006,Alirajpur,Madhya Pradesh,2017,4.83,12.97,6.18,2.39,26.37,27.18
2006,Alirajpur,Madhya Pradesh,2018,3.59,9.31,6.17,2.06,21.13,21.21
2006,Alirajpur,Madhya Pradesh,2019,4.54,10.56,17.02,10.2,42.32000000000001,44.62
2007,Singrauli,Madhya Pradesh,1990,8.91,10.7,8.33,7.92,35.86,42.31
2007,Singrauli,Madhya Pradesh,1991,4.53,8.84,13.68,2.74,29.79,30.68
2007,Singrauli,Madhya Pradesh,1992,1.88,8.76,11.21,7.57,29.42,32.31
2007,Singrauli,Madhya Pradesh,1993,4.13,5.93,6.33,14.51,30.9,33.72
2007,Singrauli,Madhya Pradesh,1994,7.89,11.75,11.22,5.34,36.2,39.64
2007,Singrauli,Madhya Pradesh,1995,2.4,7.52,9.97,4.72,24.61,29.64
2007,Singrauli,Madhya Pradesh,1996,5.73,8.42,10.56,3.39,28.1,33.25
2007,Singrauli,Madhya Pradesh,1997,4.58,11.68,10.26,6.13,32.65,41.839999999999996
2007,Singrauli,Madhya Pradesh,1998,2.16,7.32,9.45,8.26,27.189999999999998,32.6
2007,Singrauli,Madhya Pradesh,1999,4.55,10.03,9.08,5.99,29.65,32.63
2007,Singrauli,Madhya Pradesh,2000,4.8,5.99,4.07,4.97,19.83,21.72
2007,Singrauli,Madhya Pradesh,2001,7.18,15.41,9.34,2.22,34.15,39.14
2007,Singrauli,Madhya Pradesh,2002,4.39,3.46,11.23,6.92,26.0,30.76
2007,Singrauli,Madhya Pradesh,2003,3.82,5.82,9.33,13.94,32.91,38.13
2007,Singrauli,Madhya Pradesh,2004,9.02,5.91,8.83,3.72,27.479999999999997,31.63
2007,Singrauli,Madhya Pradesh,2005,4.47,13.72,8.39,5.65,32.230000000000004,36.77
2007,Singrauli,Madhya Pradesh,2006,2.32,10.63,6.41,2.99,22.35,26.98
2007,Singrauli,Madhya Pradesh,2007,3.28,7.81,6.86,6.88,24.83,29.56
2007,Singrauli,Madhya Pradesh,2008,10.03,10.82,8.02,3.79,32.660000000000004,35.05
2007,Singrauli,Madhya Pradesh,2009,1.38,6.23,5.1,4.5,17.21,23.44
2007,Singrauli,Madhya Pradesh,2010,1.4,7.18,6.45,6.67,21.700000000000003,24.64
2007,Singrauli,Madhya Pradesh,2011,9.62,7.42,9.62,9.28,35.94,38.91
2007,Singrauli,Madhya Pradesh,2012,1.47,11.99,11.65,6.66,31.77,35.8
2007,Singrauli,Madhya Pradesh,2013,9.13,8.73,11.52,4.26,33.64,45.28
2007,Singrauli,Madhya Pradesh,2014,2.43,7.79,7.82,5.15,23.189999999999998,33.26
2007,Singrauli,Madhya Pradesh,2015,4.4,9.39,9.29,4.13,27.209999999999997,34.32
2007,Singrauli,Madhya Pradesh,2016,1.87,14.5,16.08,7.15,39.6,43.309999999999995
2007,Singrauli,Madhya Pradesh,2017,4.02,14.65,5.37,2.93,26.970000000000002,28.34
2007,Singrauli,Madhya Pradesh,2018,3.45,11.65,10.91,3.68,29.69,31.900000000000002
2007,Singrauli,Madhya Pradesh,2019,1.56,8.52,11.06,11.17,32.31,36.57
2009,Taran Taran,Punjab,1990,0.93,4.16,6.16,5.68,16.93,24.23
2009,Taran Taran,Punjab,1991,1.26,2.6,4.11,1.25,9.22,11.3
2009,Taran Taran,Punjab,1992,0.66,3.07,6.13,4.25,14.11,20.5
2009,Taran Taran,Punjab,1993,1.61,11.94,0.86,2.11,16.52,20.32
2009,Taran Taran,Punjab,1994,1.52,3.78,5.19,2.97,13.46,18.150000000000002
2009,Taran Taran,Punjab,1995,1.43,4.56,9.92,2.15,18.06,25.16
2009,Taran Taran,Punjab,1996,7.57,3.53,10.46,1.07,22.630000000000003,27.810000000000002
2009,Taran Taran,Punjab,1997,2.11,4.76,5.59,0.48,12.94,18.66
2009,Taran Taran,Punjab,1998,0.82,3.12,1.8,0.64,6.38,8.56
2009,Taran Taran,Punjab,1999,1.9,1.17,4.19,1.82,9.08,10.870000000000001
2009,Taran Taran,Punjab,2000,1.72,3.56,2.59,1.44,9.31,12.12
2009,Taran Taran,Punjab,2001,2.79,9.22,0.98,0.94,13.930000000000001,16.32
2009,Taran Taran,Punjab,2002,1.0,2.13,4.43,3.31,10.87,12.719999999999999
2009,Taran Taran,Punjab,2003,1.97,4.54,4.05,1.72,12.28,18.56
2009,Taran Taran,Punjab,2004,2.08,4.56,4.47,0.16,11.27,15.57
2009,Taran Taran,Punjab,2005,2.93,5.09,2.85,3.17,14.04,20.52
2009,Taran Taran,Punjab,2006,3.16,8.57,3.51,5.84,21.08,26.27
2009,Taran Taran,Punjab,2007,4.07,2.71,4.51,1.46,12.75,19.56
2009,Taran Taran,Punjab,2008,5.65,6.99,11.19,2.36,26.189999999999998,30.830000000000002
2009,Taran Taran,Punjab,2009,0.43,3.52,3.89,1.43,9.27,13.87
2009,Taran Taran,Punjab,2010,1.24,8.44,4.63,4.4,18.71,20.7
2009,Taran Taran,Punjab,2011,3.88,4.41,8.16,2.9,19.349999999999998,22.03
2009,Taran Taran,Punjab,2012,0.22,3.25,3.8,4.57,11.84,15.959999999999999
2009,Taran Taran,Punjab,2013,3.31,5.81,11.0,0.74,20.859999999999996,26.89
2009,Taran Taran,Punjab,2014,2.01,3.86,1.48,12.26,19.61,25.56
2009,Taran Taran,Punjab,2015,2.28,6.02,4.08,3.03,15.409999999999998,25.2
2009,Taran Taran,Punjab,2016,3.02,7.82,5.95,1.3,18.09,21.96
2009,Taran Taran,Punjab,2017,5.37,6.5,5.33,1.33,18.53,24.92
2009,Taran Taran,Punjab,2018,3.82,9.58,3.91,7.14,24.450000000000003,27.8
2009,Taran Taran,Punjab,2019,0.97,8.31,6.27,3.87,19.42,29.06
2010,Barnala,Punjab,1990,0.79,4.94,3.52,5.33,14.58,18.87
2010,Barnala,Punjab,1991,2.6,1.82,5.23,1.25,10.9,12.540000000000001
2010,Barnala,Punjab,1992,0.83,3.3,4.72,2.65,11.5,15.309999999999999
2010,Barnala,Punjab,1993,1.23,7.79,0.56,2.79,12.370000000000001,15.55
2010,Barnala,Punjab,1994,1.48,6.12,6.3,2.12,16.02,18.83
2010,Barnala,Punjab,1995,2.11,3.27,8.17,2.39,15.940000000000001,20.919999999999998
2010,Barnala,Punjab,1996,5.37,2.6,6.07,2.37,16.41,21.42
2010,Barnala,Punjab,1997,1.88,3.29,6.65,0.45,12.27,17.77
2010,Barnala,Punjab,1998,1.7,3.33,2.22,2.44,9.69,13.09
2010,Barnala,Punjab,1999,1.57,2.14,2.36,1.23,7.300000000000001,8.78
2010,Barnala,Punjab,2000,3.22,4.69,1.15,1.07,10.13,12.25
2010,Barnala,Punjab,2001,2.54,4.84,3.12,0.73,11.23,14.41
2010,Barnala,Punjab,2002,0.67,1.29,2.74,2.89,7.59,10.27
2010,Barnala,Punjab,2003,1.35,7.12,3.65,1.85,13.97,17.6
2010,Barnala,Punjab,2004,2.04,1.64,5.39,0.28,9.35,14.02
2010,Barnala,Punjab,2005,2.31,4.1,1.54,3.68,11.63,16.64
2010,Barnala,Punjab,2006,2.35,4.54,2.14,2.7,11.73,15.42
2010,Barnala,Punjab,2007,3.3,1.54,2.92,1.73,9.49,15.08
2010,Barnala,Punjab,2008,6.56,3.76,7.35,3.74,21.410000000000004,25.62
2010,Barnala,Punjab,2009,1.02,3.09,2.8,3.02,9.93,13.61
2010,Barnala,Punjab,2010,2.36,6.37,4.53,4.94,18.200000000000003,19.63
2010,Barnala,Punjab,2011,3.34,2.92,5.65,5.65,17.560000000000002,20.28
2010,Barnala,Punjab,2012,0.5,2.74,3.85,4.41,11.5,13.88
2010,Barnala,Punjab,2013,3.06,5.69,6.61,1.09,16.45,21.05
2010,Barnala,Punjab,2014,0.94,2.29,1.01,7.66,11.9,16.95
2010,Barnala,Punjab,2015,2.89,6.85,3.56,2.37,15.670000000000002,23.01
2010,Barnala,Punjab,2016,2.64,5.68,3.91,0.82,13.05,16.34
2010,Barnala,Punjab,2017,4.82,3.81,5.6,2.54,16.77,21.71
2010,Barnala,Punjab,2018,4.96,8.27,3.33,6.73,23.290000000000003,25.78
2010,Barnala,Punjab,2019,1.7,7.03,7.31,3.78,19.82,27.099999999999998
2011,S.A.S Nagar,Punjab,1990,1.08,9.93,4.02,9.48,24.509999999999998,29.54
2011,S.A.S Nagar,Punjab,1991,7.51,3.3,11.66,4.37,26.84,29.19
2011,S.A.S Nagar,Punjab,1992,2.01,5.75,8.38,3.51,19.65,23.240000000000002
2011,S.A.S Nagar,Punjab,1993,2.72,12.43,4.75,6.92,26.82,32.38
2011,S.A.S Nagar,Punjab,1994,3.19,14.13,13.67,1.99,32.980000000000004,36.75
2011,S.A.S Nagar,Punjab,1995,3.31,5.76,11.99,4.6,25.660000000000004,30.8
2011,S.A.S Nagar,Punjab,1996,7.64,4.58,10.4,5.76,28.379999999999995,36.3
2011,S.A.S Nagar,Punjab,1997,3.67,6.04,10.67,1.5,21.880000000000003,30.68
2011,S.A.S Nagar,Punjab,1998,3.63,8.88,9.15,4.26,25.92,32.2
2011,S.A.S Nagar,Punjab,1999,3.09,5.28,3.42,3.59,15.38,17.58
2011,S.A.S Nagar,Punjab,2000,6.6,10.82,3.18,2.92,23.520000000000003,27.12
2011,S.A.S Nagar,Punjab,2001,5.61,8.68,7.67,1.5,23.46,28.89
2011,S.A.S Nagar,Punjab,2002,1.58,3.0,6.17,6.35,17.1,22.71
2011,S.A.S Nagar,Punjab,2003,2.59,12.31,8.51,5.12,28.53,33.87
2011,S.A.S Nagar,Punjab,2004,3.81,4.73,13.09,0.75,22.380000000000003,29.88
2011,S.A.S Nagar,Punjab,2005,3.2,8.58,4.64,7.27,23.69,28.9
2011,S.A.S Nagar,Punjab,2006,2.44,8.78,5.19,2.31,18.72,24.73
2011,S.A.S Nagar,Punjab,2007,2.77,6.78,9.49,2.42,21.46,29.48
2011,S.A.S Nagar,Punjab,2008,12.98,7.5,10.92,8.31,39.71,46.480000000000004
2011,S.A.S Nagar,Punjab,2009,2.26,7.3,5.72,6.2,21.479999999999997,27.419999999999998
2011,S.A.S Nagar,Punjab,2010,4.8,14.5,10.05,11.81,41.160000000000004,44.230000000000004
2011,S.A.S Nagar,Punjab,2011,7.93,8.94,10.56,9.27,36.7,40.93
2011,S.A.S Nagar,Punjab,2012,1.2,7.81,9.71,6.07,24.79,27.76
2011,S.A.S Nagar,Punjab,2013,10.89,12.6,11.9,2.93,38.32,46.14
2011,S.A.S Nagar,Punjab,2014,1.25,4.17,5.92,6.92,18.259999999999998,28.05
2011,S.A.S Nagar,Punjab,2015,3.95,12.49,8.48,2.41,27.330000000000002,36.85
2011,S.A.S Nagar,Punjab,2016,3.97,9.84,7.42,1.95,23.18,29.07
2011,S.A.S Nagar,Punjab,2017,6.94,8.13,11.29,6.04,32.4,40.27
2011,S.A.S Nagar,Punjab,2018,6.65,12.94,11.72,10.22,41.53,46.7
2011,S.A.S Nagar,Punjab,2019,1.88,9.97,9.93,5.9,27.68,37.36
2012,Pratapgarh,Rajasthan,1990,2.66,5.77,9.94,6.43,24.799999999999997,26.66
2012,Pratapgarh,Rajasthan,1991,2.0,9.19,6.11,1.08,18.380000000000003,18.75
2012,Pratapgarh,Rajasthan,1992,1.45,5.24,6.51,5.51,18.71,21.34
2012,Pratapgarh,Rajasthan,1993,2.7,11.47,4.86,4.86,23.89,24.69
2012,Pratapgarh,Rajasthan,1994,4.88,9.6,9.57,6.99,31.04,32.26
2012,Pratapgarh,Rajasthan,1995,1.25,8.04,4.97,2.68,16.939999999999998,19.14
2012,Pratapgarh,Rajasthan,1996,1.73,11.16,8.95,3.57,25.41,27.07
2012,Pratapgarh,Rajasthan,1997,7.38,7.91,9.79,1.75,26.83,29.41
2012,Pratapgarh,Rajasthan,1998,3.31,9.15,4.43,5.82,22.71,23.81
2012,Pratapgarh,Rajasthan,1999,3.4,6.62,2.11,3.85,15.979999999999999,18.78
2012,Pratapgarh,Rajasthan,2000,2.25,8.07,4.28,0.63,15.230000000000002,17.69
2012,Pratapgarh,Rajasthan,2001,4.35,6.81,4.51,0.5,16.17,17.77
2012,Pratapgarh,Rajasthan,2002,3.34,0.85,6.88,1.85,12.92,13.98
2012,Pratapgarh,Rajasthan,2003,3.18,7.31,4.36,4.13,18.98,20.5
2012,Pratapgarh,Rajasthan,2004,1.8,8.35,8.65,2.93,21.73,22.75
2012,Pratapgarh,Rajasthan,2005,2.52,7.78,3.82,8.22,22.340000000000003,23.220000000000002
2012,Pratapgarh,Rajasthan,2006,3.99,7.56,13.43,4.99,29.97,31.31
2012,Pratapgarh,Rajasthan,2007,4.09,8.59,6.98,2.31,21.97,23.12
2012,Pratapgarh,Rajasthan,2008,3.57,6.17,5.27,3.69,18.7,19.45
2012,Pratapgarh,Rajasthan,2009,2.15,9.99,4.58,1.5,18.22,21.88
2012,Pratapgarh,Rajasthan,2010,1.93,8.13,11.64,4.53,26.230000000000004,28.990000000000002
2012,Pratapgarh,Rajasthan,2011,3.91,7.11,11.46,5.16,27.64,27.8
2012,Pratapgarh,Rajasthan,2012,0.64,8.64,9.09,7.73,26.1,26.91
2012,Pratapgarh,Rajasthan,2013,4.31,13.82,5.45,3.55,27.13,30.24
2012,Pratapgarh,Rajasthan,2014,0.37,8.74,5.49,6.51,21.11,22.78
2012,Pratapgarh,Rajasthan,2015,3.56,8.21,6.7,1.46,19.930000000000003,22.11
2012,Pratapgarh,Rajasthan,2016,2.13,9.15,17.46,1.31,30.05,32.300000000000004
2012,Pratapgarh,Rajasthan,2017,3.61,12.94,5.27,2.24,24.060000000000002,24.849999999999998
2012,Pratapgarh,Rajasthan,2018,2.91,8.82,5.32,3.28,20.330000000000002,20.43
2012,Pratapgarh,Rajasthan,2019,4.57,6.88,14.04,8.02,33.51,36.14
2020,Thiruppur,Tamil Nadu,1990,0.2,1.19,1.17,5.48,8.04,18.830000000000002
2020,Thiruppur,Tamil Nadu,1991,6.46,0.7,2.37,7.09,16.62,28.2
2020,Thiruppur,Tamil Nadu,1992,2.19,2.09,0.9,7.27,12.45,27.62
2020,Thiruppur,Tamil Nadu,1993,2.76,2.83,1.22,1.78,8.59,34.15
2020,Thiruppur,Tamil Nadu,1994,0.39,2.43,0.47,3.8,7.09,28.39
2020,Thiruppur,Tamil Nadu,1995,2.16,2.01,2.05,2.07,8.29,21.34
2020,Thiruppur,Tamil Nadu,1996,3.67,1.09,4.27,3.91,12.94,29.99
2020,Thiruppur,Tamil Nadu,1997,2.65,1.1,0.59,3.21,7.55,27.95
2020,Thiruppur,Tamil Nadu,1998,0.41,1.54,5.13,4.29,11.370000000000001,27.72
2020,Thiruppur,Tamil Nadu,1999,1.29,0.59,1.3,1.34,4.52,23.96
2020,Thiruppur,Tamil Nadu,2000,0.42,3.98,1.57,5.28,11.25,30.11
2020,Thiruppur,Tamil Nadu,2001,0.98,4.12,1.19,3.95,10.239999999999998,25.330000000000002
2020,Thiruppur,Tamil Nadu,2002,3.36,0.15,0.6,1.43,5.539999999999999,20.4
2020,Thiruppur,Tamil Nadu,2003,0.59,2.5,3.33,3.55,9.969999999999999,28.12
2020,Thiruppur,Tamil Nadu,2004,0.64,3.92,0.73,9.12,14.409999999999998,35.15
2020,Thiruppur,Tamil Nadu,2005,0.3,0.93,1.48,2.99,5.7,39.92
2020,Thiruppur,Tamil Nadu,2006,0.77,0.23,4.75,3.05,8.8,27.12
2020,Thiruppur,Tamil Nadu,2007,1.48,2.17,2.93,1.45,8.03,26.21
2020,Thiruppur,Tamil Nadu,2008,0.5,3.84,4.72,1.01,10.069999999999999,34.93
2020,Thiruppur,Tamil Nadu,2009,0.58,0.43,1.85,1.89,4.75,22.12
2020,Thiruppur,Tamil Nadu,2010,2.23,1.35,2.73,4.04,10.350000000000001,34.55
2020,Thiruppur,Tamil Nadu,2011,0.43,1.71,2.2,4.37,8.71,28.12
2020,Thiruppur,Tamil Nadu,2012,1.8,0.95,2.6,2.87,8.219999999999999,21.86
2020,Thiruppur,Tamil Nadu,2013,0.57,0.23,3.52,3.38,7.7,20.87
2020,Thiruppur,Tamil Nadu,2014,0.87,0.5,3.0,2.19,6.5600000000000005,24.810000000000002
2020,Thiruppur,Tamil Nadu,2015,2.42,0.55,2.52,3.39,8.88,37.4
2020,Thiruppur,Tamil Nadu,2016,1.0,2.93,1.86,0.72,6.51,15.51
2020,Thiruppur,Tamil Nadu,2017,1.37,1.43,4.23,4.52,11.55,26.31
2020,Thiruppur,Tamil Nadu,2018,1.27,1.5,1.14,3.12,7.03,22.63
2020,Thiruppur,Tamil Nadu,2019,0.69,1.19,3.28,6.02,11.18,28.45
2023,Khunti,Jharkhand,1990,8.2,16.18,8.94,7.01,40.33,49.809999999999995
2023,Khunti,Jharkhand,1991,5.39,7.76,14.88,9.22,37.25,41.92
2023,Khunti,Jharkhand,1992,4.56,7.93,9.91,4.31,26.709999999999997,30.669999999999998
2023,Khunti,Jharkhand,1993,8.65,7.13,7.48,11.23,34.49,42.1
2023,Khunti,Jharkhand,1994,10.14,22.21,13.95,6.01,52.309999999999995,61.09
2023,Khunti,Jharkhand,1995,5.84,10.18,8.95,11.09,36.06,45.43
2023,Khunti,Jharkhand,1996,10.29,11.22,12.67,4.92,39.1,42.39
2023,Khunti,Jharkhand,1997,10.6,10.09,15.89,5.21,41.79,49.8
2023,Khunti,Jharkhand,1998,6.84,6.95,9.07,10.99,33.85,48.21
2023,Khunti,Jharkhand,1999,7.8,12.48,11.29,5.94,37.51,45.35
2023,Khunti,Jharkhand,2000,6.62,8.14,6.36,8.31,29.43,33.79
2023,Khunti,Jharkhand,2001,12.14,13.47,7.13,2.97,35.71,41.63
2023,Khunti,Jharkhand,2002,6.39,7.84,8.15,9.57,31.950000000000003,37.2
2023,Khunti,Jharkhand,2003,5.53,11.69,9.92,8.73,35.870000000000005,49.32
2023,Khunti,Jharkhand,2004,8.09,7.92,16.21,4.65,36.87,43.94
2023,Khunti,Jharkhand,2005,5.86,10.54,6.48,5.41,28.29,34.2
2023,Khunti,Jharkhand,2006,8.8,15.42,11.88,8.75,44.85,51.33
2023,Khunti,Jharkhand,2007,5.78,13.22,10.83,11.56,41.39,48.0
2023,Khunti,Jharkhand,2008,13.45,14.35,10.41,6.91,45.11999999999999,49.89
2023,Khunti,Jharkhand,2009,3.26,11.39,8.61,8.62,31.879999999999995,40.1
2023,Khunti,Jharkhand,2010,3.39,6.45,6.04,10.23,26.11,31.79
2023,Khunti,Jharkhand,2011,14.79,7.62,15.16,12.84,50.41,56.33
2023,Khunti,Jharkhand,2012,4.53,11.28,14.17,8.63,38.61,47.01
2023,Khunti,Jharkhand,2013,8.98,8.84,9.44,7.68,34.94,49.68
2023,Khunti,Jharkhand,2014,5.91,10.52,8.15,5.23,29.81,38.54
2023,Khunti,Jharkhand,2015,8.06,16.76,10.79,3.12,38.73,46.42
2023,Khunti,Jharkhand,2016,3.52,12.2,13.27,9.91,38.9,44.24
2023,Khunti,Jharkhand,2017,5.32,23.48,10.05,6.66,45.510000000000005,52.54
2023,Khunti,Jharkhand,2018,4.07,13.22,10.97,7.17,35.43,43.27
2023,Khunti,Jharkhand,2019,4.57,9.03,11.74,10.47,35.81,47.82
2025,Yadagiri,Karnataka,1990,6.42,2.33,6.72,4.57,20.04,28.490000000000002
2025,Yadagiri,Karnataka,1991,7.63,4.85,2.89,3.38,18.75,20.93
2025,Yadagiri,Karnataka,1992,4.25,3.4,4.3,2.66,14.61,19.69
2025,Yadagiri,Karnataka,1993,1.4,5.6,5.49,4.97,17.46,25.86
2025,Yadagiri,Karnataka,1994,2.46,3.34,3.92,1.07,10.79,20.509999999999998
2025,Yadagiri,Karnataka,1995,5.1,5.19,4.8,4.83,19.92,30.759999999999998
2025,Yadagiri,Karnataka,1996,4.37,3.11,7.75,6.64,21.87,29.849999999999998
2025,Yadagiri,Karnataka,1997,2.94,3.24,2.79,3.14,12.11,20.45
2025,Yadagiri,Karnataka,1998,3.13,4.52,6.18,10.09,23.919999999999998,32.4
2025,Yadagiri,Karnataka,1999,2.39,2.68,2.61,3.07,10.75,15.32
2025,Yadagiri,Karnataka,2000,5.7,2.55,9.27,2.54,20.06,25.0
2025,Yadagiri,Karnataka,2001,3.09,2.34,3.61,7.45,16.49,22.86
2025,Yadagiri,Karnataka,2002,3.5,2.7,5.12,2.36,13.68,21.21
2025,Yadagiri,Karnataka,2003,1.83,3.21,4.64,2.53,12.209999999999999,17.41
2025,Yadagiri,Karnataka,2004,2.4,6.14,1.44,5.78,15.759999999999998,22.68
2025,Yadagiri,Karnataka,2005,3.14,8.77,5.79,4.96,22.66,31.759999999999998
2025,Yadagiri,Karnataka,2006,4.59,3.09,2.9,6.85,17.43,26.09
2025,Yadagiri,Karnataka,2007,7.88,2.81,6.3,8.12,25.11,27.259999999999998
2025,Yadagiri,Karnataka,2008,1.21,4.11,7.67,6.2,19.19,27.900000000000002
2025,Yadagiri,Karnataka,2009,3.59,1.48,5.55,5.29,15.91,22.1
2025,Yadagiri,Karnataka,2010,4.26,7.03,7.56,4.84,23.689999999999998,28.83
2025,Yadagiri,Karnataka,2011,1.81,4.81,4.33,1.22,12.17,15.67
2025,Yadagiri,Karnataka,2012,2.54,4.11,3.75,3.39,13.790000000000001,17.96
2025,Yadagiri,Karnataka,2013,3.07,5.91,2.1,7.22,18.3,24.1
2025,Yadagiri,Karnataka,2014,1.69,3.61,8.83,2.37,16.5,24.45
2025,Yadagiri,Karnataka,2015,1.35,1.55,3.44,5.98,12.32,17.39
2025,Yadagiri,Karnataka,2016,5.72,6.45,1.71,9.66,23.54,26.27
2025,Yadagiri,Karnataka,2017,5.7,2.94,4.06,6.91,19.61,25.11
2025,Yadagiri,Karnataka,2018,2.31,2.04,3.54,2.7,10.59,14.32
2025,Yadagiri,Karnataka,2019,2.47,2.1,4.32,5.77,14.66,19.36
2031,Sambhal,Uttar Pradesh,1990,2.49,6.66,9.26,7.91,26.32,32.72
2031,Sambhal,Uttar Pradesh,1991,2.0,3.13,12.6,4.56,22.29,25.22
2031,Sambhal,Uttar Pradesh,1992,0.33,3.16,6.39,3.47,13.35,16.25
2031,Sambhal,Uttar Pradesh,1993,4.68,8.35,4.17,6.37,23.57,25.7
2031,Sambhal,Uttar Pradesh,1994,2.36,12.86,9.81,0.44,25.470000000000002,28.05
2031,Sambhal,Uttar Pradesh,1995,1.96,3.11,12.41,5.06,22.54,25.96
2031,Sambhal,Uttar Pradesh,1996,5.38,6.59,11.16,5.52,28.65,32.95
2031,Sambhal,Uttar Pradesh,1997,3.87,3.79,5.17,1.84,14.67,20.79
2031,Sambhal,Uttar Pradesh,1998,3.92,5.25,7.8,5.52,22.49,28.88
2031,Sambhal,Uttar Pradesh,1999,1.64,6.52,3.5,4.86,16.52,18.68
2031,Sambhal,Uttar Pradesh,2000,5.49,6.76,7.47,1.04,20.759999999999998,24.28
2031,Sambhal,Uttar Pradesh,2001,4.34,8.07,2.88,1.15,16.439999999999998,19.52
2031,Sambhal,Uttar Pradesh,2002,1.63,0.45,6.87,6.98,15.93,22.7
2031,Sambhal,Uttar Pradesh,2003,3.34,14.11,8.01,6.53,31.990000000000002,35.42
2031,Sambhal,Uttar Pradesh,2004,3.82,4.65,8.14,1.21,17.82,23.73
2031,Sambhal,Uttar Pradesh,2005,2.51,7.95,3.88,9.23,23.57,26.87
2031,Sambhal,Uttar Pradesh,2006,3.32,9.19,3.4,3.38,19.29,22.599999999999998
2031,Sambhal,Uttar Pradesh,2007,4.88,8.45,6.7,3.98,24.009999999999998,29.81
2031,Sambhal,Uttar Pradesh,2008,5.35,9.72,9.04,6.69,30.8,34.83
2031,Sambhal,Uttar Pradesh,2009,1.47,5.66,8.11,6.19,21.43,25.91
2031,Sambhal,Uttar Pradesh,2010,0.41,11.58,10.58,11.66,34.230000000000004,36.89
2031,Sambhal,Uttar Pradesh,2011,5.41,7.07,8.97,6.99,28.440000000000005,31.610000000000003
2031,Sambhal,Uttar Pradesh,2012,0.54,6.1,11.0,3.77,21.41,23.48
2031,Sambhal,Uttar Pradesh,2013,7.98,11.93,10.95,3.91,34.769999999999996,42.26
2031,Sambhal,Uttar Pradesh,2014,1.31,4.68,4.91,2.73,13.63,19.93
2031,Sambhal,Uttar Pradesh,2015,5.27,8.1,7.55,2.69,23.61,29.83
2031,Sambhal,Uttar Pradesh,2016,3.18,11.81,5.88,2.29,23.16,26.41
2031,Sambhal,Uttar Pradesh,2017,3.94,7.48,5.14,6.2,22.759999999999998,24.99
2031,Sambhal,Uttar Pradesh,2018,1.61,12.27,11.18,5.45,30.509999999999998,32.18
2031,Sambhal,Uttar Pradesh,2019,0.95,7.92,6.05,3.0,17.919999999999998,23.55
2033,Hapur,Uttar Pradesh,1990,2.55,6.88,9.22,7.68,26.33,32.66
2033,Hapur,Uttar Pradesh,1991,2.07,3.13,12.73,4.59,22.52,25.36
2033,Hapur,Uttar Pradesh,1992,0.31,3.21,6.49,3.33,13.34,16.37
2033,Hapur,Uttar Pradesh,1993,4.81,7.52,4.0,5.96,22.29,24.41
2033,Hapur,Uttar Pradesh,1994,2.41,12.42,10.18,0.48,25.49,28.169999999999998
2033,Hapur,Uttar Pradesh,1995,2.13,3.47,11.87,4.57,22.04,25.27
2033,Hapur,Uttar Pradesh,1996,5.41,6.79,11.36,5.6,29.159999999999997,33.72
2033,Hapur,Uttar Pradesh,1997,4.02,4.24,5.29,1.55,15.100000000000001,21.1
2033,Hapur,Uttar Pradesh,1998,3.45,5.7,7.88,5.34,22.37,29.29
2033,Hapur,Uttar Pradesh,1999,1.48,7.34,3.74,5.42,17.98,20.06
2033,Hapur,Uttar Pradesh,2000,5.63,6.72,8.26,1.03,21.64,25.32
2033,Hapur,Uttar Pradesh,2001,4.47,9.41,2.77,1.02,17.669999999999998,20.52
2033,Hapur,Uttar Pradesh,2002,1.68,0.45,7.76,7.02,16.91,23.77
2033,Hapur,Uttar Pradesh,2003,2.85,12.65,8.74,7.61,31.85,35.370000000000005
2033,Hapur,Uttar Pradesh,2004,4.22,5.69,7.84,1.44,19.19,24.99
2033,Hapur,Uttar Pradesh,2005,2.62,8.23,3.81,9.79,24.450000000000003,27.82
2033,Hapur,Uttar Pradesh,2006,3.18,9.52,3.34,3.27,19.31,22.64
2033,Hapur,Uttar Pradesh,2007,4.88,9.37,6.55,4.36,25.16,30.74
2033,Hapur,Uttar Pradesh,2008,5.89,10.86,9.11,6.96,32.82,36.199999999999996
2033,Hapur,Uttar Pradesh,2009,1.65,5.82,8.56,6.1,22.130000000000003,26.68
2033,Hapur,Uttar Pradesh,2010,0.4,12.24,10.05,12.26,34.95,37.6
2033,Hapur,Uttar Pradesh,2011,6.11,7.75,9.55,6.8,30.21,33.47
2033,Hapur,Uttar Pradesh,2012,0.55,6.56,10.51,4.08,21.699999999999996,23.8
2033,Hapur,Uttar Pradesh,2013,8.9,12.25,10.87,3.92,35.94,43.41
2033,Hapur,Uttar Pradesh,2014,1.29,4.91,4.48,2.87,13.55,19.72
2033,Hapur,Uttar Pradesh,2015,2.72,7.2,6.49,1.29,17.7,23.37
2033,Hapur,Uttar Pradesh,2016,2.19,10.76,5.18,1.32,19.45,21.69
2033,Hapur,Uttar Pradesh,2017,5.04,4.66,4.92,4.76,19.38,21.95
2033,Hapur,Uttar Pradesh,2018,1.82,12.08,5.73,6.25,25.880000000000003,27.39
2033,Hapur,Uttar Pradesh,2019,0.31,6.01,5.58,2.58,14.479999999999999,20.43
2035,Baloda Bazar,Chhattisgarh,1990,8.71,8.54,9.63,10.14,37.02,49.49
2035,Baloda Bazar,Chhattisgarh,1991,6.41,9.98,13.32,3.46,33.17,34.92
2035,Baloda Bazar,Chhattisgarh,1992,3.31,10.01,13.28,6.36,32.96,35.4
2035,Baloda Bazar,Chhattisgarh,1993,6.47,14.82,11.81,8.42,41.52,44.57
2035,Baloda Bazar,Chhattisgarh,1994,12.55,17.51,11.48,9.18,50.720000000000006,54.93
2035,Baloda Bazar,Chhattisgarh,1995,3.19,14.48,10.64,6.21,34.52,42.31
2035,Baloda Bazar,Chhattisgarh,1996,4.36,12.54,11.36,3.29,31.549999999999997,35.67
2035,Baloda Bazar,Chhattisgarh,1997,4.11,12.53,16.28,2.47,35.39,43.11
2035,Baloda Bazar,Chhattisgarh,1998,3.83,5.69,7.38,6.9,23.799999999999997,32.410000000000004
2035,Baloda Bazar,Chhattisgarh,1999,5.37,6.23,13.48,7.53,32.61,35.27
2035,Baloda Bazar,Chhattisgarh,2000,9.54,9.43,4.13,2.93,26.029999999999998,28.61
2035,Baloda Bazar,Chhattisgarh,2001,10.83,11.55,10.38,3.74,36.50000000000001,41.910000000000004
2035,Baloda Bazar,Chhattisgarh,2002,7.01,3.67,9.7,3.44,23.82,27.25
2035,Baloda Bazar,Chhattisgarh,2003,4.15,10.25,14.83,11.32,40.55,48.89
2035,Baloda Bazar,Chhattisgarh,2004,8.66,9.37,7.77,6.23,32.03,37.21
2035,Baloda Bazar,Chhattisgarh,2005,4.59,16.88,10.83,9.54,41.839999999999996,50.21
2035,Baloda Bazar,Chhattisgarh,2006,2.52,11.28,10.32,7.58,31.699999999999996,37.46
2035,Baloda Bazar,Chhattisgarh,2007,16.76,10.74,8.42,8.21,44.13,47.38
2035,Baloda Bazar,Chhattisgarh,2008,8.54,7.7,8.39,10.83,35.46,38.31
2035,Baloda Bazar,Chhattisgarh,2009,2.07,17.29,8.98,2.46,30.8,35.82
2035,Baloda Bazar,Chhattisgarh,2010,4.38,12.96,6.92,8.86,33.12,39.02
2035,Baloda Bazar,Chhattisgarh,2011,6.46,11.09,14.46,13.07,45.080000000000005,50.76
2035,Baloda Bazar,Chhattisgarh,2012,7.28,16.97,15.79,6.87,46.91,51.5
2035,Baloda Bazar,Chhattisgarh,2013,10.9,15.51,12.6,5.55,44.559999999999995,53.95
2035,Baloda Bazar,Chhattisgarh,2014,3.08,14.91,8.8,8.02,34.81,42.53
2035,Baloda Bazar,Chhattisgarh,2015,8.21,8.23,8.82,7.67,32.93,36.06
2035,Baloda Bazar,Chhattisgarh,2016,4.9,11.85,8.62,10.97,36.339999999999996,40.96
2035,Baloda Bazar,Chhattisgarh,2017,6.49,11.69,8.72,7.5,34.4,37.26
2035,Baloda Bazar,Chhattisgarh,2018,4.15,11.34,12.56,2.96,31.01,36.08
2035,Baloda Bazar,Chhattisgarh,2019,3.43,12.76,14.64,16.29,47.120000000000005,51.88
2036,Balrampur,Chhattisgarh,1990,8.27,14.85,8.05,6.46,37.629999999999995,45.85
2036,Balrampur,Chhattisgarh,1991,4.21,7.43,13.86,6.75,32.25,35.31
2036,Balrampur,Chhattisgarh,1992,4.01,8.24,9.67,4.85,26.770000000000003,29.95
2036,Balrampur,Chhattisgarh,1993,6.71,8.3,7.27,12.26,34.54,40.58
2036,Balrampur,Chhattisgarh,1994,9.02,17.45,14.35,6.25,47.07,54.629999999999995
2036,Balrampur,Chhattisgarh,1995,4.85,9.64,9.12,10.36,33.97,42.16
2036,Balrampur,Chhattisgarh,1996,8.36,10.44,12.08,4.49,35.37,39.23
2036,Balrampur,Chhattisgarh,1997,7.57,12.74,14.05,5.11,39.47,47.75
2036,Balrampur,Chhattisgarh,1998,6.0,6.95,9.19,9.98,32.120000000000005,42.49
2036,Balrampur,Chhattisgarh,1999,6.62,11.42,10.8,5.98,34.82,40.480000000000004
2036,Balrampur,Chhattisgarh,2000,5.89,7.97,5.51,7.92,27.29,30.189999999999998
2036,Balrampur,Chhattisgarh,2001,9.55,13.41,7.74,2.98,33.68,38.95
2036,Balrampur,Chhattisgarh,2002,4.95,6.7,9.2,7.5,28.35,33.43
2036,Balrampur,Chhattisgarh,2003,5.72,10.66,10.0,9.05,35.43,45.54
2036,Balrampur,Chhattisgarh,2004,9.03,7.71,13.11,4.22,34.07,39.699999999999996
2036,Balrampur,Chhattisgarh,2005,4.96,9.05,8.66,4.74,27.410000000000004,31.59
2036,Balrampur,Chhattisgarh,2006,6.21,11.18,10.2,5.03,32.62,38.14
2036,Balrampur,Chhattisgarh,2007,4.43,9.92,8.76,9.8,32.91,38.55
2036,Balrampur,Chhattisgarh,2008,13.25,10.05,10.61,4.11,38.019999999999996,41.53
2036,Balrampur,Chhattisgarh,2009,2.17,9.48,6.89,7.76,26.299999999999997,31.37
2036,Balrampur,Chhattisgarh,2010,3.29,7.04,5.84,7.72,23.89,27.72
2036,Balrampur,Chhattisgarh,2011,13.35,7.02,11.37,11.74,43.48,47.64
2036,Balrampur,Chhattisgarh,2012,3.54,12.64,14.95,7.27,38.4,44.46
2036,Balrampur,Chhattisgarh,2013,6.12,8.81,11.8,7.87,34.6,47.14
2036,Balrampur,Chhattisgarh,2014,3.74,8.39,8.77,5.02,25.919999999999998,35.27
2036,Balrampur,Chhattisgarh,2015,6.95,22.74,13.64,3.41,46.739999999999995,52.23
2036,Balrampur,Chhattisgarh,2016,1.49,11.77,18.79,8.53,40.58,45.8
2036,Balrampur,Chhattisgarh,2017,5.08,22.16,9.33,4.25,40.82,43.24
2036,Balrampur,Chhattisgarh,2018,3.44,14.3,10.15,4.52,32.41,36.38
2036,Balrampur,Chhattisgarh,2019,5.08,8.9,12.79,8.22,34.99,40.46
2038,Gariaband,Chhattisgarh,1990,9.0,8.76,12.26,9.46,39.48,55.81
2038,Gariaband,Chhattisgarh,1991,6.5,9.93,11.44,4.58,32.449999999999996,35.14
2038,Gariaband,Chhattisgarh,1992,4.03,9.83,13.51,5.64,33.01,36.02
2038,Gariaband,Chhattisgarh,1993,6.5,14.31,11.08,6.98,38.870000000000005,43.62
2038,Gariaband,Chhattisgarh,1994,8.89,17.76,11.2,8.61,46.46,51.72
2038,Gariaband,Chhattisgarh,1995,4.04,14.99,9.11,6.97,35.11,43.88
2038,Gariaband,Chhattisgarh,1996,3.26,10.4,9.37,3.78,26.810000000000002,30.77
2038,Gariaband,Chhattisgarh,1997,3.66,11.63,11.69,2.67,29.65,37.37
2038,Gariaband,Chhattisgarh,1998,4.68,7.16,6.94,5.44,24.220000000000002,34.19
2038,Gariaband,Chhattisgarh,1999,5.44,5.57,16.24,6.99,34.24,37.089999999999996
2038,Gariaband,Chhattisgarh,2000,11.15,9.29,6.57,2.98,29.99,33.24
2038,Gariaband,Chhattisgarh,2001,10.05,10.33,10.53,4.36,35.27,41.56
2038,Gariaband,Chhattisgarh,2002,6.75,4.6,9.81,2.42,23.58,27.52
2038,Gariaband,Chhattisgarh,2003,2.75,12.79,14.86,9.41,39.81,49.33
2038,Gariaband,Chhattisgarh,2004,8.78,10.26,7.02,7.79,33.85,39.37
2038,Gariaband,Chhattisgarh,2005,4.7,15.66,10.33,10.31,41.0,50.35
2038,Gariaband,Chhattisgarh,2006,3.05,12.32,10.66,9.08,35.11,41.89
2038,Gariaband,Chhattisgarh,2007,17.99,9.23,9.45,6.61,43.28,46.9
2038,Gariaband,Chhattisgarh,2008,8.12,7.59,8.44,11.0,35.15,38.87
2038,Gariaband,Chhattisgarh,2009,2.46,18.62,8.86,3.15,33.09,37.98
2038,Gariaband,Chhattisgarh,2010,6.09,14.72,8.97,9.55,39.33,47.79
2038,Gariaband,Chhattisgarh,2011,5.47,11.29,13.64,11.53,41.93,48.269999999999996
2038,Gariaband,Chhattisgarh,2012,7.84,18.09,16.33,8.36,50.62,55.64
2038,Gariaband,Chhattisgarh,2013,12.14,15.25,10.8,5.67,43.86,51.83
2038,Gariaband,Chhattisgarh,2014,3.51,15.89,7.86,10.48,37.739999999999995,44.550000000000004
2038,Gariaband,Chhattisgarh,2015,11.23,7.11,9.71,10.07,38.120000000000005,41.93
2038,Gariaband,Chhattisgarh,2016,6.45,11.95,8.51,11.73,38.64,43.87
2038,Gariaband,Chhattisgarh,2017,6.48,14.13,9.55,7.03,37.19,41.47
2038,Gariaband,Chhattisgarh,2018,3.84,10.92,15.16,4.49,34.410000000000004,40.07
2038,Gariaband,Chhattisgarh,2019,4.01,14.26,15.58,14.6,48.45,54.22
2043,Fazilka,Punjab,1990,0.65,3.44,4.02,4.24,12.35,16.71
2043,Fazilka,Punjab,1991,1.23,1.25,3.49,0.64,6.61,8.040000000000001
2043,Fazilka,Punjab,1992,0.51,2.47,4.25,2.94,10.17,13.98
2043,Fazilka,Punjab,1993,0.93,5.62,0.52,1.64,8.71,11.24
2043,Fazilka,Punjab,1994,1.08,3.76,3.82,2.31,10.97,13.7
2043,Fazilka,Punjab,1995,1.5,2.78,6.24,1.33,11.85,16.87
2043,Fazilka,Punjab,1996,4.63,2.39,5.88,1.07,13.969999999999999,17.56
2043,Fazilka,Punjab,1997,1.4,2.43,4.07,0.49,8.39,13.07
2043,Fazilka,Punjab,1998,1.09,2.32,1.17,1.54,6.12,8.61
2043,Fazilka,Punjab,1999,1.2,1.36,1.58,0.68,4.82,6.21
2043,Fazilka,Punjab,2000,1.49,2.54,0.89,0.56,5.48,7.21
2043,Fazilka,Punjab,2001,1.95,4.06,1.89,0.55,8.45,10.65
2043,Fazilka,Punjab,2002,0.51,0.73,1.95,1.51,4.7,6.67
2043,Fazilka,Punjab,2003,1.09,5.34,2.44,1.67,10.54,13.469999999999999
2043,Fazilka,Punjab,2004,2.29,1.82,2.58,0.19,6.880000000000001,10.280000000000001
2043,Fazilka,Punjab,2005,1.5,3.08,1.06,2.35,7.99,13.03
2043,Fazilka,Punjab,2006,3.01,3.18,1.69,2.12,10.0,13.36
2043,Fazilka,Punjab,2007,3.56,1.53,1.56,2.12,8.77,13.120000000000001
2043,Fazilka,Punjab,2008,4.34,3.51,5.95,1.5,15.3,18.13
2043,Fazilka,Punjab,2009,0.62,2.36,2.66,1.74,7.380000000000001,10.61
2043,Fazilka,Punjab,2010,1.44,4.51,4.78,3.28,14.01,15.06
2043,Fazilka,Punjab,2011,2.14,1.83,4.74,4.85,13.56,16.11
2043,Fazilka,Punjab,2012,0.37,2.04,2.57,5.1,10.08,12.209999999999999
2043,Fazilka,Punjab,2013,2.03,3.98,4.13,0.42,10.56,14.42
2043,Fazilka,Punjab,2014,0.84,2.23,0.5,7.88,11.45,15.36
2043,Fazilka,Punjab,2015,1.32,3.73,2.7,2.71,10.46,15.49
2043,Fazilka,Punjab,2016,1.64,4.17,3.95,0.32,10.08,12.03
2043,Fazilka,Punjab,2017,3.54,2.7,2.1,1.37,9.71,12.75
2043,Fazilka,Punjab,2018,3.15,5.96,0.77,2.27,12.149999999999999,13.47
2043,Fazilka,Punjab,2019,1.14,4.6,2.59,1.72,10.049999999999999,15.84
2050,Aravalli,Gujarat,1990,0.79,6.74,13.33,4.65,25.509999999999998,26.87
2050,Aravalli,Gujarat,1991,0.79,12.34,3.89,0.33,17.349999999999998,17.38
2050,Aravalli,Gujarat,1992,1.37,6.35,4.17,6.53,18.42,18.88
2050,Aravalli,Gujarat,1993,0.7,15.65,2.31,3.04,21.7,22.37
2050,Aravalli,Gujarat,1994,3.36,12.73,11.55,14.07,41.71,42.11
2050,Aravalli,Gujarat,1995,0.35,6.38,2.68,2.26,11.67,12.53
2050,Aravalli,Gujarat,1996,2.92,10.6,8.44,2.63,24.59,25.57
2050,Aravalli,Gujarat,1997,18.82,6.05,10.33,2.68,37.88,38.910000000000004
2050,Aravalli,Gujarat,1998,3.54,11.89,6.28,4.51,26.22,27.45
2050,Aravalli,Gujarat,1999,3.54,9.36,0.7,1.14,14.739999999999998,16.5
2050,Aravalli,Gujarat,2000,1.93,12.98,3.88,0.17,18.96,21.27
2050,Aravalli,Gujarat,2001,4.37,5.84,4.31,0.21,14.73,16.59
2050,Aravalli,Gujarat,2002,4.01,1.52,4.36,2.03,11.92,12.47
2050,Aravalli,Gujarat,2003,3.91,9.41,12.09,1.28,26.69,27.42
2050,Aravalli,Gujarat,2004,2.96,8.31,11.7,1.53,24.5,25.25
2050,Aravalli,Gujarat,2005,7.9,6.87,5.26,10.42,30.450000000000003,30.93
2050,Aravalli,Gujarat,2006,4.95,9.9,13.93,5.02,33.8,34.07
2050,Aravalli,Gujarat,2007,3.87,12.65,11.47,2.12,30.110000000000003,30.6
2050,Aravalli,Gujarat,2008,2.05,5.07,8.52,4.15,19.79,20.24
2050,Aravalli,Gujarat,2009,0.75,10.34,5.19,0.95,17.23,19.95
2050,Aravalli,Gujarat,2010,2.08,12.87,15.53,4.42,34.9,37.0
2050,Aravalli,Gujarat,2011,0.85,8.85,10.59,3.54,23.83,23.849999999999998
2050,Aravalli,Gujarat,2012,0.96,4.45,8.28,8.34,22.03,22.34
2050,Aravalli,Gujarat,2013,3.68,14.41,5.04,5.92,29.049999999999997,30.52
2050,Aravalli,Gujarat,2014,0.12,15.74,3.55,6.75,26.16,26.95
2050,Aravalli,Gujarat,2015,4.38,9.73,1.97,2.55,18.63,20.38
2050,Aravalli,Gujarat,2016,0.5,5.36,8.5,1.5,15.86,17.56
2050,Aravalli,Gujarat,2017,2.54,19.8,4.12,1.93,28.39,28.73
2050,Aravalli,Gujarat,2018,1.25,6.01,5.18,1.62,14.059999999999999,14.059999999999999
2050,Aravalli,Gujarat,2019,2.23,4.58,12.25,8.39,27.450000000000003,28.720000000000002
2051,Botad,Gujarat,1990,1.33,2.67,8.72,2.96,15.68,17.09
2051,Botad,Gujarat,1991,0.48,7.76,2.38,0.51,11.13,11.129999999999999
2051,Botad,Gujarat,1992,1.47,7.85,3.05,3.46,15.830000000000002,16.09
2051,Botad,Gujarat,1993,1.04,6.82,1.11,3.96,12.93,14.74
2051,Botad,Gujarat,1994,4.66,15.99,4.0,6.25,30.9,31.16
2051,Botad,Gujarat,1995,0.67,8.43,1.63,1.79,12.52,12.85
2051,Botad,Gujarat,1996,3.35,9.09,3.32,0.76,16.52,18.58
2051,Botad,Gujarat,1997,12.47,3.19,4.68,3.25,23.59,24.41
2051,Botad,Gujarat,1998,3.41,5.95,5.04,4.29,18.689999999999998,22.0
2051,Botad,Gujarat,1999,2.42,3.43,0.73,1.87,8.45,11.08
2051,Botad,Gujarat,2000,0.66,7.26,2.39,0.22,10.530000000000001,11.17
2051,Botad,Gujarat,2001,3.57,4.91,4.21,0.69,13.38,14.85
2051,Botad,Gujarat,2002,6.37,0.89,5.19,1.04,13.489999999999998,13.64
2051,Botad,Gujarat,2003,6.3,10.58,8.55,1.85,27.28,28.36
2051,Botad,Gujarat,2004,5.04,7.94,10.49,0.83,24.299999999999997,26.07
2051,Botad,Gujarat,2005,13.36,5.28,4.31,8.44,31.39,31.54
2051,Botad,Gujarat,2006,4.7,13.22,6.6,3.56,28.080000000000002,28.400000000000002
2051,Botad,Gujarat,2007,4.78,9.47,16.27,6.65,37.17,37.65
2051,Botad,Gujarat,2008,4.86,4.96,6.94,7.69,24.450000000000003,24.69
2051,Botad,Gujarat,2009,1.03,14.7,4.23,0.84,20.8,22.07
2051,Botad,Gujarat,2010,2.6,13.48,12.83,6.63,35.540000000000006,39.37
2051,Botad,Gujarat,2011,0.59,10.37,8.47,6.24,25.67,25.67
2051,Botad,Gujarat,2012,1.33,2.58,2.45,8.2,14.559999999999999,14.65
2051,Botad,Gujarat,2013,8.79,9.2,4.97,14.19,37.15,39.0
2051,Botad,Gujarat,2014,0.44,8.79,3.89,3.84,16.96,17.91
2051,Botad,Gujarat,2015,9.41,6.44,0.91,6.06,22.82,23.830000000000002
2051,Botad,Gujarat,2016,1.07,6.4,5.59,4.92,17.98,19.91
2051,Botad,Gujarat,2017,3.94,13.55,6.85,2.19,26.530000000000005,27.39
2051,Botad,Gujarat,2018,1.11,10.31,4.34,1.01,16.77,16.81
2051,Botad,Gujarat,2019,6.91,5.92,12.56,11.55,36.94,38.84
2052,Chhota Udaipur,Gujarat,1990,2.58,4.89,13.79,6.67,27.93,30.52
2052,Chhota Udaipur,Gujarat,1991,2.13,13.22,4.86,0.6,20.810000000000002,20.87
2052,Chhota Udaipur,Gujarat,1992,3.42,5.29,3.51,5.12,17.34,17.9
2052,Chhota Udaipur,Gujarat,1993,1.32,13.86,4.49,6.16,25.830000000000002,27.78
2052,Chhota Udaipur,Gujarat,1994,10.16,16.34,8.66,8.23,43.39,44.39
2052,Chhota Udaipur,Gujarat,1995,1.02,17.65,3.52,4.2,26.389999999999997,27.709999999999997
2052,Chhota Udaipur,Gujarat,1996,3.21,16.79,6.82,2.64,29.46,31.39
2052,Chhota Udaipur,Gujarat,1997,19.09,9.73,9.26,2.66,40.739999999999995,42.1
2052,Chhota Udaipur,Gujarat,1998,3.56,12.98,8.26,8.06,32.86,36.0
2052,Chhota Udaipur,Gujarat,1999,4.07,8.4,1.68,3.53,17.68,21.73
2052,Chhota Udaipur,Gujarat,2000,1.76,10.15,4.54,0.33,16.779999999999998,18.34
2052,Chhota Udaipur,Gujarat,2001,7.16,7.49,5.61,0.3,20.560000000000002,23.6
2052,Chhota Udaipur,Gujarat,2002,9.22,2.12,9.87,3.04,24.25,24.89
2052,Chhota Udaipur,Gujarat,2003,9.73,14.46,11.1,5.69,40.98,43.09
2052,Chhota Udaipur,Gujarat,2004,7.06,13.63,17.38,2.22,40.29,41.68
2052,Chhota Udaipur,Gujarat,2005,19.06,11.5,7.05,12.4,50.01,50.769999999999996
2052,Chhota Udaipur,Gujarat,2006,7.26,17.3,15.48,5.11,45.150000000000006,46.75
2052,Chhota Udaipur,Gujarat,2007,5.28,13.55,17.55,7.53,43.910000000000004,44.68
2052,Chhota Udaipur,Gujarat,2008,6.95,8.35,10.33,7.18,32.81,33.3
2052,Chhota Udaipur,Gujarat,2009,1.34,20.08,6.14,2.79,30.349999999999998,34.54
2052,Chhota Udaipur,Gujarat,2010,3.7,14.1,13.9,9.72,41.42,46.15
2052,Chhota Udaipur,Gujarat,2011,1.6,10.77,14.81,6.32,33.5,33.72
2052,Chhota Udaipur,Gujarat,2012,2.04,6.32,5.74,12.06,26.16,26.880000000000003
2052,Chhota Udaipur,Gujarat,2013,14.44,18.81,8.57,7.32,49.14,51.39
2052,Chhota Udaipur,Gujarat,2014,0.43,16.3,5.82,7.01,29.560000000000002,31.12
2052,Chhota Udaipur,Gujarat,2015,11.05,8.77,2.58,9.27,31.669999999999998,33.53
2052,Chhota Udaipur,Gujarat,2016,2.41,9.31,8.09,4.77,24.580000000000002,26.45
2052,Chhota Udaipur,Gujarat,2017,5.73,14.7,7.34,1.92,29.689999999999998,30.64
2052,Chhota Udaipur,Gujarat,2018,2.65,14.09,5.9,1.71,24.35,24.36
2052,Chhota Udaipur,Gujarat,2019,5.85,13.2,19.56,11.04,49.65,52.11
2053,Devbhoomi Dwarka,Gujarat,1990,0.77,0.91,5.14,1.18,8.0,8.93
2053,Devbhoomi Dwarka,Gujarat,1991,0.18,3.87,0.94,0.12,5.11,5.11
2053,Devbhoomi Dwarka,Gujarat,1992,0.38,7.94,2.47,4.68,15.47,16.13
2053,Devbhoomi Dwarka,Gujarat,1993,1.04,5.45,0.11,0.86,7.460000000000001,8.92
2053,Devbhoomi Dwarka,Gujarat,1994,1.68,11.83,1.72,6.86,22.09,22.13
2053,Devbhoomi Dwarka,Gujarat,1995,0.41,5.07,0.94,0.23,6.65,6.890000000000001
2053,Devbhoomi Dwarka,Gujarat,1996,3.34,3.97,0.71,0.22,8.24,9.2
2053,Devbhoomi Dwarka,Gujarat,1997,6.81,3.1,1.4,6.17,17.48,20.47
2053,Devbhoomi Dwarka,Gujarat,1998,4.85,3.25,1.9,0.68,10.68,12.56
2053,Devbhoomi Dwarka,Gujarat,1999,2.25,0.91,0.31,0.69,4.16,7.5200000000000005
2053,Devbhoomi Dwarka,Gujarat,2000,0.37,6.62,1.31,0.36,8.66,8.9
2053,Devbhoomi Dwarka,Gujarat,2001,4.71,5.33,2.42,0.26,12.719999999999999,13.24
2053,Devbhoomi Dwarka,Gujarat,2002,3.53,0.29,4.32,0.11,8.25,8.31
2053,Devbhoomi Dwarka,Gujarat,2003,3.14,10.95,5.71,0.47,20.27,20.48
2053,Devbhoomi Dwarka,Gujarat,2004,2.83,4.64,7.09,0.78,15.339999999999998,16.58
2053,Devbhoomi Dwarka,Gujarat,2005,6.53,2.69,2.24,3.9,15.360000000000001,15.47
2053,Devbhoomi Dwarka,Gujarat,2006,2.89,7.67,6.46,1.99,19.009999999999998,19.25
2053,Devbhoomi Dwarka,Gujarat,2007,6.75,4.81,19.23,3.88,34.67,34.84
2053,Devbhoomi Dwarka,Gujarat,2008,3.5,6.15,3.06,3.0,15.71,15.83
2053,Devbhoomi Dwarka,Gujarat,2009,3.35,19.86,3.86,0.46,27.53,27.59
2053,Devbhoomi Dwarka,Gujarat,2010,2.21,12.65,14.7,4.31,33.87,36.83
2053,Devbhoomi Dwarka,Gujarat,2011,0.31,6.41,6.37,7.98,21.07,21.13
2053,Devbhoomi Dwarka,Gujarat,2012,0.38,1.34,0.92,6.13,8.77,8.89
2053,Devbhoomi Dwarka,Gujarat,2013,5.53,5.06,1.93,12.46,24.98,27.05
2053,Devbhoomi Dwarka,Gujarat,2014,0.96,8.19,3.67,2.33,15.149999999999999,15.76
2053,Devbhoomi Dwarka,Gujarat,2015,6.31,11.7,0.14,1.48,19.63,20.759999999999998
2053,Devbhoomi Dwarka,Gujarat,2016,1.2,2.93,5.1,0.27,9.5,10.34
2053,Devbhoomi Dwarka,Gujarat,2017,5.6,6.73,3.7,0.5,16.53,16.56
2053,Devbhoomi Dwarka,Gujarat,2018,0.15,8.93,1.41,0.38,10.870000000000001,10.87
2053,Devbhoomi Dwarka,Gujarat,2019,2.16,4.05,10.64,21.45,38.3,40.28
2054,Gir Somnath,Gujarat,1990,3.15,1.28,8.62,1.28,14.329999999999998,15.17
2054,Gir Somnath,Gujarat,1991,0.29,10.36,1.9,0.28,12.829999999999998,12.83
2054,Gir Somnath,Gujarat,1992,0.92,9.36,5.07,4.96,20.31,20.89
2054,Gir Somnath,Gujarat,1993,1.98,4.91,0.45,3.05,10.39,12.09
2054,Gir Somnath,Gujarat,1994,3.62,11.69,2.89,5.97,24.169999999999998,24.37
2054,Gir Somnath,Gujarat,1995,0.35,9.85,1.83,1.39,13.42,13.58
2054,Gir Somnath,Gujarat,1996,3.97,11.46,1.58,0.53,17.540000000000003,22.01
2054,Gir Somnath,Gujarat,1997,8.21,7.2,3.5,4.18,23.09,23.98
2054,Gir Somnath,Gujarat,1998,7.11,3.19,4.03,1.76,16.090000000000003,19.6
2054,Gir Somnath,Gujarat,1999,4.3,2.29,0.74,1.31,8.64,10.29
2054,Gir Somnath,Gujarat,2000,0.82,10.39,2.99,0.14,14.340000000000002,15.120000000000001
2054,Gir Somnath,Gujarat,2001,6.09,6.64,3.85,0.59,17.17,18.49
2054,Gir Somnath,Gujarat,2002,5.46,0.81,7.42,0.24,13.93,14.0
2054,Gir Somnath,Gujarat,2003,5.85,11.12,9.76,1.34,28.069999999999997,28.45
2054,Gir Somnath,Gujarat,2004,4.97,8.83,13.57,0.9,28.27,29.51
2054,Gir Somnath,Gujarat,2005,9.79,4.6,2.88,6.75,24.02,24.099999999999998
2054,Gir Somnath,Gujarat,2006,6.22,12.44,4.97,3.08,26.71,27.119999999999997
2054,Gir Somnath,Gujarat,2007,6.78,5.8,29.29,7.39,49.26,49.55
2054,Gir Somnath,Gujarat,2008,4.05,13.44,3.46,8.78,29.729999999999997,29.869999999999997
2054,Gir Somnath,Gujarat,2009,4.59,27.35,3.27,0.32,35.53,36.38
2054,Gir Somnath,Gujarat,2010,1.93,16.1,17.86,6.51,42.4,46.31
2054,Gir Somnath,Gujarat,2011,1.14,11.58,9.99,4.7,27.41,27.44
2054,Gir Somnath,Gujarat,2012,0.89,2.72,1.51,6.56,11.68,11.83
2054,Gir Somnath,Gujarat,2013,8.91,9.91,3.31,7.56,29.689999999999998,31.34
2054,Gir Somnath,Gujarat,2014,2.4,11.37,5.71,3.78,23.26,24.029999999999998
2054,Gir Somnath,Gujarat,2015,8.95,6.63,0.49,3.75,19.819999999999997,20.73
2054,Gir Somnath,Gujarat,2016,2.86,7.67,5.61,4.64,20.78,22.89
2054,Gir Somnath,Gujarat,2017,4.62,11.33,7.02,2.33,25.299999999999997,26.2
2054,Gir Somnath,Gujarat,2018,1.1,18.44,2.75,0.66,22.950000000000003,23.01
2054,Gir Somnath,Gujarat,2019,4.34,4.63,7.33,12.12,28.419999999999995,30.65
2056,Morbi,Gujarat,1990,0.37,1.81,7.81,2.23,12.22,13.219999999999999
2056,Morbi,Gujarat,1991,0.33,4.75,1.11,0.38,6.57,6.57
2056,Morbi,Gujarat,1992,0.62,10.04,2.88,1.94,15.479999999999999,15.94
2056,Morbi,Gujarat,1993,0.81,5.32,0.2,2.14,8.47,10.440000000000001
2056,Morbi,Gujarat,1994,1.41,14.24,3.01,6.94,25.6,25.69
2056,Morbi,Gujarat,1995,0.63,3.86,1.05,0.68,6.22,6.4799999999999995
2056,Morbi,Gujarat,1996,2.99,4.71,1.78,0.36,9.84,11.06
2056,Morbi,Gujarat,1997,6.78,2.37,2.47,3.24,14.860000000000001,15.88
2056,Morbi,Gujarat,1998,4.04,3.37,3.15,2.17,12.73,14.81
2056,Morbi,Gujarat,1999,1.46,1.24,0.3,1.38,4.38,8.52
2056,Morbi,Gujarat,2000,0.32,6.02,1.39,0.2,7.93,8.26
2056,Morbi,Gujarat,2001,1.86,3.42,3.01,0.61,8.899999999999999,9.37
2056,Morbi,Gujarat,2002,3.87,0.28,2.27,0.43,6.85,7.0
2056,Morbi,Gujarat,2003,3.14,12.23,6.12,0.4,21.89,22.39
2056,Morbi,Gujarat,2004,2.93,3.53,6.06,0.94,13.459999999999999,15.28
2056,Morbi,Gujarat,2005,6.33,2.65,2.54,5.82,17.34,17.55
2056,Morbi,Gujarat,2006,2.69,10.33,8.01,2.86,23.89,24.06
2056,Morbi,Gujarat,2007,4.88,7.83,13.38,4.26,30.35,30.98
2056,Morbi,Gujarat,2008,2.41,2.44,5.18,6.29,16.32,16.74
2056,Morbi,Gujarat,2009,1.06,9.7,5.01,0.12,15.889999999999999,16.41
2056,Morbi,Gujarat,2010,2.38,12.14,12.95,4.94,32.41,36.33
2056,Morbi,Gujarat,2011,0.15,7.27,9.05,8.26,24.729999999999997,24.77
2056,Morbi,Gujarat,2012,0.62,1.36,1.3,7.0,10.280000000000001,10.31
2056,Morbi,Gujarat,2013,3.67,4.58,3.16,14.56,25.97,28.19
2056,Morbi,Gujarat,2014,0.28,6.77,3.3,2.45,12.8,13.6
2056,Morbi,Gujarat,2015,6.64,9.91,0.2,2.44,19.19,19.9
2056,Morbi,Gujarat,2016,0.94,2.72,4.62,0.78,9.06,10.52
2056,Morbi,Gujarat,2017,3.48,15.39,4.85,1.14,24.86,25.07
2056,Morbi,Gujarat,2018,0.72,3.97,4.22,0.49,9.4,9.42
2056,Morbi,Gujarat,2019,1.01,3.7,11.54,9.25,25.5,27.29
2057,Charkhi Dadri,Haryana,1990,1.43,5.23,4.63,5.57,16.86,20.490000000000002
2057,Charkhi Dadri,Haryana,1991,1.7,2.26,6.74,1.81,12.51,14.11
2057,Charkhi Dadri,Haryana,1992,0.56,3.44,4.32,2.29,10.61,12.85
2057,Charkhi Dadri,Haryana,1993,2.32,5.97,1.82,4.06,14.169999999999998,16.06
2057,Charkhi Dadri,Haryana,1994,1.55,8.43,6.18,1.52,17.68,19.33
2057,Charkhi Dadri,Haryana,1995,1.75,2.57,9.6,3.98,17.9,21.29
2057,Charkhi Dadri,Haryana,1996,4.13,3.24,5.24,3.56,16.169999999999998,19.26
2057,Charkhi Dadri,Haryana,1997,1.73,4.13,7.41,0.88,14.15,21.04
2057,Charkhi Dadri,Haryana,1998,2.91,3.63,2.86,6.15,15.55,20.69
2057,Charkhi Dadri,Haryana,1999,1.56,2.29,1.26,1.0,6.11,7.890000000000001
2057,Charkhi Dadri,Haryana,2000,2.52,3.21,2.13,0.52,8.38,10.26
2057,Charkhi Dadri,Haryana,2001,3.44,3.76,4.55,0.75,12.5,16.55
2057,Charkhi Dadri,Haryana,2002,0.97,0.19,2.24,2.82,6.220000000000001,10.72
2057,Charkhi Dadri,Haryana,2003,2.41,12.11,4.21,1.68,20.41,23.06
2057,Charkhi Dadri,Haryana,2004,1.83,0.67,6.67,0.48,9.65,14.58
2057,Charkhi Dadri,Haryana,2005,2.37,5.73,1.41,5.28,14.790000000000003,18.7
2057,Charkhi Dadri,Haryana,2006,2.6,3.96,1.72,2.46,10.740000000000002,13.37
2057,Charkhi Dadri,Haryana,2007,4.55,2.51,4.12,2.2,13.379999999999999,19.0
2057,Charkhi Dadri,Haryana,2008,4.41,3.93,5.78,3.73,17.85,21.720000000000002
2057,Charkhi Dadri,Haryana,2009,0.92,2.93,2.4,5.15,11.4,14.31
2057,Charkhi Dadri,Haryana,2010,1.04,6.49,7.23,6.0,20.76,22.86
2057,Charkhi Dadri,Haryana,2011,1.97,2.74,4.51,6.92,16.14,19.3
2057,Charkhi Dadri,Haryana,2012,0.55,2.04,9.42,2.17,14.18,15.959999999999999
2057,Charkhi Dadri,Haryana,2013,3.51,6.45,7.79,2.81,20.56,25.11
2057,Charkhi Dadri,Haryana,2014,0.98,2.64,2.95,2.12,8.690000000000001,12.91
2057,Charkhi Dadri,Haryana,2015,2.61,5.54,4.83,0.59,13.57,19.07
2057,Charkhi Dadri,Haryana,2016,1.72,9.45,4.99,0.52,16.68,18.69
2057,Charkhi Dadri,Haryana,2017,5.03,2.64,3.66,1.65,12.98,16.32
2057,Charkhi Dadri,Haryana,2018,2.28,7.16,2.75,4.74,16.93,18.89
2057,Charkhi Dadri,Haryana,2019,1.05,6.3,4.26,1.16,12.77,18.25
2058,Agar Malwa,Madhya Pradesh,1990,4.85,7.06,10.31,9.16,31.38,33.68
2058,Agar Malwa,Madhya Pradesh,1991,3.21,9.29,8.98,1.03,22.51,23.05
2058,Agar Malwa,Madhya Pradesh,1992,1.28,5.14,9.7,4.0,20.119999999999997,23.27
2058,Agar Malwa,Madhya Pradesh,1993,3.03,10.1,6.23,7.64,27.0,28.02
2058,Agar Malwa,Madhya Pradesh,1994,6.61,9.0,9.94,4.56,30.109999999999996,31.939999999999998
2058,Agar Malwa,Madhya Pradesh,1995,1.51,11.98,8.94,4.78,27.21,30.46
2058,Agar Malwa,Madhya Pradesh,1996,1.31,13.68,11.81,4.43,31.23,33.45
2058,Agar Malwa,Madhya Pradesh,1997,3.62,8.59,11.25,2.24,25.700000000000003,30.99
2058,Agar Malwa,Madhya Pradesh,1998,3.71,8.65,5.44,5.76,23.560000000000002,24.71
2058,Agar Malwa,Madhya Pradesh,1999,3.34,7.99,3.1,5.66,20.09,23.15
2058,Agar Malwa,Madhya Pradesh,2000,2.06,7.67,4.94,0.99,15.660000000000002,17.72
2058,Agar Malwa,Madhya Pradesh,2001,6.56,10.22,4.18,0.29,21.25,24.32
2058,Agar Malwa,Madhya Pradesh,2002,2.71,1.43,11.26,2.27,17.669999999999998,19.46
2058,Agar Malwa,Madhya Pradesh,2003,4.45,9.72,5.75,6.62,26.540000000000003,28.91
2058,Agar Malwa,Madhya Pradesh,2004,1.59,6.92,13.18,1.68,23.369999999999997,25.31
2058,Agar Malwa,Madhya Pradesh,2005,2.31,14.48,2.38,6.31,25.479999999999997,26.14
2058,Agar Malwa,Madhya Pradesh,2006,2.96,9.59,17.2,5.55,35.3,38.54
2058,Agar Malwa,Madhya Pradesh,2007,3.71,11.26,7.61,5.29,27.869999999999997,29.62
2058,Agar Malwa,Madhya Pradesh,2008,7.24,6.36,5.19,4.14,22.930000000000003,24.27
2058,Agar Malwa,Madhya Pradesh,2009,2.79,10.62,3.98,2.28,19.67,25.29
2058,Agar Malwa,Madhya Pradesh,2010,2.45,6.69,9.6,3.65,22.39,26.25
2058,Agar Malwa,Madhya Pradesh,2011,10.48,10.83,13.24,5.48,40.03,40.33
2058,Agar Malwa,Madhya Pradesh,2012,1.27,10.05,10.38,5.78,27.480000000000004,28.39
2058,Agar Malwa,Madhya Pradesh,2013,8.46,17.23,10.88,3.36,39.93,45.09
2058,Agar Malwa,Madhya Pradesh,2014,0.68,11.04,9.3,4.48,25.5,29.09
2058,Agar Malwa,Madhya Pradesh,2015,5.3,14.54,10.27,1.04,31.15,34.92
2058,Agar Malwa,Madhya Pradesh,2016,3.0,14.62,18.53,1.95,38.1,40.08
2058,Agar Malwa,Madhya Pradesh,2017,2.92,6.61,2.74,4.51,16.78,17.71
2058,Agar Malwa,Madhya Pradesh,2018,2.36,7.7,4.99,2.86,17.91,18.13
2058,Agar Malwa,Madhya Pradesh,2019,2.39,10.79,14.35,9.35,36.88,38.79
2103,Nirmal,Telangana,1990,6.56,6.28,11.06,2.92,26.82,36.39
2103,Nirmal,Telangana,1991,7.21,7.27,6.05,2.75,23.28,25.41
2103,Nirmal,Telangana,1992,3.98,5.31,10.19,3.02,22.499999999999996,26.37
2103,Nirmal,Telangana,1993,3.52,8.18,5.14,6.33,23.17,29.06
2103,Nirmal,Telangana,1994,4.14,10.04,11.13,2.97,28.28,34.81
2103,Nirmal,Telangana,1995,5.2,9.26,4.85,5.66,24.970000000000002,36.97
2103,Nirmal,Telangana,1996,2.9,6.96,8.16,7.56,25.58,31.009999999999998
2103,Nirmal,Telangana,1997,5.13,6.73,6.65,2.8,21.31,29.72
2103,Nirmal,Telangana,1998,3.72,9.21,8.48,6.49,27.900000000000006,35.06
2103,Nirmal,Telangana,1999,4.44,4.64,6.68,4.83,20.59,24.83
2103,Nirmal,Telangana,2000,4.76,6.14,9.22,2.04,22.159999999999997,24.94
2103,Nirmal,Telangana,2001,4.36,3.68,7.33,2.86,18.23,24.96
2103,Nirmal,Telangana,2002,6.35,3.34,11.41,1.63,22.73,26.849999999999998
2103,Nirmal,Telangana,2003,4.1,11.13,7.48,2.99,25.700000000000003,30.16
2103,Nirmal,Telangana,2004,1.92,8.5,3.07,3.01,16.5,22.21
2103,Nirmal,Telangana,2005,5.36,12.27,5.15,8.47,31.25,39.47
2103,Nirmal,Telangana,2006,3.51,7.34,11.35,9.92,32.12,39.23
2103,Nirmal,Telangana,2007,5.64,3.81,7.26,9.1,25.810000000000002,27.77
2103,Nirmal,Telangana,2008,4.27,5.52,10.66,7.61,28.06,34.269999999999996
2103,Nirmal,Telangana,2009,4.22,5.98,7.9,3.42,21.520000000000003,27.25
2103,Nirmal,Telangana,2010,4.6,11.14,10.7,7.19,33.629999999999995,38.73
2103,Nirmal,Telangana,2011,2.75,9.53,8.22,3.47,23.97,25.76
2103,Nirmal,Telangana,2012,3.73,8.1,6.21,6.07,24.11,26.57
2103,Nirmal,Telangana,2013,7.74,17.4,4.54,3.87,33.55,40.65
2103,Nirmal,Telangana,2014,2.53,6.11,5.24,4.43,18.310000000000002,23.72
2103,Nirmal,Telangana,2015,4.76,2.61,6.52,2.88,16.77,21.33
2103,Nirmal,Telangana,2016,4.98,8.23,2.1,7.99,23.3,26.23
2103,Nirmal,Telangana,2017,4.35,5.3,5.14,2.4,17.189999999999998,19.99
2103,Nirmal,Telangana,2018,5.53,4.3,9.08,1.31,20.22,21.71
2103,Nirmal,Telangana,2019,2.15,7.38,6.19,5.54,21.259999999999998,25.63
2104,Jagityal,Telangana,1990,6.45,6.32,10.83,2.72,26.32,35.59
2104,Jagityal,Telangana,1991,7.01,7.11,5.73,2.53,22.380000000000003,24.51
2104,Jagityal,Telangana,1992,3.82,5.21,9.98,2.92,21.93,25.6
2104,Jagityal,Telangana,1993,3.52,7.98,4.88,6.29,22.669999999999998,28.36
2104,Jagityal,Telangana,1994,4.13,10.24,11.18,2.94,28.490000000000002,34.68
2104,Jagityal,Telangana,1995,4.98,9.06,4.46,5.38,23.88,35.69
2104,Jagityal,Telangana,1996,2.82,6.88,7.6,7.63,24.929999999999996,30.05
2104,Jagityal,Telangana,1997,5.27,6.57,6.58,2.66,21.080000000000002,29.33
2104,Jagityal,Telangana,1998,3.78,9.19,8.14,6.3,27.41,34.28
2104,Jagityal,Telangana,1999,4.61,4.47,6.67,4.74,20.490000000000002,24.48
2104,Jagityal,Telangana,2000,4.24,6.26,8.7,2.0,21.2,23.84
2104,Jagityal,Telangana,2001,4.0,3.66,7.04,2.66,17.36,23.88
2104,Jagityal,Telangana,2002,6.19,3.28,11.38,1.6,22.450000000000003,26.34
2104,Jagityal,Telangana,2003,4.11,11.02,7.35,2.97,25.449999999999996,29.77
2104,Jagityal,Telangana,2004,1.89,8.17,3.0,2.86,15.92,21.48
2104,Jagityal,Telangana,2005,5.29,11.84,5.02,8.29,30.439999999999998,38.39
2104,Jagityal,Telangana,2006,3.45,7.18,11.54,9.89,32.06,38.95
2104,Jagityal,Telangana,2007,5.44,3.74,7.04,8.89,25.11,27.01
2104,Jagityal,Telangana,2008,4.33,5.36,9.86,7.52,27.07,33.0
2104,Jagityal,Telangana,2009,4.23,6.11,7.35,3.16,20.849999999999998,26.59
2104,Jagityal,Telangana,2010,4.22,11.28,10.9,7.36,33.76,38.8
2104,Jagityal,Telangana,2011,2.78,9.06,7.73,3.38,22.95,24.66
2104,Jagityal,Telangana,2012,3.6,8.3,6.4,5.9,24.200000000000003,26.700000000000003
2104,Jagityal,Telangana,2013,7.67,16.76,4.54,3.9,32.87,40.160000000000004
2104,Jagityal,Telangana,2014,2.39,6.04,4.99,4.41,17.83,23.02
2104,Jagityal,Telangana,2015,5.18,3.33,5.4,3.3,17.21,21.63
2104,Jagityal,Telangana,2016,6.02,10.19,2.64,8.26,27.11,31.29
2104,Jagityal,Telangana,2017,5.88,6.7,4.72,3.2,20.5,24.34
2104,Jagityal,Telangana,2018,5.31,6.38,11.15,2.03,24.87,26.6
2104,Jagityal,Telangana,2019,2.5,8.55,8.61,6.29,25.95,30.89
2105,Peddapally,Telangana,1990,3.68,3.23,6.68,3.21,16.8,26.89
2105,Peddapally,Telangana,1991,6.38,4.53,5.29,4.59,20.79,23.27
2105,Peddapally,Telangana,1992,3.88,3.42,7.57,2.73,17.6,23.330000000000002
2105,Peddapally,Telangana,1993,2.05,4.96,6.24,3.88,17.13,23.85
2105,Peddapally,Telangana,1994,2.66,3.93,5.64,1.31,13.540000000000001,24.39
2105,Peddapally,Telangana,1995,3.95,6.55,6.25,4.91,21.66,34.74
2105,Peddapally,Telangana,1996,3.68,4.91,9.62,4.95,23.16,31.169999999999998
2105,Peddapally,Telangana,1997,2.02,4.92,4.28,4.39,15.61,24.49
2105,Peddapally,Telangana,1998,2.15,6.17,6.3,7.03,21.650000000000002,30.13
2105,Peddapally,Telangana,1999,1.28,3.41,3.85,3.76,12.3,16.36
2105,Peddapally,Telangana,2000,8.08,2.33,12.39,2.27,25.07,30.05
2105,Peddapally,Telangana,2001,5.22,2.2,5.87,5.0,18.29,24.91
2105,Peddapally,Telangana,2002,4.25,2.69,5.88,1.19,14.01,22.24
2105,Peddapally,Telangana,2003,2.57,6.66,4.67,2.48,16.38,22.63
2105,Peddapally,Telangana,2004,1.06,6.36,1.69,4.33,13.44,21.57
2105,Peddapally,Telangana,2005,3.26,10.47,4.54,6.45,24.72,36.32
2105,Peddapally,Telangana,2006,3.49,5.06,5.03,7.21,20.790000000000003,29.95
2105,Peddapally,Telangana,2007,8.92,2.85,7.57,7.77,27.11,29.97
2105,Peddapally,Telangana,2008,1.65,3.56,11.34,5.57,22.12,32.52
2105,Peddapally,Telangana,2009,2.99,1.59,8.34,5.28,18.2,23.94
2105,Peddapally,Telangana,2010,3.98,9.72,6.5,6.27,26.470000000000002,31.330000000000002
2105,Peddapally,Telangana,2011,1.41,5.47,5.83,1.63,14.34,17.259999999999998
2105,Peddapally,Telangana,2012,2.9,6.12,3.79,3.85,16.66,21.57
2105,Peddapally,Telangana,2013,4.49,5.89,4.26,5.99,20.63,29.669999999999998
2105,Peddapally,Telangana,2014,1.53,4.69,7.97,2.88,17.07,22.67
2105,Peddapally,Telangana,2015,2.13,1.7,3.0,5.21,12.04,16.9
2105,Peddapally,Telangana,2016,4.27,4.88,2.64,8.99,20.78,23.81
2105,Peddapally,Telangana,2017,4.62,3.82,4.4,5.97,18.81,23.65
2105,Peddapally,Telangana,2018,2.16,3.01,3.76,3.07,12.0,15.2
2105,Peddapally,Telangana,2019,1.7,2.5,4.23,5.6,14.03,19.36
2107,Bhadradri,Telangana,1990,5.25,4.6,8.95,4.38,23.179999999999996,39.51
2107,Bhadradri,Telangana,1991,7.95,5.81,6.09,6.61,26.46,35.05
2107,Bhadradri,Telangana,1992,2.97,6.58,9.51,4.55,23.610000000000003,34.14
2107,Bhadradri,Telangana,1993,2.26,5.62,4.42,5.8,18.1,26.84
2107,Bhadradri,Telangana,1994,2.78,11.04,6.83,2.47,23.119999999999997,39.42
2107,Bhadradri,Telangana,1995,4.18,7.81,5.45,5.55,22.99,43.57
2107,Bhadradri,Telangana,1996,8.88,8.7,6.51,5.34,29.429999999999996,38.57
2107,Bhadradri,Telangana,1997,2.93,9.11,5.02,8.06,25.119999999999997,35.13
2107,Bhadradri,Telangana,1998,4.01,6.79,8.81,7.98,27.59,41.5
2107,Bhadradri,Telangana,1999,3.38,5.35,6.04,3.75,18.52,24.37
2107,Bhadradri,Telangana,2000,6.24,4.95,10.75,3.94,25.880000000000003,31.42
2107,Bhadradri,Telangana,2001,3.85,3.94,6.98,4.79,19.56,29.53
2107,Bhadradri,Telangana,2002,4.12,2.73,8.66,1.59,17.1,25.400000000000002
2107,Bhadradri,Telangana,2003,3.54,8.97,5.04,4.84,22.39,33.25
2107,Bhadradri,Telangana,2004,3.81,7.09,4.86,5.42,21.18,29.07
2107,Bhadradri,Telangana,2005,3.76,8.67,4.03,12.46,28.92,42.26
2107,Bhadradri,Telangana,2006,4.28,5.94,8.51,8.26,26.990000000000002,43.550000000000004
2107,Bhadradri,Telangana,2007,8.24,6.55,6.09,9.06,29.939999999999998,35.32
2107,Bhadradri,Telangana,2008,5.4,6.68,10.42,6.02,28.52,38.92
2107,Bhadradri,Telangana,2009,3.2,5.65,7.28,4.05,20.180000000000003,27.27
2107,Bhadradri,Telangana,2010,3.27,10.57,8.55,7.83,30.22,47.33
2107,Bhadradri,Telangana,2011,3.79,6.3,8.9,1.67,20.660000000000004,26.0
2107,Bhadradri,Telangana,2012,3.8,8.79,7.18,9.29,29.06,38.919999999999995
2107,Bhadradri,Telangana,2013,6.47,7.81,6.53,4.42,25.229999999999997,43.47
2107,Bhadradri,Telangana,2014,1.15,5.67,5.54,3.62,15.98,23.81
2107,Bhadradri,Telangana,2015,8.32,4.09,5.23,5.05,22.69,26.35
2107,Bhadradri,Telangana,2016,12.16,6.39,5.19,9.06,32.800000000000004,38.35
2107,Bhadradri,Telangana,2017,8.76,13.33,7.99,4.17,34.25,40.2
2107,Bhadradri,Telangana,2018,5.2,9.52,10.97,2.18,27.869999999999997,33.36
2107,Bhadradri,Telangana,2019,2.53,7.05,7.96,6.23,23.77,30.76
2108,Jogulamba,Telangana,1990,2.11,2.42,4.01,2.79,11.329999999999998,19.59
2108,Jogulamba,Telangana,1991,6.29,3.98,2.84,3.67,16.78,19.46
2108,Jogulamba,Telangana,1992,2.42,3.41,5.14,1.98,12.95,18.38
2108,Jogulamba,Telangana,1993,0.96,2.86,6.46,3.46,13.739999999999998,22.48
2108,Jogulamba,Telangana,1994,1.51,3.36,3.68,0.62,9.17,20.02
2108,Jogulamba,Telangana,1995,2.46,5.61,6.9,4.57,19.54,27.16
2108,Jogulamba,Telangana,1996,5.25,2.85,6.56,5.84,20.5,29.89
2108,Jogulamba,Telangana,1997,3.93,3.03,2.76,5.72,15.439999999999998,23.96
2108,Jogulamba,Telangana,1998,2.42,4.52,4.36,9.99,21.29,29.62
2108,Jogulamba,Telangana,1999,1.41,2.32,4.46,3.63,11.82,16.02
2108,Jogulamba,Telangana,2000,5.89,2.32,8.2,3.08,19.489999999999995,24.56
2108,Jogulamba,Telangana,2001,1.79,2.73,2.86,6.59,13.969999999999999,21.41
2108,Jogulamba,Telangana,2002,2.09,2.86,4.05,1.29,10.29,20.75
2108,Jogulamba,Telangana,2003,2.55,3.01,3.84,2.97,12.37,18.19
2108,Jogulamba,Telangana,2004,0.88,4.2,0.97,4.77,10.82,19.86
2108,Jogulamba,Telangana,2005,3.18,7.76,4.96,4.52,20.419999999999998,33.13
2108,Jogulamba,Telangana,2006,4.0,2.9,2.17,6.7,15.77,25.04
2108,Jogulamba,Telangana,2007,14.31,2.71,7.51,6.52,31.05,35.51
2108,Jogulamba,Telangana,2008,2.01,3.77,5.42,4.37,15.57,24.66
2108,Jogulamba,Telangana,2009,3.23,1.03,4.1,6.59,14.95,22.759999999999998
2108,Jogulamba,Telangana,2010,2.67,7.83,4.96,5.01,20.47,25.52
2108,Jogulamba,Telangana,2011,1.46,2.76,3.8,0.73,8.75,12.67
2108,Jogulamba,Telangana,2012,1.0,4.46,2.31,3.98,11.75,17.79
2108,Jogulamba,Telangana,2013,1.99,3.57,3.0,7.27,15.829999999999998,21.8
2108,Jogulamba,Telangana,2014,1.55,4.44,7.83,3.07,16.89,23.61
2108,Jogulamba,Telangana,2015,1.69,1.64,2.29,5.39,11.01,16.93
2108,Jogulamba,Telangana,2016,4.2,3.88,2.88,6.19,17.150000000000002,20.14
2108,Jogulamba,Telangana,2017,4.73,2.07,3.91,5.83,16.54,22.01
2108,Jogulamba,Telangana,2018,1.95,1.65,2.73,2.75,9.08,10.9
2108,Jogulamba,Telangana,2019,1.13,1.97,4.1,5.62,12.82,18.15
2109,Nagarkurnool,Telangana,1990,2.69,2.91,5.45,2.99,14.040000000000001,24.09
2109,Nagarkurnool,Telangana,1991,6.72,4.32,4.31,4.45,19.799999999999997,22.919999999999998
2109,Nagarkurnool,Telangana,1992,2.88,3.48,6.66,2.46,15.48,21.47
2109,Nagarkurnool,Telangana,1993,1.39,3.9,6.25,3.61,15.149999999999999,23.12
2109,Nagarkurnool,Telangana,1994,2.02,3.83,4.83,0.92,11.6,23.740000000000002
2109,Nagarkurnool,Telangana,1995,3.1,5.66,6.13,4.77,19.66,31.06
2109,Nagarkurnool,Telangana,1996,4.82,4.02,8.2,4.93,21.97,31.09
2109,Nagarkurnool,Telangana,1997,2.55,4.21,3.58,5.62,15.96,25.24
2109,Nagarkurnool,Telangana,1998,2.36,5.09,4.76,8.65,20.86,29.57
2109,Nagarkurnool,Telangana,1999,1.32,2.89,4.1,3.35,11.659999999999998,15.61
2109,Nagarkurnool,Telangana,2000,7.04,2.44,10.88,2.8,23.16,28.55
2109,Nagarkurnool,Telangana,2001,3.52,2.47,4.43,5.49,15.91,23.53
2109,Nagarkurnool,Telangana,2002,3.06,2.85,5.09,1.21,12.21,22.31
2109,Nagarkurnool,Telangana,2003,2.67,5.23,4.3,3.02,15.219999999999999,21.61
2109,Nagarkurnool,Telangana,2004,0.99,5.12,1.32,4.57,12.0,20.77
2109,Nagarkurnool,Telangana,2005,3.04,8.76,4.53,5.66,21.990000000000002,35.06
2109,Nagarkurnool,Telangana,2006,3.72,4.07,3.66,7.03,18.48,28.330000000000002
2109,Nagarkurnool,Telangana,2007,11.95,2.86,7.64,6.76,29.21,33.05
2109,Nagarkurnool,Telangana,2008,1.74,3.61,8.36,4.87,18.58,28.47
2109,Nagarkurnool,Telangana,2009,3.13,1.29,6.25,6.46,17.13,24.41
2109,Nagarkurnool,Telangana,2010,3.04,9.06,5.56,5.43,23.09,29.34
2109,Nagarkurnool,Telangana,2011,1.39,4.02,5.05,1.1,11.559999999999999,15.09
2109,Nagarkurnool,Telangana,2012,2.21,5.34,3.18,3.92,14.65,20.91
2109,Nagarkurnool,Telangana,2013,3.55,4.36,5.84,5.91,19.66,28.74
2109,Nagarkurnool,Telangana,2014,1.3,4.42,6.43,4.13,16.279999999999998,22.49
2109,Nagarkurnool,Telangana,2015,2.71,1.67,2.8,4.24,11.42,15.74
2109,Nagarkurnool,Telangana,2016,3.54,3.07,3.05,6.36,16.02,19.08
2109,Nagarkurnool,Telangana,2017,3.93,4.28,5.03,5.91,19.150000000000002,23.57
2109,Nagarkurnool,Telangana,2018,2.53,2.78,3.33,2.88,11.52,14.35
2109,Nagarkurnool,Telangana,2019,2.01,2.4,4.34,5.88,14.629999999999999,21.13
2110,Wanaparthy,Telangana,1990,2.65,2.92,5.48,2.99,14.040000000000001,23.52
2110,Wanaparthy,Telangana,1991,6.47,4.58,4.19,4.27,19.51,21.95
2110,Wanaparthy,Telangana,1992,2.99,3.57,6.67,2.33,15.56,21.05
2110,Wanaparthy,Telangana,1993,1.36,3.86,6.69,3.66,15.57,23.45
2110,Wanaparthy,Telangana,1994,2.04,3.74,4.79,0.82,11.39,22.75
2110,Wanaparthy,Telangana,1995,3.27,6.01,6.72,4.89,20.89,31.4
2110,Wanaparthy,Telangana,1996,4.69,3.98,8.47,5.2,22.34,31.27
2110,Wanaparthy,Telangana,1997,2.95,4.14,3.54,5.52,16.15,25.15
2110,Wanaparthy,Telangana,1998,2.51,5.22,4.62,9.27,21.619999999999997,30.419999999999998
2110,Wanaparthy,Telangana,1999,1.35,2.89,4.35,3.39,11.98,15.79
2110,Wanaparthy,Telangana,2000,7.2,2.37,10.92,2.83,23.32,28.42
2110,Wanaparthy,Telangana,2001,3.39,2.67,4.28,5.73,16.07,23.310000000000002
2110,Wanaparthy,Telangana,2002,3.05,3.09,5.08,1.18,12.399999999999999,22.55
2110,Wanaparthy,Telangana,2003,2.85,4.94,4.46,3.05,15.3,21.31
2110,Wanaparthy,Telangana,2004,0.96,5.18,1.28,4.66,12.08,20.89
2110,Wanaparthy,Telangana,2005,3.25,9.13,4.83,5.45,22.66,35.54
2110,Wanaparthy,Telangana,2006,3.92,4.07,3.58,7.22,18.79,28.03
2110,Wanaparthy,Telangana,2007,13.23,2.65,8.04,6.83,30.75,34.33
2110,Wanaparthy,Telangana,2008,1.8,3.71,8.14,4.86,18.51,28.09
2110,Wanaparthy,Telangana,2009,3.36,1.26,5.92,6.53,17.07,24.26
2110,Wanaparthy,Telangana,2010,3.27,9.31,5.87,5.72,24.169999999999998,29.18
2110,Wanaparthy,Telangana,2011,1.41,3.87,5.07,1.14,11.490000000000002,14.98
2110,Wanaparthy,Telangana,2012,2.01,5.61,3.07,4.04,14.73,20.61
2110,Wanaparthy,Telangana,2013,3.19,4.64,4.68,6.49,19.0,26.99
2110,Wanaparthy,Telangana,2014,1.5,4.86,7.56,3.5,17.42,23.46
2110,Wanaparthy,Telangana,2015,1.99,1.87,2.81,5.37,12.04,17.240000000000002
2110,Wanaparthy,Telangana,2016,4.03,4.25,2.95,7.3,18.53,21.29
2110,Wanaparthy,Telangana,2017,4.6,3.01,4.21,6.03,17.85,22.62
2110,Wanaparthy,Telangana,2018,2.08,2.72,3.48,2.99,11.270000000000001,13.8
2110,Wanaparthy,Telangana,2019,1.44,2.27,4.27,5.43,13.41,18.75
2111,Sangareddy,Telangana,1990,5.37,4.38,9.45,3.46,22.66,33.46
2111,Sangareddy,Telangana,1991,7.12,5.51,6.55,4.42,23.6,26.21
2111,Sangareddy,Telangana,1992,4.57,4.07,9.35,2.96,20.950000000000003,26.36
2111,Sangareddy,Telangana,1993,2.76,6.71,5.76,4.77,20.0,25.77
2111,Sangareddy,Telangana,1994,3.53,5.78,8.11,1.87,19.290000000000003,28.66
2111,Sangareddy,Telangana,1995,5.19,7.71,5.75,4.82,23.47,38.94
2111,Sangareddy,Telangana,1996,3.03,6.58,10.4,6.09,26.099999999999998,32.82
2111,Sangareddy,Telangana,1997,2.33,6.35,5.6,3.38,17.66,26.4
2111,Sangareddy,Telangana,1998,2.44,8.35,8.57,5.55,24.91,32.86
2111,Sangareddy,Telangana,1999,2.27,4.15,4.16,4.17,14.75,19.0
2111,Sangareddy,Telangana,2000,7.88,3.41,12.85,1.98,26.12,30.33
2111,Sangareddy,Telangana,2001,6.11,2.32,7.68,4.02,20.13,26.37
2111,Sangareddy,Telangana,2002,5.78,2.75,8.43,1.36,18.32,24.18
2111,Sangareddy,Telangana,2003,2.75,9.61,5.82,2.35,20.53,26.54
2111,Sangareddy,Telangana,2004,1.35,8.21,2.35,3.87,15.780000000000001,23.1
2111,Sangareddy,Telangana,2005,4.11,12.52,4.7,7.99,29.32,39.37
2111,Sangareddy,Telangana,2006,3.24,6.37,8.08,8.39,26.08,34.79
2111,Sangareddy,Telangana,2007,5.19,3.19,7.45,9.14,24.970000000000002,27.25
2111,Sangareddy,Telangana,2008,2.44,4.21,14.13,6.88,27.66,37.550000000000004
2111,Sangareddy,Telangana,2009,3.06,2.94,10.36,4.24,20.6,25.98
2111,Sangareddy,Telangana,2010,4.79,10.66,8.73,7.01,31.189999999999998,36.44
2111,Sangareddy,Telangana,2011,1.97,8.14,7.34,2.56,20.01,22.34
2111,Sangareddy,Telangana,2012,3.82,6.98,5.12,4.58,20.5,23.98
2111,Sangareddy,Telangana,2013,6.39,11.1,4.01,4.86,26.36,35.39
2111,Sangareddy,Telangana,2014,1.96,5.03,6.73,3.02,16.740000000000002,22.23
2111,Sangareddy,Telangana,2015,3.2,1.86,4.3,3.88,13.239999999999998,17.919999999999998
2111,Sangareddy,Telangana,2016,4.89,5.9,2.28,10.43,23.5,26.79
2111,Sangareddy,Telangana,2017,4.62,4.94,5.23,3.43,18.220000000000002,22.380000000000003
2111,Sangareddy,Telangana,2018,3.69,2.96,5.82,2.18,14.65,17.39
2111,Sangareddy,Telangana,2019,2.23,5.21,5.8,6.85,20.089999999999996,25.58
2113,Suryapet,Telangana,1990,3.87,3.61,6.6,3.89,17.97,31.439999999999998
2113,Suryapet,Telangana,1991,7.26,4.12,5.51,6.16,23.05,30.4
2113,Suryapet,Telangana,1992,2.55,4.06,7.65,4.25,18.509999999999998,27.57
2113,Suryapet,Telangana,1993,1.72,4.69,4.07,4.11,14.59,22.39
2113,Suryapet,Telangana,1994,2.36,8.11,5.8,1.89,18.16,34.589999999999996
2113,Suryapet,Telangana,1995,3.13,5.51,4.21,4.92,17.770000000000003,34.75
2113,Suryapet,Telangana,1996,7.0,6.15,6.53,4.2,23.88,32.92
2113,Suryapet,Telangana,1997,2.15,6.95,4.4,8.36,21.86,31.78
2113,Suryapet,Telangana,1998,2.76,5.65,6.84,6.43,21.68,31.86
2113,Suryapet,Telangana,1999,2.17,4.41,3.49,3.25,13.32,18.13
2113,Suryapet,Telangana,2000,6.6,4.17,11.09,3.3,25.16,30.98
2113,Suryapet,Telangana,2001,3.7,2.55,6.24,4.2,16.69,26.12
2113,Suryapet,Telangana,2002,3.48,2.21,7.34,1.03,14.059999999999999,22.9
2113,Suryapet,Telangana,2003,2.69,7.07,3.96,3.74,17.46,26.21
2113,Suryapet,Telangana,2004,2.23,5.67,2.77,4.26,14.93,22.58
2113,Suryapet,Telangana,2005,2.68,8.35,3.5,9.42,23.95,36.79
2113,Suryapet,Telangana,2006,3.78,4.77,5.59,6.64,20.779999999999998,36.29
2113,Suryapet,Telangana,2007,7.3,5.64,5.69,7.35,25.979999999999997,30.41
2113,Suryapet,Telangana,2008,3.11,5.11,10.16,5.59,23.970000000000002,34.99
2113,Suryapet,Telangana,2009,2.97,2.82,7.31,4.62,17.72,24.82
2113,Suryapet,Telangana,2010,2.43,9.24,5.61,6.5,23.78,36.69
2113,Suryapet,Telangana,2011,2.67,5.21,6.03,0.79,14.7,18.64
2113,Suryapet,Telangana,2012,2.9,5.98,4.76,5.99,19.630000000000003,28.54
2113,Suryapet,Telangana,2013,5.16,5.19,7.88,4.29,22.52,38.59
2113,Suryapet,Telangana,2014,0.65,4.03,4.66,3.9,13.24,20.56
2113,Suryapet,Telangana,2015,5.51,3.01,3.5,3.71,15.73,18.88
2113,Suryapet,Telangana,2016,7.49,3.96,3.78,6.67,21.9,26.18
2113,Suryapet,Telangana,2017,6.06,9.44,6.95,4.64,27.09,32.14
2113,Suryapet,Telangana,2018,4.34,5.55,7.5,2.13,19.52,23.85
2113,Suryapet,Telangana,2019,2.63,5.33,6.2,6.16,20.32,28.03
2114,Yadadri Bhuvanagiri,Telangana,1990,4.45,4.01,8.18,3.2,19.84,30.71
2114,Yadadri Bhuvanagiri,Telangana,1991,6.68,4.85,5.88,4.47,21.88,25.54
2114,Yadadri Bhuvanagiri,Telangana,1992,3.66,3.89,8.46,2.85,18.860000000000003,24.8
2114,Yadadri Bhuvanagiri,Telangana,1993,2.26,5.56,4.85,4.24,16.909999999999997,22.59
2114,Yadadri Bhuvanagiri,Telangana,1994,3.0,6.16,7.24,1.68,18.08,28.54
2114,Yadadri Bhuvanagiri,Telangana,1995,4.22,6.46,4.88,4.29,19.849999999999998,34.9
2114,Yadadri Bhuvanagiri,Telangana,1996,3.87,6.14,8.52,5.32,23.85,30.6
2114,Yadadri Bhuvanagiri,Telangana,1997,2.26,6.12,4.99,4.6,17.97,26.45
2114,Yadadri Bhuvanagiri,Telangana,1998,2.4,7.24,7.38,5.16,22.18,29.96
2114,Yadadri Bhuvanagiri,Telangana,1999,2.21,3.9,3.82,3.63,13.559999999999999,17.49
2114,Yadadri Bhuvanagiri,Telangana,2000,6.94,3.45,11.57,2.13,24.09,28.48
2114,Yadadri Bhuvanagiri,Telangana,2001,4.91,2.29,6.71,3.51,17.42,23.93
2114,Yadadri Bhuvanagiri,Telangana,2002,4.84,2.46,7.78,1.12,16.2,22.44
2114,Yadadri Bhuvanagiri,Telangana,2003,2.66,8.6,4.99,2.58,18.83,25.41
2114,Yadadri Bhuvanagiri,Telangana,2004,1.42,6.89,2.31,3.51,14.129999999999999,21.259999999999998
2114,Yadadri Bhuvanagiri,Telangana,2005,3.68,10.56,3.97,7.79,26.0,36.36
2114,Yadadri Bhuvanagiri,Telangana,2006,3.09,5.53,7.12,7.64,23.380000000000003,33.11
2114,Yadadri Bhuvanagiri,Telangana,2007,5.64,3.41,6.46,8.14,23.650000000000002,26.41
2114,Yadadri Bhuvanagiri,Telangana,2008,2.65,4.14,11.87,6.05,24.709999999999997,34.75
2114,Yadadri Bhuvanagiri,Telangana,2009,2.9,2.86,8.79,3.74,18.29,23.619999999999997
2114,Yadadri Bhuvanagiri,Telangana,2010,2.93,10.47,7.0,6.33,26.729999999999997,33.370000000000005
2114,Yadadri Bhuvanagiri,Telangana,2011,1.99,5.39,5.57,1.32,14.27,16.55
2114,Yadadri Bhuvanagiri,Telangana,2012,2.82,6.14,4.46,4.28,17.7,22.419999999999998
2114,Yadadri Bhuvanagiri,Telangana,2013,5.5,6.28,6.09,4.89,22.76,34.269999999999996
2114,Yadadri Bhuvanagiri,Telangana,2014,0.93,3.83,4.76,2.83,12.35,17.78
2114,Yadadri Bhuvanagiri,Telangana,2015,4.01,1.66,2.36,2.84,10.87,13.57
2114,Yadadri Bhuvanagiri,Telangana,2016,5.52,5.18,2.76,7.16,20.619999999999997,24.57
2114,Yadadri Bhuvanagiri,Telangana,2017,5.33,7.71,6.47,5.57,25.08,29.79
2114,Yadadri Bhuvanagiri,Telangana,2018,4.59,4.53,5.68,2.41,17.21,20.4
2114,Yadadri Bhuvanagiri,Telangana,2019,2.03,3.9,7.15,5.72,18.8,25.79
2117,Vikarabad,Telangana,1990,5.91,3.47,8.44,4.16,21.98,32.71
2117,Vikarabad,Telangana,1991,7.58,5.31,5.46,4.6,22.950000000000003,25.33
2117,Vikarabad,Telangana,1992,4.85,3.77,7.66,3.14,19.42,25.04
2117,Vikarabad,Telangana,1993,2.39,6.55,6.4,4.85,20.189999999999998,27.330000000000002
2117,Vikarabad,Telangana,1994,3.2,4.35,6.15,1.61,15.309999999999999,25.69
2117,Vikarabad,Telangana,1995,5.35,7.16,6.13,5.35,23.990000000000002,38.26
2117,Vikarabad,Telangana,1996,3.69,5.35,10.52,5.93,25.49,33.37
2117,Vikarabad,Telangana,1997,2.16,5.33,4.58,3.71,15.780000000000001,24.79
2117,Vikarabad,Telangana,1998,2.65,6.88,7.96,7.68,25.169999999999998,34.06
2117,Vikarabad,Telangana,1999,1.94,3.81,3.54,4.0,13.29,17.88
2117,Vikarabad,Telangana,2000,8.27,2.72,13.16,2.16,26.31,31.34
2117,Vikarabad,Telangana,2001,5.92,2.29,6.52,5.94,20.67,27.22
2117,Vikarabad,Telangana,2002,5.17,2.89,6.86,1.78,16.700000000000003,24.1
2117,Vikarabad,Telangana,2003,2.46,7.15,5.47,2.47,17.549999999999997,23.51
2117,Vikarabad,Telangana,2004,1.74,7.88,1.97,5.07,16.66,24.36
2117,Vikarabad,Telangana,2005,3.55,11.8,5.46,7.06,27.87,38.3
2117,Vikarabad,Telangana,2006,3.99,5.4,5.73,7.92,23.04,32.4
2117,Vikarabad,Telangana,2007,7.15,3.17,7.73,8.97,27.020000000000003,29.330000000000002
2117,Vikarabad,Telangana,2008,1.64,4.25,12.92,6.82,25.63,35.79
2117,Vikarabad,Telangana,2009,3.3,1.94,9.4,5.08,19.72,25.37
2117,Vikarabad,Telangana,2010,5.23,9.7,8.9,6.1,29.93,35.31
2117,Vikarabad,Telangana,2011,1.95,7.15,6.38,2.03,17.51,20.5
2117,Vikarabad,Telangana,2012,3.86,6.29,4.82,4.02,18.990000000000002,23.03
2117,Vikarabad,Telangana,2013,5.11,8.77,3.23,6.42,23.53,31.48
2117,Vikarabad,Telangana,2014,2.09,4.7,9.13,2.78,18.700000000000003,25.53
2117,Vikarabad,Telangana,2015,2.4,1.82,3.84,5.05,13.11,18.099999999999998
2117,Vikarabad,Telangana,2016,5.23,6.03,2.32,10.57,24.150000000000002,27.36
2117,Vikarabad,Telangana,2017,5.18,4.34,4.8,5.05,19.37,24.18
2117,Vikarabad,Telangana,2018,2.6,2.92,4.71,2.65,12.88,16.169999999999998
2117,Vikarabad,Telangana,2019,2.24,3.78,5.27,6.41,17.7,22.919999999999998
2121,Mahabubabad,Telangana,1990,4.78,4.52,8.8,3.68,21.78,34.51
2121,Mahabubabad,Telangana,1991,7.33,5.4,5.97,5.28,23.98,29.7
2121,Mahabubabad,Telangana,1992,3.13,4.96,8.93,3.5,20.52,27.83
2121,Mahabubabad,Telangana,1993,2.13,5.65,4.34,4.81,16.93,23.64
2121,Mahabubabad,Telangana,1994,2.93,8.93,7.61,1.97,21.439999999999998,33.9
2121,Mahabubabad,Telangana,1995,4.12,6.74,4.65,4.58,20.09,36.7
2121,Mahabubabad,Telangana,1996,6.07,7.16,7.2,5.43,25.86,33.22
2121,Mahabubabad,Telangana,1997,2.91,7.48,5.15,6.51,22.05,30.970000000000002
2121,Mahabubabad,Telangana,1998,3.21,7.25,7.81,6.01,24.28,33.76
2121,Mahabubabad,Telangana,1999,3.01,4.52,4.62,3.51,15.659999999999998,20.04
2121,Mahabubabad,Telangana,2000,6.21,4.63,10.96,2.84,24.64,29.25
2121,Mahabubabad,Telangana,2001,3.87,3.07,6.82,3.58,17.34,25.26
2121,Mahabubabad,Telangana,2002,4.46,2.68,8.89,1.22,17.25,24.12
2121,Mahabubabad,Telangana,2003,3.09,9.0,5.17,3.54,20.799999999999997,28.79
2121,Mahabubabad,Telangana,2004,2.33,6.88,3.21,3.92,16.340000000000003,23.45
2121,Mahabubabad,Telangana,2005,3.89,9.85,3.99,9.5,27.23,38.410000000000004
2121,Mahabubabad,Telangana,2006,3.61,5.62,7.87,8.05,25.150000000000002,37.5
2121,Mahabubabad,Telangana,2007,6.73,4.86,6.2,8.34,26.13,29.78
2121,Mahabubabad,Telangana,2008,3.93,5.5,10.86,6.21,26.5,36.3
2121,Mahabubabad,Telangana,2009,3.28,4.11,7.86,3.61,18.86,24.96
2121,Mahabubabad,Telangana,2010,2.41,10.73,7.65,6.76,27.549999999999997,37.96
2121,Mahabubabad,Telangana,2011,2.92,5.25,6.66,1.03,15.86,18.94
2121,Mahabubabad,Telangana,2012,2.91,7.11,5.42,6.17,21.61,28.13
2121,Mahabubabad,Telangana,2013,5.82,6.64,6.99,4.81,24.26,38.44
2121,Mahabubabad,Telangana,2014,0.76,4.09,4.4,2.96,12.21,18.53
2121,Mahabubabad,Telangana,2015,5.64,2.72,3.21,3.26,14.83,17.31
2121,Mahabubabad,Telangana,2016,8.78,5.86,3.79,7.81,26.24,30.56
2121,Mahabubabad,Telangana,2017,7.27,10.53,7.65,4.71,30.159999999999997,35.61
2121,Mahabubabad,Telangana,2018,4.97,6.88,8.41,1.94,22.2,25.9
2121,Mahabubabad,Telangana,2019,2.08,5.16,8.06,5.67,20.97,27.93
2122,Narayanpet,Telangana,1990,3.04,2.78,5.39,3.15,14.360000000000001,23.3
2122,Narayanpet,Telangana,1991,6.54,4.54,3.77,4.06,18.91,21.31
2122,Narayanpet,Telangana,1992,3.16,3.58,6.05,2.32,15.11,20.55
2122,Narayanpet,Telangana,1993,1.32,3.98,6.6,3.87,15.77,24.009999999999998
2122,Narayanpet,Telangana,1994,2.02,3.69,4.47,0.83,11.01,21.919999999999998
2122,Narayanpet,Telangana,1995,3.42,6.03,6.7,4.85,21.0,30.88
2122,Narayanpet,Telangana,1996,4.82,3.65,8.1,5.68,22.25,31.12
2122,Narayanpet,Telangana,1997,3.3,3.8,3.32,5.21,15.629999999999999,24.47
2122,Narayanpet,Telangana,1998,2.59,5.11,5.0,9.57,22.27,30.86
2122,Narayanpet,Telangana,1999,1.51,2.78,4.24,3.47,12.000000000000002,16.15
2122,Narayanpet,Telangana,2000,6.86,2.45,10.16,2.86,22.33,27.36
2122,Narayanpet,Telangana,2001,3.03,2.73,3.95,6.21,15.920000000000002,23.009999999999998
2122,Narayanpet,Telangana,2002,2.92,3.03,4.99,1.37,12.309999999999999,21.98
2122,Narayanpet,Telangana,2003,2.67,4.28,4.41,2.94,14.299999999999999,20.150000000000002
2122,Narayanpet,Telangana,2004,1.14,5.25,1.28,4.92,12.59,21.1
2122,Narayanpet,Telangana,2005,3.31,9.16,5.1,5.22,22.79,34.85
2122,Narayanpet,Telangana,2006,4.14,3.76,3.2,7.08,18.18,27.34
2122,Narayanpet,Telangana,2007,12.92,2.82,7.8,7.14,30.68,34.2
2122,Narayanpet,Telangana,2008,1.8,3.89,7.61,4.97,18.27,27.68
2122,Narayanpet,Telangana,2009,3.49,1.28,5.53,5.44,15.740000000000002,22.42
2122,Narayanpet,Telangana,2010,3.35,8.19,5.59,5.61,22.74,27.21
2122,Narayanpet,Telangana,2011,1.49,3.73,4.36,1.1,10.68,13.860000000000001
2122,Narayanpet,Telangana,2012,1.67,4.92,2.98,3.99,13.56,18.82
2122,Narayanpet,Telangana,2013,2.67,4.86,3.08,7.31,17.919999999999998,24.58
2122,Narayanpet,Telangana,2014,1.66,4.67,9.41,2.82,18.56,25.27
2122,Narayanpet,Telangana,2015,1.69,1.67,2.5,5.78,11.64,17.16
2122,Narayanpet,Telangana,2016,4.37,4.46,2.63,7.77,19.23,21.98
2122,Narayanpet,Telangana,2017,4.72,2.61,4.02,6.27,17.619999999999997,22.75
2122,Narayanpet,Telangana,2018,1.74,2.36,3.17,2.93,10.2,12.56
2122,Narayanpet,Telangana,2019,1.16,2.06,3.92,5.07,12.21,16.87
2130,Gaurela-Pendra-Marwahi?,Chhattisgarh,1990,10.69,9.57,8.51,9.42,38.19,47.22
2130,Gaurela-Pendra-Marwahi?,Chhattisgarh,1991,4.59,12.02,15.12,2.09,33.81999999999999,34.76
2130,Gaurela-Pendra-Marwahi?,Chhattisgarh,1992,3.21,8.87,11.26,7.17,30.509999999999998,33.54
2130,Gaurela-Pendra-Marwahi?,Chhattisgarh,1993,6.23,9.53,9.47,14.97,40.2,43.02
2130,Gaurela-Pendra-Marwahi?,Chhattisgarh,1994,11.67,15.03,11.47,6.84,45.010000000000005,48.13
2130,Gaurela-Pendra-Marwahi?,Chhattisgarh,1995,2.93,11.36,11.91,4.07,30.27,37.34
2130,Gaurela-Pendra-Marwahi?,Chhattisgarh,1996,4.32,10.6,11.87,2.34,29.13,35.3
2130,Gaurela-Pendra-Marwahi?,Chhattisgarh,1997,5.81,13.26,13.28,5.14,37.49,49.51
2130,Gaurela-Pendra-Marwahi?,Chhattisgarh,1998,2.81,8.04,6.91,10.12,27.879999999999995,36.5
2130,Gaurela-Pendra-Marwahi?,Chhattisgarh,1999,5.86,8.35,12.07,8.75,35.03,38.61
2130,Gaurela-Pendra-Marwahi?,Chhattisgarh,2000,6.99,7.5,2.95,5.0,22.44,25.19
2130,Gaurela-Pendra-Marwahi?,Chhattisgarh,2001,9.34,16.82,13.46,2.18,41.800000000000004,46.85
2130,Gaurela-Pendra-Marwahi?,Chhattisgarh,2002,6.67,2.69,12.28,6.74,28.380000000000003,32.91
2130,Gaurela-Pendra-Marwahi?,Chhattisgarh,2003,5.51,6.51,11.57,14.74,38.33,45.48
2130,Gaurela-Pendra-Marwahi?,Chhattisgarh,2004,10.53,7.82,11.15,4.26,33.76,40.22
2130,Gaurela-Pendra-Marwahi?,Chhattisgarh,2005,6.21,15.01,9.64,8.38,39.24,46.800000000000004
2130,Gaurela-Pendra-Marwahi?,Chhattisgarh,2006,2.33,11.16,8.72,4.41,26.62,32.77
2130,Gaurela-Pendra-Marwahi?,Chhattisgarh,2007,5.19,11.71,7.04,9.73,33.67,38.35
2130,Gaurela-Pendra-Marwahi?,Chhattisgarh,2008,10.48,11.49,7.22,6.29,35.48,38.64
2130,Gaurela-Pendra-Marwahi?,Chhattisgarh,2009,1.84,7.67,9.05,3.29,21.85,29.62
2130,Gaurela-Pendra-Marwahi?,Chhattisgarh,2010,2.5,8.33,8.27,10.25,29.35,33.39
2130,Gaurela-Pendra-Marwahi?,Chhattisgarh,2011,8.05,8.19,12.45,11.98,40.67,45.9
2130,Gaurela-Pendra-Marwahi?,Chhattisgarh,2012,2.42,12.4,13.14,5.35,33.31,39.14
2130,Gaurela-Pendra-Marwahi?,Chhattisgarh,2013,10.72,10.47,14.07,5.32,40.580000000000005,54.940000000000005
2130,Gaurela-Pendra-Marwahi?,Chhattisgarh,2014,3.52,9.13,9.79,6.92,29.36,41.41
2130,Gaurela-Pendra-Marwahi?,Chhattisgarh,2015,5.07,10.68,10.36,7.19,33.3,38.72
2130,Gaurela-Pendra-Marwahi?,Chhattisgarh,2016,2.88,11.38,15.76,7.65,37.67,44.49
2130,Gaurela-Pendra-Marwahi?,Chhattisgarh,2017,6.89,16.16,9.58,5.51,38.14,40.58
2130,Gaurela-Pendra-Marwahi?,Chhattisgarh,2018,4.66,13.2,9.88,3.9,31.64,35.23
2130,Gaurela-Pendra-Marwahi?,Chhattisgarh,2019,3.94,11.89,12.34,11.24,39.410000000000004,44.34
